lesson_id,method,stage,lesson_order,title_en,title_zhHant,introduced_keys,reviewed_keys,active_keys,character_id,character,code_point,frequency_rank,frequency_count,cangjie_code,quick_code,jyutping,definition_en,activity_keyboard_explore,activity_root_recognition,activity_guided_typing,activity_character_build,minimum_accuracy,minimum_questions,prerequisites,estimated_minutes,accessibility_notes
cj-001,cangjie,1,1,Lesson 1,第1課,M;N;V;S;J;U;L;H;K,M;N;S;J;U;L;H;K,H;J;K;L;M;N;S;U;V,u4e00,一,U+4E00,,,M,M,jat1,"one; a, an; alone",1,2,6,2,0.8,12,,10,
cj-001,cangjie,1,1,Lesson 1,第1課,M;N;V;S;J;U;L;H;K,M;N;S;J;U;L;H;K,H;J;K;L;M;N;S;U;V,u4e01,丁,U+4E01,,,MN,MN,ding1,"male adult; robust, vigorous; 4th heavenly stem",1,2,6,2,0.8,12,,10,
cj-001,cangjie,1,1,Lesson 1,第1課,M;N;V;S;J;U;L;H;K,M;N;S;J;U;L;H;K,H;J;K;L;M;N;S;U;V,u4e02,丂,U+4E02,,,MVS,MS,haau2,obstruction of breath (qi) as it seeks release; variant of other characters,1,2,6,2,0.8,12,,10,
cj-001,cangjie,1,1,Lesson 1,第1課,M;N;V;S;J;U;L;H;K,M;N;S;J;U;L;H;K,H;J;K;L;M;N;S;U;V,u4e03,七,U+4E03,,,JU,JU,cat1,seven,1,2,6,2,0.8,12,,10,
cj-001,cangjie,1,1,Lesson 1,第1課,M;N;V;S;J;U;L;H;K,M;N;S;J;U;L;H;K,H;J;K;L;M;N;S;U;V,u4e04,丄,U+4E04,,,LM,LM,soeng6,above,1,2,6,2,0.8,12,,10,
cj-001,cangjie,1,1,Lesson 1,第1課,M;N;V;S;J;U;L;H;K,M;N;S;J;U;L;H;K,H;J;K;L;M;N;S;U;V,u4e05,丅,U+4E05,,,ML,ML,haa6,"under, underneath, below; down; inferior; bring down; used to transliterate the Latin letter 'T'",1,2,6,2,0.8,12,,10,
cj-001,cangjie,1,1,Lesson 1,第1課,M;N;V;S;J;U;L;H;K,M;N;S;J;U;L;H;K,H;J;K;L;M;N;S;U;V,u4e06,丆,U+4E06,,,MH,MH,daan1,kwukyel,1,2,6,2,0.8,12,,10,
cj-001,cangjie,1,1,Lesson 1,第1課,M;N;V;S;J;U;L;H;K,M;N;S;J;U;L;H;K,H;J;K;L;M;N;S;U;V,u4e07,万,U+4E07,,,MS,MS,maan6,ten thousand; innumerable,1,2,6,2,0.8,12,,10,
cj-001,cangjie,1,1,Lesson 1,第1課,M;N;V;S;J;U;L;H;K,M;N;S;J;U;L;H;K,H;J;K;L;M;N;S;U;V,u4e08,丈,U+4E08,,,JK,JK,zoeng6,"unit of length equal 3.3 meters; gentleman, man, husband",1,2,6,2,0.8,12,,10,
cj-001,cangjie,1,1,Lesson 1,第1課,M;N;V;S;J;U;L;H;K,M;N;S;J;U;L;H;K,H;J;K;L;M;N;S;U;V,u4e09,三,U+4E09,,,MMM,MM,saam1,three,1,2,6,2,0.8,12,,10,
cj-002,cangjie,1,2,Lesson 2,第2課,Y;M;L;F;S;V;N;G;K;Q;I,Y;M;L;F;S;N;G;Q;I,F;G;I;K;L;M;N;Q;S;V;Y,u4e0a,上,U+4E0A,,,YM,YM,soeng6,"top; superior, highest; go up, send up",1,2,6,2,0.8,12,cj-001,10,
cj-002,cangjie,1,2,Lesson 2,第2課,Y;M;L;F;S;V;N;G;K;Q;I,Y;M;L;F;S;N;G;Q;I,F;G;I;K;L;M;N;Q;S;V;Y,u4e0b,下,U+4E0B,,,MY,MY,haa6,"under, underneath, below; down; inferior; bring down",1,2,6,2,0.8,12,cj-001,10,
cj-002,cangjie,1,2,Lesson 2,第2課,Y;M;L;F;S;V;N;G;K;Q;I,Y;M;L;F;S;N;G;Q;I,F;G;I;K;L;M;N;Q;S;V;Y,u4e0c,丌,U+4E0C,,,ML,ML,gei1,table,1,2,6,2,0.8,12,cj-001,10,
cj-002,cangjie,1,2,Lesson 2,第2課,Y;M;L;F;S;V;N;G;K;Q;I,Y;M;L;F;S;N;G;Q;I,F;G;I;K;L;M;N;Q;S;V;Y,u4e0d,不,U+4E0D,,,MF,MF,bat1,"no, not; un-; negative prefix",1,2,6,2,0.8,12,cj-001,10,
cj-002,cangjie,1,2,Lesson 2,第2課,Y;M;L;F;S;V;N;G;K;Q;I,Y;M;L;F;S;N;G;Q;I,F;G;I;K;L;M;N;Q;S;V;Y,u4e0e,与,U+4E0E,,,YSM,YM,jyu5,"and; with; to; for; give, grant",1,2,6,2,0.8,12,cj-001,10,
cj-002,cangjie,1,2,Lesson 2,第2課,Y;M;L;F;S;V;N;G;K;Q;I,Y;M;L;F;S;N;G;Q;I,F;G;I;K;L;M;N;Q;S;V;Y,u4e0f,丏,U+4E0F,,,MLVS,MS,min5,parapet; invisible,1,2,6,2,0.8,12,cj-001,10,
cj-002,cangjie,1,2,Lesson 2,第2課,Y;M;L;F;S;V;N;G;K;Q;I,Y;M;L;F;S;N;G;Q;I,F;G;I;K;L;M;N;Q;S;V;Y,u4e10,丐,U+4E10,,,MYVS,MS,koi3,beggar; beg; give,1,2,6,2,0.8,12,cj-001,10,
cj-002,cangjie,1,2,Lesson 2,第2課,Y;M;L;F;S;V;N;G;K;Q;I,Y;M;L;F;S;N;G;Q;I,F;G;I;K;L;M;N;Q;S;V;Y,u4e11,丑,U+4E11,,,NG,NG,cau2,"clown, comedian; second earthly branch",1,2,6,2,0.8,12,cj-001,10,
cj-002,cangjie,1,2,Lesson 2,第2課,Y;M;L;F;S;V;N;G;K;Q;I,Y;M;L;F;S;N;G;Q;I,F;G;I;K;L;M;N;Q;S;V;Y,u4e12,丒,U+4E12,,,SKM,SM,ng5,the period from 1 to 3 a.m.; 2nd character of the 'branches',1,2,6,2,0.8,12,cj-001,10,
cj-002,cangjie,1,2,Lesson 2,第2課,Y;M;L;F;S;V;N;G;K;Q;I,Y;M;L;F;S;N;G;Q;I,F;G;I;K;L;M;N;Q;S;V;Y,u4e13,专,U+4E13,,,QNI,QI,zyun1,"monopolize, take sole possession",1,2,6,2,0.8,12,cj-001,10,
cj-003,cangjie,1,3,Lesson 3,第3課,B;M;F;P;T;J;O;C;K;D;V,B;M;P;T;J;O;C;K;D;V,B;C;D;F;J;K;M;O;P;T;V,u4e14,且,U+4E14,,,BM,BM,ce2,"moreover, also (post-subject); about to, will soon (pre-verb)",1,2,6,2,0.8,12,cj-002,10,
cj-003,cangjie,1,3,Lesson 3,第3課,B;M;F;P;T;J;O;C;K;D;V,B;M;P;T;J;O;C;K;D;V,B;C;D;F;J;K;M;O;P;T;V,u4e15,丕,U+4E15,,,MFM,MM,pei1,"great, grand, glorious, distinguished",1,2,6,2,0.8,12,cj-002,10,
cj-003,cangjie,1,3,Lesson 3,第3課,B;M;F;P;T;J;O;C;K;D;V,B;M;P;T;J;O;C;K;D;V,B;C;D;F;J;K;M;O;P;T;V,u4e16,世,U+4E16,,,PT,PT,sai3,generation; world; era,1,2,6,2,0.8,12,cj-002,10,
cj-003,cangjie,1,3,Lesson 3,第3課,B;M;F;P;T;J;O;C;K;D;V,B;M;P;T;J;O;C;K;D;V,B;C;D;F;J;K;M;O;P;T;V,u4e17,丗,U+4E17,,,TJ,TJ,sai3,"thirty, thirtieth",1,2,6,2,0.8,12,cj-002,10,
cj-003,cangjie,1,3,Lesson 3,第3課,B;M;F;P;T;J;O;C;K;D;V,B;M;P;T;J;O;C;K;D;V,B;C;D;F;J;K;M;O;P;T;V,u4e18,丘,U+4E18,,,OM,OM,jau1,hill; elder; empty; a name,1,2,6,2,0.8,12,cj-002,10,
cj-003,cangjie,1,3,Lesson 3,第3課,B;M;F;P;T;J;O;C;K;D;V,B;M;P;T;J;O;C;K;D;V,B;C;D;F;J;K;M;O;P;T;V,u4e19,丙,U+4E19,,,MOB,MB,bing2,third; 3rd heavenly stem,1,2,6,2,0.8,12,cj-002,10,
cj-003,cangjie,1,3,Lesson 3,第3課,B;M;F;P;T;J;O;C;K;D;V,B;M;P;T;J;O;C;K;D;V,B;C;D;F;J;K;M;O;P;T;V,u4e1a,业,U+4E1A,,,TC,TC,jip6,"profession, business; GB radical 111",1,2,6,2,0.8,12,cj-002,10,
cj-003,cangjie,1,3,Lesson 3,第3課,B;M;F;P;T;J;O;C;K;D;V,B;M;P;T;J;O;C;K;D;V,B;C;D;F;J;K;M;O;P;T;V,u4e1b,丛,U+4E1B,,,OOM,OM,cung4,"bush, shrub; thicket; collection",1,2,6,2,0.8,12,cj-002,10,
cj-003,cangjie,1,3,Lesson 3,第3課,B;M;F;P;T;J;O;C;K;D;V,B;M;P;T;J;O;C;K;D;V,B;C;D;F;J;K;M;O;P;T;V,u4e1c,东,U+4E1C,,,KD,KD,dung1,"east, eastern, eastward",1,2,6,2,0.8,12,cj-002,10,
cj-003,cangjie,1,3,Lesson 3,第3課,B;M;F;P;T;J;O;C;K;D;V,B;M;P;T;J;O;C;K;D;V,B;C;D;F;J;K;M;O;P;T;V,u4e1d,丝,U+4E1D,,,VVM,VM,si1,silk; fine thread; wire; strings,1,2,6,2,0.8,12,cj-002,10,
cj-004,cangjie,1,4,Lesson 4,第4課,N;E;M;G;I;L;P;U;B;H;S;O;T;C;V,N;M;I;L;B;H;S;T;C;G;V,B;C;E;G;H;I;L;M;N;O;P;S;T;U;V,u4e1e,丞,U+4E1E,,,NEM,NM,sing4,"assist, aid, rescue",1,2,6,2,0.8,12,cj-003,10,
cj-004,cangjie,1,4,Lesson 4,第4課,N;E;M;G;I;L;P;U;B;H;S;O;T;C;V,N;M;I;L;B;H;S;T;C;G;V,B;C;E;G;H;I;L;M;N;O;P;S;T;U;V,u4e1f,丟,U+4E1F,,,MGI,MI,diu1,"discard, reject, lose",1,2,6,2,0.8,12,cj-003,10,
cj-004,cangjie,1,4,Lesson 4,第4課,N;E;M;G;I;L;P;U;B;H;S;O;T;C;V,N;M;I;L;B;H;S;T;C;G;V,B;C;E;G;H;I;L;M;N;O;P;S;T;U;V,u4e20,丠,U+4E20,,,LPM,LM,kei3,hill; elder; empty; a name,1,2,6,2,0.8,12,cj-003,10,
cj-004,cangjie,1,4,Lesson 4,第4課,N;E;M;G;I;L;P;U;B;H;S;O;T;C;V,N;M;I;L;B;H;S;T;C;G;V,B;C;E;G;H;I;L;M;N;O;P;S;T;U;V,u4e21,両,U+4E21,,,MUB,MB,loeng2,"two, both, pair, couple; a tael, ounce",1,2,6,2,0.8,12,cj-003,10,
cj-004,cangjie,1,4,Lesson 4,第4課,N;E;M;G;I;L;P;U;B;H;S;O;T;C;V,N;M;I;L;B;H;S;T;C;G;V,B;C;E;G;H;I;L;M;N;O;P;S;T;U;V,u4e22,丢,U+4E22,,,HGI,HI,diu1,discard,1,2,6,2,0.8,12,cj-003,10,
cj-004,cangjie,1,4,Lesson 4,第4課,N;E;M;G;I;L;P;U;B;H;S;O;T;C;V,N;M;I;L;B;H;S;T;C;G;V,B;C;E;G;H;I;L;M;N;O;P;S;T;U;V,u4e23,丣,U+4E23,,,MLLS,MS,jau5,(ancient form of 酉) tenth earthly branch,1,2,6,2,0.8,12,cj-003,10,
cj-004,cangjie,1,4,Lesson 4,第4課,N;E;M;G;I;L;P;U;B;H;S;O;T;C;V,N;M;I;L;B;H;S;T;C;G;V,B;C;E;G;H;I;L;M;N;O;P;S;T;U;V,u4e24,两,U+4E24,,,MOOB,MB,loeng5,"two, both, pair, couple; ounce",1,2,6,2,0.8,12,cj-003,10,
cj-004,cangjie,1,4,Lesson 4,第4課,N;E;M;G;I;L;P;U;B;H;S;O;T;C;V,N;M;I;L;B;H;S;T;C;G;V,B;C;E;G;H;I;L;M;N;O;P;S;T;U;V,u4e25,严,U+4E25,,,MTCH,MH,jim4,"strict, rigorous, rigid; stern",1,2,6,2,0.8,12,cj-003,10,
cj-004,cangjie,1,4,Lesson 4,第4課,N;E;M;G;I;L;P;U;B;H;S;O;T;C;V,N;M;I;L;B;H;S;T;C;G;V,B;C;E;G;H;I;L;M;N;O;P;S;T;U;V,u4e26,並,U+4E26,,,TTC,TC,bing6,"equal to; side by side; also, what is more; both",1,2,6,2,0.8,12,cj-003,10,
cj-004,cangjie,1,4,Lesson 4,第4課,N;E;M;G;I;L;P;U;B;H;S;O;T;C;V,N;M;I;L;B;H;S;T;C;G;V,B;C;E;G;H;I;L;M;N;O;P;S;T;U;V,u4e27,丧,U+4E27,,,GCV,GV,song1,mourning; mourn; funeral,1,2,6,2,0.8,12,cj-003,10,
cj-005,cangjie,1,5,Lesson 5,第5課,L;V;O;C;I;M;N;Q;J,L;V;O;C;M;N;Q;J,C;I;J;L;M;N;O;Q;V,u4e28,丨,U+4E28,,,L,L,gwan2,(same as 〡 HANGZHOU NUMERAL ONE) number one; line,1,2,6,2,0.8,12,cj-004,10,
cj-005,cangjie,1,5,Lesson 5,第5課,L;V;O;C;I;M;N;Q;J,L;V;O;C;M;N;Q;J,C;I;J;L;M;N;O;Q;V,u4e29,丩,U+4E29,,,VL,VL,gau2,to join or connect the vine,1,2,6,2,0.8,12,cj-004,10,
cj-005,cangjie,1,5,Lesson 5,第5課,L;V;O;C;I;M;N;Q;J,L;V;O;C;M;N;Q;J,C;I;J;L;M;N;O;Q;V,u4e2a,个,U+4E2A,,,OL,OL,go3,"numerary adjunct, piece; single",1,2,6,2,0.8,12,cj-004,10,
cj-005,cangjie,1,5,Lesson 5,第5課,L;V;O;C;I;M;N;Q;J,L;V;O;C;M;N;Q;J,C;I;J;L;M;N;O;Q;V,u4e2b,丫,U+4E2B,,,CL,CL,aa1,forked; bifurcation,1,2,6,2,0.8,12,cj-004,10,
cj-005,cangjie,1,5,Lesson 5,第5課,L;V;O;C;I;M;N;Q;J,L;V;O;C;M;N;Q;J,C;I;J;L;M;N;O;Q;V,u4e2c,丬,U+4E2C,,,LIM,LM,baan6,half of tree trunk; rad. no. 90,1,2,6,2,0.8,12,cj-004,10,
cj-005,cangjie,1,5,Lesson 5,第5課,L;V;O;C;I;M;N;Q;J,L;V;O;C;M;N;Q;J,C;I;J;L;M;N;O;Q;V,u4e2d,中,U+4E2D,,,L,L,zung1,"central; center, middle; in the midst of; hit (target); attain",1,2,6,2,0.8,12,cj-004,10,
cj-005,cangjie,1,5,Lesson 5,第5課,L;V;O;C;I;M;N;Q;J,L;V;O;C;M;N;Q;J,C;I;J;L;M;N;O;Q;V,u4e2e,丮,U+4E2E,,,NQ,NQ,gik1,catch,1,2,6,2,0.8,12,cj-004,10,
cj-005,cangjie,1,5,Lesson 5,第5課,L;V;O;C;I;M;N;Q;J,L;V;O;C;M;N;Q;J,C;I;J;L;M;N;O;Q;V,u4e2f,丯,U+4E2F,,,QJ,QJ,gaai3,dense,1,2,6,2,0.8,12,cj-004,10,
cj-005,cangjie,1,5,Lesson 5,第5課,L;V;O;C;I;M;N;Q;J,L;V;O;C;M;N;Q;J,C;I;J;L;M;N;O;Q;V,u4e30,丰,U+4E30,,,QJ,QJ,fung1,"abundant, lush, bountiful, plenty",1,2,6,2,0.8,12,cj-004,10,
cj-005,cangjie,1,5,Lesson 5,第5課,L;V;O;C;I;M;N;Q;J,L;V;O;C;M;N;Q;J,C;I;J;L;M;N;O;Q;V,u4e31,丱,U+4E31,,,VLLLM,VM,gwaan3,child's hairstyle bound in two tufts; ore,1,2,6,2,0.8,12,cj-004,10,
cj-006,cangjie,1,6,Lesson 6,第6課,L;W;O;A;T;C;J;I;H;K;N;B;Y;S;G,L;W;A;T;J;I;H;K;B;Y;G,A;B;C;G;H;I;J;K;L;N;O;S;T;W;Y,u4e32,串,U+4E32,,,LL,LL,cyun3,string; relatives; conspire,1,2,6,2,0.8,12,cj-005,10,
cj-006,cangjie,1,6,Lesson 6,第6課,L;W;O;A;T;C;J;I;H;K;N;B;Y;S;G,L;W;A;T;J;I;H;K;B;Y;G,A;B;C;G;H;I;J;K;L;N;O;S;T;W;Y,u4e33,丳,U+4E33,,,LLWW,LW,caan2,"spit, grill; a skewer",1,2,6,2,0.8,12,cj-005,10,
cj-006,cangjie,1,6,Lesson 6,第6課,L;W;O;A;T;C;J;I;H;K;N;B;Y;S;G,L;W;A;T;J;I;H;K;B;Y;G,A;B;C;G;H;I;J;K;L;N;O;S;T;W;Y,u4e34,临,U+4E34,,,LLOA,LA,lam4,"draw near, approach; descend",1,2,6,2,0.8,12,cj-005,10,
cj-006,cangjie,1,6,Lesson 6,第6課,L;W;O;A;T;C;J;I;H;K;N;B;Y;S;G,L;W;A;T;J;I;H;K;B;Y;G,A;B;C;G;H;I;J;K;L;N;O;S;T;W;Y,u4e35,丵,U+4E35,,,TCTJ,TJ,zok6,thick (grass),1,2,6,2,0.8,12,cj-005,10,
cj-006,cangjie,1,6,Lesson 6,第6課,L;W;O;A;T;C;J;I;H;K;N;B;Y;S;G,L;W;A;T;J;I;H;K;B;Y;G,A;B;C;G;H;I;J;K;L;N;O;S;T;W;Y,u4e36,丶,U+4E36,,,I,I,zyu2,dot; Kangxi radical 3,1,2,6,2,0.8,12,cj-005,10,
cj-006,cangjie,1,6,Lesson 6,第6課,L;W;O;A;T;C;J;I;H;K;N;B;Y;S;G,L;W;A;T;J;I;H;K;B;Y;G,A;B;C;G;H;I;J;K;L;N;O;S;T;W;Y,u4e37,丷,U+4E37,,,IH,IH,baat3,"“ears-out” component used in some Chinese characters (for example, 兑); archaic form of 八; kwukyel, an archaic hanja-based writing system used in Korea before the invention of hangul",1,2,6,2,0.8,12,cj-005,10,
cj-006,cangjie,1,6,Lesson 6,第6課,L;W;O;A;T;C;J;I;H;K;N;B;Y;S;G,L;W;A;T;J;I;H;K;B;Y;G,A;B;C;G;H;I;J;K;L;N;O;S;T;W;Y,u4e38,丸,U+4E38,,,KNI,KI,jyun4,"small round object; pellet, pill",1,2,6,2,0.8,12,cj-005,10,
cj-006,cangjie,1,6,Lesson 6,第6課,L;W;O;A;T;C;J;I;H;K;N;B;Y;S;G,L;W;A;T;J;I;H;K;B;Y;G,A;B;C;G;H;I;J;K;L;N;O;S;T;W;Y,u4e39,丹,U+4E39,,,BY,BY,daan1,cinnabar (native HgS); vermilion (artificial HgS used as pigment),1,2,6,2,0.8,12,cj-005,10,
cj-006,cangjie,1,6,Lesson 6,第6課,L;W;O;A;T;C;J;I;H;K;N;B;Y;S;G,L;W;A;T;J;I;H;K;B;Y;G,A;B;C;G;H;I;J;K;L;N;O;S;T;W;Y,u4e3a,为,U+4E3A,,,IKSI,II,wai4,"do, handle, govern, act; be",1,2,6,2,0.8,12,cj-005,10,
cj-006,cangjie,1,6,Lesson 6,第6課,L;W;O;A;T;C;J;I;H;K;N;B;Y;S;G,L;W;A;T;J;I;H;K;B;Y;G,A;B;C;G;H;I;J;K;L;N;O;S;T;W;Y,u4e3b,主,U+4E3B,,,YG,YG,zyu2,"master, chief owner; host; lord",1,2,6,2,0.8,12,cj-005,10,
cj-007,cangjie,1,7,Lesson 7,第7課,T;I;M;B;F;C;Q;H;O;K;N;S;U;V,T;I;M;B;F;Q;H;O;K;N;S;U;V,B;C;F;H;I;K;M;N;O;Q;S;T;U;V,u4e3c,丼,U+4E3C,,,TTI,TI,zeng2,bowl of food; well,1,2,6,2,0.8,12,cj-006,10,
cj-007,cangjie,1,7,Lesson 7,第7課,T;I;M;B;F;C;Q;H;O;K;N;S;U;V,T;I;M;B;F;Q;H;O;K;N;S;U;V,B;C;F;H;I;K;M;N;O;Q;S;T;U;V,u4e3d,丽,U+4E3D,,,MBIB,MB,lai6,"beautiful, magnificent, elegant",1,2,6,2,0.8,12,cj-006,10,
cj-007,cangjie,1,7,Lesson 7,第7課,T;I;M;B;F;C;Q;H;O;K;N;S;U;V,T;I;M;B;F;Q;H;O;K;N;S;U;V,B;C;F;H;I;K;M;N;O;Q;S;T;U;V,u4e3e,举,U+4E3E,,,FCQ,FQ,geoi2,"raise, lift up; recommend",1,2,6,2,0.8,12,cj-006,10,
cj-007,cangjie,1,7,Lesson 7,第7課,T;I;M;B;F;C;Q;H;O;K;N;S;U;V,T;I;M;B;F;Q;H;O;K;N;S;U;V,B;C;F;H;I;K;M;N;O;Q;S;T;U;V,u4e3f,丿,U+4E3F,,,H,H,pit3,line; Kangxi radical 4,1,2,6,2,0.8,12,cj-006,10,
cj-007,cangjie,1,7,Lesson 7,第7課,T;I;M;B;F;C;Q;H;O;K;N;S;U;V,T;I;M;B;F;Q;H;O;K;N;S;U;V,B;C;F;H;I;K;M;N;O;Q;S;T;U;V,u4e40,乀,U+4E40,,,MO,MO,fat1,stretch,1,2,6,2,0.8,12,cj-006,10,
cj-007,cangjie,1,7,Lesson 7,第7課,T;I;M;B;F;C;Q;H;O;K;N;S;U;V,T;I;M;B;F;Q;H;O;K;N;S;U;V,B;C;F;H;I;K;M;N;O;Q;S;T;U;V,u4e42,乂,U+4E42,,,K,K,ngaai6,"govern, control, manage; nurture",1,2,6,2,0.8,12,cj-006,10,
cj-007,cangjie,1,7,Lesson 7,第7課,T;I;M;B;F;C;Q;H;O;K;N;S;U;V,T;I;M;B;F;Q;H;O;K;N;S;U;V,B;C;F;H;I;K;M;N;O;Q;S;T;U;V,u4e43,乃,U+4E43,,,NHS,NS,naai5,"then; really, indeed; as it turned out, after all; namely",1,2,6,2,0.8,12,cj-006,10,
cj-007,cangjie,1,7,Lesson 7,第7課,T;I;M;B;F;C;Q;H;O;K;N;S;U;V,T;I;M;B;F;Q;H;O;K;N;S;U;V,B;C;F;H;I;K;M;N;O;Q;S;T;U;V,u4e44,乄,U+4E44,,,KU,KU,ngau1,SHIME: to find a place to dwell; sum; a measurement of paper; SHITE to do; (not to be confused with U3024 HANGZHOU NUMERAL FIVE),1,2,6,2,0.8,12,cj-006,10,
cj-007,cangjie,1,7,Lesson 7,第7課,T;I;M;B;F;C;Q;H;O;K;N;S;U;V,T;I;M;B;F;Q;H;O;K;N;S;U;V,B;C;F;H;I;K;M;N;O;Q;S;T;U;V,u4e45,久,U+4E45,,,NO,NO,gau2,"long time (ago); time passage, grow late",1,2,6,2,0.8,12,cj-006,10,
cj-007,cangjie,1,7,Lesson 7,第7課,T;I;M;B;F;C;Q;H;O;K;N;S;U;V,T;I;M;B;F;Q;H;O;K;N;S;U;V,B;C;F;H;I;K;M;N;O;Q;S;T;U;V,u4e46,乆,U+4E46,,,VO,VO,gau2,"long time (ago); time passage, grow late",1,2,6,2,0.8,12,cj-006,10,
cj-008,cangjie,1,8,Lesson 8,第8課,H;P;I;K;C;N;O;V;S;M;F;D,H;P;I;K;C;O;M;S;D,C;D;F;H;I;K;M;N;O;P;S;V,u4e47,乇,U+4E47,,,HP,HP,tok3,"to depend on, to entrust with",1,2,6,2,0.8,12,cj-007,10,
cj-008,cangjie,1,8,Lesson 8,第8課,H;P;I;K;C;N;O;V;S;M;F;D,H;P;I;K;C;O;M;S;D,C;D;F;H;I;K;M;N;O;P;S;V,u4e48,么,U+4E48,,,HI,HI,maa1,interrogative particle; small,1,2,6,2,0.8,12,cj-007,10,
cj-008,cangjie,1,8,Lesson 8,第8課,H;P;I;K;C;N;O;V;S;M;F;D,H;P;I;K;C;O;M;S;D,C;D;F;H;I;K;M;N;O;P;S;V,u4e49,义,U+4E49,,,IK,IK,ji6,"right conduct, righteousness",1,2,6,2,0.8,12,cj-007,10,
cj-008,cangjie,1,8,Lesson 8,第8課,H;P;I;K;C;N;O;V;S;M;F;D,H;P;I;K;C;O;M;S;D,C;D;F;H;I;K;M;N;O;P;S;V,u4e4a,乊,U+4E4A,,,HC,HC,fu4,kwukyel,1,2,6,2,0.8,12,cj-007,10,
cj-008,cangjie,1,8,Lesson 8,第8課,H;P;I;K;C;N;O;V;S;M;F;D,H;P;I;K;C;O;M;S;D,C;D;F;H;I;K;M;N;O;P;S;V,u4e4b,之,U+4E4B,,,INO,IO,zi1,"marks preceding phrase as modifier of following phrase; it, him her, them; go to",1,2,6,2,0.8,12,cj-007,10,
cj-008,cangjie,1,8,Lesson 8,第8課,H;P;I;K;C;N;O;V;S;M;F;D,H;P;I;K;C;O;M;S;D,C;D;F;H;I;K;M;N;O;P;S;V,u4e4c,乌,U+4E4C,,,PVSM,PM,wu1,"crow, rook, raven; black, dark",1,2,6,2,0.8,12,cj-007,10,
cj-008,cangjie,1,8,Lesson 8,第8課,H;P;I;K;C;N;O;V;S;M;F;D,H;P;I;K;C;O;M;S;D,C;D;F;H;I;K;M;N;O;P;S;V,u4e4d,乍,U+4E4D,,,OS,OS,zaa3,"first time, for the first time",1,2,6,2,0.8,12,cj-007,10,
cj-008,cangjie,1,8,Lesson 8,第8課,H;P;I;K;C;N;O;V;S;M;F;D,H;P;I;K;C;O;M;S;D,C;D;F;H;I;K;M;N;O;P;S;V,u4e4e,乎,U+4E4E,,,HFD,HD,fu4,interrogative or exclamatory final particle,1,2,6,2,0.8,12,cj-007,10,
cj-008,cangjie,1,8,Lesson 8,第8課,H;P;I;K;C;N;O;V;S;M;F;D,H;P;I;K;C;O;M;S;D,C;D;F;H;I;K;M;N;O;P;S;V,u4e4f,乏,U+4E4F,,,HINO,HO,fat6,lack; poor,1,2,6,2,0.8,12,cj-007,10,
cj-008,cangjie,1,8,Lesson 8,第8課,H;P;I;K;C;N;O;V;S;M;F;D,H;P;I;K;C;O;M;S;D,C;D;F;H;I;K;M;N;O;P;S;V,u4e50,乐,U+4E50,,,HVD,HD,lok6,"happy, glad; enjoyable; music",1,2,6,2,0.8,12,cj-007,10,
cj-009,cangjie,1,9,Lesson 9,第9課,O;H;M;I;K;L;Q;B;J;P;D;T;N;U,O;H;I;L;B;P;T;N;U,B;D;H;I;J;K;L;M;N;O;P;Q;T;U,u4e51,乑,U+4E51,,,OHHO,OO,jam4,stand side by side,1,2,6,2,0.8,12,cj-008,10,
cj-009,cangjie,1,9,Lesson 9,第9課,O;H;M;I;K;L;Q;B;J;P;D;T;N;U,O;H;I;L;B;P;T;N;U,B;D;H;I;J;K;L;M;N;O;P;Q;T;U,u4e52,乒,U+4E52,,,OMH,OH,bing1,(used with 乓) “ping” of “ping pong”,1,2,6,2,0.8,12,cj-008,10,
cj-009,cangjie,1,9,Lesson 9,第9課,O;H;M;I;K;L;Q;B;J;P;D;T;N;U,O;H;I;L;B;P;T;N;U,B;D;H;I;J;K;L;M;N;O;P;Q;T;U,u4e53,乓,U+4E53,,,OMI,OI,bam1,(used with 乒) “pong” of “ping pong”,1,2,6,2,0.8,12,cj-008,10,
cj-009,cangjie,1,9,Lesson 9,第9課,O;H;M;I;K;L;Q;B;J;P;D;T;N;U,O;H;I;L;B;P;T;N;U,B;D;H;I;J;K;L;M;N;O;P;Q;T;U,u4e54,乔,U+4E54,,,HKLL,HL,kiu4,"tall, lofty; proud, stately",1,2,6,2,0.8,12,cj-008,10,
cj-009,cangjie,1,9,Lesson 9,第9課,O;H;M;I;K;L;Q;B;J;P;D;T;N;U,O;H;I;L;B;P;T;N;U,B;D;H;I;J;K;L;M;N;O;P;Q;T;U,u4e55,乕,U+4E55,,,HQB,HB,fu2,"tiger; brave, fierce; surname",1,2,6,2,0.8,12,cj-008,10,
cj-009,cangjie,1,9,Lesson 9,第9課,O;H;M;I;K;L;Q;B;J;P;D;T;N;U,O;H;I;L;B;P;T;N;U,B;D;H;I;J;K;L;M;N;O;P;Q;T;U,u4e56,乖,U+4E56,,,HJLP,HP,gwaai1,"rebel; crafty, shrewd",1,2,6,2,0.8,12,cj-008,10,
cj-009,cangjie,1,9,Lesson 9,第9課,O;H;M;I;K;L;Q;B;J;P;D;T;N;U,O;H;I;L;B;P;T;N;U,B;D;H;I;J;K;L;M;N;O;P;Q;T;U,u4e57,乗,U+4E57,,,HDT,HT,sing4,"ride, ascend; avail oneself of; numerary adjunct for vehicles",1,2,6,2,0.8,12,cj-008,10,
cj-009,cangjie,1,9,Lesson 9,第9課,O;H;M;I;K;L;Q;B;J;P;D;T;N;U,O;H;I;L;B;P;T;N;U,B;D;H;I;J;K;L;M;N;O;P;Q;T;U,u4e58,乘,U+4E58,,,HDLP,HP,sing4,"ride, ascend; avail oneself of; numerary adjunct for vehicles",1,2,6,2,0.8,12,cj-008,10,
cj-009,cangjie,1,9,Lesson 9,第9課,O;H;M;I;K;L;Q;B;J;P;D;T;N;U,O;H;I;L;B;P;T;N;U,B;D;H;I;J;K;L;M;N;O;P;Q;T;U,u4e59,乙,U+4E59,,,NU,NU,jyut3,second; 2nd heavenly stem,1,2,6,2,0.8,12,cj-008,10,
cj-009,cangjie,1,9,Lesson 9,第9課,O;H;M;I;K;L;Q;B;J;P;D;T;N;U,O;H;I;L;B;P;T;N;U,B;D;H;I;J;K;L;M;N;O;P;Q;T;U,u4e5a,乚,U+4E5A,,,LU,LU,jyut3,"hidden, mysterious, secret; to conceal; small; minute",1,2,6,2,0.8,12,cj-008,10,
cj-010,cangjie,1,10,Lesson 10,第10課,M;H;P;N;K;O;D;S;I;V;U;Y;C,M;H;P;N;K;O;D;S;V;U,C;D;H;I;K;M;N;O;P;S;U;V;Y,u4e5b,乛,U+4E5B,,,MH,MH,waang4,kwukyel,1,2,6,2,0.8,12,cj-009,10,
cj-010,cangjie,1,10,Lesson 10,第10課,M;H;P;N;K;O;D;S;I;V;U;Y;C,M;H;P;N;K;O;D;S;V;U,C;D;H;I;K;M;N;O;P;S;U;V;Y,u4e5c,乜,U+4E5C,,,PN,PN,mat1,to squint; (Cant.) what? huh?,1,2,6,2,0.8,12,cj-009,10,
cj-010,cangjie,1,10,Lesson 10,第10課,M;H;P;N;K;O;D;S;I;V;U;Y;C,M;H;P;N;K;O;D;S;V;U,C;D;H;I;K;M;N;O;P;S;U;V;Y,u4e5d,九,U+4E5D,,,KN,KN,gau2,nine,1,2,6,2,0.8,12,cj-009,10,
cj-010,cangjie,1,10,Lesson 10,第10課,M;H;P;N;K;O;D;S;I;V;U;Y;C,M;H;P;N;K;O;D;S;V;U,C;D;H;I;K;M;N;O;P;S;U;V;Y,u4e5e,乞,U+4E5E,,,ON,ON,hat1,beg; request,1,2,6,2,0.8,12,cj-009,10,
cj-010,cangjie,1,10,Lesson 10,第10課,M;H;P;N;K;O;D;S;I;V;U;Y;C,M;H;P;N;K;O;D;S;V;U,C;D;H;I;K;M;N;O;P;S;U;V;Y,u4e5f,也,U+4E5F,,,PD,PD,jaa5,also; classical final particle of strong affirmation or identity,1,2,6,2,0.8,12,cj-009,10,
cj-010,cangjie,1,10,Lesson 10,第10課,M;H;P;N;K;O;D;S;I;V;U;Y;C,M;H;P;N;K;O;D;S;V;U,C;D;H;I;K;M;N;O;P;S;U;V;Y,u4e60,习,U+4E60,,,SIM,SM,zaap6,practice; flapping wings,1,2,6,2,0.8,12,cj-009,10,
cj-010,cangjie,1,10,Lesson 10,第10課,M;H;P;N;K;O;D;S;I;V;U;Y;C,M;H;P;N;K;O;D;S;V;U,C;D;H;I;K;M;N;O;P;S;U;V;Y,u4e61,乡,U+4E61,,,VVH,VH,hoeng1,country; rural; village,1,2,6,2,0.8,12,cj-009,10,
cj-010,cangjie,1,10,Lesson 10,第10課,M;H;P;N;K;O;D;S;I;V;U;Y;C,M;H;P;N;K;O;D;S;V;U,C;D;H;I;K;M;N;O;P;S;U;V;Y,u4e62,乢,U+4E62,,,UU,UU,goi3,"lid, to cover; to hide; a cover; an umbrella",1,2,6,2,0.8,12,cj-009,10,
cj-010,cangjie,1,10,Lesson 10,第10課,M;H;P;N;K;O;D;S;I;V;U;Y;C,M;H;P;N;K;O;D;S;V;U,C;D;H;I;K;M;N;O;P;S;U;V;Y,u4e64,乤,U+4E64,,,MYN,MN,haa6,first character of Korean place name 'Halpho',1,2,6,2,0.8,12,cj-009,10,
cj-010,cangjie,1,10,Lesson 10,第10課,M;H;P;N;K;O;D;S;I;V;U;Y;C,M;H;P;N;K;O;D;S;V;U,C;D;H;I;K;M;N;O;P;S;U;V;Y,u4e65,乥,U+4E65,,,HCN,HN,fu4,kwukyel,1,2,6,2,0.8,12,cj-009,10,
cj-011,cangjie,1,11,Lesson 11,第11課,I;D;S;R;U;Y;N;W;K;M;H;B,I;S;U;Y;N;W;K;M;H;B,B;D;H;I;K;M;N;R;S;U;W;Y,u4e66,书,U+4E66,,,IDS,IS,syu1,"book, letter, document; writings",1,2,6,2,0.8,12,cj-010,10,
cj-011,cangjie,1,11,Lesson 11,第11課,I;D;S;R;U;Y;N;W;K;M;H;B,I;S;U;Y;N;W;K;M;H;B,B;D;H;I;K;M;N;R;S;U;W;Y,u4e68,乨,U+4E68,,,IRU,IU,ci2,"the beginning; to start, to begin, to be the first",1,2,6,2,0.8,12,cj-010,10,
cj-011,cangjie,1,11,Lesson 11,第11課,I;D;S;R;U;Y;N;W;K;M;H;B,I;S;U;Y;N;W;K;M;H;B,B;D;H;I;K;M;N;R;S;U;W;Y,u4e69,乩,U+4E69,,,YRU,YU,gei1,to divine,1,2,6,2,0.8,12,cj-010,10,
cj-011,cangjie,1,11,Lesson 11,第11課,I;D;S;R;U;Y;N;W;K;M;H;B,I;S;U;Y;N;W;K;M;H;B,B;D;H;I;K;M;N;R;S;U;W;Y,u4e6a,乪,U+4E6A,,,NW,NW,kek6,(Cant.) a bend in a river,1,2,6,2,0.8,12,cj-010,10,
cj-011,cangjie,1,11,Lesson 11,第11課,I;D;S;R;U;Y;N;W;K;M;H;B,I;S;U;Y;N;W;K;M;H;B,B;D;H;I;K;M;N;R;S;U;W;Y,u4e6b,乫,U+4E6B,,,KRN,KN,gaa1,used in Korean place names,1,2,6,2,0.8,12,cj-010,10,
cj-011,cangjie,1,11,Lesson 11,第11課,I;D;S;R;U;Y;N;W;K;M;H;B,I;S;U;Y;N;W;K;M;H;B,B;D;H;I;K;M;N;R;S;U;W;Y,u4e6c,乬,U+4E6C,,,SSN,SN,geoi6,to hang,1,2,6,2,0.8,12,cj-010,10,
cj-011,cangjie,1,11,Lesson 11,第11課,I;D;S;R;U;Y;N;W;K;M;H;B,I;S;U;Y;N;W;K;M;H;B,B;D;H;I;K;M;N;R;S;U;W;Y,u4e6d,乭,U+4E6D,,,MRN,MN,sek6,rock; used in Korean names,1,2,6,2,0.8,12,cj-010,10,
cj-011,cangjie,1,11,Lesson 11,第11課,I;D;S;R;U;Y;N;W;K;M;H;B,I;S;U;Y;N;W;K;M;H;B,B;D;H;I;K;M;N;R;S;U;W;Y,u4e70,买,U+4E70,,,NYK,NK,maai5,"buy, purchase; bribe, persuade",1,2,6,2,0.8,12,cj-010,10,
cj-011,cangjie,1,11,Lesson 11,第11課,I;D;S;R;U;Y;N;W;K;M;H;B,I;S;U;Y;N;W;K;M;H;B,B;D;H;I;K;M;N;R;S;U;W;Y,u4e71,乱,U+4E71,,,HRU,HU,lyun6,"confusion, state of chaos, revolt",1,2,6,2,0.8,12,cj-010,10,
cj-011,cangjie,1,11,Lesson 11,第11課,I;D;S;R;U;Y;N;W;K;M;H;B,I;S;U;Y;N;W;K;M;H;B,B;D;H;I;K;M;N;R;S;U;W;Y,u4e73,乳,U+4E73,,,BDU,BU,jyu5,"breast, nipples; milk, suckle",1,2,6,2,0.8,12,cj-010,10,
cj-012,cangjie,1,12,Lesson 12,第12課,Y;J;U;I;B;N;P;D;W;H;L;E;G;O;F,Y;U;I;N;P;J;H;E;B,B;D;E;F;G;H;I;J;L;N;O;P;U;W;Y,u4e75,乵,U+4E75,,,YJU,YU,jim5,to enter; to make progress to advance; to urge forward,1,2,6,2,0.8,12,cj-011,10,
cj-012,cangjie,1,12,Lesson 12,第12課,Y;J;U;I;B;N;P;D;W;H;L;E;G;O;F,Y;U;I;N;P;J;H;E;B,B;D;E;F;G;H;I;J;L;N;O;P;U;W;Y,u4e76,乶,U+4E76,,,IBN,IN,fu2,Korean place name Pholha,1,2,6,2,0.8,12,cj-011,10,
cj-012,cangjie,1,12,Lesson 12,第12課,Y;J;U;I;B;N;P;D;W;H;L;E;G;O;F,Y;U;I;N;P;J;H;E;B,B;D;E;F;G;H;I;J;L;N;O;P;U;W;Y,u4e78,乸,U+4E78,,,PDWYI,PI,naa2,(Cant.) feminine suffix,1,2,6,2,0.8,12,cj-011,10,
cj-012,cangjie,1,12,Lesson 12,第12課,Y;J;U;I;B;N;P;D;W;H;L;E;G;O;F,Y;U;I;N;P;J;H;E;B,B;D;E;F;G;H;I;J;L;N;O;P;U;W;Y,u4e79,乹,U+4E79,,,JJU,JU,kin4,(Cant.) to clean; dried up,1,2,6,2,0.8,12,cj-011,10,
cj-012,cangjie,1,12,Lesson 12,第12課,Y;J;U;I;B;N;P;D;W;H;L;E;G;O;F,Y;U;I;N;P;J;H;E;B,B;D;E;F;G;H;I;J;L;N;O;P;U;W;Y,u4e7a,乺,U+4E7A,,,HLN,HN,so2,painting tool place name,1,2,6,2,0.8,12,cj-011,10,
cj-012,cangjie,1,12,Lesson 12,第12課,Y;J;U;I;B;N;P;D;W;H;L;E;G;O;F,Y;U;I;N;P;J;H;E;B,B;D;E;F;G;H;I;J;L;N;O;P;U;W;Y,u4e7c,乼,U+4E7C,,,EGN,EN,zyu3,rope,1,2,6,2,0.8,12,cj-011,10,
cj-012,cangjie,1,12,Lesson 12,第12課,Y;J;U;I;B;N;P;D;W;H;L;E;G;O;F,Y;U;I;N;P;J;H;E;B,B;D;E;F;G;H;I;J;L;N;O;P;U;W;Y,u4e7e,乾,U+4E7E,,,JJON,JN,kin4,"dry; warming principle of the sun, penetrating and fertilizing, heavenly generative principle (male); trigram ☰; hexagram ䷀",1,2,6,2,0.8,12,cj-011,10,
cj-012,cangjie,1,12,Lesson 12,第12課,Y;J;U;I;B;N;P;D;W;H;L;E;G;O;F,Y;U;I;N;P;J;H;E;B,B;D;E;F;G;H;I;J;L;N;O;P;U;W;Y,u4e7f,乿,U+4E7F,,,BFU,BU,zi6,"to cure, to heal",1,2,6,2,0.8,12,cj-011,10,
cj-012,cangjie,1,12,Lesson 12,第12課,Y;J;U;I;B;N;P;D;W;H;L;E;G;O;F,Y;U;I;N;P;J;H;E;B,B;D;E;F;G;H;I;J;L;N;O;P;U;W;Y,u4e80,亀,U+4E80,,,NWLU,NU,gwai1,turtle or tortoise; cuckold,1,2,6,2,0.8,12,cj-011,10,
cj-012,cangjie,1,12,Lesson 12,第12課,Y;J;U;I;B;N;P;D;W;H;L;E;G;O;F,Y;U;I;N;P;J;H;E;B,B;D;E;F;G;H;I;J;L;N;O;P;U;W;Y,u4e81,亁,U+4E81,,,JJON,JN,gon1,"dry; dried, as opposed to fresh",1,2,6,2,0.8,12,cj-011,10,
cj-013,cangjie,1,13,Lesson 13,第13課,B;U;F;Q;L;I;N;S;D;J;M,B;U;F;L;I;N;D;J;M,B;D;F;I;J;L;M;N;Q;S;U,u4e82,亂,U+4E82,,,BBU,BU,lyun6,"confusion, state of chaos; create chaos, revolt",1,2,6,2,0.8,12,cj-012,10,
cj-013,cangjie,1,13,Lesson 13,第13課,B;U;F;Q;L;I;N;S;D;J;M,B;U;F;L;I;N;D;J;M,B;D;F;I;J;L;M;N;Q;S;U,u4e83,亃,U+4E83,,,FQU,FU,leon5,name of a kind of animal,1,2,6,2,0.8,12,cj-012,10,
cj-013,cangjie,1,13,Lesson 13,第13課,B;U;F;Q;L;I;N;S;D;J;M,B;U;F;L;I;N;D;J;M,B;D;F;I;J;L;M;N;Q;S;U,u4e85,亅,U+4E85,,,LI,LI,kyut3,hook; Kangxi radical 6,1,2,6,2,0.8,12,cj-012,10,
cj-013,cangjie,1,13,Lesson 13,第13課,B;U;F;Q;L;I;N;S;D;J;M,B;U;F;L;I;N;D;J;M,B;D;F;I;J;L;M;N;Q;S;U,u4e86,了,U+4E86,,,NN,NN,liu5,to finish; particle of completed action,1,2,6,2,0.8,12,cj-012,10,
cj-013,cangjie,1,13,Lesson 13,第13課,B;U;F;Q;L;I;N;S;D;J;M,B;U;F;L;I;N;D;J;M,B;D;F;I;J;L;M;N;Q;S;U,u4e87,亇,U+4E87,,,NN,NN,ding1,kwukyel (old Korean hanja-based script) for “hammer”,1,2,6,2,0.8,12,cj-012,10,
cj-013,cangjie,1,13,Lesson 13,第13課,B;U;F;Q;L;I;N;S;D;J;M,B;U;F;L;I;N;D;J;M,B;D;F;I;J;L;M;N;Q;S;U,u4e88,予,U+4E88,,,NINN,NN,jyu4,"I, me; to give",1,2,6,2,0.8,12,cj-012,10,
cj-013,cangjie,1,13,Lesson 13,第13課,B;U;F;Q;L;I;N;S;D;J;M,B;U;F;L;I;N;D;J;M,B;D;F;I;J;L;M;N;Q;S;U,u4e89,争,U+4E89,,,NSD,ND,zaang1,"dispute, fight, contend, strive",1,2,6,2,0.8,12,cj-012,10,
cj-013,cangjie,1,13,Lesson 13,第13課,B;U;F;Q;L;I;N;S;D;J;M,B;U;F;L;I;N;D;J;M,B;D;F;I;J;L;M;N;Q;S;U,u4e8a,亊,U+4E8A,,,JFLN,JN,si6,"affair, matter, business; to serve; accident, incident",1,2,6,2,0.8,12,cj-012,10,
cj-013,cangjie,1,13,Lesson 13,第13課,B;U;F;Q;L;I;N;S;D;J;M,B;U;F;L;I;N;D;J;M,B;D;F;I;J;L;M;N;Q;S;U,u4e8b,事,U+4E8B,,,JLLN,JN,si6,"affair, matter, business; to serve; accident, incident",1,2,6,2,0.8,12,cj-012,10,
cj-013,cangjie,1,13,Lesson 13,第13課,B;U;F;Q;L;I;N;S;D;J;M,B;U;F;L;I;N;D;J;M,B;D;F;I;J;L;M;N;Q;S;U,u4e8c,二,U+4E8C,,,MM,MM,ji6,two; twice,1,2,6,2,0.8,12,cj-012,10,
cj-014,cangjie,1,14,Lesson 14,第14課,M;N;D;V;S;I;L;T;U,M;N;D;S;I;L;T;U,D;I;L;M;N;S;T;U;V,u4e8d,亍,U+4E8D,,,MMN,MN,cuk1,to take small steps; Korean place name,1,2,6,2,0.8,12,cj-013,10,
cj-014,cangjie,1,14,Lesson 14,第14課,M;N;D;V;S;I;L;T;U,M;N;D;S;I;L;T;U,D;I;L;M;N;S;T;U;V,u4e8e,于,U+4E8E,,,MD,MD,jyu1,"in, on, at; go to; surname",1,2,6,2,0.8,12,cj-013,10,
cj-014,cangjie,1,14,Lesson 14,第14課,M;N;D;V;S;I;L;T;U,M;N;D;S;I;L;T;U,D;I;L;M;N;S;T;U;V,u4e8f,亏,U+4E8F,,,MMVS,MS,kwai1,"lose, fail; damage; deficient",1,2,6,2,0.8,12,cj-013,10,
cj-014,cangjie,1,14,Lesson 14,第14課,M;N;D;V;S;I;L;T;U,M;N;D;S;I;L;T;U,D;I;L;M;N;S;T;U;V,u4e91,云,U+4E91,,,MMI,MI,wan4,"say, speak; clouds",1,2,6,2,0.8,12,cj-013,10,
cj-014,cangjie,1,14,Lesson 14,第14課,M;N;D;V;S;I;L;T;U,M;N;D;S;I;L;T;U,D;I;L;M;N;S;T;U;V,u4e92,互,U+4E92,,,MVNM,MM,wu6,"mutually, reciprocally",1,2,6,2,0.8,12,cj-013,10,
cj-014,cangjie,1,14,Lesson 14,第14課,M;N;D;V;S;I;L;T;U,M;N;D;S;I;L;T;U,D;I;L;M;N;S;T;U;V,u4e93,亓,U+4E93,,,MML,ML,kei4,"(archaic form) his, her, its, their; that",1,2,6,2,0.8,12,cj-013,10,
cj-014,cangjie,1,14,Lesson 14,第14課,M;N;D;V;S;I;L;T;U,M;N;D;S;I;L;T;U,D;I;L;M;N;S;T;U;V,u4e94,五,U+4E94,,,MDM,MM,ng5,five; surname,1,2,6,2,0.8,12,cj-013,10,
cj-014,cangjie,1,14,Lesson 14,第14課,M;N;D;V;S;I;L;T;U,M;N;D;S;I;L;T;U,D;I;L;M;N;S;T;U;V,u4e95,井,U+4E95,,,TT,TT,zeng2,"well, mine shaft, pit; surname; 22nd lunar mansion, determinative star μ Geminorum (Tejat); hexagram ䷯",1,2,6,2,0.8,12,cj-013,10,
cj-014,cangjie,1,14,Lesson 14,第14課,M;N;D;V;S;I;L;T;U,M;N;D;S;I;L;T;U,D;I;L;M;N;S;T;U;V,u4e96,亖,U+4E96,,,MMMM,MM,sei3,four,1,2,6,2,0.8,12,cj-013,10,
cj-014,cangjie,1,14,Lesson 14,第14課,M;N;D;V;S;I;L;T;U,M;N;D;S;I;L;T;U,D;I;L;M;N;S;T;U;V,u4e97,亗,U+4E97,,,UMM,UM,seoi3,harvest; year; age,1,2,6,2,0.8,12,cj-013,10,
cj-015,cangjie,1,15,Lesson 15,第15課,M;A;B;T;C;Y;P;L;I;E;V,M;C;Y;I;V,A;B;C;E;I;L;M;P;T;V;Y,u4e98,亘,U+4E98,,,MAM,MM,gang2,"extend across, through; from",1,2,6,2,0.8,12,cj-014,10,
cj-015,cangjie,1,15,Lesson 15,第15課,M;A;B;T;C;Y;P;L;I;E;V,M;C;Y;I;V,A;B;C;E;I;L;M;P;T;V;Y,u4e99,亙,U+4E99,,,MBM,MM,gang2,"extend across, through; from",1,2,6,2,0.8,12,cj-014,10,
cj-015,cangjie,1,15,Lesson 15,第15課,M;A;B;T;C;Y;P;L;I;E;V,M;C;Y;I;V,A;B;C;E;I;L;M;P;T;V;Y,u4e9a,亚,U+4E9A,,,MTC,MC,aa3,Asia; second,1,2,6,2,0.8,12,cj-014,10,
cj-015,cangjie,1,15,Lesson 15,第15課,M;A;B;T;C;Y;P;L;I;E;V,M;C;Y;I;V,A;B;C;E;I;L;M;P;T;V;Y,u4e9b,些,U+4E9B,,,YPMM,YM,se1,"little, few; rather, somewhat",1,2,6,2,0.8,12,cj-014,10,
cj-015,cangjie,1,15,Lesson 15,第15課,M;A;B;T;C;Y;P;L;I;E;V,M;C;Y;I;V,A;B;C;E;I;L;M;P;T;V;Y,u4e9c,亜,U+4E9C,,,MLLM,MM,aa3,Asia; second,1,2,6,2,0.8,12,cj-014,10,
cj-015,cangjie,1,15,Lesson 15,第15課,M;A;B;T;C;Y;P;L;I;E;V,M;C;Y;I;V,A;B;C;E;I;L;M;P;T;V;Y,u4e9d,亝,U+4E9D,,,IIIM,IM,cai4,"even, regular, uniform all alike; to arrange",1,2,6,2,0.8,12,cj-014,10,
cj-015,cangjie,1,15,Lesson 15,第15課,M;A;B;T;C;Y;P;L;I;E;V,M;C;Y;I;V,A;B;C;E;I;L;M;P;T;V;Y,u4e9e,亞,U+4E9E,,,MLLM,MM,aa3,Asia; second; used as a prefix to names,1,2,6,2,0.8,12,cj-014,10,
cj-015,cangjie,1,15,Lesson 15,第15課,M;A;B;T;C;Y;P;L;I;E;V,M;C;Y;I;V,A;B;C;E;I;L;M;P;T;V;Y,u4e9f,亟,U+4E9F,,,MEM,MM,gik1,"urgently, immediately, extremely",1,2,6,2,0.8,12,cj-014,10,
cj-015,cangjie,1,15,Lesson 15,第15課,M;A;B;T;C;Y;P;L;I;E;V,M;C;Y;I;V,A;B;C;E;I;L;M;P;T;V;Y,u4ea0,亠,U+4EA0,,,IM,IM,tau4,head; Kangxi radical 8,1,2,6,2,0.8,12,cj-014,10,
cj-015,cangjie,1,15,Lesson 15,第15課,M;A;B;T;C;Y;P;L;I;E;V,M;C;Y;I;V,A;B;C;E;I;L;M;P;T;V;Y,u4ea1,亡,U+4EA1,,,YV,YV,mong4,"death, destroyed; lose, perish",1,2,6,2,0.8,12,cj-014,10,
cj-016,cangjie,1,16,Lesson 16,第16課,Y;H;N;C;K;V;O;L;T;R;W;M;D;F,Y;N;K;O;C;H;W;D;F,C;D;F;H;K;L;M;N;O;R;T;V;W;Y,u4ea2,亢,U+4EA2,,,YHN,YN,kong3,"high, proud; violent, excessive; skilled; name; 2nd lunar mansion, determinative star κ Virginis (Kang)",1,2,6,2,0.8,12,cj-015,10,
cj-016,cangjie,1,16,Lesson 16,第16課,Y;H;N;C;K;V;O;L;T;R;W;M;D;F,Y;N;K;O;C;H;W;D;F,C;D;F;H;K;L;M;N;O;R;T;V;W;Y,u4ea4,交,U+4EA4,,,YCK,YK,gaau1,"mix; intersect; exchange, communicate; deliver",1,2,6,2,0.8,12,cj-015,10,
cj-016,cangjie,1,16,Lesson 16,第16課,Y;H;N;C;K;V;O;L;T;R;W;M;D;F,Y;N;K;O;C;H;W;D;F,C;D;F;H;K;L;M;N;O;R;T;V;W;Y,u4ea5,亥,U+4EA5,,,YVHO,YO,hoi6,twelfth earthly branch,1,2,6,2,0.8,12,cj-015,10,
cj-016,cangjie,1,16,Lesson 16,第16課,Y;H;N;C;K;V;O;L;T;R;W;M;D;F,Y;N;K;O;C;H;W;D;F,C;D;F;H;K;L;M;N;O;R;T;V;W;Y,u4ea6,亦,U+4EA6,,,YLNC,YC,jik6,"also, too; likewise",1,2,6,2,0.8,12,cj-015,10,
cj-016,cangjie,1,16,Lesson 16,第16課,Y;H;N;C;K;V;O;L;T;R;W;M;D;F,Y;N;K;O;C;H;W;D;F,C;D;F;H;K;L;M;N;O;R;T;V;W;Y,u4ea7,产,U+4EA7,,,YTH,YH,caan2,"give birth, bring forth, produce",1,2,6,2,0.8,12,cj-015,10,
cj-016,cangjie,1,16,Lesson 16,第16課,Y;H;N;C;K;V;O;L;T;R;W;M;D;F,Y;N;K;O;C;H;W;D;F,C;D;F;H;K;L;M;N;O;R;T;V;W;Y,u4ea8,亨,U+4EA8,,,YRNN,YN,hang1,"smoothly, progressing, no trouble",1,2,6,2,0.8,12,cj-015,10,
cj-016,cangjie,1,16,Lesson 16,第16課,Y;H;N;C;K;V;O;L;T;R;W;M;D;F,Y;N;K;O;C;H;W;D;F,C;D;F;H;K;L;M;N;O;R;T;V;W;Y,u4ea9,亩,U+4EA9,,,YW,YW,mau5,Chinese land measure; fields,1,2,6,2,0.8,12,cj-015,10,
cj-016,cangjie,1,16,Lesson 16,第16課,Y;H;N;C;K;V;O;L;T;R;W;M;D;F,Y;N;K;O;C;H;W;D;F,C;D;F;H;K;L;M;N;O;R;T;V;W;Y,u4eaa,亪,U+4EAA,,,YCMO,YO,bin3,kwukyel,1,2,6,2,0.8,12,cj-015,10,
cj-016,cangjie,1,16,Lesson 16,第16課,Y;H;N;C;K;V;O;L;T;R;W;M;D;F,Y;N;K;O;C;H;W;D;F,C;D;F;H;K;L;M;N;O;R;T;V;W;Y,u4eab,享,U+4EAB,,,YRND,YD,hoeng2,enjoy,1,2,6,2,0.8,12,cj-015,10,
cj-016,cangjie,1,16,Lesson 16,第16課,Y;H;N;C;K;V;O;L;T;R;W;M;D;F,Y;N;K;O;C;H;W;D;F,C;D;F;H;K;L;M;N;O;R;T;V;W;Y,u4eac,京,U+4EAC,,,YRF,YF,ging1,capital city,1,2,6,2,0.8,12,cj-015,10,
cj-017,cangjie,1,17,Lesson 17,第17課,Y;R;B;N;A;F;O;M;T;D;P;Q;I;V;W;H;X;C,Y;N;A;F;M;D;P;V;C,A;B;C;D;F;H;I;M;N;O;P;Q;R;T;V;W;X;Y,u4ead,亭,U+4EAD,,,YRBN,YN,ting4,pavilion; erect,1,2,6,2,0.8,12,cj-016,10,
cj-017,cangjie,1,17,Lesson 17,第17課,Y;R;B;N;A;F;O;M;T;D;P;Q;I;V;W;H;X;C,Y;N;A;F;M;D;P;V;C,A;B;C;D;F;H;I;M;N;O;P;Q;R;T;V;W;X;Y,u4eae,亮,U+4EAE,,,YRBN,YN,loeng6,"bright, brilliant, radiant, light",1,2,6,2,0.8,12,cj-016,10,
cj-017,cangjie,1,17,Lesson 17,第17課,Y;R;B;N;A;F;O;M;T;D;P;Q;I;V;W;H;X;C,Y;N;A;F;M;D;P;V;C,A;B;C;D;F;H;I;M;N;O;P;Q;R;T;V;W;X;Y,u4eaf,亯,U+4EAF,,,YRA,YA,hoeng2,to receive; to enjoy,1,2,6,2,0.8,12,cj-016,10,
cj-017,cangjie,1,17,Lesson 17,第17課,Y;R;B;N;A;F;O;M;T;D;P;Q;I;V;W;H;X;C,Y;N;A;F;M;D;P;V;C,A;B;C;D;F;H;I;M;N;O;P;Q;R;T;V;W;X;Y,u4eb0,亰,U+4EB0,,,YAF,YF,ging1,capital city,1,2,6,2,0.8,12,cj-016,10,
cj-017,cangjie,1,17,Lesson 17,第17課,Y;R;B;N;A;F;O;M;T;D;P;Q;I;V;W;H;X;C,Y;N;A;F;M;D;P;V;C,A;B;C;D;F;H;I;M;N;O;P;Q;R;T;V;W;X;Y,u4eb1,亱,U+4EB1,,,YOAM,YM,je6,"night, dark; in night; by night",1,2,6,2,0.8,12,cj-016,10,
cj-017,cangjie,1,17,Lesson 17,第17課,Y;R;B;N;A;F;O;M;T;D;P;Q;I;V;W;H;X;C,Y;N;A;F;M;D;P;V;C,A;B;C;D;F;H;I;M;N;O;P;Q;R;T;V;W;X;Y,u4eb2,亲,U+4EB2,,,YTD,YD,can1,"relatives, parents; intimate the hazel nut or filbert tree a thorny tree",1,2,6,2,0.8,12,cj-016,10,
cj-017,cangjie,1,17,Lesson 17,第17課,Y;R;B;N;A;F;O;M;T;D;P;Q;I;V;W;H;X;C,Y;N;A;F;M;D;P;V;C,A;B;C;D;F;H;I;M;N;O;P;Q;R;T;V;W;X;Y,u4eb3,亳,U+4EB3,,,YRBP,YP,bok3,name of district in Anhui; capital of Yin,1,2,6,2,0.8,12,cj-016,10,
cj-017,cangjie,1,17,Lesson 17,第17課,Y;R;B;N;A;F;O;M;T;D;P;Q;I;V;W;H;X;C,Y;N;A;F;M;D;P;V;C,A;B;C;D;F;H;I;M;N;O;P;Q;R;T;V;W;X;Y,u4eb5,亵,U+4EB5,,,YQIV,YV,sit3,"slight, insult, treat with disrespect",1,2,6,2,0.8,12,cj-016,10,
cj-017,cangjie,1,17,Lesson 17,第17課,Y;R;B;N;A;F;O;M;T;D;P;Q;I;V;W;H;X;C,Y;N;A;F;M;D;P;V;C,A;B;C;D;F;H;I;M;N;O;P;Q;R;T;V;W;X;Y,u4eb6,亶,U+4EB6,,,YWRM,YM,taan2,"sincere; real, true; truth",1,2,6,2,0.8,12,cj-016,10,
cj-017,cangjie,1,17,Lesson 17,第17課,Y;R;B;N;A;F;O;M;T;D;P;Q;I;V;W;H;X;C,Y;N;A;F;M;D;P;V;C,A;B;C;D;F;H;I;M;N;O;P;Q;R;T;V;W;X;Y,u4eb7,亷,U+4EB7,,,YHXC,YC,lim4,"upright, honorable, honest",1,2,6,2,0.8,12,cj-016,10,
cj-018,cangjie,1,18,Lesson 18,第18課,Y;D;C;W;J;H;B;M;O;L;I;V;N,Y;J;M;O;H;L;I;V;N,B;C;D;H;I;J;L;M;N;O;V;W;Y,u4eb8,亸,U+4EB8,,,YDCWJ,YJ,do2,"read aloud, recite, chant; droop",1,2,6,2,0.8,12,cj-017,10,
cj-018,cangjie,1,18,Lesson 18,第18課,Y;D;C;W;J;H;B;M;O;L;I;V;N,Y;J;M;O;H;L;I;V;N,B;C;D;H;I;J;L;M;N;O;V;W;Y,u4eb9,亹,U+4EB9,,,YHBM,YM,mei5,"progress; busy, untiring; exert",1,2,6,2,0.8,12,cj-017,10,
cj-018,cangjie,1,18,Lesson 18,第18課,Y;D;C;W;J;H;B;M;O;L;I;V;N,Y;J;M;O;H;L;I;V;N,B;C;D;H;I;J;L;M;N;O;V;W;Y,u4eba,人,U+4EBA,,,O,O,jan4,man; people; mankind; someone else,1,2,6,2,0.8,12,cj-017,10,
cj-018,cangjie,1,18,Lesson 18,第18課,Y;D;C;W;J;H;B;M;O;L;I;V;N,Y;J;M;O;H;L;I;V;N,B;C;D;H;I;J;L;M;N;O;V;W;Y,u4ebb,亻,U+4EBB,,,HL,HL,jan4,radical number 9,1,2,6,2,0.8,12,cj-017,10,
cj-018,cangjie,1,18,Lesson 18,第18課,Y;D;C;W;J;H;B;M;O;L;I;V;N,Y;J;M;O;H;L;I;V;N,B;C;D;H;I;J;L;M;N;O;V;W;Y,u4ebc,亼,U+4EBC,,,OM,OM,zaap6,to assemble. to gather together,1,2,6,2,0.8,12,cj-017,10,
cj-018,cangjie,1,18,Lesson 18,第18課,Y;D;C;W;J;H;B;M;O;L;I;V;N,Y;J;M;O;H;L;I;V;N,B;C;D;H;I;J;L;M;N;O;V;W;Y,u4ebd,亽,U+4EBD,,,OI,OI,zaap6,kwukyel,1,2,6,2,0.8,12,cj-017,10,
cj-018,cangjie,1,18,Lesson 18,第18課,Y;D;C;W;J;H;B;M;O;L;I;V;N,Y;J;M;O;H;L;I;V;N,B;C;D;H;I;J;L;M;N;O;V;W;Y,u4ebe,亾,U+4EBE,,,VO,VO,mou4,"death, destroyed; lose, perish",1,2,6,2,0.8,12,cj-017,10,
cj-018,cangjie,1,18,Lesson 18,第18課,Y;D;C;W;J;H;B;M;O;L;I;V;N,Y;J;M;O;H;L;I;V;N,B;C;D;H;I;J;L;M;N;O;V;W;Y,u4ebf,亿,U+4EBF,,,ON,ON,jik1,hundred million; many,1,2,6,2,0.8,12,cj-017,10,
cj-018,cangjie,1,18,Lesson 18,第18課,Y;D;C;W;J;H;B;M;O;L;I;V;N,Y;J;M;O;H;L;I;V;N,B;C;D;H;I;J;L;M;N;O;V;W;Y,u4ec0,什,U+4EC0,,,OJ,OJ,sap6,"file of ten soldiers; mixed, miscellaneous",1,2,6,2,0.8,12,cj-017,10,
cj-018,cangjie,1,18,Lesson 18,第18課,Y;D;C;W;J;H;B;M;O;L;I;V;N,Y;J;M;O;H;L;I;V;N,B;C;D;H;I;J;L;M;N;O;V;W;Y,u4ec1,仁,U+4EC1,,,OMM,OM,jan4,"humaneness, benevolence, kindness",1,2,6,2,0.8,12,cj-017,10,
cj-019,cangjie,1,19,Lesson 19,第19課,O;K;S;M;N;E;Y;H;I;L,O;S;N;M;E;Y;L,E;H;I;K;L;M;N;O;S;Y,u4ec2,仂,U+4EC2,,,OKS,OS,lak6,surplus or excess; remainder,1,2,6,2,0.8,12,cj-018,10,
cj-019,cangjie,1,19,Lesson 19,第19課,O;K;S;M;N;E;Y;H;I;L,O;S;N;M;E;Y;L,E;H;I;K;L;M;N;O;S;Y,u4ec3,仃,U+4EC3,,,OMN,ON,ding1,"lonely, solitary",1,2,6,2,0.8,12,cj-018,10,
cj-019,cangjie,1,19,Lesson 19,第19課,O;K;S;M;N;E;Y;H;I;L,O;S;N;M;E;Y;L,E;H;I;K;L;M;N;O;S;Y,u4ec4,仄,U+4EC4,,,MO,MO,zak1,"slanting, oblique; oblique tones",1,2,6,2,0.8,12,cj-018,10,
cj-019,cangjie,1,19,Lesson 19,第19課,O;K;S;M;N;E;Y;H;I;L,O;S;N;M;E;Y;L,E;H;I;K;L;M;N;O;S;Y,u4ec5,仅,U+4EC5,,,OE,OE,gan2,"only, merely, solely, just",1,2,6,2,0.8,12,cj-018,10,
cj-019,cangjie,1,19,Lesson 19,第19課,O;K;S;M;N;E;Y;H;I;L,O;S;N;M;E;Y;L,E;H;I;K;L;M;N;O;S;Y,u4ec6,仆,U+4EC6,,,OY,OY,fu6,"fall forward; lie prostrate, prone; servant",1,2,6,2,0.8,12,cj-018,10,
cj-019,cangjie,1,19,Lesson 19,第19課,O;K;S;M;N;E;Y;H;I;L,O;S;N;M;E;Y;L,E;H;I;K;L;M;N;O;S;Y,u4ec7,仇,U+4EC7,,,OKN,ON,sau4,"enemy, hate, hatred, enmity",1,2,6,2,0.8,12,cj-018,10,
cj-019,cangjie,1,19,Lesson 19,第19課,O;K;S;M;N;E;Y;H;I;L,O;S;N;M;E;Y;L,E;H;I;K;L;M;N;O;S;Y,u4ec9,仉,U+4EC9,,,OHN,ON,zoeng2,surname of the mother of Mencius,1,2,6,2,0.8,12,cj-018,10,
cj-019,cangjie,1,19,Lesson 19,第19課,O;K;S;M;N;E;Y;H;I;L,O;S;N;M;E;Y;L,E;H;I;K;L;M;N;O;S;Y,u4eca,今,U+4ECA,,,OIN,ON,gam1,"now, today, modern era",1,2,6,2,0.8,12,cj-018,10,
cj-019,cangjie,1,19,Lesson 19,第19課,O;K;S;M;N;E;Y;H;I;L,O;S;N;M;E;Y;L,E;H;I;K;L;M;N;O;S;Y,u4ecb,介,U+4ECB,,,OLL,OL,gaai3,"forerunner, herald, harbinger; to lie between; sea shell; to wear armor",1,2,6,2,0.8,12,cj-018,10,
cj-019,cangjie,1,19,Lesson 19,第19課,O;K;S;M;N;E;Y;H;I;L,O;S;N;M;E;Y;L,E;H;I;K;L;M;N;O;S;Y,u4ecd,仍,U+4ECD,,,ONHS,OS,jing4,"yet, still, as ever; again; keep -ing, continuing",1,2,6,2,0.8,12,cj-018,10,
cj-020,cangjie,1,20,Lesson 20,第20課,O;I;J;P;Y;S;U;N;D;G;K,O;I;J;P;Y;U;D;G;K,D;G;I;J;K;N;O;P;S;U;Y,u4ece,从,U+4ECE,,,OO,OO,cung4,"from, by, since, whence, through",1,2,6,2,0.8,12,cj-019,10,
cj-020,cangjie,1,20,Lesson 20,第20課,O;I;J;P;Y;S;U;N;D;G;K,O;I;J;P;Y;U;D;G;K,D;G;I;J;K;N;O;P;S;U;Y,u4ecf,仏,U+4ECF,,,OI,OI,fat6,Buddha,1,2,6,2,0.8,12,cj-019,10,
cj-020,cangjie,1,20,Lesson 20,第20課,O;I;J;P;Y;S;U;N;D;G;K,O;I;J;P;Y;U;D;G;K,D;G;I;J;K;N;O;P;S;U;Y,u4ed0,仐,U+4ED0,,,OJ,OJ,tou1,"(non-standard Japanese variant of 傘) umbrella, parasol, parachute",1,2,6,2,0.8,12,cj-019,10,
cj-020,cangjie,1,20,Lesson 20,第20課,O;I;J;P;Y;S;U;N;D;G;K,O;I;J;P;Y;U;D;G;K,D;G;I;J;K;N;O;P;S;U;Y,u4ed1,仑,U+4ED1,,,OP,OP,leon4,"logical reasons, logical order",1,2,6,2,0.8,12,cj-019,10,
cj-020,cangjie,1,20,Lesson 20,第20課,O;I;J;P;Y;S;U;N;D;G;K,O;I;J;P;Y;U;D;G;K,D;G;I;J;K;N;O;P;S;U;Y,u4ed2,仒,U+4ED2,,,OY,OY,bing1,kwukyel,1,2,6,2,0.8,12,cj-019,10,
cj-020,cangjie,1,20,Lesson 20,第20課,O;I;J;P;Y;S;U;N;D;G;K,O;I;J;P;Y;U;D;G;K,D;G;I;J;K;N;O;P;S;U;Y,u4ed3,仓,U+4ED3,,,OSU,OU,cong1,granary; berth; sea,1,2,6,2,0.8,12,cj-019,10,
cj-020,cangjie,1,20,Lesson 20,第20課,O;I;J;P;Y;S;U;N;D;G;K,O;I;J;P;Y;U;D;G;K,D;G;I;J;K;N;O;P;S;U;Y,u4ed4,仔,U+4ED4,,,OND,OD,zai2,"small thing, child; young animal",1,2,6,2,0.8,12,cj-019,10,
cj-020,cangjie,1,20,Lesson 20,第20課,O;I;J;P;Y;S;U;N;D;G;K,O;I;J;P;Y;U;D;G;K,D;G;I;J;K;N;O;P;S;U;Y,u4ed5,仕,U+4ED5,,,OG,OG,si6,official; serve government,1,2,6,2,0.8,12,cj-019,10,
cj-020,cangjie,1,20,Lesson 20,第20課,O;I;J;P;Y;S;U;N;D;G;K,O;I;J;P;Y;U;D;G;K,D;G;I;J;K;N;O;P;S;U;Y,u4ed6,他,U+4ED6,,,OPD,OD,taa1,"other, another; he, she, it",1,2,6,2,0.8,12,cj-019,10,
cj-020,cangjie,1,20,Lesson 20,第20課,O;I;J;P;Y;S;U;N;D;G;K,O;I;J;P;Y;U;D;G;K,D;G;I;J;K;N;O;P;S;U;Y,u4ed7,仗,U+4ED7,,,OJK,OK,zoeng6,"rely upon; protector; fight; war, weaponry",1,2,6,2,0.8,12,cj-019,10,
cj-021,cangjie,1,21,Lesson 21,第21課,O;D;I;U;H;P;M;S;J;N,O;I;U;P;M;J;N,D;H;I;J;M;N;O;P;S;U,u4ed8,付,U+4ED8,,,ODI,OI,fu6,"give, deliver, pay, hand over; entrust",1,2,6,2,0.8,12,cj-020,10,
cj-021,cangjie,1,21,Lesson 21,第21課,O;D;I;U;H;P;M;S;J;N,O;I;U;P;M;J;N,D;H;I;J;M;N;O;P;S;U,u4ed9,仙,U+4ED9,,,OU,OU,sin1,"Taoist super-being, transcendent, immortal",1,2,6,2,0.8,12,cj-020,10,
cj-021,cangjie,1,21,Lesson 21,第21課,O;D;I;U;H;P;M;S;J;N,O;I;U;P;M;J;N,D;H;I;J;M;N;O;P;S;U,u4eda,仚,U+4EDA,,,OU,OU,hin1,to fly,1,2,6,2,0.8,12,cj-020,10,
cj-021,cangjie,1,21,Lesson 21,第21課,O;D;I;U;H;P;M;S;J;N,O;I;U;P;M;J;N,D;H;I;J;M;N;O;P;S;U,u4edb,仛,U+4EDB,,,OHP,OP,tok3,"young girl; strange, different",1,2,6,2,0.8,12,cj-020,10,
cj-021,cangjie,1,21,Lesson 21,第21課,O;D;I;U;H;P;M;S;J;N,O;I;U;P;M;J;N,D;H;I;J;M;N;O;P;S;U,u4edd,仝,U+4EDD,,,OM,OM,tung4,"together, same; surname",1,2,6,2,0.8,12,cj-020,10,
cj-021,cangjie,1,21,Lesson 21,第21課,O;D;I;U;H;P;M;S;J;N,O;I;U;P;M;J;N,D;H;I;J;M;N;O;P;S;U,u4ede,仞,U+4EDE,,,OSHI,OI,jan6,ancient unit of measure (8 feet); 'fathom',1,2,6,2,0.8,12,cj-020,10,
cj-021,cangjie,1,21,Lesson 21,第21課,O;D;I;U;H;P;M;S;J;N,O;I;U;P;M;J;N,D;H;I;J;M;N;O;P;S;U,u4edf,仟,U+4EDF,,,OHJ,OJ,cin1,one thousand; leader of one thousand men,1,2,6,2,0.8,12,cj-020,10,
cj-021,cangjie,1,21,Lesson 21,第21課,O;D;I;U;H;P;M;S;J;N,O;I;U;P;M;J;N,D;H;I;J;M;N;O;P;S;U,u4ee1,仡,U+4EE1,,,OON,ON,ngat6,strong; valiant,1,2,6,2,0.8,12,cj-020,10,
cj-021,cangjie,1,21,Lesson 21,第21課,O;D;I;U;H;P;M;S;J;N,O;I;U;P;M;J;N,D;H;I;J;M;N;O;P;S;U,u4ee3,代,U+4EE3,,,OIP,OP,doi6,"replace, replacement (of person or generation); era, generation",1,2,6,2,0.8,12,cj-020,10,
cj-021,cangjie,1,21,Lesson 21,第21課,O;D;I;U;H;P;M;S;J;N,O;I;U;P;M;J;N,D;H;I;J;M;N;O;P;S;U,u4ee4,令,U+4EE4,,,OINI,OI,ling6,"command, order; 'commandant', magistrate; allow, cause",1,2,6,2,0.8,12,cj-020,10,
cj-022,cangjie,1,22,Lesson 22,第22課,V;I;O;M;K;H;L;S;E;P,V;O;M;K;I;S;E;L;P,E;H;I;K;L;M;O;P;S;V,u4ee5,以,U+4EE5,,,VIO,VO,ji5,"by means of; thereby, therefore; consider as; in order to",1,2,6,2,0.8,12,cj-021,10,
cj-022,cangjie,1,22,Lesson 22,第22課,V;I;O;M;K;H;L;S;E;P,V;O;M;K;I;S;E;L;P,E;H;I;K;L;M;O;P;S;V,u4ee8,仨,U+4EE8,,,OMMM,OM,saam1,(coll.) three (cannot be followed by a measure word),1,2,6,2,0.8,12,cj-021,10,
cj-022,cangjie,1,22,Lesson 22,第22課,V;I;O;M;K;H;L;S;E;P,V;O;M;K;I;S;E;L;P,E;H;I;K;L;M;O;P;S;V,u4eea,仪,U+4EEA,,,OIK,OK,ji4,"ceremony, rites gifts; admire",1,2,6,2,0.8,12,cj-021,10,
cj-022,cangjie,1,22,Lesson 22,第22課,V;I;O;M;K;H;L;S;E;P,V;O;M;K;I;S;E;L;P,E;H;I;K;L;M;O;P;S;V,u4eeb,仫,U+4EEB,,,OHI,OI,muk6,tribe,1,2,6,2,0.8,12,cj-021,10,
cj-022,cangjie,1,22,Lesson 22,第22課,V;I;O;M;K;H;L;S;E;P,V;O;M;K;I;S;E;L;P,E;H;I;K;L;M;O;P;S;V,u4eec,们,U+4EEC,,,OLIS,OS,mun4,adjunct pronoun indicate plural,1,2,6,2,0.8,12,cj-021,10,
cj-022,cangjie,1,22,Lesson 22,第22課,V;I;O;M;K;H;L;S;E;P,V;O;M;K;I;S;E;L;P,E;H;I;K;L;M;O;P;S;V,u4eed,仭,U+4EED,,,OSK,OK,jan6,ancient unit of measure (8 feet); 'fathom',1,2,6,2,0.8,12,cj-021,10,
cj-022,cangjie,1,22,Lesson 22,第22課,V;I;O;M;K;H;L;S;E;P,V;O;M;K;I;S;E;L;P,E;H;I;K;L;M;O;P;S;V,u4eee,仮,U+4EEE,,,OHE,OE,faan2,"falsehood, deception; vacation",1,2,6,2,0.8,12,cj-021,10,
cj-022,cangjie,1,22,Lesson 22,第22課,V;I;O;M;K;H;L;S;E;P,V;O;M;K;I;S;E;L;P,E;H;I;K;L;M;O;P;S;V,u4ef0,仰,U+4EF0,,,OHVL,OL,joeng5,"raise the head to look; look up to, rely on, admire",1,2,6,2,0.8,12,cj-021,10,
cj-022,cangjie,1,22,Lesson 22,第22課,V;I;O;M;K;H;L;S;E;P,V;O;M;K;I;S;E;L;P,E;H;I;K;L;M;O;P;S;V,u4ef2,仲,U+4EF2,,,OL,OL,zung6,"middle brother; go between, mediator; surname",1,2,6,2,0.8,12,cj-021,10,
cj-022,cangjie,1,22,Lesson 22,第22課,V;I;O;M;K;H;L;S;E;P,V;O;M;K;I;S;E;L;P,E;H;I;K;L;M;O;P;S;V,u4ef3,仳,U+4EF3,,,OPP,OP,pei2,"separate, part company",1,2,6,2,0.8,12,cj-021,10,
cj-023,cangjie,1,23,Lesson 23,第23課,O;J;H;Q;L;K;G;M;C;S;V;Y;I,O;J;Q;L;K;G;H;M;S;I,C;G;H;I;J;K;L;M;O;Q;S;V;Y,u4ef5,仵,U+4EF5,,,OOJ,OJ,ng5,similar,1,2,6,2,0.8,12,cj-022,10,
cj-023,cangjie,1,23,Lesson 23,第23課,O;J;H;Q;L;K;G;M;C;S;V;Y;I,O;J;Q;L;K;G;H;M;S;I,C;G;H;I;J;K;L;M;O;Q;S;V;Y,u4ef6,件,U+4EF6,,,OHQ,OQ,gin6,numerary adjunct for article; matter,1,2,6,2,0.8,12,cj-022,10,
cj-023,cangjie,1,23,Lesson 23,第23課,O;J;H;Q;L;K;G;M;C;S;V;Y;I,O;J;Q;L;K;G;H;M;S;I,C;G;H;I;J;K;L;M;O;Q;S;V;Y,u4ef7,价,U+4EF7,,,OOLL,OL,gaai3,"price, value",1,2,6,2,0.8,12,cj-022,10,
cj-023,cangjie,1,23,Lesson 23,第23課,O;J;H;Q;L;K;G;M;C;S;V;Y;I,O;J;Q;L;K;G;H;M;S;I,C;G;H;I;J;K;L;M;O;Q;S;V;Y,u4ef8,仸,U+4EF8,,,OHK,OK,jiu2,"bent, distorted, crooked; feeble",1,2,6,2,0.8,12,cj-022,10,
cj-023,cangjie,1,23,Lesson 23,第23課,O;J;H;Q;L;K;G;M;C;S;V;Y;I,O;J;Q;L;K;G;H;M;S;I,C;G;H;I;J;K;L;M;O;Q;S;V;Y,u4efb,任,U+4EFB,,,OHG,OG,jam6,"trust to, rely on, appoint; to bear, duty, office; allow",1,2,6,2,0.8,12,cj-022,10,
cj-023,cangjie,1,23,Lesson 23,第23課,O;J;H;Q;L;K;G;M;C;S;V;Y;I,O;J;Q;L;K;G;H;M;S;I,C;G;H;I;J;K;L;M;O;Q;S;V;Y,u4efc,仼,U+4EFC,,,OMG,OG,wong4,"trust to, rely on, appoint; to bear, duty, office; allow",1,2,6,2,0.8,12,cj-022,10,
cj-023,cangjie,1,23,Lesson 23,第23課,O;J;H;Q;L;K;G;M;C;S;V;Y;I,O;J;Q;L;K;G;H;M;S;I,C;G;H;I;J;K;L;M;O;Q;S;V;Y,u4efd,份,U+4EFD,,,OCSH,OH,fan6,"portion, part; duty",1,2,6,2,0.8,12,cj-022,10,
cj-023,cangjie,1,23,Lesson 23,第23課,O;J;H;Q;L;K;G;M;C;S;V;Y;I,O;J;Q;L;K;G;H;M;S;I,C;G;H;I;J;K;L;M;O;Q;S;V;Y,u4efe,仾,U+4EFE,,,OMVM,OM,dai1,"to hang or bow the head, to droop, to lower; low, beneath",1,2,6,2,0.8,12,cj-022,10,
cj-023,cangjie,1,23,Lesson 23,第23課,O;J;H;Q;L;K;G;M;C;S;V;Y;I,O;J;Q;L;K;G;H;M;S;I,C;G;H;I;J;K;L;M;O;Q;S;V;Y,u4eff,仿,U+4EFF,,,OYHS,OS,fong2,"imitate, copy; as if",1,2,6,2,0.8,12,cj-022,10,
cj-023,cangjie,1,23,Lesson 23,第23課,O;J;H;Q;L;K;G;M;C;S;V;Y;I,O;J;Q;L;K;G;H;M;S;I,C;G;H;I;J;K;L;M;O;Q;S;V;Y,u4f00,伀,U+4F00,,,OCI,OI,zung1,excited,1,2,6,2,0.8,12,cj-022,10,
cj-024,cangjie,1,24,Lesson 24,第24課,O;Y;L;M;N;I;P;H;S;K;E;D;J,O;M;N;P;K;E;I,D;E;H;I;J;K;L;M;N;O;P;S;Y,u4f01,企,U+4F01,,,OYLM,OM,kei5,plan a project; stand on tiptoe,1,2,6,2,0.8,12,cj-023,10,
cj-024,cangjie,1,24,Lesson 24,第24課,O;Y;L;M;N;I;P;H;S;K;E;D;J,O;M;N;P;K;E;I,D;E;H;I;J;K;L;M;N;O;P;S;Y,u4f03,伃,U+4F03,,,ONIN,ON,jyu4,handsome,1,2,6,2,0.8,12,cj-023,10,
cj-024,cangjie,1,24,Lesson 24,第24課,O;Y;L;M;N;I;P;H;S;K;E;D;J,O;M;N;P;K;E;I,D;E;H;I;J;K;L;M;N;O;P;S;Y,u4f08,伈,U+4F08,,,OP,OP,sam2,"nervous, fearful",1,2,6,2,0.8,12,cj-023,10,
cj-024,cangjie,1,24,Lesson 24,第24課,O;Y;L;M;N;I;P;H;S;K;E;D;J,O;M;N;P;K;E;I,D;E;H;I;J;K;L;M;N;O;P;S;Y,u4f09,伉,U+4F09,,,OYHN,ON,kong3,"compare, match; pair; spouse",1,2,6,2,0.8,12,cj-023,10,
cj-024,cangjie,1,24,Lesson 24,第24課,O;Y;L;M;N;I;P;H;S;K;E;D;J,O;M;N;P;K;E;I,D;E;H;I;J;K;L;M;N;O;P;S;Y,u4f0a,伊,U+4F0A,,,OSK,OK,ji1,"third person pronoun; he, she, this, that",1,2,6,2,0.8,12,cj-023,10,
cj-024,cangjie,1,24,Lesson 24,第24課,O;Y;L;M;N;I;P;H;S;K;E;D;J,O;M;N;P;K;E;I,D;E;H;I;J;K;L;M;N;O;P;S;Y,u4f0b,伋,U+4F0B,,,ONHE,OE,kap1,deceptive,1,2,6,2,0.8,12,cj-023,10,
cj-024,cangjie,1,24,Lesson 24,第24課,O;Y;L;M;N;I;P;H;S;K;E;D;J,O;M;N;P;K;E;I,D;E;H;I;J;K;L;M;N;O;P;S;Y,u4f0d,伍,U+4F0D,,,OMDM,OM,ng5,"five, company of five; troops",1,2,6,2,0.8,12,cj-023,10,
cj-024,cangjie,1,24,Lesson 24,第24課,O;Y;L;M;N;I;P;H;S;K;E;D;J,O;M;N;P;K;E;I,D;E;H;I;J;K;L;M;N;O;P;S;Y,u4f0e,伎,U+4F0E,,,OJE,OE,gei6,"talent, skill, ability",1,2,6,2,0.8,12,cj-023,10,
cj-024,cangjie,1,24,Lesson 24,第24課,O;Y;L;M;N;I;P;H;S;K;E;D;J,O;M;N;P;K;E;I,D;E;H;I;J;K;L;M;N;O;P;S;Y,u4f0f,伏,U+4F0F,,,OIK,OK,fuk6,"crouch, crawl, lie hidden, conceal",1,2,6,2,0.8,12,cj-023,10,
cj-024,cangjie,1,24,Lesson 24,第24課,O;Y;L;M;N;I;P;H;S;K;E;D;J,O;M;N;P;K;E;I,D;E;H;I;J;K;L;M;N;O;P;S;Y,u4f10,伐,U+4F10,,,OI,OI,fat6,"cut down, subjugate, attack",1,2,6,2,0.8,12,cj-023,10,
cj-025,cangjie,1,25,Lesson 25,第25課,O;D;Q;I;K;U;F;M;S;N;J,O;D;U;F;I;K;J,D;F;I;J;K;M;N;O;Q;S;U,u4f11,休,U+4F11,,,OD,OD,jau1,"rest, stop; retire; do not!",1,2,6,2,0.8,12,cj-024,10,
cj-025,cangjie,1,25,Lesson 25,第25課,O;D;Q;I;K;U;F;M;S;N;J,O;D;U;F;I;K;J,D;F;I;J;K;M;N;O;Q;S;U,u4f15,伕,U+4F15,,,OQO,OO,fu1,common laborer,1,2,6,2,0.8,12,cj-024,10,
cj-025,cangjie,1,25,Lesson 25,第25課,O;D;Q;I;K;U;F;M;S;N;J,O;D;U;F;I;K;J,D;F;I;J;K;M;N;O;Q;S;U,u4f17,众,U+4F17,,,OOO,OO,zung3,"multitude, crowd; masses, public",1,2,6,2,0.8,12,cj-024,10,
cj-025,cangjie,1,25,Lesson 25,第25課,O;D;Q;I;K;U;F;M;S;N;J,O;D;U;F;I;K;J,D;F;I;J;K;M;N;O;Q;S;U,u4f18,优,U+4F18,,,OIKU,OU,jau1,"superior, excellent; actor",1,2,6,2,0.8,12,cj-024,10,
cj-025,cangjie,1,25,Lesson 25,第25課,O;D;Q;I;K;U;F;M;S;N;J,O;D;U;F;I;K;J,D;F;I;J;K;M;N;O;Q;S;U,u4f19,伙,U+4F19,,,OF,OF,fo2,"companion, colleague; utensils",1,2,6,2,0.8,12,cj-024,10,
cj-025,cangjie,1,25,Lesson 25,第25課,O;D;Q;I;K;U;F;M;S;N;J,O;D;U;F;I;K;J,D;F;I;J;K;M;N;O;Q;S;U,u4f1a,会,U+4F1A,,,OMMI,OI,wui6,"assemble, meet together; meeting",1,2,6,2,0.8,12,cj-024,10,
cj-025,cangjie,1,25,Lesson 25,第25課,O;D;Q;I;K;U;F;M;S;N;J,O;D;U;F;I;K;J,D;F;I;J;K;M;N;O;Q;S;U,u4f1b,伛,U+4F1B,,,OSK,OK,jyu2,humpback; stoop,1,2,6,2,0.8,12,cj-024,10,
cj-025,cangjie,1,25,Lesson 25,第25課,O;D;Q;I;K;U;F;M;S;N;J,O;D;U;F;I;K;J,D;F;I;J;K;M;N;O;Q;S;U,u4f1c,伜,U+4F1C,,,OKNJ,OJ,ceoi3,"deputy, vice-",1,2,6,2,0.8,12,cj-024,10,
cj-025,cangjie,1,25,Lesson 25,第25課,O;D;Q;I;K;U;F;M;S;N;J,O;D;U;F;I;K;J,D;F;I;J;K;M;N;O;Q;S;U,u4f1d,伝,U+4F1D,,,OMMI,OI,cyun4,"summon; propagate, transmit",1,2,6,2,0.8,12,cj-024,10,
cj-025,cangjie,1,25,Lesson 25,第25課,O;D;Q;I;K;U;F;M;S;N;J,O;D;U;F;I;K;J,D;F;I;J;K;M;N;O;Q;S;U,u4f1e,伞,U+4F1E,,,OFJ,OJ,saan3,"umbrella, parasol, parachute",1,2,6,2,0.8,12,cj-024,10,
cj-026,cangjie,1,26,Lesson 26,第26課,O;Q;S;N;I;K;M;V;H;B;U;P;Y,O;S;I;Q;H;U;P;K,B;H;I;K;M;N;O;P;Q;S;U;V;Y,u4f1f,伟,U+4F1F,,,OQS,OS,wai5,"great, robust; extraordinary",1,2,6,2,0.8,12,cj-025,10,
cj-026,cangjie,1,26,Lesson 26,第26課,O;Q;S;N;I;K;M;V;H;B;U;P;Y,O;S;I;Q;H;U;P;K,B;H;I;K;M;N;O;P;Q;S;U;V;Y,u4f20,传,U+4F20,,,OQNI,OI,cyun4,"summon; propagate, transmit",1,2,6,2,0.8,12,cj-025,10,
cj-026,cangjie,1,26,Lesson 26,第26課,O;Q;S;N;I;K;M;V;H;B;U;P;Y,O;S;I;Q;H;U;P;K,B;H;I;K;M;N;O;P;Q;S;U;V;Y,u4f21,伡,U+4F21,,,OKQ,OQ,ce1,"rickshaw, cart, vehicle; name of piece in Chinese chess",1,2,6,2,0.8,12,cj-025,10,
cj-026,cangjie,1,26,Lesson 26,第26課,O;Q;S;N;I;K;M;V;H;B;U;P;Y,O;S;I;Q;H;U;P;K,B;H;I;K;M;N;O;P;Q;S;U;V;Y,u4f22,伢,U+4F22,,,OMVH,OH,ngaa4,child,1,2,6,2,0.8,12,cj-025,10,
cj-026,cangjie,1,26,Lesson 26,第26課,O;Q;S;N;I;K;M;V;H;B;U;P;Y,O;S;I;Q;H;U;P;K,B;H;I;K;M;N;O;P;Q;S;U;V;Y,u4f23,伣,U+4F23,,,OBHU,OU,jin5,like,1,2,6,2,0.8,12,cj-025,10,
cj-026,cangjie,1,26,Lesson 26,第26課,O;Q;S;N;I;K;M;V;H;B;U;P;Y,O;S;I;Q;H;U;P;K,B;H;I;K;M;N;O;P;Q;S;U;V;Y,u4f24,伤,U+4F24,,,OOKS,OS,soeng1,"wound, injury; fall ill from",1,2,6,2,0.8,12,cj-025,10,
cj-026,cangjie,1,26,Lesson 26,第26課,O;Q;S;N;I;K;M;V;H;B;U;P;Y,O;S;I;Q;H;U;P;K,B;H;I;K;M;N;O;P;Q;S;U;V;Y,u4f25,伥,U+4F25,,,OPO,OO,coeng1,ghost of one devoured by tiger,1,2,6,2,0.8,12,cj-025,10,
cj-026,cangjie,1,26,Lesson 26,第26課,O;Q;S;N;I;K;M;V;H;B;U;P;Y,O;S;I;Q;H;U;P;K,B;H;I;K;M;N;O;P;Q;S;U;V;Y,u4f26,伦,U+4F26,,,OOP,OP,leon4,normal human relationships,1,2,6,2,0.8,12,cj-025,10,
cj-026,cangjie,1,26,Lesson 26,第26課,O;Q;S;N;I;K;M;V;H;B;U;P;Y,O;S;I;Q;H;U;P;K,B;H;I;K;M;N;O;P;Q;S;U;V;Y,u4f27,伧,U+4F27,,,OOSU,OU,cong1,"vulgar person, country man",1,2,6,2,0.8,12,cj-025,10,
cj-026,cangjie,1,26,Lesson 26,第26課,O;Q;S;N;I;K;M;V;H;B;U;P;Y,O;S;I;Q;H;U;P;K,B;H;I;K;M;N;O;P;Q;S;U;V;Y,u4f29,伩,U+4F29,,,OYK,OK,man1,"trust, believe; letter; (Cant.) small",1,2,6,2,0.8,12,cj-025,10,
cj-027,cangjie,1,27,Lesson 27,第27課,O;I;K;S;J;M;Y;V;E;H;A;R;F;P;Q,O;S;M;I;E;A;R;F;P;Q,A;E;F;H;I;J;K;M;O;P;Q;R;S;V;Y,u4f2a,伪,U+4F2A,,,OIKS,OS,ngai6,"false, counterfeit, bogus",1,2,6,2,0.8,12,cj-026,10,
cj-027,cangjie,1,27,Lesson 27,第27課,O;I;K;S;J;M;Y;V;E;H;A;R;F;P;Q,O;S;M;I;E;A;R;F;P;Q,A;E;F;H;I;J;K;M;O;P;Q;R;S;V;Y,u4f2b,伫,U+4F2B,,,OJM,OM,cyu5,look towards; turn one's back on,1,2,6,2,0.8,12,cj-026,10,
cj-027,cangjie,1,27,Lesson 27,第27課,O;I;K;S;J;M;Y;V;E;H;A;R;F;P;Q,O;S;M;I;E;A;R;F;P;Q,A;E;F;H;I;J;K;M;O;P;Q;R;S;V;Y,u4f2d,伭,U+4F2D,,,OYVI,OI,jin4,"dark, somber; deep, profound",1,2,6,2,0.8,12,cj-026,10,
cj-027,cangjie,1,27,Lesson 27,第27課,O;I;K;S;J;M;Y;V;E;H;A;R;F;P;Q,O;S;M;I;E;A;R;F;P;Q,A;E;F;H;I;J;K;M;O;P;Q;R;S;V;Y,u4f2e,伮,U+4F2E,,,OVE,OE,nou5,to make a great effort,1,2,6,2,0.8,12,cj-026,10,
cj-027,cangjie,1,27,Lesson 27,第27課,O;I;K;S;J;M;Y;V;E;H;A;R;F;P;Q,O;S;M;I;E;A;R;F;P;Q,A;E;F;H;I;J;K;M;O;P;Q;R;S;V;Y,u4f2f,伯,U+4F2F,,,OHA,OA,baak3,older brother; father's elder brother; senior male 'sire'; feudal rank 'count',1,2,6,2,0.8,12,cj-026,10,
cj-027,cangjie,1,27,Lesson 27,第27課,O;I;K;S;J;M;Y;V;E;H;A;R;F;P;Q,O;S;M;I;E;A;R;F;P;Q,A;E;F;H;I;J;K;M;O;P;Q;R;S;V;Y,u4f30,估,U+4F30,,,OJR,OR,gu2,"merchant; estimate, guess, presume",1,2,6,2,0.8,12,cj-026,10,
cj-027,cangjie,1,27,Lesson 27,第27課,O;I;K;S;J;M;Y;V;E;H;A;R;F;P;Q,O;S;M;I;E;A;R;F;P;Q,A;E;F;H;I;J;K;M;O;P;Q;R;S;V;Y,u4f31,伱,U+4F31,,,OOF,OF,nei5,"thou, you",1,2,6,2,0.8,12,cj-026,10,
cj-027,cangjie,1,27,Lesson 27,第27課,O;I;K;S;J;M;Y;V;E;H;A;R;F;P;Q,O;S;M;I;E;A;R;F;P;Q,A;E;F;H;I;J;K;M;O;P;Q;R;S;V;Y,u4f32,伲,U+4F32,,,OSP,OP,nei4,we (Shanghai dialect),1,2,6,2,0.8,12,cj-026,10,
cj-027,cangjie,1,27,Lesson 27,第27課,O;I;K;S;J;M;Y;V;E;H;A;R;F;P;Q,O;S;M;I;E;A;R;F;P;Q,A;E;F;H;I;J;K;M;O;P;Q;R;S;V;Y,u4f34,伴,U+4F34,,,OFQ,OQ,bun6,"companion, comrade, partner; accompany",1,2,6,2,0.8,12,cj-026,10,
cj-027,cangjie,1,27,Lesson 27,第27課,O;I;K;S;J;M;Y;V;E;H;A;R;F;P;Q,O;S;M;I;E;A;R;F;P;Q,A;E;F;H;I;J;K;M;O;P;Q;R;S;V;Y,u4f36,伶,U+4F36,,,OOII,OI,ling4,"lonely, solitary; actor",1,2,6,2,0.8,12,cj-026,10,
cj-028,cangjie,1,28,Lesson 28,第28課,O;L;W;B;M;S;R;F;J;V;I;K,O;W;L;M;R;J,B;F;I;J;K;L;M;O;R;S;V;W,u4f37,伷,U+4F37,,,OLW,OW,zau6,descendent,1,2,6,2,0.8,12,cj-027,10,
cj-028,cangjie,1,28,Lesson 28,第28課,O;L;W;B;M;S;R;F;J;V;I;K,O;W;L;M;R;J,B;F;I;J;K;L;M;O;R;S;V;W,u4f38,伸,U+4F38,,,OLWL,OL,san1,"extend, stretch out, open up; trust",1,2,6,2,0.8,12,cj-027,10,
cj-028,cangjie,1,28,Lesson 28,第28課,O;L;W;B;M;S;R;F;J;V;I;K,O;W;L;M;R;J,B;F;I;J;K;L;M;O;R;S;V;W,u4f39,伹,U+4F39,,,OBM,OM,ceoi1,"dull, slow, unskillful",1,2,6,2,0.8,12,cj-027,10,
cj-028,cangjie,1,28,Lesson 28,第28課,O;L;W;B;M;S;R;F;J;V;I;K,O;W;L;M;R;J,B;F;I;J;K;L;M;O;R;S;V;W,u4f3a,伺,U+4F3A,,,OSMR,OR,zi6,"serve, wait upon, attend; examine",1,2,6,2,0.8,12,cj-027,10,
cj-028,cangjie,1,28,Lesson 28,第28課,O;L;W;B;M;S;R;F;J;V;I;K,O;W;L;M;R;J,B;F;I;J;K;L;M;O;R;S;V;W,u4f3b,伻,U+4F3B,,,OMFJ,OJ,ping1,"messenger, emissary; send emissary",1,2,6,2,0.8,12,cj-027,10,
cj-028,cangjie,1,28,Lesson 28,第28課,O;L;W;B;M;S;R;F;J;V;I;K,O;W;L;M;R;J,B;F;I;J;K;L;M;O;R;S;V;W,u4f3c,似,U+4F3C,,,OVIO,OO,ci5,"resemble, similar to; as if, seem",1,2,6,2,0.8,12,cj-027,10,
cj-028,cangjie,1,28,Lesson 28,第28課,O;L;W;B;M;S;R;F;J;V;I;K,O;W;L;M;R;J,B;F;I;J;K;L;M;O;R;S;V;W,u4f3d,伽,U+4F3D,,,OKSR,OR,gaa1,"transcription of Sanskrit 'gha' in Buddhist texts ('samgha', etc.); nursing; attending; entertainer (Japanese); temple; in Chinese this character is not used alone",1,2,6,2,0.8,12,cj-027,10,
cj-028,cangjie,1,28,Lesson 28,第28課,O;L;W;B;M;S;R;F;J;V;I;K,O;W;L;M;R;J,B;F;I;J;K;L;M;O;R;S;V;W,u4f3e,伾,U+4F3E,,,OMFM,OM,pei1,mighty,1,2,6,2,0.8,12,cj-027,10,
cj-028,cangjie,1,28,Lesson 28,第28課,O;L;W;B;M;S;R;F;J;V;I;K,O;W;L;M;R;J,B;F;I;J;K;L;M;O;R;S;V;W,u4f40,佀,U+4F40,,,ORLR,OR,ci5,resemble,1,2,6,2,0.8,12,cj-027,10,
cj-028,cangjie,1,28,Lesson 28,第28課,O;L;W;B;M;S;R;F;J;V;I;K,O;W;L;M;R;J,B;F;I;J;K;L;M;O;R;S;V;W,u4f43,佃,U+4F43,,,OW,OW,din6,tenant farmer; be a tenant farmer,1,2,6,2,0.8,12,cj-027,10,
cj-029,cangjie,1,29,Lesson 29,第29課,O;A;M;J;N;K;L;B;G;I;S;H;R;Y;P;T,O;M;N;B;I;R;P;T;G,A;B;G;H;I;J;K;L;M;N;O;P;R;S;T;Y,u4f46,但,U+4F46,,,OAM,OM,daan6,"only; but, however, yet, still",1,2,6,2,0.8,12,cj-028,10,
cj-029,cangjie,1,29,Lesson 29,第29課,O;A;M;J;N;K;L;B;G;I;S;H;R;Y;P;T,O;M;N;B;I;R;P;T;G,A;B;G;H;I;J;K;L;M;N;O;P;R;S;T;Y,u4f47,佇,U+4F47,,,OJMN,ON,cyu5,wait; look towards; turn one's back on,1,2,6,2,0.8,12,cj-028,10,
cj-029,cangjie,1,29,Lesson 29,第29課,O;A;M;J;N;K;L;B;G;I;S;H;R;Y;P;T,O;M;N;B;I;R;P;T;G,A;B;G;H;I;J;K;L;M;N;O;P;R;S;T;Y,u4f48,佈,U+4F48,,,OKLB,OB,bou3,"spread, publicize, announce",1,2,6,2,0.8,12,cj-028,10,
cj-029,cangjie,1,29,Lesson 29,第29課,O;A;M;J;N;K;L;B;G;I;S;H;R;Y;P;T,O;M;N;B;I;R;P;T;G,A;B;G;H;I;J;K;L;M;N;O;P;R;S;T;Y,u4f49,佉,U+4F49,,,OGI,OI,keoi1,surname; name of a divine being; transliteration of Sanskrit 'kh',1,2,6,2,0.8,12,cj-028,10,
cj-029,cangjie,1,29,Lesson 29,第29課,O;A;M;J;N;K;L;B;G;I;S;H;R;Y;P;T,O;M;N;B;I;R;P;T;G,A;B;G;H;I;J;K;L;M;N;O;P;R;S;T;Y,u4f4b,佋,U+4F4B,,,OSHR,OR,siu6,"continue, carry on; hand down; to join",1,2,6,2,0.8,12,cj-028,10,
cj-029,cangjie,1,29,Lesson 29,第29課,O;A;M;J;N;K;L;B;G;I;S;H;R;Y;P;T,O;M;N;B;I;R;P;T;G,A;B;G;H;I;J;K;L;M;N;O;P;R;S;T;Y,u4f4c,佌,U+4F4C,,,OYMP,OP,ci2,small,1,2,6,2,0.8,12,cj-028,10,
cj-029,cangjie,1,29,Lesson 29,第29課,O;A;M;J;N;K;L;B;G;I;S;H;R;Y;P;T,O;M;N;B;I;R;P;T;G,A;B;G;H;I;J;K;L;M;N;O;P;R;S;T;Y,u4f4d,位,U+4F4D,,,OYT,OT,wai6,"throne; position, post; rank, status; seat",1,2,6,2,0.8,12,cj-028,10,
cj-029,cangjie,1,29,Lesson 29,第29課,O;A;M;J;N;K;L;B;G;I;S;H;R;Y;P;T,O;M;N;B;I;R;P;T;G,A;B;G;H;I;J;K;L;M;N;O;P;R;S;T;Y,u4f4e,低,U+4F4E,,,OHPM,OM,dai1,"low; to lower, hang, bend, bow",1,2,6,2,0.8,12,cj-028,10,
cj-029,cangjie,1,29,Lesson 29,第29課,O;A;M;J;N;K;L;B;G;I;S;H;R;Y;P;T,O;M;N;B;I;R;P;T;G,A;B;G;H;I;J;K;L;M;N;O;P;R;S;T;Y,u4f4f,住,U+4F4F,,,OYG,OG,zyu6,"reside, live at, dwell, lodge; stop",1,2,6,2,0.8,12,cj-028,10,
cj-029,cangjie,1,29,Lesson 29,第29課,O;A;M;J;N;K;L;B;G;I;S;H;R;Y;P;T,O;M;N;B;I;R;P;T;G,A;B;G;H;I;J;K;L;M;N;O;P;R;S;T;Y,u4f50,佐,U+4F50,,,OKM,OM,zo3,"assist, aid, second; subordinate",1,2,6,2,0.8,12,cj-028,10,
cj-030,cangjie,1,30,Lesson 30,第30課,O;K;R;D;M;Y;N;J;P;F;H;Q;L;S,O;R;M;P;F;D;N;S,D;F;H;J;K;L;M;N;O;P;Q;R;S;Y,u4f51,佑,U+4F51,,,OKR,OR,jau6,"help, protect, bless",1,2,6,2,0.8,12,cj-029,10,
cj-030,cangjie,1,30,Lesson 30,第30課,O;K;R;D;M;Y;N;J;P;F;H;Q;L;S,O;R;M;P;F;D;N;S,D;F;H;J;K;L;M;N;O;P;Q;R;S;Y,u4f53,体,U+4F53,,,ODM,OM,tai2,"body; group, class, body, unit; inferior",1,2,6,2,0.8,12,cj-029,10,
cj-030,cangjie,1,30,Lesson 30,第30課,O;K;R;D;M;Y;N;J;P;F;H;Q;L;S,O;R;M;P;F;D;N;S,D;F;H;J;K;L;M;N;O;P;Q;R;S;Y,u4f54,佔,U+4F54,,,OYR,OR,zim3,"occupy by force, usurp; possess",1,2,6,2,0.8,12,cj-029,10,
cj-030,cangjie,1,30,Lesson 30,第30課,O;K;R;D;M;Y;N;J;P;F;H;Q;L;S,O;R;M;P;F;D;N;S,D;F;H;J;K;L;M;N;O;P;Q;R;S;Y,u4f55,何,U+4F55,,,OMNR,OR,ho4,"what, why, where, which, how",1,2,6,2,0.8,12,cj-029,10,
cj-030,cangjie,1,30,Lesson 30,第30課,O;K;R;D;M;Y;N;J;P;F;H;Q;L;S,O;R;M;P;F;D;N;S,D;F;H;J;K;L;M;N;O;P;Q;R;S;Y,u4f57,佗,U+4F57,,,OJP,OP,to4,"other, he; surname; a load",1,2,6,2,0.8,12,cj-029,10,
cj-030,cangjie,1,30,Lesson 30,第30課,O;K;R;D;M;Y;N;J;P;F;H;Q;L;S,O;R;M;P;F;D;N;S,D;F;H;J;K;L;M;N;O;P;Q;R;S;Y,u4f58,佘,U+4F58,,,OMMF,OF,se4,surname,1,2,6,2,0.8,12,cj-029,10,
cj-030,cangjie,1,30,Lesson 30,第30課,O;K;R;D;M;Y;N;J;P;F;H;Q;L;S,O;R;M;P;F;D;N;S,D;F;H;J;K;L;M;N;O;P;Q;R;S;Y,u4f59,余,U+4F59,,,OMD,OD,jyu4,"I, my, me; surname; surplus",1,2,6,2,0.8,12,cj-029,10,
cj-030,cangjie,1,30,Lesson 30,第30課,O;K;R;D;M;Y;N;J;P;F;H;Q;L;S,O;R;M;P;F;D;N;S,D;F;H;J;K;L;M;N;O;P;Q;R;S;Y,u4f5a,佚,U+4F5A,,,OHQO,OO,jat6,indulge in pleasures; flee,1,2,6,2,0.8,12,cj-029,10,
cj-030,cangjie,1,30,Lesson 30,第30課,O;K;R;D;M;Y;N;J;P;F;H;Q;L;S,O;R;M;P;F;D;N;S,D;F;H;J;K;L;M;N;O;P;Q;R;S;Y,u4f5b,佛,U+4F5B,,,OLLN,ON,fat6,Buddha; of Buddhism; merciful person; Buddhist image; the dead (Japanese),1,2,6,2,0.8,12,cj-029,10,
cj-030,cangjie,1,30,Lesson 30,第30課,O;K;R;D;M;Y;N;J;P;F;H;Q;L;S,O;R;M;P;F;D;N;S,D;F;H;J;K;L;M;N;O;P;Q;R;S;Y,u4f5c,作,U+4F5C,,,OOS,OS,zok3,"make; work; compose, write; act, perform",1,2,6,2,0.8,12,cj-029,10,
cj-031,cangjie,1,31,Lesson 31,第31課,O;P;R;M;V;H;E;Y;N;F;U;S;B;Q,O;R;V;Y;F;U;S;Q;N;M,B;E;F;H;M;N;O;P;Q;R;S;U;V;Y,u4f5d,佝,U+4F5D,,,OPR,OR,gau1,rickets,1,2,6,2,0.8,12,cj-030,10,
cj-031,cangjie,1,31,Lesson 31,第31課,O;P;R;M;V;H;E;Y;N;F;U;S;B;Q,O;R;V;Y;F;U;S;Q;N;M,B;E;F;H;M;N;O;P;Q;R;S;U;V;Y,u4f5e,佞,U+4F5E,,,OMMV,OV,ning6,flattery; glib,1,2,6,2,0.8,12,cj-030,10,
cj-031,cangjie,1,31,Lesson 31,第31課,O;P;R;M;V;H;E;Y;N;F;U;S;B;Q,O;R;V;Y;F;U;S;Q;N;M,B;E;F;H;M;N;O;P;Q;R;S;U;V;Y,u4f5f,佟,U+4F5F,,,OHEY,OY,tung4,a name,1,2,6,2,0.8,12,cj-030,10,
cj-031,cangjie,1,31,Lesson 31,第31課,O;P;R;M;V;H;E;Y;N;F;U;S;B;Q,O;R;V;Y;F;U;S;Q;N;M,B;E;F;H;M;N;O;P;Q;R;S;U;V;Y,u4f60,你,U+4F60,,,ONF,OF,nei5,"you, second person pronoun",1,2,6,2,0.8,12,cj-030,10,
cj-031,cangjie,1,31,Lesson 31,第31課,O;P;R;M;V;H;E;Y;N;F;U;S;B;Q,O;R;V;Y;F;U;S;Q;N;M,B;E;F;H;M;N;O;P;Q;R;S;U;V;Y,u4f61,佡,U+4F61,,,OOU,OU,hin1,"make effort, endeavor",1,2,6,2,0.8,12,cj-030,10,
cj-031,cangjie,1,31,Lesson 31,第31課,O;P;R;M;V;H;E;Y;N;F;U;S;B;Q,O;R;V;Y;F;U;S;Q;N;M,B;E;F;H;M;N;O;P;Q;R;S;U;V;Y,u4f62,佢,U+4F62,,,OSS,OS,keoi5,"(Cant.) he, she, it",1,2,6,2,0.8,12,cj-030,10,
cj-031,cangjie,1,31,Lesson 31,第31課,O;P;R;M;V;H;E;Y;N;F;U;S;B;Q,O;R;V;Y;F;U;S;Q;N;M,B;E;F;H;M;N;O;P;Q;R;S;U;V;Y,u4f63,佣,U+4F63,,,OBQ,OQ,jung2,commission fee,1,2,6,2,0.8,12,cj-030,10,
cj-031,cangjie,1,31,Lesson 31,第31課,O;P;R;M;V;H;E;Y;N;F;U;S;B;Q,O;R;V;Y;F;U;S;Q;N;M,B;E;F;H;M;N;O;P;Q;R;S;U;V;Y,u4f64,佤,U+4F64,,,OMVN,ON,ngaa5,"the Va (Wa) nationality, living in Yunnan",1,2,6,2,0.8,12,cj-030,10,
cj-031,cangjie,1,31,Lesson 31,第31課,O;P;R;M;V;H;E;Y;N;F;U;S;B;Q,O;R;V;Y;F;U;S;Q;N;M,B;E;F;H;M;N;O;P;Q;R;S;U;V;Y,u4f65,佥,U+4F65,,,OMFM,OM,cim1,"all, together, unanimous",1,2,6,2,0.8,12,cj-030,10,
cj-031,cangjie,1,31,Lesson 31,第31課,O;P;R;M;V;H;E;Y;N;F;U;S;B;Q,O;R;V;Y;F;U;S;Q;N;M,B;E;F;H;M;N;O;P;Q;R;S;U;V;Y,u4f67,佧,U+4F67,,,OYMY,OY,kaa1,old name for the Wǎ (佤) ethnic group of Yúnnán and Myanmar,1,2,6,2,0.8,12,cj-030,10,
cj-032,cangjie,1,32,Lesson 32,第32課,O;H;N;B;W;R;J;K;P;E;Q;M;T;A;G;S,O;B;R;P;Q;A;G;J;T,A;B;E;G;H;J;K;M;N;O;P;Q;R;S;T;W,u4f69,佩,U+4F69,,,OHNB,OB,pui3,"belt ornament, pendant; wear at waist, tie to the belt; respect",1,2,6,2,0.8,12,cj-031,10,
cj-032,cangjie,1,32,Lesson 32,第32課,O;H;N;B;W;R;J;K;P;E;Q;M;T;A;G;S,O;B;R;P;Q;A;G;J;T,A;B;E;G;H;J;K;M;N;O;P;Q;R;S;T;W,u4f6a,佪,U+4F6A,,,OWR,OR,wui4,hesitate,1,2,6,2,0.8,12,cj-031,10,
cj-032,cangjie,1,32,Lesson 32,第32課,O;H;N;B;W;R;J;K;P;E;Q;M;T;A;G;S,O;B;R;P;Q;A;G;J;T,A;B;E;G;H;J;K;M;N;O;P;Q;R;S;T;W,u4f6c,佬,U+4F6C,,,OJKP,OP,lou2,"(Cant.) man, person; mature",1,2,6,2,0.8,12,cj-031,10,
cj-032,cangjie,1,32,Lesson 32,第32課,O;H;N;B;W;R;J;K;P;E;Q;M;T;A;G;S,O;B;R;P;Q;A;G;J;T,A;B;E;G;H;J;K;M;N;O;P;Q;R;S;T;W,u4f6d,佭,U+4F6D,,,OHEQ,OQ,gong3,unsubmissive; obstreperous,1,2,6,2,0.8,12,cj-031,10,
cj-032,cangjie,1,32,Lesson 32,第32課,O;H;N;B;W;R;J;K;P;E;Q;M;T;A;G;S,O;B;R;P;Q;A;G;J;T,A;B;E;G;H;J;K;M;N;O;P;Q;R;S;T;W,u4f6e,佮,U+4F6E,,,OOMR,OR,gap3,(Cant.) intensive particle,1,2,6,2,0.8,12,cj-031,10,
cj-032,cangjie,1,32,Lesson 32,第32課,O;H;N;B;W;R;J;K;P;E;Q;M;T;A;G;S,O;B;R;P;Q;A;G;J;T,A;B;E;G;H;J;K;M;N;O;P;Q;R;S;T;W,u4f6f,佯,U+4F6F,,,OTQ,OQ,joeng4,"pretend, feign; false, deceitful",1,2,6,2,0.8,12,cj-031,10,
cj-032,cangjie,1,32,Lesson 32,第32課,O;H;N;B;W;R;J;K;P;E;Q;M;T;A;G;S,O;B;R;P;Q;A;G;J;T,A;B;E;G;H;J;K;M;N;O;P;Q;R;S;T;W,u4f70,佰,U+4F70,,,OMA,OA,baak3,hundred,1,2,6,2,0.8,12,cj-031,10,
cj-032,cangjie,1,32,Lesson 32,第32課,O;H;N;B;W;R;J;K;P;E;Q;M;T;A;G;S,O;B;R;P;Q;A;G;J;T,A;B;E;G;H;J;K;M;N;O;P;Q;R;S;T;W,u4f73,佳,U+4F73,,,OGG,OG,gaai1,"good, auspicious; beautiful; delightful",1,2,6,2,0.8,12,cj-031,10,
cj-032,cangjie,1,32,Lesson 32,第32課,O;H;N;B;W;R;J;K;P;E;Q;M;T;A;G;S,O;B;R;P;Q;A;G;J;T,A;B;E;G;H;J;K;M;N;O;P;Q;R;S;T;W,u4f74,佴,U+4F74,,,OSJ,OJ,ji6,"a second, an assistant",1,2,6,2,0.8,12,cj-031,10,
cj-032,cangjie,1,32,Lesson 32,第32課,O;H;N;B;W;R;J;K;P;E;Q;M;T;A;G;S,O;B;R;P;Q;A;G;J;T,A;B;E;G;H;J;K;M;N;O;P;Q;R;S;T;W,u4f75,併,U+4F75,,,OTT,OT,bing3,"combine, annex",1,2,6,2,0.8,12,cj-031,10,
cj-033,cangjie,1,33,Lesson 33,第33課,O;G;R;A;V;H;J;N;M;U;L;Y;C;K;I;B,O;R;V;U;G;K;B,A;B;C;G;H;I;J;K;L;M;N;O;R;U;V;Y,u4f76,佶,U+4F76,,,OGR,OR,gat1,"strong, robust; exact, correct",1,2,6,2,0.8,12,cj-032,10,
cj-033,cangjie,1,33,Lesson 33,第33課,O;G;R;A;V;H;J;N;M;U;L;Y;C;K;I;B,O;R;V;U;G;K;B,A;B;C;G;H;I;J;K;L;M;N;O;R;U;V;Y,u4f77,佷,U+4F77,,,OAV,OV,han2,to act contrary to,1,2,6,2,0.8,12,cj-032,10,
cj-033,cangjie,1,33,Lesson 33,第33課,O;G;R;A;V;H;J;N;M;U;L;Y;C;K;I;B,O;R;V;U;G;K;B,A;B;C;G;H;I;J;K;L;M;N;O;R;U;V;Y,u4f78,佸,U+4F78,,,OHJR,OR,kut3,meet,1,2,6,2,0.8,12,cj-032,10,
cj-033,cangjie,1,33,Lesson 33,第33課,O;G;R;A;V;H;J;N;M;U;L;Y;C;K;I;B,O;R;V;U;G;K;B,A;B;C;G;H;I;J;K;L;M;N;O;R;U;V;Y,u4f79,佹,U+4F79,,,ONMU,OU,gwai2,depend upon; support; go against; (variant deceive),1,2,6,2,0.8,12,cj-032,10,
cj-033,cangjie,1,33,Lesson 33,第33課,O;G;R;A;V;H;J;N;M;U;L;Y;C;K;I;B,O;R;V;U;G;K;B,A;B;C;G;H;I;J;K;L;M;N;O;R;U;V;Y,u4f7a,佺,U+4F7A,,,OOMG,OG,cyun4,fairy,1,2,6,2,0.8,12,cj-032,10,
cj-033,cangjie,1,33,Lesson 33,第33課,O;G;R;A;V;H;J;N;M;U;L;Y;C;K;I;B,O;R;V;U;G;K;B,A;B;C;G;H;I;J;K;L;M;N;O;R;U;V;Y,u4f7b,佻,U+4F7B,,,OLMO,OO,tiu1,frivolous; unsteady; delay,1,2,6,2,0.8,12,cj-032,10,
cj-033,cangjie,1,33,Lesson 33,第33課,O;G;R;A;V;H;J;N;M;U;L;Y;C;K;I;B,O;R;V;U;G;K;B,A;B;C;G;H;I;J;K;L;M;N;O;R;U;V;Y,u4f7c,佼,U+4F7C,,,OYCK,OK,gaau2,"beautiful, handsome, good-looking",1,2,6,2,0.8,12,cj-032,10,
cj-033,cangjie,1,33,Lesson 33,第33課,O;G;R;A;V;H;J;N;M;U;L;Y;C;K;I;B,O;R;V;U;G;K;B,A;B;C;G;H;I;J;K;L;M;N;O;R;U;V;Y,u4f7d,佽,U+4F7D,,,OIMO,OO,ci3,aid; help,1,2,6,2,0.8,12,cj-032,10,
cj-033,cangjie,1,33,Lesson 33,第33課,O;G;R;A;V;H;J;N;M;U;L;Y;C;K;I;B,O;R;V;U;G;K;B,A;B;C;G;H;I;J;K;L;M;N;O;R;U;V;Y,u4f7e,佾,U+4F7E,,,OCB,OB,jat6,a row or file of dancers,1,2,6,2,0.8,12,cj-032,10,
cj-033,cangjie,1,33,Lesson 33,第33課,O;G;R;A;V;H;J;N;M;U;L;Y;C;K;I;B,O;R;V;U;G;K;B,A;B;C;G;H;I;J;K;L;M;N;O;R;U;V;Y,u4f7f,使,U+4F7F,,,OJLK,OK,si2,"cause, send on a mission, order; envoy, messenger, ambassador",1,2,6,2,0.8,12,cj-032,10,
cj-034,cangjie,1,34,Lesson 34,第34課,O;M;T;N;H;G;U;I;P;R;Y;V;D;K;S,O;N;U;P;G;D;S,D;G;H;I;K;M;N;O;P;R;S;T;U;V;Y,u4f80,侀,U+4F80,,,OMTN,ON,jing4,form,1,2,6,2,0.8,12,cj-033,10,
cj-034,cangjie,1,34,Lesson 34,第34課,O;M;T;N;H;G;U;I;P;R;Y;V;D;K;S,O;N;U;P;G;D;S,D;G;H;I;K;M;N;O;P;R;S;T;U;V;Y,u4f81,侁,U+4F81,,,OHGU,OU,san1,crowd,1,2,6,2,0.8,12,cj-033,10,
cj-034,cangjie,1,34,Lesson 34,第34課,O;M;T;N;H;G;U;I;P;R;Y;V;D;K;S,O;N;U;P;G;D;S,D;G;H;I;K;M;N;O;P;R;S;T;U;V;Y,u4f82,侂,U+4F82,,,OIHP,OP,tok3,"to commission, to entrust to, to depute; to request, to ask",1,2,6,2,0.8,12,cj-033,10,
cj-034,cangjie,1,34,Lesson 34,第34課,O;M;T;N;H;G;U;I;P;R;Y;V;D;K;S,O;N;U;P;G;D;S,D;G;H;I;K;M;N;O;P;R;S;T;U;V;Y,u4f83,侃,U+4F83,,,ORHU,OU,hon2,upright and strong; amiable,1,2,6,2,0.8,12,cj-033,10,
cj-034,cangjie,1,34,Lesson 34,第34課,O;M;T;N;H;G;U;I;P;R;Y;V;D;K;S,O;N;U;P;G;D;S,D;G;H;I;K;M;N;O;P;R;S;T;U;V;Y,u4f84,侄,U+4F84,,,OMIG,OG,zat6,nephew,1,2,6,2,0.8,12,cj-033,10,
cj-034,cangjie,1,34,Lesson 34,第34課,O;M;T;N;H;G;U;I;P;R;Y;V;D;K;S,O;N;U;P;G;D;S,D;G;H;I;K;M;N;O;P;R;S;T;U;V;Y,u4f85,侅,U+4F85,,,OYVO,OO,goi1,to give; prepared for included in; embraced in,1,2,6,2,0.8,12,cj-033,10,
cj-034,cangjie,1,34,Lesson 34,第34課,O;M;T;N;H;G;U;I;P;R;Y;V;D;K;S,O;N;U;P;G;D;S,D;G;H;I;K;M;N;O;P;R;S;T;U;V;Y,u4f86,來,U+4F86,,,DOO,DO,loi4,"come, coming; return, returning",1,2,6,2,0.8,12,cj-033,10,
cj-034,cangjie,1,34,Lesson 34,第34課,O;M;T;N;H;G;U;I;P;R;Y;V;D;K;S,O;N;U;P;G;D;S,D;G;H;I;K;M;N;O;P;R;S;T;U;V;Y,u4f87,侇,U+4F87,,,OKN,ON,ji4,"a class, a category a corpse",1,2,6,2,0.8,12,cj-033,10,
cj-034,cangjie,1,34,Lesson 34,第34課,O;M;T;N;H;G;U;I;P;R;Y;V;D;K;S,O;N;U;P;G;D;S,D;G;H;I;K;M;N;O;P;R;S;T;U;V;Y,u4f88,侈,U+4F88,,,ONIN,ON,ci2,"luxurious, extravagant",1,2,6,2,0.8,12,cj-033,10,
cj-034,cangjie,1,34,Lesson 34,第34課,O;M;T;N;H;G;U;I;P;R;Y;V;D;K;S,O;N;U;P;G;D;S,D;G;H;I;K;M;N;O;P;R;S;T;U;V;Y,u4f89,侉,U+4F89,,,OKMS,OS,kwaa2,to speak with an accent; big and clumsy,1,2,6,2,0.8,12,cj-033,10,
cj-035,cangjie,1,35,Lesson 35,第35課,O;F;M;U;N;G;D;I;H;J;B;T;K;Q;R,O;U;N;I;D;T;B;Q;R,B;D;F;G;H;I;J;K;M;N;O;Q;R;T;U,u4f8a,侊,U+4F8A,,,OFMU,OU,gwong1,big,1,2,6,2,0.8,12,cj-034,10,
cj-035,cangjie,1,35,Lesson 35,第35課,O;F;M;U;N;G;D;I;H;J;B;T;K;Q;R,O;U;N;I;D;T;B;Q;R,B;D;F;G;H;I;J;K;M;N;O;Q;R;T;U,u4f8b,例,U+4F8B,,,OMNN,ON,lai6,"precedent, example; regulation",1,2,6,2,0.8,12,cj-034,10,
cj-035,cangjie,1,35,Lesson 35,第35課,O;F;M;U;N;G;D;I;H;J;B;T;K;Q;R,O;U;N;I;D;T;B;Q;R,B;D;F;G;H;I;J;K;M;N;O;Q;R;T;U,u4f8d,侍,U+4F8D,,,OGDI,OI,si6,"serve, attend upon; attendant, servant; samurai",1,2,6,2,0.8,12,cj-034,10,
cj-035,cangjie,1,35,Lesson 35,第35課,O;F;M;U;N;G;D;I;H;J;B;T;K;Q;R,O;U;N;I;D;T;B;Q;R,B;D;F;G;H;I;J;K;M;N;O;Q;R;T;U,u4f8e,侎,U+4F8E,,,OFD,OD,mei5,"to soothe, to pacify; to settle, to establish",1,2,6,2,0.8,12,cj-034,10,
cj-035,cangjie,1,35,Lesson 35,第35課,O;F;M;U;N;G;D;I;H;J;B;T;K;Q;R,O;U;N;I;D;T;B;Q;R,B;D;F;G;H;I;J;K;M;N;O;Q;R;T;U,u4f8f,侏,U+4F8F,,,OHJD,OD,zyu1,"small, little, tiny, dwarf",1,2,6,2,0.8,12,cj-034,10,
cj-035,cangjie,1,35,Lesson 35,第35課,O;F;M;U;N;G;D;I;H;J;B;T;K;Q;R,O;U;N;I;D;T;B;Q;R,B;D;F;G;H;I;J;K;M;N;O;Q;R;T;U,u4f90,侐,U+4F90,,,OHBT,OT,gwik1,quiet,1,2,6,2,0.8,12,cj-034,10,
cj-035,cangjie,1,35,Lesson 35,第35課,O;F;M;U;N;G;D;I;H;J;B;T;K;Q;R,O;U;N;I;D;T;B;Q;R,B;D;F;G;H;I;J;K;M;N;O;Q;R;T;U,u4f91,侑,U+4F91,,,OKB,OB,jau6,"help, assist, repay kindness",1,2,6,2,0.8,12,cj-034,10,
cj-035,cangjie,1,35,Lesson 35,第35課,O;F;M;U;N;G;D;I;H;J;B;T;K;Q;R,O;U;N;I;D;T;B;Q;R,B;D;F;G;H;I;J;K;M;N;O;Q;R;T;U,u4f94,侔,U+4F94,,,OIHQ,OQ,mau4,equal,1,2,6,2,0.8,12,cj-034,10,
cj-035,cangjie,1,35,Lesson 35,第35課,O;F;M;U;N;G;D;I;H;J;B;T;K;Q;R,O;U;N;I;D;T;B;Q;R,B;D;F;G;H;I;J;K;M;N;O;Q;R;T;U,u4f96,侖,U+4F96,,,OMBT,OT,leon4,"logical reasons, logical order",1,2,6,2,0.8,12,cj-034,10,
cj-035,cangjie,1,35,Lesson 35,第35課,O;F;M;U;N;G;D;I;H;J;B;T;K;Q;R,O;U;N;I;D;T;B;Q;R,B;D;F;G;H;I;J;K;M;N;O;Q;R;T;U,u4f97,侗,U+4F97,,,OBMR,OR,tung4,"big; ignorant; rude, rustic",1,2,6,2,0.8,12,cj-034,10,
cj-036,cangjie,1,36,Lesson 36,第36課,O;J;H;P;A;T;C;B;Y;V;K;M;L;W;G;R;U,O;P;A;C;Y;V;T;W;B;R;U,A;B;C;G;H;J;K;L;M;O;P;R;T;U;V;W;Y,u4f98,侘,U+4F98,,,OJHP,OP,caa3,"disappointed, forlorn",1,2,6,2,0.8,12,cj-035,10,
cj-036,cangjie,1,36,Lesson 36,第36課,O;J;H;P;A;T;C;B;Y;V;K;M;L;W;G;R;U,O;P;A;C;Y;V;T;W;B;R;U,A;B;C;G;H;J;K;L;M;O;P;R;T;U;V;W;Y,u4f9a,侚,U+4F9A,,,OPA,OA,seon1,fast,1,2,6,2,0.8,12,cj-035,10,
cj-036,cangjie,1,36,Lesson 36,第36課,O;J;H;P;A;T;C;B;Y;V;K;M;L;W;G;R;U,O;P;A;C;Y;V;T;W;B;R;U,A;B;C;G;H;J;K;L;M;O;P;R;T;U;V;W;Y,u4f9b,供,U+4F9B,,,OTC,OC,gung1,"supply, provide for; offer in worship",1,2,6,2,0.8,12,cj-035,10,
cj-036,cangjie,1,36,Lesson 36,第36課,O;J;H;P;A;T;C;B;Y;V;K;M;L;W;G;R;U,O;P;A;C;Y;V;T;W;B;R;U,A;B;C;G;H;J;K;L;M;O;P;R;T;U;V;W;Y,u4f9c,侜,U+4F9C,,,OHBY,OY,zau1,lies,1,2,6,2,0.8,12,cj-035,10,
cj-036,cangjie,1,36,Lesson 36,第36課,O;J;H;P;A;T;C;B;Y;V;K;M;L;W;G;R;U,O;P;A;C;Y;V;T;W;B;R;U,A;B;C;G;H;J;K;L;M;O;P;R;T;U;V;W;Y,u4f9d,依,U+4F9D,,,OYHV,OV,ji1,"rely on, be set in; consent, obey a wish",1,2,6,2,0.8,12,cj-035,10,
cj-036,cangjie,1,36,Lesson 36,第36課,O;J;H;P;A;T;C;B;Y;V;K;M;L;W;G;R;U,O;P;A;C;Y;V;T;W;B;R;U,A;B;C;G;H;J;K;L;M;O;P;R;T;U;V;W;Y,u4fa0,侠,U+4FA0,,,OKT,OT,hap6,chivalrous person; knight-errant,1,2,6,2,0.8,12,cj-035,10,
cj-036,cangjie,1,36,Lesson 36,第36課,O;J;H;P;A;T;C;B;Y;V;K;M;L;W;G;R;U,O;P;A;C;Y;V;T;W;B;R;U,A;B;C;G;H;J;K;L;M;O;P;R;T;U;V;W;Y,u4fa1,価,U+4FA1,,,OMLW,OW,ci5,"price, value",1,2,6,2,0.8,12,cj-035,10,
cj-036,cangjie,1,36,Lesson 36,第36課,O;J;H;P;A;T;C;B;Y;V;K;M;L;W;G;R;U,O;P;A;C;Y;V;T;W;B;R;U,A;B;C;G;H;J;K;L;M;O;P;R;T;U;V;W;Y,u4fa2,侢,U+4FA2,,,OMGB,OB,daai3,load,1,2,6,2,0.8,12,cj-035,10,
cj-036,cangjie,1,36,Lesson 36,第36課,O;J;H;P;A;T;C;B;Y;V;K;M;L;W;G;R;U,O;P;A;C;Y;V;T;W;B;R;U,A;B;C;G;H;J;K;L;M;O;P;R;T;U;V;W;Y,u4fa3,侣,U+4FA3,,,ORR,OR,leoi5,companion; associate with,1,2,6,2,0.8,12,cj-035,10,
cj-036,cangjie,1,36,Lesson 36,第36課,O;J;H;P;A;T;C;B;Y;V;K;M;L;W;G;R;U,O;P;A;C;Y;V;T;W;B;R;U,A;B;C;G;H;J;K;L;M;O;P;R;T;U;V;W;Y,u4fa5,侥,U+4FA5,,,OJPU,OU,hiu1,"be lucky; by chance, by luck",1,2,6,2,0.8,12,cj-035,10,
cj-037,cangjie,1,37,Lesson 37,第37課,O;Y;B;N;H;K;L;M;I;V;S;W,O;N;L;I;V;Y;K,B;H;I;K;L;M;N;O;S;V;W;Y,u4fa6,侦,U+4FA6,,,OYBO,OO,zing1,"spy, reconnoiter; detective",1,2,6,2,0.8,12,cj-036,10,
cj-037,cangjie,1,37,Lesson 37,第37課,O;Y;B;N;H;K;L;M;I;V;S;W,O;N;L;I;V;Y;K,B;H;I;K;L;M;N;O;S;V;W;Y,u4fa7,侧,U+4FA7,,,OBON,ON,zak1,"side; incline, slant, lean",1,2,6,2,0.8,12,cj-036,10,
cj-037,cangjie,1,37,Lesson 37,第37課,O;Y;B;N;H;K;L;M;I;V;S;W,O;N;L;I;V;Y;K,B;H;I;K;L;M;N;O;S;V;W;Y,u4fa8,侨,U+4FA8,,,OHKL,OL,kiu4,"sojourn, lodge",1,2,6,2,0.8,12,cj-036,10,
cj-037,cangjie,1,37,Lesson 37,第37課,O;Y;B;N;H;K;L;M;I;V;S;W,O;N;L;I;V;Y;K,B;H;I;K;L;M;N;O;S;V;W;Y,u4fa9,侩,U+4FA9,,,OOMI,OI,kui2,"go-between, broker, proxy",1,2,6,2,0.8,12,cj-036,10,
cj-037,cangjie,1,37,Lesson 37,第37課,O;Y;B;N;H;K;L;M;I;V;S;W,O;N;L;I;V;Y;K,B;H;I;K;L;M;N;O;S;V;W;Y,u4faa,侪,U+4FAA,,,OYKL,OL,caai4,"a company, companion; together",1,2,6,2,0.8,12,cj-036,10,
cj-037,cangjie,1,37,Lesson 37,第37課,O;Y;B;N;H;K;L;M;I;V;S;W,O;N;L;I;V;Y;K,B;H;I;K;L;M;N;O;S;V;W;Y,u4fab,侫,U+4FAB,,,OYVV,OV,ning6,flattery; glib,1,2,6,2,0.8,12,cj-036,10,
cj-037,cangjie,1,37,Lesson 37,第37課,O;Y;B;N;H;K;L;M;I;V;S;W,O;N;L;I;V;Y;K,B;H;I;K;L;M;N;O;S;V;W;Y,u4fac,侬,U+4FAC,,,OHBV,OV,nung4,I; you; family name,1,2,6,2,0.8,12,cj-036,10,
cj-037,cangjie,1,37,Lesson 37,第37課,O;Y;B;N;H;K;L;M;I;V;S;W,O;N;L;I;V;Y;K,B;H;I;K;L;M;N;O;S;V;W;Y,u4fad,侭,U+4FAD,,,OSOY,OY,zeon2,"complete, utmost",1,2,6,2,0.8,12,cj-036,10,
cj-037,cangjie,1,37,Lesson 37,第37課,O;Y;B;N;H;K;L;M;I;V;S;W,O;N;L;I;V;Y;K,B;H;I;K;L;M;N;O;S;V;W;Y,u4fae,侮,U+4FAE,,,OOWY,OY,mou5,"insult, ridicule, disgrace",1,2,6,2,0.8,12,cj-036,10,
cj-037,cangjie,1,37,Lesson 37,第37課,O;Y;B;N;H;K;L;M;I;V;S;W,O;N;L;I;V;Y;K,B;H;I;K;L;M;N;O;S;V;W;Y,u4faf,侯,U+4FAF,,,ONMK,OK,hau4,"marquis, lord; target in archery",1,2,6,2,0.8,12,cj-036,10,
cj-038,cangjie,1,38,Lesson 38,第38課,O;M;N;S;E;R;H;K;G;C;U;L;V;F;Y,O;N;E;R;G;U;K;F,C;E;F;G;H;K;L;M;N;O;R;S;U;V;Y,u4fb4,侴,U+4FB4,,,OMNN,ON,cau2,surname,1,2,6,2,0.8,12,cj-037,10,
cj-038,cangjie,1,38,Lesson 38,第38課,O;M;N;S;E;R;H;K;G;C;U;L;V;F;Y,O;N;E;R;G;U;K;F,C;E;F;G;H;K;L;M;N;O;R;S;U;V;Y,u4fb5,侵,U+4FB5,,,OSME,OE,cam1,"invade, encroach upon, raid",1,2,6,2,0.8,12,cj-037,10,
cj-038,cangjie,1,38,Lesson 38,第38課,O;M;N;S;E;R;H;K;G;C;U;L;V;F;Y,O;N;E;R;G;U;K;F,C;E;F;G;H;K;L;M;N;O;R;S;U;V;Y,u4fb6,侶,U+4FB6,,,ORHR,OR,leoi5,companion; associate with,1,2,6,2,0.8,12,cj-037,10,
cj-038,cangjie,1,38,Lesson 38,第38課,O;M;N;S;E;R;H;K;G;C;U;L;V;F;Y,O;N;E;R;G;U;K;F,C;E;F;G;H;K;L;M;N;O;R;S;U;V;Y,u4fb7,侷,U+4FB7,,,OSSR,OR,guk6,"narrow, cramped, confined",1,2,6,2,0.8,12,cj-037,10,
cj-038,cangjie,1,38,Lesson 38,第38課,O;M;N;S;E;R;H;K;G;C;U;L;V;F;Y,O;N;E;R;G;U;K;F,C;E;F;G;H;K;L;M;N;O;R;S;U;V;Y,u4fb9,侹,U+4FB9,,,ONKG,OG,ting5,straight,1,2,6,2,0.8,12,cj-037,10,
cj-038,cangjie,1,38,Lesson 38,第38課,O;M;N;S;E;R;H;K;G;C;U;L;V;F;Y,O;N;E;R;G;U;K;F,C;E;F;G;H;K;L;M;N;O;R;S;U;V;Y,u4fbb,侻,U+4FBB,,,OCRU,OU,tyut3,"to run away, escape",1,2,6,2,0.8,12,cj-037,10,
cj-038,cangjie,1,38,Lesson 38,第38課,O;M;N;S;E;R;H;K;G;C;U;L;V;F;Y,O;N;E;R;G;U;K;F,C;E;F;G;H;K;L;M;N;O;R;S;U;V;Y,u4fbf,便,U+4FBF,,,OMLK,OK,bin6,"convenience, ease; expedient",1,2,6,2,0.8,12,cj-037,10,
cj-038,cangjie,1,38,Lesson 38,第38課,O;M;N;S;E;R;H;K;G;C;U;L;V;F;Y,O;N;E;R;G;U;K;F,C;E;F;G;H;K;L;M;N;O;R;S;U;V;Y,u4fc1,俁,U+4FC1,,,ORVK,OK,jyu5,big,1,2,6,2,0.8,12,cj-037,10,
cj-038,cangjie,1,38,Lesson 38,第38課,O;M;N;S;E;R;H;K;G;C;U;L;V;F;Y,O;N;E;R;G;U;K;F,C;E;F;G;H;K;L;M;N;O;R;S;U;V;Y,u4fc2,係,U+4FC2,,,OHVF,OF,hai6,"bind, tie up; involve, relation",1,2,6,2,0.8,12,cj-037,10,
cj-038,cangjie,1,38,Lesson 38,第38課,O;M;N;S;E;R;H;K;G;C;U;L;V;F;Y,O;N;E;R;G;U;K;F,C;E;F;G;H;K;L;M;N;O;R;S;U;V;Y,u4fc3,促,U+4FC3,,,ORYO,OO,cuk1,"urge, press, hurry; close",1,2,6,2,0.8,12,cj-037,10,
cj-039,cangjie,1,39,Lesson 39,第39課,O;H;Q;I;J;E;G;R;C;B;M;F;D;N;V;U,O;I;E;R;M;B;N;U,B;C;D;E;F;G;H;I;J;M;N;O;Q;R;U;V,u4fc4,俄,U+4FC4,,,OHQI,OI,ngo4,"sudden(ly), soon; Russian",1,2,6,2,0.8,12,cj-038,10,
cj-039,cangjie,1,39,Lesson 39,第39課,O;H;Q;I;J;E;G;R;C;B;M;F;D;N;V;U,O;I;E;R;M;B;N;U,B;C;D;E;F;G;H;I;J;M;N;O;Q;R;U;V,u4fc5,俅,U+4FC5,,,OIJE,OE,kau4,ornamental cap,1,2,6,2,0.8,12,cj-038,10,
cj-039,cangjie,1,39,Lesson 39,第39課,O;H;Q;I;J;E;G;R;C;B;M;F;D;N;V;U,O;I;E;R;M;B;N;U,B;C;D;E;F;G;H;I;J;M;N;O;Q;R;U;V,u4fc8,俈,U+4FC8,,,OHGR,OR,guk1,to inform quickly; an urgent communication,1,2,6,2,0.8,12,cj-038,10,
cj-039,cangjie,1,39,Lesson 39,第39課,O;H;Q;I;J;E;G;R;C;B;M;F;D;N;V;U,O;I;E;R;M;B;N;U,B;C;D;E;F;G;H;I;J;M;N;O;Q;R;U;V,u4fca,俊,U+4FCA,,,OICE,OE,zeon3,"talented, capable; handsome",1,2,6,2,0.8,12,cj-038,10,
cj-039,cangjie,1,39,Lesson 39,第39課,O;H;Q;I;J;E;G;R;C;B;M;F;D;N;V;U,O;I;E;R;M;B;N;U,B;C;D;E;F;G;H;I;J;M;N;O;Q;R;U;V,u4fce,俎,U+4FCE,,,OOBM,OM,zo2,chopping board or block; painted,1,2,6,2,0.8,12,cj-038,10,
cj-039,cangjie,1,39,Lesson 39,第39課,O;H;Q;I;J;E;G;R;C;B;M;F;D;N;V;U,O;I;E;R;M;B;N;U,B;C;D;E;F;G;H;I;J;M;N;O;Q;R;U;V,u4fcf,俏,U+4FCF,,,OFB,OB,ciu3,"like, similar; resemble; pretty",1,2,6,2,0.8,12,cj-038,10,
cj-039,cangjie,1,39,Lesson 39,第39課,O;H;Q;I;J;E;G;R;C;B;M;F;D;N;V;U,O;I;E;R;M;B;N;U,B;C;D;E;F;G;H;I;J;M;N;O;Q;R;U;V,u4fd0,俐,U+4FD0,,,OHDN,ON,lei6,"smooth; active; clever, sharp",1,2,6,2,0.8,12,cj-038,10,
cj-039,cangjie,1,39,Lesson 39,第39課,O;H;Q;I;J;E;G;R;C;B;M;F;D;N;V;U,O;I;E;R;M;B;N;U,B;C;D;E;F;G;H;I;J;M;N;O;Q;R;U;V,u4fd1,俑,U+4FD1,,,ONIB,OB,jung2,wooden figure buried with dead,1,2,6,2,0.8,12,cj-038,10,
cj-039,cangjie,1,39,Lesson 39,第39課,O;H;Q;I;J;E;G;R;C;B;M;F;D;N;V;U,O;I;E;R;M;B;N;U,B;C;D;E;F;G;H;I;J;M;N;O;Q;R;U;V,u4fd3,俓,U+4FD3,,,OMVM,OM,ging3,straight; pass,1,2,6,2,0.8,12,cj-038,10,
cj-039,cangjie,1,39,Lesson 39,第39課,O;H;Q;I;J;E;G;R;C;B;M;F;D;N;V;U,O;I;E;R;M;B;N;U,B;C;D;E;F;G;H;I;J;M;N;O;Q;R;U;V,u4fd4,俔,U+4FD4,,,OBUU,OU,jin5,like,1,2,6,2,0.8,12,cj-038,10,
cj-040,cangjie,1,40,Lesson 40,第40課,O;C;R;B;N;D;K;W;G;A;U;L;S;M;I,O;R;D;B;G;U;S;N;K,A;B;C;D;G;I;K;L;M;N;O;R;S;U;W,u4fd7,俗,U+4FD7,,,OCOR,OR,zuk6,"social customs; vulgar, unrefined",1,2,6,2,0.8,12,cj-039,10,
cj-040,cangjie,1,40,Lesson 40,第40課,O;C;R;B;N;D;K;W;G;A;U;L;S;M;I,O;R;D;B;G;U;S;N;K,A;B;C;D;G;I;K;L;M;N;O;R;S;U;W,u4fd8,俘,U+4FD8,,,OBND,OD,fu1,prisoner of war; take as prisoner,1,2,6,2,0.8,12,cj-039,10,
cj-040,cangjie,1,40,Lesson 40,第40課,O;C;R;B;N;D;K;W;G;A;U;L;S;M;I,O;R;D;B;G;U;S;N;K,A;B;C;D;G;I;K;L;M;N;O;R;S;U;W,u4fd9,俙,U+4FD9,,,OKKB,OB,hei1,"to pretend, appear as if",1,2,6,2,0.8,12,cj-039,10,
cj-040,cangjie,1,40,Lesson 40,第40課,O;C;R;B;N;D;K;W;G;A;U;L;S;M;I,O;R;D;B;G;U;S;N;K,A;B;C;D;G;I;K;L;M;N;O;R;S;U;W,u4fda,俚,U+4FDA,,,OWG,OG,lei5,"rustic, vulgar, unpolished; mean",1,2,6,2,0.8,12,cj-039,10,
cj-040,cangjie,1,40,Lesson 40,第40課,O;C;R;B;N;D;K;W;G;A;U;L;S;M;I,O;R;D;B;G;U;S;N;K,A;B;C;D;G;I;K;L;M;N;O;R;S;U;W,u4fdb,俛,U+4FDB,,,ONAU,OU,min5,"make effort, endeavor; to lower the head",1,2,6,2,0.8,12,cj-039,10,
cj-040,cangjie,1,40,Lesson 40,第40課,O;C;R;B;N;D;K;W;G;A;U;L;S;M;I,O;R;D;B;G;U;S;N;K,A;B;C;D;G;I;K;L;M;N;O;R;S;U;W,u4fdc,俜,U+4FDC,,,OLWS,OS,ping1,to trust to; send a message,1,2,6,2,0.8,12,cj-039,10,
cj-040,cangjie,1,40,Lesson 40,第40課,O;C;R;B;N;D;K;W;G;A;U;L;S;M;I,O;R;D;B;G;U;S;N;K,A;B;C;D;G;I;K;L;M;N;O;R;S;U;W,u4fdd,保,U+4FDD,,,ORD,OD,bou2,"protect, safeguard, defend, care",1,2,6,2,0.8,12,cj-039,10,
cj-040,cangjie,1,40,Lesson 40,第40課,O;C;R;B;N;D;K;W;G;A;U;L;S;M;I,O;R;D;B;G;U;S;N;K,A;B;C;D;G;I;K;L;M;N;O;R;S;U;W,u4fde,俞,U+4FDE,,,OMBN,ON,jyu4,"surname; consent, approve",1,2,6,2,0.8,12,cj-039,10,
cj-040,cangjie,1,40,Lesson 40,第40課,O;C;R;B;N;D;K;W;G;A;U;L;S;M;I,O;R;D;B;G;U;S;N;K,A;B;C;D;G;I;K;L;M;N;O;R;S;U;W,u4fdf,俟,U+4FDF,,,OIOK,OK,zi6,"wait for, wait until, as soon as",1,2,6,2,0.8,12,cj-039,10,
cj-040,cangjie,1,40,Lesson 40,第40課,O;C;R;B;N;D;K;W;G;A;U;L;S;M;I,O;R;D;B;G;U;S;N;K,A;B;C;D;G;I;K;L;M;N;O;R;S;U;W,u4fe0,俠,U+4FE0,,,OKOO,OO,hap6,chivalrous person; knight-errant,1,2,6,2,0.8,12,cj-039,10,
cj-041,cangjie,1,41,Lesson 41,第41課,O;Y;M;R;K;C;N;H;J;W;Q;I;T;B;D,O;R;K;H;J;I;B;T,B;C;D;H;I;J;K;M;N;O;Q;R;T;W;Y,u4fe1,信,U+4FE1,,,OYMR,OR,seon3,"trust, believe; letter",1,2,6,2,0.8,12,cj-040,10,
cj-041,cangjie,1,41,Lesson 41,第41課,O;Y;M;R;K;C;N;H;J;W;Q;I;T;B;D,O;R;K;H;J;I;B;T,B;C;D;H;I;J;K;M;N;O;Q;R;T;W;Y,u4fe3,俣,U+4FE3,,,ORMK,OK,jyu5,big,1,2,6,2,0.8,12,cj-040,10,
cj-041,cangjie,1,41,Lesson 41,第41課,O;Y;M;R;K;C;N;H;J;W;Q;I;T;B;D,O;R;K;H;J;I;B;T,B;C;D;H;I;J;K;M;N;O;Q;R;T;W;Y,u4fe4,俤,U+4FE4,,,OCNH,OH,dai6,"(same as 面影 in Japanese), visage, face; trace, shadow; memory",1,2,6,2,0.8,12,cj-040,10,
cj-041,cangjie,1,41,Lesson 41,第41課,O;Y;M;R;K;C;N;H;J;W;Q;I;T;B;D,O;R;K;H;J;I;B;T,B;C;D;H;I;J;K;M;N;O;Q;R;T;W;Y,u4fe5,俥,U+4FE5,,,OJWJ,OJ,ce1,"rickshaw, cart, vehicle; name of piece in Chinese chess",1,2,6,2,0.8,12,cj-040,10,
cj-041,cangjie,1,41,Lesson 41,第41課,O;Y;M;R;K;C;N;H;J;W;Q;I;T;B;D,O;R;K;H;J;I;B;T,B;C;D;H;I;J;K;M;N;O;Q;R;T;W;Y,u4fe6,俦,U+4FE6,,,OQKI,OI,cau4,"companion, mate, colleague",1,2,6,2,0.8,12,cj-040,10,
cj-041,cangjie,1,41,Lesson 41,第41課,O;Y;M;R;K;C;N;H;J;W;Q;I;T;B;D,O;R;K;H;J;I;B;T,B;C;D;H;I;J;K;M;N;O;Q;R;T;W;Y,u4fe8,俨,U+4FE8,,,OMTH,OH,jim5,"grave, respectful, majestic",1,2,6,2,0.8,12,cj-040,10,
cj-041,cangjie,1,41,Lesson 41,第41課,O;Y;M;R;K;C;N;H;J;W;Q;I;T;B;D,O;R;K;H;J;I;B;T,B;C;D;H;I;J;K;M;N;O;Q;R;T;W;Y,u4fe9,俩,U+4FE9,,,OMOB,OB,loeng5,"two, pair",1,2,6,2,0.8,12,cj-040,10,
cj-041,cangjie,1,41,Lesson 41,第41課,O;Y;M;R;K;C;N;H;J;W;Q;I;T;B;D,O;R;K;H;J;I;B;T,B;C;D;H;I;J;K;M;N;O;Q;R;T;W;Y,u4fea,俪,U+4FEA,,,OMBB,OB,lai6,"spouse, couple, pair",1,2,6,2,0.8,12,cj-040,10,
cj-041,cangjie,1,41,Lesson 41,第41課,O;Y;M;R;K;C;N;H;J;W;Q;I;T;B;D,O;R;K;H;J;I;B;T,B;C;D;H;I;J;K;M;N;O;Q;R;T;W;Y,u4feb,俫,U+4FEB,,,ODT,OT,loi4,to induce to come; to encourage,1,2,6,2,0.8,12,cj-040,10,
cj-041,cangjie,1,41,Lesson 41,第41課,O;Y;M;R;K;C;N;H;J;W;Q;I;T;B;D,O;R;K;H;J;I;B;T,B;C;D;H;I;J;K;M;N;O;Q;R;T;W;Y,u4fec,俬,U+4FEC,,,OHDI,OI,si1,"(Cant.) 傢俬, furniture",1,2,6,2,0.8,12,cj-040,10,
cj-042,cangjie,1,42,Lesson 42,第42課,O;M;L;H;I;B;C;Y;K;S;Q;V;F;E,O;M;H;I;C;S;Y;V;E;Q,B;C;E;F;H;I;K;L;M;O;Q;S;V;Y,u4fed,俭,U+4FED,,,OOMM,OM,gim6,"temperate, frugal, economical",1,2,6,2,0.8,12,cj-041,10,
cj-042,cangjie,1,42,Lesson 42,第42課,O;M;L;H;I;B;C;Y;K;S;Q;V;F;E,O;M;H;I;C;S;Y;V;E;Q,B;C;E;F;H;I;K;L;M;O;Q;S;V;Y,u4fee,修,U+4FEE,,,OLHH,OH,sau1,study; repair; cultivate,1,2,6,2,0.8,12,cj-041,10,
cj-042,cangjie,1,42,Lesson 42,第42課,O;M;L;H;I;B;C;Y;K;S;Q;V;F;E,O;M;H;I;C;S;Y;V;E;Q,B;C;E;F;H;I;K;L;M;O;Q;S;V;Y,u4fef,俯,U+4FEF,,,OIOI,OI,fu2,"bow down, face down, look down",1,2,6,2,0.8,12,cj-041,10,
cj-042,cangjie,1,42,Lesson 42,第42課,O;M;L;H;I;B;C;Y;K;S;Q;V;F;E,O;M;H;I;C;S;Y;V;E;Q,B;C;E;F;H;I;K;L;M;O;Q;S;V;Y,u4ff1,俱,U+4FF1,,,OBMC,OC,keoi1,"all, together; accompany",1,2,6,2,0.8,12,cj-041,10,
cj-042,cangjie,1,42,Lesson 42,第42課,O;M;L;H;I;B;C;Y;K;S;Q;V;F;E,O;M;H;I;C;S;Y;V;E;Q,B;C;E;F;H;I;K;L;M;O;Q;S;V;Y,u4ff2,俲,U+4FF2,,,OYKS,OS,haau6,"(same as 傚) imitate, mimic",1,2,6,2,0.8,12,cj-041,10,
cj-042,cangjie,1,42,Lesson 42,第42課,O;M;L;H;I;B;C;Y;K;S;Q;V;F;E,O;M;H;I;C;S;Y;V;E;Q,B;C;E;F;H;I;K;L;M;O;Q;S;V;Y,u4ff3,俳,U+4FF3,,,OLMY,OY,paai4,actor; vaudeville show; insincere,1,2,6,2,0.8,12,cj-041,10,
cj-042,cangjie,1,42,Lesson 42,第42課,O;M;L;H;I;B;C;Y;K;S;Q;V;F;E,O;M;H;I;C;S;Y;V;E;Q,B;C;E;F;H;I;K;L;M;O;Q;S;V;Y,u4ff4,俴,U+4FF4,,,OII,OI,cin5,thin,1,2,6,2,0.8,12,cj-041,10,
cj-042,cangjie,1,42,Lesson 42,第42課,O;M;L;H;I;B;C;Y;K;S;Q;V;F;E,O;M;H;I;C;S;Y;V;E;Q,B;C;E;F;H;I;K;L;M;O;Q;S;V;Y,u4ff5,俵,U+4FF5,,,OQMV,OV,biu2,"divide, distribute",1,2,6,2,0.8,12,cj-041,10,
cj-042,cangjie,1,42,Lesson 42,第42課,O;M;L;H;I;B;C;Y;K;S;Q;V;F;E,O;M;H;I;C;S;Y;V;E;Q,B;C;E;F;H;I;K;L;M;O;Q;S;V;Y,u4ff6,俶,U+4FF6,,,OYFE,OE,cuk1,"start, begin; beginning; arrange",1,2,6,2,0.8,12,cj-041,10,
cj-042,cangjie,1,42,Lesson 42,第42課,O;M;L;H;I;B;C;Y;K;S;Q;V;F;E,O;M;H;I;C;S;Y;V;E;Q,B;C;E;F;H;I;K;L;M;O;Q;S;V;Y,u4ff8,俸,U+4FF8,,,OQKQ,OQ,fung6,"wages, salary, official emolument",1,2,6,2,0.8,12,cj-041,10,
cj-043,cangjie,1,43,Lesson 43,第43課,O;K;L;U;H;E;W;J;S;M;V;Y;R;B;D;I;A,O;U;W;J;V;R;B,A;B;D;E;H;I;J;K;L;M;O;R;S;U;V;W;Y,u4ffa,俺,U+4FFA,,,OKLU,OU,aan2,"personal pronoun, I",1,2,6,2,0.8,12,cj-042,10,
cj-043,cangjie,1,43,Lesson 43,第43課,O;K;L;U;H;E;W;J;S;M;V;Y;R;B;D;I;A,O;U;W;J;V;R;B,A;B;D;E;H;I;J;K;L;M;O;R;S;U;V;W;Y,u4ffb,俻,U+4FFB,,,OHEW,OW,bei6,to prepare; to provide; to put in order; to complete perfection; completeness,1,2,6,2,0.8,12,cj-042,10,
cj-043,cangjie,1,43,Lesson 43,第43課,O;K;L;U;H;E;W;J;S;M;V;Y;R;B;D;I;A,O;U;W;J;V;R;B,A;B;D;E;H;I;J;K;L;M;O;R;S;U;V;W;Y,u4ffe,俾,U+4FFE,,,OHWJ,OJ,bei2,"so that, in order that; to cause; (Cant.) to give (synonymous with Mandarin 給)",1,2,6,2,0.8,12,cj-042,10,
cj-043,cangjie,1,43,Lesson 43,第43課,O;K;L;U;H;E;W;J;S;M;V;Y;R;B;D;I;A,O;U;W;J;V;R;B,A;B;D;E;H;I;J;K;L;M;O;R;S;U;V;W;Y,u5000,倀,U+5000,,,OSMV,OV,coeng1,"bewildered; rash, wildly",1,2,6,2,0.8,12,cj-042,10,
cj-043,cangjie,1,43,Lesson 43,第43課,O;K;L;U;H;E;W;J;S;M;V;Y;R;B;D;I;A,O;U;W;J;V;R;B,A;B;D;E;H;I;J;K;L;M;O;R;S;U;V;W;Y,u5002,倂,U+5002,,,OYJJ,OJ,bing3,combine,1,2,6,2,0.8,12,cj-042,10,
cj-043,cangjie,1,43,Lesson 43,第43課,O;K;L;U;H;E;W;J;S;M;V;Y;R;B;D;I;A,O;U;W;J;V;R;B,A;B;D;E;H;I;J;K;L;M;O;R;S;U;V;W;Y,u5003,倃,U+5003,,,OHOR,OR,gau6,"damage, destroy",1,2,6,2,0.8,12,cj-042,10,
cj-043,cangjie,1,43,Lesson 43,第43課,O;K;L;U;H;E;W;J;S;M;V;Y;R;B;D;I;A,O;U;W;J;V;R;B,A;B;D;E;H;I;J;K;L;M;O;R;S;U;V;W;Y,u5005,倅,U+5005,,,OYOJ,OJ,ceoi4,"deputy, vice-",1,2,6,2,0.8,12,cj-042,10,
cj-043,cangjie,1,43,Lesson 43,第43課,O;K;L;U;H;E;W;J;S;M;V;Y;R;B;D;I;A,O;U;W;J;V;R;B,A;B;D;E;H;I;J;K;L;M;O;R;S;U;V;W;Y,u5006,倆,U+5006,,,OMLB,OB,loeng5,"clever, skilled; two, pair",1,2,6,2,0.8,12,cj-042,10,
cj-043,cangjie,1,43,Lesson 43,第43課,O;K;L;U;H;E;W;J;S;M;V;Y;R;B;D;I;A,O;U;W;J;V;R;B,A;B;D;E;H;I;J;K;L;M;O;R;S;U;V;W;Y,u5008,倈,U+5008,,,ODOO,OO,loi4,to induce to come; to encourage,1,2,6,2,0.8,12,cj-042,10,
cj-043,cangjie,1,43,Lesson 43,第43課,O;K;L;U;H;E;W;J;S;M;V;Y;R;B;D;I;A,O;U;W;J;V;R;B,A;B;D;E;H;I;J;K;L;M;O;R;S;U;V;W;Y,u5009,倉,U+5009,,,OIAR,OR,cong1,granary; berth; sea,1,2,6,2,0.8,12,cj-042,10,
cj-044,cangjie,1,44,Lesson 44,第44課,O;W;J;R;Y;T;L;H;K;F;A;N;M;G;S;U;B,O;R;K;F;N;U;J,A;B;F;G;H;J;K;L;M;N;O;R;S;T;U;W;Y,u500b,個,U+500B,,,OWJR,OR,go3,"numerary adjunct, piece; single",1,2,6,2,0.8,12,cj-043,10,
cj-044,cangjie,1,44,Lesson 44,第44課,O;W;J;R;Y;T;L;H;K;F;A;N;M;G;S;U;B,O;R;K;F;N;U;J,A;B;F;G;H;J;K;L;M;N;O;R;S;T;U;W;Y,u500c,倌,U+500C,,,OJRR,OR,gun1,"assistant in wine shop, groom",1,2,6,2,0.8,12,cj-043,10,
cj-044,cangjie,1,44,Lesson 44,第44課,O;W;J;R;Y;T;L;H;K;F;A;N;M;G;S;U;B,O;R;K;F;N;U;J,A;B;F;G;H;J;K;L;M;N;O;R;S;T;U;W;Y,u500d,倍,U+500D,,,OYTR,OR,pui5,"times, fold, multiple times",1,2,6,2,0.8,12,cj-043,10,
cj-044,cangjie,1,44,Lesson 44,第44課,O;W;J;R;Y;T;L;H;K;F;A;N;M;G;S;U;B,O;R;K;F;N;U;J,A;B;F;G;H;J;K;L;M;N;O;R;S;T;U;W;Y,u500f,倏,U+500F,,,OLHK,OK,suk1,"hastily, suddenly, abruptly",1,2,6,2,0.8,12,cj-043,10,
cj-044,cangjie,1,44,Lesson 44,第44課,O;W;J;R;Y;T;L;H;K;F;A;N;M;G;S;U;B,O;R;K;F;N;U;J,A;B;F;G;H;J;K;L;M;N;O;R;S;T;U;W;Y,u5010,倐,U+5010,,,OLHF,OF,suk1,hastily; suddenly,1,2,6,2,0.8,12,cj-043,10,
cj-044,cangjie,1,44,Lesson 44,第44課,O;W;J;R;Y;T;L;H;K;F;A;N;M;G;S;U;B,O;R;K;F;N;U;J,A;B;F;G;H;J;K;L;M;N;O;R;S;T;U;W;Y,u5011,們,U+5011,,,OAN,ON,mun4,adjunct pronoun indicate plural,1,2,6,2,0.8,12,cj-043,10,
cj-044,cangjie,1,44,Lesson 44,第44課,O;W;J;R;Y;T;L;H;K;F;A;N;M;G;S;U;B,O;R;K;F;N;U;J,A;B;F;G;H;J;K;L;M;N;O;R;S;T;U;W;Y,u5012,倒,U+5012,,,OMGN,ON,dou2,fall over; lie down; take turns,1,2,6,2,0.8,12,cj-043,10,
cj-044,cangjie,1,44,Lesson 44,第44課,O;W;J;R;Y;T;L;H;K;F;A;N;M;G;S;U;B,O;R;K;F;N;U;J,A;B;F;G;H;J;K;L;M;N;O;R;S;T;U;W;Y,u5014,倔,U+5014,,,OSUU,OU,gwat6,"stubborn, obstinate, intransigent; firm",1,2,6,2,0.8,12,cj-043,10,
cj-044,cangjie,1,44,Lesson 44,第44課,O;W;J;R;Y;T;L;H;K;F;A;N;M;G;S;U;B,O;R;K;F;N;U;J,A;B;F;G;H;J;K;L;M;N;O;R;S;T;U;W;Y,u5016,倖,U+5016,,,OGTJ,OJ,hang6,"lucky, fortunate; dote on, spoil",1,2,6,2,0.8,12,cj-043,10,
cj-044,cangjie,1,44,Lesson 44,第44課,O;W;J;R;Y;T;L;H;K;F;A;N;M;G;S;U;B,O;R;K;F;N;U;J,A;B;F;G;H;J;K;L;M;N;O;R;S;T;U;W;Y,u5018,倘,U+5018,,,OFBR,OR,tong2,"if, supposing, in event of",1,2,6,2,0.8,12,cj-043,10,
cj-045,cangjie,1,45,Lesson 45,第45課,O;L;N;K;M;R;B;G;J;Y;F;T;A;S;V,O;K;R;J;F;A;V,A;B;F;G;J;K;L;M;N;O;R;S;T;V;Y,u5019,候,U+5019,,,OLNK,OK,hau6,wait; expect; visit; greet,1,2,6,2,0.8,12,cj-044,10,
cj-045,cangjie,1,45,Lesson 45,第45課,O;L;N;K;M;R;B;G;J;Y;F;T;A;S;V,O;K;R;J;F;A;V,A;B;F;G;J;K;L;M;N;O;R;S;T;V;Y,u501a,倚,U+501A,,,OKMR,OR,ji2,"rely on, depend on; lean heavily",1,2,6,2,0.8,12,cj-044,10,
cj-045,cangjie,1,45,Lesson 45,第45課,O;L;N;K;M;R;B;G;J;Y;F;T;A;S;V,O;K;R;J;F;A;V,A;B;F;G;J;K;L;M;N;O;R;S;T;V;Y,u501c,倜,U+501C,,,OBGR,OR,tik1,raise high; unrestrained,1,2,6,2,0.8,12,cj-044,10,
cj-045,cangjie,1,45,Lesson 45,第45課,O;L;N;K;M;R;B;G;J;Y;F;T;A;S;V,O;K;R;J;F;A;V,A;B;F;G;J;K;L;M;N;O;R;S;T;V;Y,u501d,倝,U+501D,,,JJO,JO,gon3,sunrise; dawn,1,2,6,2,0.8,12,cj-044,10,
cj-045,cangjie,1,45,Lesson 45,第45課,O;L;N;K;M;R;B;G;J;Y;F;T;A;S;V,O;K;R;J;F;A;V,A;B;F;G;J;K;L;M;N;O;R;S;T;V;Y,u501e,倞,U+501E,,,OYRF,OF,ging6,far,1,2,6,2,0.8,12,cj-044,10,
cj-045,cangjie,1,45,Lesson 45,第45課,O;L;N;K;M;R;B;G;J;Y;F;T;A;S;V,O;K;R;J;F;A;V,A;B;F;G;J;K;L;M;N;O;R;S;T;V;Y,u501f,借,U+501F,,,OTA,OA,ze3,borrow; lend; make pretext of,1,2,6,2,0.8,12,cj-044,10,
cj-045,cangjie,1,45,Lesson 45,第45課,O;L;N;K;M;R;B;G;J;Y;F;T;A;S;V,O;K;R;J;F;A;V,A;B;F;G;J;K;L;M;N;O;R;S;T;V;Y,u5021,倡,U+5021,,,OAA,OA,coeng1,"guide, leader; lead, introduce",1,2,6,2,0.8,12,cj-044,10,
cj-045,cangjie,1,45,Lesson 45,第45課,O;L;N;K;M;R;B;G;J;Y;F;T;A;S;V,O;K;R;J;F;A;V,A;B;F;G;J;K;L;M;N;O;R;S;T;V;Y,u5022,倢,U+5022,,,OJLO,OO,zit3,"beautiful, handsome; woman",1,2,6,2,0.8,12,cj-044,10,
cj-045,cangjie,1,45,Lesson 45,第45課,O;L;N;K;M;R;B;G;J;Y;F;T;A;S;V,O;K;R;J;F;A;V,A;B;F;G;J;K;L;M;N;O;R;S;T;V;Y,u5023,倣,U+5023,,,OYSK,OK,fong2,imitate,1,2,6,2,0.8,12,cj-044,10,
cj-045,cangjie,1,45,Lesson 45,第45課,O;L;N;K;M;R;B;G;J;Y;F;T;A;S;V,O;K;R;J;F;A;V,A;B;F;G;J;K;L;M;N;O;R;S;T;V;Y,u5024,値,U+5024,,,OJBV,OV,zik6,"price, cost, worth",1,2,6,2,0.8,12,cj-044,10,
cj-046,cangjie,1,46,Lesson 46,第46課,O;J;C;M;F;Q;U;S;R;B;H;X;Y;A;D;V;W,O;M;U;R;B;J;V;D;W,A;B;C;D;F;H;J;M;O;Q;R;S;U;V;W;X;Y,u5025,倥,U+5025,,,OJCM,OM,hung2,"boorish, ignorant; urgent, pressing",1,2,6,2,0.8,12,cj-045,10,
cj-046,cangjie,1,46,Lesson 46,第46課,O;J;C;M;F;Q;U;S;R;B;H;X;Y;A;D;V;W,O;M;U;R;B;J;V;D;W,A;B;C;D;F;H;J;M;O;Q;R;S;U;V;W;X;Y,u5026,倦,U+5026,,,OFQU,OU,gyun6,"be tired of, weary",1,2,6,2,0.8,12,cj-045,10,
cj-046,cangjie,1,46,Lesson 46,第46課,O;J;C;M;F;Q;U;S;R;B;H;X;Y;A;D;V;W,O;M;U;R;B;J;V;D;W,A;B;C;D;F;H;J;M;O;Q;R;S;U;V;W;X;Y,u5028,倨,U+5028,,,OSJR,OR,geoi3,"arrogant, haughty, rude",1,2,6,2,0.8,12,cj-045,10,
cj-046,cangjie,1,46,Lesson 46,第46課,O;J;C;M;F;Q;U;S;R;B;H;X;Y;A;D;V;W,O;M;U;R;B;J;V;D;W,A;B;C;D;F;H;J;M;O;Q;R;S;U;V;W;X;Y,u5029,倩,U+5029,,,OQMB,OB,sin6,"beautiful, lovely; son-in-law",1,2,6,2,0.8,12,cj-045,10,
cj-046,cangjie,1,46,Lesson 46,第46課,O;J;C;M;F;Q;U;S;R;B;H;X;Y;A;D;V;W,O;M;U;R;B;J;V;D;W,A;B;C;D;F;H;J;M;O;Q;R;S;U;V;W;X;Y,u502a,倪,U+502A,,,OHXU,OU,ngai4,"feeble, tiny, young and weak",1,2,6,2,0.8,12,cj-045,10,
cj-046,cangjie,1,46,Lesson 46,第46課,O;J;C;M;F;Q;U;S;R;B;H;X;Y;A;D;V;W,O;M;U;R;B;J;V;D;W,A;B;C;D;F;H;J;M;O;Q;R;S;U;V;W;X;Y,u502b,倫,U+502B,,,OOMB,OB,leon4,normal human relationships,1,2,6,2,0.8,12,cj-045,10,
cj-046,cangjie,1,46,Lesson 46,第46課,O;J;C;M;F;Q;U;S;R;B;H;X;Y;A;D;V;W,O;M;U;R;B;J;V;D;W,A;B;C;D;F;H;J;M;O;Q;R;S;U;V;W;X;Y,u502c,倬,U+502C,,,OYAJ,OJ,coek3,"noticeable, large; clear, distinct",1,2,6,2,0.8,12,cj-045,10,
cj-046,cangjie,1,46,Lesson 46,第46課,O;J;C;M;F;Q;U;S;R;B;H;X;Y;A;D;V;W,O;M;U;R;B;J;V;D;W,A;B;C;D;F;H;J;M;O;Q;R;S;U;V;W;X;Y,u502d,倭,U+502D,,,OHDV,OV,wai1,"dwarf; dwarfish, short",1,2,6,2,0.8,12,cj-045,10,
cj-046,cangjie,1,46,Lesson 46,第46課,O;J;C;M;F;Q;U;S;R;B;H;X;Y;A;D;V;W,O;M;U;R;B;J;V;D;W,A;B;C;D;F;H;J;M;O;Q;R;S;U;V;W;X;Y,u502e,倮,U+502E,,,OWD,OD,lo2,"bare, naked, uncovered",1,2,6,2,0.8,12,cj-045,10,
cj-046,cangjie,1,46,Lesson 46,第46課,O;J;C;M;F;Q;U;S;R;B;H;X;Y;A;D;V;W,O;M;U;R;B;J;V;D;W,A;B;C;D;F;H;J;M;O;Q;R;S;U;V;W;X;Y,u5032,倲,U+5032,,,ODW,OW,dung1,"(simplified form) rude; barbarous, stupid; dull, last name",1,2,6,2,0.8,12,cj-045,10,
cj-047,cangjie,1,47,Lesson 47,第47課,O;J;L;N;K;T;B;U;C;D;M;Q;S;R;P,O;N;T;C;D;L;M;R,B;C;D;J;K;L;M;N;O;P;Q;R;S;T;U,u5033,倳,U+5033,,,OJLN,ON,zi3,"to stick in, to stab; to erect",1,2,6,2,0.8,12,cj-046,10,
cj-047,cangjie,1,47,Lesson 47,第47課,O;J;L;N;K;T;B;U;C;D;M;Q;S;R;P,O;N;T;C;D;L;M;R,B;C;D;J;K;L;M;N;O;P;Q;R;S;T;U,u5034,倴,U+5034,,,OKJT,OT,ban3,a place in Héběi,1,2,6,2,0.8,12,cj-046,10,
cj-047,cangjie,1,47,Lesson 47,第47課,O;J;L;N;K;T;B;U;C;D;M;Q;S;R;P,O;N;T;C;D;L;M;R,B;C;D;J;K;L;M;N;O;P;Q;R;S;T;U,u5036,倶,U+5036,,,OBUC,OC,keoi1,all,1,2,6,2,0.8,12,cj-046,10,
cj-047,cangjie,1,47,Lesson 47,第47課,O;J;L;N;K;T;B;U;C;D;M;Q;S;R;P,O;N;T;C;D;L;M;R,B;C;D;J;K;L;M;N;O;P;Q;R;S;T;U,u5038,倸,U+5038,,,OBD,OD,coi2,"notice, pay attention to",1,2,6,2,0.8,12,cj-046,10,
cj-047,cangjie,1,47,Lesson 47,第47課,O;J;L;N;K;T;B;U;C;D;M;Q;S;R;P,O;N;T;C;D;L;M;R,B;C;D;J;K;L;M;N;O;P;Q;R;S;T;U,u5039,倹,U+5039,,,OOMO,OO,gim6,"temperate, frugal, economical",1,2,6,2,0.8,12,cj-046,10,
cj-047,cangjie,1,47,Lesson 47,第47課,O;J;L;N;K;T;B;U;C;D;M;Q;S;R;P,O;N;T;C;D;L;M;R,B;C;D;J;K;L;M;N;O;P;Q;R;S;T;U,u503a,债,U+503A,,,OQMO,OO,zaai3,"debt, loan, liabilities",1,2,6,2,0.8,12,cj-046,10,
cj-047,cangjie,1,47,Lesson 47,第47課,O;J;L;N;K;T;B;U;C;D;M;Q;S;R;P,O;N;T;C;D;L;M;R,B;C;D;J;K;L;M;N;O;P;Q;R;S;T;U,u503b,倻,U+503B,,,OSJL,OL,je4,phonetic used in Korean place names,1,2,6,2,0.8,12,cj-046,10,
cj-047,cangjie,1,47,Lesson 47,第47課,O;J;L;N;K;T;B;U;C;D;M;Q;S;R;P,O;N;T;C;D;L;M;R,B;C;D;J;K;L;M;N;O;P;Q;R;S;T;U,u503c,值,U+503C,,,OJBM,OM,zik6,price,1,2,6,2,0.8,12,cj-046,10,
cj-047,cangjie,1,47,Lesson 47,第47課,O;J;L;N;K;T;B;U;C;D;M;Q;S;R;P,O;N;T;C;D;L;M;R,B;C;D;J;K;L;M;N;O;P;Q;R;S;T;U,u503d,倽,U+503D,,,OOMR,OR,saa2,what; which; who; why,1,2,6,2,0.8,12,cj-046,10,
cj-047,cangjie,1,47,Lesson 47,第47課,O;J;L;N;K;T;B;U;C;D;M;Q;S;R;P,O;N;T;C;D;L;M;R,B;C;D;J;K;L;M;N;O;P;Q;R;S;T;U,u503e,倾,U+503E,,,OPMO,OO,king1,"upset, pour out, overflow",1,2,6,2,0.8,12,cj-046,10,
cj-048,cangjie,1,48,Lesson 48,第48課,O;B;G;S;A;V;M;K;R;E;P;D;Q;H;L;T;W,O;B;V;K;E;Q;R,A;B;D;E;G;H;K;L;M;O;P;Q;R;S;T;V;W,u5041,偁,U+5041,,,OBGB,OB,cing1,state,1,2,6,2,0.8,12,cj-047,10,
cj-048,cangjie,1,48,Lesson 48,第48課,O;B;G;S;A;V;M;K;R;E;P;D;Q;H;L;T;W,O;B;V;K;E;Q;R,A;B;D;E;G;H;K;L;M;O;P;Q;R;S;T;V;W,u5043,偃,U+5043,,,OSAV,OV,jin2,"cease, lay off, lay down",1,2,6,2,0.8,12,cj-047,10,
cj-048,cangjie,1,48,Lesson 48,第48課,O;B;G;S;A;V;M;K;R;E;P;D;Q;H;L;T;W,O;B;V;K;E;Q;R,A;B;D;E;G;H;K;L;M;O;P;Q;R;S;T;V;W,u5044,偄,U+5044,,,OMBK,OK,jyun5,weak,1,2,6,2,0.8,12,cj-047,10,
cj-048,cangjie,1,48,Lesson 48,第48課,O;B;G;S;A;V;M;K;R;E;P;D;Q;H;L;T;W,O;B;V;K;E;Q;R,A;B;D;E;G;H;K;L;M;O;P;Q;R;S;T;V;W,u5047,假,U+5047,,,ORSE,OE,gaa2,"falsehood, deception; vacation",1,2,6,2,0.8,12,cj-047,10,
cj-048,cangjie,1,48,Lesson 48,第48課,O;B;G;S;A;V;M;K;R;E;P;D;Q;H;L;T;W,O;B;V;K;E;Q;R,A;B;D;E;G;H;K;L;M;O;P;Q;R;S;T;V;W,u5048,偈,U+5048,,,OAPV,OV,git6,brave; martial; hasty; scudding,1,2,6,2,0.8,12,cj-047,10,
cj-048,cangjie,1,48,Lesson 48,第48課,O;B;G;S;A;V;M;K;R;E;P;D;Q;H;L;T;W,O;B;V;K;E;Q;R,A;B;D;E;G;H;K;L;M;O;P;Q;R;S;T;V;W,u5049,偉,U+5049,,,ODMQ,OQ,wai5,"great, robust; extraordinary",1,2,6,2,0.8,12,cj-047,10,
cj-048,cangjie,1,48,Lesson 48,第48課,O;B;G;S;A;V;M;K;R;E;P;D;Q;H;L;T;W,O;B;V;K;E;Q;R,A;B;D;E;G;H;K;L;M;O;P;Q;R;S;T;V;W,u504a,偊,U+504A,,,OHLB,OB,jyu2,to walk alone; self-reliant,1,2,6,2,0.8,12,cj-047,10,
cj-048,cangjie,1,48,Lesson 48,第48課,O;B;G;S;A;V;M;K;R;E;P;D;Q;H;L;T;W,O;B;V;K;E;Q;R,A;B;D;E;G;H;K;L;M;O;P;Q;R;S;T;V;W,u504c,偌,U+504C,,,OTKR,OR,je6,"thus, so, like, such",1,2,6,2,0.8,12,cj-047,10,
cj-048,cangjie,1,48,Lesson 48,第48課,O;B;G;S;A;V;M;K;R;E;P;D;Q;H;L;T;W,O;B;V;K;E;Q;R,A;B;D;E;G;H;K;L;M;O;P;Q;R;S;T;V;W,u504e,偎,U+504E,,,OWMV,OV,wui1,"cling to, cuddle, embrace, fondle",1,2,6,2,0.8,12,cj-047,10,
cj-048,cangjie,1,48,Lesson 48,第48課,O;B;G;S;A;V;M;K;R;E;P;D;Q;H;L;T;W,O;B;V;K;E;Q;R,A;B;D;E;G;H;K;L;M;O;P;Q;R;S;T;V;W,u504f,偏,U+504F,,,OHSB,OB,pin1,inclined one side; slanting,1,2,6,2,0.8,12,cj-047,10,
cj-049,cangjie,1,49,Lesson 49,第49課,O;Y;H;N;I;A;M;S;G;P;J;K;R;L;B,O;H;I;G;A;R;K;N;B,A;B;G;H;I;J;K;L;M;N;O;P;R;S;Y,u5050,偐,U+5050,,,OYHH,OH,ngaan6,"false, counterfeit, spurious",1,2,6,2,0.8,12,cj-048,10,
cj-049,cangjie,1,49,Lesson 49,第49課,O;Y;H;N;I;A;M;S;G;P;J;K;R;L;B,O;H;I;G;A;R;K;N;B,A;B;G;H;I;J;K;L;M;N;O;P;R;S;Y,u5051,偑,U+5051,,,OHNI,OI,fung1,"(simplified form of 偑) name of a place, last name",1,2,6,2,0.8,12,cj-048,10,
cj-049,cangjie,1,49,Lesson 49,第49課,O;Y;H;N;I;A;M;S;G;P;J;K;R;L;B,O;H;I;G;A;R;K;N;B,A;B;G;H;I;J;K;L;M;N;O;P;R;S;Y,u5052,偒,U+5052,,,OAMH,OH,tong2,"pond, pool; wash away, cleanse",1,2,6,2,0.8,12,cj-048,10,
cj-049,cangjie,1,49,Lesson 49,第49課,O;Y;H;N;I;A;M;S;G;P;J;K;R;L;B,O;H;I;G;A;R;K;N;B,A;B;G;H;I;J;K;L;M;N;O;P;R;S;Y,u5053,偓,U+5053,,,OSMG,OG,ak1,to fuss,1,2,6,2,0.8,12,cj-048,10,
cj-049,cangjie,1,49,Lesson 49,第49課,O;Y;H;N;I;A;M;S;G;P;J;K;R;L;B,O;H;I;G;A;R;K;N;B,A;B;G;H;I;J;K;L;M;N;O;P;R;S;Y,u5055,偕,U+5055,,,OPPA,OA,gaai1,together; be in order,1,2,6,2,0.8,12,cj-048,10,
cj-049,cangjie,1,49,Lesson 49,第49課,O;Y;H;N;I;A;M;S;G;P;J;K;R;L;B,O;H;I;G;A;R;K;N;B,A;B;G;H;I;J;K;L;M;N;O;P;R;S;Y,u5056,偖,U+5056,,,OJKA,OA,ce2,"rip up, tear down; raise; haul",1,2,6,2,0.8,12,cj-048,10,
cj-049,cangjie,1,49,Lesson 49,第49課,O;Y;H;N;I;A;M;S;G;P;J;K;R;L;B,O;H;I;G;A;R;K;N;B,A;B;G;H;I;J;K;L;M;N;O;P;R;S;Y,u5058,偘,U+5058,,,ORRR,OR,hon2,ancient family name,1,2,6,2,0.8,12,cj-048,10,
cj-049,cangjie,1,49,Lesson 49,第49課,O;Y;H;N;I;A;M;S;G;P;J;K;R;L;B,O;H;I;G;A;R;K;N;B,A;B;G;H;I;J;K;L;M;N;O;P;R;S;Y,u505a,做,U+505A,,,OJRK,OK,zou6,"work, make; act",1,2,6,2,0.8,12,cj-048,10,
cj-049,cangjie,1,49,Lesson 49,第49課,O;Y;H;N;I;A;M;S;G;P;J;K;R;L;B,O;H;I;G;A;R;K;N;B,A;B;G;H;I;J;K;L;M;N;O;P;R;S;Y,u505c,停,U+505C,,,OYRN,ON,ting4,"stop, suspend, delay; suitable",1,2,6,2,0.8,12,cj-048,10,
cj-049,cangjie,1,49,Lesson 49,第49課,O;Y;H;N;I;A;M;S;G;P;J;K;R;L;B,O;H;I;G;A;R;K;N;B,A;B;G;H;I;J;K;L;M;N;O;P;R;S;Y,u505d,偝,U+505D,,,OLPB,OB,bui3,not facing; desert,1,2,6,2,0.8,12,cj-048,10,
cj-050,cangjie,1,50,Lesson 50,第50課,O;H;A;G;D;F;N;K;Q;Y;P;B;C;M;R;W;I;L;V,O;G;F;Q;D;C;W;I;P;L;V,A;B;C;D;F;G;H;I;K;L;M;N;O;P;Q;R;V;W;Y,u505f,偟,U+505F,,,OHAG,OG,wong4,agitated; alarmed,1,2,6,2,0.8,12,cj-049,10,
cj-050,cangjie,1,50,Lesson 50,第50課,O;H;A;G;D;F;N;K;Q;Y;P;B;C;M;R;W;I;L;V,O;G;F;Q;D;C;W;I;P;L;V,A;B;C;D;F;G;H;I;K;L;M;N;O;P;Q;R;V;W;Y,u5062,偢,U+5062,,,OHDF,OF,cau1,to stare at,1,2,6,2,0.8,12,cj-049,10,
cj-050,cangjie,1,50,Lesson 50,第50課,O;H;A;G;D;F;N;K;Q;Y;P;B;C;M;R;W;I;L;V,O;G;F;Q;D;C;W;I;P;L;V,A;B;C;D;F;G;H;I;K;L;M;N;O;P;Q;R;V;W;Y,u5065,健,U+5065,,,ONKQ,OQ,gin6,"strong, robust, healthy; strength",1,2,6,2,0.8,12,cj-049,10,
cj-050,cangjie,1,50,Lesson 50,第50課,O;H;A;G;D;F;N;K;Q;Y;P;B;C;M;R;W;I;L;V,O;G;F;Q;D;C;W;I;P;L;V,A;B;C;D;F;G;H;I;K;L;M;N;O;P;Q;R;V;W;Y,u5068,偨,U+5068,,,OYPD,OD,ci1,uneven,1,2,6,2,0.8,12,cj-049,10,
cj-050,cangjie,1,50,Lesson 50,第50課,O;H;A;G;D;F;N;K;Q;Y;P;B;C;M;R;W;I;L;V,O;G;F;Q;D;C;W;I;P;L;V,A;B;C;D;F;G;H;I;K;L;M;N;O;P;Q;R;V;W;Y,u5069,偩,U+5069,,,ONBC,OC,fu6,follow,1,2,6,2,0.8,12,cj-049,10,
cj-050,cangjie,1,50,Lesson 50,第50課,O;H;A;G;D;F;N;K;Q;Y;P;B;C;M;R;W;I;L;V,O;G;F;Q;D;C;W;I;P;L;V,A;B;C;D;F;G;H;I;K;L;M;N;O;P;Q;R;V;W;Y,u506a,偪,U+506A,,,OMRW,OW,bik1,"compel, pressure, force; bother",1,2,6,2,0.8,12,cj-049,10,
cj-050,cangjie,1,50,Lesson 50,第50課,O;H;A;G;D;F;N;K;Q;Y;P;B;C;M;R;W;I;L;V,O;G;F;Q;D;C;W;I;P;L;V,A;B;C;D;F;G;H;I;K;L;M;N;O;P;Q;R;V;W;Y,u506b,偫,U+506B,,,OHOI,OI,zi6,wait for; lay in,1,2,6,2,0.8,12,cj-049,10,
cj-050,cangjie,1,50,Lesson 50,第50課,O;H;A;G;D;F;N;K;Q;Y;P;B;C;M;R;W;I;L;V,O;G;F;Q;D;C;W;I;P;L;V,A;B;C;D;F;G;H;I;K;L;M;N;O;P;Q;R;V;W;Y,u506c,偬,U+506C,,,OPKP,OP,zung2,urgent,1,2,6,2,0.8,12,cj-049,10,
cj-050,cangjie,1,50,Lesson 50,第50課,O;H;A;G;D;F;N;K;Q;Y;P;B;C;M;R;W;I;L;V,O;G;F;Q;D;C;W;I;P;L;V,A;B;C;D;F;G;H;I;K;L;M;N;O;P;Q;R;V;W;Y,u506d,偭,U+506D,,,OMWL,OL,min5,transgress,1,2,6,2,0.8,12,cj-049,10,
cj-050,cangjie,1,50,Lesson 50,第50課,O;H;A;G;D;F;N;K;Q;Y;P;B;C;M;R;W;I;L;V,O;G;F;Q;D;C;W;I;P;L;V,A;B;C;D;F;G;H;I;K;L;M;N;O;P;Q;R;V;W;Y,u506f,偯,U+506F,,,OYRV,OV,ji2,sob,1,2,6,2,0.8,12,cj-049,10,
cj-051,cangjie,1,51,Lesson 51,第51課,O;Q;H;K;W;P;B;C;N;Y;L;M;V;A;F;D,O;K;P;N;C;B;V;W;A,A;B;C;D;F;H;K;L;M;N;O;P;Q;V;W;Y,u5070,偰,U+5070,,,OQHK,OK,sit3,"an ancestor of the Shāng emperors, said to be one of Shùn’s ministers",1,2,6,2,0.8,12,cj-050,10,
cj-051,cangjie,1,51,Lesson 51,第51課,O;Q;H;K;W;P;B;C;N;Y;L;M;V;A;F;D,O;K;P;N;C;B;V;W;A,A;B;C;D;F;H;K;L;M;N;O;P;Q;V;W;Y,u5072,偲,U+5072,,,OWP,OP,si1,talented; urgent,1,2,6,2,0.8,12,cj-050,10,
cj-051,cangjie,1,51,Lesson 51,第51課,O;Q;H;K;W;P;B;C;N;Y;L;M;V;A;F;D,O;K;P;N;C;B;V;W;A,A;B;C;D;F;H;K;L;M;N;O;P;Q;V;W;Y,u5074,側,U+5074,,,OBCN,ON,zak1,"side; incline, slant, lean",1,2,6,2,0.8,12,cj-050,10,
cj-051,cangjie,1,51,Lesson 51,第51課,O;Q;H;K;W;P;B;C;N;Y;L;M;V;A;F;D,O;K;P;N;C;B;V;W;A,A;B;C;D;F;H;K;L;M;N;O;P;Q;V;W;Y,u5075,偵,U+5075,,,OYBC,OC,zing1,"spy, reconnoiter; detective",1,2,6,2,0.8,12,cj-050,10,
cj-051,cangjie,1,51,Lesson 51,第51課,O;Q;H;K;W;P;B;C;N;Y;L;M;V;A;F;D,O;K;P;N;C;B;V;W;A,A;B;C;D;F;H;K;L;M;N;O;P;Q;V;W;Y,u5076,偶,U+5076,,,OWLB,OB,ngau5,"accidentally, coincidently; an idol",1,2,6,2,0.8,12,cj-050,10,
cj-051,cangjie,1,51,Lesson 51,第51課,O;Q;H;K;W;P;B;C;N;Y;L;M;V;A;F;D,O;K;P;N;C;B;V;W;A,A;B;C;D;F;H;K;L;M;N;O;P;Q;V;W;Y,u5077,偷,U+5077,,,OOMN,ON,tau1,"to steal, burglar, thief",1,2,6,2,0.8,12,cj-050,10,
cj-051,cangjie,1,51,Lesson 51,第51課,O;Q;H;K;W;P;B;C;N;Y;L;M;V;A;F;D,O;K;P;N;C;B;V;W;A,A;B;C;D;F;H;K;L;M;N;O;P;Q;V;W;Y,u5078,偸,U+5078,,,OOMV,OV,tau1,to steal,1,2,6,2,0.8,12,cj-050,10,
cj-051,cangjie,1,51,Lesson 51,第51課,O;Q;H;K;W;P;B;C;N;Y;L;M;V;A;F;D,O;K;P;N;C;B;V;W;A,A;B;C;D;F;H;K;L;M;N;O;P;Q;V;W;Y,u5079,偹,U+5079,,,OLHW,OW,bei6,"prepare, ready, perfect",1,2,6,2,0.8,12,cj-050,10,
cj-051,cangjie,1,51,Lesson 51,第51課,O;Q;H;K;W;P;B;C;N;Y;L;M;V;A;F;D,O;K;P;N;C;B;V;W;A,A;B;C;D;F;H;K;L;M;N;O;P;Q;V;W;Y,u507a,偺,U+507A,,,OHOA,OA,zaa1,"(same as 咱) we, us",1,2,6,2,0.8,12,cj-050,10,
cj-051,cangjie,1,51,Lesson 51,第51課,O;Q;H;K;W;P;B;C;N;Y;L;M;V;A;F;D,O;K;P;N;C;B;V;W;A,A;B;C;D;F;H;K;L;M;N;O;P;Q;V;W;Y,u507b,偻,U+507B,,,OFDV,OV,leoi5,humpback; surname,1,2,6,2,0.8,12,cj-050,10,
cj-052,cangjie,1,52,Lesson 52,第52課,O;I;K;F;J;T;B;H;U;X;E;M;W;D;S;Q;Y;C,O;F;I;E;D;S;C,B;C;D;E;F;H;I;J;K;M;O;Q;S;T;U;W;X;Y,u507d,偽,U+507D,,,OIKF,OF,ngai6,"false, counterfeit, bogus",1,2,6,2,0.8,12,cj-051,10,
cj-052,cangjie,1,52,Lesson 52,第52課,O;I;K;F;J;T;B;H;U;X;E;M;W;D;S;Q;Y;C,O;F;I;E;D;S;C,B;C;D;E;F;H;I;J;K;M;O;Q;S;T;U;W;X;Y,u507e,偾,U+507E,,,OJTO,OO,fan5,"ruin, cause fail; overthrown",1,2,6,2,0.8,12,cj-051,10,
cj-052,cangjie,1,52,Lesson 52,第52課,O;I;K;F;J;T;B;H;U;X;E;M;W;D;S;Q;Y;C,O;F;I;E;D;S;C,B;C;D;E;F;H;I;J;K;M;O;Q;S;T;U;W;X;Y,u507f,偿,U+507F,,,OFBI,OI,soeng4,"repay, recompense; restitution",1,2,6,2,0.8,12,cj-051,10,
cj-052,cangjie,1,52,Lesson 52,第52課,O;I;K;F;J;T;B;H;U;X;E;M;W;D;S;Q;Y;C,O;F;I;E;D;S;C,B;C;D;E;F;H;I;J;K;M;O;Q;S;T;U;W;X;Y,u5080,傀,U+5080,,,OHUI,OI,faai3,"great, gigantic; puppet",1,2,6,2,0.8,12,cj-051,10,
cj-052,cangjie,1,52,Lesson 52,第52課,O;I;K;F;J;T;B;H;U;X;E;M;W;D;S;Q;Y;C,O;F;I;E;D;S;C,B;C;D;E;F;H;I;J;K;M;O;Q;S;T;U;W;X;Y,u5081,傁,U+5081,,,OHXE,OE,sau2,old man,1,2,6,2,0.8,12,cj-051,10,
cj-052,cangjie,1,52,Lesson 52,第52課,O;I;K;F;J;T;B;H;U;X;E;M;W;D;S;Q;Y;C,O;F;I;E;D;S;C,B;C;D;E;F;H;I;J;K;M;O;Q;S;T;U;W;X;Y,u5085,傅,U+5085,,,OIBI,OI,fu6,"tutor, teacher; assist; surname",1,2,6,2,0.8,12,cj-051,10,
cj-052,cangjie,1,52,Lesson 52,第52課,O;I;K;F;J;T;B;H;U;X;E;M;W;D;S;Q;Y;C,O;F;I;E;D;S;C,B;C;D;E;F;H;I;J;K;M;O;Q;S;T;U;W;X;Y,u5088,傈,U+5088,,,OMWD,OD,leot6,tribe,1,2,6,2,0.8,12,cj-051,10,
cj-052,cangjie,1,52,Lesson 52,第52課,O;I;K;F;J;T;B;H;U;X;E;M;W;D;S;Q;Y;C,O;F;I;E;D;S;C,B;C;D;E;F;H;I;J;K;M;O;Q;S;T;U;W;X;Y,u508c,傌,U+508C,,,OSQF,OF,maa6,"to curse, to revile, to abuse; to scold",1,2,6,2,0.8,12,cj-051,10,
cj-052,cangjie,1,52,Lesson 52,第52課,O;I;K;F;J;T;B;H;U;X;E;M;W;D;S;Q;Y;C,O;F;I;E;D;S;C,B;C;D;E;F;H;I;J;K;M;O;Q;S;T;U;W;X;Y,u508d,傍,U+508D,,,OYBS,OS,bong6,"by side of, beside, near, close",1,2,6,2,0.8,12,cj-051,10,
cj-052,cangjie,1,52,Lesson 52,第52課,O;I;K;F;J;T;B;H;U;X;E;M;W;D;S;Q;Y;C,O;F;I;E;D;S;C,B;C;D;E;F;H;I;J;K;M;O;Q;S;T;U;W;X;Y,u508e,傎,U+508E,,,OJBC,OC,din1,topple,1,2,6,2,0.8,12,cj-051,10,
cj-053,cangjie,1,53,Lesson 53,第53課,O;I;L;R;N;Q;D;B;V;K;T;X;C;G;J;H;Y;U,O;R;D;K;C;G;J;B;U,B;C;D;G;H;I;J;K;L;N;O;Q;R;T;U;V;X;Y,u508f,傏,U+508F,,,OILR,OR,tong4,"to ward off; to parry; to keep out, as wind, rain, or cold",1,2,6,2,0.8,12,cj-052,10,
cj-053,cangjie,1,53,Lesson 53,第53課,O;I;L;R;N;Q;D;B;V;K;T;X;C;G;J;H;Y;U,O;R;D;K;C;G;J;B;U,B;C;D;G;H;I;J;K;L;N;O;Q;R;T;U;V;X;Y,u5091,傑,U+5091,,,ONQD,OD,git6,"hero; outstanding, remarkable",1,2,6,2,0.8,12,cj-052,10,
cj-053,cangjie,1,53,Lesson 53,第53課,O;I;L;R;N;Q;D;B;V;K;T;X;C;G;J;H;Y;U,O;R;D;K;C;G;J;B;U,B;C;D;G;H;I;J;K;L;N;O;Q;R;T;U;V;X;Y,u5092,傒,U+5092,,,OBVK,OK,hai4,personal name; servant,1,2,6,2,0.8,12,cj-052,10,
cj-053,cangjie,1,53,Lesson 53,第53課,O;I;L;R;N;Q;D;B;V;K;T;X;C;G;J;H;Y;U,O;R;D;K;C;G;J;B;U,B;C;D;G;H;I;J;K;L;N;O;Q;R;T;U;V;X;Y,u5094,傔,U+5094,,,OTXC,OC,him3,servant,1,2,6,2,0.8,12,cj-052,10,
cj-053,cangjie,1,53,Lesson 53,第53課,O;I;L;R;N;Q;D;B;V;K;T;X;C;G;J;H;Y;U,O;R;D;K;C;G;J;B;U,B;C;D;G;H;I;J;K;L;N;O;Q;R;T;U;V;X;Y,u5095,傕,U+5095,,,OOBG,OG,gok3,used in old names,1,2,6,2,0.8,12,cj-052,10,
cj-053,cangjie,1,53,Lesson 53,第53課,O;I;L;R;N;Q;D;B;V;K;T;X;C;G;J;H;Y;U,O;R;D;K;C;G;J;B;U,B;C;D;G;H;I;J;K;L;N;O;Q;R;T;U;V;X;Y,u5096,傖,U+5096,,,OOIR,OR,cong1,"vulgar person, country man",1,2,6,2,0.8,12,cj-052,10,
cj-053,cangjie,1,53,Lesson 53,第53課,O;I;L;R;N;Q;D;B;V;K;T;X;C;G;J;H;Y;U,O;R;D;K;C;G;J;B;U,B;C;D;G;H;I;J;K;L;N;O;Q;R;T;U;V;X;Y,u5098,傘,U+5098,,,OOOJ,OJ,saan3,"umbrella, parasol, parachute",1,2,6,2,0.8,12,cj-052,10,
cj-053,cangjie,1,53,Lesson 53,第53課,O;I;L;R;N;Q;D;B;V;K;T;X;C;G;J;H;Y;U,O;R;D;K;C;G;J;B;U,B;C;D;G;H;I;J;K;L;N;O;Q;R;T;U;V;X;Y,u5099,備,U+5099,,,OTHB,OB,bei6,"prepare, ready, perfect",1,2,6,2,0.8,12,cj-052,10,
cj-053,cangjie,1,53,Lesson 53,第53課,O;I;L;R;N;Q;D;B;V;K;T;X;C;G;J;H;Y;U,O;R;D;K;C;G;J;B;U,B;C;D;G;H;I;J;K;L;N;O;Q;R;T;U;V;X;Y,u509a,傚,U+509A,,,OYKK,OK,haau6,"imitate, mimic",1,2,6,2,0.8,12,cj-052,10,
cj-053,cangjie,1,53,Lesson 53,第53課,O;I;L;R;N;Q;D;B;V;K;T;X;C;G;J;H;Y;U,O;R;D;K;C;G;J;B;U,B;C;D;G;H;I;J;K;L;N;O;Q;R;T;U;V;X;Y,u509c,傜,U+509C,,,OBOU,OU,jiu4,a minority tribe,1,2,6,2,0.8,12,cj-052,10,
cj-054,cangjie,1,54,Lesson 54,第54課,O;T;Q;M;J;K;E;F;B;U;C;I;V;A;G;W;L,O;M;E;U;C;A;G;F;B,A;B;C;E;F;G;I;J;K;L;M;O;Q;T;U;V;W,u509e,傞,U+509E,,,OTQM,OM,co1,unsteady,1,2,6,2,0.8,12,cj-053,10,
cj-054,cangjie,1,54,Lesson 54,第54課,O;T;Q;M;J;K;E;F;B;U;C;I;V;A;G;W;L,O;M;E;U;C;A;G;F;B,A;B;C;E;F;G;I;J;K;L;M;O;Q;T;U;V;W,u50a2,傢,U+50A2,,,OJMO,OO,gaa1,"stubborn, obstinate, intransigent",1,2,6,2,0.8,12,cj-053,10,
cj-054,cangjie,1,54,Lesson 54,第54課,O;T;Q;M;J;K;E;F;B;U;C;I;V;A;G;W;L,O;M;E;U;C;A;G;F;B,A;B;C;E;F;G;I;J;K;L;M;O;Q;T;U;V;W,u50a3,傣,U+50A3,,,OQKE,OE,daai2,the Dai minority living in South China,1,2,6,2,0.8,12,cj-053,10,
cj-054,cangjie,1,54,Lesson 54,第54課,O;T;Q;M;J;K;E;F;B;U;C;I;V;A;G;W;L,O;M;E;U;C;A;G;F;B,A;B;C;E;F;G;I;J;K;L;M;O;Q;T;U;V;W,u50a5,傥,U+50A5,,,OFBU,OU,tong2,"if, supposing, in case",1,2,6,2,0.8,12,cj-053,10,
cj-054,cangjie,1,54,Lesson 54,第54課,O;T;Q;M;J;K;E;F;B;U;C;I;V;A;G;W;L,O;M;E;U;C;A;G;F;B,A;B;C;E;F;G;I;J;K;L;M;O;Q;T;U;V;W,u50a7,傧,U+50A7,,,OJOC,OC,ban3,entertain guests,1,2,6,2,0.8,12,cj-053,10,
cj-054,cangjie,1,54,Lesson 54,第54課,O;T;Q;M;J;K;E;F;B;U;C;I;V;A;G;W;L,O;M;E;U;C;A;G;F;B,A;B;C;E;F;G;I;J;K;L;M;O;Q;T;U;V;W,u50a8,储,U+50A8,,,OIVA,OA,cyu5,"save money, store, reserve; heir",1,2,6,2,0.8,12,cj-053,10,
cj-054,cangjie,1,54,Lesson 54,第54課,O;T;Q;M;J;K;E;F;B;U;C;I;V;A;G;W;L,O;M;E;U;C;A;G;F;B,A;B;C;E;F;G;I;J;K;L;M;O;Q;T;U;V;W,u50a9,傩,U+50A9,,,OEOG,OG,no4,rich,1,2,6,2,0.8,12,cj-053,10,
cj-054,cangjie,1,54,Lesson 54,第54課,O;T;Q;M;J;K;E;F;B;U;C;I;V;A;G;W;L,O;M;E;U;C;A;G;F;B,A;B;C;E;F;G;I;J;K;L;M;O;Q;T;U;V;W,u50ab,傫,U+50AB,,,OWVF,OF,leoi5,"tired, exhausted; surname",1,2,6,2,0.8,12,cj-053,10,
cj-054,cangjie,1,54,Lesson 54,第54課,O;T;Q;M;J;K;E;F;B;U;C;I;V;A;G;W;L,O;M;E;U;C;A;G;F;B,A;B;C;E;F;G;I;J;K;L;M;O;Q;T;U;V;W,u50ac,催,U+50AC,,,OUOG,OG,ceoi1,"press, urge",1,2,6,2,0.8,12,cj-053,10,
cj-054,cangjie,1,54,Lesson 54,第54課,O;T;Q;M;J;K;E;F;B;U;C;I;V;A;G;W;L,O;M;E;U;C;A;G;F;B,A;B;C;E;F;G;I;J;K;L;M;O;Q;T;U;V;W,u50ad,傭,U+50AD,,,OILB,OB,jung4,"hire, employ, charter; servant",1,2,6,2,0.8,12,cj-053,10,
cj-055,cangjie,1,55,Lesson 55,第55課,O;T;W;A;H;P;G;S;K;J;I;R;Q;M;C;B;F;E;L,O;A;P;K;I;R;C;H;F;E,A;B;C;E;F;G;H;I;J;K;L;M;O;P;Q;R;S;T;W,u50ae,傮,U+50AE,,,OTWA,OA,zou1,"finish, to go around",1,2,6,2,0.8,12,cj-054,10,
cj-055,cangjie,1,55,Lesson 55,第55課,O;T;W;A;H;P;G;S;K;J;I;R;Q;M;C;B;F;E;L,O;A;P;K;I;R;C;H;F;E,A;B;C;E;F;G;H;I;J;K;L;M;O;P;Q;R;S;T;W,u50af,傯,U+50AF,,,OHWP,OP,zung2,urgent,1,2,6,2,0.8,12,cj-054,10,
cj-055,cangjie,1,55,Lesson 55,第55課,O;T;W;A;H;P;G;S;K;J;I;R;Q;M;C;B;F;E;L,O;A;P;K;I;R;C;H;F;E,A;B;C;E;F;G;H;I;J;K;L;M;O;P;Q;R;S;T;W,u50b2,傲,U+50B2,,,OGSK,OK,ngou6,"proud, haughty, overbearing",1,2,6,2,0.8,12,cj-054,10,
cj-055,cangjie,1,55,Lesson 55,第55課,O;T;W;A;H;P;G;S;K;J;I;R;Q;M;C;B;F;E;L,O;A;P;K;I;R;C;H;F;E,A;B;C;E;F;G;H;I;J;K;L;M;O;P;Q;R;S;T;W,u50b3,傳,U+50B3,,,OJII,OI,cyun4,"summon; propagate, transmit",1,2,6,2,0.8,12,cj-054,10,
cj-055,cangjie,1,55,Lesson 55,第55課,O;T;W;A;H;P;G;S;K;J;I;R;Q;M;C;B;F;E;L,O;A;P;K;I;R;C;H;F;E,A;B;C;E;F;G;H;I;J;K;L;M;O;P;Q;R;S;T;W,u50b4,傴,U+50B4,,,OSRR,OR,jyu2,humpback; stoop,1,2,6,2,0.8,12,cj-054,10,
cj-055,cangjie,1,55,Lesson 55,第55課,O;T;W;A;H;P;G;S;K;J;I;R;Q;M;C;B;F;E;L,O;A;P;K;I;R;C;H;F;E,A;B;C;E;F;G;H;I;J;K;L;M;O;P;Q;R;S;T;W,u50b5,債,U+50B5,,,OQMC,OC,zaai3,"debt, loan, liabilities",1,2,6,2,0.8,12,cj-054,10,
cj-055,cangjie,1,55,Lesson 55,第55課,O;T;W;A;H;P;G;S;K;J;I;R;Q;M;C;B;F;E;L,O;A;P;K;I;R;C;H;F;E,A;B;C;E;F;G;H;I;J;K;L;M;O;P;Q;R;S;T;W,u50b7,傷,U+50B7,,,OOAH,OH,soeng1,"wound, injury; fall ill from",1,2,6,2,0.8,12,cj-054,10,
cj-055,cangjie,1,55,Lesson 55,第55課,O;T;W;A;H;P;G;S;K;J;I;R;Q;M;C;B;F;E;L,O;A;P;K;I;R;C;H;F;E,A;B;C;E;F;G;H;I;J;K;L;M;O;P;Q;R;S;T;W,u50ba,傺,U+50BA,,,OBOF,OF,cai3,to hinder; to detain,1,2,6,2,0.8,12,cj-054,10,
cj-055,cangjie,1,55,Lesson 55,第55課,O;T;W;A;H;P;G;S;K;J;I;R;Q;M;C;B;F;E;L,O;A;P;K;I;R;C;H;F;E,A;B;C;E;F;G;H;I;J;K;L;M;O;P;Q;R;S;T;W,u50bb,傻,U+50BB,,,OHCE,OE,so4,"foolish, silly, stupid; an imbecile",1,2,6,2,0.8,12,cj-054,10,
cj-055,cangjie,1,55,Lesson 55,第55課,O;T;W;A;H;P;G;S;K;J;I;R;Q;M;C;B;F;E;L,O;A;P;K;I;R;C;H;F;E,A;B;C;E;F;G;H;I;J;K;L;M;O;P;Q;R;S;T;W,u50bc,傼,U+50BC,,,OTLO,OO,hon3,surname,1,2,6,2,0.8,12,cj-054,10,
cj-056,cangjie,1,56,Lesson 56,第56課,O;Y;T;J;P;M;C;L;V;B;W;F;S;H;A;E;R;U,O;J;C;V;B;F;M;H;E;U,A;B;C;E;F;H;J;L;M;O;P;R;S;T;U;V;W;Y,u50bd,傽,U+50BD,,,OYTJ,OJ,zoeng1,terror-stricken,1,2,6,2,0.8,12,cj-055,10,
cj-056,cangjie,1,56,Lesson 56,第56課,O;Y;T;J;P;M;C;L;V;B;W;F;S;H;A;E;R;U,O;J;C;V;B;F;M;H;E;U,A;B;C;E;F;H;J;L;M;O;P;R;S;T;U;V;W;Y,u50be,傾,U+50BE,,,OPMC,OC,king1,"upset, pour out, overflow",1,2,6,2,0.8,12,cj-055,10,
cj-056,cangjie,1,56,Lesson 56,第56課,O;Y;T;J;P;M;C;L;V;B;W;F;S;H;A;E;R;U,O;J;C;V;B;F;M;H;E;U,A;B;C;E;F;H;J;L;M;O;P;R;S;T;U;V;W;Y,u50c2,僂,U+50C2,,,OLLV,OV,leoi5,humpback; surname,1,2,6,2,0.8,12,cj-055,10,
cj-056,cangjie,1,56,Lesson 56,第56課,O;Y;T;J;P;M;C;L;V;B;W;F;S;H;A;E;R;U,O;J;C;V;B;F;M;H;E;U,A;B;C;E;F;H;J;L;M;O;P;R;S;T;U;V;W;Y,u50c3,僃,U+50C3,,,OTPB,OB,bei6,prepared,1,2,6,2,0.8,12,cj-055,10,
cj-056,cangjie,1,56,Lesson 56,第56課,O;Y;T;J;P;M;C;L;V;B;W;F;S;H;A;E;R;U,O;J;C;V;B;F;M;H;E;U,A;B;C;E;F;H;J;L;M;O;P;R;S;T;U;V;W;Y,u50c4,僄,U+50C4,,,OMWF,OF,piu1,light; airy,1,2,6,2,0.8,12,cj-055,10,
cj-056,cangjie,1,56,Lesson 56,第56課,O;Y;T;J;P;M;C;L;V;B;W;F;S;H;A;E;R;U,O;J;C;V;B;F;M;H;E;U,A;B;C;E;F;H;J;L;M;O;P;R;S;T;U;V;W;Y,u50c5,僅,U+50C5,,,OTLM,OM,gan2,"only, merely, solely, just",1,2,6,2,0.8,12,cj-055,10,
cj-056,cangjie,1,56,Lesson 56,第56課,O;Y;T;J;P;M;C;L;V;B;W;F;S;H;A;E;R;U,O;J;C;V;B;F;M;H;E;U,A;B;C;E;F;H;J;L;M;O;P;R;S;T;U;V;W;Y,u50c7,僇,U+50C7,,,OSMH,OH,luk6,humiliate; treat with contempt,1,2,6,2,0.8,12,cj-055,10,
cj-056,cangjie,1,56,Lesson 56,第56課,O;Y;T;J;P;M;C;L;V;B;W;F;S;H;A;E;R;U,O;J;C;V;B;F;M;H;E;U,A;B;C;E;F;H;J;L;M;O;P;R;S;T;U;V;W;Y,u50c8,僈,U+50C8,,,OAWE,OE,maan6,"negligent, remiss",1,2,6,2,0.8,12,cj-055,10,
cj-056,cangjie,1,56,Lesson 56,第56課,O;Y;T;J;P;M;C;L;V;B;W;F;S;H;A;E;R;U,O;J;C;V;B;F;M;H;E;U,A;B;C;E;F;H;J;L;M;O;P;R;S;T;U;V;W;Y,u50c9,僉,U+50C9,,,OMRO,OO,cim1,"all, together, unanimous",1,2,6,2,0.8,12,cj-055,10,
cj-056,cangjie,1,56,Lesson 56,第56課,O;Y;T;J;P;M;C;L;V;B;W;F;S;H;A;E;R;U,O;J;C;V;B;F;M;H;E;U,A;B;C;E;F;H;J;L;M;O;P;R;S;T;U;V;W;Y,u50ca,僊,U+50CA,,,OMWU,OU,sin1,"Taoist super-being, transcendent, immortal",1,2,6,2,0.8,12,cj-055,10,
cj-057,cangjie,1,57,Lesson 57,第57課,O;H;G;S;R;U;C;N;A;K;B;T;F;D,O;S;C;B;R;F;T;D,A;B;C;D;F;G;H;K;N;O;R;S;T;U,u50cd,働,U+50CD,,,OHGS,OS,dung6,labor; work,1,2,6,2,0.8,12,cj-056,10,
cj-057,cangjie,1,57,Lesson 57,第57課,O;H;G;S;R;U;C;N;A;K;B;T;F;D,O;S;C;B;R;F;T;D,A;B;C;D;F;G;H;K;N;O;R;S;T;U,u50ce,僎,U+50CE,,,ORUC,OC,zaan6,collect,1,2,6,2,0.8,12,cj-056,10,
cj-057,cangjie,1,57,Lesson 57,第57課,O;H;G;S;R;U;C;N;A;K;B;T;F;D,O;S;C;B;R;F;T;D,A;B;C;D;F;G;H;K;N;O;R;S;T;U,u50cf,像,U+50CF,,,ONAO,OO,zoeng6,"a picture, image, figure; to resemble",1,2,6,2,0.8,12,cj-056,10,
cj-057,cangjie,1,57,Lesson 57,第57課,O;H;G;S;R;U;C;N;A;K;B;T;F;D,O;S;C;B;R;F;T;D,A;B;C;D;F;G;H;K;N;O;R;S;T;U,u50d1,僑,U+50D1,,,OHKB,OB,kiu4,"sojourn, lodge",1,2,6,2,0.8,12,cj-056,10,
cj-057,cangjie,1,57,Lesson 57,第57課,O;H;G;S;R;U;C;N;A;K;B;T;F;D,O;S;C;B;R;F;T;D,A;B;C;D;F;G;H;K;N;O;R;S;T;U,u50d5,僕,U+50D5,,,OTCO,OO,buk6,"slave, servant, I",1,2,6,2,0.8,12,cj-056,10,
cj-057,cangjie,1,57,Lesson 57,第57課,O;H;G;S;R;U;C;N;A;K;B;T;F;D,O;S;C;B;R;F;T;D,A;B;C;D;F;G;H;K;N;O;R;S;T;U,u50d6,僖,U+50D6,,,OGRR,OR,hei1,"joy, gladness, delight; surname",1,2,6,2,0.8,12,cj-056,10,
cj-057,cangjie,1,57,Lesson 57,第57課,O;H;G;S;R;U;C;N;A;K;B;T;F;D,O;S;C;B;R;F;T;D,A;B;C;D;F;G;H;K;N;O;R;S;T;U,u50da,僚,U+50DA,,,OKCF,OF,liu4,"companion, colleague; officials; bureaucracy; a pretty face",1,2,6,2,0.8,12,cj-056,10,
cj-057,cangjie,1,57,Lesson 57,第57課,O;H;G;S;R;U;C;N;A;K;B;T;F;D,O;S;C;B;R;F;T;D,A;B;C;D;F;G;H;K;N;O;R;S;T;U,u50db,僛,U+50DB,,,OTCO,OO,hei1,tipsy reel,1,2,6,2,0.8,12,cj-056,10,
cj-057,cangjie,1,57,Lesson 57,第57課,O;H;G;S;R;U;C;N;A;K;B;T;F;D,O;S;C;B;R;F;T;D,A;B;C;D;F;G;H;K;N;O;R;S;T;U,u50dc,僜,U+50DC,,,ONOT,OT,cing1,Dèng ethnic group of Tibet,1,2,6,2,0.8,12,cj-056,10,
cj-057,cangjie,1,57,Lesson 57,第57課,O;H;G;S;R;U;C;N;A;K;B;T;F;D,O;S;C;B;R;F;T;D,A;B;C;D;F;G;H;K;N;O;R;S;T;U,u50dd,僝,U+50DD,,,OSND,OD,saan4,to revile; to abuse,1,2,6,2,0.8,12,cj-056,10,
cj-058,cangjie,1,58,Lesson 58,第58課,O;B;H;F;J;I;P;R;G;U;Y;C;W;A;T;N;M,O;F;P;J;U;A;C;B,A;B;C;F;G;H;I;J;M;N;O;P;R;T;U;W;Y,u50de,僞,U+50DE,,,OBHF,OF,ngai6,"false, counterfeit, bogus",1,2,6,2,0.8,12,cj-057,10,
cj-058,cangjie,1,58,Lesson 58,第58課,O;B;H;F;J;I;P;R;G;U;Y;C;W;A;T;N;M,O;F;P;J;U;A;C;B,A;B;C;F;G;H;I;J;M;N;O;P;R;T;U;W;Y,u50e1,僡,U+50E1,,,OJIP,OP,wai6,"favor, benefit, confer kindness",1,2,6,2,0.8,12,cj-057,10,
cj-058,cangjie,1,58,Lesson 58,第58課,O;B;H;F;J;I;P;R;G;U;Y;C;W;A;T;N;M,O;F;P;J;U;A;C;B,A;B;C;F;G;H;I;J;M;N;O;P;R;T;U;W;Y,u50e4,僤,U+50E4,,,ORRJ,OJ,daan6,sincere,1,2,6,2,0.8,12,cj-057,10,
cj-058,cangjie,1,58,Lesson 58,第58課,O;B;H;F;J;I;P;R;G;U;Y;C;W;A;T;N;M,O;F;P;J;U;A;C;B,A;B;C;F;G;H;I;J;M;N;O;P;R;T;U;W;Y,u50e5,僥,U+50E5,,,OGGU,OU,hiu1,"be lucky; by chance, by luck",1,2,6,2,0.8,12,cj-057,10,
cj-058,cangjie,1,58,Lesson 58,第58課,O;B;H;F;J;I;P;R;G;U;Y;C;W;A;T;N;M,O;F;P;J;U;A;C;B,A;B;C;F;G;H;I;J;M;N;O;P;R;T;U;W;Y,u50e6,僦,U+50E6,,,OYFU,OU,zau6,to heir; to rent,1,2,6,2,0.8,12,cj-057,10,
cj-058,cangjie,1,58,Lesson 58,第58課,O;B;H;F;J;I;P;R;G;U;Y;C;W;A;T;N;M,O;F;P;J;U;A;C;B,A;B;C;F;G;H;I;J;M;N;O;P;R;T;U;W;Y,u50e7,僧,U+50E7,,,OCWA,OA,zang1,"Buddhist priest, monk; san of Sanskrit sangha",1,2,6,2,0.8,12,cj-057,10,
cj-058,cangjie,1,58,Lesson 58,第58課,O;B;H;F;J;I;P;R;G;U;Y;C;W;A;T;N;M,O;F;P;J;U;A;C;B,A;B;C;F;G;H;I;J;M;N;O;P;R;T;U;W;Y,u50e8,僨,U+50E8,,,OJTC,OC,fan5,"ruin, cause fail; overthrown",1,2,6,2,0.8,12,cj-057,10,
cj-058,cangjie,1,58,Lesson 58,第58課,O;B;H;F;J;I;P;R;G;U;Y;C;W;A;T;N;M,O;F;P;J;U;A;C;B,A;B;C;F;G;H;I;J;M;N;O;P;R;T;U;W;Y,u50e9,僩,U+50E9,,,OANB,OB,haan5,courageous; martial; dignified,1,2,6,2,0.8,12,cj-057,10,
cj-058,cangjie,1,58,Lesson 58,第58課,O;B;H;F;J;I;P;R;G;U;Y;C;W;A;T;N;M,O;F;P;J;U;A;C;B,A;B;C;F;G;H;I;J;M;N;O;P;R;T;U;W;Y,u50ec,僬,U+50EC,,,OOGF,OF,ziu1,clever; alert in mind pigmies,1,2,6,2,0.8,12,cj-057,10,
cj-058,cangjie,1,58,Lesson 58,第58課,O;B;H;F;J;I;P;R;G;U;Y;C;W;A;T;N;M,O;F;P;J;U;A;C;B,A;B;C;F;G;H;I;J;M;N;O;P;R;T;U;W;Y,u50ed,僭,U+50ED,,,OMUA,OA,cim3,"assume, usurp",1,2,6,2,0.8,12,cj-057,10,
cj-059,cangjie,1,59,Lesson 59,第59課,O;Y;T;G;F;D;Q;B;H;S;M;W;R;X;U;C;J;P,O;G;Q;D;M;U;C;J;P,B;C;D;F;G;H;J;M;O;P;Q;R;S;T;U;W;X;Y,u50ee,僮,U+50EE,,,OYTG,OG,tung4,"page, boy servant",1,2,6,2,0.8,12,cj-058,10,
cj-059,cangjie,1,59,Lesson 59,第59課,O;Y;T;G;F;D;Q;B;H;S;M;W;R;X;U;C;J;P,O;G;Q;D;M;U;C;J;P,B;C;D;F;G;H;J;M;O;P;Q;R;S;T;U;W;X;Y,u50ef,僯,U+50EF,,,OFDQ,OQ,leon4,ashamed,1,2,6,2,0.8,12,cj-058,10,
cj-059,cangjie,1,59,Lesson 59,第59課,O;Y;T;G;F;D;Q;B;H;S;M;W;R;X;U;C;J;P,O;G;Q;D;M;U;C;J;P,B;C;D;F;G;H;J;M;O;P;Q;R;S;T;U;W;X;Y,u50f0,僰,U+50F0,,,DBO,DO,baak6,ancient aboriginal tribe,1,2,6,2,0.8,12,cj-058,10,
cj-059,cangjie,1,59,Lesson 59,第59課,O;Y;T;G;F;D;Q;B;H;S;M;W;R;X;U;C;J;P,O;G;Q;D;M;U;C;J;P,B;C;D;F;G;H;J;M;O;P;Q;R;S;T;U;W;X;Y,u50f1,僱,U+50F1,,,OHSG,OG,gu3,"employ, hire",1,2,6,2,0.8,12,cj-058,10,
cj-059,cangjie,1,59,Lesson 59,第59課,O;Y;T;G;F;D;Q;B;H;S;M;W;R;X;U;C;J;P,O;G;Q;D;M;U;C;J;P,B;C;D;F;G;H;J;M;O;P;Q;R;S;T;U;W;X;Y,u50f3,僳,U+50F3,,,OMWD,OD,suk1,minority name,1,2,6,2,0.8,12,cj-058,10,
cj-059,cangjie,1,59,Lesson 59,第59課,O;Y;T;G;F;D;Q;B;H;S;M;W;R;X;U;C;J;P,O;G;Q;D;M;U;C;J;P,B;C;D;F;G;H;J;M;O;P;Q;R;S;T;U;W;X;Y,u50f5,僵,U+50F5,,,OMWM,OM,goeng1,"stiff and motionless, stock still",1,2,6,2,0.8,12,cj-058,10,
cj-059,cangjie,1,59,Lesson 59,第59課,O;Y;T;G;F;D;Q;B;H;S;M;W;R;X;U;C;J;P,O;G;Q;D;M;U;C;J;P,B;C;D;F;G;H;J;M;O;P;Q;R;S;T;U;W;X;Y,u50f6,僶,U+50F6,,,ORXU,OU,man5,forcefully,1,2,6,2,0.8,12,cj-058,10,
cj-059,cangjie,1,59,Lesson 59,第59課,O;Y;T;G;F;D;Q;B;H;S;M;W;R;X;U;C;J;P,O;G;Q;D;M;U;C;J;P,B;C;D;F;G;H;J;M;O;P;Q;R;S;T;U;W;X;Y,u50f9,價,U+50F9,,,OMWC,OC,gaa3,"price, value",1,2,6,2,0.8,12,cj-058,10,
cj-059,cangjie,1,59,Lesson 59,第59課,O;Y;T;G;F;D;Q;B;H;S;M;W;R;X;U;C;J;P,O;G;Q;D;M;U;C;J;P,B;C;D;F;G;H;J;M;O;P;Q;R;S;T;U;W;X;Y,u50fb,僻,U+50FB,,,OSRJ,OJ,pik1,"out-of-the-way, remote; unorthodox",1,2,6,2,0.8,12,cj-058,10,
cj-059,cangjie,1,59,Lesson 59,第59課,O;Y;T;G;F;D;Q;B;H;S;M;W;R;X;U;C;J;P,O;G;Q;D;M;U;C;J;P,B;C;D;F;G;H;J;M;O;P;Q;R;S;T;U;W;X;Y,u50fd,僽,U+50FD,,,OHFP,OP,zau3,"haggard; sallow, pallid",1,2,6,2,0.8,12,cj-058,10,
cj-060,cangjie,1,60,Lesson 60,第60課,O;B;E;J;T;G;I;S;W;V;Y;M;P;F;R;K;L,O;E;G;I;S;V;M;P;W;K,B;E;F;G;I;J;K;L;M;O;P;R;S;T;V;W;Y,u50fe,僾,U+50FE,,,OBBE,OE,oi3,like,1,2,6,2,0.8,12,cj-059,10,
cj-060,cangjie,1,60,Lesson 60,第60課,O;B;E;J;T;G;I;S;W;V;Y;M;P;F;R;K;L,O;E;G;I;S;V;M;P;W;K,B;E;F;G;I;J;K;L;M;O;P;R;S;T;V;W;Y,u50ff,僿,U+50FF,,,OJTG,OG,si1,"small, minute; lacking sincerity",1,2,6,2,0.8,12,cj-059,10,
cj-060,cangjie,1,60,Lesson 60,第60課,O;B;E;J;T;G;I;S;W;V;Y;M;P;F;R;K;L,O;E;G;I;S;V;M;P;W;K,B;E;F;G;I;J;K;L;M;O;P;R;S;T;V;W;Y,u5100,儀,U+5100,,,OTGI,OI,ji4,"ceremony, rites gifts; admire",1,2,6,2,0.8,12,cj-059,10,
cj-060,cangjie,1,60,Lesson 60,第60課,O;B;E;J;T;G;I;S;W;V;Y;M;P;F;R;K;L,O;E;G;I;S;V;M;P;W;K,B;E;F;G;I;J;K;L;M;O;P;R;S;T;V;W;Y,u5101,儁,U+5101,,,OOGS,OS,zeon3,"outstanding, fine; superior; talented, capable; handsome",1,2,6,2,0.8,12,cj-059,10,
cj-060,cangjie,1,60,Lesson 60,第60課,O;B;E;J;T;G;I;S;W;V;Y;M;P;F;R;K;L,O;E;G;I;S;V;M;P;W;K,B;E;F;G;I;J;K;L;M;O;P;R;S;T;V;W;Y,u5102,儂,U+5102,,,OTWV,OV,nung4,I; you; family name,1,2,6,2,0.8,12,cj-059,10,
cj-060,cangjie,1,60,Lesson 60,第60課,O;B;E;J;T;G;I;S;W;V;Y;M;P;F;R;K;L,O;E;G;I;S;V;M;P;W;K,B;E;F;G;I;J;K;L;M;O;P;R;S;T;V;W;Y,u5103,儃,U+5103,,,OYWM,OM,sin4,"manner, air; easy-going; to turn around; lame; unable to get on",1,2,6,2,0.8,12,cj-059,10,
cj-060,cangjie,1,60,Lesson 60,第60課,O;B;E;J;T;G;I;S;W;V;Y;M;P;F;R;K;L,O;E;G;I;S;V;M;P;W;K,B;E;F;G;I;J;K;L;M;O;P;R;S;T;V;W;Y,u5104,億,U+5104,,,OYTP,OP,jik1,hundred million; many,1,2,6,2,0.8,12,cj-059,10,
cj-060,cangjie,1,60,Lesson 60,第60課,O;B;E;J;T;G;I;S;W;V;Y;M;P;F;R;K;L,O;E;G;I;S;V;M;P;W;K,B;E;F;G;I;J;K;L;M;O;P;R;S;T;V;W;Y,u5105,儅,U+5105,,,OFBW,OW,dong1,stop,1,2,6,2,0.8,12,cj-059,10,
cj-060,cangjie,1,60,Lesson 60,第60課,O;B;E;J;T;G;I;S;W;V;Y;M;P;F;R;K;L,O;E;G;I;S;V;M;P;W;K,B;E;F;G;I;J;K;L;M;O;P;R;S;T;V;W;Y,u5106,儆,U+5106,,,OTRK,OK,ging2,warn; warning,1,2,6,2,0.8,12,cj-059,10,
cj-060,cangjie,1,60,Lesson 60,第60課,O;B;E;J;T;G;I;S;W;V;Y;M;P;F;R;K;L,O;E;G;I;S;V;M;P;W;K,B;E;F;G;I;J;K;L;M;O;P;R;S;T;V;W;Y,u5107,儇,U+5107,,,OWLV,OV,hyun1,"clever, nimble",1,2,6,2,0.8,12,cj-059,10,
cj-061,cangjie,1,61,Lesson 61,第61課,O;M;A;D;N;C;R;H;S;K;U;E;J;I;B;G,O;A;R;K;E;J;C;B;G,A;B;C;D;E;G;H;I;J;K;M;N;O;R;S;U,u5108,儈,U+5108,,,OOMA,OA,kui2,"go-between, broker, proxy",1,2,6,2,0.8,12,cj-060,10,
cj-061,cangjie,1,61,Lesson 61,第61課,O;M;A;D;N;C;R;H;S;K;U;E;J;I;B;G,O;A;R;K;E;J;C;B;G,A;B;C;D;E;G;H;I;J;K;M;N;O;R;S;U,u5109,儉,U+5109,,,OOMO,OO,gim6,"temperate, frugal, economical",1,2,6,2,0.8,12,cj-060,10,
cj-061,cangjie,1,61,Lesson 61,第61課,O;M;A;D;N;C;R;H;S;K;U;E;J;I;B;G,O;A;R;K;E;J;C;B;G,A;B;C;D;E;G;H;I;J;K;M;N;O;R;S;U,u510a,儊,U+510A,,,ODDO,OO,co3,rough and rugged,1,2,6,2,0.8,12,cj-060,10,
cj-061,cangjie,1,61,Lesson 61,第61課,O;M;A;D;N;C;R;H;S;K;U;E;J;I;B;G,O;A;R;K;E;J;C;B;G,A;B;C;D;E;G;H;I;J;K;M;N;O;R;S;U,u510b,儋,U+510B,,,ONCR,OR,daam1,a small jar; to bear a burden; a load of two,1,2,6,2,0.8,12,cj-060,10,
cj-061,cangjie,1,61,Lesson 61,第61課,O;M;A;D;N;C;R;H;S;K;U;E;J;I;B;G,O;A;R;K;E;J;C;B;G,A;B;C;D;E;G;H;I;J;K;M;N;O;R;S;U,u510c,儌,U+510C,,,OHSK,OK,giu2,"lucky, fortunate",1,2,6,2,0.8,12,cj-060,10,
cj-061,cangjie,1,61,Lesson 61,第61課,O;M;A;D;N;C;R;H;S;K;U;E;J;I;B;G,O;A;R;K;E;J;C;B;G,A;B;C;D;E;G;H;I;J;K;M;N;O;R;S;U,u510d,儍,U+510D,,,OUCE,OE,so4,"foolish, silly, an imbecile",1,2,6,2,0.8,12,cj-060,10,
cj-061,cangjie,1,61,Lesson 61,第61課,O;M;A;D;N;C;R;H;S;K;U;E;J;I;B;G,O;A;R;K;E;J;C;B;G,A;B;C;D;E;G;H;I;J;K;M;N;O;R;S;U,u510e,儎,U+510E,,,OJIJ,OJ,zoi3,"carry, contain, load",1,2,6,2,0.8,12,cj-060,10,
cj-061,cangjie,1,61,Lesson 61,第61課,O;M;A;D;N;C;R;H;S;K;U;E;J;I;B;G,O;A;R;K;E;J;C;B;G,A;B;C;D;E;G;H;I;J;K;M;N;O;R;S;U,u5110,儐,U+5110,,,OJMC,OC,ban3,entertain guests,1,2,6,2,0.8,12,cj-060,10,
cj-061,cangjie,1,61,Lesson 61,第61課,O;M;A;D;N;C;R;H;S;K;U;E;J;I;B;G,O;A;R;K;E;J;C;B;G,A;B;C;D;E;G;H;I;J;K;M;N;O;R;S;U,u5112,儒,U+5112,,,OMBB,OB,jyu4,Confucian scholar,1,2,6,2,0.8,12,cj-060,10,
cj-061,cangjie,1,61,Lesson 61,第61課,O;M;A;D;N;C;R;H;S;K;U;E;J;I;B;G,O;A;R;K;E;J;C;B;G,A;B;C;D;E;G;H;I;J;K;M;N;O;R;S;U,u5113,儓,U+5113,,,OGRG,OG,toi4,servant,1,2,6,2,0.8,12,cj-060,10,
cj-062,cangjie,1,62,Lesson 62,第62課,O;G;N;I;Y;X;P;K;L;M;T;Q;J;F;B;C;W;A;E,O;I;X;T;Q;N;C;W;E;F,A;B;C;E;F;G;I;J;K;L;M;N;O;P;Q;T;W;X;Y,u5114,儔,U+5114,,,OGNI,OI,cau4,"companion, mate, colleague",1,2,6,2,0.8,12,cj-061,10,
cj-062,cangjie,1,62,Lesson 62,第62課,O;G;N;I;Y;X;P;K;L;M;T;Q;J;F;B;C;W;A;E,O;I;X;T;Q;N;C;W;E;F,A;B;C;E;F;G;I;J;K;L;M;N;O;P;Q;T;W;X;Y,u5115,儕,U+5115,,,OYX,OX,caai4,"a company, companion; together",1,2,6,2,0.8,12,cj-061,10,
cj-062,cangjie,1,62,Lesson 62,第62課,O;G;N;I;Y;X;P;K;L;M;T;Q;J;F;B;C;W;A;E,O;I;X;T;Q;N;C;W;E;F,A;B;C;E;F;G;I;J;K;L;M;N;O;P;Q;T;W;X;Y,u5117,儗,U+5117,,,OPKO,OO,ji5,"compare with, draw analogy with",1,2,6,2,0.8,12,cj-061,10,
cj-062,cangjie,1,62,Lesson 62,第62課,O;G;N;I;Y;X;P;K;L;M;T;Q;J;F;B;C;W;A;E,O;I;X;T;Q;N;C;W;E;F,A;B;C;E;F;G;I;J;K;L;M;N;O;P;Q;T;W;X;Y,u5118,儘,U+5118,,,OLMT,OT,zeon2,utmost,1,2,6,2,0.8,12,cj-061,10,
cj-062,cangjie,1,62,Lesson 62,第62課,O;G;N;I;Y;X;P;K;L;M;T;Q;J;F;B;C;W;A;E,O;I;X;T;Q;N;C;W;E;F,A;B;C;E;F;G;I;J;K;L;M;N;O;P;Q;T;W;X;Y,u511b,儛,U+511B,,,OOTQ,OQ,mou5,"to skip about, to dance for joy",1,2,6,2,0.8,12,cj-061,10,
cj-062,cangjie,1,62,Lesson 62,第62課,O;G;N;I;Y;X;P;K;L;M;T;Q;J;F;B;C;W;A;E,O;I;X;T;Q;N;C;W;E;F,A;B;C;E;F;G;I;J;K;L;M;N;O;P;Q;T;W;X;Y,u511c,儜,U+511C,,,OJPN,ON,ning4,weak; wearied; in distress,1,2,6,2,0.8,12,cj-061,10,
cj-062,cangjie,1,62,Lesson 62,第62課,O;G;N;I;Y;X;P;K;L;M;T;Q;J;F;B;C;W;A;E,O;I;X;T;Q;N;C;W;E;F,A;B;C;E;F;G;I;J;K;L;M;N;O;P;Q;T;W;X;Y,u511f,償,U+511F,,,OFBC,OC,soeng4,"repay, recompense; restitution",1,2,6,2,0.8,12,cj-061,10,
cj-062,cangjie,1,62,Lesson 62,第62課,O;G;N;I;Y;X;P;K;L;M;T;Q;J;F;B;C;W;A;E,O;I;X;T;Q;N;C;W;E;F,A;B;C;E;F;G;I;J;K;L;M;N;O;P;Q;T;W;X;Y,u5121,儡,U+5121,,,OWWW,OW,leoi5,"puppet, dummy",1,2,6,2,0.8,12,cj-061,10,
cj-062,cangjie,1,62,Lesson 62,第62課,O;G;N;I;Y;X;P;K;L;M;T;Q;J;F;B;C;W;A;E,O;I;X;T;Q;N;C;W;E;F,A;B;C;E;F;G;I;J;K;L;M;N;O;P;Q;T;W;X;Y,u5124,儤,U+5124,,,OATE,OE,bou3,on duty,1,2,6,2,0.8,12,cj-061,10,
cj-062,cangjie,1,62,Lesson 62,第62課,O;G;N;I;Y;X;P;K;L;M;T;Q;J;F;B;C;W;A;E,O;I;X;T;Q;N;C;W;E;F,A;B;C;E;F;G;I;J;K;L;M;N;O;P;Q;T;W;X;Y,u5126,儦,U+5126,,,OIPF,OF,biu1,milling,1,2,6,2,0.8,12,cj-061,10,
cj-063,cangjie,1,63,Lesson 63,第63課,O;B;C;H;M;E;Y;D;U;P;R;A;N;I;L;F;W;G,O;H;E;U;P;A;I;F;B;G,A;B;C;D;E;F;G;H;I;L;M;N;O;P;R;U;W;Y,u5129,儩,U+5129,,,OBCH,OH,ci3,complete,1,2,6,2,0.8,12,cj-062,10,
cj-063,cangjie,1,63,Lesson 63,第63課,O;B;C;H;M;E;Y;D;U;P;R;A;N;I;L;F;W;G,O;H;E;U;P;A;I;F;B;G,A;B;C;D;E;F;G;H;I;L;M;N;O;P;R;U;W;Y,u512a,優,U+512A,,,OMBE,OE,jau1,"superior, excellent; actor",1,2,6,2,0.8,12,cj-062,10,
cj-063,cangjie,1,63,Lesson 63,第63課,O;B;C;H;M;E;Y;D;U;P;R;A;N;I;L;F;W;G,O;H;E;U;P;A;I;F;B;G,A;B;C;D;E;F;G;H;I;L;M;N;O;P;R;U;W;Y,u512d,儭,U+512D,,,OYDU,OU,can3,to assist; to give alms,1,2,6,2,0.8,12,cj-062,10,
cj-063,cangjie,1,63,Lesson 63,第63課,O;B;C;H;M;E;Y;D;U;P;R;A;N;I;L;F;W;G,O;H;E;U;P;A;I;F;B;G,A;B;C;D;E;F;G;H;I;L;M;N;O;P;R;U;W;Y,u5131,儱,U+5131,,,OYBP,OP,lung5,rude; barbarous,1,2,6,2,0.8,12,cj-062,10,
cj-063,cangjie,1,63,Lesson 63,第63課,O;B;C;H;M;E;Y;D;U;P;R;A;N;I;L;F;W;G,O;H;E;U;P;A;I;F;B;G,A;B;C;D;E;F;G;H;I;L;M;N;O;P;R;U;W;Y,u5132,儲,U+5132,,,OYRA,OA,cyu5,"to save money, store, reserve; an heir",1,2,6,2,0.8,12,cj-062,10,
cj-063,cangjie,1,63,Lesson 63,第63課,O;B;C;H;M;E;Y;D;U;P;R;A;N;I;L;F;W;G,O;H;E;U;P;A;I;F;B;G,A;B;C;D;E;F;G;H;I;L;M;N;O;P;R;U;W;Y,u5133,儳,U+5133,,,ONRI,OI,caam3,obstinate; stupid; uneven; mix,1,2,6,2,0.8,12,cj-062,10,
cj-063,cangjie,1,63,Lesson 63,第63課,O;B;C;H;M;E;Y;D;U;P;R;A;N;I;L;F;W;G,O;H;E;U;P;A;I;F;B;G,A;B;C;D;E;F;G;H;I;L;M;N;O;P;R;U;W;Y,u5135,儵,U+5135,,,OLHF,OF,suk1,"hastily, suddenly, abruptly",1,2,6,2,0.8,12,cj-062,10,
cj-063,cangjie,1,63,Lesson 63,第63課,O;B;C;H;M;E;Y;D;U;P;R;A;N;I;L;F;W;G,O;H;E;U;P;A;I;F;B;G,A;B;C;D;E;F;G;H;I;L;M;N;O;P;R;U;W;Y,u5136,儶,U+5136,,,OUOB,OB,wai6,"valiant, brave; eminent",1,2,6,2,0.8,12,cj-062,10,
cj-063,cangjie,1,63,Lesson 63,第63課,O;B;C;H;M;E;Y;D;U;P;R;A;N;I;L;F;W;G,O;H;E;U;P;A;I;F;B;G,A;B;C;D;E;F;G;H;I;L;M;N;O;P;R;U;W;Y,u5137,儷,U+5137,,,OMMP,OP,lai6,"spouse, couple, pair",1,2,6,2,0.8,12,cj-062,10,
cj-063,cangjie,1,63,Lesson 63,第63課,O;B;C;H;M;E;Y;D;U;P;R;A;N;I;L;F;W;G,O;H;E;U;P;A;I;F;B;G,A;B;C;D;E;F;G;H;I;L;M;N;O;P;R;U;W;Y,u5138,儸,U+5138,,,OWLG,OG,lo4,"bandit, daredevil",1,2,6,2,0.8,12,cj-062,10,
cj-064,cangjie,1,64,Lesson 64,第64課,O;H;U;C;T;G;F;B;R;K;W;J;V;L;M;I,O;C;G;F;K;V;L;U;M;I,B;C;F;G;H;I;J;K;L;M;O;R;T;U;V;W,u5139,儹,U+5139,,,OHUC,OC,zaan2,"to accumulate, to hoard, to store up",1,2,6,2,0.8,12,cj-063,10,
cj-064,cangjie,1,64,Lesson 64,第64課,O;H;U;C;T;G;F;B;R;K;W;J;V;L;M;I,O;C;G;F;K;V;L;U;M;I,B;C;F;G;H;I;J;K;L;M;O;R;T;U;V;W,u513a,儺,U+513A,,,OTOG,OG,no4,rich,1,2,6,2,0.8,12,cj-063,10,
cj-064,cangjie,1,64,Lesson 64,第64課,O;H;U;C;T;G;F;B;R;K;W;J;V;L;M;I,O;C;G;F;K;V;L;U;M;I,B;C;F;G;H;I;J;K;L;M;O;R;T;U;V;W,u513b,儻,U+513B,,,OFBF,OF,tong2,"if, supposing, in case",1,2,6,2,0.8,12,cj-063,10,
cj-064,cangjie,1,64,Lesson 64,第64課,O;H;U;C;T;G;F;B;R;K;W;J;V;L;M;I,O;C;G;F;K;V;L;U;M;I,B;C;F;G;H;I;J;K;L;M;O;R;T;U;V;W,u513c,儼,U+513C,,,ORRK,OK,jim5,"grave, respectful, majestic",1,2,6,2,0.8,12,cj-063,10,
cj-064,cangjie,1,64,Lesson 64,第64課,O;H;U;C;T;G;F;B;R;K;W;J;V;L;M;I,O;C;G;F;K;V;L;U;M;I,B;C;F;G;H;I;J;K;L;M;O;R;T;U;V;W,u513d,儽,U+513D,,,OWWF,OF,leoi5,"lazy; tired out, worn fatigued",1,2,6,2,0.8,12,cj-063,10,
cj-064,cangjie,1,64,Lesson 64,第64課,O;H;U;C;T;G;F;B;R;K;W;J;V;L;M;I,O;C;G;F;K;V;L;U;M;I,B;C;F;G;H;I;J;K;L;M;O;R;T;U;V;W,u513e,儾,U+513E,,,OJBV,OV,nong6,"slow, dull; irresolute",1,2,6,2,0.8,12,cj-063,10,
cj-064,cangjie,1,64,Lesson 64,第64課,O;H;U;C;T;G;F;B;R;K;W;J;V;L;M;I,O;C;G;F;K;V;L;U;M;I,B;C;F;G;H;I;J;K;L;M;O;R;T;U;V;W,u513f,儿,U+513F,,,LU,LU,ji4,"son, child; Kangxi radical 10",1,2,6,2,0.8,12,cj-063,10,
cj-064,cangjie,1,64,Lesson 64,第64課,O;H;U;C;T;G;F;B;R;K;W;J;V;L;M;I,O;C;G;F;K;V;L;U;M;I,B;C;F;G;H;I;J;K;L;M;O;R;T;U;V;W,u5140,兀,U+5140,,,MU,MU,ngat6,to cut off the feet,1,2,6,2,0.8,12,cj-063,10,
cj-064,cangjie,1,64,Lesson 64,第64課,O;H;U;C;T;G;F;B;R;K;W;J;V;L;M;I,O;C;G;F;K;V;L;U;M;I,B;C;F;G;H;I;J;K;L;M;O;R;T;U;V;W,u5141,允,U+5141,,,IHU,IU,wan5,"to grant, to allow, to consent",1,2,6,2,0.8,12,cj-063,10,
cj-064,cangjie,1,64,Lesson 64,第64課,O;H;U;C;T;G;F;B;R;K;W;J;V;L;M;I,O;C;G;F;K;V;L;U;M;I,B;C;F;G;H;I;J;K;L;M;O;R;T;U;V;W,u5142,兂,U+5142,,,KVU,KU,zaam1,"hairpin, clasp; wear in hair",1,2,6,2,0.8,12,cj-063,10,
cj-065,cangjie,1,65,Lesson 65,第65課,M;U;R;H;Y;I;L;O;K;G;F;J;C;N;A,M;U;R;Y;L;O;H;F;J;C;N,A;C;F;G;H;I;J;K;L;M;N;O;R;U;Y,u5143,元,U+5143,,,MMU,MU,jyun4,first; dollar; origin; head,1,2,6,2,0.8,12,cj-064,10,
cj-065,cangjie,1,65,Lesson 65,第65課,M;U;R;H;Y;I;L;O;K;G;F;J;C;N;A,M;U;R;Y;L;O;H;F;J;C;N,A;C;F;G;H;I;J;K;L;M;N;O;R;U;Y,u5144,兄,U+5144,,,RHU,RU,hing1,elder brother,1,2,6,2,0.8,12,cj-064,10,
cj-065,cangjie,1,65,Lesson 65,第65課,M;U;R;H;Y;I;L;O;K;G;F;J;C;N;A,M;U;R;Y;L;O;H;F;J;C;N,A;C;F;G;H;I;J;K;L;M;N;O;R;U;Y,u5145,充,U+5145,,,YIHU,YU,cung1,"fill, be full, supply",1,2,6,2,0.8,12,cj-064,10,
cj-065,cangjie,1,65,Lesson 65,第65課,M;U;R;H;Y;I;L;O;K;G;F;J;C;N;A,M;U;R;Y;L;O;H;F;J;C;N,A;C;F;G;H;I;J;K;L;M;N;O;R;U;Y,u5146,兆,U+5146,,,LMUO,LO,siu6,omen; million; mega; also trillion. China = million; Japan and Taiwan = trillion,1,2,6,2,0.8,12,cj-064,10,
cj-065,cangjie,1,65,Lesson 65,第65課,M;U;R;H;Y;I;L;O;K;G;F;J;C;N;A,M;U;R;Y;L;O;H;F;J;C;N,A;C;F;G;H;I;J;K;L;M;N;O;R;U;Y,u5147,兇,U+5147,,,UKHU,UU,hung1,"atrocious, ferocious, brutal",1,2,6,2,0.8,12,cj-064,10,
cj-065,cangjie,1,65,Lesson 65,第65課,M;U;R;H;Y;I;L;O;K;G;F;J;C;N;A,M;U;R;Y;L;O;H;F;J;C;N,A;C;F;G;H;I;J;K;L;M;N;O;R;U;Y,u5148,先,U+5148,,,HGHU,HU,sin1,"first, former, previous",1,2,6,2,0.8,12,cj-064,10,
cj-065,cangjie,1,65,Lesson 65,第65課,M;U;R;H;Y;I;L;O;K;G;F;J;C;N;A,M;U;R;Y;L;O;H;F;J;C;N,A;C;F;G;H;I;J;K;L;M;N;O;R;U;Y,u5149,光,U+5149,,,FMU,FU,gwong1,"light, brilliant, shine; only",1,2,6,2,0.8,12,cj-064,10,
cj-065,cangjie,1,65,Lesson 65,第65課,M;U;R;H;Y;I;L;O;K;G;F;J;C;N;A,M;U;R;Y;L;O;H;F;J;C;N,A;C;F;G;H;I;J;K;L;M;N;O;R;U;Y,u514b,克,U+514B,,,JRHU,JU,hak1,gram; overcome; transliteration,1,2,6,2,0.8,12,cj-064,10,
cj-065,cangjie,1,65,Lesson 65,第65課,M;U;R;H;Y;I;L;O;K;G;F;J;C;N;A,M;U;R;Y;L;O;H;F;J;C;N,A;C;F;G;H;I;J;K;L;M;N;O;R;U;Y,u514c,兌,U+514C,,,CRHU,CU,deoi3,"cash; exchange, barter; weight; trigram ☱; hexagram ䷹",1,2,6,2,0.8,12,cj-064,10,
cj-065,cangjie,1,65,Lesson 65,第65課,M;U;R;H;Y;I;L;O;K;G;F;J;C;N;A,M;U;R;Y;L;O;H;F;J;C;N,A;C;F;G;H;I;J;K;L;M;N;O;R;U;Y,u514d,免,U+514D,,,NAHU,NU,min5,spare; excuse from; evade,1,2,6,2,0.8,12,cj-064,10,
cj-066,cangjie,1,66,Lesson 66,第66課,H;L;A;I;U;C;R;X;N;S;Y;J;F;B,H;I;L;U;C;N;S;Y;J;F,A;B;C;F;H;I;J;L;N;R;S;U;X;Y,u514e,兎,U+514E,,,HLAI,HI,tou3,"rabbit, hare",1,2,6,2,0.8,12,cj-065,10,
cj-066,cangjie,1,66,Lesson 66,第66課,H;L;A;I;U;C;R;X;N;S;Y;J;F;B,H;I;L;U;C;N;S;Y;J;F,A;B;C;F;H;I;J;L;N;R;S;U;X;Y,u5150,児,U+5150,,,LAHU,LU,ji4,"son, child, oneself; final part",1,2,6,2,0.8,12,cj-065,10,
cj-066,cangjie,1,66,Lesson 66,第66課,H;L;A;I;U;C;R;X;N;S;Y;J;F;B,H;I;L;U;C;N;S;Y;J;F,A;B;C;F;H;I;J;L;N;R;S;U;X;Y,u5151,兑,U+5151,,,CRHU,CU,deoi3,cash; exchange,1,2,6,2,0.8,12,cj-065,10,
cj-066,cangjie,1,66,Lesson 66,第66課,H;L;A;I;U;C;R;X;N;S;Y;J;F;B,H;I;L;U;C;N;S;Y;J;F,A;B;C;F;H;I;J;L;N;R;S;U;X;Y,u5152,兒,U+5152,,,HXHU,HU,ji4,"son, child, oneself; final part",1,2,6,2,0.8,12,cj-065,10,
cj-066,cangjie,1,66,Lesson 66,第66課,H;L;A;I;U;C;R;X;N;S;Y;J;F;B,H;I;L;U;C;N;S;Y;J;F,A;B;C;F;H;I;J;L;N;R;S;U;X;Y,u5154,兔,U+5154,,,NAHI,NI,tou3,"rabbit, hare",1,2,6,2,0.8,12,cj-065,10,
cj-066,cangjie,1,66,Lesson 66,第66課,H;L;A;I;U;C;R;X;N;S;Y;J;F;B,H;I;L;U;C;N;S;Y;J;F,A;B;C;F;H;I;J;L;N;R;S;U;X;Y,u5155,兕,U+5155,,,SSUU,SU,zi6,a female rhinoceros,1,2,6,2,0.8,12,cj-065,10,
cj-066,cangjie,1,66,Lesson 66,第66課,H;L;A;I;U;C;R;X;N;S;Y;J;F;B,H;I;L;U;C;N;S;Y;J;F,A;B;C;F;H;I;J;L;N;R;S;U;X;Y,u5156,兖,U+5156,,,YCIHU,YU,jin2,establish; one of nine empire divisions,1,2,6,2,0.8,12,cj-065,10,
cj-066,cangjie,1,66,Lesson 66,第66課,H;L;A;I;U;C;R;X;N;S;Y;J;F;B,H;I;L;U;C;N;S;Y;J;F,A;B;C;F;H;I;J;L;N;R;S;U;X;Y,u5157,兗,U+5157,,,YCRHU,YU,jin2,establish; one of nine empire divisions,1,2,6,2,0.8,12,cj-065,10,
cj-066,cangjie,1,66,Lesson 66,第66課,H;L;A;I;U;C;R;X;N;S;Y;J;F;B,H;I;L;U;C;N;S;Y;J;F,A;B;C;F;H;I;J;L;N;R;S;U;X;Y,u5159,兙,U+5159,,,JUJ,JJ,sap6,decagram,1,2,6,2,0.8,12,cj-065,10,
cj-066,cangjie,1,66,Lesson 66,第66課,H;L;A;I;U;C;R;X;N;S;Y;J;F;B,H;I;L;U;C;N;S;Y;J;F,A;B;C;F;H;I;J;L;N;R;S;U;X;Y,u515a,党,U+515A,,,FBRHU,FU,dong2,"political party, gang, faction",1,2,6,2,0.8,12,cj-065,10,
cj-067,cangjie,1,67,Lesson 67,第67課,J;U;H;S;C;Q;G;M;A;R;W;O;V,J;H;U;A;G;O;V,A;C;G;H;J;M;O;Q;R;S;U;V;W,u515b,兛,U+515B,,,JUHJ,JJ,cin1,kilogram,1,2,6,2,0.8,12,cj-066,10,
cj-067,cangjie,1,67,Lesson 67,第67課,J;U;H;S;C;Q;G;M;A;R;W;O;V,J;H;U;A;G;O;V,A;C;G;H;J;M;O;Q;R;S;U;V;W,u515c,兜,U+515C,,,HSHU,HU,dau1,pouch,1,2,6,2,0.8,12,cj-066,10,
cj-067,cangjie,1,67,Lesson 67,第67課,J;U;H;S;C;Q;G;M;A;R;W;O;V,J;H;U;A;G;O;V,A;C;G;H;J;M;O;Q;R;S;U;V;W,u515d,兝,U+515D,,,JUCSH,JH,fan1,decigram,1,2,6,2,0.8,12,cj-066,10,
cj-067,cangjie,1,67,Lesson 67,第67課,J;U;H;S;C;Q;G;M;A;R;W;O;V,J;H;U;A;G;O;V,A;C;G;H;J;M;O;Q;R;S;U;V;W,u515e,兞,U+515E,,,JUHQU,JU,hou4,milligram,1,2,6,2,0.8,12,cj-066,10,
cj-067,cangjie,1,67,Lesson 67,第67課,J;U;H;S;C;Q;G;M;A;R;W;O;V,J;H;U;A;G;O;V,A;C;G;H;J;M;O;Q;R;S;U;V;W,u515f,兟,U+515F,,,HUHGU,HU,san1,to advance,1,2,6,2,0.8,12,cj-066,10,
cj-067,cangjie,1,67,Lesson 67,第67課,J;U;H;S;C;Q;G;M;A;R;W;O;V,J;H;U;A;G;O;V,A;C;G;H;J;M;O;Q;R;S;U;V;W,u5161,兡,U+5161,,,JUMA,JA,baak3,mercury (chemical element),1,2,6,2,0.8,12,cj-066,10,
cj-067,cangjie,1,67,Lesson 67,第67課,J;U;H;S;C;Q;G;M;A;R;W;O;V,J;H;U;A;G;O;V,A;C;G;H;J;M;O;Q;R;S;U;V;W,u5162,兢,U+5162,,,JUJRU,JU,ging1,"fearful, cautious, wary",1,2,6,2,0.8,12,cj-066,10,
cj-067,cangjie,1,67,Lesson 67,第67課,J;U;H;S;C;Q;G;M;A;R;W;O;V,J;H;U;A;G;O;V,A;C;G;H;J;M;O;Q;R;S;U;V;W,u5163,兣,U+5163,,,JUMWG,JG,lei4,decigram; centigram,1,2,6,2,0.8,12,cj-066,10,
cj-067,cangjie,1,67,Lesson 67,第67課,J;U;H;S;C;Q;G;M;A;R;W;O;V,J;H;U;A;G;O;V,A;C;G;H;J;M;O;Q;R;S;U;V;W,u5165,入,U+5165,,,OH,OH,jap6,"enter, come in(to), join",1,2,6,2,0.8,12,cj-066,10,
cj-067,cangjie,1,67,Lesson 67,第67課,J;U;H;S;C;Q;G;M;A;R;W;O;V,J;H;U;A;G;O;V,A;C;G;H;J;M;O;Q;R;S;U;V;W,u5166,兦,U+5166,,,VO,VO,mong4,destruction,1,2,6,2,0.8,12,cj-066,10,
cj-068,cangjie,1,68,Lesson 68,第68課,O;B;M;G;L;V;H;C;I;Y;S;T,O;B;G;M;V;H;C;I;Y;S;L;T,B;C;G;H;I;L;M;O;S;T;V;Y,u5167,內,U+5167,,,OB,OB,noi6,"inside, interior; domestic",1,2,6,2,0.8,12,cj-067,10,
cj-068,cangjie,1,68,Lesson 68,第68課,O;B;M;G;L;V;H;C;I;Y;S;T,O;B;G;M;V;H;C;I;Y;S;L;T,B;C;G;H;I;L;M;O;S;T;V;Y,u5168,全,U+5168,,,OMG,OG,cyun4,"maintain, keep whole or intact",1,2,6,2,0.8,12,cj-067,10,
cj-068,cangjie,1,68,Lesson 68,第68課,O;B;M;G;L;V;H;C;I;Y;S;T,O;B;G;M;V;H;C;I;Y;S;L;T,B;C;G;H;I;L;M;O;S;T;V;Y,u5169,兩,U+5169,,,MLBO,MO,loeng5,"two, both, pair, couple; ounce",1,2,6,2,0.8,12,cj-067,10,
cj-068,cangjie,1,68,Lesson 68,第68課,O;B;M;G;L;V;H;C;I;Y;S;T,O;B;G;M;V;H;C;I;Y;S;L;T,B;C;G;H;I;L;M;O;S;T;V;Y,u516a,兪,U+516A,,,OMBV,OV,jyu6,surname; consent,1,2,6,2,0.8,12,cj-067,10,
cj-068,cangjie,1,68,Lesson 68,第68課,O;B;M;G;L;V;H;C;I;Y;S;T,O;B;G;M;V;H;C;I;Y;S;L;T,B;C;G;H;I;L;M;O;S;T;V;Y,u516b,八,U+516B,,,HO,HO,baat3,"eight; all around, all sides",1,2,6,2,0.8,12,cj-067,10,
cj-068,cangjie,1,68,Lesson 68,第68課,O;B;M;G;L;V;H;C;I;Y;S;T,O;B;G;M;V;H;C;I;Y;S;L;T,B;C;G;H;I;L;M;O;S;T;V;Y,u516c,公,U+516C,,,CI,CI,gung1,"fair, equitable; public; duke",1,2,6,2,0.8,12,cj-067,10,
cj-068,cangjie,1,68,Lesson 68,第68課,O;B;M;G;L;V;H;C;I;Y;S;T,O;B;G;M;V;H;C;I;Y;S;L;T,B;C;G;H;I;L;M;O;S;T;V;Y,u516d,六,U+516D,,,YC,YC,luk6,number six,1,2,6,2,0.8,12,cj-067,10,
cj-068,cangjie,1,68,Lesson 68,第68課,O;B;M;G;L;V;H;C;I;Y;S;T,O;B;G;M;V;H;C;I;Y;S;L;T,B;C;G;H;I;L;M;O;S;T;V;Y,u516e,兮,U+516E,,,CMVS,CS,hai4,exclamatory particle,1,2,6,2,0.8,12,cj-067,10,
cj-068,cangjie,1,68,Lesson 68,第68課,O;B;M;G;L;V;H;C;I;Y;S;T,O;B;G;M;V;H;C;I;Y;S;L;T,B;C;G;H;I;L;M;O;S;T;V;Y,u516f,兯,U+516F,,,CSL,CL,zit3,kwukyel,1,2,6,2,0.8,12,cj-067,10,
cj-068,cangjie,1,68,Lesson 68,第68課,O;B;M;G;L;V;H;C;I;Y;S;T,O;B;G;M;V;H;C;I;Y;S;L;T,B;C;G;H;I;L;M;O;S;T;V;Y,u5170,兰,U+5170,,,TMM,TM,laan4,"orchid; elegant, graceful",1,2,6,2,0.8,12,cj-067,10,
cj-069,cangjie,1,69,Lesson 69,第69課,T;C;M;G;K;F;O;B;V;I;L,T;C;M;K;F;O;B;I;L,B;C;F;G;I;K;L;M;O;T;V,u5171,共,U+5171,,,TC,TC,gung6,"together with, all, total; to share",1,2,6,2,0.8,12,cj-068,10,
cj-069,cangjie,1,69,Lesson 69,第69課,T;C;M;G;K;F;O;B;V;I;L,T;C;M;K;F;O;B;I;L,B;C;F;G;I;K;L;M;O;T;V,u5172,兲,U+5172,,,MGC,MC,tin1,heaven; sky,1,2,6,2,0.8,12,cj-068,10,
cj-069,cangjie,1,69,Lesson 69,第69課,T;C;M;G;K;F;O;B;V;I;L,T;C;M;K;F;O;B;I;L,B;C;F;G;I;K;L;M;O;T;V,u5173,关,U+5173,,,TK,TK,gwaan1,frontier pass; close; relation,1,2,6,2,0.8,12,cj-068,10,
cj-069,cangjie,1,69,Lesson 69,第69課,T;C;M;G;K;F;O;B;V;I;L,T;C;M;K;F;O;B;I;L,B;C;F;G;I;K;L;M;O;T;V,u5174,兴,U+5174,,,FMC,FC,hing1,"thrive, prosper, flourish",1,2,6,2,0.8,12,cj-068,10,
cj-069,cangjie,1,69,Lesson 69,第69課,T;C;M;G;K;F;O;B;V;I;L,T;C;M;K;F;O;B;I;L,B;C;F;G;I;K;L;M;O;T;V,u5175,兵,U+5175,,,OMC,OC,bing1,"soldier, troops",1,2,6,2,0.8,12,cj-068,10,
cj-069,cangjie,1,69,Lesson 69,第69課,T;C;M;G;K;F;O;B;V;I;L,T;C;M;K;F;O;B;I;L,B;C;F;G;I;K;L;M;O;T;V,u5176,其,U+5176,,,TMMC,TC,kei4,"his, her, its, their; that",1,2,6,2,0.8,12,cj-068,10,
cj-069,cangjie,1,69,Lesson 69,第69課,T;C;M;G;K;F;O;B;V;I;L,T;C;M;K;F;O;B;I;L,B;C;F;G;I;K;L;M;O;T;V,u5177,具,U+5177,,,BMMC,BC,geoi6,"tool, implement; draw up, write",1,2,6,2,0.8,12,cj-068,10,
cj-069,cangjie,1,69,Lesson 69,第69課,T;C;M;G;K;F;O;B;V;I;L,T;C;M;K;F;O;B;I;L,B;C;F;G;I;K;L;M;O;T;V,u5178,典,U+5178,,,TBC,TC,din2,"law, canon; documentation; classic, scripture",1,2,6,2,0.8,12,cj-068,10,
cj-069,cangjie,1,69,Lesson 69,第69課,T;C;M;G;K;F;O;B;V;I;L,T;C;M;K;F;O;B;I;L,B;C;F;G;I;K;L;M;O;T;V,u5179,兹,U+5179,,,TVII,TI,zi1,"now, here; this; time, year",1,2,6,2,0.8,12,cj-068,10,
cj-069,cangjie,1,69,Lesson 69,第69課,T;C;M;G;K;F;O;B;V;I;L,T;C;M;K;F;O;B;I;L,B;C;F;G;I;K;L;M;O;T;V,u517b,养,U+517B,,,TOLL,TL,joeng5,"raise, rear, bring up; support",1,2,6,2,0.8,12,cj-068,10,
cj-070,cangjie,1,70,Lesson 70,第70課,T;X;C;W;M;R;L;P;J;S;V;B;O;K,T;C;R;L;V;S;B;M;O;K,B;C;J;K;L;M;O;P;R;S;T;V;W;X,u517c,兼,U+517C,,,TXC,TC,gim1,"unite, combine; connect; and",1,2,6,2,0.8,12,cj-069,10,
cj-070,cangjie,1,70,Lesson 70,第70課,T;X;C;W;M;R;L;P;J;S;V;B;O;K,T;C;R;L;V;S;B;M;O;K,B;C;J;K;L;M;O;P;R;S;T;V;W;X,u517d,兽,U+517D,,,CWMR,CR,sau3,"beast, animal; bestial",1,2,6,2,0.8,12,cj-069,10,
cj-070,cangjie,1,70,Lesson 70,第70課,T;X;C;W;M;R;L;P;J;S;V;B;O;K,T;C;R;L;V;S;B;M;O;K,B;C;J;K;L;M;O;P;R;S;T;V;W;X,u517e,兾,U+517E,,,CWTC,CC,kei3,(same as 冀) to hope for; to wish,1,2,6,2,0.8,12,cj-069,10,
cj-070,cangjie,1,70,Lesson 70,第70課,T;X;C;W;M;R;L;P;J;S;V;B;O;K,T;C;R;L;V;S;B;M;O;K,B;C;J;K;L;M;O;P;R;S;T;V;W;X,u5180,冀,U+5180,,,LPWTC,LC,kei3,hope for; wish; Hebei province,1,2,6,2,0.8,12,cj-069,10,
cj-070,cangjie,1,70,Lesson 70,第70課,T;X;C;W;M;R;L;P;J;S;V;B;O;K,T;C;R;L;V;S;B;M;O;K,B;C;J;K;L;M;O;P;R;S;T;V;W;X,u5181,冁,U+5181,,,CJSTV,CV,cin2,smile,1,2,6,2,0.8,12,cj-069,10,
cj-070,cangjie,1,70,Lesson 70,第70課,T;X;C;W;M;R;L;P;J;S;V;B;O;K,T;C;R;L;V;S;B;M;O;K,B;C;J;K;L;M;O;P;R;S;T;V;W;X,u5182,冂,U+5182,,,LS,LS,gwing1,wide; Kangxi radical 13,1,2,6,2,0.8,12,cj-069,10,
cj-070,cangjie,1,70,Lesson 70,第70課,T;X;C;W;M;R;L;P;J;S;V;B;O;K,T;C;R;L;V;S;B;M;O;K,B;C;J;K;L;M;O;P;R;S;T;V;W;X,u5184,冄,U+5184,,,BMM,BM,jim5,tender; weak; gradually alternating,1,2,6,2,0.8,12,cj-069,10,
cj-070,cangjie,1,70,Lesson 70,第70課,T;X;C;W;M;R;L;P;J;S;V;B;O;K,T;C;R;L;V;S;B;M;O;K,B;C;J;K;L;M;O;P;R;S;T;V;W;X,u5185,内,U+5185,,,OB,OB,noi6,inside,1,2,6,2,0.8,12,cj-069,10,
cj-070,cangjie,1,70,Lesson 70,第70課,T;X;C;W;M;R;L;P;J;S;V;B;O;K,T;C;R;L;V;S;B;M;O;K,B;C;J;K;L;M;O;P;R;S;T;V;W;X,u5186,円,U+5186,,,BLM,BM,jyun4,yen,1,2,6,2,0.8,12,cj-069,10,
cj-070,cangjie,1,70,Lesson 70,第70課,T;X;C;W;M;R;L;P;J;S;V;B;O;K,T;C;R;L;V;S;B;M;O;K,B;C;J;K;L;M;O;P;R;S;T;V;W;X,u5187,冇,U+5187,,,KB,KB,mou5,(Cant.) have not,1,2,6,2,0.8,12,cj-069,10,
cj-071,cangjie,1,71,Lesson 71,第71課,B;K;G;T;R;M;C;A;L;W;U,B;K;G;T;R;M;A;L;U,A;B;C;G;K;L;M;R;T;U;W,u5188,冈,U+5188,,,BK,BK,gong1,ridge or crest of hill,1,2,6,2,0.8,12,cj-070,10,
cj-071,cangjie,1,71,Lesson 71,第71課,B;K;G;T;R;M;C;A;L;W;U,B;K;G;T;R;M;A;L;U,A;B;C;G;K;L;M;R;T;U;W,u5189,冉,U+5189,,,GB,GB,jim5,tender; weak; proceed gradually,1,2,6,2,0.8,12,cj-070,10,
cj-071,cangjie,1,71,Lesson 71,第71課,B;K;G;T;R;M;C;A;L;W;U,B;K;G;T;R;M;A;L;U,A;B;C;G;K;L;M;R;T;U;W,u518a,冊,U+518A,,,BT,BT,caak3,"book, volume",1,2,6,2,0.8,12,cj-070,10,
cj-071,cangjie,1,71,Lesson 71,第71課,B;K;G;T;R;M;C;A;L;W;U,B;K;G;T;R;M;A;L;U,A;B;C;G;K;L;M;R;T;U;W,u518b,冋,U+518B,,,BR,BR,gwing1,"a desert, a border",1,2,6,2,0.8,12,cj-070,10,
cj-071,cangjie,1,71,Lesson 71,第71課,B;K;G;T;R;M;C;A;L;W;U,B;K;G;T;R;M;A;L;U,A;B;C;G;K;L;M;R;T;U;W,u518c,册,U+518C,,,BBM,BM,caak3,"book, volume, register, list",1,2,6,2,0.8,12,cj-070,10,
cj-071,cangjie,1,71,Lesson 71,第71課,B;K;G;T;R;M;C;A;L;W;U,B;K;G;T;R;M;A;L;U,A;B;C;G;K;L;M;R;T;U;W,u518d,再,U+518D,,,MGB,MB,zoi3,"again, twice, re-",1,2,6,2,0.8,12,cj-070,10,
cj-071,cangjie,1,71,Lesson 71,第71課,B;K;G;T;R;M;C;A;L;W;U,B;K;G;T;R;M;A;L;U,A;B;C;G;K;L;M;R;T;U;W,u518f,冏,U+518F,,,BCR,BR,gwing2,"(archaic form of 炯) light, bright",1,2,6,2,0.8,12,cj-070,10,
cj-071,cangjie,1,71,Lesson 71,第71課,B;K;G;T;R;M;C;A;L;W;U,B;K;G;T;R;M;A;L;U,A;B;C;G;K;L;M;R;T;U;W,u5190,冐,U+5190,,,AB,AB,mou6,"risk, brave, dare",1,2,6,2,0.8,12,cj-070,10,
cj-071,cangjie,1,71,Lesson 71,第71課,B;K;G;T;R;M;C;A;L;W;U,B;K;G;T;R;M;A;L;U,A;B;C;G;K;L;M;R;T;U;W,u5191,冑,U+5191,,,LWB,LB,zau6,helmet,1,2,6,2,0.8,12,cj-070,10,
cj-071,cangjie,1,71,Lesson 71,第71課,B;K;G;T;R;M;C;A;L;W;U,B;K;G;T;R;M;A;L;U,A;B;C;G;K;L;M;R;T;U;W,u5192,冒,U+5192,,,ABU,AU,mou6,"risk, brave, dare",1,2,6,2,0.8,12,cj-070,10,
cj-072,cangjie,1,72,Lesson 72,第72課,T;G;B;A;R;M;D;N;U;I;H;L;Y;S;K;Q;V,T;B;A;D;U;I;N;L;M;Q;H;V,A;B;D;G;H;I;K;L;M;N;Q;R;S;T;U;V;Y,u5193,冓,U+5193,,,TTGB,TB,gau3,a secluded place; secret cabinet,1,2,6,2,0.8,12,cj-071,10,
cj-072,cangjie,1,72,Lesson 72,第72課,T;G;B;A;R;M;D;N;U;I;H;L;Y;S;K;Q;V,T;B;A;D;U;I;N;L;M;Q;H;V,A;B;D;G;H;I;K;L;M;N;Q;R;S;T;U;V;Y,u5194,冔,U+5194,,,ARMD,AD,heoi2,cap worn during the Yin dynasty,1,2,6,2,0.8,12,cj-071,10,
cj-072,cangjie,1,72,Lesson 72,第72課,T;G;B;A;R;M;D;N;U;I;H;L;Y;S;K;Q;V,T;B;A;D;U;I;N;L;M;Q;H;V,A;B;D;G;H;I;K;L;M;N;Q;R;S;T;U;V;Y,u5195,冕,U+5195,,,ANAU,AU,min5,crown; ceremonial cap,1,2,6,2,0.8,12,cj-071,10,
cj-072,cangjie,1,72,Lesson 72,第72課,T;G;B;A;R;M;D;N;U;I;H;L;Y;S;K;Q;V,T;B;A;D;U;I;N;L;M;Q;H;V,A;B;D;G;H;I;K;L;M;N;Q;R;S;T;U;V;Y,u5196,冖,U+5196,,,IN,IN,mik6,cover; Kangxi radical 14,1,2,6,2,0.8,12,cj-071,10,
cj-072,cangjie,1,72,Lesson 72,第72課,T;G;B;A;R;M;D;N;U;I;H;L;Y;S;K;Q;V,T;B;A;D;U;I;N;L;M;Q;H;V,A;B;D;G;H;I;K;L;M;N;Q;R;S;T;U;V;Y,u5197,冗,U+5197,,,BHN,BN,jung2,excessive; superfluous,1,2,6,2,0.8,12,cj-071,10,
cj-072,cangjie,1,72,Lesson 72,第72課,T;G;B;A;R;M;D;N;U;I;H;L;Y;S;K;Q;V,T;B;A;D;U;I;N;L;M;Q;H;V,A;B;D;G;H;I;K;L;M;N;Q;R;S;T;U;V;Y,u5198,冘,U+5198,,,LBU,LU,jam4,"to move on; doubtful, to hesitate",1,2,6,2,0.8,12,cj-071,10,
cj-072,cangjie,1,72,Lesson 72,第72課,T;G;B;A;R;M;D;N;U;I;H;L;Y;S;K;Q;V,T;B;A;D;U;I;N;L;M;Q;H;V,A;B;D;G;H;I;K;L;M;N;Q;R;S;T;U;V;Y,u5199,写,U+5199,,,BYSM,BM,se2,"write; draw, sketch; compose",1,2,6,2,0.8,12,cj-071,10,
cj-072,cangjie,1,72,Lesson 72,第72課,T;G;B;A;R;M;D;N;U;I;H;L;Y;S;K;Q;V,T;B;A;D;U;I;N;L;M;Q;H;V,A;B;D;G;H;I;K;L;M;N;Q;R;S;T;U;V;Y,u519a,冚,U+519A,,,BU,BU,kam2,"(Cant.) cover, lid",1,2,6,2,0.8,12,cj-071,10,
cj-072,cangjie,1,72,Lesson 72,第72課,T;G;B;A;R;M;D;N;U;I;H;L;Y;S;K;Q;V,T;B;A;D;U;I;N;L;M;Q;H;V,A;B;D;G;H;I;K;L;M;N;Q;R;S;T;U;V;Y,u519b,军,U+519B,,,BKQ,BQ,gwan1,"army, military; soldiers, troops",1,2,6,2,0.8,12,cj-071,10,
cj-072,cangjie,1,72,Lesson 72,第72課,T;G;B;A;R;M;D;N;U;I;H;L;Y;S;K;Q;V,T;B;A;D;U;I;N;L;M;Q;H;V,A;B;D;G;H;I;K;L;M;N;Q;R;S;T;U;V;Y,u519c,农,U+519C,,,HBV,HV,nung4,"agriculture, farming; farmer",1,2,6,2,0.8,12,cj-071,10,
cj-073,cangjie,1,73,Lesson 73,第73課,B;M;F;D;U;I;S;O;J;E;N;A;Y;C;R;W,B;M;D;I;O;E;C;W,A;B;C;D;E;F;I;J;M;N;O;R;S;U;W;Y,u519d,冝,U+519D,,,BBM,BM,ji4,"suitable, right, fitting, proper",1,2,6,2,0.8,12,cj-072,10,
cj-073,cangjie,1,73,Lesson 73,第73課,B;M;F;D;U;I;S;O;J;E;N;A;Y;C;R;W,B;M;D;I;O;E;C;W,A;B;C;D;E;F;I;J;M;N;O;R;S;U;W;Y,u519e,冞,U+519E,,,BFD,BD,mei4,far,1,2,6,2,0.8,12,cj-072,10,
cj-073,cangjie,1,73,Lesson 73,第73課,B;M;F;D;U;I;S;O;J;E;N;A;Y;C;R;W,B;M;D;I;O;E;C;W,A;B;C;D;E;F;I;J;M;N;O;R;S;U;W;Y,u51a0,冠,U+51A0,,,BMUI,BI,gun1,"cap, crown, headgear",1,2,6,2,0.8,12,cj-072,10,
cj-073,cangjie,1,73,Lesson 73,第73課,B;M;F;D;U;I;S;O;J;E;N;A;Y;C;R;W,B;M;D;I;O;E;C;W,A;B;C;D;E;F;I;J;M;N;O;R;S;U;W;Y,u51a2,冢,U+51A2,,,BMSO,BO,cung2,"burial mound, mausoleum; grand",1,2,6,2,0.8,12,cj-072,10,
cj-073,cangjie,1,73,Lesson 73,第73課,B;M;F;D;U;I;S;O;J;E;N;A;Y;C;R;W,B;M;D;I;O;E;C;W,A;B;C;D;E;F;I;J;M;N;O;R;S;U;W;Y,u51a3,冣,U+51A3,,,BSJE,BE,zeoi3,"(ancient form of 聚) assemble; most, extremely",1,2,6,2,0.8,12,cj-072,10,
cj-073,cangjie,1,73,Lesson 73,第73課,B;M;F;D;U;I;S;O;J;E;N;A;Y;C;R;W,B;M;D;I;O;E;C;W,A;B;C;D;E;F;I;J;M;N;O;R;S;U;W;Y,u51a4,冤,U+51A4,,,BNAI,BI,jyun1,"grievance, injustice, wrong",1,2,6,2,0.8,12,cj-072,10,
cj-073,cangjie,1,73,Lesson 73,第73課,B;M;F;D;U;I;S;O;J;E;N;A;Y;C;R;W,B;M;D;I;O;E;C;W,A;B;C;D;E;F;I;J;M;N;O;R;S;U;W;Y,u51a5,冥,U+51A5,,,BAYC,BC,ming4,"dark, gloomy, night; deep",1,2,6,2,0.8,12,cj-072,10,
cj-073,cangjie,1,73,Lesson 73,第73課,B;M;F;D;U;I;S;O;J;E;N;A;Y;C;R;W,B;M;D;I;O;E;C;W,A;B;C;D;E;F;I;J;M;N;O;R;S;U;W;Y,u51a6,冦,U+51A6,,,BMUE,BE,kau3,"bandits, thieves; enemy; invade",1,2,6,2,0.8,12,cj-072,10,
cj-073,cangjie,1,73,Lesson 73,第73課,B;M;F;D;U;I;S;O;J;E;N;A;Y;C;R;W,B;M;D;I;O;E;C;W,A;B;C;D;E;F;I;J;M;N;O;R;S;U;W;Y,u51a7,冧,U+51A7,,,BDD,BD,lam1,(Cant.) a bud; to bend; phonetic 'num' as in 'number',1,2,6,2,0.8,12,cj-072,10,
cj-073,cangjie,1,73,Lesson 73,第73課,B;M;F;D;U;I;S;O;J;E;N;A;Y;C;R;W,B;M;D;I;O;E;C;W,A;B;C;D;E;F;I;J;M;N;O;R;S;U;W;Y,u51a8,冨,U+51A8,,,BMRW,BW,fu3,"abundant, ample; rich, wealthy",1,2,6,2,0.8,12,cj-072,10,
cj-074,cangjie,1,74,Lesson 74,第74課,B;H;X;F;T;A;I;M;E;Y;N;V;L;D;K,B;F;I;M;H;Y;E;L;K,A;B;D;E;F;H;I;K;L;M;N;T;V;X;Y,u51a9,冩,U+51A9,,,BHXF,BF,se2,"write; draw, sketch; compose",1,2,6,2,0.8,12,cj-073,10,
cj-074,cangjie,1,74,Lesson 74,第74課,B;H;X;F;T;A;I;M;E;Y;N;V;L;D;K,B;F;I;M;H;Y;E;L;K,A;B;D;E;F;H;I;K;L;M;N;T;V;X;Y,u51aa,冪,U+51AA,,,BTAB,BB,mik6,"cover-cloth, cover with cloth",1,2,6,2,0.8,12,cj-073,10,
cj-074,cangjie,1,74,Lesson 74,第74課,B;H;X;F;T;A;I;M;E;Y;N;V;L;D;K,B;F;I;M;H;Y;E;L;K,A;B;D;E;F;H;I;K;L;M;N;T;V;X;Y,u51ab,冫,U+51AB,,,IM,IM,bing1,ice; Kangxi radical 15,1,2,6,2,0.8,12,cj-073,10,
cj-074,cangjie,1,74,Lesson 74,第74課,B;H;X;F;T;A;I;M;E;Y;N;V;L;D;K,B;F;I;M;H;Y;E;L;K,A;B;D;E;F;H;I;K;L;M;N;T;V;X;Y,u51ac,冬,U+51AC,,,HEY,HY,dung1,"winter, 11th lunar month",1,2,6,2,0.8,12,cj-073,10,
cj-074,cangjie,1,74,Lesson 74,第74課,B;H;X;F;T;A;I;M;E;Y;N;V;L;D;K,B;F;I;M;H;Y;E;L;K,A;B;D;E;F;H;I;K;L;M;N;T;V;X;Y,u51af,冯,U+51AF,,,IMNVM,IM,fung4,surname; gallop; by dint of,1,2,6,2,0.8,12,cj-073,10,
cj-074,cangjie,1,74,Lesson 74,第74課,B;H;X;F;T;A;I;M;E;Y;N;V;L;D;K,B;F;I;M;H;Y;E;L;K,A;B;D;E;F;H;I;K;L;M;N;T;V;X;Y,u51b0,冰,U+51B0,,,IME,IE,bing1,ice; ice-cold,1,2,6,2,0.8,12,cj-073,10,
cj-074,cangjie,1,74,Lesson 74,第74課,B;H;X;F;T;A;I;M;E;Y;N;V;L;D;K,B;F;I;M;H;Y;E;L;K,A;B;D;E;F;H;I;K;L;M;N;T;V;X;Y,u51b1,冱,U+51B1,,,IMMVM,IM,wu6,"freezing; stopped up, closed off",1,2,6,2,0.8,12,cj-073,10,
cj-074,cangjie,1,74,Lesson 74,第74課,B;H;X;F;T;A;I;M;E;Y;N;V;L;D;K,B;F;I;M;H;Y;E;L;K,A;B;D;E;F;H;I;K;L;M;N;T;V;X;Y,u51b2,冲,U+51B2,,,IML,IL,cung1,soar; pour boiling water over,1,2,6,2,0.8,12,cj-073,10,
cj-074,cangjie,1,74,Lesson 74,第74課,B;H;X;F;T;A;I;M;E;Y;N;V;L;D;K,B;F;I;M;H;Y;E;L;K,A;B;D;E;F;H;I;K;L;M;N;T;V;X;Y,u51b3,决,U+51B3,,,IMDK,IK,kyut3,"decide, determine, judge",1,2,6,2,0.8,12,cj-073,10,
cj-074,cangjie,1,74,Lesson 74,第74課,B;H;X;F;T;A;I;M;E;Y;N;V;L;D;K,B;F;I;M;H;Y;E;L;K,A;B;D;E;F;H;I;K;L;M;N;T;V;X;Y,u51b4,冴,U+51B4,,,IMMVH,IH,wu6,"freezing; stopped up, closed off",1,2,6,2,0.8,12,cj-073,10,
cj-075,cangjie,1,75,Lesson 75,第75課,I;M;R;H;U;O;K;D;G;N;S;A;J;L;V,I;U;R;D;N;V,A;D;G;H;I;J;K;L;M;N;O;R;S;U;V,u51b5,况,U+51B5,,,IMRHU,IU,fong3,"condition, situation; furthermore",1,2,6,2,0.8,12,cj-074,10,
cj-075,cangjie,1,75,Lesson 75,第75課,I;M;R;H;U;O;K;D;G;N;S;A;J;L;V,I;U;R;D;N;V,A;D;G;H;I;J;K;L;M;N;O;R;S;U;V,u51b6,冶,U+51B6,,,IMIR,IR,je5,"smelt, fuse metals; cast, found",1,2,6,2,0.8,12,cj-074,10,
cj-075,cangjie,1,75,Lesson 75,第75課,I;M;R;H;U;O;K;D;G;N;S;A;J;L;V,I;U;R;D;N;V,A;D;G;H;I;J;K;L;M;N;O;R;S;U;V,u51b7,冷,U+51B7,,,IMOII,II,laang5,"cold, cool; lonely",1,2,6,2,0.8,12,cj-074,10,
cj-075,cangjie,1,75,Lesson 75,第75課,I;M;R;H;U;O;K;D;G;N;S;A;J;L;V,I;U;R;D;N;V,A;D;G;H;I;J;K;L;M;N;O;R;S;U;V,u51bb,冻,U+51BB,,,IMKD,ID,dung3,"freeze; cold, congeal; jelly",1,2,6,2,0.8,12,cj-074,10,
cj-075,cangjie,1,75,Lesson 75,第75課,I;M;R;H;U;O;K;D;G;N;S;A;J;L;V,I;U;R;D;N;V,A;D;G;H;I;J;K;L;M;N;O;R;S;U;V,u51bc,冼,U+51BC,,,IMHGU,IU,sin2,a surname,1,2,6,2,0.8,12,cj-074,10,
cj-075,cangjie,1,75,Lesson 75,第75課,I;M;R;H;U;O;K;D;G;N;S;A;J;L;V,I;U;R;D;N;V,A;D;G;H;I;J;K;L;M;N;O;R;S;U;V,u51bd,冽,U+51BD,,,IMMNN,IN,lit6,"cold and raw; pure, clear",1,2,6,2,0.8,12,cj-074,10,
cj-075,cangjie,1,75,Lesson 75,第75課,I;M;R;H;U;O;K;D;G;N;S;A;J;L;V,I;U;R;D;N;V,A;D;G;H;I;J;K;L;M;N;O;R;S;U;V,u51c0,净,U+51C0,,,IMNSD,ID,zing6,"clean, pure; cleanse",1,2,6,2,0.8,12,cj-074,10,
cj-075,cangjie,1,75,Lesson 75,第75課,I;M;R;H;U;O;K;D;G;N;S;A;J;L;V,I;U;R;D;N;V,A;D;G;H;I;J;K;L;M;N;O;R;S;U;V,u51c2,凂,U+51C2,,,IMNAU,IU,mui5,to request; to ask a favour of,1,2,6,2,0.8,12,cj-074,10,
cj-075,cangjie,1,75,Lesson 75,第75課,I;M;R;H;U;O;K;D;G;N;S;A;J;L;V,I;U;R;D;N;V,A;D;G;H;I;J;K;L;M;N;O;R;S;U;V,u51c3,凃,U+51C3,,,IMOMD,ID,tou4,mud; surname,1,2,6,2,0.8,12,cj-074,10,
cj-075,cangjie,1,75,Lesson 75,第75課,I;M;R;H;U;O;K;D;G;N;S;A;J;L;V,I;U;R;D;N;V,A;D;G;H;I;J;K;L;M;N;O;R;S;U;V,u51c4,凄,U+51C4,,,IMJLV,IV,cai1,"bitter cold, miserable, dreary",1,2,6,2,0.8,12,cj-074,10,
cj-076,cangjie,1,76,Lesson 76,第76課,I;M;W;J;R;O;G;D;C;B;S;Y;F;Q;E;H,I;R;G;D;F;B;E;W,B;C;D;E;F;G;H;I;J;M;O;Q;R;S;W;Y,u51c5,凅,U+51C5,,,IMWJR,IR,gu3,"dried up; exhausted, tired; dry",1,2,6,2,0.8,12,cj-075,10,
cj-076,cangjie,1,76,Lesson 76,第76課,I;M;W;J;R;O;G;D;C;B;S;Y;F;Q;E;H,I;R;G;D;F;B;E;W,B;C;D;E;F;G;H;I;J;M;O;Q;R;S;W;Y,u51c6,准,U+51C6,,,IMOG,IG,zeon2,"approve, allow, permit; in accord",1,2,6,2,0.8,12,cj-075,10,
cj-076,cangjie,1,76,Lesson 76,第76課,I;M;W;J;R;O;G;D;C;B;S;Y;F;Q;E;H,I;R;G;D;F;B;E;W,B;C;D;E;F;G;H;I;J;M;O;Q;R;S;W;Y,u51c7,凇,U+51C7,,,IMDCI,II,sung1,dewdrop; icicle,1,2,6,2,0.8,12,cj-075,10,
cj-076,cangjie,1,76,Lesson 76,第76課,I;M;W;J;R;O;G;D;C;B;S;Y;F;Q;E;H,I;R;G;D;F;B;E;W,B;C;D;E;F;G;H;I;J;M;O;Q;R;S;W;Y,u51c8,凈,U+51C8,,,IMBSD,ID,zing6,"clean, pure; cleanse",1,2,6,2,0.8,12,cj-075,10,
cj-076,cangjie,1,76,Lesson 76,第76課,I;M;W;J;R;O;G;D;C;B;S;Y;F;Q;E;H,I;R;G;D;F;B;E;W,B;C;D;E;F;G;H;I;J;M;O;Q;R;S;W;Y,u51c9,凉,U+51C9,,,IMYRF,IF,loeng4,"cool, cold; disheartened",1,2,6,2,0.8,12,cj-075,10,
cj-076,cangjie,1,76,Lesson 76,第76課,I;M;W;J;R;O;G;D;C;B;S;Y;F;Q;E;H,I;R;G;D;F;B;E;W,B;C;D;E;F;G;H;I;J;M;O;Q;R;S;W;Y,u51ca,凊,U+51CA,,,IMQMB,IB,zing6,surname,1,2,6,2,0.8,12,cj-075,10,
cj-076,cangjie,1,76,Lesson 76,第76課,I;M;W;J;R;O;G;D;C;B;S;Y;F;Q;E;H,I;R;G;D;F;B;E;W,B;C;D;E;F;G;H;I;J;M;O;Q;R;S;W;Y,u51cb,凋,U+51CB,,,IMBGR,IR,diu1,"be withered, fallen; exhausted",1,2,6,2,0.8,12,cj-075,10,
cj-076,cangjie,1,76,Lesson 76,第76課,I;M;W;J;R;O;G;D;C;B;S;Y;F;Q;E;H,I;R;G;D;F;B;E;W,B;C;D;E;F;G;H;I;J;M;O;Q;R;S;W;Y,u51cc,凌,U+51CC,,,IMGCE,IE,ling4,pure; virtuous; insult; maltreat,1,2,6,2,0.8,12,cj-075,10,
cj-076,cangjie,1,76,Lesson 76,第76課,I;M;W;J;R;O;G;D;C;B;S;Y;F;Q;E;H,I;R;G;D;F;B;E;W,B;C;D;E;F;G;H;I;J;M;O;Q;R;S;W;Y,u51cd,凍,U+51CD,,,IMDW,IW,dung3,"freeze; cold, congeal; jelly",1,2,6,2,0.8,12,cj-075,10,
cj-076,cangjie,1,76,Lesson 76,第76課,I;M;W;J;R;O;G;D;C;B;S;Y;F;Q;E;H,I;R;G;D;F;B;E;W,B;C;D;E;F;G;H;I;J;M;O;Q;R;S;W;Y,u51cf,减,U+51CF,,,IMIHR,IR,gaam2,"decrease, subtract, diminish",1,2,6,2,0.8,12,cj-075,10,
cj-077,cangjie,1,77,Lesson 77,第77課,I;M;Q;K;W;D;O;R;G;J;T;C;L;F;Y;P,I;K;D;R;J;L;F;O,C;D;F;G;I;J;K;L;M;O;P;Q;R;T;W;Y,u51d1,凑,U+51D1,,,IMQKK,IK,cau3,"piece together, assemble",1,2,6,2,0.8,12,cj-076,10,
cj-077,cangjie,1,77,Lesson 77,第77課,I;M;Q;K;W;D;O;R;G;J;T;C;L;F;Y;P,I;K;D;R;J;L;F;O,C;D;F;G;I;J;K;L;M;O;P;Q;R;T;W;Y,u51d3,凓,U+51D3,,,IMMWD,ID,leot6,shiver; severe cold,1,2,6,2,0.8,12,cj-076,10,
cj-077,cangjie,1,77,Lesson 77,第77課,I;M;Q;K;W;D;O;R;G;J;T;C;L;F;Y;P,I;K;D;R;J;L;F;O,C;D;F;G;I;J;K;L;M;O;P;Q;R;T;W;Y,u51d4,凔,U+51D4,,,IMOIR,IR,cong1,cold,1,2,6,2,0.8,12,cj-076,10,
cj-077,cangjie,1,77,Lesson 77,第77課,I;M;Q;K;W;D;O;R;G;J;T;C;L;F;Y;P,I;K;D;R;J;L;F;O,C;D;F;G;I;J;K;L;M;O;P;Q;R;T;W;Y,u51d6,凖,U+51D6,,,IGJ,IJ,zeon2,"rule, guideline, standard",1,2,6,2,0.8,12,cj-076,10,
cj-077,cangjie,1,77,Lesson 77,第77課,I;M;Q;K;W;D;O;R;G;J;T;C;L;F;Y;P,I;K;D;R;J;L;F;O,C;D;F;G;I;J;K;L;M;O;P;Q;R;T;W;Y,u51d8,凘,U+51D8,,,IMTCL,IL,si1,ice floating in freshly-melted water,1,2,6,2,0.8,12,cj-076,10,
cj-077,cangjie,1,77,Lesson 77,第77課,I;M;Q;K;W;D;O;R;G;J;T;C;L;F;Y;P,I;K;D;R;J;L;F;O,C;D;F;G;I;J;K;L;M;O;P;Q;R;T;W;Y,u51d9,凙,U+51D9,,,IMWLJ,IJ,dok6,an icicle,1,2,6,2,0.8,12,cj-076,10,
cj-077,cangjie,1,77,Lesson 77,第77課,I;M;Q;K;W;D;O;R;G;J;T;C;L;F;Y;P,I;K;D;R;J;L;F;O,C;D;F;G;I;J;K;L;M;O;P;Q;R;T;W;Y,u51da,凚,U+51DA,,,IMDDF,IF,gam6,cold; chilly,1,2,6,2,0.8,12,cj-076,10,
cj-077,cangjie,1,77,Lesson 77,第77課,I;M;Q;K;W;D;O;R;G;J;T;C;L;F;Y;P,I;K;D;R;J;L;F;O,C;D;F;G;I;J;K;L;M;O;P;Q;R;T;W;Y,u51db,凛,U+51DB,,,IMYWF,IF,lam5,to shiver with cold or fear,1,2,6,2,0.8,12,cj-076,10,
cj-077,cangjie,1,77,Lesson 77,第77課,I;M;Q;K;W;D;O;R;G;J;T;C;L;F;Y;P,I;K;D;R;J;L;F;O,C;D;F;G;I;J;K;L;M;O;P;Q;R;T;W;Y,u51dc,凜,U+51DC,,,IMYWD,ID,lam5,"shiver with cold or fear, fearful",1,2,6,2,0.8,12,cj-076,10,
cj-077,cangjie,1,77,Lesson 77,第77課,I;M;Q;K;W;D;O;R;G;J;T;C;L;F;Y;P,I;K;D;R;J;L;F;O,C;D;F;G;I;J;K;L;M;O;P;Q;R;T;W;Y,u51dd,凝,U+51DD,,,IMPKO,IO,jing4,coagulate; congeal; freeze,1,2,6,2,0.8,12,cj-076,10,
cj-078,cangjie,1,78,Lesson 78,第78課,I;M;L;U;F;G;W;C;H;N;E;S;B,I;F;C;H;N;L;E;S;B,B;C;E;F;G;H;I;L;M;N;S;U;W,u51de,凞,U+51DE,,,IMLUF,IF,hei1,"bright, splendid, glorious",1,2,6,2,0.8,12,cj-077,10,
cj-078,cangjie,1,78,Lesson 78,第78課,I;M;L;U;F;G;W;C;H;N;E;S;B,I;F;C;H;N;L;E;S;B,B;C;E;F;G;H;I;L;M;N;S;U;W,u51df,凟,U+51DF,,,IMGWC,IC,duk6,"to be rude to, to annoy, to profane; to trouble, to harass",1,2,6,2,0.8,12,cj-077,10,
cj-078,cangjie,1,78,Lesson 78,第78課,I;M;L;U;F;G;W;C;H;N;E;S;B,I;F;C;H;N;L;E;S;B,B;C;E;F;G;H;I;L;M;N;S;U;W,u51e0,几,U+51E0,,,HN,HN,gei1,small table,1,2,6,2,0.8,12,cj-077,10,
cj-078,cangjie,1,78,Lesson 78,第78課,I;M;L;U;F;G;W;C;H;N;E;S;B,I;F;C;H;N;L;E;S;B,B;C;E;F;G;H;I;L;M;N;S;U;W,u51e1,凡,U+51E1,,,HNI,HI,faan4,"all, any, every; ordinary, common",1,2,6,2,0.8,12,cj-077,10,
cj-078,cangjie,1,78,Lesson 78,第78課,I;M;L;U;F;G;W;C;H;N;E;S;B,I;F;C;H;N;L;E;S;B,B;C;E;F;G;H;I;L;M;N;S;U;W,u51e2,凢,U+51E2,,,HHN,HN,faan4,"all, any, every; ordinary, common",1,2,6,2,0.8,12,cj-077,10,
cj-078,cangjie,1,78,Lesson 78,第78課,I;M;L;U;F;G;W;C;H;N;E;S;B,I;F;C;H;N;L;E;S;B,B;C;E;F;G;H;I;L;M;N;S;U;W,u51e3,凣,U+51E3,,,LHN,LN,faan4,"all; common; general; every, whenever; generally",1,2,6,2,0.8,12,cj-077,10,
cj-078,cangjie,1,78,Lesson 78,第78課,I;M;L;U;F;G;W;C;H;N;E;S;B,I;F;C;H;N;L;E;S;B,B;C;E;F;G;H;I;L;M;N;S;U;W,u51e4,凤,U+51E4,,,HNE,HE,fung6,male phoenix; symbol of joy,1,2,6,2,0.8,12,cj-077,10,
cj-078,cangjie,1,78,Lesson 78,第78課,I;M;L;U;F;G;W;C;H;N;E;S;B,I;F;C;H;N;L;E;S;B,B;C;E;F;G;H;I;L;M;N;S;U;W,u51e5,凥,U+51E5,,,SHN,SN,geoi1,to dwell,1,2,6,2,0.8,12,cj-077,10,
cj-078,cangjie,1,78,Lesson 78,第78課,I;M;L;U;F;G;W;C;H;N;E;S;B,I;F;C;H;N;L;E;S;B,B;C;E;F;G;H;I;L;M;N;S;U;W,u51e6,処,U+51E6,,,HEHN,HN,cyu2,"place, locale; department",1,2,6,2,0.8,12,cj-077,10,
cj-078,cangjie,1,78,Lesson 78,第78課,I;M;L;U;F;G;W;C;H;N;E;S;B,I;F;C;H;N;L;E;S;B,B;C;E;F;G;H;I;L;M;N;S;U;W,u51e7,凧,U+51E7,,,HNLB,HB,kei4,kite,1,2,6,2,0.8,12,cj-077,10,
cj-079,cangjie,2,79,Lesson 79,第79課,H;N;M;I;D;Y;L;P;S;O;G;A;U;T,H;I;D;M;P;N;O;A;U;G,A;D;G;H;I;L;M;N;O;P;S;T;U;Y,u51e8,凨,U+51E8,,,HNMMI,HI,fung1,"wind; air; manners, atmosphere",1,2,6,2,0.8,12,cj-078,10,
cj-079,cangjie,2,79,Lesson 79,第79課,H;N;M;I;D;Y;L;P;S;O;G;A;U;T,H;I;D;M;P;N;O;A;U;G,A;D;G;H;I;L;M;N;O;P;S;T;U;Y,u51e9,凩,U+51E9,,,HND,HD,do2,wintry wind,1,2,6,2,0.8,12,cj-078,10,
cj-079,cangjie,2,79,Lesson 79,第79課,H;N;M;I;D;Y;L;P;S;O;G;A;U;T,H;I;D;M;P;N;O;A;U;G,A;D;G;H;I;L;M;N;O;P;S;T;U;Y,u51ea,凪,U+51EA,,,HNYLM,HM,jau1,"calm, lull",1,2,6,2,0.8,12,cj-078,10,
cj-079,cangjie,2,79,Lesson 79,第79課,H;N;M;I;D;Y;L;P;S;O;G;A;U;T,H;I;D;M;P;N;O;A;U;G,A;D;G;H;I;L;M;N;O;P;S;T;U;Y,u51eb,凫,U+51EB,,,PYSN,PN,fu4,"wild duck, teal; swim",1,2,6,2,0.8,12,cj-078,10,
cj-079,cangjie,2,79,Lesson 79,第79課,H;N;M;I;D;Y;L;P;S;O;G;A;U;T,H;I;D;M;P;N;O;A;U;G,A;D;G;H;I;L;M;N;O;P;S;T;U;Y,u51ed,凭,U+51ED,,,OGHN,ON,pang4,"lean on, depend on, rely on",1,2,6,2,0.8,12,cj-078,10,
cj-079,cangjie,2,79,Lesson 79,第79課,H;N;M;I;D;Y;L;P;S;O;G;A;U;T,H;I;D;M;P;N;O;A;U;G,A;D;G;H;I;L;M;N;O;P;S;T;U;Y,u51ee,凮,U+51EE,,,HNMA,HA,fung1,wind,1,2,6,2,0.8,12,cj-078,10,
cj-079,cangjie,2,79,Lesson 79,第79課,H;N;M;I;D;Y;L;P;S;O;G;A;U;T,H;I;D;M;P;N;O;A;U;G,A;D;G;H;I;L;M;N;O;P;S;T;U;Y,u51ef,凯,U+51EF,,,UUHN,UN,hoi2,"triumphant; triumph, victory",1,2,6,2,0.8,12,cj-078,10,
cj-079,cangjie,2,79,Lesson 79,第79課,H;N;M;I;D;Y;L;P;S;O;G;A;U;T,H;I;D;M;P;N;O;A;U;G,A;D;G;H;I;L;M;N;O;P;S;T;U;Y,u51f0,凰,U+51F0,,,HNHAG,HG,wong4,female phoenix,1,2,6,2,0.8,12,cj-078,10,
cj-079,cangjie,2,79,Lesson 79,第79課,H;N;M;I;D;Y;L;P;S;O;G;A;U;T,H;I;D;M;P;N;O;A;U;G,A;D;G;H;I;L;M;N;O;P;S;T;U;Y,u51f1,凱,U+51F1,,,UTHN,UN,hoi2,"triumphant; triumph, victory",1,2,6,2,0.8,12,cj-078,10,
cj-079,cangjie,2,79,Lesson 79,第79課,H;N;M;I;D;Y;L;P;S;O;G;A;U;T,H;I;D;M;P;N;O;A;U;G,A;D;G;H;I;L;M;N;O;P;S;T;U;Y,u51f3,凳,U+51F3,,,NTHN,NN,dang3,bench; stool,1,2,6,2,0.8,12,cj-078,10,
cj-080,cangjie,2,80,Lesson 80,第80課,I;F;H;N;V;L;U;K;G;B;S;Q;E,I;N;V;L;U;K;G;B;S;Q;E,B;E;F;G;H;I;K;L;N;Q;S;U;V,u51f4,凴,U+51F4,,,IFHN,IN,pang4,"to rely on, depend on; evidence, proof",1,2,6,2,0.8,12,cj-079,10,
cj-080,cangjie,2,80,Lesson 80,第80課,I;F;H;N;V;L;U;K;G;B;S;Q;E,I;N;V;L;U;K;G;B;S;Q;E,B;E;F;G;H;I;K;L;N;Q;S;U;V,u51f5,凵,U+51F5,,,VL,VL,ham3,receptacle; Kangxi radical 17,1,2,6,2,0.8,12,cj-079,10,
cj-080,cangjie,2,80,Lesson 80,第80課,I;F;H;N;V;L;U;K;G;B;S;Q;E,I;N;V;L;U;K;G;B;S;Q;E,B;E;F;G;H;I;K;L;N;Q;S;U;V,u51f6,凶,U+51F6,,,UK,UK,hung1,"culprit; murder; bad, sad",1,2,6,2,0.8,12,cj-079,10,
cj-080,cangjie,2,80,Lesson 80,第80課,I;F;H;N;V;L;U;K;G;B;S;Q;E,I;N;V;L;U;K;G;B;S;Q;E,B;E;F;G;H;I;K;L;N;Q;S;U;V,u51f7,凷,U+51F7,,,UG,UG,faai3,dirt clod; piece,1,2,6,2,0.8,12,cj-079,10,
cj-080,cangjie,2,80,Lesson 80,第80課,I;F;H;N;V;L;U;K;G;B;S;Q;E,I;N;V;L;U;K;G;B;S;Q;E,B;E;F;G;H;I;K;L;N;Q;S;U;V,u51f8,凸,U+51F8,,,BSS,BS,dat6,"protrude, bulge out, convex",1,2,6,2,0.8,12,cj-079,10,
cj-080,cangjie,2,80,Lesson 80,第80課,I;F;H;N;V;L;U;K;G;B;S;Q;E,I;N;V;L;U;K;G;B;S;Q;E,B;E;F;G;H;I;K;L;N;Q;S;U;V,u51f9,凹,U+51F9,,,SSU,SU,aau3,"concave, hollow, depressed; a pass, valley",1,2,6,2,0.8,12,cj-079,10,
cj-080,cangjie,2,80,Lesson 80,第80課,I;F;H;N;V;L;U;K;G;B;S;Q;E,I;N;V;L;U;K;G;B;S;Q;E,B;E;F;G;H;I;K;L;N;Q;S;U;V,u51fa,出,U+51FA,,,UU,UU,ceot1,"go out, send out; stand; produce",1,2,6,2,0.8,12,cj-079,10,
cj-080,cangjie,2,80,Lesson 80,第80課,I;F;H;N;V;L;U;K;G;B;S;Q;E,I;N;V;L;U;K;G;B;S;Q;E,B;E;F;G;H;I;K;L;N;Q;S;U;V,u51fb,击,U+51FB,,,QU,QU,gik1,"strike, hit, beat; attack, fight",1,2,6,2,0.8,12,cj-079,10,
cj-080,cangjie,2,80,Lesson 80,第80課,I;F;H;N;V;L;U;K;G;B;S;Q;E,I;N;V;L;U;K;G;B;S;Q;E,B;E;F;G;H;I;K;L;N;Q;S;U;V,u51fc,凼,U+51FC,,,UE,UE,tam5,ditch; pool,1,2,6,2,0.8,12,cj-079,10,
cj-080,cangjie,2,80,Lesson 80,第80課,I;F;H;N;V;L;U;K;G;B;S;Q;E,I;N;V;L;U;K;G;B;S;Q;E,B;E;F;G;H;I;K;L;N;Q;S;U;V,u51fd,函,U+51FD,,,UNE,UE,haam4,correspondence; a case; a box,1,2,6,2,0.8,12,cj-079,10,
cj-081,cangjie,2,81,Lesson 81,第81課,U;N;R;E;T;C;J;S;H;M;L;I;K;P,U;E;T;J;S;H;M;L;N;I;K;C;P,C;E;H;I;J;K;L;M;N;P;R;S;T;U,u51fe,凾,U+51FE,,,UNRE,UE,haam4,correspondence; a case; a box,1,2,6,2,0.8,12,cj-080,10,
cj-081,cangjie,2,81,Lesson 81,第81課,U;N;R;E;T;C;J;S;H;M;L;I;K;P,U;E;T;J;S;H;M;L;N;I;K;C;P,C;E;H;I;J;K;L;M;N;P;R;S;T;U,u51ff,凿,U+51FF,,,TCUJ,TJ,zok6,"chisel; bore, pierce",1,2,6,2,0.8,12,cj-080,10,
cj-081,cangjie,2,81,Lesson 81,第81課,U;N;R;E;T;C;J;S;H;M;L;I;K;P,U;E;T;J;S;H;M;L;N;I;K;C;P,C;E;H;I;J;K;L;M;N;P;R;S;T;U,u5200,刀,U+5200,,,SH,SH,dou1,knife; old coin; measure,1,2,6,2,0.8,12,cj-080,10,
cj-081,cangjie,2,81,Lesson 81,第81課,U;N;R;E;T;C;J;S;H;M;L;I;K;P,U;E;T;J;S;H;M;L;N;I;K;C;P,C;E;H;I;J;K;L;M;N;P;R;S;T;U,u5201,刁,U+5201,,,SM,SM,diu1,"tricky, sly, crafty, cunning",1,2,6,2,0.8,12,cj-080,10,
cj-081,cangjie,2,81,Lesson 81,第81課,U;N;R;E;T;C;J;S;H;M;L;I;K;P,U;E;T;J;S;H;M;L;N;I;K;C;P,C;E;H;I;J;K;L;M;N;P;R;S;T;U,u5202,刂,U+5202,,,LN,LN,dou1,knife; radical number 18,1,2,6,2,0.8,12,cj-080,10,
cj-081,cangjie,2,81,Lesson 81,第81課,U;N;R;E;T;C;J;S;H;M;L;I;K;P,U;E;T;J;S;H;M;L;N;I;K;C;P,C;E;H;I;J;K;L;M;N;P;R;S;T;U,u5203,刃,U+5203,,,SHI,SI,jan6,"edged tool, cutlery, knife edge",1,2,6,2,0.8,12,cj-080,10,
cj-081,cangjie,2,81,Lesson 81,第81課,U;N;R;E;T;C;J;S;H;M;L;I;K;P,U;E;T;J;S;H;M;L;N;I;K;C;P,C;E;H;I;J;K;L;M;N;P;R;S;T;U,u5204,刄,U+5204,,,SK,SK,jan6,"edged tool, cutlery, knife edge",1,2,6,2,0.8,12,cj-080,10,
cj-081,cangjie,2,81,Lesson 81,第81課,U;N;R;E;T;C;J;S;H;M;L;I;K;P,U;E;T;J;S;H;M;L;N;I;K;C;P,C;E;H;I;J;K;L;M;N;P;R;S;T;U,u5205,刅,U+5205,,,SHC,SC,cong1,"to create, to make to invent; to begin",1,2,6,2,0.8,12,cj-080,10,
cj-081,cangjie,2,81,Lesson 81,第81課,U;N;R;E;T;C;J;S;H;M;L;I;K;P,U;E;T;J;S;H;M;L;N;I;K;C;P,C;E;H;I;J;K;L;M;N;P;R;S;T;U,u5206,分,U+5206,,,CSH,CH,fan1,divide; small unit of time etc.,1,2,6,2,0.8,12,cj-080,10,
cj-081,cangjie,2,81,Lesson 81,第81課,U;N;R;E;T;C;J;S;H;M;L;I;K;P,U;E;T;J;S;H;M;L;N;I;K;C;P,C;E;H;I;J;K;L;M;N;P;R;S;T;U,u5207,切,U+5207,,,PSH,PH,cit3,"cut, mince, slice, carve",1,2,6,2,0.8,12,cj-080,10,
cj-082,cangjie,2,82,Lesson 82,第82課,K;L;N;M;J;H;D;I;S;P;T;U,K;N;M;H;D;P;I,D;H;I;J;K;L;M;N;P;S;T;U,u5208,刈,U+5208,,,KLN,KN,ngaai6,"cut off, reap, mow; sickle",1,2,6,2,0.8,12,cj-081,10,
cj-082,cangjie,2,82,Lesson 82,第82課,K;L;N;M;J;H;D;I;S;P;T;U,K;N;M;H;D;P;I,D;H;I;J;K;L;M;N;P;S;T;U,u520a,刊,U+520A,,,MJLN,MN,hon1,"publication, periodical; publish",1,2,6,2,0.8,12,cj-081,10,
cj-082,cangjie,2,82,Lesson 82,第82課,K;L;N;M;J;H;D;I;S;P;T;U,K;N;M;H;D;P;I,D;H;I;J;K;L;M;N;P;S;T;U,u520b,刋,U+520B,,,HJLN,HN,cin3,"publication, periodical; publish",1,2,6,2,0.8,12,cj-081,10,
cj-082,cangjie,2,82,Lesson 82,第82課,K;L;N;M;J;H;D;I;S;P;T;U,K;N;M;H;D;P;I,D;H;I;J;K;L;M;N;P;S;T;U,u520c,刌,U+520C,,,DILN,DN,cyun2,cut up small; divide,1,2,6,2,0.8,12,cj-081,10,
cj-082,cangjie,2,82,Lesson 82,第82課,K;L;N;M;J;H;D;I;S;P;T;U,K;N;M;H;D;P;I,D;H;I;J;K;L;M;N;P;S;T;U,u520d,刍,U+520D,,,NSM,NM,co1,"mow, cut grass; hay, fodder",1,2,6,2,0.8,12,cj-081,10,
cj-082,cangjie,2,82,Lesson 82,第82課,K;L;N;M;J;H;D;I;S;P;T;U,K;N;M;H;D;P;I,D;H;I;J;K;L;M;N;P;S;T;U,u520e,刎,U+520E,,,PHLN,PN,man5,"behead, cut throat",1,2,6,2,0.8,12,cj-081,10,
cj-082,cangjie,2,82,Lesson 82,第82課,K;L;N;M;J;H;D;I;S;P;T;U,K;N;M;H;D;P;I,D;H;I;J;K;L;M;N;P;S;T;U,u5211,刑,U+5211,,,MTLN,MN,jing4,"punishment, penalty; law",1,2,6,2,0.8,12,cj-081,10,
cj-082,cangjie,2,82,Lesson 82,第82課,K;L;N;M;J;H;D;I;S;P;T;U,K;N;M;H;D;P;I,D;H;I;J;K;L;M;N;P;S;T;U,u5212,划,U+5212,,,ILN,IN,waa4,to row or paddle boat; to scratch,1,2,6,2,0.8,12,cj-081,10,
cj-082,cangjie,2,82,Lesson 82,第82課,K;L;N;M;J;H;D;I;S;P;T;U,K;N;M;H;D;P;I,D;H;I;J;K;L;M;N;P;S;T;U,u5213,刓,U+5213,,,MULN,MN,jyun4,trim,1,2,6,2,0.8,12,cj-081,10,
cj-082,cangjie,2,82,Lesson 82,第82課,K;L;N;M;J;H;D;I;S;P;T;U,K;N;M;H;D;P;I,D;H;I;J;K;L;M;N;P;S;T;U,u5214,刔,U+5214,,,DKLN,DN,kyut3,scoop out; gouge,1,2,6,2,0.8,12,cj-081,10,
cj-083,cangjie,2,83,Lesson 83,第83課,B;L;N;M;Y;K;O;U;S;H;R;P,B;N;M;Y;O;L;H;R,B;H;K;L;M;N;O;P;R;S;U;Y,u5216,刖,U+5216,,,BLN,BN,jyut6,cutting off feet as form of punishment,1,2,6,2,0.8,12,cj-082,10,
cj-083,cangjie,2,83,Lesson 83,第83課,B;L;N;M;Y;K;O;U;S;H;R;P,B;N;M;Y;O;L;H;R,B;H;K;L;M;N;O;P;R;S;U;Y,u5217,列,U+5217,,,MNLN,MN,lit6,"a line; to arrange in order, classify",1,2,6,2,0.8,12,cj-082,10,
cj-083,cangjie,2,83,Lesson 83,第83課,B;L;N;M;Y;K;O;U;S;H;R;P,B;N;M;Y;O;L;H;R,B;H;K;L;M;N;O;P;R;S;U;Y,u5218,刘,U+5218,,,YKLN,YN,lau4,"surname; kill, destroy",1,2,6,2,0.8,12,cj-082,10,
cj-083,cangjie,2,83,Lesson 83,第83課,B;L;N;M;Y;K;O;U;S;H;R;P,B;N;M;Y;O;L;H;R,B;H;K;L;M;N;O;P;R;S;U;Y,u5219,则,U+5219,,,BOLN,BN,zak1,"rule, law, regulation; grades",1,2,6,2,0.8,12,cj-082,10,
cj-083,cangjie,2,83,Lesson 83,第83課,B;L;N;M;Y;K;O;U;S;H;R;P,B;N;M;Y;O;L;H;R,B;H;K;L;M;N;O;P;R;S;U;Y,u521a,刚,U+521A,,,BKLN,BN,gong1,"hard, tough, rigid, strong",1,2,6,2,0.8,12,cj-082,10,
cj-083,cangjie,2,83,Lesson 83,第83課,B;L;N;M;Y;K;O;U;S;H;R;P,B;N;M;Y;O;L;H;R,B;H;K;L;M;N;O;P;R;S;U;Y,u521b,创,U+521B,,,OULN,ON,cong3,"establish, create; knife cut",1,2,6,2,0.8,12,cj-082,10,
cj-083,cangjie,2,83,Lesson 83,第83課,B;L;N;M;Y;K;O;U;S;H;R;P,B;N;M;Y;O;L;H;R,B;H;K;L;M;N;O;P;R;S;U;Y,u521c,刜,U+521C,,,LNLN,LN,fat1,chop,1,2,6,2,0.8,12,cj-082,10,
cj-083,cangjie,2,83,Lesson 83,第83課,B;L;N;M;Y;K;O;U;S;H;R;P,B;N;M;Y;O;L;H;R,B;H;K;L;M;N;O;P;R;S;U;Y,u521d,初,U+521D,,,LSH,LH,co1,"beginning, initial, primary",1,2,6,2,0.8,12,cj-082,10,
cj-083,cangjie,2,83,Lesson 83,第83課,B;L;N;M;Y;K;O;U;S;H;R;P,B;N;M;Y;O;L;H;R,B;H;K;L;M;N;O;P;R;S;U;Y,u5220,删,U+5220,,,BMLN,BN,saan1,to cut; delete,1,2,6,2,0.8,12,cj-082,10,
cj-083,cangjie,2,83,Lesson 83,第83課,B;L;N;M;Y;K;O;U;S;H;R;P,B;N;M;Y;O;L;H;R,B;H;K;L;M;N;O;P;R;S;U;Y,u5221,刡,U+5221,,,RPLN,RN,man5,to scrape; to pare,1,2,6,2,0.8,12,cj-082,10,
cj-084,cangjie,2,84,Lesson 84,第84課,F;Q;L;N;R;S;G;I;H;P;U;D;B;T;J;M,F;N;R;G;H;P;B;I,B;D;F;G;H;I;J;L;M;N;P;Q;R;S;T;U,u5224,判,U+5224,,,FQLN,FN,pun3,judge; discriminate; conclude,1,2,6,2,0.8,12,cj-083,10,
cj-084,cangjie,2,84,Lesson 84,第84課,F;Q;L;N;R;S;G;I;H;P;U;D;B;T;J;M,F;N;R;G;H;P;B;I,B;D;F;G;H;I;J;L;M;N;P;Q;R;S;T;U,u5225,別,U+5225,,,RSLN,RN,bit6,"separate, other; do not",1,2,6,2,0.8,12,cj-083,10,
cj-084,cangjie,2,84,Lesson 84,第84課,F;Q;L;N;R;S;G;I;H;P;U;D;B;T;J;M,F;N;R;G;H;P;B;I,B;D;F;G;H;I;J;L;M;N;P;Q;R;S;T;U,u5226,刦,U+5226,,,GILN,GN,gip3,"take by force, coerce; disaster",1,2,6,2,0.8,12,cj-083,10,
cj-084,cangjie,2,84,Lesson 84,第84課,F;Q;L;N;R;S;G;I;H;P;U;D;B;T;J;M,F;N;R;G;H;P;B;I,B;D;F;G;H;I;J;L;M;N;P;Q;R;S;T;U,u5227,刧,U+5227,,,GISH,GH,gip3,"disaster, misfortune; coerce",1,2,6,2,0.8,12,cj-083,10,
cj-084,cangjie,2,84,Lesson 84,第84課,F;Q;L;N;R;S;G;I;H;P;U;D;B;T;J;M,F;N;R;G;H;P;B;I,B;D;F;G;H;I;J;L;M;N;P;Q;R;S;T;U,u5228,刨,U+5228,,,PULN,PN,paau4,"carpenter's plane; plane, level",1,2,6,2,0.8,12,cj-083,10,
cj-084,cangjie,2,84,Lesson 84,第84課,F;Q;L;N;R;S;G;I;H;P;U;D;B;T;J;M,F;N;R;G;H;P;B;I,B;D;F;G;H;I;J;L;M;N;P;Q;R;S;T;U,u5229,利,U+5229,,,HDLN,HN,lei6,"gains, advantage, profit, merit",1,2,6,2,0.8,12,cj-083,10,
cj-084,cangjie,2,84,Lesson 84,第84課,F;Q;L;N;R;S;G;I;H;P;U;D;B;T;J;M,F;N;R;G;H;P;B;I,B;D;F;G;H;I;J;L;M;N;P;Q;R;S;T;U,u522a,刪,U+522A,,,BTLN,BN,saan1,"to cut; delete, erase; to geld",1,2,6,2,0.8,12,cj-083,10,
cj-084,cangjie,2,84,Lesson 84,第84課,F;Q;L;N;R;S;G;I;H;P;U;D;B;T;J;M,F;N;R;G;H;P;B;I,B;D;F;G;H;I;J;L;M;N;P;Q;R;S;T;U,u522b,别,U+522B,,,RSLN,RN,bit6,"separate, other; do not",1,2,6,2,0.8,12,cj-083,10,
cj-084,cangjie,2,84,Lesson 84,第84課,F;Q;L;N;R;S;G;I;H;P;U;D;B;T;J;M,F;N;R;G;H;P;B;I,B;D;F;G;H;I;J;L;M;N;P;Q;R;S;T;U,u522c,刬,U+522C,,,IJLN,IN,caan2,to level off; to trim; to pare down,1,2,6,2,0.8,12,cj-083,10,
cj-084,cangjie,2,84,Lesson 84,第84課,F;Q;L;N;R;S;G;I;H;P;U;D;B;T;J;M,F;N;R;G;H;P;B;I,B;D;F;G;H;I;J;L;M;N;P;Q;R;S;T;U,u522d,刭,U+522D,,,NMLN,NN,ging2,cut throat,1,2,6,2,0.8,12,cj-083,10,
cj-085,cangjie,2,85,Lesson 85,第85課,H;R;L;N;M;G;T;S;I;K;D;J;B;F;Q,H;N;M;T;I;G;K;S;F,B;D;F;G;H;I;J;K;L;M;N;Q;R;S;T,u522e,刮,U+522E,,,HRLN,HN,gwaat3,"shave, pare off, scrape",1,2,6,2,0.8,12,cj-084,10,
cj-085,cangjie,2,85,Lesson 85,第85課,H;R;L;N;M;G;T;S;I;K;D;J;B;F;Q,H;N;M;T;I;G;K;S;F,B;D;F;G;H;I;J;K;L;M;N;Q;R;S;T,u5230,到,U+5230,,,MGLN,MN,dou3,"go to, arrive, been to",1,2,6,2,0.8,12,cj-084,10,
cj-085,cangjie,2,85,Lesson 85,第85課,H;R;L;N;M;G;T;S;I;K;D;J;B;F;Q,H;N;M;T;I;G;K;S;F,B;D;F;G;H;I;J;K;L;M;N;Q;R;S;T,u5231,刱,U+5231,,,TTSHI,TI,cong3,"establish, create; knife cut",1,2,6,2,0.8,12,cj-084,10,
cj-085,cangjie,2,85,Lesson 85,第85課,H;R;L;N;M;G;T;S;I;K;D;J;B;F;Q,H;N;M;T;I;G;K;S;F,B;D;F;G;H;I;J;K;L;M;N;Q;R;S;T,u5232,刲,U+5232,,,GGLN,GN,gwai1,"cut, slice off",1,2,6,2,0.8,12,cj-084,10,
cj-085,cangjie,2,85,Lesson 85,第85課,H;R;L;N;M;G;T;S;I;K;D;J;B;F;Q,H;N;M;T;I;G;K;S;F,B;D;F;G;H;I;J;K;L;M;N;Q;R;S;T,u5233,刳,U+5233,,,KSLN,KN,fu1,"cut out, dig, rip up, scoop out",1,2,6,2,0.8,12,cj-084,10,
cj-085,cangjie,2,85,Lesson 85,第85課,H;R;L;N;M;G;T;S;I;K;D;J;B;F;Q,H;N;M;T;I;G;K;S;F,B;D;F;G;H;I;J;K;L;M;N;Q;R;S;T,u5234,刴,U+5234,,,NDLN,NN,do2,"chop by pounding, mince, hash",1,2,6,2,0.8,12,cj-084,10,
cj-085,cangjie,2,85,Lesson 85,第85課,H;R;L;N;M;G;T;S;I;K;D;J;B;F;Q,H;N;M;T;I;G;K;S;F,B;D;F;G;H;I;J;K;L;M;N;Q;R;S;T,u5235,刵,U+5235,,,SJLN,SN,ji6,punishment by cutting off ears,1,2,6,2,0.8,12,cj-084,10,
cj-085,cangjie,2,85,Lesson 85,第85課,H;R;L;N;M;G;T;S;I;K;D;J;B;F;Q,H;N;M;T;I;G;K;S;F,B;D;F;G;H;I;J;K;L;M;N;Q;R;S;T,u5236,制,U+5236,,,HBLN,HN,zai3,system; establish; overpower,1,2,6,2,0.8,12,cj-084,10,
cj-085,cangjie,2,85,Lesson 85,第85課,H;R;L;N;M;G;T;S;I;K;D;J;B;F;Q,H;N;M;T;I;G;K;S;F,B;D;F;G;H;I;J;K;L;M;N;Q;R;S;T,u5237,刷,U+5237,,,SBLN,SN,caat3,"brush; clean with brush, scrub",1,2,6,2,0.8,12,cj-084,10,
cj-085,cangjie,2,85,Lesson 85,第85課,H;R;L;N;M;G;T;S;I;K;D;J;B;F;Q,H;N;M;T;I;G;K;S;F,B;D;F;G;H;I;J;K;L;M;N;Q;R;S;T,u5238,券,U+5238,,,FQSH,FH,hyun3,"certificate, ticket; title deeds",1,2,6,2,0.8,12,cj-084,10,
cj-086,cangjie,2,86,Lesson 86,第86課,K;D;L;N;B;Y;O;G;I;S;T;U;H,K;N;D;Y;G;O;U;H,B;D;G;H;I;K;L;N;O;S;T;U;Y,u5239,刹,U+5239,,,KDLN,KN,caat3,"temple, shrine, monastery",1,2,6,2,0.8,12,cj-085,10,
cj-086,cangjie,2,86,Lesson 86,第86課,K;D;L;N;B;Y;O;G;I;S;T;U;H,K;N;D;Y;G;O;U;H,B;D;G;H;I;K;L;N;O;S;T;U;Y,u523a,刺,U+523A,,,DBLN,DN,ci3,"stab; prick, irritate; prod",1,2,6,2,0.8,12,cj-085,10,
cj-086,cangjie,2,86,Lesson 86,第86課,K;D;L;N;B;Y;O;G;I;S;T;U;H,K;N;D;Y;G;O;U;H,B;D;G;H;I;K;L;N;O;S;T;U;Y,u523b,刻,U+523B,,,YOLN,YN,hak1,"carve, engrave; quarter hour",1,2,6,2,0.8,12,cj-085,10,
cj-086,cangjie,2,86,Lesson 86,第86課,K;D;L;N;B;Y;O;G;I;S;T;U;H,K;N;D;Y;G;O;U;H,B;D;G;H;I;K;L;N;O;S;T;U;Y,u523c,刼,U+523C,,,GISK,GK,gip3,to plunder; to rob openly,1,2,6,2,0.8,12,cj-085,10,
cj-086,cangjie,2,86,Lesson 86,第86課,K;D;L;N;B;Y;O;G;I;S;T;U;H,K;N;D;Y;G;O;U;H,B;D;G;H;I;K;L;N;O;S;T;U;Y,u523d,刽,U+523D,,,OILN,ON,kui2,"amputate, cut off",1,2,6,2,0.8,12,cj-085,10,
cj-086,cangjie,2,86,Lesson 86,第86課,K;D;L;N;B;Y;O;G;I;S;T;U;H,K;N;D;Y;G;O;U;H,B;D;G;H;I;K;L;N;O;S;T;U;Y,u523e,刾,U+523E,,,KTLN,KN,ci3,"stab; prick, irritate; prod",1,2,6,2,0.8,12,cj-085,10,
cj-086,cangjie,2,86,Lesson 86,第86課,K;D;L;N;B;Y;O;G;I;S;T;U;H,K;N;D;Y;G;O;U;H,B;D;G;H;I;K;L;N;O;S;T;U;Y,u523f,刿,U+523F,,,UNLN,UN,gwai3,"to cut, injure, stab, stick on",1,2,6,2,0.8,12,cj-085,10,
cj-086,cangjie,2,86,Lesson 86,第86課,K;D;L;N;B;Y;O;G;I;S;T;U;H,K;N;D;Y;G;O;U;H,B;D;G;H;I;K;L;N;O;S;T;U;Y,u5240,剀,U+5240,,,UULN,UN,hoi2,"sharpen; carefully, thorough",1,2,6,2,0.8,12,cj-085,10,
cj-086,cangjie,2,86,Lesson 86,第86課,K;D;L;N;B;Y;O;G;I;S;T;U;H,K;N;D;Y;G;O;U;H,B;D;G;H;I;K;L;N;O;S;T;U;Y,u5241,剁,U+5241,,,HDLN,HN,doek3,"chop by pounding, mince, hash",1,2,6,2,0.8,12,cj-085,10,
cj-086,cangjie,2,86,Lesson 86,第86課,K;D;L;N;B;Y;O;G;I;S;T;U;H,K;N;D;Y;G;O;U;H,B;D;G;H;I;K;L;N;O;S;T;U;Y,u5242,剂,U+5242,,,YLLN,YN,zai1,medicinal preparation,1,2,6,2,0.8,12,cj-085,10,
cj-087,cangjie,2,87,Lesson 87,第87課,C;H;L;N;M;T;B;O;G;F;J;U;D;K,C;N;M;B;O;F;J;D;T;K,B;C;D;F;G;H;J;K;L;M;N;O;T;U,u5243,剃,U+5243,,,CHLN,CN,tai3,shave,1,2,6,2,0.8,12,cj-086,10,
cj-087,cangjie,2,87,Lesson 87,第87課,C;H;L;N;M;T;B;O;G;F;J;U;D;K,C;N;M;B;O;F;J;D;T;K,B;C;D;F;G;H;J;K;L;M;N;O;T;U,u5244,剄,U+5244,,,MMLN,MN,ging2,cut throat,1,2,6,2,0.8,12,cj-086,10,
cj-087,cangjie,2,87,Lesson 87,第87課,C;H;L;N;M;T;B;O;G;F;J;U;D;K,C;N;M;B;O;F;J;D;T;K,B;C;D;F;G;H;J;K;L;M;N;O;T;U,u5245,剅,U+5245,,,MTLN,MN,lau4,mouth of a stream; waterway beneath a dam,1,2,6,2,0.8,12,cj-086,10,
cj-087,cangjie,2,87,Lesson 87,第87課,C;H;L;N;M;T;B;O;G;F;J;U;D;K,C;N;M;B;O;F;J;D;T;K,B;C;D;F;G;H;J;K;L;M;N;O;T;U,u5247,則,U+5247,,,BCLN,BN,zak1,"rule, law, regulation; grades",1,2,6,2,0.8,12,cj-086,10,
cj-087,cangjie,2,87,Lesson 87,第87課,C;H;L;N;M;T;B;O;G;F;J;U;D;K,C;N;M;B;O;F;J;D;T;K,B;C;D;F;G;H;J;K;L;M;N;O;T;U,u5249,剉,U+5249,,,OGLN,ON,co3,"cut, file, trim; file",1,2,6,2,0.8,12,cj-086,10,
cj-087,cangjie,2,87,Lesson 87,第87課,C;H;L;N;M;T;B;O;G;F;J;U;D;K,C;N;M;B;O;F;J;D;T;K,B;C;D;F;G;H;J;K;L;M;N;O;T;U,u524a,削,U+524A,,,FBLN,FN,soek3,"scrape off, pare, trim",1,2,6,2,0.8,12,cj-086,10,
cj-087,cangjie,2,87,Lesson 87,第87課,C;H;L;N;M;T;B;O;G;F;J;U;D;K,C;N;M;B;O;F;J;D;T;K,B;C;D;F;G;H;J;K;L;M;N;O;T;U,u524b,剋,U+524B,,,JULN,JN,hak1,"subdue, overcome; cut down",1,2,6,2,0.8,12,cj-086,10,
cj-087,cangjie,2,87,Lesson 87,第87課,C;H;L;N;M;T;B;O;G;F;J;U;D;K,C;N;M;B;O;F;J;D;T;K,B;C;D;F;G;H;J;K;L;M;N;O;T;U,u524c,剌,U+524C,,,DLLN,DN,laat6,"slash, cut in two; contradict",1,2,6,2,0.8,12,cj-086,10,
cj-087,cangjie,2,87,Lesson 87,第87課,C;H;L;N;M;T;B;O;G;F;J;U;D;K,C;N;M;B;O;F;J;D;T;K,B;C;D;F;G;H;J;K;L;M;N;O;T;U,u524d,前,U+524D,,,TBLN,TN,cin4,"in front, forward; preceding",1,2,6,2,0.8,12,cj-086,10,
cj-087,cangjie,2,87,Lesson 87,第87課,C;H;L;N;M;T;B;O;G;F;J;U;D;K,C;N;M;B;O;F;J;D;T;K,B;C;D;F;G;H;J;K;L;M;N;O;T;U,u524e,剎,U+524E,,,KCLN,KN,caat3,temple,1,2,6,2,0.8,12,cj-086,10,
cj-088,cangjie,2,88,Lesson 88,第88課,T;S;K;R;B;L;N;O;M;A;H;Y;I;C;J,T;K;R;N;O;A;L;Y;I;C;J,A;B;C;H;I;J;K;L;M;N;O;R;S;T;Y,u524f,剏,U+524F,,,TTSK,TK,cong3,"establish, create; knife cut",1,2,6,2,0.8,12,cj-087,10,
cj-088,cangjie,2,88,Lesson 88,第88課,T;S;K;R;B;L;N;O;M;A;H;Y;I;C;J,T;K;R;N;O;A;L;Y;I;C;J,A;B;C;H;I;J;K;L;M;N;O;R;S;T;Y,u5250,剐,U+5250,,,RBLN,RN,gwaa2,"cut, cut flesh from bones",1,2,6,2,0.8,12,cj-087,10,
cj-088,cangjie,2,88,Lesson 88,第88課,T;S;K;R;B;L;N;O;M;A;H;Y;I;C;J,T;K;R;N;O;A;L;Y;I;C;J,A;B;C;H;I;J;K;L;M;N;O;R;S;T;Y,u5251,剑,U+5251,,,OMLN,ON,gim3,"sword, dagger, saber",1,2,6,2,0.8,12,cj-087,10,
cj-088,cangjie,2,88,Lesson 88,第88課,T;S;K;R;B;L;N;O;M;A;H;Y;I;C;J,T;K;R;N;O;A;L;Y;I;C;J,A;B;C;H;I;J;K;L;M;N;O;R;S;T;Y,u5252,剒,U+5252,,,TALN,TN,cok3,(Cant.) to jerk,1,2,6,2,0.8,12,cj-087,10,
cj-088,cangjie,2,88,Lesson 88,第88課,T;S;K;R;B;L;N;O;M;A;H;Y;I;C;J,T;K;R;N;O;A;L;Y;I;C;J,A;B;C;H;I;J;K;L;M;N;O;R;S;T;Y,u5254,剔,U+5254,,,AHLN,AN,tik1,pick out; scrape off; scrape meat,1,2,6,2,0.8,12,cj-087,10,
cj-088,cangjie,2,88,Lesson 88,第88課,T;S;K;R;B;L;N;O;M;A;H;Y;I;C;J,T;K;R;N;O;A;L;Y;I;C;J,A;B;C;H;I;J;K;L;M;N;O;R;S;T;Y,u5255,剕,U+5255,,,LMSYN,LN,fai3,to cut off the feet (one of the five punishments in ancient times),1,2,6,2,0.8,12,cj-087,10,
cj-088,cangjie,2,88,Lesson 88,第88課,T;S;K;R;B;L;N;O;M;A;H;Y;I;C;J,T;K;R;N;O;A;L;Y;I;C;J,A;B;C;H;I;J;K;L;M;N;O;R;S;T;Y,u5256,剖,U+5256,,,YRLN,YN,fau2,"split in two, slice; dissect",1,2,6,2,0.8,12,cj-087,10,
cj-088,cangjie,2,88,Lesson 88,第88課,T;S;K;R;B;L;N;O;M;A;H;Y;I;C;J,T;K;R;N;O;A;L;Y;I;C;J,A;B;C;H;I;J;K;L;M;N;O;R;S;T;Y,u5257,剗,U+5257,,,IILN,IN,caan2,to level off; to trim; to pare down,1,2,6,2,0.8,12,cj-087,10,
cj-088,cangjie,2,88,Lesson 88,第88課,T;S;K;R;B;L;N;O;M;A;H;Y;I;C;J,T;K;R;N;O;A;L;Y;I;C;J,A;B;C;H;I;J;K;L;M;N;O;R;S;T;Y,u5259,剙,U+5259,,,TTSHC,TC,cong3,"establish, create; knife cut",1,2,6,2,0.8,12,cj-087,10,
cj-088,cangjie,2,88,Lesson 88,第88課,T;S;K;R;B;L;N;O;M;A;H;Y;I;C;J,T;K;R;N;O;A;L;Y;I;C;J,A;B;C;H;I;J;K;L;M;N;O;R;S;T;Y,u525a,剚,U+525A,,,JNLN,JN,zi3,stab,1,2,6,2,0.8,12,cj-087,10,
cj-089,cangjie,2,89,Lesson 89,第89課,B;U;L;N;J;V;E;K;R;Y;F;O,B;N;J;V;K;E;Y;F;O,B;E;F;J;K;L;N;O;R;U;V;Y,u525b,剛,U+525B,,,BULN,BN,gong1,"hard, tough, rigid, strong",1,2,6,2,0.8,12,cj-088,10,
cj-089,cangjie,2,89,Lesson 89,第89課,B;U;L;N;J;V;E;K;R;Y;F;O,B;N;J;V;K;E;Y;F;O,B;E;F;J;K;L;N;O;R;U;V;Y,u525c,剜,U+525C,,,JULN,JN,wun1,"cut, cut out, pick out, scoop out",1,2,6,2,0.8,12,cj-088,10,
cj-089,cangjie,2,89,Lesson 89,第89課,B;U;L;N;J;V;E;K;R;Y;F;O,B;N;J;V;K;E;Y;F;O,B;E;F;J;K;L;N;O;R;U;V;Y,u525d,剝,U+525D,,,VELN,VN,mok1,"peel, peel off, to shell, strip; hexagram ䷖",1,2,6,2,0.8,12,cj-088,10,
cj-089,cangjie,2,89,Lesson 89,第89課,B;U;L;N;J;V;E;K;R;Y;F;O,B;N;J;V;K;E;Y;F;O,B;E;F;J;K;L;N;O;R;U;V;Y,u525e,剞,U+525E,,,KRLN,KN,gei1,carving or engraving knife; grave,1,2,6,2,0.8,12,cj-088,10,
cj-089,cangjie,2,89,Lesson 89,第89課,B;U;L;N;J;V;E;K;R;Y;F;O,B;N;J;V;K;E;Y;F;O,B;E;F;J;K;L;N;O;R;U;V;Y,u525f,剟,U+525F,,,EEEEN,EN,zyut3,"to prick; to cut blocks, to engrave",1,2,6,2,0.8,12,cj-088,10,
cj-089,cangjie,2,89,Lesson 89,第89課,B;U;L;N;J;V;E;K;R;Y;F;O,B;N;J;V;K;E;Y;F;O,B;E;F;J;K;L;N;O;R;U;V;Y,u5260,剠,U+5260,,,YFLN,YN,loek6,brand,1,2,6,2,0.8,12,cj-088,10,
cj-089,cangjie,2,89,Lesson 89,第89課,B;U;L;N;J;V;E;K;R;Y;F;O,B;N;J;V;K;E;Y;F;O,B;E;F;J;K;L;N;O;R;U;V;Y,u5261,剡,U+5261,,,FFLN,FN,jim5,"sharp, sharp-pointed; sharpen",1,2,6,2,0.8,12,cj-088,10,
cj-089,cangjie,2,89,Lesson 89,第89課,B;U;L;N;J;V;E;K;R;Y;F;O,B;N;J;V;K;E;Y;F;O,B;E;F;J;K;L;N;O;R;U;V;Y,u5263,剣,U+5263,,,OOLN,ON,gim3,"sword, dagger, saber",1,2,6,2,0.8,12,cj-088,10,
cj-089,cangjie,2,89,Lesson 89,第89課,B;U;L;N;J;V;E;K;R;Y;F;O,B;N;J;V;K;E;Y;F;O,B;E;F;J;K;L;N;O;R;U;V;Y,u5264,剤,U+5264,,,YLLN,YN,zai1,medicinal preparation,1,2,6,2,0.8,12,cj-088,10,
cj-089,cangjie,2,89,Lesson 89,第89課,B;U;L;N;J;V;E;K;R;Y;F;O,B;N;J;V;K;E;Y;F;O,B;E;F;J;K;L;N;O;R;U;V;Y,u5265,剥,U+5265,,,NELN,NN,mok1,peel,1,2,6,2,0.8,12,cj-088,10,
cj-090,cangjie,2,90,Lesson 90,第90課,K;U;L;N;S;R;Q;H;P;T;B;M;W;O;J,K;N;S;Q;H;T;B;M;O;J,B;H;J;K;L;M;N;O;P;Q;R;S;T;U;W,u5266,剦,U+5266,,,KULN,KN,jim2,to castrate,1,2,6,2,0.8,12,cj-089,10,
cj-090,cangjie,2,90,Lesson 90,第90課,K;U;L;N;S;R;Q;H;P;T;B;M;W;O;J,K;N;S;Q;H;T;B;M;O;J,B;H;J;K;L;M;N;O;P;Q;R;S;T;U;W,u5267,剧,U+5267,,,SRLN,SN,kek6,"theatrical plays, opera, drama",1,2,6,2,0.8,12,cj-089,10,
cj-090,cangjie,2,90,Lesson 90,第90課,K;U;L;N;S;R;Q;H;P;T;B;M;W;O;J,K;N;S;Q;H;T;B;M;O;J,B;H;J;K;L;M;N;O;P;Q;R;S;T;U;W,u5268,剨,U+5268,,,QRLN,QN,waak6,sound of something being smashed,1,2,6,2,0.8,12,cj-089,10,
cj-090,cangjie,2,90,Lesson 90,第90課,K;U;L;N;S;R;Q;H;P;T;B;M;W;O;J,K;N;S;Q;H;T;B;M;O;J,B;H;J;K;L;M;N;O;P;Q;R;S;T;U;W,u5269,剩,U+5269,,,HPLN,HN,sing6,"leftovers, residue, remains",1,2,6,2,0.8,12,cj-089,10,
cj-090,cangjie,2,90,Lesson 90,第90課,K;U;L;N;S;R;Q;H;P;T;B;M;W;O;J,K;N;S;Q;H;T;B;M;O;J,B;H;J;K;L;M;N;O;P;Q;R;S;T;U;W,u526a,剪,U+526A,,,TBNH,TH,zin2,"scissors; cut, divide, separate",1,2,6,2,0.8,12,cj-089,10,
cj-090,cangjie,2,90,Lesson 90,第90課,K;U;L;N;S;R;Q;H;P;T;B;M;W;O;J,K;N;S;Q;H;T;B;M;O;J,B;H;J;K;L;M;N;O;P;Q;R;S;T;U;W,u526e,剮,U+526E,,,BBLN,BN,gwaa2,"cut, cut flesh from bones",1,2,6,2,0.8,12,cj-089,10,
cj-090,cangjie,2,90,Lesson 90,第90課,K;U;L;N;S;R;Q;H;P;T;B;M;W;O;J,K;N;S;Q;H;T;B;M;O;J,B;H;J;K;L;M;N;O;P;Q;R;S;T;U;W,u526f,副,U+526F,,,MWLN,MN,fu3,assist; supplement; assistant,1,2,6,2,0.8,12,cj-089,10,
cj-090,cangjie,2,90,Lesson 90,第90課,K;U;L;N;S;R;Q;H;P;T;B;M;W;O;J,K;N;S;Q;H;T;B;M;O;J,B;H;J;K;L;M;N;O;P;Q;R;S;T;U;W,u5270,剰,U+5270,,,HTLN,HN,sing6,"leftovers, residue, remains",1,2,6,2,0.8,12,cj-089,10,
cj-090,cangjie,2,90,Lesson 90,第90課,K;U;L;N;S;R;Q;H;P;T;B;M;W;O;J,K;N;S;Q;H;T;B;M;O;J,B;H;J;K;L;M;N;O;P;Q;R;S;T;U;W,u5271,剱,U+5271,,,OOSK,OK,gim3,"sword, dagger, saber",1,2,6,2,0.8,12,cj-089,10,
cj-090,cangjie,2,90,Lesson 90,第90課,K;U;L;N;S;R;Q;H;P;T;B;M;W;O;J,K;N;S;Q;H;T;B;M;O;J,B;H;J;K;L;M;N;O;P;Q;R;S;T;U;W,u5272,割,U+5272,,,JRLN,JN,got3,"cut, divide, partition; cede",1,2,6,2,0.8,12,cj-089,10,
cj-091,cangjie,2,91,Lesson 91,第91課,T;R;L;N;U;O;Y;M;J;I;K;S;H;F;V;D,T;N;U;O;Y;J;H;M;S;V,D;F;H;I;J;K;L;M;N;O;R;S;T;U;V;Y,u5273,剳,U+5273,,,TRLN,TN,zaat3,brief note; official communique,1,2,6,2,0.8,12,cj-090,10,
cj-091,cangjie,2,91,Lesson 91,第91課,T;R;L;N;U;O;Y;M;J;I;K;S;H;F;V;D,T;N;U;O;Y;J;H;M;S;V,D;F;H;I;J;K;L;M;N;O;R;S;T;U;V;Y,u5274,剴,U+5274,,,UTLN,UN,hoi2,"sharpen; carefully, thorough",1,2,6,2,0.8,12,cj-090,10,
cj-091,cangjie,2,91,Lesson 91,第91課,T;R;L;N;U;O;Y;M;J;I;K;S;H;F;V;D,T;N;U;O;Y;J;H;M;S;V,D;F;H;I;J;K;L;M;N;O;R;S;T;U;V;Y,u5275,創,U+5275,,,ORLN,ON,cong3,"establish, create; knife cut",1,2,6,2,0.8,12,cj-090,10,
cj-091,cangjie,2,91,Lesson 91,第91課,T;R;L;N;U;O;Y;M;J;I;K;S;H;F;V;D,T;N;U;O;Y;J;H;M;S;V,D;F;H;I;J;K;L;M;N;O;R;S;T;U;V;Y,u5277,剷,U+5277,,,YMLN,YN,caan2,"to level off, cut off, pare down, raze",1,2,6,2,0.8,12,cj-090,10,
cj-091,cangjie,2,91,Lesson 91,第91課,T;R;L;N;U;O;Y;M;J;I;K;S;H;F;V;D,T;N;U;O;Y;J;H;M;S;V,D;F;H;I;J;K;L;M;N;O;R;S;T;U;V;Y,u5278,剸,U+5278,,,JILN,JN,tyun4,cut,1,2,6,2,0.8,12,cj-090,10,
cj-091,cangjie,2,91,Lesson 91,第91課,T;R;L;N;U;O;Y;M;J;I;K;S;H;F;V;D,T;N;U;O;Y;J;H;M;S;V,D;F;H;I;J;K;L;M;N;O;R;S;T;U;V;Y,u527a,剺,U+527A,,,JKMSH,JH,lei4,mark,1,2,6,2,0.8,12,cj-090,10,
cj-091,cangjie,2,91,Lesson 91,第91課,T;R;L;N;U;O;Y;M;J;I;K;S;H;F;V;D,T;N;U;O;Y;J;H;M;S;V,D;F;H;I;J;K;L;M;N;O;R;S;T;U;V;Y,u527d,剽,U+527D,,,MFLN,MN,piu5,"rob, plunder; slice off; fast",1,2,6,2,0.8,12,cj-090,10,
cj-091,cangjie,2,91,Lesson 91,第91課,T;R;L;N;U;O;Y;M;J;I;K;S;H;F;V;D,T;N;U;O;Y;J;H;M;S;V,D;F;H;I;J;K;L;M;N;O;R;S;T;U;V;Y,u527e,剾,U+527E,,,SRLN,SN,kau1,to pick up with knife,1,2,6,2,0.8,12,cj-090,10,
cj-091,cangjie,2,91,Lesson 91,第91課,T;R;L;N;U;O;Y;M;J;I;K;S;H;F;V;D,T;N;U;O;Y;J;H;M;S;V,D;F;H;I;J;K;L;M;N;O;R;S;T;U;V;Y,u527f,剿,U+527F,,,VDLN,VN,ziu2,"destroy, exterminate, annihilate",1,2,6,2,0.8,12,cj-090,10,
cj-091,cangjie,2,91,Lesson 91,第91課,T;R;L;N;U;O;Y;M;J;I;K;S;H;F;V;D,T;N;U;O;Y;J;H;M;S;V,D;F;H;I;J;K;L;M;N;O;R;S;T;U;V;Y,u5281,劁,U+5281,,,OFLN,ON,ciu4,"geld, castrate",1,2,6,2,0.8,12,cj-090,10,
cj-092,cangjie,2,92,Lesson 92,第92課,M;O;L;N;H;R;I;C;Y;S;J;A,M;N;L;H;I;Y;S;O,A;C;H;I;J;L;M;N;O;R;S;Y,u5282,劂,U+5282,,,MOLN,MN,kyut3,chisel for engraving; engrave,1,2,6,2,0.8,12,cj-091,10,
cj-092,cangjie,2,92,Lesson 92,第92課,M;O;L;N;H;R;I;C;Y;S;J;A,M;N;L;H;I;Y;S;O,A;C;H;I;J;L;M;N;O;R;S;Y,u5283,劃,U+5283,,,LMLN,LN,waak6,"divide, mark off, lay boundary",1,2,6,2,0.8,12,cj-091,10,
cj-092,cangjie,2,92,Lesson 92,第92課,M;O;L;N;H;R;I;C;Y;S;J;A,M;N;L;H;I;Y;S;O,A;C;H;I;J;L;M;N;O;R;S;Y,u5284,劄,U+5284,,,HRLN,HN,zaap3,brief note; official communique,1,2,6,2,0.8,12,cj-091,10,
cj-092,cangjie,2,92,Lesson 92,第92課,M;O;L;N;H;R;I;C;Y;S;J;A,M;N;L;H;I;Y;S;O,A;C;H;I;J;L;M;N;O;R;S;Y,u5286,劆,U+5286,,,ICLN,IN,lim4,sickle,1,2,6,2,0.8,12,cj-091,10,
cj-092,cangjie,2,92,Lesson 92,第92課,M;O;L;N;H;R;I;C;Y;S;J;A,M;N;L;H;I;Y;S;O,A;C;H;I;J;L;M;N;O;R;S;Y,u5287,劇,U+5287,,,YOLN,YN,kek6,"theatrical plays, opera, drama",1,2,6,2,0.8,12,cj-091,10,
cj-092,cangjie,2,92,Lesson 92,第92課,M;O;L;N;H;R;I;C;Y;S;J;A,M;N;L;H;I;Y;S;O,A;C;H;I;J;L;M;N;O;R;S;Y,u5288,劈,U+5288,,,SJSH,SH,pik1,"cut apart, split, chop",1,2,6,2,0.8,12,cj-091,10,
cj-092,cangjie,2,92,Lesson 92,第92課,M;O;L;N;H;R;I;C;Y;S;J;A,M;N;L;H;I;Y;S;O,A;C;H;I;J;L;M;N;O;R;S;Y,u5289,劉,U+5289,,,HCLN,HN,lau4,"surname; kill, destroy",1,2,6,2,0.8,12,cj-091,10,
cj-092,cangjie,2,92,Lesson 92,第92課,M;O;L;N;H;R;I;C;Y;S;J;A,M;N;L;H;I;Y;S;O,A;C;H;I;J;L;M;N;O;R;S;Y,u528a,劊,U+528A,,,OALN,ON,kui2,"amputate, cut off",1,2,6,2,0.8,12,cj-091,10,
cj-092,cangjie,2,92,Lesson 92,第92課,M;O;L;N;H;R;I;C;Y;S;J;A,M;N;L;H;I;Y;S;O,A;C;H;I;J;L;M;N;O;R;S;Y,u528c,劌,U+528C,,,YHLN,YN,gwai3,"to cut, injure, stab, stick on",1,2,6,2,0.8,12,cj-091,10,
cj-092,cangjie,2,92,Lesson 92,第92課,M;O;L;N;H;R;I;C;Y;S;J;A,M;N;L;H;I;Y;S;O,A;C;H;I;J;L;M;N;O;R;S;Y,u528d,劍,U+528D,,,OOLN,ON,gim3,"sword, dagger, saber",1,2,6,2,0.8,12,cj-091,10,
cj-093,cangjie,2,93,Lesson 93,第93課,O;S;H;F;W;L;N;T;E;Y;X;I;K;C,O;H;F;N;T;Y;I;K,C;E;F;H;I;K;L;N;O;S;T;W;X;Y,u528e,劎,U+528E,,,OOSH,OH,gim3,"sword, dagger",1,2,6,2,0.8,12,cj-092,10,
cj-093,cangjie,2,93,Lesson 93,第93課,O;S;H;F;W;L;N;T;E;Y;X;I;K;C,O;H;F;N;T;Y;I;K,C;E;F;H;I;K;L;N;O;S;T;W;X;Y,u528f,劏,U+528F,,,FWLN,FN,tong1,to butcher,1,2,6,2,0.8,12,cj-092,10,
cj-093,cangjie,2,93,Lesson 93,第93課,O;S;H;F;W;L;N;T;E;Y;X;I;K;C,O;H;F;N;T;Y;I;K,C;E;F;H;I;K;L;N;O;S;T;W;X;Y,u5290,劐,U+5290,,,TELN,TN,fok3,destroy,1,2,6,2,0.8,12,cj-092,10,
cj-093,cangjie,2,93,Lesson 93,第93課,O;S;H;F;W;L;N;T;E;Y;X;I;K;C,O;H;F;N;T;Y;I;K,C;E;F;H;I;K;L;N;O;S;T;W;X;Y,u5291,劑,U+5291,,,YXLN,YN,zai1,medicinal preparation,1,2,6,2,0.8,12,cj-092,10,
cj-093,cangjie,2,93,Lesson 93,第93課,O;S;H;F;W;L;N;T;E;Y;X;I;K;C,O;H;F;N;T;Y;I;K,C;E;F;H;I;K;L;N;O;S;T;W;X;Y,u5292,劒,U+5292,,,OOSHI,OI,gim3,"sword, dagger, saber",1,2,6,2,0.8,12,cj-092,10,
cj-093,cangjie,2,93,Lesson 93,第93課,O;S;H;F;W;L;N;T;E;Y;X;I;K;C,O;H;F;N;T;Y;I;K,C;E;F;H;I;K;L;N;O;S;T;W;X;Y,u5293,劓,U+5293,,,HLLN,HN,ji6,cut off nose,1,2,6,2,0.8,12,cj-092,10,
cj-093,cangjie,2,93,Lesson 93,第93課,O;S;H;F;W;L;N;T;E;Y;X;I;K;C,O;H;F;N;T;Y;I;K,C;E;F;H;I;K;L;N;O;S;T;W;X;Y,u5294,劔,U+5294,,,OOSK,OK,gim3,"sword, dagger, saber",1,2,6,2,0.8,12,cj-092,10,
cj-093,cangjie,2,93,Lesson 93,第93課,O;S;H;F;W;L;N;T;E;Y;X;I;K;C,O;H;F;N;T;Y;I;K,C;E;F;H;I;K;L;N;O;S;T;W;X;Y,u5296,劖,U+5296,,,NILN,NN,caam4,make into mince; cut,1,2,6,2,0.8,12,cj-092,10,
cj-093,cangjie,2,93,Lesson 93,第93課,O;S;H;F;W;L;N;T;E;Y;X;I;K;C,O;H;F;N;T;Y;I;K,C;E;F;H;I;K;L;N;O;S;T;W;X;Y,u5297,劗,U+5297,,,HCLN,HN,zin2,"to cut, clip",1,2,6,2,0.8,12,cj-092,10,
cj-093,cangjie,2,93,Lesson 93,第93課,O;S;H;F;W;L;N;T;E;Y;X;I;K;C,O;H;F;N;T;Y;I;K,C;E;F;H;I;K;L;N;O;S;T;W;X;Y,u5298,劘,U+5298,,,IYLN,IN,mo4,make into mince,1,2,6,2,0.8,12,cj-092,10,
cj-094,cangjie,2,94,Lesson 94,第94課,V;I;L;N;S;K;E;C;M;R;H;F,V;N;S;K;E;C;M;R;H;F,C;E;F;H;I;K;L;M;N;R;S;V,u5299,劙,U+5299,,,VILN,VN,lai5,"a divide, to partition",1,2,6,2,0.8,12,cj-093,10,
cj-094,cangjie,2,94,Lesson 94,第94課,V;I;L;N;S;K;E;C;M;R;H;F,V;N;S;K;E;C;M;R;H;F,C;E;F;H;I;K;L;M;N;R;S;V,u529a,劚,U+529A,,,SILN,SN,zuk1,cut,1,2,6,2,0.8,12,cj-093,10,
cj-094,cangjie,2,94,Lesson 94,第94課,V;I;L;N;S;K;E;C;M;R;H;F,V;N;S;K;E;C;M;R;H;F,C;E;F;H;I;K;L;M;N;R;S;V,u529b,力,U+529B,,,KS,KS,lik6,"power, capability, influence; Kangxi radical 19",1,2,6,2,0.8,12,cj-093,10,
cj-094,cangjie,2,94,Lesson 94,第94課,V;I;L;N;S;K;E;C;M;R;H;F,V;N;S;K;E;C;M;R;H;F,C;E;F;H;I;K;L;M;N;R;S;V,u529d,劝,U+529D,,,EKS,ES,hyun3,"recommend, advise, urge",1,2,6,2,0.8,12,cj-093,10,
cj-094,cangjie,2,94,Lesson 94,第94課,V;I;L;N;S;K;E;C;M;R;H;F,V;N;S;K;E;C;M;R;H;F,C;E;F;H;I;K;L;M;N;R;S;V,u529e,办,U+529E,,,KSC,KC,baan6,"manage, do, handle; deal with",1,2,6,2,0.8,12,cj-093,10,
cj-094,cangjie,2,94,Lesson 94,第94課,V;I;L;N;S;K;E;C;M;R;H;F,V;N;S;K;E;C;M;R;H;F,C;E;F;H;I;K;L;M;N;R;S;V,u529f,功,U+529F,,,MKS,MS,gung1,"achievement, merit, good result",1,2,6,2,0.8,12,cj-093,10,
cj-094,cangjie,2,94,Lesson 94,第94課,V;I;L;N;S;K;E;C;M;R;H;F,V;N;S;K;E;C;M;R;H;F,C;E;F;H;I;K;L;M;N;R;S;V,u52a0,加,U+52A0,,,KSR,KR,gaa1,"add to, increase, augment",1,2,6,2,0.8,12,cj-093,10,
cj-094,cangjie,2,94,Lesson 94,第94課,V;I;L;N;S;K;E;C;M;R;H;F,V;N;S;K;E;C;M;R;H;F,C;E;F;H;I;K;L;M;N;R;S;V,u52a1,务,U+52A1,,,HEKS,HS,mou6,"affairs, business; must, should",1,2,6,2,0.8,12,cj-093,10,
cj-094,cangjie,2,94,Lesson 94,第94課,V;I;L;N;S;K;E;C;M;R;H;F,V;N;S;K;E;C;M;R;H;F,C;E;F;H;I;K;L;M;N;R;S;V,u52a2,劢,U+52A2,,,MSKS,MS,maai6,"put forth effort, strive forward",1,2,6,2,0.8,12,cj-093,10,
cj-094,cangjie,2,94,Lesson 94,第94課,V;I;L;N;S;K;E;C;M;R;H;F,V;N;S;K;E;C;M;R;H;F,C;E;F;H;I;K;L;M;N;R;S;V,u52a3,劣,U+52A3,,,FHKS,FS,lyut3,"bad, inferior; slightly",1,2,6,2,0.8,12,cj-093,10,
cj-095,cangjie,2,95,Lesson 95,第95課,H;L;K;S;M;I;B;V;E;G;P;R;N,H;S;K;M;B;V;G;P;N,B;E;G;H;I;K;L;M;N;P;R;S;V,u52a4,劤,U+52A4,,,HLKS,HS,ging6,strong,1,2,6,2,0.8,12,cj-094,10,
cj-095,cangjie,2,95,Lesson 95,第95課,H;L;K;S;M;I;B;V;E;G;P;R;N,H;S;K;M;B;V;G;P;N,B;E;G;H;I;K;L;M;N;P;R;S;V,u52a6,劦,U+52A6,,,KSKSS,KS,hip3,(variant of 協) cooperate; combined labor,1,2,6,2,0.8,12,cj-094,10,
cj-095,cangjie,2,95,Lesson 95,第95課,H;L;K;S;M;I;B;V;E;G;P;R;N,H;S;K;M;B;V;G;P;N,B;E;G;H;I;K;L;M;N;P;R;S;V,u52a8,动,U+52A8,,,MIKS,MS,dung6,"move, happen; movement, action",1,2,6,2,0.8,12,cj-094,10,
cj-095,cangjie,2,95,Lesson 95,第95課,H;L;K;S;M;I;B;V;E;G;P;R;N,H;S;K;M;B;V;G;P;N,B;E;G;H;I;K;L;M;N;P;R;S;V,u52a9,助,U+52A9,,,BMKS,BS,zo6,"help, aid, assist",1,2,6,2,0.8,12,cj-094,10,
cj-095,cangjie,2,95,Lesson 95,第95課,H;L;K;S;M;I;B;V;E;G;P;R;N,H;S;K;M;B;V;G;P;N,B;E;G;H;I;K;L;M;N;P;R;S;V,u52aa,努,U+52AA,,,VEKS,VS,nou5,"to exert, strive, make an effort; to pout",1,2,6,2,0.8,12,cj-094,10,
cj-095,cangjie,2,95,Lesson 95,第95課,H;L;K;S;M;I;B;V;E;G;P;R;N,H;S;K;M;B;V;G;P;N,B;E;G;H;I;K;L;M;N;P;R;S;V,u52ab,劫,U+52AB,,,GIKS,GS,gip3,"take by force, coerce; disaster",1,2,6,2,0.8,12,cj-094,10,
cj-095,cangjie,2,95,Lesson 95,第95課,H;L;K;S;M;I;B;V;E;G;P;R;N,H;S;K;M;B;V;G;P;N,B;E;G;H;I;K;L;M;N;P;R;S;V,u52ac,劬,U+52AC,,,PRKS,PS,keoi4,"be diligent, toil, endeavor",1,2,6,2,0.8,12,cj-094,10,
cj-095,cangjie,2,95,Lesson 95,第95課,H;L;K;S;M;I;B;V;E;G;P;R;N,H;S;K;M;B;V;G;P;N,B;E;G;H;I;K;L;M;N;P;R;S;V,u52ad,劭,U+52AD,,,SRKS,SS,siu6,encourage; to excel; excellent,1,2,6,2,0.8,12,cj-094,10,
cj-095,cangjie,2,95,Lesson 95,第95課,H;L;K;S;M;I;B;V;E;G;P;R;N,H;S;K;M;B;V;G;P;N,B;E;G;H;I;K;L;M;N;P;R;S;V,u52b1,励,U+52B1,,,MSKS,MS,lai6,strive; encourage,1,2,6,2,0.8,12,cj-094,10,
cj-095,cangjie,2,95,Lesson 95,第95課,H;L;K;S;M;I;B;V;E;G;P;R;N,H;S;K;M;B;V;G;P;N,B;E;G;H;I;K;L;M;N;P;R;S;V,u52b2,劲,U+52B2,,,NMKS,NS,ging6,"strong, unyielding, tough, power",1,2,6,2,0.8,12,cj-094,10,
cj-096,cangjie,2,96,Lesson 96,第96課,T;B;K;S;F;Q;Y;G;R;O;I;M;J;D,T;S;F;Y;G;Q;M;J,B;D;F;G;I;J;K;M;O;Q;R;S;T;Y,u52b3,劳,U+52B3,,,TBKS,TS,lou4,"labor, toil, do manual work",1,2,6,2,0.8,12,cj-095,10,
cj-096,cangjie,2,96,Lesson 96,第96課,T;B;K;S;F;Q;Y;G;R;O;I;M;J;D,T;S;F;Y;G;Q;M;J,B;D;F;G;I;J;K;M;O;Q;R;S;T;Y,u52b4,労,U+52B4,,,FBKS,FS,lou4,"labor, toil, do manual work",1,2,6,2,0.8,12,cj-095,10,
cj-096,cangjie,2,96,Lesson 96,第96課,T;B;K;S;F;Q;Y;G;R;O;I;M;J;D,T;S;F;Y;G;Q;M;J,B;D;F;G;I;J;K;M;O;Q;R;S;T;Y,u52b5,劵,U+52B5,,,FQKS,FS,hyun3,"certificate, ticket; title deeds",1,2,6,2,0.8,12,cj-095,10,
cj-096,cangjie,2,96,Lesson 96,第96課,T;B;K;S;F;Q;Y;G;R;O;I;M;J;D,T;S;F;Y;G;Q;M;J,B;D;F;G;I;J;K;M;O;Q;R;S;T;Y,u52b9,効,U+52B9,,,YKKS,YS,haau6,"efficacious, effectiveness; to toil, to serve in the army",1,2,6,2,0.8,12,cj-095,10,
cj-096,cangjie,2,96,Lesson 96,第96課,T;B;K;S;F;Q;Y;G;R;O;I;M;J;D,T;S;F;Y;G;Q;M;J,B;D;F;G;I;J;K;M;O;Q;R;S;T;Y,u52bb,劻,U+52BB,,,SGKS,SS,hong1,"flurried, be in flurry, zealous",1,2,6,2,0.8,12,cj-095,10,
cj-096,cangjie,2,96,Lesson 96,第96課,T;B;K;S;F;Q;Y;G;R;O;I;M;J;D,T;S;F;Y;G;Q;M;J,B;D;F;G;I;J;K;M;O;Q;R;S;T;Y,u52bc,劼,U+52BC,,,GRKS,GS,kit3,"be discreet, prudent, cautious",1,2,6,2,0.8,12,cj-095,10,
cj-096,cangjie,2,96,Lesson 96,第96課,T;B;K;S;F;Q;Y;G;R;O;I;M;J;D,T;S;F;Y;G;Q;M;J,B;D;F;G;I;J;K;M;O;Q;R;S;T;Y,u52be,劾,U+52BE,,,YOKS,YS,hat6,"examine into, impeach, charge",1,2,6,2,0.8,12,cj-095,10,
cj-096,cangjie,2,96,Lesson 96,第96課,T;B;K;S;F;Q;Y;G;R;O;I;M;J;D,T;S;F;Y;G;Q;M;J,B;D;F;G;I;J;K;M;O;Q;R;S;T;Y,u52bf,势,U+52BF,,,QIKS,QS,sai3,"power, force; tendency",1,2,6,2,0.8,12,cj-095,10,
cj-096,cangjie,2,96,Lesson 96,第96課,T;B;K;S;F;Q;Y;G;R;O;I;M;J;D,T;S;F;Y;G;Q;M;J,B;D;F;G;I;J;K;M;O;Q;R;S;T;Y,u52c1,勁,U+52C1,,,MMKS,MS,ging6,"strong, unyielding, tough, powerful",1,2,6,2,0.8,12,cj-095,10,
cj-096,cangjie,2,96,Lesson 96,第96課,T;B;K;S;F;Q;Y;G;R;O;I;M;J;D,T;S;F;Y;G;Q;M;J,B;D;F;G;I;J;K;M;O;Q;R;S;T;Y,u52c3,勃,U+52C3,,,JDKS,JS,but6,"suddenly, sudden, quick",1,2,6,2,0.8,12,cj-095,10,
cj-097,cangjie,2,97,Lesson 97,第97課,O;Y;K;S;D;L;N;B;U;R;F;T;J,O;S;D;N;R;F;Y;T,B;D;F;J;K;L;N;O;R;S;T;U;Y,u52c4,勄,U+52C4,,,OYKS,OS,man5,active; clever; prompt witty; smart; earnest; diligent; to hasten,1,2,6,2,0.8,12,cj-096,10,
cj-097,cangjie,2,97,Lesson 97,第97課,O;Y;K;S;D;L;N;B;U;R;F;T;J,O;S;D;N;R;F;Y;T,B;D;F;J;K;L;N;O;R;S;T;U;Y,u52c5,勅,U+52C5,,,DLKS,DS,cik1,imperial decree; Daoist magic,1,2,6,2,0.8,12,cj-096,10,
cj-097,cangjie,2,97,Lesson 97,第97課,O;Y;K;S;D;L;N;B;U;R;F;T;J,O;S;D;N;R;F;Y;T,B;D;F;J;K;L;N;O;R;S;T;U;Y,u52c7,勇,U+52C7,,,NBKS,NS,jung5,"brave, courageous, fierce",1,2,6,2,0.8,12,cj-096,10,
cj-097,cangjie,2,97,Lesson 97,第97課,O;Y;K;S;D;L;N;B;U;R;F;T;J,O;S;D;N;R;F;Y;T,B;D;F;J;K;L;N;O;R;S;T;U;Y,u52c9,勉,U+52C9,,,NUKS,NS,min5,"endeavor, make effort; urge",1,2,6,2,0.8,12,cj-096,10,
cj-097,cangjie,2,97,Lesson 97,第97課,O;Y;K;S;D;L;N;B;U;R;F;T;J,O;S;D;N;R;F;Y;T,B;D;F;J;K;L;N;O;R;S;T;U;Y,u52cb,勋,U+52CB,,,ROKS,RS,fan1,meritorious deed; merits; rank,1,2,6,2,0.8,12,cj-096,10,
cj-097,cangjie,2,97,Lesson 97,第97課,O;Y;K;S;D;L;N;B;U;R;F;T;J,O;S;D;N;R;F;Y;T,B;D;F;J;K;L;N;O;R;S;T;U;Y,u52cc,勌,U+52CC,,,FUKS,FS,gyun6,to labor; tired,1,2,6,2,0.8,12,cj-096,10,
cj-097,cangjie,2,97,Lesson 97,第97課,O;Y;K;S;D;L;N;B;U;R;F;T;J,O;S;D;N;R;F;Y;T,B;D;F;J;K;L;N;O;R;S;T;U;Y,u52cd,勍,U+52CD,,,YFKS,YS,king4,"strong, powerful, mighty; violent",1,2,6,2,0.8,12,cj-096,10,
cj-097,cangjie,2,97,Lesson 97,第97課,O;Y;K;S;D;L;N;B;U;R;F;T;J,O;S;D;N;R;F;Y;T,B;D;F;J;K;L;N;O;R;S;T;U;Y,u52d0,勐,U+52D0,,,NTKS,NS,maang5,imperial degree; Daoist magic,1,2,6,2,0.8,12,cj-096,10,
cj-097,cangjie,2,97,Lesson 97,第97課,O;Y;K;S;D;L;N;B;U;R;F;T;J,O;S;D;N;R;F;Y;T,B;D;F;J;K;L;N;O;R;S;T;U;Y,u52d1,勑,U+52D1,,,DOKS,DS,loi6,reward; sincere,1,2,6,2,0.8,12,cj-096,10,
cj-097,cangjie,2,97,Lesson 97,第97課,O;Y;K;S;D;L;N;B;U;R;F;T;J,O;S;D;N;R;F;Y;T,B;D;F;J;K;L;N;O;R;S;T;U;Y,u52d2,勒,U+52D2,,,TJKS,TS,lak6,"strangle, tighten",1,2,6,2,0.8,12,cj-096,10,
cj-098,cangjie,2,98,Lesson 98,第98課,M;W;K;S;H;G;A;U;B;T;V;N;E;P;O;R;C;F;Q,M;S;H;A;T;N;P;R;B;F,A;B;C;E;F;G;H;K;M;N;O;P;Q;R;S;T;U;V;W,u52d4,勔,U+52D4,,,MWKS,MS,min5,"endeavor, make effort; urge",1,2,6,2,0.8,12,cj-097,10,
cj-098,cangjie,2,98,Lesson 98,第98課,M;W;K;S;H;G;A;U;B;T;V;N;E;P;O;R;C;F;Q,M;S;H;A;T;N;P;R;B;F,A;B;C;E;F;G;H;K;M;N;O;P;Q;R;S;T;U;V;W,u52d5,動,U+52D5,,,HGKS,HS,dung6,"move, happen; movement, action",1,2,6,2,0.8,12,cj-097,10,
cj-098,cangjie,2,98,Lesson 98,第98課,M;W;K;S;H;G;A;U;B;T;V;N;E;P;O;R;C;F;Q,M;S;H;A;T;N;P;R;B;F,A;B;C;E;F;G;H;K;M;N;O;P;Q;R;S;T;U;V;W,u52d6,勖,U+52D6,,,AUKS,AS,juk1,"enjoin, advise, preach to",1,2,6,2,0.8,12,cj-097,10,
cj-098,cangjie,2,98,Lesson 98,第98課,M;W;K;S;H;G;A;U;B;T;V;N;E;P;O;R;C;F;Q,M;S;H;A;T;N;P;R;B;F,A;B;C;E;F;G;H;K;M;N;O;P;Q;R;S;T;U;V;W,u52d7,勗,U+52D7,,,ABMS,AS,juk1,"enjoin, advise, excite",1,2,6,2,0.8,12,cj-097,10,
cj-098,cangjie,2,98,Lesson 98,第98課,M;W;K;S;H;G;A;U;B;T;V;N;E;P;O;R;C;F;Q,M;S;H;A;T;N;P;R;B;F,A;B;C;E;F;G;H;K;M;N;O;P;Q;R;S;T;U;V;W,u52d8,勘,U+52D8,,,TVKS,TS,ham3,investigate; compare; collate,1,2,6,2,0.8,12,cj-097,10,
cj-098,cangjie,2,98,Lesson 98,第98課,M;W;K;S;H;G;A;U;B;T;V;N;E;P;O;R;C;F;Q,M;S;H;A;T;N;P;R;B;F,A;B;C;E;F;G;H;K;M;N;O;P;Q;R;S;T;U;V;W,u52d9,務,U+52D9,,,NHHES,NS,mou6,"affairs, business; must, should",1,2,6,2,0.8,12,cj-097,10,
cj-098,cangjie,2,98,Lesson 98,第98課,M;W;K;S;H;G;A;U;B;T;V;N;E;P;O;R;C;F;Q,M;S;H;A;T;N;P;R;B;F,A;B;C;E;F;G;H;K;M;N;O;P;Q;R;S;T;U;V;W,u52da,勚,U+52DA,,,POKS,PS,ji6,work hard; belabored; toil,1,2,6,2,0.8,12,cj-097,10,
cj-098,cangjie,2,98,Lesson 98,第98課,M;W;K;S;H;G;A;U;B;T;V;N;E;P;O;R;C;F;Q,M;S;H;A;T;N;P;R;B;F,A;B;C;E;F;G;H;K;M;N;O;P;Q;R;S;T;U;V;W,u52db,勛,U+52DB,,,RCKS,RS,fan1,meritorious deed; merits; rank,1,2,6,2,0.8,12,cj-097,10,
cj-098,cangjie,2,98,Lesson 98,第98課,M;W;K;S;H;G;A;U;B;T;V;N;E;P;O;R;C;F;Q,M;S;H;A;T;N;P;R;B;F,A;B;C;E;F;G;H;K;M;N;O;P;Q;R;S;T;U;V;W,u52dd,勝,U+52DD,,,BFQS,BS,sing3,"victory; excel, be better than",1,2,6,2,0.8,12,cj-097,10,
cj-098,cangjie,2,98,Lesson 98,第98課,M;W;K;S;H;G;A;U;B;T;V;N;E;P;O;R;C;F;Q,M;S;H;A;T;N;P;R;B;F,A;B;C;E;F;G;H;K;M;N;O;P;Q;R;S;T;U;V;W,u52de,勞,U+52DE,,,FFBKS,FS,lou4,"labor, toil, do manual work",1,2,6,2,0.8,12,cj-097,10,
cj-099,cangjie,2,99,Lesson 99,第99課,T;A;K;S;H;G;I;Q;C;M;N;V;D;O;P;Y,T;S;G;Q;N;V;O;P;Y,A;C;D;G;H;I;K;M;N;O;P;Q;S;T;V;Y,u52df,募,U+52DF,,,TAKS,TS,mou6,"levy, raise; summon; recruit",1,2,6,2,0.8,12,cj-098,10,
cj-099,cangjie,2,99,Lesson 99,第99課,T;A;K;S;H;G;I;Q;C;M;N;V;D;O;P;Y,T;S;G;Q;N;V;O;P;Y,A;C;D;G;H;I;K;M;N;O;P;Q;S;T;V;Y,u52e0,勠,U+52E0,,,SHKS,SS,luk6,"join forces, unite",1,2,6,2,0.8,12,cj-098,10,
cj-099,cangjie,2,99,Lesson 99,第99課,T;A;K;S;H;G;I;Q;C;M;N;V;D;O;P;Y,T;S;G;Q;N;V;O;P;Y,A;C;D;G;H;I;K;M;N;O;P;Q;S;T;V;Y,u52e2,勢,U+52E2,,,GIKS,GS,sai3,"power, force; tendency",1,2,6,2,0.8,12,cj-098,10,
cj-099,cangjie,2,99,Lesson 99,第99課,T;A;K;S;H;G;I;Q;C;M;N;V;D;O;P;Y,T;S;G;Q;N;V;O;P;Y,A;C;D;G;H;I;K;M;N;O;P;Q;S;T;V;Y,u52e3,勣,U+52E3,,,QCKS,QS,zik1,"achievements, conduct deserving",1,2,6,2,0.8,12,cj-098,10,
cj-099,cangjie,2,99,Lesson 99,第99課,T;A;K;S;H;G;I;Q;C;M;N;V;D;O;P;Y,T;S;G;Q;N;V;O;P;Y,A;C;D;G;H;I;K;M;N;O;P;Q;S;T;V;Y,u52e4,勤,U+52E4,,,TMKS,TS,kan4,"industrious, diligent, attentive",1,2,6,2,0.8,12,cj-098,10,
cj-099,cangjie,2,99,Lesson 99,第99課,T;A;K;S;H;G;I;Q;C;M;N;V;D;O;P;Y,T;S;G;Q;N;V;O;P;Y,A;C;D;G;H;I;K;M;N;O;P;Q;S;T;V;Y,u52e5,勥,U+52E5,,,NIKS,NS,koeng5,to force; tough,1,2,6,2,0.8,12,cj-098,10,
cj-099,cangjie,2,99,Lesson 99,第99課,T;A;K;S;H;G;I;Q;C;M;N;V;D;O;P;Y,T;S;G;Q;N;V;O;P;Y,A;C;D;G;H;I;K;M;N;O;P;Q;S;T;V;Y,u52e6,勦,U+52E6,,,VDKS,VS,ziu2,"destroy, exterminate, annihilate",1,2,6,2,0.8,12,cj-098,10,
cj-099,cangjie,2,99,Lesson 99,第99課,T;A;K;S;H;G;I;Q;C;M;N;V;D;O;P;Y,T;S;G;Q;N;V;O;P;Y,A;C;D;G;H;I;K;M;N;O;P;Q;S;T;V;Y,u52e7,勧,U+52E7,,,OGKS,OS,hyun3,"recommend, advise, urge",1,2,6,2,0.8,12,cj-098,10,
cj-099,cangjie,2,99,Lesson 99,第99課,T;A;K;S;H;G;I;Q;C;M;N;V;D;O;P;Y,T;S;G;Q;N;V;O;P;Y,A;C;D;G;H;I;K;M;N;O;P;Q;S;T;V;Y,u52e9,勩,U+52E9,,,PCKS,PS,ji6,work hard; belabored; toil,1,2,6,2,0.8,12,cj-098,10,
cj-099,cangjie,2,99,Lesson 99,第99課,T;A;K;S;H;G;I;Q;C;M;N;V;D;O;P;Y,T;S;G;Q;N;V;O;P;Y,A;C;D;G;H;I;K;M;N;O;P;Q;S;T;V;Y,u52ef,勯,U+52EF,,,YMKS,YS,daan1,exhausted,1,2,6,2,0.8,12,cj-098,10,
cj-100,cangjie,2,100,Lesson 100,第100課,K;S;W;P;T;B;H;F;M;Y;V;G;I,K;P;T;S;H;F;M;Y;I,B;F;G;H;I;K;M;P;S;T;V;W;Y,u52f0,勰,U+52F0,,,KSWP,KP,hip3,"peaceful, harmonious",1,2,6,2,0.8,12,cj-099,10,
cj-100,cangjie,2,100,Lesson 100,第100課,K;S;W;P;T;B;H;F;M;Y;V;G;I,K;P;T;S;H;F;M;Y;I,B;F;G;H;I;K;M;P;S;T;V;W;Y,u52f1,勱,U+52F1,,,TBKS,TS,maai6,"put forth effort, strive forward",1,2,6,2,0.8,12,cj-099,10,
cj-100,cangjie,2,100,Lesson 100,第100課,K;S;W;P;T;B;H;F;M;Y;V;G;I,K;P;T;S;H;F;M;Y;I,B;F;G;H;I;K;M;P;S;T;V;W;Y,u52f2,勲,U+52F2,,,HSF,HF,fan1,meritorious deed; merits; rank,1,2,6,2,0.8,12,cj-099,10,
cj-100,cangjie,2,100,Lesson 100,第100課,K;S;W;P;T;B;H;F;M;Y;V;G;I,K;P;T;S;H;F;M;Y;I,B;F;G;H;I;K;M;P;S;T;V;W;Y,u52f3,勳,U+52F3,,,HFKS,HS,fan1,meritorious deed; merits; rank,1,2,6,2,0.8,12,cj-099,10,
cj-100,cangjie,2,100,Lesson 100,第100課,K;S;W;P;T;B;H;F;M;Y;V;G;I,K;P;T;S;H;F;M;Y;I,B;F;G;H;I;K;M;P;S;T;V;W;Y,u52f5,勵,U+52F5,,,MBKS,MS,lai6,strive; encourage,1,2,6,2,0.8,12,cj-099,10,
cj-100,cangjie,2,100,Lesson 100,第100課,K;S;W;P;T;B;H;F;M;Y;V;G;I,K;P;T;S;H;F;M;Y;I,B;F;G;H;I;K;M;P;S;T;V;W;Y,u52f7,勷,U+52F7,,,YVKS,YS,joeng4,"urgent; in haste, hurriedly; help",1,2,6,2,0.8,12,cj-099,10,
cj-100,cangjie,2,100,Lesson 100,第100課,K;S;W;P;T;B;H;F;M;Y;V;G;I,K;P;T;S;H;F;M;Y;I,B;F;G;H;I;K;M;P;S;T;V;W;Y,u52f8,勸,U+52F8,,,TGKS,TS,hyun3,"recommend, advise, urge",1,2,6,2,0.8,12,cj-099,10,
cj-100,cangjie,2,100,Lesson 100,第100課,K;S;W;P;T;B;H;F;M;Y;V;G;I,K;P;T;S;H;F;M;Y;I,B;F;G;H;I;K;M;P;S;T;V;W;Y,u52f9,勹,U+52F9,,,HS,HS,baau1,wrap; Kangxi radical 20,1,2,6,2,0.8,12,cj-099,10,
cj-100,cangjie,2,100,Lesson 100,第100課,K;S;W;P;T;B;H;F;M;Y;V;G;I,K;P;T;S;H;F;M;Y;I,B;F;G;H;I;K;M;P;S;T;V;W;Y,u52fa,勺,U+52FA,,,PI,PI,zoek3,"spoon, ladle; unit of volume",1,2,6,2,0.8,12,cj-099,10,
cj-100,cangjie,2,100,Lesson 100,第100課,K;S;W;P;T;B;H;F;M;Y;V;G;I,K;P;T;S;H;F;M;Y;I,B;F;G;H;I;K;M;P;S;T;V;W;Y,u52fb,勻,U+52FB,,,PMM,PM,wan4,"equal, impartially, uniform, even",1,2,6,2,0.8,12,cj-099,10,
cj-101,cangjie,2,101,Lesson 101,第101課,P;K;N;O;I;H;M;V;Y;R;U,P;N;O;I;H;M;K;V;U,H;I;K;M;N;O;P;R;U;V;Y,u52fc,勼,U+52FC,,,PKN,PN,gau1,"to hook, entice, inveigle; surname",1,2,6,2,0.8,12,cj-100,10,
cj-101,cangjie,2,101,Lesson 101,第101課,P;K;N;O;I;H;M;V;Y;R;U,P;N;O;I;H;M;K;V;U,H;I;K;M;N;O;P;R;U;V;Y,u52fd,勽,U+52FD,,,PO,PO,bou6,to incubate; to brood; to hatch,1,2,6,2,0.8,12,cj-100,10,
cj-101,cangjie,2,101,Lesson 101,第101課,P;K;N;O;I;H;M;V;Y;R;U,P;N;O;I;H;M;K;V;U,H;I;K;M;N;O;P;R;U;V;Y,u52fe,勾,U+52FE,,,PI,PI,ngau1,"hook, join, connect; entice",1,2,6,2,0.8,12,cj-100,10,
cj-101,cangjie,2,101,Lesson 101,第101課,P;K;N;O;I;H;M;V;Y;R;U,P;N;O;I;H;M;K;V;U,H;I;K;M;N;O;P;R;U;V;Y,u52ff,勿,U+52FF,,,PHH,PH,mat6,"must not, do not; without, never",1,2,6,2,0.8,12,cj-100,10,
cj-101,cangjie,2,101,Lesson 101,第101課,P;K;N;O;I;H;M;V;Y;R;U,P;N;O;I;H;M;K;V;U,H;I;K;M;N;O;P;R;U;V;Y,u5300,匀,U+5300,,,PIM,PM,wan4,equal,1,2,6,2,0.8,12,cj-100,10,
cj-101,cangjie,2,101,Lesson 101,第101課,P;K;N;O;I;H;M;V;Y;R;U,P;N;O;I;H;M;K;V;U,H;I;K;M;N;O;P;R;U;V;Y,u5301,匁,U+5301,,,PK,PK,jan6,Japanese unit of weight (1/1000 of a kan),1,2,6,2,0.8,12,cj-100,10,
cj-101,cangjie,2,101,Lesson 101,第101課,P;K;N;O;I;H;M;V;Y;R;U,P;N;O;I;H;M;K;V;U,H;I;K;M;N;O;P;R;U;V;Y,u5302,匂,U+5302,,,PP,PP,hung1,"fragrance, smell",1,2,6,2,0.8,12,cj-100,10,
cj-101,cangjie,2,101,Lesson 101,第101課,P;K;N;O;I;H;M;V;Y;R;U,P;N;O;I;H;M;K;V;U,H;I;K;M;N;O;P;R;U;V;Y,u5303,匃,U+5303,,,PVO,PO,koi3,beggar; beg; give,1,2,6,2,0.8,12,cj-100,10,
cj-101,cangjie,2,101,Lesson 101,第101課,P;K;N;O;I;H;M;V;Y;R;U,P;N;O;I;H;M;K;V;U,H;I;K;M;N;O;P;R;U;V;Y,u5304,匄,U+5304,,,PYV,PV,koi3,to beg for alms; a beggar,1,2,6,2,0.8,12,cj-100,10,
cj-101,cangjie,2,101,Lesson 101,第101課,P;K;N;O;I;H;M;V;Y;R;U,P;N;O;I;H;M;K;V;U,H;I;K;M;N;O;P;R;U;V;Y,u5305,包,U+5305,,,PRU,PU,baau1,"wrap, pack, bundle; package",1,2,6,2,0.8,12,cj-100,10,
cj-102,cangjie,2,102,Lesson 102,第102課,P;K;U;M;F;J;D;O;I;B;S;R;W;H,P;K;J;D;U;B;W;H;O,B;D;F;H;I;J;K;M;O;P;R;S;U;W,u5306,匆,U+5306,,,PKK,PK,cung1,"hastily, in haste, hurriedly",1,2,6,2,0.8,12,cj-101,10,
cj-102,cangjie,2,102,Lesson 102,第102課,P;K;U;M;F;J;D;O;I;B;S;R;W;H,P;K;J;D;U;B;W;H;O,B;D;F;H;I;J;K;M;O;P;R;S;U;W,u5308,匈,U+5308,,,PUK,PK,hung1,"breast, chest, thorax; clamor; the Hsiung Nu 'Huns'",1,2,6,2,0.8,12,cj-101,10,
cj-102,cangjie,2,102,Lesson 102,第102課,P;K;U;M;F;J;D;O;I;B;S;R;W;H,P;K;J;D;U;B;W;H;O,B;D;F;H;I;J;K;M;O;P;R;S;U;W,u5309,匉,U+5309,,,PMFJ,PJ,ping1,noise of waters,1,2,6,2,0.8,12,cj-101,10,
cj-102,cangjie,2,102,Lesson 102,第102課,P;K;U;M;F;J;D;O;I;B;S;R;W;H,P;K;J;D;U;B;W;H;O,B;D;F;H;I;J;K;M;O;P;R;S;U;W,u530a,匊,U+530A,,,PFD,PD,guk1,handful,1,2,6,2,0.8,12,cj-101,10,
cj-102,cangjie,2,102,Lesson 102,第102課,P;K;U;M;F;J;D;O;I;B;S;R;W;H,P;K;J;D;U;B;W;H;O,B;D;F;H;I;J;K;M;O;P;R;S;U;W,u530b,匋,U+530B,,,POJU,PU,tou4,pottery,1,2,6,2,0.8,12,cj-101,10,
cj-102,cangjie,2,102,Lesson 102,第102課,P;K;U;M;F;J;D;O;I;B;S;R;W;H,P;K;J;D;U;B;W;H;O,B;D;F;H;I;J;K;M;O;P;R;S;U;W,u530d,匍,U+530D,,,PIJB,PB,pou4,crawl; lie prostrate,1,2,6,2,0.8,12,cj-101,10,
cj-102,cangjie,2,102,Lesson 102,第102課,P;K;U;M;F;J;D;O;I;B;S;R;W;H,P;K;J;D;U;B;W;H;O,B;D;F;H;I;J;K;M;O;P;R;S;U;W,u530f,匏,U+530F,,,KSPRU,KU,paau4,gourd; musical instrument,1,2,6,2,0.8,12,cj-101,10,
cj-102,cangjie,2,102,Lesson 102,第102課,P;K;U;M;F;J;D;O;I;B;S;R;W;H,P;K;J;D;U;B;W;H;O,B;D;F;H;I;J;K;M;O;P;R;S;U;W,u5310,匐,U+5310,,,PMRW,PW,fuk6,fall prostrate; crawl,1,2,6,2,0.8,12,cj-101,10,
cj-102,cangjie,2,102,Lesson 102,第102課,P;K;U;M;F;J;D;O;I;B;S;R;W;H,P;K;J;D;U;B;W;H;O,B;D;F;H;I;J;K;M;O;P;R;S;U;W,u5315,匕,U+5315,,,UH,UH,bei3,"spoon, ladle; knife, dirk",1,2,6,2,0.8,12,cj-101,10,
cj-102,cangjie,2,102,Lesson 102,第102課,P;K;U;M;F;J;D;O;I;B;S;R;W;H,P;K;J;D;U;B;W;H;O,B;D;F;H;I;J;K;M;O;P;R;S;U;W,u5316,化,U+5316,,,OP,OP,faa3,"change, convert, reform; -ize",1,2,6,2,0.8,12,cj-101,10,
cj-103,cangjie,2,103,Lesson 103,第103課,L;M;P;V;W;A;O;S;D;B;Y;H;N;G,L;P;W;A;M;V;S;D;B;N;G,A;B;D;G;H;L;M;N;O;P;S;V;W;Y,u5317,北,U+5317,,,LMP,LP,bak1,north; northern; northward,1,2,6,2,0.8,12,cj-102,10,
cj-103,cangjie,2,103,Lesson 103,第103課,L;M;P;V;W;A;O;S;D;B;Y;H;N;G,L;P;W;A;M;V;S;D;B;N;G,A;B;D;G;H;L;M;N;O;P;S;V;W;Y,u5318,匘,U+5318,,,PVVW,PW,nou5,the brain,1,2,6,2,0.8,12,cj-102,10,
cj-103,cangjie,2,103,Lesson 103,第103課,L;M;P;V;W;A;O;S;D;B;Y;H;N;G,L;P;W;A;M;V;S;D;B;N;G,A;B;D;G;H;L;M;N;O;P;S;V;W;Y,u5319,匙,U+5319,,,AOP,AP,ci4,spoon; surname,1,2,6,2,0.8,12,cj-102,10,
cj-103,cangjie,2,103,Lesson 103,第103課,L;M;P;V;W;A;O;S;D;B;Y;H;N;G,L;P;W;A;M;V;S;D;B;N;G,A;B;D;G;H;L;M;N;O;P;S;V;W;Y,u531a,匚,U+531A,,,MV,MV,fong1,box; Kangxi radical 22,1,2,6,2,0.8,12,cj-102,10,
cj-103,cangjie,2,103,Lesson 103,第103課,L;M;P;V;W;A;O;S;D;B;Y;H;N;G,L;P;W;A;M;V;S;D;B;N;G,A;B;D;G;H;L;M;N;O;P;S;V;W;Y,u531c,匜,U+531C,,,SPD,SD,ji4,basin; container for wine,1,2,6,2,0.8,12,cj-102,10,
cj-103,cangjie,2,103,Lesson 103,第103課,L;M;P;V;W;A;O;S;D;B;Y;H;N;G,L;P;W;A;M;V;S;D;B;N;G,A;B;D;G;H;L;M;N;O;P;S;V;W;Y,u531d,匝,U+531D,,,SLB,SB,zaap3,full circle; encircle,1,2,6,2,0.8,12,cj-102,10,
cj-103,cangjie,2,103,Lesson 103,第103課,L;M;P;V;W;A;O;S;D;B;Y;H;N;G,L;P;W;A;M;V;S;D;B;N;G,A;B;D;G;H;L;M;N;O;P;S;V;W;Y,u531f,匟,U+531F,,,SYHN,SN,kong3,divan for two persons,1,2,6,2,0.8,12,cj-102,10,
cj-103,cangjie,2,103,Lesson 103,第103課,L;M;P;V;W;A;O;S;D;B;Y;H;N;G,L;P;W;A;M;V;S;D;B;N;G,A;B;D;G;H;L;M;N;O;P;S;V;W;Y,u5320,匠,U+5320,,,SHML,SL,zoeng6,"craftsman, artisan; workman",1,2,6,2,0.8,12,cj-102,10,
cj-103,cangjie,2,103,Lesson 103,第103課,L;M;P;V;W;A;O;S;D;B;Y;H;N;G,L;P;W;A;M;V;S;D;B;N;G,A;B;D;G;H;L;M;N;O;P;S;V;W;Y,u5321,匡,U+5321,,,SMG,SG,hong1,"correct, restore, revise",1,2,6,2,0.8,12,cj-102,10,
cj-103,cangjie,2,103,Lesson 103,第103課,L;M;P;V;W;A;O;S;D;B;Y;H;N;G,L;P;W;A;M;V;S;D;B;N;G,A;B;D;G;H;L;M;N;O;P;S;V;W;Y,u5323,匣,U+5323,,,SWL,SL,haap6,"small box, case, coffer",1,2,6,2,0.8,12,cj-102,10,
cj-104,cangjie,2,104,Lesson 104,第104課,S;K;Q;N;O;L;M;Y;J;E;G;R;C;H;B;T,S;N;O;Y;G;J;C;T,B;C;E;G;H;J;K;L;M;N;O;Q;R;S;T;Y,u5326,匦,U+5326,,,SKQN,SN,gwai2,"small box; chest, casket",1,2,6,2,0.8,12,cj-103,10,
cj-104,cangjie,2,104,Lesson 104,第104課,S;K;Q;N;O;L;M;Y;J;E;G;R;C;H;B;T,S;N;O;Y;G;J;C;T,B;C;E;G;H;J;K;L;M;N;O;Q;R;S;T;Y,u5327,匧,U+5327,,,SKOO,SO,haap6,a trunk; a portfolio,1,2,6,2,0.8,12,cj-103,10,
cj-104,cangjie,2,104,Lesson 104,第104課,S;K;Q;N;O;L;M;Y;J;E;G;R;C;H;B;T,S;N;O;Y;G;J;C;T,B;C;E;G;H;J;K;L;M;N;O;Q;R;S;T;Y,u532a,匪,U+532A,,,SLMY,SY,fei2,"bandits, robbers, gangsters",1,2,6,2,0.8,12,cj-103,10,
cj-104,cangjie,2,104,Lesson 104,第104課,S;K;Q;N;O;L;M;Y;J;E;G;R;C;H;B;T,S;N;O;Y;G;J;C;T,B;C;E;G;H;J;K;L;M;N;O;Q;R;S;T;Y,u532d,匭,U+532D,,,SJJN,SN,gwai2,"small box; chest, casket",1,2,6,2,0.8,12,cj-103,10,
cj-104,cangjie,2,104,Lesson 104,第104課,S;K;Q;N;O;L;M;Y;J;E;G;R;C;H;B;T,S;N;O;Y;G;J;C;T,B;C;E;G;H;J;K;L;M;N;O;Q;R;S;T;Y,u532e,匮,U+532E,,,SLMO,SO,gwai6,to lack,1,2,6,2,0.8,12,cj-103,10,
cj-104,cangjie,2,104,Lesson 104,第104課,S;K;Q;N;O;L;M;Y;J;E;G;R;C;H;B;T,S;N;O;Y;G;J;C;T,B;C;E;G;H;J;K;L;M;N;O;Q;R;S;T;Y,u532f,匯,U+532F,,,SEOG,SG,wui6,"a concourse; to flow together, gather together; (same as 滙) to remit money",1,2,6,2,0.8,12,cj-103,10,
cj-104,cangjie,2,104,Lesson 104,第104課,S;K;Q;N;O;L;M;Y;J;E;G;R;C;H;B;T,S;N;O;Y;G;J;C;T,B;C;E;G;H;J;K;L;M;N;O;Q;R;S;T;Y,u5330,匰,U+5330,,,SRRJ,SJ,daan1,utensils used anciently in ancestral temples,1,2,6,2,0.8,12,cj-103,10,
cj-104,cangjie,2,104,Lesson 104,第104課,S;K;Q;N;O;L;M;Y;J;E;G;R;C;H;B;T,S;N;O;Y;G;J;C;T,B;C;E;G;H;J;K;L;M;N;O;Q;R;S;T;Y,u5331,匱,U+5331,,,SLMC,SC,gwai6,to lack,1,2,6,2,0.8,12,cj-103,10,
cj-104,cangjie,2,104,Lesson 104,第104課,S;K;Q;N;O;L;M;Y;J;E;G;R;C;H;B;T,S;N;O;Y;G;J;C;T,B;C;E;G;H;J;K;L;M;N;O;Q;R;S;T;Y,u5333,匳,U+5333,,,SOMO,SO,lim4,ladies toilet case with mirror,1,2,6,2,0.8,12,cj-103,10,
cj-104,cangjie,2,104,Lesson 104,第104課,S;K;Q;N;O;L;M;Y;J;E;G;R;C;H;B;T,S;N;O;Y;G;J;C;T,B;C;E;G;H;J;K;L;M;N;O;Q;R;S;T;Y,u5334,匴,U+5334,,,SHBT,ST,syun3,"an ancient, bamboo hat box",1,2,6,2,0.8,12,cj-103,10,
cj-105,cangjie,2,105,Lesson 105,第105課,S;G;W;C;T;O;X;K;M;R;A;V;H;B,S;C;X;K;R;V;B,A;B;C;G;H;K;M;O;R;S;T;V;W;X,u5335,匵,U+5335,,,SGWC,SC,duk6,case; casket,1,2,6,2,0.8,12,cj-104,10,
cj-105,cangjie,2,105,Lesson 105,第105課,S;G;W;C;T;O;X;K;M;R;A;V;H;B,S;C;X;K;R;V;B,A;B;C;G;H;K;M;O;R;S;T;V;W;X,u5336,匶,U+5336,,,STOX,SX,gau3,a coffin containing a corpse,1,2,6,2,0.8,12,cj-104,10,
cj-105,cangjie,2,105,Lesson 105,第105課,S;G;W;C;T;O;X;K;M;R;A;V;H;B,S;C;X;K;R;V;B,A;B;C;G;H;K;M;O;R;S;T;V;W;X,u5339,匹,U+5339,,,SC,SC,pat1,bolt of cloth; counter for horses,1,2,6,2,0.8,12,cj-104,10,
cj-105,cangjie,2,105,Lesson 105,第105課,S;G;W;C;T;O;X;K;M;R;A;V;H;B,S;C;X;K;R;V;B,A;B;C;G;H;K;M;O;R;S;T;V;W;X,u533a,区,U+533A,,,SK,SK,keoi1,"area, district, region, ward",1,2,6,2,0.8,12,cj-104,10,
cj-105,cangjie,2,105,Lesson 105,第105課,S;G;W;C;T;O;X;K;M;R;A;V;H;B,S;C;X;K;R;V;B,A;B;C;G;H;K;M;O;R;S;T;V;W;X,u533b,医,U+533B,,,SOK,SK,ji1,"cure, heal; doctor, medical",1,2,6,2,0.8,12,cj-104,10,
cj-105,cangjie,2,105,Lesson 105,第105課,S;G;W;C;T;O;X;K;M;R;A;V;H;B,S;C;X;K;R;V;B,A;B;C;G;H;K;M;O;R;S;T;V;W;X,u533c,匼,U+533C,,,SOMR,SR,hap6,"place in Ruìchéng county, Shānxī; ancient term for a scholar's cap",1,2,6,2,0.8,12,cj-104,10,
cj-105,cangjie,2,105,Lesson 105,第105課,S;G;W;C;T;O;X;K;M;R;A;V;H;B,S;C;X;K;R;V;B,A;B;C;G;H;K;M;O;R;S;T;V;W;X,u533d,匽,U+533D,,,SAV,SV,jin2,"to hide, to secrete, to repress; to bend",1,2,6,2,0.8,12,cj-104,10,
cj-105,cangjie,2,105,Lesson 105,第105課,S;G;W;C;T;O;X;K;M;R;A;V;H;B,S;C;X;K;R;V;B,A;B;C;G;H;K;M;O;R;S;T;V;W;X,u533e,匾,U+533E,,,SHSB,SB,bin2,"flat, round split-bamboo contain",1,2,6,2,0.8,12,cj-104,10,
cj-105,cangjie,2,105,Lesson 105,第105課,S;G;W;C;T;O;X;K;M;R;A;V;H;B,S;C;X;K;R;V;B,A;B;C;G;H;K;M;O;R;S;T;V;W;X,u533f,匿,U+533F,,,STKR,SR,nik1,hide; go into hiding,1,2,6,2,0.8,12,cj-104,10,
cj-105,cangjie,2,105,Lesson 105,第105課,S;G;W;C;T;O;X;K;M;R;A;V;H;B,S;C;X;K;R;V;B,A;B;C;G;H;K;M;O;R;S;T;V;W;X,u5340,區,U+5340,,,SRRR,SR,keoi1,"area, district, region, ward; surname",1,2,6,2,0.8,12,cj-104,10,
cj-106,cangjie,2,106,Lesson 106,第106課,J;N;H;T;K;O;F;Q,J;N;H;T;K;O;F;Q,F;H;J;K;N;O;Q;T,u5341,十,U+5341,,,J,J,sap6,"ten, tenth; complete; perfect",1,2,6,2,0.8,12,cj-105,10,
cj-106,cangjie,2,106,Lesson 106,第106課,J;N;H;T;K;O;F;Q,J;N;H;T;K;O;F;Q,F;H;J;K;N;O;Q;T,u5342,卂,U+5342,,,NJ,NJ,seon3,to fly rapidly,1,2,6,2,0.8,12,cj-105,10,
cj-106,cangjie,2,106,Lesson 106,第106課,J;N;H;T;K;O;F;Q,J;N;H;T;K;O;F;Q,F;H;J;K;N;O;Q;T,u5343,千,U+5343,,,HJ,HJ,cin1,"thousand; many, numerous; very; (Cant.) a cheater, swindler",1,2,6,2,0.8,12,cj-105,10,
cj-106,cangjie,2,106,Lesson 106,第106課,J;N;H;T;K;O;F;Q,J;N;H;T;K;O;F;Q,F;H;J;K;N;O;Q;T,u5344,卄,U+5344,,,JJ,JJ,nim6,"twenty, twentieth",1,2,6,2,0.8,12,cj-105,10,
cj-106,cangjie,2,106,Lesson 106,第106課,J;N;H;T;K;O;F;Q,J;N;H;T;K;O;F;Q,F;H;J;K;N;O;Q;T,u5345,卅,U+5345,,,TJ,TJ,saa1,"thirty, thirtieth",1,2,6,2,0.8,12,cj-105,10,
cj-106,cangjie,2,106,Lesson 106,第106課,J;N;H;T;K;O;F;Q,J;N;H;T;K;O;F;Q,F;H;J;K;N;O;Q;T,u5346,卆,U+5346,,,KNJ,KJ,zeot1,"soldier; servant; at last, finally",1,2,6,2,0.8,12,cj-105,10,
cj-106,cangjie,2,106,Lesson 106,第106課,J;N;H;T;K;O;F;Q,J;N;H;T;K;O;F;Q,F;H;J;K;N;O;Q;T,u5347,升,U+5347,,,HT,HT,sing1,"arise, go up; hoist; advance; hexagram ䷭",1,2,6,2,0.8,12,cj-105,10,
cj-106,cangjie,2,106,Lesson 106,第106課,J;N;H;T;K;O;F;Q,J;N;H;T;K;O;F;Q,F;H;J;K;N;O;Q;T,u5348,午,U+5348,,,OJ,OJ,ng5,seventh earthly branch,1,2,6,2,0.8,12,cj-105,10,
cj-106,cangjie,2,106,Lesson 106,第106課,J;N;H;T;K;O;F;Q,J;N;H;T;K;O;F;Q,F;H;J;K;N;O;Q;T,u5349,卉,U+5349,,,JT,JT,wai2,general term for plants; myriads,1,2,6,2,0.8,12,cj-105,10,
cj-106,cangjie,2,106,Lesson 106,第106課,J;N;H;T;K;O;F;Q,J;N;H;T;K;O;F;Q,F;H;J;K;N;O;Q;T,u534a,半,U+534A,,,FQ,FQ,bun3,half,1,2,6,2,0.8,12,cj-105,10,
cj-107,cangjie,2,107,Lesson 107,第107課,J;T;N;X;O;P;K;S;C;V;H;W;Y;A,J;T;N;X;O;C;V;H;Y;S,A;C;H;J;K;N;O;P;S;T;V;W;X;Y,u534b,卋,U+534B,,,JT,JT,sai3,(same as 世) generation; world; era,1,2,6,2,0.8,12,cj-106,10,
cj-107,cangjie,2,107,Lesson 107,第107課,J;T;N;X;O;P;K;S;C;V;H;W;Y;A,J;T;N;X;O;C;V;H;Y;S,A;C;H;J;K;N;O;P;S;T;V;W;X;Y,u534c,卌,U+534C,,,TT,TT,sei3,"forty, fortieth",1,2,6,2,0.8,12,cj-106,10,
cj-107,cangjie,2,107,Lesson 107,第107課,J;T;N;X;O;P;K;S;C;V;H;W;Y;A,J;T;N;X;O;C;V;H;Y;S,A;C;H;J;K;N;O;P;S;T;V;W;X;Y,u534d,卍,U+534D,,,NX,NX,maan6,"swastika, one of the auspicious signs recognized (e.g. in Chinese Tathagata Buddhism) as being on the chest of Buddha (and variously seen in statuary on the chest, soles of the feet, or palms of the hands)",1,2,6,2,0.8,12,cj-106,10,
cj-107,cangjie,2,107,Lesson 107,第107課,J;T;N;X;O;P;K;S;C;V;H;W;Y;A,J;T;N;X;O;C;V;H;Y;S,A;C;H;J;K;N;O;P;S;T;V;W;X;Y,u534e,华,U+534E,,,OPJ,OJ,waa4,flowery; illustrious; Chinese,1,2,6,2,0.8,12,cj-106,10,
cj-107,cangjie,2,107,Lesson 107,第107課,J;T;N;X;O;P;K;S;C;V;H;W;Y;A,J;T;N;X;O;C;V;H;Y;S,A;C;H;J;K;N;O;P;S;T;V;W;X;Y,u534f,协,U+534F,,,JKSC,JC,hip3,be united; cooperate,1,2,6,2,0.8,12,cj-106,10,
cj-107,cangjie,2,107,Lesson 107,第107課,J;T;N;X;O;P;K;S;C;V;H;W;Y;A,J;T;N;X;O;C;V;H;Y;S,A;C;H;J;K;N;O;P;S;T;V;W;X;Y,u5350,卐,U+5350,,,VX,VX,maan6,"swastika, one of the auspicious signs recognized (e.g. in Chinese Tathagata Buddhism) as being on the chest of Buddha (and variously seen in statuary on the chest, soles of the feet, or palms of the hands)",1,2,6,2,0.8,12,cj-106,10,
cj-107,cangjie,2,107,Lesson 107,第107課,J;T;N;X;O;P;K;S;C;V;H;W;Y;A,J;T;N;X;O;C;V;H;Y;S,A;C;H;J;K;N;O;P;S;T;V;W;X;Y,u5351,卑,U+5351,,,HWHJ,HJ,bei1,"humble, low, inferior; despise",1,2,6,2,0.8,12,cj-106,10,
cj-107,cangjie,2,107,Lesson 107,第107課,J;T;N;X;O;P;K;S;C;V;H;W;Y;A,J;T;N;X;O;C;V;H;Y;S,A;C;H;J;K;N;O;P;S;T;V;W;X;Y,u5352,卒,U+5352,,,YOOJ,YJ,zeot1,"soldier; servant; at last, finally",1,2,6,2,0.8,12,cj-106,10,
cj-107,cangjie,2,107,Lesson 107,第107課,J;T;N;X;O;P;K;S;C;V;H;W;Y;A,J;T;N;X;O;C;V;H;Y;S,A;C;H;J;K;N;O;P;S;T;V;W;X;Y,u5353,卓,U+5353,,,YAJ,YJ,coek3,"profound, brilliant, lofty",1,2,6,2,0.8,12,cj-106,10,
cj-107,cangjie,2,107,Lesson 107,第107課,J;T;N;X;O;P;K;S;C;V;H;W;Y;A,J;T;N;X;O;C;V;H;Y;S,A;C;H;J;K;N;O;P;S;T;V;W;X;Y,u5354,協,U+5354,,,JKSS,JS,hip3,be united; cooperate,1,2,6,2,0.8,12,cj-106,10,
cj-108,cangjie,2,108,Lesson 108,第108課,C;W;J;N;Y;K;B;T;F;I;R;M,C;J;K;F;I;Y;R,B;C;F;I;J;K;M;N;R;T;W;Y,u5355,单,U+5355,,,CWJ,CJ,daan1,"single, individual, only; lone",1,2,6,2,0.8,12,cj-107,10,
cj-108,cangjie,2,108,Lesson 108,第108課,C;W;J;N;Y;K;B;T;F;I;R;M,C;J;K;F;I;Y;R,B;C;F;I;J;K;M;N;R;T;W;Y,u5356,卖,U+5356,,,JNYK,JK,maai6,sell; betray; show off,1,2,6,2,0.8,12,cj-107,10,
cj-108,cangjie,2,108,Lesson 108,第108課,C;W;J;N;Y;K;B;T;F;I;R;M,C;J;K;F;I;Y;R,B;C;F;I;J;K;M;N;R;T;W;Y,u5357,南,U+5357,,,JBTJ,JJ,naam4,south; southern part; southward,1,2,6,2,0.8,12,cj-107,10,
cj-108,cangjie,2,108,Lesson 108,第108課,C;W;J;N;Y;K;B;T;F;I;R;M,C;J;K;F;I;Y;R,B;C;F;I;J;K;M;N;R;T;W;Y,u5358,単,U+5358,,,FWJ,FJ,daan1,"(same as 單) single, individual, only; lone",1,2,6,2,0.8,12,cj-107,10,
cj-108,cangjie,2,108,Lesson 108,第108課,C;W;J;N;Y;K;B;T;F;I;R;M,C;J;K;F;I;Y;R,B;C;F;I;J;K;M;N;R;T;W;Y,u535a,博,U+535A,,,JIBI,JI,bok3,"gamble, play games; wide, broad",1,2,6,2,0.8,12,cj-107,10,
cj-108,cangjie,2,108,Lesson 108,第108課,C;W;J;N;Y;K;B;T;F;I;R;M,C;J;K;F;I;Y;R,B;C;F;I;J;K;M;N;R;T;W;Y,u535c,卜,U+535C,,,Y,Y,baak6,fortune telling; prophesy,1,2,6,2,0.8,12,cj-107,10,
cj-108,cangjie,2,108,Lesson 108,第108課,C;W;J;N;Y;K;B;T;F;I;R;M,C;J;K;F;I;Y;R,B;C;F;I;J;K;M;N;R;T;W;Y,u535e,卞,U+535E,,,YY,YY,bin6,"to be impatient, in a hurry; excitable",1,2,6,2,0.8,12,cj-107,10,
cj-108,cangjie,2,108,Lesson 108,第108課,C;W;J;N;Y;K;B;T;F;I;R;M,C;J;K;F;I;Y;R,B;C;F;I;J;K;M;N;R;T;W;Y,u535f,卟,U+535F,,,RY,RY,buk1,a chemical compound; divination; to consider,1,2,6,2,0.8,12,cj-107,10,
cj-108,cangjie,2,108,Lesson 108,第108課,C;W;J;N;Y;K;B;T;F;I;R;M,C;J;K;F;I;Y;R,B;C;F;I;J;K;M;N;R;T;W;Y,u5360,占,U+5360,,,YR,YR,zim1,divine; observe; versify,1,2,6,2,0.8,12,cj-107,10,
cj-108,cangjie,2,108,Lesson 108,第108課,C;W;J;N;Y;K;B;T;F;I;R;M,C;J;K;F;I;Y;R,B;C;F;I;J;K;M;N;R;T;W;Y,u5361,卡,U+5361,,,YMY,YY,kaa1,"card, punch card; calorie",1,2,6,2,0.8,12,cj-107,10,
cj-109,cangjie,2,109,Lesson 109,第109課,Y;S;W;K;G;L;B;R;I;M;H;V,Y;S;K;G;R;L;I;M;H,B;G;H;I;K;L;M;R;S;V;W;Y,u5362,卢,U+5362,,,YS,YS,lou4,"cottage, hut; surname; black",1,2,6,2,0.8,12,cj-108,10,
cj-109,cangjie,2,109,Lesson 109,第109課,Y;S;W;K;G;L;B;R;I;M;H;V,Y;S;K;G;R;L;I;M;H,B;G;H;I;K;L;M;R;S;V;W;Y,u5363,卣,U+5363,,,YWS,YS,jau5,wine pot,1,2,6,2,0.8,12,cj-108,10,
cj-109,cangjie,2,109,Lesson 109,第109課,Y;S;W;K;G;L;B;R;I;M;H;V,Y;S;K;G;R;L;I;M;H,B;G;H;I;K;L;M;R;S;V;W;Y,u5364,卤,U+5364,,,YWK,YK,lou5,salt,1,2,6,2,0.8,12,cj-108,10,
cj-109,cangjie,2,109,Lesson 109,第109課,Y;S;W;K;G;L;B;R;I;M;H;V,Y;S;K;G;R;L;I;M;H,B;G;H;I;K;L;M;R;S;V;W;Y,u5366,卦,U+5366,,,GGY,GY,gwaa3,fortune telling; tell fortunes,1,2,6,2,0.8,12,cj-108,10,
cj-109,cangjie,2,109,Lesson 109,第109課,Y;S;W;K;G;L;B;R;I;M;H;V,Y;S;K;G;R;L;I;M;H,B;G;H;I;K;L;M;R;S;V;W;Y,u5367,卧,U+5367,,,SLY,SY,ngo6,lie down; crouch,1,2,6,2,0.8,12,cj-108,10,
cj-109,cangjie,2,109,Lesson 109,第109課,Y;S;W;K;G;L;B;R;I;M;H;V,Y;S;K;G;R;L;I;M;H,B;G;H;I;K;L;M;R;S;V;W;Y,u5368,卨,U+5368,,,YBBR,YR,sit3,used in old names; phonetic seol used in Korean names,1,2,6,2,0.8,12,cj-108,10,
cj-109,cangjie,2,109,Lesson 109,第109課,Y;S;W;K;G;L;B;R;I;M;H;V,Y;S;K;G;R;L;I;M;H,B;G;H;I;K;L;M;R;S;V;W;Y,u5369,卩,U+5369,,,SL,SL,zit3,seal; Kangxi radical 26,1,2,6,2,0.8,12,cj-108,10,
cj-109,cangjie,2,109,Lesson 109,第109課,Y;S;W;K;G;L;B;R;I;M;H;V,Y;S;K;G;R;L;I;M;H,B;G;H;I;K;L;M;R;S;V;W;Y,u536a,卪,U+536A,,,SLI,SI,zit3,kwukyel,1,2,6,2,0.8,12,cj-108,10,
cj-109,cangjie,2,109,Lesson 109,第109課,Y;S;W;K;G;L;B;R;I;M;H;V,Y;S;K;G;R;L;I;M;H,B;G;H;I;K;L;M;R;S;V;W;Y,u536b,卫,U+536B,,,SLM,SM,wai6,"guard, protect, defend",1,2,6,2,0.8,12,cj-108,10,
cj-109,cangjie,2,109,Lesson 109,第109課,Y;S;W;K;G;L;B;R;I;M;H;V,Y;S;K;G;R;L;I;M;H,B;G;H;I;K;L;M;R;S;V;W;Y,u536c,卬,U+536C,,,HVSL,HL,ngong4,lofty; high; raise; high-priced,1,2,6,2,0.8,12,cj-108,10,
cj-110,cangjie,2,110,Lesson 110,第110課,M;S;L;H;U;P;N;R;A;I;G;F;Q,M;L;H;U;N;S;A;G;I;F,A;F;G;H;I;L;M;N;P;Q;R;S;U,u536d,卭,U+536D,,,MSL,ML,kung4,high. to raise,1,2,6,2,0.8,12,cj-109,10,
cj-110,cangjie,2,110,Lesson 110,第110課,M;S;L;H;U;P;N;R;A;I;G;F;Q,M;L;H;U;N;S;A;G;I;F,A;F;G;H;I;L;M;N;P;Q;R;S;U,u536e,卮,U+536E,,,HMSU,HU,zi1,measuring cup; wine container,1,2,6,2,0.8,12,cj-109,10,
cj-110,cangjie,2,110,Lesson 110,第110課,M;S;L;H;U;P;N;R;A;I;G;F;Q,M;L;H;U;N;S;A;G;I;F,A;F;G;H;I;L;M;N;P;Q;R;S;U,u536f,卯,U+536F,,,HHSL,HL,maau5,fourth earthly branch,1,2,6,2,0.8,12,cj-109,10,
cj-110,cangjie,2,110,Lesson 110,第110課,M;S;L;H;U;P;N;R;A;I;G;F;Q,M;L;H;U;N;S;A;G;I;F,A;F;G;H;I;L;M;N;P;Q;R;S;U,u5370,印,U+5370,,,HPSL,HL,jan3,"print, seal, stamp, chop, mark",1,2,6,2,0.8,12,cj-109,10,
cj-110,cangjie,2,110,Lesson 110,第110課,M;S;L;H;U;P;N;R;A;I;G;F;Q,M;L;H;U;N;S;A;G;I;F,A;F;G;H;I;L;M;N;P;Q;R;S;U,u5371,危,U+5371,,,NMSU,NU,ngai4,"dangerous, precarious; high; 12th lunar mansion, determinative star α Aquarii (Sadalmelik)",1,2,6,2,0.8,12,cj-109,10,
cj-110,cangjie,2,110,Lesson 110,第110課,M;S;L;H;U;P;N;R;A;I;G;F;Q,M;L;H;U;N;S;A;G;I;F,A;F;G;H;I;L;M;N;P;Q;R;S;U,u5372,卲,U+5372,,,SRSL,SL,siu6,"eminent, lofty; beautiful; surname",1,2,6,2,0.8,12,cj-109,10,
cj-110,cangjie,2,110,Lesson 110,第110課,M;S;L;H;U;P;N;R;A;I;G;F;Q,M;L;H;U;N;S;A;G;I;F,A;F;G;H;I;L;M;N;P;Q;R;S;U,u5373,即,U+5373,,,AISL,AL,zik1,"promptly, quickly, immediately",1,2,6,2,0.8,12,cj-109,10,
cj-110,cangjie,2,110,Lesson 110,第110課,M;S;L;H;U;P;N;R;A;I;G;F;Q,M;L;H;U;N;S;A;G;I;F,A;F;G;H;I;L;M;N;P;Q;R;S;U,u5374,却,U+5374,,,GISL,GL,koek3,"still, but; decline; retreat",1,2,6,2,0.8,12,cj-109,10,
cj-110,cangjie,2,110,Lesson 110,第110課,M;S;L;H;U;P;N;R;A;I;G;F;Q,M;L;H;U;N;S;A;G;I;F,A;F;G;H;I;L;M;N;P;Q;R;S;U,u5375,卵,U+5375,,,HHSLI,HI,leon2,egg; ovum; roe; spawn,1,2,6,2,0.8,12,cj-109,10,
cj-110,cangjie,2,110,Lesson 110,第110課,M;S;L;H;U;P;N;R;A;I;G;F;Q,M;L;H;U;N;S;A;G;I;F,A;F;G;H;I;L;M;N;P;Q;R;S;U,u5377,卷,U+5377,,,FQSU,FU,gyun2,scroll; curl; make a comeback,1,2,6,2,0.8,12,cj-109,10,
cj-111,cangjie,2,111,Lesson 111,第111課,O;M;S;L;H;T;N;E;U;C;R;P;A;I;D,O;L;H;N;U;C;M;D,A;C;D;E;H;I;L;M;N;O;P;R;S;T;U,u5378,卸,U+5378,,,OMSL,OL,se3,lay down; retire from office,1,2,6,2,0.8,12,cj-110,10,
cj-111,cangjie,2,111,Lesson 111,第111課,O;M;S;L;H;T;N;E;U;C;R;P;A;I;D,O;L;H;N;U;C;M;D,A;C;D;E;H;I;L;M;N;O;P;R;S;T;U,u5379,卹,U+5379,,,HTSL,HL,seot1,"sympathy, pity; comfort",1,2,6,2,0.8,12,cj-110,10,
cj-111,cangjie,2,111,Lesson 111,第111課,O;M;S;L;H;T;N;E;U;C;R;P;A;I;D,O;L;H;N;U;C;M;D,A;C;D;E;H;I;L;M;N;O;P;R;S;T;U,u537a,卺,U+537A,,,NEMSU,NU,gan2,(nuptial) winecups,1,2,6,2,0.8,12,cj-110,10,
cj-111,cangjie,2,111,Lesson 111,第111課,O;M;S;L;H;T;N;E;U;C;R;P;A;I;D,O;L;H;N;U;C;M;D,A;C;D;E;H;I;L;M;N;O;P;R;S;T;U,u537b,卻,U+537B,,,CRSL,CL,koek3,"still, but; decline; retreat",1,2,6,2,0.8,12,cj-110,10,
cj-111,cangjie,2,111,Lesson 111,第111課,O;M;S;L;H;T;N;E;U;C;R;P;A;I;D,O;L;H;N;U;C;M;D,A;C;D;E;H;I;L;M;N;O;P;R;S;T;U,u537c,卼,U+537C,,,MUNMU,MU,ngat6,unsteady; dangerous,1,2,6,2,0.8,12,cj-110,10,
cj-111,cangjie,2,111,Lesson 111,第111課,O;M;S;L;H;T;N;E;U;C;R;P;A;I;D,O;L;H;N;U;C;M;D,A;C;D;E;H;I;L;M;N;O;P;R;S;T;U,u537d,卽,U+537D,,,HPSL,HL,zik1,promptly,1,2,6,2,0.8,12,cj-110,10,
cj-111,cangjie,2,111,Lesson 111,第111課,O;M;S;L;H;T;N;E;U;C;R;P;A;I;D,O;L;H;N;U;C;M;D,A;C;D;E;H;I;L;M;N;O;P;R;S;T;U,u537f,卿,U+537F,,,HHAIL,HL,hing1,"noble, high officer",1,2,6,2,0.8,12,cj-110,10,
cj-111,cangjie,2,111,Lesson 111,第111課,O;M;S;L;H;T;N;E;U;C;R;P;A;I;D,O;L;H;N;U;C;M;D,A;C;D;E;H;I;L;M;N;O;P;R;S;T;U,u5380,厀,U+5380,,,DESL,DL,sat1,knee,1,2,6,2,0.8,12,cj-110,10,
cj-111,cangjie,2,111,Lesson 111,第111課,O;M;S;L;H;T;N;E;U;C;R;P;A;I;D,O;L;H;N;U;C;M;D,A;C;D;E;H;I;L;M;N;O;P;R;S;T;U,u5382,厂,U+5382,,,MH,MH,cong2,"factory, workshop; radical 27",1,2,6,2,0.8,12,cj-110,10,
cj-111,cangjie,2,111,Lesson 111,第111課,O;M;S;L;H;T;N;E;U;C;R;P;A;I;D,O;L;H;N;U;C;M;D,A;C;D;E;H;I;L;M;N;O;P;R;S;T;U,u5383,厃,U+5383,,,NM,NM,ngai5,to look upward,1,2,6,2,0.8,12,cj-110,10,
cj-112,cangjie,2,112,Lesson 112,第112課,M;S;U;N;K;G;I;Q;H;P,M;U;N;S;I;K;Q;P;G,G;H;I;K;M;N;P;Q;S;U,u5384,厄,U+5384,,,MSU,MU,ak1,"adversity, difficulty, distress",1,2,6,2,0.8,12,cj-111,10,
cj-112,cangjie,2,112,Lesson 112,第112課,M;S;U;N;K;G;I;Q;H;P,M;U;N;S;I;K;Q;P;G,G;H;I;K;M;N;P;Q;S;U,u5385,厅,U+5385,,,MMN,MN,teng1,"hall, central room",1,2,6,2,0.8,12,cj-111,10,
cj-112,cangjie,2,112,Lesson 112,第112課,M;S;U;N;K;G;I;Q;H;P,M;U;N;S;I;K;Q;P;G,G;H;I;K;M;N;P;Q;S;U,u5386,历,U+5386,,,MKS,MS,lik6,history; calendar,1,2,6,2,0.8,12,cj-111,10,
cj-112,cangjie,2,112,Lesson 112,第112課,M;S;U;N;K;G;I;Q;H;P,M;U;N;S;I;K;Q;P;G,G;H;I;K;M;N;P;Q;S;U,u5389,厉,U+5389,,,MMS,MS,lai6,"whetstone; grind, sharpen; whet",1,2,6,2,0.8,12,cj-111,10,
cj-112,cangjie,2,112,Lesson 112,第112課,M;S;U;N;K;G;I;Q;H;P,M;U;N;S;I;K;Q;P;G,G;H;I;K;M;N;P;Q;S;U,u538b,压,U+538B,,,MGI,MI,aat3,press; oppress; crush; pressure,1,2,6,2,0.8,12,cj-111,10,
cj-112,cangjie,2,112,Lesson 112,第112課,M;S;U;N;K;G;I;Q;H;P,M;U;N;S;I;K;Q;P;G,G;H;I;K;M;N;P;Q;S;U,u538c,厌,U+538C,,,MIK,MK,jim3,"dislike, detest, reject; satiate",1,2,6,2,0.8,12,cj-111,10,
cj-112,cangjie,2,112,Lesson 112,第112課,M;S;U;N;K;G;I;Q;H;P,M;U;N;S;I;K;Q;P;G,G;H;I;K;M;N;P;Q;S;U,u538d,厍,U+538D,,,MKQ,MQ,se3,surname,1,2,6,2,0.8,12,cj-111,10,
cj-112,cangjie,2,112,Lesson 112,第112課,M;S;U;N;K;G;I;Q;H;P,M;U;N;S;I;K;Q;P;G,G;H;I;K;M;N;P;Q;S;U,u538e,厎,U+538E,,,MHPM,MM,zi2,settle,1,2,6,2,0.8,12,cj-111,10,
cj-112,cangjie,2,112,Lesson 112,第112課,M;S;U;N;K;G;I;Q;H;P,M;U;N;S;I;K;Q;P;G,G;H;I;K;M;N;P;Q;S;U,u5390,厐,U+5390,,,MIKP,MP,pong4,"disorderly, messy; huge, big",1,2,6,2,0.8,12,cj-111,10,
cj-112,cangjie,2,112,Lesson 112,第112課,M;S;U;N;K;G;I;Q;H;P,M;U;N;S;I;K;Q;P;G,G;H;I;K;M;N;P;Q;S;U,u5393,厓,U+5393,,,MGG,MG,ngaai4,"precipice, shore, bank; surname",1,2,6,2,0.8,12,cj-111,10,
cj-113,cangjie,2,113,Lesson 113,第113課,M;I;G;B;O;N;U;H;W;J;A;D;T;F;C,M;G;N;H;J;D;A;F,A;B;C;D;F;G;H;I;J;M;N;O;T;U;W,u5394,厔,U+5394,,,MMIG,MG,zat6,"stop, hinder; place near water",1,2,6,2,0.8,12,cj-112,10,
cj-113,cangjie,2,113,Lesson 113,第113課,M;I;G;B;O;N;U;H;W;J;A;D;T;F;C,M;G;N;H;J;D;A;F,A;B;C;D;F;G;H;I;J;M;N;O;T;U;W,u5395,厕,U+5395,,,MBON,MN,ci3,"mingle with; toilet, lavatory",1,2,6,2,0.8,12,cj-112,10,
cj-113,cangjie,2,113,Lesson 113,第113課,M;I;G;B;O;N;U;H;W;J;A;D;T;F;C,M;G;N;H;J;D;A;F,A;B;C;D;F;G;H;I;J;M;N;O;T;U;W,u5396,厖,U+5396,,,MIUH,MH,pong4,bulky; thick and large; confused,1,2,6,2,0.8,12,cj-112,10,
cj-113,cangjie,2,113,Lesson 113,第113課,M;I;G;B;O;N;U;H;W;J;A;D;T;F;C,M;G;N;H;J;D;A;F,A;B;C;D;F;G;H;I;J;M;N;O;T;U;W,u5398,厘,U+5398,,,MWG,MG,lei4,"manage, control; thousandth part of tael",1,2,6,2,0.8,12,cj-112,10,
cj-113,cangjie,2,113,Lesson 113,第113課,M;I;G;B;O;N;U;H;W;J;A;D;T;F;C,M;G;N;H;J;D;A;F,A;B;C;D;F;G;H;I;J;M;N;O;T;U;W,u5399,厙,U+5399,,,MJWJ,MJ,se3,surname,1,2,6,2,0.8,12,cj-112,10,
cj-113,cangjie,2,113,Lesson 113,第113課,M;I;G;B;O;N;U;H;W;J;A;D;T;F;C,M;G;N;H;J;D;A;F,A;B;C;D;F;G;H;I;J;M;N;O;T;U;W,u539a,厚,U+539A,,,MAND,MD,hau5,thick; substantial; greatly,1,2,6,2,0.8,12,cj-112,10,
cj-113,cangjie,2,113,Lesson 113,第113課,M;I;G;B;O;N;U;H;W;J;A;D;T;F;C,M;G;N;H;J;D;A;F,A;B;C;D;F;G;H;I;J;M;N;O;T;U;W,u539c,厜,U+539C,,,MHJM,MM,seoi4,a mountain peak,1,2,6,2,0.8,12,cj-112,10,
cj-113,cangjie,2,113,Lesson 113,第113課,M;I;G;B;O;N;U;H;W;J;A;D;T;F;C,M;G;N;H;J;D;A;F,A;B;C;D;F;G;H;I;J;M;N;O;T;U;W,u539d,厝,U+539D,,,MTA,MA,cou3,cut or engrave; a grave or tombstone,1,2,6,2,0.8,12,cj-112,10,
cj-113,cangjie,2,113,Lesson 113,第113課,M;I;G;B;O;N;U;H;W;J;A;D;T;F;C,M;G;N;H;J;D;A;F,A;B;C;D;F;G;H;I;J;M;N;O;T;U;W,u539f,原,U+539F,,,MHAF,MF,jyun4,"source, origin, beginning",1,2,6,2,0.8,12,cj-112,10,
cj-113,cangjie,2,113,Lesson 113,第113課,M;I;G;B;O;N;U;H;W;J;A;D;T;F;C,M;G;N;H;J;D;A;F,A;B;C;D;F;G;H;I;J;M;N;O;T;U;W,u53a0,厠,U+53A0,,,MBCN,MN,ci3,"mingle with; toilet, lavatory",1,2,6,2,0.8,12,cj-112,10,
cj-114,cangjie,2,114,Lesson 114,第114課,M;D;B;U;I;K;L;H;T;O;E;A;G;S,M;U;L;D;O;E;I;K,A;B;D;E;G;H;I;K;L;M;O;S;T;U,u53a2,厢,U+53A2,,,MDBU,MU,soeng1,"side-room, wing; theatre box",1,2,6,2,0.8,12,cj-113,10,
cj-114,cangjie,2,114,Lesson 114,第114課,M;D;B;U;I;K;L;H;T;O;E;A;G;S,M;U;L;D;O;E;I;K,A;B;D;E;G;H;I;K;L;M;O;S;T;U,u53a3,厣,U+53A3,,,MIKL,ML,jim2,shell,1,2,6,2,0.8,12,cj-113,10,
cj-114,cangjie,2,114,Lesson 114,第114課,M;D;B;U;I;K;L;H;T;O;E;A;G;S,M;U;L;D;O;E;I;K,A;B;D;E;G;H;I;K;L;M;O;S;T;U,u53a4,厤,U+53A4,,,MHDD,MD,lik6,to calculate; the calendar,1,2,6,2,0.8,12,cj-113,10,
cj-114,cangjie,2,114,Lesson 114,第114課,M;D;B;U;I;K;L;H;T;O;E;A;G;S,M;U;L;D;O;E;I;K,A;B;D;E;G;H;I;K;L;M;O;S;T;U,u53a5,厥,U+53A5,,,MTUO,MO,kyut3,"personal pronoun he, she, it",1,2,6,2,0.8,12,cj-113,10,
cj-114,cangjie,2,114,Lesson 114,第114課,M;D;B;U;I;K;L;H;T;O;E;A;G;S,M;U;L;D;O;E;I;K,A;B;D;E;G;H;I;K;L;M;O;S;T;U,u53a6,厦,U+53A6,,,MMUE,ME,haa6,"big building, mansion",1,2,6,2,0.8,12,cj-113,10,
cj-114,cangjie,2,114,Lesson 114,第114課,M;D;B;U;I;K;L;H;T;O;E;A;G;S,M;U;L;D;O;E;I;K,A;B;D;E;G;H;I;K;L;M;O;S;T;U,u53a8,厨,U+53A8,,,MMTI,MI,cyu4,kitchen; closet; cupboard,1,2,6,2,0.8,12,cj-113,10,
cj-114,cangjie,2,114,Lesson 114,第114課,M;D;B;U;I;K;L;H;T;O;E;A;G;S,M;U;L;D;O;E;I;K,A;B;D;E;G;H;I;K;L;M;O;S;T;U,u53a9,厩,U+53A9,,,MAIU,MU,gau3,stable; barnyard,1,2,6,2,0.8,12,cj-113,10,
cj-114,cangjie,2,114,Lesson 114,第114課,M;D;B;U;I;K;L;H;T;O;E;A;G;S,M;U;L;D;O;E;I;K,A;B;D;E;G;H;I;K;L;M;O;S;T;U,u53aa,厪,U+53AA,,,MTLM,MM,kan4,a hut; careful,1,2,6,2,0.8,12,cj-113,10,
cj-114,cangjie,2,114,Lesson 114,第114課,M;D;B;U;I;K;L;H;T;O;E;A;G;S,M;U;L;D;O;E;I;K,A;B;D;E;G;H;I;K;L;M;O;S;T;U,u53ab,厫,U+53AB,,,MGSK,MK,ngou4,granary,1,2,6,2,0.8,12,cj-113,10,
cj-114,cangjie,2,114,Lesson 114,第114課,M;D;B;U;I;K;L;H;T;O;E;A;G;S,M;U;L;D;O;E;I;K,A;B;D;E;G;H;I;K;L;M;O;S;T;U,u53ad,厭,U+53AD,,,MABK,MK,jim3,"dislike, detest, reject; satiate",1,2,6,2,0.8,12,cj-113,10,
cj-115,cangjie,2,115,Lesson 115,第115課,M;T;C;L;F;B;K;W;J;V;I;N,M;L;K;B;F;V;I,B;C;F;I;J;K;L;M;N;T;V;W,u53ae,厮,U+53AE,,,MTCL,ML,si1,servant; to make a disturbance,1,2,6,2,0.8,12,cj-114,10,
cj-115,cangjie,2,115,Lesson 115,第115課,M;T;C;L;F;B;K;W;J;V;I;N,M;L;K;B;F;V;I,B;C;F;I;J;K;L;M;N;T;V;W,u53b0,厰,U+53B0,,,MFBK,MK,cong2,"factory, plant, workshop, mill",1,2,6,2,0.8,12,cj-114,10,
cj-115,cangjie,2,115,Lesson 115,第115課,M;T;C;L;F;B;K;W;J;V;I;N,M;L;K;B;F;V;I,B;C;F;I;J;K;L;M;N;T;V;W,u53b2,厲,U+53B2,,,MTWB,MB,lai6,"whetstone; grind, sharpen; whet",1,2,6,2,0.8,12,cj-114,10,
cj-115,cangjie,2,115,Lesson 115,第115課,M;T;C;L;F;B;K;W;J;V;I;N,M;L;K;B;F;V;I,B;C;F;I;J;K;L;M;N;T;V;W,u53b3,厳,U+53B3,,,FMMJK,FK,jim4,"strict, rigorous, rigid; stern",1,2,6,2,0.8,12,cj-114,10,
cj-115,cangjie,2,115,Lesson 115,第115課,M;T;C;L;F;B;K;W;J;V;I;N,M;L;K;B;F;V;I,B;C;F;I;J;K;L;M;N;T;V;W,u53b4,厴,U+53B4,,,MKWL,ML,jim2,shell,1,2,6,2,0.8,12,cj-114,10,
cj-115,cangjie,2,115,Lesson 115,第115課,M;T;C;L;F;B;K;W;J;V;I;N,M;L;K;B;F;V;I,B;C;F;I;J;K;L;M;N;T;V;W,u53b5,厵,U+53B5,,,MFMFF,MF,jyun4,a spring; source,1,2,6,2,0.8,12,cj-114,10,
cj-115,cangjie,2,115,Lesson 115,第115課,M;T;C;L;F;B;K;W;J;V;I;N,M;L;K;B;F;V;I,B;C;F;I;J;K;L;M;N;T;V;W,u53b6,厶,U+53B6,,,VI,VI,si1,"private, secret; Kangxi radical 28",1,2,6,2,0.8,12,cj-114,10,
cj-115,cangjie,2,115,Lesson 115,第115課,M;T;C;L;F;B;K;W;J;V;I;N,M;L;K;B;F;V;I,B;C;F;I;J;K;L;M;N;T;V;W,u53b7,厷,U+53B7,,,KI,KI,gwang1,the fore-arm; most Chinese-English dictionaries give the upper-arm; round,1,2,6,2,0.8,12,cj-114,10,
cj-115,cangjie,2,115,Lesson 115,第115課,M;T;C;L;F;B;K;W;J;V;I;N,M;L;K;B;F;V;I,B;C;F;I;J;K;L;M;N;T;V;W,u53b9,厹,U+53B9,,,KNI,KI,kau4,spear; tribe,1,2,6,2,0.8,12,cj-114,10,
cj-115,cangjie,2,115,Lesson 115,第115課,M;T;C;L;F;B;K;W;J;V;I;N,M;L;K;B;F;V;I,B;C;F;I;J;K;L;M;N;T;V;W,u53ba,厺,U+53BA,,,KI,KI,heoi3,to go; depart,1,2,6,2,0.8,12,cj-114,10,
cj-116,cangjie,2,116,Lesson 116,第116課,G;I;F;N;B;M;K;H;P;E,G;I;F;N;B;M;H;P;E,B;E;F;G;H;I;K;M;N;P,u53bb,去,U+53BB,,,GI,GI,heoi3,"go away, leave, depart",1,2,6,2,0.8,12,cj-115,10,
cj-116,cangjie,2,116,Lesson 116,第116課,G;I;F;N;B;M;K;H;P;E,G;I;F;N;B;M;H;P;E,B;E;F;G;H;I;K;M;N;P,u53bc,厼,U+53BC,,,IF,IF,ji5,kwukyel,1,2,6,2,0.8,12,cj-115,10,
cj-116,cangjie,2,116,Lesson 116,第116課,G;I;F;N;B;M;K;H;P;E,G;I;F;N;B;M;H;P;E,B;E;F;G;H;I;K;M;N;P,u53be,厾,U+53BE,,,NGI,NI,duk1,lightly tap; through away; drop; sentence final particle,1,2,6,2,0.8,12,cj-115,10,
cj-116,cangjie,2,116,Lesson 116,第116課,G;I;F;N;B;M;K;H;P;E,G;I;F;N;B;M;H;P;E,B;E;F;G;H;I;K;M;N;P,u53bf,县,U+53BF,,,BMI,BI,jyun6,"county, district, subdivision",1,2,6,2,0.8,12,cj-115,10,
cj-116,cangjie,2,116,Lesson 116,第116課,G;I;F;N;B;M;K;H;P;E,G;I;F;N;B;M;H;P;E,B;E;F;G;H;I;K;M;N;P,u53c1,叁,U+53C1,,,IKMMM,IM,saam1,bank form of numeral 'three',1,2,6,2,0.8,12,cj-115,10,
cj-116,cangjie,2,116,Lesson 116,第116課,G;I;F;N;B;M;K;H;P;E,G;I;F;N;B;M;H;P;E,B;E;F;G;H;I;K;M;N;P,u53c2,参,U+53C2,,,IKHHH,IH,caam1,"take part in, intervene; ginseng; 21st lunar mansion, determinative star ζ Orionis (Alnitak)",1,2,6,2,0.8,12,cj-115,10,
cj-116,cangjie,2,116,Lesson 116,第116課,G;I;F;N;B;M;K;H;P;E,G;I;F;N;B;M;H;P;E,B;E;F;G;H;I;K;M;N;P,u53c3,參,U+53C3,,,IIIH,IH,caam1,"take part in, intervene; ginseng",1,2,6,2,0.8,12,cj-115,10,
cj-116,cangjie,2,116,Lesson 116,第116課,G;I;F;N;B;M;K;H;P;E,G;I;F;N;B;M;H;P;E,B;E;F;G;H;I;K;M;N;P,u53c4,叄,U+53C4,,,IIIM,IM,caam1,"take part in, intervene; ginseng",1,2,6,2,0.8,12,cj-115,10,
cj-116,cangjie,2,116,Lesson 116,第116課,G;I;F;N;B;M;K;H;P;E,G;I;F;N;B;M;H;P;E,B;E;F;G;H;I;K;M;N;P,u53c5,叅,U+53C5,,,IIIP,IP,caam1,"to counsel, to consult together; to take part in; to intervene",1,2,6,2,0.8,12,cj-115,10,
cj-116,cangjie,2,116,Lesson 116,第116課,G;I;F;N;B;M;K;H;P;E,G;I;F;N;B;M;H;P;E,B;E;F;G;H;I;K;M;N;P,u53c6,叆,U+53C6,,,MIBBE,ME,oi2,"cloudy sky; dark, obscure",1,2,6,2,0.8,12,cj-115,10,
cj-117,cangjie,2,117,Lesson 117,第117課,M;I;Y;L;E;N;K;H;V,M;E;N;K;I;H;V,E;H;I;K;L;M;N;V;Y,u53c7,叇,U+53C7,,,MIYLE,ME,doi6,cloudy sky; not clear; dark,1,2,6,2,0.8,12,cj-116,10,
cj-117,cangjie,2,117,Lesson 117,第117課,M;I;Y;L;E;N;K;H;V,M;E;N;K;I;H;V,E;H;I;K;L;M;N;V;Y,u53c8,又,U+53C8,,,NK,NK,jau6,"and, also, again, in addition",1,2,6,2,0.8,12,cj-116,10,
cj-117,cangjie,2,117,Lesson 117,第117課,M;I;Y;L;E;N;K;H;V,M;E;N;K;I;H;V,E;H;I;K;L;M;N;V;Y,u53c9,叉,U+53C9,,,EI,EI,caa1,"crotch; fork, prong",1,2,6,2,0.8,12,cj-116,10,
cj-117,cangjie,2,117,Lesson 117,第117課,M;I;Y;L;E;N;K;H;V,M;E;N;K;I;H;V,E;H;I;K;L;M;N;V;Y,u53ca,及,U+53CA,,,NHE,NE,kap6,extend; reach; come up to; and,1,2,6,2,0.8,12,cj-116,10,
cj-117,cangjie,2,117,Lesson 117,第117課,M;I;Y;L;E;N;K;H;V,M;E;N;K;I;H;V,E;H;I;K;L;M;N;V;Y,u53cb,友,U+53CB,,,KE,KE,jau5,"friend, companion; fraternity",1,2,6,2,0.8,12,cj-116,10,
cj-117,cangjie,2,117,Lesson 117,第117課,M;I;Y;L;E;N;K;H;V,M;E;N;K;I;H;V,E;H;I;K;L;M;N;V;Y,u53cc,双,U+53CC,,,EE,EE,soeng1,"set of two, pair, couple; both",1,2,6,2,0.8,12,cj-116,10,
cj-117,cangjie,2,117,Lesson 117,第117課,M;I;Y;L;E;N;K;H;V,M;E;N;K;I;H;V,E;H;I;K;L;M;N;V;Y,u53cd,反,U+53CD,,,HE,HE,faan2,"reverse, opposite, contrary, anti",1,2,6,2,0.8,12,cj-116,10,
cj-117,cangjie,2,117,Lesson 117,第117課,M;I;Y;L;E;N;K;H;V,M;E;N;K;I;H;V,E;H;I;K;L;M;N;V;Y,u53ce,収,U+53CE,,,VLE,VE,sau1,"gather together, collect; harvest",1,2,6,2,0.8,12,cj-116,10,
cj-117,cangjie,2,117,Lesson 117,第117課,M;I;Y;L;E;N;K;H;V,M;E;N;K;I;H;V,E;H;I;K;L;M;N;V;Y,u53d0,叐,U+53D0,,,HKE,HE,bat6,to prick a dog to make him go,1,2,6,2,0.8,12,cj-116,10,
cj-117,cangjie,2,117,Lesson 117,第117課,M;I;Y;L;E;N;K;H;V,M;E;N;K;I;H;V,E;H;I;K;L;M;N;V;Y,u53d1,发,U+53D1,,,IVKE,IE,faat3,"issue, dispatch, send out; hair",1,2,6,2,0.8,12,cj-116,10,
cj-118,cangjie,2,118,Lesson 118,第118課,E;J;L;Y;F;S;B;C;O;D;R;Q;H,E;J;Y;S;B;O;R;F,B;C;D;E;F;H;J;L;O;Q;R;S;Y,u53d2,叒,U+53D2,,,EEE,EE,joek6,obedient; united,1,2,6,2,0.8,12,cj-117,10,
cj-118,cangjie,2,118,Lesson 118,第118課,E;J;L;Y;F;S;B;C;O;D;R;Q;H,E;J;Y;S;B;O;R;F,B;C;D;E;F;H;J;L;O;Q;R;S;Y,u53d3,叓,U+53D3,,,JLE,JE,si6,"affair, matter; work",1,2,6,2,0.8,12,cj-117,10,
cj-118,cangjie,2,118,Lesson 118,第118課,E;J;L;Y;F;S;B;C;O;D;R;Q;H,E;J;Y;S;B;O;R;F,B;C;D;E;F;H;J;L;O;Q;R;S;Y,u53d4,叔,U+53D4,,,YFE,YE,suk1,father's younger brother,1,2,6,2,0.8,12,cj-117,10,
cj-118,cangjie,2,118,Lesson 118,第118課,E;J;L;Y;F;S;B;C;O;D;R;Q;H,E;J;Y;S;B;O;R;F,B;C;D;E;F;H;J;L;O;Q;R;S;Y,u53d5,叕,U+53D5,,,EEEE,EE,zyut3,to connect,1,2,6,2,0.8,12,cj-117,10,
cj-118,cangjie,2,118,Lesson 118,第118課,E;J;L;Y;F;S;B;C;O;D;R;Q;H,E;J;Y;S;B;O;R;F,B;C;D;E;F;H;J;L;O;Q;R;S;Y,u53d6,取,U+53D6,,,SJE,SE,ceoi2,"take, receive, obtain; select",1,2,6,2,0.8,12,cj-117,10,
cj-118,cangjie,2,118,Lesson 118,第118課,E;J;L;Y;F;S;B;C;O;D;R;Q;H,E;J;Y;S;B;O;R;F,B;C;D;E;F;H;J;L;O;Q;R;S;Y,u53d7,受,U+53D7,,,BBE,BE,sau6,"receive, accept, get; bear, stand",1,2,6,2,0.8,12,cj-117,10,
cj-118,cangjie,2,118,Lesson 118,第118課,E;J;L;Y;F;S;B;C;O;D;R;Q;H,E;J;Y;S;B;O;R;F,B;C;D;E;F;H;J;L;O;Q;R;S;Y,u53d8,变,U+53D8,,,YCE,YE,bin3,"change, transform, alter; rebel",1,2,6,2,0.8,12,cj-117,10,
cj-118,cangjie,2,118,Lesson 118,第118課,E;J;L;Y;F;S;B;C;O;D;R;Q;H,E;J;Y;S;B;O;R;F,B;C;D;E;F;H;J;L;O;Q;R;S;Y,u53d9,叙,U+53D9,,,ODE,OE,zeoi6,"express, state, relate, narrate",1,2,6,2,0.8,12,cj-117,10,
cj-118,cangjie,2,118,Lesson 118,第118課,E;J;L;Y;F;S;B;C;O;D;R;Q;H,E;J;Y;S;B;O;R;F,B;C;D;E;F;H;J;L;O;Q;R;S;Y,u53da,叚,U+53DA,,,RSSE,RE,gaa2,false,1,2,6,2,0.8,12,cj-117,10,
cj-118,cangjie,2,118,Lesson 118,第118課,E;J;L;Y;F;S;B;C;O;D;R;Q;H,E;J;Y;S;B;O;R;F,B;C;D;E;F;H;J;L;O;Q;R;S;Y,u53db,叛,U+53DB,,,FQHE,FE,bun6,rebel; rebellion; rebellious,1,2,6,2,0.8,12,cj-117,10,
cj-119,cangjie,2,119,Lesson 119,第119課,J;F;E;G;I;S;L;H;X;M;Y;U;T;C;R;P;K,J;E;G;H;M;Y;T;R;P;S,C;E;F;G;H;I;J;K;L;M;P;R;S;T;U;X;Y,u53dc,叜,U+53DC,,,JFE,JE,sau2,old man,1,2,6,2,0.8,12,cj-118,10,
cj-119,cangjie,2,119,Lesson 119,第119課,J;F;E;G;I;S;L;H;X;M;Y;U;T;C;R;P;K,J;E;G;H;M;Y;T;R;P;S,C;E;F;G;H;I;J;K;L;M;P;R;S;T;U;X;Y,u53dd,叝,U+53DD,,,GISLE,GE,gap1,to respectfully inform,1,2,6,2,0.8,12,cj-118,10,
cj-119,cangjie,2,119,Lesson 119,第119課,J;F;E;G;I;S;L;H;X;M;Y;U;T;C;R;P;K,J;E;G;H;M;Y;T;R;P;S,C;E;F;G;H;I;J;K;L;M;P;R;S;T;U;X;Y,u53df,叟,U+53DF,,,HXLE,HE,sau2,old man; elder,1,2,6,2,0.8,12,cj-118,10,
cj-119,cangjie,2,119,Lesson 119,第119課,J;F;E;G;I;S;L;H;X;M;Y;U;T;C;R;P;K,J;E;G;H;M;Y;T;R;P;S,C;E;F;G;H;I;J;K;L;M;P;R;S;T;U;X;Y,u53e0,叠,U+53E0,,,EEEM,EM,dip6,pile; be piled up; fold up,1,2,6,2,0.8,12,cj-118,10,
cj-119,cangjie,2,119,Lesson 119,第119課,J;F;E;G;I;S;L;H;X;M;Y;U;T;C;R;P;K,J;E;G;H;M;Y;T;R;P;S,C;E;F;G;H;I;J;K;L;M;P;R;S;T;U;X;Y,u53e1,叡,U+53E1,,,YUE,YE,jeoi6,"astute, profound, shrewd",1,2,6,2,0.8,12,cj-118,10,
cj-119,cangjie,2,119,Lesson 119,第119課,J;F;E;G;I;S;L;H;X;M;Y;U;T;C;R;P;K,J;E;G;H;M;Y;T;R;P;S,C;E;F;G;H;I;J;K;L;M;P;R;S;T;U;X;Y,u53e2,叢,U+53E2,,,TCTE,TE,cung4,"bush, shrub; thicket; collection",1,2,6,2,0.8,12,cj-118,10,
cj-119,cangjie,2,119,Lesson 119,第119課,J;F;E;G;I;S;L;H;X;M;Y;U;T;C;R;P;K,J;E;G;H;M;Y;T;R;P;S,C;E;F;G;H;I;J;K;L;M;P;R;S;T;U;X;Y,u53e3,口,U+53E3,,,R,R,hau2,"mouth; open end; entrance, gate",1,2,6,2,0.8,12,cj-118,10,
cj-119,cangjie,2,119,Lesson 119,第119課,J;F;E;G;I;S;L;H;X;M;Y;U;T;C;R;P;K,J;E;G;H;M;Y;T;R;P;S,C;E;F;G;H;I;J;K;L;M;P;R;S;T;U;X;Y,u53e4,古,U+53E4,,,JR,JR,gu2,"old, classic, ancient",1,2,6,2,0.8,12,cj-118,10,
cj-119,cangjie,2,119,Lesson 119,第119課,J;F;E;G;I;S;L;H;X;M;Y;U;T;C;R;P;K,J;E;G;H;M;Y;T;R;P;S,C;E;F;G;H;I;J;K;L;M;P;R;S;T;U;X;Y,u53e5,句,U+53E5,,,PR,PR,geoi3,sentence,1,2,6,2,0.8,12,cj-118,10,
cj-119,cangjie,2,119,Lesson 119,第119課,J;F;E;G;I;S;L;H;X;M;Y;U;T;C;R;P;K,J;E;G;H;M;Y;T;R;P;S,C;E;F;G;H;I;J;K;L;M;P;R;S;T;U;X;Y,u53e6,另,U+53E6,,,RKS,RS,ling6,"another, separate, other",1,2,6,2,0.8,12,cj-118,10,
cj-120,cangjie,2,120,Lesson 120,第120課,R;S;H;L;C;V;M;N;I,R;H;L;C;S;N;M;I,C;H;I;L;M;N;R;S;V,u53e7,叧,U+53E7,,,RSH,RH,waa1,to cut meat off away from bones; ancient torture,1,2,6,2,0.8,12,cj-119,10,
cj-120,cangjie,2,120,Lesson 120,第120課,R;S;H;L;C;V;M;N;I,R;H;L;C;S;N;M;I,C;H;I;L;M;N;R;S;V,u53e8,叨,U+53E8,,,RSH,RH,tou1,talkative; quarrelous,1,2,6,2,0.8,12,cj-119,10,
cj-120,cangjie,2,120,Lesson 120,第120課,R;S;H;L;C;V;M;N;I,R;H;L;C;S;N;M;I,C;H;I;L;M;N;R;S;V,u53e9,叩,U+53E9,,,RSL,RL,kau3,"knock, ask; kowtow, bow",1,2,6,2,0.8,12,cj-119,10,
cj-120,cangjie,2,120,Lesson 120,第120課,R;S;H;L;C;V;M;N;I,R;H;L;C;S;N;M;I,C;H;I;L;M;N;R;S;V,u53ea,只,U+53EA,,,RC,RC,zi2,"only, just, simply",1,2,6,2,0.8,12,cj-119,10,
cj-120,cangjie,2,120,Lesson 120,第120課,R;S;H;L;C;V;M;N;I,R;H;L;C;S;N;M;I,C;H;I;L;M;N;R;S;V,u53eb,叫,U+53EB,,,RVL,RL,giu3,"cry, shout; hail, greet, call",1,2,6,2,0.8,12,cj-119,10,
cj-120,cangjie,2,120,Lesson 120,第120課,R;S;H;L;C;V;M;N;I,R;H;L;C;S;N;M;I,C;H;I;L;M;N;R;S;V,u53ec,召,U+53EC,,,SHR,SR,ziu6,imperial decree; summon,1,2,6,2,0.8,12,cj-119,10,
cj-120,cangjie,2,120,Lesson 120,第120課,R;S;H;L;C;V;M;N;I,R;H;L;C;S;N;M;I,C;H;I;L;M;N;R;S;V,u53ed,叭,U+53ED,,,RC,RC,baa1,trumpet,1,2,6,2,0.8,12,cj-119,10,
cj-120,cangjie,2,120,Lesson 120,第120課,R;S;H;L;C;V;M;N;I,R;H;L;C;S;N;M;I,C;H;I;L;M;N;R;S;V,u53ee,叮,U+53EE,,,RMN,RN,ding1,exhort or enjoin repeatedly,1,2,6,2,0.8,12,cj-119,10,
cj-120,cangjie,2,120,Lesson 120,第120課,R;S;H;L;C;V;M;N;I,R;H;L;C;S;N;M;I,C;H;I;L;M;N;R;S;V,u53ef,可,U+53EF,,,MNR,MR,ho2,"may, can, -able; possibly",1,2,6,2,0.8,12,cj-119,10,
cj-120,cangjie,2,120,Lesson 120,第120課,R;S;H;L;C;V;M;N;I,R;H;L;C;S;N;M;I,C;H;I;L;M;N;R;S;V,u53f0,台,U+53F0,,,IR,IR,toi4,platform; unit; term of address,1,2,6,2,0.8,12,cj-119,10,
cj-121,cangjie,2,121,Lesson 121,第121課,R;P;L;K;N;S;J;M;V;E;O,R;P;L;K;S;J;E;O,E;J;K;L;M;N;O;P;R;S;V,u53f1,叱,U+53F1,,,RP,RP,cik1,"scold, shout at, bawl out",1,2,6,2,0.8,12,cj-120,10,
cj-121,cangjie,2,121,Lesson 121,第121課,R;P;L;K;N;S;J;M;V;E;O,R;P;L;K;S;J;E;O,E;J;K;L;M;N;O;P;R;S;V,u53f2,史,U+53F2,,,LK,LK,si2,"history, chronicle, annals",1,2,6,2,0.8,12,cj-120,10,
cj-121,cangjie,2,121,Lesson 121,第121課,R;P;L;K;N;S;J;M;V;E;O,R;P;L;K;S;J;E;O,E;J;K;L;M;N;O;P;R;S;V,u53f3,右,U+53F3,,,KR,KR,jau6,right; west; right-wing,1,2,6,2,0.8,12,cj-120,10,
cj-121,cangjie,2,121,Lesson 121,第121課,R;P;L;K;N;S;J;M;V;E;O,R;P;L;K;S;J;E;O,E;J;K;L;M;N;O;P;R;S;V,u53f4,叴,U+53F4,,,KNR,KR,kau4,a three-edged spear,1,2,6,2,0.8,12,cj-120,10,
cj-121,cangjie,2,121,Lesson 121,第121課,R;P;L;K;N;S;J;M;V;E;O,R;P;L;K;S;J;E;O,E;J;K;L;M;N;O;P;R;S;V,u53f5,叵,U+53F5,,,SR,SR,po2,"cannot, be unable do, improbable; thereupon",1,2,6,2,0.8,12,cj-120,10,
cj-121,cangjie,2,121,Lesson 121,第121課,R;P;L;K;N;S;J;M;V;E;O,R;P;L;K;S;J;E;O,E;J;K;L;M;N;O;P;R;S;V,u53f6,叶,U+53F6,,,RJ,RJ,jip6,"to harmonize, to rhyme; to unite; (borrowed for) leaf",1,2,6,2,0.8,12,cj-120,10,
cj-121,cangjie,2,121,Lesson 121,第121課,R;P;L;K;N;S;J;M;V;E;O,R;P;L;K;S;J;E;O,E;J;K;L;M;N;O;P;R;S;V,u53f7,号,U+53F7,,,RMVS,RS,hou6,"mark, sign; symbol; number",1,2,6,2,0.8,12,cj-120,10,
cj-121,cangjie,2,121,Lesson 121,第121課,R;P;L;K;N;S;J;M;V;E;O,R;P;L;K;S;J;E;O,E;J;K;L;M;N;O;P;R;S;V,u53f8,司,U+53F8,,,SMR,SR,si1,"take charge of, control, manage; officer",1,2,6,2,0.8,12,cj-120,10,
cj-121,cangjie,2,121,Lesson 121,第121課,R;P;L;K;N;S;J;M;V;E;O,R;P;L;K;S;J;E;O,E;J;K;L;M;N;O;P;R;S;V,u53f9,叹,U+53F9,,,RE,RE,taan3,"sigh, admire",1,2,6,2,0.8,12,cj-120,10,
cj-121,cangjie,2,121,Lesson 121,第121課,R;P;L;K;N;S;J;M;V;E;O,R;P;L;K;S;J;E;O,E;J;K;L;M;N;O;P;R;S;V,u53fa,叺,U+53FA,,,RO,RO,cek3,a straw bag; a tobacco pouch,1,2,6,2,0.8,12,cj-120,10,
cj-122,cangjie,2,122,Lesson 122,第122課,R;K;S;M;H;N;D;O;E;V;I;G,R;S;M;N;D;H;I;O;G,D;E;G;H;I;K;M;N;O;R;S;V,u53fb,叻,U+53FB,,,RKS,RS,lak6,"used in place names; (Cant.) smart, clever",1,2,6,2,0.8,12,cj-121,10,
cj-122,cangjie,2,122,Lesson 122,第122課,R;K;S;M;H;N;D;O;E;V;I;G,R;S;M;N;D;H;I;O;G,D;E;G;H;I;K;M;N;O;R;S;V,u53fc,叼,U+53FC,,,RSM,RM,diu1,hold in mouth,1,2,6,2,0.8,12,cj-121,10,
cj-122,cangjie,2,122,Lesson 122,第122課,R;K;S;M;H;N;D;O;E;V;I;G,R;S;M;N;D;H;I;O;G,D;E;G;H;I;K;M;N;O;R;S;V,u53fd,叽,U+53FD,,,RHN,RN,gei1,sigh in disapproval; take small,1,2,6,2,0.8,12,cj-121,10,
cj-122,cangjie,2,122,Lesson 122,第122課,R;K;S;M;H;N;D;O;E;V;I;G,R;S;M;N;D;H;I;O;G,D;E;G;H;I;K;M;N;O;R;S;V,u53fe,叾,U+53FE,,,NNR,NR,duk1,"西貢叾, a place in Hong Kong",1,2,6,2,0.8,12,cj-121,10,
cj-122,cangjie,2,122,Lesson 122,第122課,R;K;S;M;H;N;D;O;E;V;I;G,R;S;M;N;D;H;I;O;G,D;E;G;H;I;K;M;N;O;R;S;V,u5401,吁,U+5401,,,RMD,RD,heoi1,interjection 'Alas!'; to sigh,1,2,6,2,0.8,12,cj-121,10,
cj-122,cangjie,2,122,Lesson 122,第122課,R;K;S;M;H;N;D;O;E;V;I;G,R;S;M;N;D;H;I;O;G,D;E;G;H;I;K;M;N;O;R;S;V,u5403,吃,U+5403,,,RON,RN,hek3,"eat; drink; suffer, endure, bear",1,2,6,2,0.8,12,cj-121,10,
cj-122,cangjie,2,122,Lesson 122,第122課,R;K;S;M;H;N;D;O;E;V;I;G,R;S;M;N;D;H;I;O;G,D;E;G;H;I;K;M;N;O;R;S;V,u5404,各,U+5404,,,HER,HR,gok3,"each, individually, every, all",1,2,6,2,0.8,12,cj-121,10,
cj-122,cangjie,2,122,Lesson 122,第122課,R;K;S;M;H;N;D;O;E;V;I;G,R;S;M;N;D;H;I;O;G,D;E;G;H;I;K;M;N;O;R;S;V,u5406,吆,U+5406,,,RVI,RI,jiu1,"bawl, yell, shout, cry out",1,2,6,2,0.8,12,cj-121,10,
cj-122,cangjie,2,122,Lesson 122,第122課,R;K;S;M;H;N;D;O;E;V;I;G,R;S;M;N;D;H;I;O;G,D;E;G;H;I;K;M;N;O;R;S;V,u5408,合,U+5408,,,OMR,OR,hap6,"combine, unite, join; gather",1,2,6,2,0.8,12,cj-121,10,
cj-122,cangjie,2,122,Lesson 122,第122課,R;K;S;M;H;N;D;O;E;V;I;G,R;S;M;N;D;H;I;O;G,D;E;G;H;I;K;M;N;O;R;S;V,u5409,吉,U+5409,,,GR,GR,gat1,"lucky, propitious, good",1,2,6,2,0.8,12,cj-121,10,
cj-123,cangjie,2,123,Lesson 123,第123課,R;L;B;D;I;M;N;H;J;K;G;P;Y,R;B;I;N;H;J;K;G;P;Y,B;D;G;H;I;J;K;L;M;N;P;R;Y,u540a,吊,U+540A,,,RLB,RB,diu3,"condole, mourn, pity; hang",1,2,6,2,0.8,12,cj-122,10,
cj-123,cangjie,2,123,Lesson 123,第123課,R;L;B;D;I;M;N;H;J;K;G;P;Y,R;B;I;N;H;J;K;G;P;Y,B;D;G;H;I;J;K;L;M;N;P;R;Y,u540b,吋,U+540B,,,RDI,RI,cyun3,English inch (寸 can be either an English or Chinese inch),1,2,6,2,0.8,12,cj-122,10,
cj-123,cangjie,2,123,Lesson 123,第123課,R;L;B;D;I;M;N;H;J;K;G;P;Y,R;B;I;N;H;J;K;G;P;Y,B;D;G;H;I;J;K;L;M;N;P;R;Y,u540c,同,U+540C,,,BMR,BR,tung4,"same, similar; together with",1,2,6,2,0.8,12,cj-122,10,
cj-123,cangjie,2,123,Lesson 123,第123課,R;L;B;D;I;M;N;H;J;K;G;P;Y,R;B;I;N;H;J;K;G;P;Y,B;D;G;H;I;J;K;L;M;N;P;R;Y,u540d,名,U+540D,,,NIR,NR,ming4,"name, rank, title, position",1,2,6,2,0.8,12,cj-122,10,
cj-123,cangjie,2,123,Lesson 123,第123課,R;L;B;D;I;M;N;H;J;K;G;P;Y,R;B;I;N;H;J;K;G;P;Y,B;D;G;H;I;J;K;L;M;N;P;R;Y,u540e,后,U+540E,,,HMR,HR,hau6,"queen, empress, sovereign; (simp. for 後) behind, rear, after",1,2,6,2,0.8,12,cj-122,10,
cj-123,cangjie,2,123,Lesson 123,第123課,R;L;B;D;I;M;N;H;J;K;G;P;Y,R;B;I;N;H;J;K;G;P;Y,B;D;G;H;I;J;K;L;M;N;P;R;Y,u540f,吏,U+540F,,,JLK,JK,lei6,"government official, magistrate",1,2,6,2,0.8,12,cj-122,10,
cj-123,cangjie,2,123,Lesson 123,第123課,R;L;B;D;I;M;N;H;J;K;G;P;Y,R;B;I;N;H;J;K;G;P;Y,B;D;G;H;I;J;K;L;M;N;P;R;Y,u5410,吐,U+5410,,,RG,RG,tou3,"vomit, spew out, cough up",1,2,6,2,0.8,12,cj-122,10,
cj-123,cangjie,2,123,Lesson 123,第123課,R;L;B;D;I;M;N;H;J;K;G;P;Y,R;B;I;N;H;J;K;G;P;Y,B;D;G;H;I;J;K;L;M;N;P;R;Y,u5411,向,U+5411,,,HBR,HR,hoeng3,"toward, direction, trend",1,2,6,2,0.8,12,cj-122,10,
cj-123,cangjie,2,123,Lesson 123,第123課,R;L;B;D;I;M;N;H;J;K;G;P;Y,R;B;I;N;H;J;K;G;P;Y,B;D;G;H;I;J;K;L;M;N;P;R;Y,u5412,吒,U+5412,,,RHP,RP,zaa1,"shout, roar, bellow; scold",1,2,6,2,0.8,12,cj-122,10,
cj-123,cangjie,2,123,Lesson 123,第123課,R;L;B;D;I;M;N;H;J;K;G;P;Y,R;B;I;N;H;J;K;G;P;Y,B;D;G;H;I;J;K;L;M;N;P;R;Y,u5413,吓,U+5413,,,RMY,RY,haak3,"scare, frighten; intimidate",1,2,6,2,0.8,12,cj-122,10,
cj-124,cangjie,2,124,Lesson 124,第124課,R;P;D;C;L;N;V;M;S;K;Y;O;I,R;D;L;M;K;S;Y;N,C;D;I;K;L;M;N;O;P;R;S;V;Y,u5414,吔,U+5414,,,RPD,RD,jaa1,(Cant.) an interjection; phonetic,1,2,6,2,0.8,12,cj-123,10,
cj-124,cangjie,2,124,Lesson 124,第124課,R;P;D;C;L;N;V;M;S;K;Y;O;I,R;D;L;M;K;S;Y;N,C;D;I;K;L;M;N;O;P;R;S;V;Y,u5415,吕,U+5415,,,RR,RR,leoi5,surname; a musical note,1,2,6,2,0.8,12,cj-123,10,
cj-124,cangjie,2,124,Lesson 124,第124課,R;P;D;C;L;N;V;M;S;K;Y;O;I,R;D;L;M;K;S;Y;N,C;D;I;K;L;M;N;O;P;R;S;V;Y,u5416,吖,U+5416,,,RCL,RL,aa1,used in translation; (Cant.) final particle,1,2,6,2,0.8,12,cj-123,10,
cj-124,cangjie,2,124,Lesson 124,第124課,R;P;D;C;L;N;V;M;S;K;Y;O;I,R;D;L;M;K;S;Y;N,C;D;I;K;L;M;N;O;P;R;S;V;Y,u5417,吗,U+5417,,,RNVM,RM,maa3,final interrogative particle,1,2,6,2,0.8,12,cj-123,10,
cj-124,cangjie,2,124,Lesson 124,第124課,R;P;D;C;L;N;V;M;S;K;Y;O;I,R;D;L;M;K;S;Y;N,C;D;I;K;L;M;N;O;P;R;S;V;Y,u541a,吚,U+541A,,,RSK,RK,ji1,used to represent sound,1,2,6,2,0.8,12,cj-123,10,
cj-124,cangjie,2,124,Lesson 124,第124課,R;P;D;C;L;N;V;M;S;K;Y;O;I,R;D;L;M;K;S;Y;N,C;D;I;K;L;M;N;O;P;R;S;V;Y,u541b,君,U+541B,,,SKR,SR,gwan1,"sovereign, monarch, ruler, chief, prince",1,2,6,2,0.8,12,cj-123,10,
cj-124,cangjie,2,124,Lesson 124,第124課,R;P;D;C;L;N;V;M;S;K;Y;O;I,R;D;L;M;K;S;Y;N,C;D;I;K;L;M;N;O;P;R;S;V;Y,u541d,吝,U+541D,,,YKR,YR,leon6,"stingy, miserly, parsimonious",1,2,6,2,0.8,12,cj-123,10,
cj-124,cangjie,2,124,Lesson 124,第124課,R;P;D;C;L;N;V;M;S;K;Y;O;I,R;D;L;M;K;S;Y;N,C;D;I;K;L;M;N;O;P;R;S;V;Y,u541e,吞,U+541E,,,MKR,MR,tan1,"swallow; absorb, annex, engulf",1,2,6,2,0.8,12,cj-123,10,
cj-124,cangjie,2,124,Lesson 124,第124課,R;P;D;C;L;N;V;M;S;K;Y;O;I,R;D;L;M;K;S;Y;N,C;D;I;K;L;M;N;O;P;R;S;V;Y,u541f,吟,U+541F,,,ROIN,RN,jam4,"sing, hum; recite; type of poetry",1,2,6,2,0.8,12,cj-123,10,
cj-124,cangjie,2,124,Lesson 124,第124課,R;P;D;C;L;N;V;M;S;K;Y;O;I,R;D;L;M;K;S;Y;N,C;D;I;K;L;M;N;O;P;R;S;V;Y,u5420,吠,U+5420,,,RIK,RK,fai6,bark,1,2,6,2,0.8,12,cj-123,10,
cj-125,cangjie,2,125,Lesson 125,第125課,R;P;M;F;A;U;C;S;H;O;I;N,R;P;F;M;U;H;O,A;C;F;H;I;M;N;O;P;R;S;U,u5421,吡,U+5421,,,RPP,RP,pei2,blame,1,2,6,2,0.8,12,cj-124,10,
cj-125,cangjie,2,125,Lesson 125,第125課,R;P;M;F;A;U;C;S;H;O;I;N,R;P;F;M;U;H;O,A;C;F;H;I;M;N;O;P;R;S;U,u5422,吢,U+5422,,,PR,PR,cam3,vomiting of a dog,1,2,6,2,0.8,12,cj-124,10,
cj-125,cangjie,2,125,Lesson 125,第125課,R;P;M;F;A;U;C;S;H;O;I;N,R;P;F;M;U;H;O,A;C;F;H;I;M;N;O;P;R;S;U,u5423,吣,U+5423,,,RP,RP,cam3,vomit,1,2,6,2,0.8,12,cj-124,10,
cj-125,cangjie,2,125,Lesson 125,第125課,R;P;M;F;A;U;C;S;H;O;I;N,R;P;F;M;U;H;O,A;C;F;H;I;M;N;O;P;R;S;U,u5425,吥,U+5425,,,RMF,RF,bat1,"a swelling; spongy, flabby",1,2,6,2,0.8,12,cj-124,10,
cj-125,cangjie,2,125,Lesson 125,第125課,R;P;M;F;A;U;C;S;H;O;I;N,R;P;F;M;U;H;O,A;C;F;H;I;M;N;O;P;R;S;U,u5426,否,U+5426,,,MFR,MR,fau2,"not, no, negative; final particle; hexagram ䷋",1,2,6,2,0.8,12,cj-124,10,
cj-125,cangjie,2,125,Lesson 125,第125課,R;P;M;F;A;U;C;S;H;O;I;N,R;P;F;M;U;H;O,A;C;F;H;I;M;N;O;P;R;S;U,u5427,吧,U+5427,,,RAU,RU,baa6,emphatic final particle,1,2,6,2,0.8,12,cj-124,10,
cj-125,cangjie,2,125,Lesson 125,第125課,R;P;M;F;A;U;C;S;H;O;I;N,R;P;F;M;U;H;O,A;C;F;H;I;M;N;O;P;R;S;U,u5428,吨,U+5428,,,RPU,RU,deon1,"metric ton; (Cant.) to babble, gibberish",1,2,6,2,0.8,12,cj-124,10,
cj-125,cangjie,2,125,Lesson 125,第125課,R;P;M;F;A;U;C;S;H;O;I;N,R;P;F;M;U;H;O,A;C;F;H;I;M;N;O;P;R;S;U,u5429,吩,U+5429,,,RCSH,RH,fan1,"order, command, instruct",1,2,6,2,0.8,12,cj-124,10,
cj-125,cangjie,2,125,Lesson 125,第125課,R;P;M;F;A;U;C;S;H;O;I;N,R;P;F;M;U;H;O,A;C;F;H;I;M;N;O;P;R;S;U,u542a,吪,U+542A,,,ROP,RP,ngo4,move,1,2,6,2,0.8,12,cj-124,10,
cj-125,cangjie,2,125,Lesson 125,第125課,R;P;M;F;A;U;C;S;H;O;I;N,R;P;F;M;U;H;O,A;C;F;H;I;M;N;O;P;R;S;U,u542b,含,U+542B,,,OINR,OR,ham4,hold in mouth; cherish; contain,1,2,6,2,0.8,12,cj-124,10,
cj-126,cangjie,2,126,Lesson 126,第126課,R;H;M;L;Y;N;I;U;S;K;J;E;V;F,R;L;N;U;H;I;E;K,E;F;H;I;J;K;L;M;N;R;S;U;V;Y,u542c,听,U+542C,,,RHML,RL,ting1,"hear; understand; obey, comply",1,2,6,2,0.8,12,cj-125,10,
cj-126,cangjie,2,126,Lesson 126,第126課,R;H;M;L;Y;N;I;U;S;K;J;E;V;F,R;L;N;U;H;I;E;K,E;F;H;I;J;K;L;M;N;R;S;U;V;Y,u542d,吭,U+542D,,,RYHN,RN,hong4,throat,1,2,6,2,0.8,12,cj-125,10,
cj-126,cangjie,2,126,Lesson 126,第126課,R;H;M;L;Y;N;I;U;S;K;J;E;V;F,R;L;N;U;H;I;E;K,E;F;H;I;J;K;L;M;N;R;S;U;V;Y,u542e,吮,U+542E,,,RIHU,RU,syun5,"suck with mouth, sip, lick",1,2,6,2,0.8,12,cj-125,10,
cj-126,cangjie,2,126,Lesson 126,第126課,R;H;M;L;Y;N;I;U;S;K;J;E;V;F,R;L;N;U;H;I;E;K,E;F;H;I;J;K;L;M;N;R;S;U;V;Y,u542f,启,U+542F,,,HSR,HR,kai2,"open; begin, commence; explain",1,2,6,2,0.8,12,cj-125,10,
cj-126,cangjie,2,126,Lesson 126,第126課,R;H;M;L;Y;N;I;U;S;K;J;E;V;F,R;L;N;U;H;I;E;K,E;F;H;I;J;K;L;M;N;R;S;U;V;Y,u5430,吰,U+5430,,,RKI,RI,wang4,clang,1,2,6,2,0.8,12,cj-125,10,
cj-126,cangjie,2,126,Lesson 126,第126課,R;H;M;L;Y;N;I;U;S;K;J;E;V;F,R;L;N;U;H;I;E;K,E;F;H;I;J;K;L;M;N;R;S;U;V;Y,u5431,吱,U+5431,,,RJE,RE,zi1,"chirping, squeaking, hissing",1,2,6,2,0.8,12,cj-125,10,
cj-126,cangjie,2,126,Lesson 126,第126課,R;H;M;L;Y;N;I;U;S;K;J;E;V;F,R;L;N;U;H;I;E;K,E;F;H;I;J;K;L;M;N;R;S;U;V;Y,u5432,吲,U+5432,,,RNL,RL,jan5,smile at; sneer at,1,2,6,2,0.8,12,cj-125,10,
cj-126,cangjie,2,126,Lesson 126,第126課,R;H;M;L;Y;N;I;U;S;K;J;E;V;F,R;L;N;U;H;I;E;K,E;F;H;I;J;K;L;M;N;R;S;U;V;Y,u5433,吳,U+5433,,,RVNK,RK,ng4,one of warring states; surname,1,2,6,2,0.8,12,cj-125,10,
cj-126,cangjie,2,126,Lesson 126,第126課,R;H;M;L;Y;N;I;U;S;K;J;E;V;F,R;L;N;U;H;I;E;K,E;F;H;I;J;K;L;M;N;R;S;U;V;Y,u5434,吴,U+5434,,,RMK,RK,ng4,name of warring state; surname,1,2,6,2,0.8,12,cj-125,10,
cj-126,cangjie,2,126,Lesson 126,第126課,R;H;M;L;Y;N;I;U;S;K;J;E;V;F,R;L;N;U;H;I;E;K,E;F;H;I;J;K;L;M;N;R;S;U;V;Y,u5435,吵,U+5435,,,RFH,RH,caau2,"argue, dispute; disturb, annoy",1,2,6,2,0.8,12,cj-125,10,
cj-127,cangjie,2,127,Lesson 127,第127課,R;O;B;D;K;N;H;E;P;U;Q;M;V,R;B;K;E;O;H;U;Q;M,B;D;E;H;K;M;N;O;P;Q;R;U;V,u5436,吶,U+5436,,,ROB,RB,naap6,"raise voice, yell out loud, shout; stammer",1,2,6,2,0.8,12,cj-126,10,
cj-127,cangjie,2,127,Lesson 127,第127課,R;O;B;D;K;N;H;E;P;U;Q;M;V,R;B;K;E;O;H;U;Q;M,B;D;E;H;K;M;N;O;P;Q;R;U;V,u5437,吷,U+5437,,,RDK,RK,hyut3,a soft sound made by blowing through the mouth,1,2,6,2,0.8,12,cj-126,10,
cj-127,cangjie,2,127,Lesson 127,第127課,R;O;B;D;K;N;H;E;P;U;Q;M;V,R;B;K;E;O;H;U;Q;M,B;D;E;H;K;M;N;O;P;Q;R;U;V,u5438,吸,U+5438,,,RNHE,RE,kap1,"inhale, suck in; absorb; attract",1,2,6,2,0.8,12,cj-126,10,
cj-127,cangjie,2,127,Lesson 127,第127課,R;O;B;D;K;N;H;E;P;U;Q;M;V,R;B;K;E;O;H;U;Q;M,B;D;E;H;K;M;N;O;P;Q;R;U;V,u5439,吹,U+5439,,,RNO,RO,ceoi1,"blow; puff; brag, boast",1,2,6,2,0.8,12,cj-126,10,
cj-127,cangjie,2,127,Lesson 127,第127課,R;O;B;D;K;N;H;E;P;U;Q;M;V,R;B;K;E;O;H;U;Q;M,B;D;E;H;K;M;N;O;P;Q;R;U;V,u543b,吻,U+543B,,,RPHH,RH,man5,kiss; the lips; coinciding,1,2,6,2,0.8,12,cj-126,10,
cj-127,cangjie,2,127,Lesson 127,第127課,R;O;B;D;K;N;H;E;P;U;Q;M;V,R;B;K;E;O;H;U;Q;M,B;D;E;H;K;M;N;O;P;Q;R;U;V,u543c,吼,U+543C,,,RNDU,RU,hau3,"roar, shout; bark, howl",1,2,6,2,0.8,12,cj-126,10,
cj-127,cangjie,2,127,Lesson 127,第127課,R;O;B;D;K;N;H;E;P;U;Q;M;V,R;B;K;E;O;H;U;Q;M,B;D;E;H;K;M;N;O;P;Q;R;U;V,u543d,吽,U+543D,,,RHQ,RQ,ngau4,"'OM'; bellow; (Cant.) dull, stupid",1,2,6,2,0.8,12,cj-126,10,
cj-127,cangjie,2,127,Lesson 127,第127課,R;O;B;D;K;N;H;E;P;U;Q;M;V,R;B;K;E;O;H;U;Q;M,B;D;E;H;K;M;N;O;P;Q;R;U;V,u543e,吾,U+543E,,,MMR,MR,ng4,"i, my, our; resist, impede",1,2,6,2,0.8,12,cj-126,10,
cj-127,cangjie,2,127,Lesson 127,第127課,R;O;B;D;K;N;H;E;P;U;Q;M;V,R;B;K;E;O;H;U;Q;M,B;D;E;H;K;M;N;O;P;Q;R;U;V,u543f,吿,U+543F,,,HQR,HR,gou3,"tell, announce, inform; accuse",1,2,6,2,0.8,12,cj-126,10,
cj-127,cangjie,2,127,Lesson 127,第127課,R;O;B;D;K;N;H;E;P;U;Q;M;V,R;B;K;E;O;H;U;Q;M,B;D;E;H;K;M;N;O;P;Q;R;U;V,u5440,呀,U+5440,,,RMVH,RH,aa1,particle used to express surprise or mild emphasis; (Cant.) slurred form of the number ten,1,2,6,2,0.8,12,cj-126,10,
cj-128,cangjie,2,128,Lesson 128,第128課,R;H;M;S;U;Y;K;D;E;G;V;N;C;Q;O;J,R;U;K;D;E;G;C;H;O;J,C;D;E;G;H;J;K;M;N;O;Q;R;S;U;V;Y,u5442,呂,U+5442,,,RHR,RR,leoi5,surname; a musical note,1,2,6,2,0.8,12,cj-127,10,
cj-128,cangjie,2,128,Lesson 128,第128課,R;H;M;S;U;Y;K;D;E;G;V;N;C;Q;O;J,R;U;K;D;E;G;C;H;O;J,C;D;E;G;H;J;K;M;N;O;Q;R;S;U;V;Y,u5443,呃,U+5443,,,RMSU,RU,ak1,belch; hiccup,1,2,6,2,0.8,12,cj-127,10,
cj-128,cangjie,2,128,Lesson 128,第128課,R;H;M;S;U;Y;K;D;E;G;V;N;C;Q;O;J,R;U;K;D;E;G;C;H;O;J,C;D;E;G;H;J;K;M;N;O;Q;R;S;U;V;Y,u5445,呅,U+5445,,,RYK,RK,mui4,(Cant.) a dollar,1,2,6,2,0.8,12,cj-127,10,
cj-128,cangjie,2,128,Lesson 128,第128課,R;H;M;S;U;Y;K;D;E;G;V;N;C;Q;O;J,R;U;K;D;E;G;C;H;O;J,C;D;E;G;H;J;K;M;N;O;Q;R;S;U;V;Y,u5446,呆,U+5446,,,RD,RD,ngoi4,"dull; dull-minded, simple, stupid",1,2,6,2,0.8,12,cj-127,10,
cj-128,cangjie,2,128,Lesson 128,第128課,R;H;M;S;U;Y;K;D;E;G;V;N;C;Q;O;J,R;U;K;D;E;G;C;H;O;J,C;D;E;G;H;J;K;M;N;O;Q;R;S;U;V;Y,u5447,呇,U+5447,,,ER,ER,kai2,star,1,2,6,2,0.8,12,cj-127,10,
cj-128,cangjie,2,128,Lesson 128,第128課,R;H;M;S;U;Y;K;D;E;G;V;N;C;Q;O;J,R;U;K;D;E;G;C;H;O;J,C;D;E;G;H;J;K;M;N;O;Q;R;S;U;V;Y,u5448,呈,U+5448,,,RHG,RG,cing4,"submit, show; appear; petition",1,2,6,2,0.8,12,cj-127,10,
cj-128,cangjie,2,128,Lesson 128,第128課,R;H;M;S;U;Y;K;D;E;G;V;N;C;Q;O;J,R;U;K;D;E;G;C;H;O;J,C;D;E;G;H;J;K;M;N;O;Q;R;S;U;V;Y,u5449,呉,U+5449,,,RVNC,RC,ng4,one of warring states; surname,1,2,6,2,0.8,12,cj-127,10,
cj-128,cangjie,2,128,Lesson 128,第128課,R;H;M;S;U;Y;K;D;E;G;V;N;C;Q;O;J,R;U;K;D;E;G;C;H;O;J,C;D;E;G;H;J;K;M;N;O;Q;R;S;U;V;Y,u544a,告,U+544A,,,HGR,HR,gou3,"tell, announce, inform; accuse",1,2,6,2,0.8,12,cj-127,10,
cj-128,cangjie,2,128,Lesson 128,第128課,R;H;M;S;U;Y;K;D;E;G;V;N;C;Q;O;J,R;U;K;D;E;G;C;H;O;J,C;D;E;G;H;J;K;M;N;O;Q;R;S;U;V;Y,u544b,呋,U+544B,,,RQO,RO,fu1,(呋喃) furan (C₄H₄O),1,2,6,2,0.8,12,cj-127,10,
cj-128,cangjie,2,128,Lesson 128,第128課,R;H;M;S;U;Y;K;D;E;G;V;N;C;Q;O;J,R;U;K;D;E;G;C;H;O;J,C;D;E;G;H;J;K;M;N;O;Q;R;S;U;V;Y,u544c,呌,U+544C,,,RYJ,RJ,giu3,to call; to summon,1,2,6,2,0.8,12,cj-127,10,
cj-129,cangjie,2,129,Lesson 129,第129課,R;M;I;S;O;H;T;B;K;U;N,R;I;O;T;B;H;U;N;K;S,B;H;I;K;M;N;O;R;S;T;U,u544d,呍,U+544D,,,RMMI,RI,ngau4,(Cant.) phonetic,1,2,6,2,0.8,12,cj-128,10,
cj-129,cangjie,2,129,Lesson 129,第129課,R;M;I;S;O;H;T;B;K;U;N,R;I;O;T;B;H;U;N;K;S,B;H;I;K;M;N;O;R;S;T;U,u544e,呎,U+544E,,,RSO,RO,cek3,foot,1,2,6,2,0.8,12,cj-128,10,
cj-129,cangjie,2,129,Lesson 129,第129課,R;M;I;S;O;H;T;B;K;U;N,R;I;O;T;B;H;U;N;K;S,B;H;I;K;M;N;O;R;S;T;U,u544f,呏,U+544F,,,RHT,RT,sing1,gallon; quart,1,2,6,2,0.8,12,cj-128,10,
cj-129,cangjie,2,129,Lesson 129,第129課,R;M;I;S;O;H;T;B;K;U;N,R;I;O;T;B;H;U;N;K;S,B;H;I;K;M;N;O;R;S;T;U,u5450,呐,U+5450,,,ROB,RB,naap6,"raise voice, yell out loud, shout; stammer",1,2,6,2,0.8,12,cj-128,10,
cj-129,cangjie,2,129,Lesson 129,第129課,R;M;I;S;O;H;T;B;K;U;N,R;I;O;T;B;H;U;N;K;S,B;H;I;K;M;N;O;R;S;T;U,u5451,呑,U+5451,,,HKR,HR,tan1,swallow; absorb,1,2,6,2,0.8,12,cj-128,10,
cj-129,cangjie,2,129,Lesson 129,第129課,R;M;I;S;O;H;T;B;K;U;N,R;I;O;T;B;H;U;N;K;S,B;H;I;K;M;N;O;R;S;T;U,u5452,呒,U+5452,,,RMKU,RU,fu2,unclear; an expletive,1,2,6,2,0.8,12,cj-128,10,
cj-129,cangjie,2,129,Lesson 129,第129課,R;M;I;S;O;H;T;B;K;U;N,R;I;O;T;B;H;U;N;K;S,B;H;I;K;M;N;O;R;S;T;U,u5453,呓,U+5453,,,RTN,RN,ngai6,"talk in one's sleep, somniloquy",1,2,6,2,0.8,12,cj-128,10,
cj-129,cangjie,2,129,Lesson 129,第129課,R;M;I;S;O;H;T;B;K;U;N,R;I;O;T;B;H;U;N;K;S,B;H;I;K;M;N;O;R;S;T;U,u5454,呔,U+5454,,,RKI,RI,taai1,"(Cant.) a necktie, a tire",1,2,6,2,0.8,12,cj-128,10,
cj-129,cangjie,2,129,Lesson 129,第129課,R;M;I;S;O;H;T;B;K;U;N,R;I;O;T;B;H;U;N;K;S,B;H;I;K;M;N;O;R;S;T;U,u5455,呕,U+5455,,,RSK,RK,au2,"vomit; annoy, enrage",1,2,6,2,0.8,12,cj-128,10,
cj-129,cangjie,2,129,Lesson 129,第129課,R;M;I;S;O;H;T;B;K;U;N,R;I;O;T;B;H;U;N;K;S,B;H;I;K;M;N;O;R;S;T;U,u5456,呖,U+5456,,,RMKS,RS,lik6,used in onomatopoetic expressions,1,2,6,2,0.8,12,cj-128,10,
cj-130,cangjie,2,130,Lesson 130,第130課,R;B;O;S;U;P;V;M;H;N;Y;I;D,R;O;B;U;M;N;I;P,B;D;H;I;M;N;O;P;R;S;U;V;Y,u5457,呗,U+5457,,,RBO,RO,baai6,final particle of assertion,1,2,6,2,0.8,12,cj-129,10,
cj-130,cangjie,2,130,Lesson 130,第130課,R;B;O;S;U;P;V;M;H;N;Y;I;D,R;O;B;U;M;N;I;P,B;D;H;I;M;N;O;P;R;S;U;V;Y,u5458,员,U+5458,,,RBO,RO,jyun4,"member; personnel, staff member",1,2,6,2,0.8,12,cj-129,10,
cj-130,cangjie,2,130,Lesson 130,第130課,R;B;O;S;U;P;V;M;H;N;Y;I;D,R;O;B;U;M;N;I;P,B;D;H;I;M;N;O;P;R;S;U;V;Y,u5459,呙,U+5459,,,ROB,RB,waa1,"chat, jaw, gossip, talk; mouth",1,2,6,2,0.8,12,cj-129,10,
cj-130,cangjie,2,130,Lesson 130,第130課,R;B;O;S;U;P;V;M;H;N;Y;I;D,R;O;B;U;M;N;I;P,B;D;H;I;M;N;O;P;R;S;U;V;Y,u545b,呛,U+545B,,,ROSU,RU,coeng1,choke by smoke; irritates nose,1,2,6,2,0.8,12,cj-129,10,
cj-130,cangjie,2,130,Lesson 130,第130課,R;B;O;S;U;P;V;M;H;N;Y;I;D,R;O;B;U;M;N;I;P,B;D;H;I;M;N;O;P;R;S;U;V;Y,u545c,呜,U+545C,,,RPVM,RM,wu1,"sound of crying, sobbing",1,2,6,2,0.8,12,cj-129,10,
cj-130,cangjie,2,130,Lesson 130,第130課,R;B;O;S;U;P;V;M;H;N;Y;I;D,R;O;B;U;M;N;I;P,B;D;H;I;M;N;O;P;R;S;U;V;Y,u545d,呝,U+545D,,,RHSN,RN,ak1,belch; hiccup,1,2,6,2,0.8,12,cj-129,10,
cj-130,cangjie,2,130,Lesson 130,第130課,R;B;O;S;U;P;V;M;H;N;Y;I;D,R;O;B;U;M;N;I;P,B;D;H;I;M;N;O;P;R;S;U;V;Y,u545f,呟,U+545F,,,RYVI,RI,gyun2,"to mutter, grumble, murmur",1,2,6,2,0.8,12,cj-129,10,
cj-130,cangjie,2,130,Lesson 130,第130課,R;B;O;S;U;P;V;M;H;N;Y;I;D,R;O;B;U;M;N;I;P,B;D;H;I;M;N;O;P;R;S;U;V;Y,u5460,呠,U+5460,,,RDM,RM,pan3,to spurt; to blow out; to puff out; to snort,1,2,6,2,0.8,12,cj-129,10,
cj-130,cangjie,2,130,Lesson 130,第130課,R;B;O;S;U;P;V;M;H;N;Y;I;D,R;O;B;U;M;N;I;P,B;D;H;I;M;N;O;P;R;S;U;V;Y,u5461,呡,U+5461,,,RRVP,RP,man5,the corners of the mouth the lips,1,2,6,2,0.8,12,cj-129,10,
cj-130,cangjie,2,130,Lesson 130,第130課,R;B;O;S;U;P;V;M;H;N;Y;I;D,R;O;B;U;M;N;I;P,B;D;H;I;M;N;O;P;R;S;U;V;Y,u5462,呢,U+5462,,,RSP,RP,nai4,interrogative or emphatic final; (Cant.) this,1,2,6,2,0.8,12,cj-129,10,
cj-131,cangjie,2,131,Lesson 131,第131課,R;W;Y;I;O;G;B;V;S;H;P;M;U;C;T,R;I;B;S;M;U;C;T,B;C;G;H;I;M;O;P;R;S;T;U;V;W;Y,u5463,呣,U+5463,,,RWYI,RI,m2,interjection indicating a question or thought (um),1,2,6,2,0.8,12,cj-130,10,
cj-131,cangjie,2,131,Lesson 131,第131課,R;W;Y;I;O;G;B;V;S;H;P;M;U;C;T,R;I;B;S;M;U;C;T,B;C;G;H;I;M;O;P;R;S;T;U;V;W;Y,u5464,呤,U+5464,,,ROII,RI,ling4,purine,1,2,6,2,0.8,12,cj-130,10,
cj-131,cangjie,2,131,Lesson 131,第131課,R;W;Y;I;O;G;B;V;S;H;P;M;U;C;T,R;I;B;S;M;U;C;T,B;C;G;H;I;M;O;P;R;S;T;U;V;W;Y,u5465,呥,U+5465,,,RGB,RB,jim4,(Cant.) intensifying particle,1,2,6,2,0.8,12,cj-130,10,
cj-131,cangjie,2,131,Lesson 131,第131課,R;W;Y;I;O;G;B;V;S;H;P;M;U;C;T,R;I;B;S;M;U;C;T,B;C;G;H;I;M;O;P;R;S;T;U;V;W;Y,u5466,呦,U+5466,,,RVIS,RS,jau1,the bleating of the deer,1,2,6,2,0.8,12,cj-130,10,
cj-131,cangjie,2,131,Lesson 131,第131課,R;W;Y;I;O;G;B;V;S;H;P;M;U;C;T,R;I;B;S;M;U;C;T,B;C;G;H;I;M;O;P;R;S;T;U;V;W;Y,u5467,呧,U+5467,,,RHPM,RM,dai2,to rebuke; to scold; slander,1,2,6,2,0.8,12,cj-130,10,
cj-131,cangjie,2,131,Lesson 131,第131課,R;W;Y;I;O;G;B;V;S;H;P;M;U;C;T,R;I;B;S;M;U;C;T,B;C;G;H;I;M;O;P;R;S;T;U;V;W;Y,u5468,周,U+5468,,,BGR,BR,zau1,Zhou dynasty; circumference,1,2,6,2,0.8,12,cj-130,10,
cj-131,cangjie,2,131,Lesson 131,第131課,R;W;Y;I;O;G;B;V;S;H;P;M;U;C;T,R;I;B;S;M;U;C;T,B;C;G;H;I;M;O;P;R;S;T;U;V;W;Y,u546a,呪,U+546A,,,RRHU,RU,zau3,"curse, damn, incantation",1,2,6,2,0.8,12,cj-130,10,
cj-131,cangjie,2,131,Lesson 131,第131課,R;W;Y;I;O;G;B;V;S;H;P;M;U;C;T,R;I;B;S;M;U;C;T,B;C;G;H;I;M;O;P;R;S;T;U;V;W;Y,u546b,呫,U+546B,,,RYR,RR,tip3,"whisper; lick, taste; petty",1,2,6,2,0.8,12,cj-130,10,
cj-131,cangjie,2,131,Lesson 131,第131課,R;W;Y;I;O;G;B;V;S;H;P;M;U;C;T,R;I;B;S;M;U;C;T,B;C;G;H;I;M;O;P;R;S;T;U;V;W;Y,u546c,呬,U+546C,,,RWC,RC,hei3,to rest,1,2,6,2,0.8,12,cj-130,10,
cj-131,cangjie,2,131,Lesson 131,第131課,R;W;Y;I;O;G;B;V;S;H;P;M;U;C;T,R;I;B;S;M;U;C;T,B;C;G;H;I;M;O;P;R;S;T;U;V;W;Y,u546d,呭,U+546D,,,RPT,RT,jai6,final particle expressing consent; talkative,1,2,6,2,0.8,12,cj-130,10,
cj-132,cangjie,2,132,Lesson 132,第132課,R;C;M;F;J;Y;P;H;V;O;D;N;E;W;L,R;C;J;Y;O;P;D;E;L,C;D;E;F;H;J;L;M;N;O;P;R;V;W;Y,u546e,呮,U+546E,,,RRC,RC,kei4,"to sit; (Cant.) only, merely; a final particle of intimacy",1,2,6,2,0.8,12,cj-131,10,
cj-132,cangjie,2,132,Lesson 132,第132課,R;C;M;F;J;Y;P;H;V;O;D;N;E;W;L,R;C;J;Y;O;P;D;E;L,C;D;E;F;H;J;L;M;N;O;P;R;V;W;Y,u546f,呯,U+546F,,,RMFJ,RJ,ping4,"(Cant.) onomatopoetic, the sound of a gong",1,2,6,2,0.8,12,cj-131,10,
cj-132,cangjie,2,132,Lesson 132,第132課,R;C;M;F;J;Y;P;H;V;O;D;N;E;W;L,R;C;J;Y;O;P;D;E;L,C;D;E;F;H;J;L;M;N;O;P;R;V;W;Y,u5470,呰,U+5470,,,YPR,YR,zi2,"to slander, revile",1,2,6,2,0.8,12,cj-131,10,
cj-132,cangjie,2,132,Lesson 132,第132課,R;C;M;F;J;Y;P;H;V;O;D;N;E;W;L,R;C;J;Y;O;P;D;E;L,C;D;E;F;H;J;L;M;N;O;P;R;V;W;Y,u5471,呱,U+5471,,,RHVO,RO,gu1,"wail, crying of child; swear at",1,2,6,2,0.8,12,cj-131,10,
cj-132,cangjie,2,132,Lesson 132,第132課,R;C;M;F;J;Y;P;H;V;O;D;N;E;W;L,R;C;J;Y;O;P;D;E;L,C;D;E;F;H;J;L;M;N;O;P;R;V;W;Y,u5472,呲,U+5472,,,RYMP,RP,zi1,give a talking-to,1,2,6,2,0.8,12,cj-131,10,
cj-132,cangjie,2,132,Lesson 132,第132課,R;C;M;F;J;Y;P;H;V;O;D;N;E;W;L,R;C;J;Y;O;P;D;E;L,C;D;E;F;H;J;L;M;N;O;P;R;V;W;Y,u5473,味,U+5473,,,RJD,RD,mei6,"taste, smell, odor; delicacy",1,2,6,2,0.8,12,cj-131,10,
cj-132,cangjie,2,132,Lesson 132,第132課,R;C;M;F;J;Y;P;H;V;O;D;N;E;W;L,R;C;J;Y;O;P;D;E;L,C;D;E;F;H;J;L;M;N;O;P;R;V;W;Y,u5474,呴,U+5474,,,RPR,RR,heoi3,breathe on; yawn; roar,1,2,6,2,0.8,12,cj-131,10,
cj-132,cangjie,2,132,Lesson 132,第132課,R;C;M;F;J;Y;P;H;V;O;D;N;E;W;L,R;C;J;Y;O;P;D;E;L,C;D;E;F;H;J;L;M;N;O;P;R;V;W;Y,u5475,呵,U+5475,,,RMNR,RR,ho1,scold; laughing sound; yawn,1,2,6,2,0.8,12,cj-131,10,
cj-132,cangjie,2,132,Lesson 132,第132課,R;C;M;F;J;Y;P;H;V;O;D;N;E;W;L,R;C;J;Y;O;P;D;E;L,C;D;E;F;H;J;L;M;N;O;P;R;V;W;Y,u5476,呶,U+5476,,,RVE,RE,naau4,talkative; clamour; hubbub,1,2,6,2,0.8,12,cj-131,10,
cj-132,cangjie,2,132,Lesson 132,第132課,R;C;M;F;J;Y;P;H;V;O;D;N;E;W;L,R;C;J;Y;O;P;D;E;L,C;D;E;F;H;J;L;M;N;O;P;R;V;W;Y,u5477,呷,U+5477,,,RWL,RL,haap3,"suck, swallow, drink",1,2,6,2,0.8,12,cj-131,10,
cj-133,cangjie,2,133,Lesson 133,第133課,R;M;F;H;Q;O;S;L;W;D;G;I;B;T,R;M;O;S;L;D;I;B,B;D;F;G;H;I;L;M;O;Q;R;S;T;W,u5478,呸,U+5478,,,RMFM,RM,pei1,expression of reprimand,1,2,6,2,0.8,12,cj-132,10,
cj-133,cangjie,2,133,Lesson 133,第133課,R;M;F;H;Q;O;S;L;W;D;G;I;B;T,R;M;O;S;L;D;I;B,B;D;F;G;H;I;L;M;O;Q;R;S;T;W,u5479,呹,U+5479,,,RHQO,RO,jat6,(of animals) to eat grass,1,2,6,2,0.8,12,cj-132,10,
cj-133,cangjie,2,133,Lesson 133,第133課,R;M;F;H;Q;O;S;L;W;D;G;I;B;T,R;M;O;S;L;D;I;B,B;D;F;G;H;I;L;M;O;Q;R;S;T;W,u547a,呺,U+547A,,,RRMS,RS,hiu1,"voice of anger vast, spacious",1,2,6,2,0.8,12,cj-132,10,
cj-133,cangjie,2,133,Lesson 133,第133課,R;M;F;H;Q;O;S;L;W;D;G;I;B;T,R;M;O;S;L;D;I;B,B;D;F;G;H;I;L;M;O;Q;R;S;T;W,u547b,呻,U+547B,,,RLWL,RL,san1,"groan, moan; recite with intonation",1,2,6,2,0.8,12,cj-132,10,
cj-133,cangjie,2,133,Lesson 133,第133課,R;M;F;H;Q;O;S;L;W;D;G;I;B;T,R;M;O;S;L;D;I;B,B;D;F;G;H;I;L;M;O;Q;R;S;T;W,u547c,呼,U+547C,,,RHFD,RD,fu1,"breathe sigh, exhale; call, shout",1,2,6,2,0.8,12,cj-132,10,
cj-133,cangjie,2,133,Lesson 133,第133課,R;M;F;H;Q;O;S;L;W;D;G;I;B;T,R;M;O;S;L;D;I;B,B;D;F;G;H;I;L;M;O;Q;R;S;T;W,u547d,命,U+547D,,,OMRL,OL,ming6,"life; destiny, fate, luck; an order, instruction",1,2,6,2,0.8,12,cj-132,10,
cj-133,cangjie,2,133,Lesson 133,第133課,R;M;F;H;Q;O;S;L;W;D;G;I;B;T,R;M;O;S;L;D;I;B,B;D;F;G;H;I;L;M;O;Q;R;S;T;W,u547f,呿,U+547F,,,RGI,RI,keoi1,to yawn,1,2,6,2,0.8,12,cj-132,10,
cj-133,cangjie,2,133,Lesson 133,第133課,R;M;F;H;Q;O;S;L;W;D;G;I;B;T,R;M;O;S;L;D;I;B,B;D;F;G;H;I;L;M;O;Q;R;S;T;W,u5480,咀,U+5480,,,RBM,RM,zeoi2,"suck; chew, masticate",1,2,6,2,0.8,12,cj-132,10,
cj-133,cangjie,2,133,Lesson 133,第133課,R;M;F;H;Q;O;S;L;W;D;G;I;B;T,R;M;O;S;L;D;I;B,B;D;F;G;H;I;L;M;O;Q;R;S;T;W,u5481,咁,U+5481,,,RTM,RM,gam2,"(Cant.) like this, in this way; so, to such an extent",1,2,6,2,0.8,12,cj-132,10,
cj-133,cangjie,2,133,Lesson 133,第133課,R;M;F;H;Q;O;S;L;W;D;G;I;B;T,R;M;O;S;L;D;I;B,B;D;F;G;H;I;L;M;O;Q;R;S;T;W,u5482,咂,U+5482,,,RSLB,RB,zaap3,"to suck, to smack the lips; (Cant.) to cheat",1,2,6,2,0.8,12,cj-132,10,
cj-134,cangjie,2,134,Lesson 134,第134課,R;U;Y;T;P;H;L;N;B;K;D;O;S;I,R;U;Y;H;N;K;D;S,B;D;H;I;K;L;N;O;P;R;S;T;U;Y,u5484,咄,U+5484,,,RUU,RU,deot1,"noise of rage, cry out in anger",1,2,6,2,0.8,12,cj-133,10,
cj-134,cangjie,2,134,Lesson 134,第134課,R;U;Y;T;P;H;L;N;B;K;D;O;S;I,R;U;Y;H;N;K;D;S,B;D;H;I;K;L;N;O;P;R;S;T;U;Y,u5485,咅,U+5485,,,YTR,YR,tau3,to spit out,1,2,6,2,0.8,12,cj-133,10,
cj-134,cangjie,2,134,Lesson 134,第134課,R;U;Y;T;P;H;L;N;B;K;D;O;S;I,R;U;Y;H;N;K;D;S,B;D;H;I;K;L;N;O;P;R;S;T;U;Y,u5486,咆,U+5486,,,RPRU,RU,paau4,roar,1,2,6,2,0.8,12,cj-133,10,
cj-134,cangjie,2,134,Lesson 134,第134課,R;U;Y;T;P;H;L;N;B;K;D;O;S;I,R;U;Y;H;N;K;D;S,B;D;H;I;K;L;N;O;P;R;S;T;U;Y,u5487,咇,U+5487,,,RPH,RH,bit6,fragrant; (Cant.) to eject,1,2,6,2,0.8,12,cj-133,10,
cj-134,cangjie,2,134,Lesson 134,第134課,R;U;Y;T;P;H;L;N;B;K;D;O;S;I,R;U;Y;H;N;K;D;S,B;D;H;I;K;L;N;O;P;R;S;T;U;Y,u5488,咈,U+5488,,,RLLN,RN,fat6,oppose,1,2,6,2,0.8,12,cj-133,10,
cj-134,cangjie,2,134,Lesson 134,第134課,R;U;Y;T;P;H;L;N;B;K;D;O;S;I,R;U;Y;H;N;K;D;S,B;D;H;I;K;L;N;O;P;R;S;T;U;Y,u5489,咉,U+5489,,,RLBK,RK,joeng1,"an echo, a sound to vomit, as an infant",1,2,6,2,0.8,12,cj-133,10,
cj-134,cangjie,2,134,Lesson 134,第134課,R;U;Y;T;P;H;L;N;B;K;D;O;S;I,R;U;Y;H;N;K;D;S,B;D;H;I;K;L;N;O;P;R;S;T;U;Y,u548a,咊,U+548A,,,RHD,RD,wo4,harmony; peace; conciliation; to be on good terms with; kindly; mild,1,2,6,2,0.8,12,cj-133,10,
cj-134,cangjie,2,134,Lesson 134,第134課,R;U;Y;T;P;H;L;N;B;K;D;O;S;I,R;U;Y;H;N;K;D;S,B;D;H;I;K;L;N;O;P;R;S;T;U;Y,u548b,咋,U+548B,,,ROS,RS,zaa3,"question-forming particle, why? how? what?; to bite; loud",1,2,6,2,0.8,12,cj-133,10,
cj-134,cangjie,2,134,Lesson 134,第134課,R;U;Y;T;P;H;L;N;B;K;D;O;S;I,R;U;Y;H;N;K;D;S,B;D;H;I;K;L;N;O;P;R;S;T;U;Y,u548c,和,U+548C,,,HDR,HR,wo4,"harmony, peace; peaceful, calm",1,2,6,2,0.8,12,cj-133,10,
cj-134,cangjie,2,134,Lesson 134,第134課,R;U;Y;T;P;H;L;N;B;K;D;O;S;I,R;U;Y;H;N;K;D;S,B;D;H;I;K;L;N;O;P;R;S;T;U;Y,u548d,咍,U+548D,,,RIR,RR,hoi1,laugh,1,2,6,2,0.8,12,cj-133,10,
cj-135,cangjie,2,135,Lesson 135,第135課,H;O;R;I;N;E;D;Q;M;V;Y;J;K;S,H;R;E;I;N;Y;M,D;E;H;I;J;K;M;N;O;Q;R;S;V;Y,u548e,咎,U+548E,,,HOR,HR,gau3,"fault, defect; error, mistake",1,2,6,2,0.8,12,cj-134,10,
cj-135,cangjie,2,135,Lesson 135,第135課,H;O;R;I;N;E;D;Q;M;V;Y;J;K;S,H;R;E;I;N;Y;M,D;E;H;I;J;K;M;N;O;Q;R;S;V;Y,u548f,咏,U+548F,,,RINE,RE,wing6,"sing song or poem, hum, chant",1,2,6,2,0.8,12,cj-134,10,
cj-135,cangjie,2,135,Lesson 135,第135課,H;O;R;I;N;E;D;Q;M;V;Y;J;K;S,H;R;E;I;N;Y;M,D;E;H;I;J;K;M;N;O;Q;R;S;V;Y,u5490,咐,U+5490,,,RODI,RI,fu3,"instruct, order",1,2,6,2,0.8,12,cj-134,10,
cj-135,cangjie,2,135,Lesson 135,第135課,H;O;R;I;N;E;D;Q;M;V;Y;J;K;S,H;R;E;I;N;Y;M,D;E;H;I;J;K;M;N;O;Q;R;S;V;Y,u5491,咑,U+5491,,,RQMN,RN,daa1,"(Cant.) 啲咑, a trumpet",1,2,6,2,0.8,12,cj-134,10,
cj-135,cangjie,2,135,Lesson 135,第135課,H;O;R;I;N;E;D;Q;M;V;Y;J;K;S,H;R;E;I;N;Y;M,D;E;H;I;J;K;M;N;O;Q;R;S;V;Y,u5492,咒,U+5492,,,RRHN,RN,zau3,"curse, damn, incantation",1,2,6,2,0.8,12,cj-134,10,
cj-135,cangjie,2,135,Lesson 135,第135課,H;O;R;I;N;E;D;Q;M;V;Y;J;K;S,H;R;E;I;N;Y;M,D;E;H;I;J;K;M;N;O;Q;R;S;V;Y,u5493,咓,U+5493,,,RMVN,RN,aa5,(Cant.) final particle,1,2,6,2,0.8,12,cj-134,10,
cj-135,cangjie,2,135,Lesson 135,第135課,H;O;R;I;N;E;D;Q;M;V;Y;J;K;S,H;R;E;I;N;Y;M,D;E;H;I;J;K;M;N;O;Q;R;S;V;Y,u5494,咔,U+5494,,,RYMY,RY,kaa1,used in translation,1,2,6,2,0.8,12,cj-134,10,
cj-135,cangjie,2,135,Lesson 135,第135課,H;O;R;I;N;E;D;Q;M;V;Y;J;K;S,H;R;E;I;N;Y;M,D;E;H;I;J;K;M;N;O;Q;R;S;V;Y,u5495,咕,U+5495,,,RJR,RR,gu1,"mumble, mutter, murmur; rumble",1,2,6,2,0.8,12,cj-134,10,
cj-135,cangjie,2,135,Lesson 135,第135課,H;O;R;I;N;E;D;Q;M;V;Y;J;K;S,H;R;E;I;N;Y;M,D;E;H;I;J;K;M;N;O;Q;R;S;V;Y,u5496,咖,U+5496,,,RKSR,RR,gaa3,coffee; a phonetic,1,2,6,2,0.8,12,cj-134,10,
cj-135,cangjie,2,135,Lesson 135,第135課,H;O;R;I;N;E;D;Q;M;V;Y;J;K;S,H;R;E;I;N;Y;M,D;E;H;I;J;K;M;N;O;Q;R;S;V;Y,u5497,咗,U+5497,,,RKM,RM,zo2,(Cant.) verbal particle of perfective aspect,1,2,6,2,0.8,12,cj-134,10,
cj-136,cangjie,2,136,Lesson 136,第136課,R;I;K;P;H;E;Y;J;M;N;V;S;F;U,R;P;Y;N;M;J;S;U,E;F;H;I;J;K;M;N;P;R;S;U;V;Y,u5499,咙,U+5499,,,RIKP,RP,lung4,throat,1,2,6,2,0.8,12,cj-135,10,
cj-136,cangjie,2,136,Lesson 136,第136課,R;I;K;P;H;E;Y;J;M;N;V;S;F;U,R;P;Y;N;M;J;S;U,E;F;H;I;J;K;M;N;P;R;S;U;V;Y,u549a,咚,U+549A,,,RHEY,RY,dung1,"onomatopoetic, a thumping sound",1,2,6,2,0.8,12,cj-135,10,
cj-136,cangjie,2,136,Lesson 136,第136課,R;I;K;P;H;E;Y;J;M;N;V;S;F;U,R;P;Y;N;M;J;S;U,E;F;H;I;J;K;M;N;P;R;S;U;V;Y,u549b,咛,U+549B,,,RJMN,RN,ning4,"enjoin, instruct; charge",1,2,6,2,0.8,12,cj-135,10,
cj-136,cangjie,2,136,Lesson 136,第136課,R;I;K;P;H;E;Y;J;M;N;V;S;F;U,R;P;Y;N;M;J;S;U,E;F;H;I;J;K;M;N;P;R;S;U;V;Y,u549c,咜,U+549C,,,RJP,RP,taa1,to scold,1,2,6,2,0.8,12,cj-135,10,
cj-136,cangjie,2,136,Lesson 136,第136課,R;I;K;P;H;E;Y;J;M;N;V;S;F;U,R;P;Y;N;M;J;S;U,E;F;H;I;J;K;M;N;P;R;S;U;V;Y,u549d,咝,U+549D,,,RVVM,RM,si1,hiss; call to come; syllable,1,2,6,2,0.8,12,cj-135,10,
cj-136,cangjie,2,136,Lesson 136,第136課,R;I;K;P;H;E;Y;J;M;N;V;S;F;U,R;P;Y;N;M;J;S;U,E;F;H;I;J;K;M;N;P;R;S;U;V;Y,u54a0,咠,U+54A0,,,RSJ,RJ,cap1,to whisper. to blame to slander,1,2,6,2,0.8,12,cj-135,10,
cj-136,cangjie,2,136,Lesson 136,第136課,R;I;K;P;H;E;Y;J;M;N;V;S;F;U,R;P;Y;N;M;J;S;U,E;F;H;I;J;K;M;N;P;R;S;U;V;Y,u54a1,咡,U+54A1,,,RSJ,RJ,ji6,side of mouth,1,2,6,2,0.8,12,cj-135,10,
cj-136,cangjie,2,136,Lesson 136,第136課,R;I;K;P;H;E;Y;J;M;N;V;S;F;U,R;P;Y;N;M;J;S;U,E;F;H;I;J;K;M;N;P;R;S;U;V;Y,u54a2,咢,U+54A2,,,RRMMS,RS,ngok6,sound; drumming,1,2,6,2,0.8,12,cj-135,10,
cj-136,cangjie,2,136,Lesson 136,第136課,R;I;K;P;H;E;Y;J;M;N;V;S;F;U,R;P;Y;N;M;J;S;U,E;F;H;I;J;K;M;N;P;R;S;U;V;Y,u54a3,咣,U+54A3,,,RFMU,RU,gwong1,the sound of large door closing,1,2,6,2,0.8,12,cj-135,10,
cj-136,cangjie,2,136,Lesson 136,第136課,R;I;K;P;H;E;Y;J;M;N;V;S;F;U,R;P;Y;N;M;J;S;U,E;F;H;I;J;K;M;N;P;R;S;U;V;Y,u54a4,咤,U+54A4,,,RJHP,RP,zaa1,"scold, bellow, shout at, roar",1,2,6,2,0.8,12,cj-135,10,
cj-137,cangjie,2,137,Lesson 137,第137課,R;M;I;G;K;N;O;T;Q;F;D;S;C;Y;H;J,R;G;N;I;Q;D;S;C;K,C;D;F;G;H;I;J;K;M;N;O;Q;R;S;T;Y,u54a5,咥,U+54A5,,,RMIG,RG,hei3,sound of a cat; bite; laugh,1,2,6,2,0.8,12,cj-136,10,
cj-137,cangjie,2,137,Lesson 137,第137課,R;M;I;G;K;N;O;T;Q;F;D;S;C;Y;H;J,R;G;N;I;Q;D;S;C;K,C;D;F;G;H;I;J;K;M;N;O;Q;R;S;T;Y,u54a6,咦,U+54A6,,,RKN,RN,ji4,exclamation of surprise,1,2,6,2,0.8,12,cj-136,10,
cj-137,cangjie,2,137,Lesson 137,第137課,R;M;I;G;K;N;O;T;Q;F;D;S;C;Y;H;J,R;G;N;I;Q;D;S;C;K,C;D;F;G;H;I;J;K;M;N;O;Q;R;S;T;Y,u54a7,咧,U+54A7,,,RMNN,RN,le2,"stretch mouth, grimace, grin",1,2,6,2,0.8,12,cj-136,10,
cj-137,cangjie,2,137,Lesson 137,第137課,R;M;I;G;K;N;O;T;Q;F;D;S;C;Y;H;J,R;G;N;I;Q;D;S;C;K,C;D;F;G;H;I;J;K;M;N;O;Q;R;S;T;Y,u54a8,咨,U+54A8,,,IOR,IR,zi1,"inquire, consult, discuss; plan",1,2,6,2,0.8,12,cj-136,10,
cj-137,cangjie,2,137,Lesson 137,第137課,R;M;I;G;K;N;O;T;Q;F;D;S;C;Y;H;J,R;G;N;I;Q;D;S;C;K,C;D;F;G;H;I;J;K;M;N;O;Q;R;S;T;Y,u54a9,咩,U+54A9,,,RTQ,RQ,me1,the bleating of sheep; (Cant.) an interrogative particle,1,2,6,2,0.8,12,cj-136,10,
cj-137,cangjie,2,137,Lesson 137,第137課,R;M;I;G;K;N;O;T;Q;F;D;S;C;Y;H;J,R;G;N;I;Q;D;S;C;K,C;D;F;G;H;I;J;K;M;N;O;Q;R;S;T;Y,u54aa,咪,U+54AA,,,RFD,RD,mai5,"sound of cat, cat's meow; meter; (Cant.) don't!",1,2,6,2,0.8,12,cj-136,10,
cj-137,cangjie,2,137,Lesson 137,第137課,R;M;I;G;K;N;O;T;Q;F;D;S;C;Y;H;J,R;G;N;I;Q;D;S;C;K,C;D;F;G;H;I;J;K;M;N;O;Q;R;S;T;Y,u54ab,咫,U+54AB,,,SORC,SC,zi2,foot measure of Zhou dynasty,1,2,6,2,0.8,12,cj-136,10,
cj-137,cangjie,2,137,Lesson 137,第137課,R;M;I;G;K;N;O;T;Q;F;D;S;C;Y;H;J,R;G;N;I;Q;D;S;C;K,C;D;F;G;H;I;J;K;M;N;O;Q;R;S;T;Y,u54ac,咬,U+54AC,,,RYCK,RK,ngaau5,"bite, gnaw",1,2,6,2,0.8,12,cj-136,10,
cj-137,cangjie,2,137,Lesson 137,第137課,R;M;I;G;K;N;O;T;Q;F;D;S;C;Y;H;J,R;G;N;I;Q;D;S;C;K,C;D;F;G;H;I;J;K;M;N;O;Q;R;S;T;Y,u54ad,咭,U+54AD,,,RGR,RR,gat1,(Cant.) to guard (from Engl. 'guard'); a card (from Engl. 'card'); young and pretty (from Engl. 'kid'),1,2,6,2,0.8,12,cj-136,10,
cj-137,cangjie,2,137,Lesson 137,第137課,R;M;I;G;K;N;O;T;Q;F;D;S;C;Y;H;J,R;G;N;I;Q;D;S;C;K,C;D;F;G;H;I;J;K;M;N;O;Q;R;S;T;Y,u54ae,咮,U+54AE,,,RHJD,RD,zau3,a beak; to peck,1,2,6,2,0.8,12,cj-136,10,
cj-138,cangjie,2,138,Lesson 138,第138課,R;H;E;B;U;T;K;Y;V;O;F;M;S;L;I;J;A,R;U;K;O;F;S;I;V;M,A;B;E;F;H;I;J;K;L;M;O;R;S;T;U;V;Y,u54af,咯,U+54AF,,,RHER,RR,gok1,final particle,1,2,6,2,0.8,12,cj-137,10,
cj-138,cangjie,2,138,Lesson 138,第138課,R;H;E;B;U;T;K;Y;V;O;F;M;S;L;I;J;A,R;U;K;O;F;S;I;V;M,A;B;E;F;H;I;J;K;L;M;O;R;S;T;U;V;Y,u54b1,咱,U+54B1,,,RHBU,RU,zaa1,"we, us",1,2,6,2,0.8,12,cj-137,10,
cj-138,cangjie,2,138,Lesson 138,第138課,R;H;E;B;U;T;K;Y;V;O;F;M;S;L;I;J;A,R;U;K;O;F;S;I;V;M,A;B;E;F;H;I;J;K;L;M;O;R;S;T;U;V;Y,u54b2,咲,U+54B2,,,RTK,RK,siu3,"smile, laugh, giggle; snicker",1,2,6,2,0.8,12,cj-137,10,
cj-138,cangjie,2,138,Lesson 138,第138課,R;H;E;B;U;T;K;Y;V;O;F;M;S;L;I;J;A,R;U;K;O;F;S;I;V;M,A;B;E;F;H;I;J;K;L;M;O;R;S;T;U;V;Y,u54b3,咳,U+54B3,,,RYVO,RO,kat1,cough,1,2,6,2,0.8,12,cj-137,10,
cj-138,cangjie,2,138,Lesson 138,第138課,R;H;E;B;U;T;K;Y;V;O;F;M;S;L;I;J;A,R;U;K;O;F;S;I;V;M,A;B;E;F;H;I;J;K;L;M;O;R;S;T;U;V;Y,u54b4,咴,U+54B4,,,RKF,RF,fui1,"neigh, whinny",1,2,6,2,0.8,12,cj-137,10,
cj-138,cangjie,2,138,Lesson 138,第138課,R;H;E;B;U;T;K;Y;V;O;F;M;S;L;I;J;A,R;U;K;O;F;S;I;V;M,A;B;E;F;H;I;J;K;L;M;O;R;S;T;U;V;Y,u54b5,咵,U+54B5,,,RKMS,RS,kwaa1,to revile,1,2,6,2,0.8,12,cj-137,10,
cj-138,cangjie,2,138,Lesson 138,第138課,R;H;E;B;U;T;K;Y;V;O;F;M;S;L;I;J;A,R;U;K;O;F;S;I;V;M,A;B;E;F;H;I;J;K;L;M;O;R;S;T;U;V;Y,u54b7,咷,U+54B7,,,RLMO,RO,tou4,"howl, cry loudly",1,2,6,2,0.8,12,cj-137,10,
cj-138,cangjie,2,138,Lesson 138,第138課,R;H;E;B;U;T;K;Y;V;O;F;M;S;L;I;J;A,R;U;K;O;F;S;I;V;M,A;B;E;F;H;I;J;K;L;M;O;R;S;T;U;V;Y,u54b8,咸,U+54B8,,,IHMR,IR,haam4,"together; all, completely; united; hexagram ䷞",1,2,6,2,0.8,12,cj-137,10,
cj-138,cangjie,2,138,Lesson 138,第138課,R;H;E;B;U;T;K;Y;V;O;F;M;S;L;I;J;A,R;U;K;O;F;S;I;V;M,A;B;E;F;H;I;J;K;L;M;O;R;S;T;U;V;Y,u54b9,咹,U+54B9,,,RJV,RV,hon1,(Cant.) sound of an automobile horn,1,2,6,2,0.8,12,cj-137,10,
cj-138,cangjie,2,138,Lesson 138,第138課,R;H;E;B;U;T;K;Y;V;O;F;M;S;L;I;J;A,R;U;K;O;F;S;I;V;M,A;B;E;F;H;I;J;K;L;M;O;R;S;T;U;V;Y,u54ba,咺,U+54BA,,,RMAM,RM,hyun2,majestic,1,2,6,2,0.8,12,cj-137,10,
cj-139,cangjie,2,139,Lesson 139,第139課,R;O;D;B;W;K;J;P;S;Y;H;V;M;C;T;N;I,R;D;B;K;P;Y;V;W;C;N,B;C;D;H;I;J;K;M;N;O;P;R;S;T;V;W;Y,u54bb,咻,U+54BB,,,ROD,RD,jau1,shout,1,2,6,2,0.8,12,cj-138,10,
cj-139,cangjie,2,139,Lesson 139,第139課,R;O;D;B;W;K;J;P;S;Y;H;V;M;C;T;N;I,R;D;B;K;P;Y;V;W;C;N,B;C;D;H;I;J;K;M;N;O;P;R;S;T;V;W;Y,u54bc,咼,U+54BC,,,BBR,BR,waa1,"chat, jaw, gossip, talk; mouth",1,2,6,2,0.8,12,cj-138,10,
cj-139,cangjie,2,139,Lesson 139,第139課,R;O;D;B;W;K;J;P;S;Y;H;V;M;C;T;N;I,R;D;B;K;P;Y;V;W;C;N,B;C;D;H;I;J;K;M;N;O;P;R;S;T;V;W;Y,u54bd,咽,U+54BD,,,RWK,RK,jin1,throat; pharynx,1,2,6,2,0.8,12,cj-138,10,
cj-139,cangjie,2,139,Lesson 139,第139課,R;O;D;B;W;K;J;P;S;Y;H;V;M;C;T;N;I,R;D;B;K;P;Y;V;W;C;N,B;C;D;H;I;J;K;M;N;O;P;R;S;T;V;W;Y,u54be,咾,U+54BE,,,RJKP,RP,lou5,a noise; a sound,1,2,6,2,0.8,12,cj-138,10,
cj-139,cangjie,2,139,Lesson 139,第139課,R;O;D;B;W;K;J;P;S;Y;H;V;M;C;T;N;I,R;D;B;K;P;Y;V;W;C;N,B;C;D;H;I;J;K;M;N;O;P;R;S;T;V;W;Y,u54bf,咿,U+54BF,,,ROSK,RK,ji1,descriptive of creaking; laugh,1,2,6,2,0.8,12,cj-138,10,
cj-139,cangjie,2,139,Lesson 139,第139課,R;O;D;B;W;K;J;P;S;Y;H;V;M;C;T;N;I,R;D;B;K;P;Y;V;W;C;N,B;C;D;H;I;J;K;M;N;O;P;R;S;T;V;W;Y,u54c0,哀,U+54C0,,,YRHV,YV,oi1,"sad, mournful, pitiful; pity",1,2,6,2,0.8,12,cj-138,10,
cj-139,cangjie,2,139,Lesson 139,第139課,R;O;D;B;W;K;J;P;S;Y;H;V;M;C;T;N;I,R;D;B;K;P;Y;V;W;C;N,B;C;D;H;I;J;K;M;N;O;P;R;S;T;V;W;Y,u54c1,品,U+54C1,,,RRR,RR,ban2,"article, product, commodity",1,2,6,2,0.8,12,cj-138,10,
cj-139,cangjie,2,139,Lesson 139,第139課,R;O;D;B;W;K;J;P;S;Y;H;V;M;C;T;N;I,R;D;B;K;P;Y;V;W;C;N,B;C;D;H;I;J;K;M;N;O;P;R;S;T;V;W;Y,u54c2,哂,U+54C2,,,RMCW,RW,can2,"smile, laugh at, sneer at; (Cant.) a final particle indicating doing something to the full extent possible",1,2,6,2,0.8,12,cj-138,10,
cj-139,cangjie,2,139,Lesson 139,第139課,R;O;D;B;W;K;J;P;S;Y;H;V;M;C;T;N;I,R;D;B;K;P;Y;V;W;C;N,B;C;D;H;I;J;K;M;N;O;P;R;S;T;V;W;Y,u54c4,哄,U+54C4,,,RTC,RC,hung1,"coax; beguile, cheat, deceive",1,2,6,2,0.8,12,cj-138,10,
cj-139,cangjie,2,139,Lesson 139,第139課,R;O;D;B;W;K;J;P;S;Y;H;V;M;C;T;N;I,R;D;B;K;P;Y;V;W;C;N,B;C;D;H;I;J;K;M;N;O;P;R;S;T;V;W;Y,u54c6,哆,U+54C6,,,RNIN,RN,do1,"tremble, shiver, shudder, quiver",1,2,6,2,0.8,12,cj-138,10,
cj-140,cangjie,2,140,Lesson 140,第140課,R;G;O;M;J;I;P;D;H;V;B;T;K;A;S;C,R;G;J;D;V;K;C,A;B;C;D;G;H;I;J;K;M;O;P;R;S;T;V,u54c7,哇,U+54C7,,,RGG,RG,waa1,vomit; cry of an infant,1,2,6,2,0.8,12,cj-139,10,
cj-140,cangjie,2,140,Lesson 140,第140課,R;G;O;M;J;I;P;D;H;V;B;T;K;A;S;C,R;G;J;D;V;K;C,A;B;C;D;G;H;I;J;K;M;O;P;R;S;T;V,u54c8,哈,U+54C8,,,ROMR,RR,haa1,sound of laughter,1,2,6,2,0.8,12,cj-139,10,
cj-140,cangjie,2,140,Lesson 140,第140課,R;G;O;M;J;I;P;D;H;V;B;T;K;A;S;C,R;G;J;D;V;K;C,A;B;C;D;G;H;I;J;K;M;O;P;R;S;T;V,u54c9,哉,U+54C9,,,JIR,JR,zoi1,final exclamatory particle,1,2,6,2,0.8,12,cj-139,10,
cj-140,cangjie,2,140,Lesson 140,第140課,R;G;O;M;J;I;P;D;H;V;B;T;K;A;S;C,R;G;J;D;V;K;C,A;B;C;D;G;H;I;J;K;M;O;P;R;S;T;V,u54cb,哋,U+54CB,,,RGPD,RD,dei6,(Cant.) plural; adverb,1,2,6,2,0.8,12,cj-139,10,
cj-140,cangjie,2,140,Lesson 140,第140課,R;G;O;M;J;I;P;D;H;V;B;T;K;A;S;C,R;G;J;D;V;K;C,A;B;C;D;G;H;I;J;K;M;O;P;R;S;T;V,u54cc,哌,U+54CC,,,RHHV,RV,paai3,used in translation,1,2,6,2,0.8,12,cj-139,10,
cj-140,cangjie,2,140,Lesson 140,第140課,R;G;O;M;J;I;P;D;H;V;B;T;K;A;S;C,R;G;J;D;V;K;C,A;B;C;D;G;H;I;J;K;M;O;P;R;S;T;V,u54cd,响,U+54CD,,,RHBR,RR,hoeng2,"make sound, make noise; sound",1,2,6,2,0.8,12,cj-139,10,
cj-140,cangjie,2,140,Lesson 140,第140課,R;G;O;M;J;I;P;D;H;V;B;T;K;A;S;C,R;G;J;D;V;K;C,A;B;C;D;G;H;I;J;K;M;O;P;R;S;T;V,u54ce,哎,U+54CE,,,RTK,RK,aai1,interjection of surprise,1,2,6,2,0.8,12,cj-139,10,
cj-140,cangjie,2,140,Lesson 140,第140課,R;G;O;M;J;I;P;D;H;V;B;T;K;A;S;C,R;G;J;D;V;K;C,A;B;C;D;G;H;I;J;K;M;O;P;R;S;T;V,u54cf,哏,U+54CF,,,RAV,RV,gan1,something funny,1,2,6,2,0.8,12,cj-139,10,
cj-140,cangjie,2,140,Lesson 140,第140課,R;G;O;M;J;I;P;D;H;V;B;T;K;A;S;C,R;G;J;D;V;K;C,A;B;C;D;G;H;I;J;K;M;O;P;R;S;T;V,u54d0,哐,U+54D0,,,RSMG,RG,hong1,syllable,1,2,6,2,0.8,12,cj-139,10,
cj-140,cangjie,2,140,Lesson 140,第140課,R;G;O;M;J;I;P;D;H;V;B;T;K;A;S;C,R;G;J;D;V;K;C,A;B;C;D;G;H;I;J;K;M;O;P;R;S;T;V,u54d1,哑,U+54D1,,,RMTC,RC,aa2,"dumb, mute; become hoarse",1,2,6,2,0.8,12,cj-139,10,
cj-141,cangjie,2,141,Lesson 141,第141課,R;Y;K;J;P;U;N;I;O;M;H;D;L;B;V;Q,R;K;U;J;I;D;L;V;Q,B;D;H;I;J;K;L;M;N;O;P;Q;R;U;V;Y,u54d2,哒,U+54D2,,,RYK,RK,daat6,a sound made to get a horse to move forward,1,2,6,2,0.8,12,cj-140,10,
cj-141,cangjie,2,141,Lesson 141,第141課,R;Y;K;J;P;U;N;I;O;M;H;D;L;B;V;Q,R;K;U;J;I;D;L;V;Q,B;D;H;I;J;K;L;M;N;O;P;Q;R;U;V;Y,u54d3,哓,U+54D3,,,RJPU,RU,hiu1,garrulous; disturbed; restless,1,2,6,2,0.8,12,cj-140,10,
cj-141,cangjie,2,141,Lesson 141,第141課,R;Y;K;J;P;U;N;I;O;M;H;D;L;B;V;Q,R;K;U;J;I;D;L;V;Q,B;D;H;I;J;K;L;M;N;O;P;Q;R;U;V;Y,u54d4,哔,U+54D4,,,RPPJ,RJ,bat1,used in transliterations,1,2,6,2,0.8,12,cj-140,10,
cj-141,cangjie,2,141,Lesson 141,第141課,R;Y;K;J;P;U;N;I;O;M;H;D;L;B;V;Q,R;K;U;J;I;D;L;V;Q,B;D;H;I;J;K;L;M;N;O;P;Q;R;U;V;Y,u54d5,哕,U+54D5,,,RUNI,RI,jyut6,belch; vomit,1,2,6,2,0.8,12,cj-140,10,
cj-141,cangjie,2,141,Lesson 141,第141課,R;Y;K;J;P;U;N;I;O;M;H;D;L;B;V;Q,R;K;U;J;I;D;L;V;Q,B;D;H;I;J;K;L;M;N;O;P;Q;R;U;V;Y,u54d7,哗,U+54D7,,,ROPJ,RJ,waa1,rushing sound; gush forward,1,2,6,2,0.8,12,cj-140,10,
cj-141,cangjie,2,141,Lesson 141,第141課,R;Y;K;J;P;U;N;I;O;M;H;D;L;B;V;Q,R;K;U;J;I;D;L;V;Q,B;D;H;I;J;K;L;M;N;O;P;Q;R;U;V;Y,u54d9,哙,U+54D9,,,ROMI,RI,faai3,"swallow, gulp down; greedy",1,2,6,2,0.8,12,cj-140,10,
cj-141,cangjie,2,141,Lesson 141,第141課,R;Y;K;J;P;U;N;I;O;M;H;D;L;B;V;Q,R;K;U;J;I;D;L;V;Q,B;D;H;I;J;K;L;M;N;O;P;Q;R;U;V;Y,u54da,哚,U+54DA,,,RHND,RD,doe2,"(Cant.) backing, support of someone powerful; a little",1,2,6,2,0.8,12,cj-140,10,
cj-141,cangjie,2,141,Lesson 141,第141課,R;Y;K;J;P;U;N;I;O;M;H;D;L;B;V;Q,R;K;U;J;I;D;L;V;Q,B;D;H;I;J;K;L;M;N;O;P;Q;R;U;V;Y,u54dc,哜,U+54DC,,,RYKL,RL,zai6,sip,1,2,6,2,0.8,12,cj-140,10,
cj-141,cangjie,2,141,Lesson 141,第141課,R;Y;K;J;P;U;N;I;O;M;H;D;L;B;V;Q,R;K;U;J;I;D;L;V;Q,B;D;H;I;J;K;L;M;N;O;P;Q;R;U;V;Y,u54dd,哝,U+54DD,,,RHBV,RV,nung4,whisper,1,2,6,2,0.8,12,cj-140,10,
cj-141,cangjie,2,141,Lesson 141,第141課,R;Y;K;J;P;U;N;I;O;M;H;D;L;B;V;Q,R;K;U;J;I;D;L;V;Q,B;D;H;I;J;K;L;M;N;O;P;Q;R;U;V;Y,u54de,哞,U+54DE,,,RIHQ,RQ,mau1,moo,1,2,6,2,0.8,12,cj-140,10,
cj-142,cangjie,2,142,Lesson 142,第142課,R;V;M;I;B;U;C;G;T;H;N;Q;L;F;W,R;I;C;T;H;M;B;G,B;C;F;G;H;I;L;M;N;Q;R;T;U;V;W,u54df,哟,U+54DF,,,RVMI,RI,jo1,"ah, final particle",1,2,6,2,0.8,12,cj-141,10,
cj-142,cangjie,2,142,Lesson 142,第142課,R;V;M;I;B;U;C;G;T;H;N;Q;L;F;W,R;I;C;T;H;M;B;G,B;C;F;G;H;I;L;M;N;Q;R;T;U;V;W,u54e1,員,U+54E1,,,RBUC,RC,jyun4,"member; personnel, staff member",1,2,6,2,0.8,12,cj-141,10,
cj-142,cangjie,2,142,Lesson 142,第142課,R;V;M;I;B;U;C;G;T;H;N;Q;L;F;W,R;I;C;T;H;M;B;G,B;C;F;G;H;I;L;M;N;Q;R;T;U;V;W,u54e2,哢,U+54E2,,,RMGT,RT,lung6,syllable,1,2,6,2,0.8,12,cj-141,10,
cj-142,cangjie,2,142,Lesson 142,第142課,R;V;M;I;B;U;C;G;T;H;N;Q;L;F;W,R;I;C;T;H;M;B;G,B;C;F;G;H;I;L;M;N;Q;R;T;U;V;W,u54e3,哣,U+54E3,,,RMRT,RT,dau6,"(Cant.) sick, unwell",1,2,6,2,0.8,12,cj-141,10,
cj-142,cangjie,2,142,Lesson 142,第142課,R;V;M;I;B;U;C;G;T;H;N;Q;L;F;W,R;I;C;T;H;M;B;G,B;C;F;G;H;I;L;M;N;Q;R;T;U;V;W,u54e4,哤,U+54E4,,,RIUH,RH,mong4,jargon,1,2,6,2,0.8,12,cj-141,10,
cj-142,cangjie,2,142,Lesson 142,第142課,R;V;M;I;B;U;C;G;T;H;N;Q;L;F;W,R;I;C;T;H;M;B;G,B;C;F;G;H;I;L;M;N;Q;R;T;U;V;W,u54e5,哥,U+54E5,,,MRNR,MR,go1,elder brother,1,2,6,2,0.8,12,cj-141,10,
cj-142,cangjie,2,142,Lesson 142,第142課,R;V;M;I;B;U;C;G;T;H;N;Q;L;F;W,R;I;C;T;H;M;B;G,B;C;F;G;H;I;L;M;N;Q;R;T;U;V;W,u54e6,哦,U+54E6,,,RHQI,RI,ngo4,oh? really? is that so?,1,2,6,2,0.8,12,cj-141,10,
cj-142,cangjie,2,142,Lesson 142,第142課,R;V;M;I;B;U;C;G;T;H;N;Q;L;F;W,R;I;C;T;H;M;B;G,B;C;F;G;H;I;L;M;N;Q;R;T;U;V;W,u54e7,哧,U+54E7,,,RGLC,RC,ci1,sound of ripping or giggling,1,2,6,2,0.8,12,cj-141,10,
cj-142,cangjie,2,142,Lesson 142,第142課,R;V;M;I;B;U;C;G;T;H;N;Q;L;F;W,R;I;C;T;H;M;B;G,B;C;F;G;H;I;L;M;N;Q;R;T;U;V;W,u54e8,哨,U+54E8,,,RFB,RB,saau3,"whistle, blow whistle; chirp",1,2,6,2,0.8,12,cj-141,10,
cj-142,cangjie,2,142,Lesson 142,第142課,R;V;M;I;B;U;C;G;T;H;N;Q;L;F;W,R;I;C;T;H;M;B;G,B;C;F;G;H;I;L;M;N;Q;R;T;U;V;W,u54e9,哩,U+54E9,,,RWG,RG,li1,mile,1,2,6,2,0.8,12,cj-141,10,
cj-143,cangjie,2,143,Lesson 143,第143課,R;S;Q;L;Y;O;I;K;J;D;H;A;V;N;T;M,R;L;O;K;D;Q;V;N;J,A;D;H;I;J;K;L;M;N;O;Q;R;S;T;V;Y,u54ea,哪,U+54EA,,,RSQL,RL,naa5,which? where? how?,1,2,6,2,0.8,12,cj-142,10,
cj-143,cangjie,2,143,Lesson 143,第143課,R;S;Q;L;Y;O;I;K;J;D;H;A;V;N;T;M,R;L;O;K;D;Q;V;N;J,A;D;H;I;J;K;L;M;N;O;Q;R;S;T;V;Y,u54eb,哫,U+54EB,,,RRYO,RO,zuk1,to cajole,1,2,6,2,0.8,12,cj-142,10,
cj-143,cangjie,2,143,Lesson 143,第143課,R;S;Q;L;Y;O;I;K;J;D;H;A;V;N;T;M,R;L;O;K;D;Q;V;N;J,A;D;H;I;J;K;L;M;N;O;Q;R;S;T;V;Y,u54ed,哭,U+54ED,,,RRIK,RK,huk1,"weep, cry, wail",1,2,6,2,0.8,12,cj-142,10,
cj-143,cangjie,2,143,Lesson 143,第143課,R;S;Q;L;Y;O;I;K;J;D;H;A;V;N;T;M,R;L;O;K;D;Q;V;N;J,A;D;H;I;J;K;L;M;N;O;Q;R;S;T;V;Y,u54ee,哮,U+54EE,,,RJKD,RD,haau1,cough; pant; roar,1,2,6,2,0.8,12,cj-142,10,
cj-143,cangjie,2,143,Lesson 143,第143課,R;S;Q;L;Y;O;I;K;J;D;H;A;V;N;T;M,R;L;O;K;D;Q;V;N;J,A;D;H;I;J;K;L;M;N;O;Q;R;S;T;V;Y,u54f0,哰,U+54F0,,,RJHQ,RQ,lou4,incoherent chatter,1,2,6,2,0.8,12,cj-142,10,
cj-143,cangjie,2,143,Lesson 143,第143課,R;S;Q;L;Y;O;I;K;J;D;H;A;V;N;T;M,R;L;O;K;D;Q;V;N;J,A;D;H;I;J;K;L;M;N;O;Q;R;S;T;V;Y,u54f2,哲,U+54F2,,,QLR,QR,zit3,"wise, sagacious; wise man, sage",1,2,6,2,0.8,12,cj-142,10,
cj-143,cangjie,2,143,Lesson 143,第143課,R;S;Q;L;Y;O;I;K;J;D;H;A;V;N;T;M,R;L;O;K;D;Q;V;N;J,A;D;H;I;J;K;L;M;N;O;Q;R;S;T;V;Y,u54f3,哳,U+54F3,,,RQHL,RL,zaat3,to twitter,1,2,6,2,0.8,12,cj-142,10,
cj-143,cangjie,2,143,Lesson 143,第143課,R;S;Q;L;Y;O;I;K;J;D;H;A;V;N;T;M,R;L;O;K;D;Q;V;N;J,A;D;H;I;J;K;L;M;N;O;Q;R;S;T;V;Y,u54f4,哴,U+54F4,,,RIAV,RV,loeng6,crying of infants,1,2,6,2,0.8,12,cj-142,10,
cj-143,cangjie,2,143,Lesson 143,第143課,R;S;Q;L;Y;O;I;K;J;D;H;A;V;N;T;M,R;L;O;K;D;Q;V;N;J,A;D;H;I;J;K;L;M;N;O;Q;R;S;T;V;Y,u54f5,哵,U+54F5,,,RRSN,RN,baat3,the cry of a bird,1,2,6,2,0.8,12,cj-142,10,
cj-143,cangjie,2,143,Lesson 143,第143課,R;S;Q;L;Y;O;I;K;J;D;H;A;V;N;T;M,R;L;O;K;D;Q;V;N;J,A;D;H;I;J;K;L;M;N;O;Q;R;S;T;V;Y,u54f6,哶,U+54F6,,,RTMJ,RJ,me1,bleat,1,2,6,2,0.8,12,cj-142,10,
cj-144,cangjie,2,144,Lesson 144,第144課,R;I;J;B;Y;N;M;L;K;C;O;U;E;V,R;B;N;K;C;E;M,B;C;E;I;J;K;L;M;N;O;R;U;V;Y,u54fa,哺,U+54FA,,,RIJB,RB,bou6,chew food; feed,1,2,6,2,0.8,12,cj-143,10,
cj-144,cangjie,2,144,Lesson 144,第144課,R;I;J;B;Y;N;M;L;K;C;O;U;E;V,R;B;N;K;C;E;M,B;C;E;I;J;K;L;M;N;O;R;U;V;Y,u54fc,哼,U+54FC,,,RYRN,RN,hang1,"hum; sing softly; groan, moan; (Cant.) an interjecting indicating disapproval",1,2,6,2,0.8,12,cj-143,10,
cj-144,cangjie,2,144,Lesson 144,第144課,R;I;J;B;Y;N;M;L;K;C;O;U;E;V,R;B;N;K;C;E;M,B;C;E;I;J;K;L;M;N;O;R;U;V;Y,u54fd,哽,U+54FD,,,RMLK,RK,gang2,choke (with grief),1,2,6,2,0.8,12,cj-143,10,
cj-144,cangjie,2,144,Lesson 144,第144課,R;I;J;B;Y;N;M;L;K;C;O;U;E;V,R;B;N;K;C;E;M,B;C;E;I;J;K;L;M;N;O;R;U;V;Y,u54ff,哿,U+54FF,,,KRMNR,KR,go2,excellent; to commend to be able to,1,2,6,2,0.8,12,cj-143,10,
cj-144,cangjie,2,144,Lesson 144,第144課,R;I;J;B;Y;N;M;L;K;C;O;U;E;V,R;B;N;K;C;E;M,B;C;E;I;J;K;L;M;N;O;R;U;V;Y,u5501,唁,U+5501,,,RYMR,RR,jin6,express condolence,1,2,6,2,0.8,12,cj-143,10,
cj-144,cangjie,2,144,Lesson 144,第144課,R;I;J;B;Y;N;M;L;K;C;O;U;E;V,R;B;N;K;C;E;M,B;C;E;I;J;K;L;M;N;O;R;U;V;Y,u5502,唂,U+5502,,,RCOR,RR,guk1,(Cant.) phonetic; in a bad mood,1,2,6,2,0.8,12,cj-143,10,
cj-144,cangjie,2,144,Lesson 144,第144課,R;I;J;B;Y;N;M;L;K;C;O;U;E;V,R;B;N;K;C;E;M,B;C;E;I;J;K;L;M;N;O;R;U;V;Y,u5504,唄,U+5504,,,RBUC,RC,baai6,final particle of assertion,1,2,6,2,0.8,12,cj-143,10,
cj-144,cangjie,2,144,Lesson 144,第144課,R;I;J;B;Y;N;M;L;K;C;O;U;E;V,R;B;N;K;C;E;M,B;C;E;I;J;K;L;M;N;O;R;U;V;Y,u5505,唅,U+5505,,,ROIR,RR,ham4,"a sound; to put in the mouth; (Cant.) to grunt, grumble",1,2,6,2,0.8,12,cj-143,10,
cj-144,cangjie,2,144,Lesson 144,第144課,R;I;J;B;Y;N;M;L;K;C;O;U;E;V,R;B;N;K;C;E;M,B;C;E;I;J;K;L;M;N;O;R;U;V;Y,u5506,唆,U+5506,,,RICE,RE,so1,"make mischief, incite, instigate",1,2,6,2,0.8,12,cj-143,10,
cj-144,cangjie,2,144,Lesson 144,第144課,R;I;J;B;Y;N;M;L;K;C;O;U;E;V,R;B;N;K;C;E;M,B;C;E;I;J;K;L;M;N;O;R;U;V;Y,u5507,唇,U+5507,,,MVR,MR,seon4,lips,1,2,6,2,0.8,12,cj-143,10,
cj-145,cangjie,2,145,Lesson 145,第145課,R;A;U;I;O;K;H;D;N;B;L;G;J;W;M,R;U;K;O;N;B;I;G;J,A;B;D;G;H;I;J;K;L;M;N;O;R;U;W,u5508,唈,U+5508,,,RRAU,RU,jap1,to sob,1,2,6,2,0.8,12,cj-144,10,
cj-145,cangjie,2,145,Lesson 145,第145課,R;A;U;I;O;K;H;D;N;B;L;G;J;W;M,R;U;K;O;N;B;I;G;J,A;B;D;G;H;I;J;K;L;M;N;O;R;U;W,u5509,唉,U+5509,,,RIOK,RK,aai1,"alas, exclamation of surprise or pain",1,2,6,2,0.8,12,cj-144,10,
cj-145,cangjie,2,145,Lesson 145,第145課,R;A;U;I;O;K;H;D;N;B;L;G;J;W;M,R;U;K;O;N;B;I;G;J,A;B;D;G;H;I;J;K;L;M;N;O;R;U;W,u550a,唊,U+550A,,,RKOO,RO,gaap3,"(Cant.) to hold fast, press",1,2,6,2,0.8,12,cj-144,10,
cj-145,cangjie,2,145,Lesson 145,第145課,R;A;U;I;O;K;H;D;N;B;L;G;J;W;M,R;U;K;O;N;B;I;G;J,A;B;D;G;H;I;J;K;L;M;N;O;R;U;W,u550e,唎,U+550E,,,RHDN,RN,li1,"sound, noise; final particle",1,2,6,2,0.8,12,cj-144,10,
cj-145,cangjie,2,145,Lesson 145,第145課,R;A;U;I;O;K;H;D;N;B;L;G;J;W;M,R;U;K;O;N;B;I;G;J,A;B;D;G;H;I;J;K;L;M;N;O;R;U;W,u550f,唏,U+550F,,,RKKB,RB,hei1,weep or sob; grieve,1,2,6,2,0.8,12,cj-144,10,
cj-145,cangjie,2,145,Lesson 145,第145課,R;A;U;I;O;K;H;D;N;B;L;G;J;W;M,R;U;K;O;N;B;I;G;J,A;B;D;G;H;I;J;K;L;M;N;O;R;U;W,u5510,唐,U+5510,,,ILR,IR,tong4,Tang dynasty; Chinese,1,2,6,2,0.8,12,cj-144,10,
cj-145,cangjie,2,145,Lesson 145,第145課,R;A;U;I;O;K;H;D;N;B;L;G;J;W;M,R;U;K;O;N;B;I;G;J,A;B;D;G;H;I;J;K;L;M;N;O;R;U;W,u5511,唑,U+5511,,,ROOG,RG,zo6,(chem.) azole,1,2,6,2,0.8,12,cj-144,10,
cj-145,cangjie,2,145,Lesson 145,第145課,R;A;U;I;O;K;H;D;N;B;L;G;J;W;M,R;U;K;O;N;B;I;G;J,A;B;D;G;H;I;J;K;L;M;N;O;R;U;W,u5513,唓,U+5513,,,RJWJ,RJ,ce1,(Cant.) interjection,1,2,6,2,0.8,12,cj-144,10,
cj-145,cangjie,2,145,Lesson 145,第145課,R;A;U;I;O;K;H;D;N;B;L;G;J;W;M,R;U;K;O;N;B;I;G;J,A;B;D;G;H;I;J;K;L;M;N;O;R;U;W,u5514,唔,U+5514,,,RMMR,RR,m4,"hold in mouth; bite; (Cant.) not, negation",1,2,6,2,0.8,12,cj-144,10,
cj-145,cangjie,2,145,Lesson 145,第145課,R;A;U;I;O;K;H;D;N;B;L;G;J;W;M,R;U;K;O;N;B;I;G;J,A;B;D;G;H;I;J;K;L;M;N;O;R;U;W,u5515,唕,U+5515,,,RHAJ,RJ,zou6,chatter,1,2,6,2,0.8,12,cj-144,10,
cj-146,cangjie,2,146,Lesson 146,第146課,R;M;L;G;Y;O;K;H;F;S;E;Q;B;J;I;P;T,R;M;O;F;E;J;G;P;S;B,B;E;F;G;H;I;J;K;L;M;O;P;Q;R;S;T;Y,u5516,唖,U+5516,,,RMLM,RM,aa2,"dumb, mute; become hoarse",1,2,6,2,0.8,12,cj-145,10,
cj-146,cangjie,2,146,Lesson 146,第146課,R;M;L;G;Y;O;K;H;F;S;E;Q;B;J;I;P;T,R;M;O;F;E;J;G;P;S;B,B;E;F;G;H;I;J;K;L;M;O;P;Q;R;S;T;Y,u5517,唗,U+5517,,,RGYO,RO,dau1,interjection: greeting or sigh,1,2,6,2,0.8,12,cj-145,10,
cj-146,cangjie,2,146,Lesson 146,第146課,R;M;L;G;Y;O;K;H;F;S;E;Q;B;J;I;P;T,R;M;O;F;E;J;G;P;S;B,B;E;F;G;H;I;J;K;L;M;O;P;Q;R;S;T;Y,u5519,唙,U+5519,,,RKHF,RF,dik6,backbite,1,2,6,2,0.8,12,cj-145,10,
cj-146,cangjie,2,146,Lesson 146,第146課,R;M;L;G;Y;O;K;H;F;S;E;Q;B;J;I;P;T,R;M;O;F;E;J;G;P;S;B,B;E;F;G;H;I;J;K;L;M;O;P;Q;R;S;T;Y,u551a,唚,U+551A,,,RSME,RE,cam3,vomiting of animals; to use bad language,1,2,6,2,0.8,12,cj-145,10,
cj-146,cangjie,2,146,Lesson 146,第146課,R;M;L;G;Y;O;K;H;F;S;E;Q;B;J;I;P;T,R;M;O;F;E;J;G;P;S;B,B;E;F;G;H;I;J;K;L;M;O;P;Q;R;S;T;Y,u551b,唛,U+551B,,,RQME,RE,mak1,mark,1,2,6,2,0.8,12,cj-145,10,
cj-146,cangjie,2,146,Lesson 146,第146課,R;M;L;G;Y;O;K;H;F;S;E;Q;B;J;I;P;T,R;M;O;F;E;J;G;P;S;B,B;E;F;G;H;I;J;K;L;M;O;P;Q;R;S;T;Y,u551d,唝,U+551D,,,RMBO,RO,gung3,used in place and other names,1,2,6,2,0.8,12,cj-145,10,
cj-146,cangjie,2,146,Lesson 146,第146課,R;M;L;G;Y;O;K;H;F;S;E;Q;B;J;I;P;T,R;M;O;F;E;J;G;P;S;B,B;E;F;G;H;I;J;K;L;M;O;P;Q;R;S;T;Y,u551e,唞,U+551E,,,RQYJ,RJ,tau2,(Cant.) to gasp; to breathe; to rest,1,2,6,2,0.8,12,cj-145,10,
cj-146,cangjie,2,146,Lesson 146,第146課,R;M;L;G;Y;O;K;H;F;S;E;Q;B;J;I;P;T,R;M;O;F;E;J;G;P;S;B,B;E;F;G;H;I;J;K;L;M;O;P;Q;R;S;T;Y,u551f,唟,U+551F,,,GIRP,GP,heoi3,place name,1,2,6,2,0.8,12,cj-145,10,
cj-146,cangjie,2,146,Lesson 146,第146課,R;M;L;G;Y;O;K;H;F;S;E;Q;B;J;I;P;T,R;M;O;F;E;J;G;P;S;B,B;E;F;G;H;I;J;K;L;M;O;P;Q;R;S;T;Y,u5520,唠,U+5520,,,RTBS,RS,lou4,"chat, jaw, gossip, talk",1,2,6,2,0.8,12,cj-145,10,
cj-146,cangjie,2,146,Lesson 146,第146課,R;M;L;G;Y;O;K;H;F;S;E;Q;B;J;I;P;T,R;M;O;F;E;J;G;P;S;B,B;E;F;G;H;I;J;K;L;M;O;P;Q;R;S;T;Y,u5521,唡,U+5521,,,RMOB,RB,loeng2,ounce,1,2,6,2,0.8,12,cj-145,10,
cj-147,cangjie,2,147,Lesson 147,第147課,R;F;B;O;H;A;P;N;K;I;M;L;Q;C;Y;G,R;O;P;K;I;L;M;Q;C;N,A;B;C;F;G;H;I;K;L;M;N;O;P;Q;R;Y,u5522,唢,U+5522,,,RFBO,RO,so2,flute-like musical instrument,1,2,6,2,0.8,12,cj-146,10,
cj-147,cangjie,2,147,Lesson 147,第147課,R;F;B;O;H;A;P;N;K;I;M;L;Q;C;Y;G,R;O;P;K;I;L;M;Q;C;N,A;B;C;F;G;H;I;K;L;M;N;O;P;Q;R;Y,u5523,唣,U+5523,,,RHAP,RP,zou6,chatter,1,2,6,2,0.8,12,cj-146,10,
cj-147,cangjie,2,147,Lesson 147,第147課,R;F;B;O;H;A;P;N;K;I;M;L;Q;C;Y;G,R;O;P;K;I;L;M;Q;C;N,A;B;C;F;G;H;I;K;L;M;N;O;P;Q;R;Y,u5524,唤,U+5524,,,RNBK,RK,wun6,call,1,2,6,2,0.8,12,cj-146,10,
cj-147,cangjie,2,147,Lesson 147,第147課,R;F;B;O;H;A;P;N;K;I;M;L;Q;C;Y;G,R;O;P;K;I;L;M;Q;C;N,A;B;C;F;G;H;I;K;L;M;N;O;P;Q;R;Y,u5525,唥,U+5525,,,RIMI,RI,laang6,"(Cant.) a bundle; onomatopoetic; round, circular; guys (slang)",1,2,6,2,0.8,12,cj-146,10,
cj-147,cangjie,2,147,Lesson 147,第147課,R;F;B;O;H;A;P;N;K;I;M;L;Q;C;Y;G,R;O;P;K;I;L;M;Q;C;N,A;B;C;F;G;H;I;K;L;M;N;O;P;Q;R;Y,u5527,唧,U+5527,,,RAIL,RL,zik1,chirping of insects; pump; (Cant.) a final particle,1,2,6,2,0.8,12,cj-146,10,
cj-147,cangjie,2,147,Lesson 147,第147課,R;F;B;O;H;A;P;N;K;I;M;L;Q;C;Y;G,R;O;P;K;I;L;M;Q;C;N,A;B;C;F;G;H;I;K;L;M;N;O;P;Q;R;Y,u5528,唨,U+5528,,,RNLM,RM,zo2,(Cant.) particle indicating past tense,1,2,6,2,0.8,12,cj-146,10,
cj-147,cangjie,2,147,Lesson 147,第147課,R;F;B;O;H;A;P;N;K;I;M;L;Q;C;Y;G,R;O;P;K;I;L;M;Q;C;N,A;B;C;F;G;H;I;K;L;M;N;O;P;Q;R;Y,u552a,唪,U+552A,,,RQKQ,RQ,fung2,"to recite, to intone or chant",1,2,6,2,0.8,12,cj-146,10,
cj-147,cangjie,2,147,Lesson 147,第147課,R;F;B;O;H;A;P;N;K;I;M;L;Q;C;Y;G,R;O;P;K;I;L;M;Q;C;N,A;B;C;F;G;H;I;K;L;M;N;O;P;Q;R;Y,u552b,唫,U+552B,,,RC,RC,jam4,"to hum, to intone, etc. to close, to shut",1,2,6,2,0.8,12,cj-146,10,
cj-147,cangjie,2,147,Lesson 147,第147課,R;F;B;O;H;A;P;N;K;I;M;L;Q;C;Y;G,R;O;P;K;I;L;M;Q;C;N,A;B;C;F;G;H;I;K;L;M;N;O;P;Q;R;Y,u552c,唬,U+552C,,,RYPN,RN,fu2,to intimidate; to scare,1,2,6,2,0.8,12,cj-146,10,
cj-147,cangjie,2,147,Lesson 147,第147課,R;F;B;O;H;A;P;N;K;I;M;L;Q;C;Y;G,R;O;P;K;I;L;M;Q;C;N,A;B;C;F;G;H;I;K;L;M;N;O;P;Q;R;Y,u552e,售,U+552E,,,OGR,OR,sau6,sell,1,2,6,2,0.8,12,cj-146,10,
cj-148,cangjie,2,148,Lesson 148,第148課,R;O;G;S;B;N;A;H;X;U;K;L;T;Y;I;P,R;G;N;A;U;K;B;P;Y,A;B;G;H;I;K;L;N;O;P;R;S;T;U;X;Y,u552f,唯,U+552F,,,ROG,RG,wai4,only; yes,1,2,6,2,0.8,12,cj-147,10,
cj-148,cangjie,2,148,Lesson 148,第148課,R;O;G;S;B;N;A;H;X;U;K;L;T;Y;I;P,R;G;N;A;U;K;B;P;Y,A;B;G;H;I;K;L;N;O;P;R;S;T;U;X;Y,u5530,唰,U+5530,,,RSBN,RN,caat3,"swish, rustle",1,2,6,2,0.8,12,cj-147,10,
cj-148,cangjie,2,148,Lesson 148,第148課,R;O;G;S;B;N;A;H;X;U;K;L;T;Y;I;P,R;G;N;A;U;K;B;P;Y,A;B;G;H;I;K;L;N;O;P;R;S;T;U;X;Y,u5531,唱,U+5531,,,RAA,RA,coeng3,"sing, chant, call; ditty, song",1,2,6,2,0.8,12,cj-147,10,
cj-148,cangjie,2,148,Lesson 148,第148課,R;O;G;S;B;N;A;H;X;U;K;L;T;Y;I;P,R;G;N;A;U;K;B;P;Y,A;B;G;H;I;K;L;N;O;P;R;S;T;U;X;Y,u5532,唲,U+5532,,,RHXU,RU,ji4,forced laughter,1,2,6,2,0.8,12,cj-147,10,
cj-148,cangjie,2,148,Lesson 148,第148課,R;O;G;S;B;N;A;H;X;U;K;L;T;Y;I;P,R;G;N;A;U;K;B;P;Y,A;B;G;H;I;K;L;N;O;P;R;S;T;U;X;Y,u5533,唳,U+5533,,,RHSK,RK,leoi6,cry of bird; cry,1,2,6,2,0.8,12,cj-147,10,
cj-148,cangjie,2,148,Lesson 148,第148課,R;O;G;S;B;N;A;H;X;U;K;L;T;Y;I;P,R;G;N;A;U;K;B;P;Y,A;B;G;H;I;K;L;N;O;P;R;S;T;U;X;Y,u5535,唵,U+5535,,,RKLU,RU,am2,used in Buddhist texts to transliterate non-Chinese sounds; to eat with the hand,1,2,6,2,0.8,12,cj-147,10,
cj-148,cangjie,2,148,Lesson 148,第148課,R;O;G;S;B;N;A;H;X;U;K;L;T;Y;I;P,R;G;N;A;U;K;B;P;Y,A;B;G;H;I;K;L;N;O;P;R;S;T;U;X;Y,u5536,唶,U+5536,,,RTA,RA,ze3,"sigh, groan; loud laughter",1,2,6,2,0.8,12,cj-147,10,
cj-148,cangjie,2,148,Lesson 148,第148課,R;O;G;S;B;N;A;H;X;U;K;L;T;Y;I;P,R;G;N;A;U;K;B;P;Y,A;B;G;H;I;K;L;N;O;P;R;S;T;U;X;Y,u5537,唷,U+5537,,,RYIB,RB,jo1,final particle,1,2,6,2,0.8,12,cj-147,10,
cj-148,cangjie,2,148,Lesson 148,第148課,R;O;G;S;B;N;A;H;X;U;K;L;T;Y;I;P,R;G;N;A;U;K;B;P;Y,A;B;G;H;I;K;L;N;O;P;R;S;T;U;X;Y,u5538,唸,U+5538,,,ROIP,RP,nim6,"recite, read, chant",1,2,6,2,0.8,12,cj-147,10,
cj-148,cangjie,2,148,Lesson 148,第148課,R;O;G;S;B;N;A;H;X;U;K;L;T;Y;I;P,R;G;N;A;U;K;B;P;Y,A;B;G;H;I;K;L;N;O;P;R;S;T;U;X;Y,u5539,唹,U+5539,,,RYSY,RY,jyu1,to smile at,1,2,6,2,0.8,12,cj-147,10,
cj-149,cangjie,2,149,Lesson 149,第149課,R;Y;T;V;D;H;L;J;M;P;G;B;S;O;C,R;V;L;M;P;G;B;O;Y,B;C;D;G;H;J;L;M;O;P;R;S;T;V;Y,u553c,唼,U+553C,,,RYTV,RV,saap3,speaking evil; gobbling sound made by ducks,1,2,6,2,0.8,12,cj-148,10,
cj-149,cangjie,2,149,Lesson 149,第149課,R;Y;T;V;D;H;L;J;M;P;G;B;S;O;C,R;V;L;M;P;G;B;O;Y,B;C;D;G;H;J;L;M;O;P;R;S;T;V;Y,u553d,唽,U+553D,,,RDHL,RL,sik1,to twitter,1,2,6,2,0.8,12,cj-148,10,
cj-149,cangjie,2,149,Lesson 149,第149課,R;Y;T;V;D;H;L;J;M;P;G;B;S;O;C,R;V;L;M;P;G;B;O;Y,B;C;D;G;H;J;L;M;O;P;R;S;T;V;Y,u553e,唾,U+553E,,,RHJM,RM,to3,"spit, spit on; saliva",1,2,6,2,0.8,12,cj-148,10,
cj-149,cangjie,2,149,Lesson 149,第149課,R;Y;T;V;D;H;L;J;M;P;G;B;S;O;C,R;V;L;M;P;G;B;O;Y,B;C;D;G;H;J;L;M;O;P;R;S;T;V;Y,u553f,唿,U+553F,,,RPHP,RP,fat1,"sad; (Cant.) a bit, part",1,2,6,2,0.8,12,cj-148,10,
cj-149,cangjie,2,149,Lesson 149,第149課,R;Y;T;V;D;H;L;J;M;P;G;B;S;O;C,R;V;L;M;P;G;B;O;Y,B;C;D;G;H;J;L;M;O;P;R;S;T;V;Y,u5540,啀,U+5540,,,RMGG,RG,ngaai4,"gnaw; (Cant.) to shout, yell, scold",1,2,6,2,0.8,12,cj-148,10,
cj-149,cangjie,2,149,Lesson 149,第149課,R;Y;T;V;D;H;L;J;M;P;G;B;S;O;C,R;V;L;M;P;G;B;O;Y,B;C;D;G;H;J;L;M;O;P;R;S;T;V;Y,u5541,啁,U+5541,,,RBGR,RR,zau1,"chirp, twitter, twittering",1,2,6,2,0.8,12,cj-148,10,
cj-149,cangjie,2,149,Lesson 149,第149課,R;Y;T;V;D;H;L;J;M;P;G;B;S;O;C,R;V;L;M;P;G;B;O;Y,B;C;D;G;H;J;L;M;O;P;R;S;T;V;Y,u5543,啃,U+5543,,,RYMB,RB,hang2,"gnaw, chew, bite",1,2,6,2,0.8,12,cj-148,10,
cj-149,cangjie,2,149,Lesson 149,第149課,R;Y;T;V;D;H;L;J;M;P;G;B;S;O;C,R;V;L;M;P;G;B;O;Y,B;C;D;G;H;J;L;M;O;P;R;S;T;V;Y,u5544,啄,U+5544,,,RMSO,RO,doek3,to peck; (Cant.) to slander,1,2,6,2,0.8,12,cj-148,10,
cj-149,cangjie,2,149,Lesson 149,第149課,R;Y;T;V;D;H;L;J;M;P;G;B;S;O;C,R;V;L;M;P;G;B;O;Y,B;C;D;G;H;J;L;M;O;P;R;S;T;V;Y,u5546,商,U+5546,,,YCBR,YR,soeng1,"commerce, business, trade",1,2,6,2,0.8,12,cj-148,10,
cj-149,cangjie,2,149,Lesson 149,第149課,R;Y;T;V;D;H;L;J;M;P;G;B;S;O;C,R;V;L;M;P;G;B;O;Y,B;C;D;G;H;J;L;M;O;P;R;S;T;V;Y,u5547,啇,U+5547,,,YCBR,YR,dik1,to stalk; the stem; the foot; the base,1,2,6,2,0.8,12,cj-148,10,
cj-150,cangjie,2,150,Lesson 150,第150課,R;G;T;J;D;N;L;B;C;M;Y;O;A,R;J;D;M;O;A,A;B;C;D;G;J;L;M;N;O;R;T;Y,u5548,啈,U+5548,,,RGTJ,RJ,hang1,"to speak harshly, command sharply",1,2,6,2,0.8,12,cj-149,10,
cj-150,cangjie,2,150,Lesson 150,第150課,R;G;T;J;D;N;L;B;C;M;Y;O;A,R;J;D;M;O;A,A;B;C;D;G;J;L;M;N;O;R;T;Y,u5549,啉,U+5549,,,RDD,RD,lam4,stupid; slow,1,2,6,2,0.8,12,cj-149,10,
cj-150,cangjie,2,150,Lesson 150,第150課,R;G;T;J;D;N;L;B;C;M;Y;O;A,R;J;D;M;O;A,A;B;C;D;G;J;L;M;N;O;R;T;Y,u554a,啊,U+554A,,,RNLR,RR,aa1,exclamatory particle,1,2,6,2,0.8,12,cj-149,10,
cj-150,cangjie,2,150,Lesson 150,第150課,R;G;T;J;D;N;L;B;C;M;Y;O;A,R;J;D;M;O;A,A;B;C;D;G;J;L;M;N;O;R;T;Y,u554b,啋,U+554B,,,RBD,RD,coi1,(Cant.) an interjection used to berate someone,1,2,6,2,0.8,12,cj-149,10,
cj-150,cangjie,2,150,Lesson 150,第150課,R;G;T;J;D;N;L;B;C;M;Y;O;A,R;J;D;M;O;A,A;B;C;D;G;J;L;M;N;O;R;T;Y,u554c,啌,U+554C,,,RJCM,RM,hong1,animal disease,1,2,6,2,0.8,12,cj-149,10,
cj-150,cangjie,2,150,Lesson 150,第150課,R;G;T;J;D;N;L;B;C;M;Y;O;A,R;J;D;M;O;A,A;B;C;D;G;J;L;M;N;O;R;T;Y,u554d,啍,U+554D,,,RYRD,RD,teon1,"creak; (Cant.) to babble, gibberish",1,2,6,2,0.8,12,cj-149,10,
cj-150,cangjie,2,150,Lesson 150,第150課,R;G;T;J;D;N;L;B;C;M;Y;O;A,R;J;D;M;O;A,A;B;C;D;G;J;L;M;N;O;R;T;Y,u554e,啎,U+554E,,,OJMMR,OR,ng5,"obstinate, disobedient, intractable",1,2,6,2,0.8,12,cj-149,10,
cj-150,cangjie,2,150,Lesson 150,第150課,R;G;T;J;D;N;L;B;C;M;Y;O;A,R;J;D;M;O;A,A;B;C;D;G;J;L;M;N;O;R;T;Y,u554f,問,U+554F,,,ANR,AR,man6,"ask (about), inquire after",1,2,6,2,0.8,12,cj-149,10,
cj-150,cangjie,2,150,Lesson 150,第150課,R;G;T;J;D;N;L;B;C;M;Y;O;A,R;J;D;M;O;A,A;B;C;D;G;J;L;M;N;O;R;T;Y,u5550,啐,U+5550,,,RYOJ,RJ,ceoi3,"to taste, to sip; to spit; the sound of sipping; to surprise",1,2,6,2,0.8,12,cj-149,10,
cj-150,cangjie,2,150,Lesson 150,第150課,R;G;T;J;D;N;L;B;C;M;Y;O;A,R;J;D;M;O;A,A;B;C;D;G;J;L;M;N;O;R;T;Y,u5551,啑,U+5551,,,RJLO,RO,saap3,to gobble,1,2,6,2,0.8,12,cj-149,10,
cj-151,cangjie,2,151,Lesson 151,第151課,H;K;R;I;P;O;U;F;N;X;Y;J;W;L;V;E;D,H;R;U;F;X;Y;V;E,D;E;F;H;I;J;K;L;N;O;P;R;U;V;W;X;Y,u5553,啓,U+5553,,,HKR,HR,kai2,"open; begin, commence; explain",1,2,6,2,0.8,12,cj-150,10,
cj-151,cangjie,2,151,Lesson 151,第151課,H;K;R;I;P;O;U;F;N;X;Y;J;W;L;V;E;D,H;R;U;F;X;Y;V;E,D;E;F;H;I;J;K;L;N;O;P;R;U;V;W;X;Y,u5554,啔,U+5554,,,HIR,HR,kai2,"to open; begin, commence; explain",1,2,6,2,0.8,12,cj-150,10,
cj-151,cangjie,2,151,Lesson 151,第151課,H;K;R;I;P;O;U;F;N;X;Y;J;W;L;V;E;D,H;R;U;F;X;Y;V;E,D;E;F;H;I;J;K;L;N;O;P;R;U;V;W;X;Y,u5555,啕,U+5555,,,RPOU,RU,tou4,wail,1,2,6,2,0.8,12,cj-150,10,
cj-151,cangjie,2,151,Lesson 151,第151課,H;K;R;I;P;O;U;F;N;X;Y;J;W;L;V;E;D,H;R;U;F;X;Y;V;E,D;E;F;H;I;J;K;L;N;O;P;R;U;V;W;X;Y,u5556,啖,U+5556,,,RFF,RF,daam6,"eat, feed; chew, bite; entice",1,2,6,2,0.8,12,cj-150,10,
cj-151,cangjie,2,151,Lesson 151,第151課,H;K;R;I;P;O;U;F;N;X;Y;J;W;L;V;E;D,H;R;U;F;X;Y;V;E,D;E;F;H;I;J;K;L;N;O;P;R;U;V;W;X;Y,u5557,啗,U+5557,,,RNHX,RX,daam6,"eat, chew, bite; entice, lure",1,2,6,2,0.8,12,cj-150,10,
cj-151,cangjie,2,151,Lesson 151,第151課,H;K;R;I;P;O;U;F;N;X;Y;J;W;L;V;E;D,H;R;U;F;X;Y;V;E,D;E;F;H;I;J;K;L;N;O;P;R;U;V;W;X;Y,u5559,啙,U+5559,,,YPRR,YR,zi2,poor,1,2,6,2,0.8,12,cj-150,10,
cj-151,cangjie,2,151,Lesson 151,第151課,H;K;R;I;P;O;U;F;N;X;Y;J;W;L;V;E;D,H;R;U;F;X;Y;V;E,D;E;F;H;I;J;K;L;N;O;P;R;U;V;W;X;Y,u555a,啚,U+555A,,,RJWR,RR,pei2,"low, mean",1,2,6,2,0.8,12,cj-150,10,
cj-151,cangjie,2,151,Lesson 151,第151課,H;K;R;I;P;O;U;F;N;X;Y;J;W;L;V;E;D,H;R;U;F;X;Y;V;E,D;E;F;H;I;J;K;L;N;O;P;R;U;V;W;X;Y,u555b,啛,U+555B,,,RJLV,RV,ceoi3,(Cant.) interjection (used by men),1,2,6,2,0.8,12,cj-150,10,
cj-151,cangjie,2,151,Lesson 151,第151課,H;K;R;I;P;O;U;F;N;X;Y;J;W;L;V;E;D,H;R;U;F;X;Y;V;E,D;E;F;H;I;J;K;L;N;O;P;R;U;V;W;X;Y,u555c,啜,U+555C,,,REEE,RE,zyut3,"sip, suck up; sob, weep",1,2,6,2,0.8,12,cj-150,10,
cj-151,cangjie,2,151,Lesson 151,第151課,H;K;R;I;P;O;U;F;N;X;Y;J;W;L;V;E;D,H;R;U;F;X;Y;V;E,D;E;F;H;I;J;K;L;N;O;P;R;U;V;W;X;Y,u555d,啝,U+555D,,,RHDR,RR,wo3,(Cant.) final particle expressing surprise,1,2,6,2,0.8,12,cj-150,10,
cj-152,cangjie,2,152,Lesson 152,第152課,R;M;L;H;O;K;Y;B;W;J;Q;T;G,R;M;H;K;Y;B;L;J;T;O,B;G;H;J;K;L;M;O;Q;R;T;W;Y,u555e,啞,U+555E,,,RMLM,RM,aa2,"dumb, mute; become hoarse",1,2,6,2,0.8,12,cj-151,10,
cj-152,cangjie,2,152,Lesson 152,第152課,R;M;L;H;O;K;Y;B;W;J;Q;T;G,R;M;H;K;Y;B;L;J;T;O,B;G;H;J;K;L;M;O;Q;R;T;W;Y,u555f,啟,U+555F,,,HROK,HK,kai2,open; begin,1,2,6,2,0.8,12,cj-151,10,
cj-152,cangjie,2,152,Lesson 152,第152課,R;M;L;H;O;K;Y;B;W;J;Q;T;G,R;M;H;K;Y;B;L;J;T;O,B;G;H;J;K;L;M;O;Q;R;T;W;Y,u5561,啡,U+5561,,,RLMY,RY,fe1,morphine; coffee,1,2,6,2,0.8,12,cj-151,10,
cj-152,cangjie,2,152,Lesson 152,第152課,R;M;L;H;O;K;Y;B;W;J;Q;T;G,R;M;H;K;Y;B;L;J;T;O,B;G;H;J;K;L;M;O;Q;R;T;W;Y,u5562,啢,U+5562,,,RMLB,RB,loeng2,ounce,1,2,6,2,0.8,12,cj-151,10,
cj-152,cangjie,2,152,Lesson 152,第152課,R;M;L;H;O;K;Y;B;W;J;Q;T;G,R;M;H;K;Y;B;L;J;T;O,B;G;H;J;K;L;M;O;Q;R;T;W;Y,u5563,啣,U+5563,,,ROML,RL,haam4,"hold in mouth; harbor, cherish",1,2,6,2,0.8,12,cj-151,10,
cj-152,cangjie,2,152,Lesson 152,第152課,R;M;L;H;O;K;Y;B;W;J;Q;T;G,R;M;H;K;Y;B;L;J;T;O,B;G;H;J;K;L;M;O;Q;R;T;W;Y,u5564,啤,U+5564,,,RHWJ,RJ,be1,beer,1,2,6,2,0.8,12,cj-151,10,
cj-152,cangjie,2,152,Lesson 152,第152課,R;M;L;H;O;K;Y;B;W;J;Q;T;G,R;M;H;K;Y;B;L;J;T;O,B;G;H;J;K;L;M;O;Q;R;T;W;Y,u5565,啥,U+5565,,,ROMR,RR,saa2,what?,1,2,6,2,0.8,12,cj-151,10,
cj-152,cangjie,2,152,Lesson 152,第152課,R;M;L;H;O;K;Y;B;W;J;Q;T;G,R;M;H;K;Y;B;L;J;T;O,B;G;H;J;K;L;M;O;Q;R;T;W;Y,u5566,啦,U+5566,,,RQYT,RT,laa1,final particle of assertion,1,2,6,2,0.8,12,cj-151,10,
cj-152,cangjie,2,152,Lesson 152,第152課,R;M;L;H;O;K;Y;B;W;J;Q;T;G,R;M;H;K;Y;B;L;J;T;O,B;G;H;J;K;L;M;O;Q;R;T;W;Y,u5567,啧,U+5567,,,RQMO,RO,zaak3,interjection of approval or admiration,1,2,6,2,0.8,12,cj-151,10,
cj-152,cangjie,2,152,Lesson 152,第152課,R;M;L;H;O;K;Y;B;W;J;Q;T;G,R;M;H;K;Y;B;L;J;T;O,B;G;H;J;K;L;M;O;Q;R;T;W;Y,u5569,啩,U+5569,,,RGGY,RY,gwaa3,(Cant.) particle implying probability,1,2,6,2,0.8,12,cj-151,10,
cj-153,cangjie,2,153,Lesson 153,第153課,R;Q;H;A;J;K;G;C;W;I;Y;M;U;L;N,R;A;G;I;U;N;J,A;C;G;H;I;J;K;L;M;N;Q;R;U;W;Y,u556a,啪,U+556A,,,RQHA,RA,paak1,syllable,1,2,6,2,0.8,12,cj-152,10,
cj-153,cangjie,2,153,Lesson 153,第153課,R;Q;H;A;J;K;G;C;W;I;Y;M;U;L;N,R;A;G;I;U;N;J,A;C;G;H;I;J;K;L;M;N;Q;R;U;W;Y,u556b,啫,U+556B,,,RJKA,RA,ze1,(Cant.) interjection of warning; phonetic; penis,1,2,6,2,0.8,12,cj-152,10,
cj-153,cangjie,2,153,Lesson 153,第153課,R;Q;H;A;J;K;G;C;W;I;Y;M;U;L;N,R;A;G;I;U;N;J,A;C;G;H;I;J;K;L;M;N;Q;R;U;W;Y,u556c,啬,U+556C,,,GCWR,GR,sik1,"miserly, thrifty; stingy",1,2,6,2,0.8,12,cj-152,10,
cj-153,cangjie,2,153,Lesson 153,第153課,R;Q;H;A;J;K;G;C;W;I;Y;M;U;L;N,R;A;G;I;U;N;J,A;C;G;H;I;J;K;L;M;N;Q;R;U;W;Y,u556d,啭,U+556D,,,RKQI,RI,zyun2,"sing, chirp, warble, twitter",1,2,6,2,0.8,12,cj-152,10,
cj-153,cangjie,2,153,Lesson 153,第153課,R;Q;H;A;J;K;G;C;W;I;Y;M;U;L;N,R;A;G;I;U;N;J,A;C;G;H;I;J;K;L;M;N;Q;R;U;W;Y,u556e,啮,U+556E,,,RYMU,RU,ngit6,"bite, gnaw",1,2,6,2,0.8,12,cj-152,10,
cj-153,cangjie,2,153,Lesson 153,第153課,R;Q;H;A;J;K;G;C;W;I;Y;M;U;L;N,R;A;G;I;U;N;J,A;C;G;H;I;J;K;L;M;N;Q;R;U;W;Y,u556f,啯,U+556F,,,RWMI,RI,gwok3,"gurgling sound, chattering",1,2,6,2,0.8,12,cj-152,10,
cj-153,cangjie,2,153,Lesson 153,第153課,R;Q;H;A;J;K;G;C;W;I;Y;M;U;L;N,R;A;G;I;U;N;J,A;C;G;H;I;J;K;L;M;N;Q;R;U;W;Y,u5570,啰,U+5570,,,RWLN,RN,lo1,phonetic,1,2,6,2,0.8,12,cj-152,10,
cj-153,cangjie,2,153,Lesson 153,第153課,R;Q;H;A;J;K;G;C;W;I;Y;M;U;L;N,R;A;G;I;U;N;J,A;C;G;H;I;J;K;L;M;N;Q;R;U;W;Y,u5571,啱,U+5571,,,RUMR,RR,ngaam1,"(Cant.) correct, right",1,2,6,2,0.8,12,cj-152,10,
cj-153,cangjie,2,153,Lesson 153,第153課,R;Q;H;A;J;K;G;C;W;I;Y;M;U;L;N,R;A;G;I;U;N;J,A;C;G;H;I;J;K;L;M;N;Q;R;U;W;Y,u5572,啲,U+5572,,,RHAI,RI,di1,(Cant.) a few,1,2,6,2,0.8,12,cj-152,10,
cj-153,cangjie,2,153,Lesson 153,第153課,R;Q;H;A;J;K;G;C;W;I;Y;M;U;L;N,R;A;G;I;U;N;J,A;C;G;H;I;J;K;L;M;N;Q;R;U;W;Y,u5574,啴,U+5574,,,RCWJ,RJ,taan1,pant; many,1,2,6,2,0.8,12,cj-152,10,
cj-154,cangjie,2,154,Lesson 154,第154課,R;E;D;J;M;O;I;L;S;Y;B;T;H;F,R;E;O;L;Y;B;T;F,B;D;E;F;H;I;J;L;M;O;R;S;T;Y,u5575,啵,U+5575,,,REDE,RE,bo3,phonetic,1,2,6,2,0.8,12,cj-153,10,
cj-154,cangjie,2,154,Lesson 154,第154課,R;E;D;J;M;O;I;L;S;Y;B;T;H;F,R;E;O;L;Y;B;T;F,B;D;E;F;H;I;J;L;M;O;R;S;T;Y,u5576,啶,U+5576,,,RJMO,RO,ding6,phonetic used in pyridine and pyrimidine,1,2,6,2,0.8,12,cj-153,10,
cj-154,cangjie,2,154,Lesson 154,第154課,R;E;D;J;M;O;I;L;S;Y;B;T;H;F,R;E;O;L;Y;B;T;F,B;D;E;F;H;I;J;L;M;O;R;S;T;Y,u5577,啷,U+5577,,,RIIL,RL,long1,a clanging or rattling sound,1,2,6,2,0.8,12,cj-153,10,
cj-154,cangjie,2,154,Lesson 154,第154課,R;E;D;J;M;O;I;L;S;Y;B;T;H;F,R;E;O;L;Y;B;T;F,B;D;E;F;H;I;J;L;M;O;R;S;T;Y,u5578,啸,U+5578,,,RLLL,RL,siu3,"roar, howl, scream; whistle",1,2,6,2,0.8,12,cj-153,10,
cj-154,cangjie,2,154,Lesson 154,第154課,R;E;D;J;M;O;I;L;S;Y;B;T;H;F,R;E;O;L;Y;B;T;F,B;D;E;F;H;I;J;L;M;O;R;S;T;Y,u5579,啹,U+5579,,,RSJR,RR,goe1,"(Cant.) stupid, idiotic; to kill, slaughter; to roll or crumple into a ball; phonetic",1,2,6,2,0.8,12,cj-153,10,
cj-154,cangjie,2,154,Lesson 154,第154課,R;E;D;J;M;O;I;L;S;Y;B;T;H;F,R;E;O;L;Y;B;T;F,B;D;E;F;H;I;J;L;M;O;R;S;T;Y,u557b,啻,U+557B,,,YBR,YR,ci3,"only, merely; just like; stop at",1,2,6,2,0.8,12,cj-153,10,
cj-154,cangjie,2,154,Lesson 154,第154課,R;E;D;J;M;O;I;L;S;Y;B;T;H;F,R;E;O;L;Y;B;T;F,B;D;E;F;H;I;J;L;M;O;R;S;T;Y,u557c,啼,U+557C,,,RYBB,RB,tai4,"weep, whimper; howl, twitter",1,2,6,2,0.8,12,cj-153,10,
cj-154,cangjie,2,154,Lesson 154,第154課,R;E;D;J;M;O;I;L;S;Y;B;T;H;F,R;E;O;L;Y;B;T;F,B;D;E;F;H;I;J;L;M;O;R;S;T;Y,u557d,啽,U+557D,,,RORT,RT,am4,(Cant.) to speak,1,2,6,2,0.8,12,cj-153,10,
cj-154,cangjie,2,154,Lesson 154,第154課,R;E;D;J;M;O;I;L;S;Y;B;T;H;F,R;E;O;L;Y;B;T;F,B;D;E;F;H;I;J;L;M;O;R;S;T;Y,u557e,啾,U+557E,,,RHDF,RF,zau1,wailing of child; chirp,1,2,6,2,0.8,12,cj-153,10,
cj-154,cangjie,2,154,Lesson 154,第154課,R;E;D;J;M;O;I;L;S;Y;B;T;H;F,R;E;O;L;Y;B;T;F,B;D;E;F;H;I;J;L;M;O;R;S;T;Y,u5580,喀,U+5580,,,RJHR,RR,kaak3,vomit; used in transliterations,1,2,6,2,0.8,12,cj-153,10,
cj-155,cangjie,2,155,Lesson 155,第155課,R;W;L;B;M;V;J;T;G;D;N;P;A;O;K;I;H,R;B;V;J;T;G;N;A;K;D,A;B;D;G;H;I;J;K;L;M;N;O;P;R;T;V;W,u5581,喁,U+5581,,,RWLB,RB,jung4,"the mouth of a fish at the surface of the water, gasping for breath",1,2,6,2,0.8,12,cj-154,10,
cj-155,cangjie,2,155,Lesson 155,第155課,R;W;L;B;M;V;J;T;G;D;N;P;A;O;K;I;H,R;B;V;J;T;G;N;A;K;D,A;B;D;G;H;I;J;K;L;M;N;O;P;R;T;V;W,u5582,喂,U+5582,,,RWMV,RV,wai3,interjection to call attention,1,2,6,2,0.8,12,cj-154,10,
cj-155,cangjie,2,155,Lesson 155,第155課,R;W;L;B;M;V;J;T;G;D;N;P;A;O;K;I;H,R;B;V;J;T;G;N;A;K;D,A;B;D;G;H;I;J;K;L;M;N;O;P;R;T;V;W,u5583,喃,U+5583,,,RJBJ,RJ,naam4,"keep talking, chattering; mumble",1,2,6,2,0.8,12,cj-154,10,
cj-155,cangjie,2,155,Lesson 155,第155課,R;W;L;B;M;V;J;T;G;D;N;P;A;O;K;I;H,R;B;V;J;T;G;N;A;K;D,A;B;D;G;H;I;J;K;L;M;N;O;P;R;T;V;W,u5584,善,U+5584,,,TTR,TR,sin6,"good, virtuous, charitable, kind",1,2,6,2,0.8,12,cj-154,10,
cj-155,cangjie,2,155,Lesson 155,第155課,R;W;L;B;M;V;J;T;G;D;N;P;A;O;K;I;H,R;B;V;J;T;G;N;A;K;D,A;B;D;G;H;I;J;K;L;M;N;O;P;R;T;V;W,u5586,喆,U+5586,,,GRGR,GR,zit3,a sage; wise; sagacious,1,2,6,2,0.8,12,cj-154,10,
cj-155,cangjie,2,155,Lesson 155,第155課,R;W;L;B;M;V;J;T;G;D;N;P;A;O;K;I;H,R;B;V;J;T;G;N;A;K;D,A;B;D;G;H;I;J;K;L;M;N;O;P;R;T;V;W,u5587,喇,U+5587,,,RDLN,RN,laa3,"horn, bugle; lama; final particle",1,2,6,2,0.8,12,cj-154,10,
cj-155,cangjie,2,155,Lesson 155,第155課,R;W;L;B;M;V;J;T;G;D;N;P;A;O;K;I;H,R;B;V;J;T;G;N;A;K;D,A;B;D;G;H;I;J;K;L;M;N;O;P;R;T;V;W,u5588,喈,U+5588,,,RPPA,RA,gaai1,music; melody,1,2,6,2,0.8,12,cj-154,10,
cj-155,cangjie,2,155,Lesson 155,第155課,R;W;L;B;M;V;J;T;G;D;N;P;A;O;K;I;H,R;B;V;J;T;G;N;A;K;D,A;B;D;G;H;I;J;K;L;M;N;O;P;R;T;V;W,u5589,喉,U+5589,,,RONK,RK,hau4,"throat, gullet, larynx; guttural",1,2,6,2,0.8,12,cj-154,10,
cj-155,cangjie,2,155,Lesson 155,第155課,R;W;L;B;M;V;J;T;G;D;N;P;A;O;K;I;H,R;B;V;J;T;G;N;A;K;D,A;B;D;G;H;I;J;K;L;M;N;O;P;R;T;V;W,u558a,喊,U+558A,,,RIHR,RR,haam3,"shout, call out, yell; howl; cry",1,2,6,2,0.8,12,cj-154,10,
cj-155,cangjie,2,155,Lesson 155,第155課,R;W;L;B;M;V;J;T;G;D;N;P;A;O;K;I;H,R;B;V;J;T;G;N;A;K;D,A;B;D;G;H;I;J;K;L;M;N;O;P;R;T;V;W,u558b,喋,U+558B,,,RPTD,RD,dip6,"nag; chatter, babble, twitter",1,2,6,2,0.8,12,cj-154,10,
cj-156,cangjie,2,156,Lesson 156,第156課,R;I;L;B;T;K;Y;A;H;O;M;W;V;S;G;U;N,R;L;A;V;G;B;O,A;B;G;H;I;K;L;M;N;O;R;S;T;U;V;W;Y,u558c,喌,U+558C,,,RRILL,RL,zau1,syllable,1,2,6,2,0.8,12,cj-155,10,
cj-156,cangjie,2,156,Lesson 156,第156課,R;I;L;B;T;K;Y;A;H;O;M;W;V;S;G;U;N,R;L;A;V;G;B;O,A;B;G;H;I;K;L;M;N;O;R;S;T;U;V;W;Y,u558e,喎,U+558E,,,RBBR,RR,waa1,"a wry mouth; (Cant.) a final particle expressing contradiction, quotation, etc.",1,2,6,2,0.8,12,cj-155,10,
cj-156,cangjie,2,156,Lesson 156,第156課,R;I;L;B;T;K;Y;A;H;O;M;W;V;S;G;U;N,R;L;A;V;G;B;O,A;B;G;H;I;K;L;M;N;O;R;S;T;U;V;W;Y,u558f,喏,U+558F,,,RTKR,RR,je5,respectful reply of assent to superiors,1,2,6,2,0.8,12,cj-155,10,
cj-156,cangjie,2,156,Lesson 156,第156課,R;I;L;B;T;K;Y;A;H;O;M;W;V;S;G;U;N,R;L;A;V;G;B;O,A;B;G;H;I;K;L;M;N;O;R;S;T;U;V;W;Y,u5590,喐,U+5590,,,RKBL,RL,juk1,"(Cant.) to move, touch, hit",1,2,6,2,0.8,12,cj-155,10,
cj-156,cangjie,2,156,Lesson 156,第156課,R;I;L;B;T;K;Y;A;H;O;M;W;V;S;G;U;N,R;L;A;V;G;B;O,A;B;G;H;I;K;L;M;N;O;R;S;T;U;V;W;Y,u5591,喑,U+5591,,,RYTA,RA,jam1,to be dumb; the sobbing of infants,1,2,6,2,0.8,12,cj-155,10,
cj-156,cangjie,2,156,Lesson 156,第156課,R;I;L;B;T;K;Y;A;H;O;M;W;V;S;G;U;N,R;L;A;V;G;B;O,A;B;G;H;I;K;L;M;N;O;R;S;T;U;V;W;Y,u5592,喒,U+5592,,,RHOA,RA,zaa1,"a dual pronoun, I, you and me, we two",1,2,6,2,0.8,12,cj-155,10,
cj-156,cangjie,2,156,Lesson 156,第156課,R;I;L;B;T;K;Y;A;H;O;M;W;V;S;G;U;N,R;L;A;V;G;B;O,A;B;G;H;I;K;L;M;N;O;R;S;T;U;V;W;Y,u5593,喓,U+5593,,,RMWV,RV,jiu1,"chirping, buzzing; (Cant.) to call out",1,2,6,2,0.8,12,cj-155,10,
cj-156,cangjie,2,156,Lesson 156,第156課,R;I;L;B;T;K;Y;A;H;O;M;W;V;S;G;U;N,R;L;A;V;G;B;O,A;B;G;H;I;K;L;M;N;O;R;S;T;U;V;W;Y,u5594,喔,U+5594,,,RSMG,RG,ak1,descriptive of crying or of crowing,1,2,6,2,0.8,12,cj-155,10,
cj-156,cangjie,2,156,Lesson 156,第156課,R;I;L;B;T;K;Y;A;H;O;M;W;V;S;G;U;N,R;L;A;V;G;B;O,A;B;G;H;I;K;L;M;N;O;R;S;T;U;V;W;Y,u5598,喘,U+5598,,,RUMB,RB,cyun2,"pant, gasp, breathe heavily",1,2,6,2,0.8,12,cj-155,10,
cj-156,cangjie,2,156,Lesson 156,第156課,R;I;L;B;T;K;Y;A;H;O;M;W;V;S;G;U;N,R;L;A;V;G;B;O,A;B;G;H;I;K;L;M;N;O;R;S;T;U;V;W;Y,u5599,喙,U+5599,,,RVNO,RO,fui3,"beak, bill, snout; pant",1,2,6,2,0.8,12,cj-155,10,
cj-157,cangjie,3,157,Lesson 157,第157課,R;N;B;K;G;T;A;P;V;H;L;W;F;I;E;U;J;M,R;K;G;V;L;B;F;E;U;M,A;B;E;F;G;H;I;J;K;L;M;N;P;R;T;U;V;W,u559a,喚,U+559A,,,RNBK,RK,wun6,"call, summon; invite; be called",1,2,6,2,0.8,12,cj-156,10,
cj-157,cangjie,3,157,Lesson 157,第157課,R;N;B;K;G;T;A;P;V;H;L;W;F;I;E;U;J;M,R;K;G;V;L;B;F;E;U;M,A;B;E;F;G;H;I;J;K;L;M;N;P;R;T;U;V;W,u559c,喜,U+559C,,,GRTR,GR,hei2,"like, love, enjoy; joyful thing",1,2,6,2,0.8,12,cj-156,10,
cj-157,cangjie,3,157,Lesson 157,第157課,R;N;B;K;G;T;A;P;V;H;L;W;F;I;E;U;J;M,R;K;G;V;L;B;F;E;U;M,A;B;E;F;G;H;I;J;K;L;M;N;P;R;T;U;V;W,u559d,喝,U+559D,,,RAPV,RV,hot3,"drink; shout, call out",1,2,6,2,0.8,12,cj-156,10,
cj-157,cangjie,3,157,Lesson 157,第157課,R;N;B;K;G;T;A;P;V;H;L;W;F;I;E;U;J;M,R;K;G;V;L;B;F;E;U;M,A;B;E;F;G;H;I;J;K;L;M;N;P;R;T;U;V;W,u559e,喞,U+559E,,,RHPL,RL,zik1,chirping of insects; pump,1,2,6,2,0.8,12,cj-156,10,
cj-157,cangjie,3,157,Lesson 157,第157課,R;N;B;K;G;T;A;P;V;H;L;W;F;I;E;U;J;M,R;K;G;V;L;B;F;E;U;M,A;B;E;F;G;H;I;J;K;L;M;N;P;R;T;U;V;W,u559f,喟,U+559F,,,RWB,RB,wai2,"heave sigh, sigh",1,2,6,2,0.8,12,cj-156,10,
cj-157,cangjie,3,157,Lesson 157,第157課,R;N;B;K;G;T;A;P;V;H;L;W;F;I;E;U;J;M,R;K;G;V;L;B;F;E;U;M,A;B;E;F;G;H;I;J;K;L;M;N;P;R;T;U;V;W,u55a3,喣,U+55A3,,,RRF,RF,heoi2,to breathe upon,1,2,6,2,0.8,12,cj-156,10,
cj-157,cangjie,3,157,Lesson 157,第157課,R;N;B;K;G;T;A;P;V;H;L;W;F;I;E;U;J;M,R;K;G;V;L;B;F;E;U;M,A;B;E;F;G;H;I;J;K;L;M;N;P;R;T;U;V;W,u55a4,喤,U+55A4,,,RHAG,RG,wong4,ah; harmony,1,2,6,2,0.8,12,cj-156,10,
cj-157,cangjie,3,157,Lesson 157,第157課,R;N;B;K;G;T;A;P;V;H;L;W;F;I;E;U;J;M,R;K;G;V;L;B;F;E;U;M,A;B;E;F;G;H;I;J;K;L;M;N;P;R;T;U;V;W,u55a5,喥,U+55A5,,,RITE,RE,dok6,(Cant.) a place,1,2,6,2,0.8,12,cj-156,10,
cj-157,cangjie,3,157,Lesson 157,第157課,R;N;B;K;G;T;A;P;V;H;L;W;F;I;E;U;J;M,R;K;G;V;L;B;F;E;U;M,A;B;E;F;G;H;I;J;K;L;M;N;P;R;T;U;V;W,u55a6,喦,U+55A6,,,RRRU,RU,ngaam4,talkative,1,2,6,2,0.8,12,cj-156,10,
cj-157,cangjie,3,157,Lesson 157,第157課,R;N;B;K;G;T;A;P;V;H;L;W;F;I;E;U;J;M,R;K;G;V;L;B;F;E;U;M,A;B;E;F;G;H;I;J;K;L;M;N;P;R;T;U;V;W,u55a7,喧,U+55A7,,,RJMM,RM,hyun1,"lively, noisy; clamor, talk loudly",1,2,6,2,0.8,12,cj-156,10,
cj-158,cangjie,3,158,Lesson 158,第158課,R;Y;N;O;M;V;G;Q;H;K;B;W;J;I;F,R;N;V;G;K;H;J;I,B;F;G;H;I;J;K;M;N;O;Q;R;V;W;Y,u55a8,喨,U+55A8,,,RYRN,RN,loeng6,"wail, cry, yell; neigh",1,2,6,2,0.8,12,cj-157,10,
cj-158,cangjie,3,158,Lesson 158,第158課,R;Y;N;O;M;V;G;Q;H;K;B;W;J;I;F,R;N;V;G;K;H;J;I,B;F;G;H;I;J;K;M;N;O;Q;R;V;W;Y,u55a9,喩,U+55A9,,,ROMV,RV,jyu6,metaphor,1,2,6,2,0.8,12,cj-157,10,
cj-158,cangjie,3,158,Lesson 158,第158課,R;Y;N;O;M;V;G;Q;H;K;B;W;J;I;F,R;N;V;G;K;H;J;I,B;F;G;H;I;J;K;M;N;O;Q;R;V;W;Y,u55aa,喪,U+55AA,,,GRRV,GV,song1,mourning; mourn; funeral,1,2,6,2,0.8,12,cj-157,10,
cj-158,cangjie,3,158,Lesson 158,第158課,R;Y;N;O;M;V;G;Q;H;K;B;W;J;I;F,R;N;V;G;K;H;J;I,B;F;G;H;I;J;K;M;N;O;Q;R;V;W;Y,u55ab,喫,U+55AB,,,RQHK,RK,hek3,"eat; drink; suffer, endure, bear",1,2,6,2,0.8,12,cj-157,10,
cj-158,cangjie,3,158,Lesson 158,第158課,R;Y;N;O;M;V;G;Q;H;K;B;W;J;I;F,R;N;V;G;K;H;J;I,B;F;G;H;I;J;K;M;N;O;Q;R;V;W;Y,u55ac,喬,U+55AC,,,HKRBR,HR,kiu4,"tall, lofty; proud, stately",1,2,6,2,0.8,12,cj-157,10,
cj-158,cangjie,3,158,Lesson 158,第158課,R;Y;N;O;M;V;G;Q;H;K;B;W;J;I;F,R;N;V;G;K;H;J;I,B;F;G;H;I;J;K;M;N;O;Q;R;V;W;Y,u55ad,喭,U+55AD,,,RYHH,RH,jin6,condole with; coarse,1,2,6,2,0.8,12,cj-157,10,
cj-158,cangjie,3,158,Lesson 158,第158課,R;Y;N;O;M;V;G;Q;H;K;B;W;J;I;F,R;N;V;G;K;H;J;I,B;F;G;H;I;J;K;M;N;O;Q;R;V;W;Y,u55ae,單,U+55AE,,,RRWJ,RJ,daan1,"single, individual, only; lone",1,2,6,2,0.8,12,cj-157,10,
cj-158,cangjie,3,158,Lesson 158,第158課,R;Y;N;O;M;V;G;Q;H;K;B;W;J;I;F,R;N;V;G;K;H;J;I,B;F;G;H;I;J;K;M;N;O;Q;R;V;W;Y,u55b0,喰,U+55B0,,,ROIV,RV,caan1,"to eat, drink",1,2,6,2,0.8,12,cj-157,10,
cj-158,cangjie,3,158,Lesson 158,第158課,R;Y;N;O;M;V;G;Q;H;K;B;W;J;I;F,R;N;V;G;K;H;J;I,B;F;G;H;I;J;K;M;N;O;Q;R;V;W;Y,u55b1,喱,U+55B1,,,RMWG,RG,lei1,gramme; syllable,1,2,6,2,0.8,12,cj-157,10,
cj-158,cangjie,3,158,Lesson 158,第158課,R;Y;N;O;M;V;G;Q;H;K;B;W;J;I;F,R;N;V;G;K;H;J;I,B;F;G;H;I;J;K;M;N;O;Q;R;V;W;Y,u55b2,喲,U+55B2,,,RVFI,RI,jo1,"ah, final particle",1,2,6,2,0.8,12,cj-157,10,
cj-159,cangjie,3,159,Lesson 159,第159課,R;D;A;M;I;H;V;T;W;F;B;J;O;P;K;G;N;S,R;M;V;W;F;O;I;P;G;N,A;B;D;F;G;H;I;J;K;M;N;O;P;R;S;T;V;W,u55b3,喳,U+55B3,,,RDAM,RM,zaa1,whispering,1,2,6,2,0.8,12,cj-158,10,
cj-159,cangjie,3,159,Lesson 159,第159課,R;D;A;M;I;H;V;T;W;F;B;J;O;P;K;G;N;S,R;M;V;W;F;O;I;P;G;N,A;B;D;F;G;H;I;J;K;M;N;O;P;R;S;T;V;W,u55b4,喴,U+55B4,,,RIHV,RV,wai1,hello; (Cant.) phonetic,1,2,6,2,0.8,12,cj-158,10,
cj-159,cangjie,3,159,Lesson 159,第159課,R;D;A;M;I;H;V;T;W;F;B;J;O;P;K;G;N;S,R;M;V;W;F;O;I;P;G;N,A;B;D;F;G;H;I;J;K;M;N;O;P;R;S;T;V;W,u55b5,喵,U+55B5,,,RTW,RW,miu1,the mew of the cat,1,2,6,2,0.8,12,cj-158,10,
cj-159,cangjie,3,159,Lesson 159,第159課,R;D;A;M;I;H;V;T;W;F;B;J;O;P;K;G;N;S,R;M;V;W;F;O;I;P;G;N,A;B;D;F;G;H;I;J;K;M;N;O;P;R;S;T;V;W,u55b6,営,U+55B6,,,FBRR,FR,jing4,"encampment, barracks; manage",1,2,6,2,0.8,12,cj-158,10,
cj-159,cangjie,3,159,Lesson 159,第159課,R;D;A;M;I;H;V;T;W;F;B;J;O;P;K;G;N;S,R;M;V;W;F;O;I;P;G;N,A;B;D;F;G;H;I;J;K;M;N;O;P;R;S;T;V;W,u55b7,喷,U+55B7,,,RJTO,RO,pan3,"spurt, blow out, puff out",1,2,6,2,0.8,12,cj-158,10,
cj-159,cangjie,3,159,Lesson 159,第159課,R;D;A;M;I;H;V;T;W;F;B;J;O;P;K;G;N;S,R;M;V;W;F;O;I;P;G;N,A;B;D;F;G;H;I;J;K;M;N;O;P;R;S;T;V;W,u55b8,喸,U+55B8,,,IBRP,IP,fu2,place name,1,2,6,2,0.8,12,cj-158,10,
cj-159,cangjie,3,159,Lesson 159,第159課,R;D;A;M;I;H;V;T;W;F;B;J;O;P;K;G;N;S,R;M;V;W;F;O;I;P;G;N,A;B;D;F;G;H;I;J;K;M;N;O;P;R;S;T;V;W,u55b9,喹,U+55B9,,,RKGG,RG,kwai4,quinoxaline (chemical compound),1,2,6,2,0.8,12,cj-158,10,
cj-159,cangjie,3,159,Lesson 159,第159課,R;D;A;M;I;H;V;T;W;F;B;J;O;P;K;G;N;S,R;M;V;W;F;O;I;P;G;N,A;B;D;F;G;H;I;J;K;M;N;O;P;R;S;T;V;W,u55ba,喺,U+55BA,,,ROHF,RF,hai2,(Cant.) to be located at,1,2,6,2,0.8,12,cj-158,10,
cj-159,cangjie,3,159,Lesson 159,第159課,R;D;A;M;I;H;V;T;W;F;B;J;O;P;K;G;N;S,R;M;V;W;F;O;I;P;G;N,A;B;D;F;G;H;I;J;K;M;N;O;P;R;S;T;V;W,u55bb,喻,U+55BB,,,ROMN,RN,jyu6,"metaphor, analogy; example; like",1,2,6,2,0.8,12,cj-158,10,
cj-159,cangjie,3,159,Lesson 159,第159課,R;D;A;M;I;H;V;T;W;F;B;J;O;P;K;G;N;S,R;M;V;W;F;O;I;P;G;N,A;B;D;F;G;H;I;J;K;M;N;O;P;R;S;T;V;W,u55bc,喼,U+55BC,,,RNSP,RP,gip1,"(Cant.) used phonetically in English loan-words (e.g., cap, keep)",1,2,6,2,0.8,12,cj-158,10,
cj-160,cangjie,3,160,Lesson 160,第160課,R;F;D;V;B;H;G;Y;N;M;U;E;K;O;I;W,R;V;F;D;N;B;E;K;G;U,B;D;E;F;G;H;I;K;M;N;O;R;U;V;W;Y,u55bd,喽,U+55BD,,,RFDV,RV,lau4,used in onomatopoetic expressions,1,2,6,2,0.8,12,cj-159,10,
cj-160,cangjie,3,160,Lesson 160,第160課,R;F;D;V;B;H;G;Y;N;M;U;E;K;O;I;W,R;V;F;D;N;B;E;K;G;U,B;D;E;F;G;H;I;K;M;N;O;R;U;V;W;Y,u55be,喾,U+55BE,,,FBHGR,FR,guk1,emperor,1,2,6,2,0.8,12,cj-159,10,
cj-160,cangjie,3,160,Lesson 160,第160課,R;F;D;V;B;H;G;Y;N;M;U;E;K;O;I;W,R;V;F;D;N;B;E;K;G;U,B;D;E;F;G;H;I;K;M;N;O;R;U;V;W;Y,u55bf,喿,U+55BF,,,RRRD,RD,cou3,chirping of birds,1,2,6,2,0.8,12,cj-159,10,
cj-160,cangjie,3,160,Lesson 160,第160課,R;F;D;V;B;H;G;Y;N;M;U;E;K;O;I;W,R;V;F;D;N;B;E;K;G;U,B;D;E;F;G;H;I;K;M;N;O;R;U;V;W;Y,u55c1,嗁,U+55C1,,,RHYN,RN,tai4,"give forth sound, make noise",1,2,6,2,0.8,12,cj-159,10,
cj-160,cangjie,3,160,Lesson 160,第160課,R;F;D;V;B;H;G;Y;N;M;U;E;K;O;I;W,R;V;F;D;N;B;E;K;G;U,B;D;E;F;G;H;I;K;M;N;O;R;U;V;W;Y,u55c3,嗃,U+55C3,,,RYRB,RB,hok3,to flute,1,2,6,2,0.8,12,cj-159,10,
cj-160,cangjie,3,160,Lesson 160,第160課,R;F;D;V;B;H;G;Y;N;M;U;E;K;O;I;W,R;V;F;D;N;B;E;K;G;U,B;D;E;F;G;H;I;K;M;N;O;R;U;V;W;Y,u55c4,嗄,U+55C4,,,RMUE,RE,aa2,hoarse of voice,1,2,6,2,0.8,12,cj-159,10,
cj-160,cangjie,3,160,Lesson 160,第160課,R;F;D;V;B;H;G;Y;N;M;U;E;K;O;I;W,R;V;F;D;N;B;E;K;G;U,B;D;E;F;G;H;I;K;M;N;O;R;U;V;W;Y,u55c5,嗅,U+55C5,,,RHUK,RK,cau3,"smell, scent, sniff; olfactive",1,2,6,2,0.8,12,cj-159,10,
cj-160,cangjie,3,160,Lesson 160,第160課,R;F;D;V;B;H;G;Y;N;M;U;E;K;O;I;W,R;V;F;D;N;B;E;K;G;U,B;D;E;F;G;H;I;K;M;N;O;R;U;V;W;Y,u55c6,嗆,U+55C6,,,ROIR,RR,coeng1,choke by smoke; irritates nose,1,2,6,2,0.8,12,cj-159,10,
cj-160,cangjie,3,160,Lesson 160,第160課,R;F;D;V;B;H;G;Y;N;M;U;E;K;O;I;W,R;V;F;D;N;B;E;K;G;U,B;D;E;F;G;H;I;K;M;N;O;R;U;V;W;Y,u55c7,嗇,U+55C7,,,GOWR,GR,sik1,"miserly, thrifty, stingy; stopped up, constipated",1,2,6,2,0.8,12,cj-159,10,
cj-160,cangjie,3,160,Lesson 160,第160課,R;F;D;V;B;H;G;Y;N;M;U;E;K;O;I;W,R;V;F;D;N;B;E;K;G;U,B;D;E;F;G;H;I;K;M;N;O;R;U;V;W;Y,u55c8,嗈,U+55C8,,,RVVU,RU,jung1,the call of a bird,1,2,6,2,0.8,12,cj-159,10,
cj-161,cangjie,3,161,Lesson 161,第161課,R;Q;M;F;B;C;T;U;S;O;D;J;G;I;E,R;F;C;T;B;D,B;C;D;E;F;G;I;J;M;O;Q;R;S;T;U,u55c9,嗉,U+55C9,,,RQMF,RF,sou3,bird's crop; wine pot,1,2,6,2,0.8,12,cj-160,10,
cj-161,cangjie,3,161,Lesson 161,第161課,R;Q;M;F;B;C;T;U;S;O;D;J;G;I;E,R;F;C;T;B;D,B;C;D;E;F;G;I;J;M;O;Q;R;S;T;U,u55ca,嗊,U+55CA,,,RMBC,RC,fung2,used in place and other names,1,2,6,2,0.8,12,cj-160,10,
cj-161,cangjie,3,161,Lesson 161,第161課,R;Q;M;F;B;C;T;U;S;O;D;J;G;I;E,R;F;C;T;B;D,B;C;D;E;F;G;I;J;M;O;Q;R;S;T;U,u55cc,嗌,U+55CC,,,RTCT,RT,jik1,"the throat; to quarrel, choke",1,2,6,2,0.8,12,cj-160,10,
cj-161,cangjie,3,161,Lesson 161,第161課,R;Q;M;F;B;C;T;U;S;O;D;J;G;I;E,R;F;C;T;B;D,B;C;D;E;F;G;I;J;M;O;Q;R;S;T;U,u55cd,嗍,U+55CD,,,RTUB,RB,sok3,to suck,1,2,6,2,0.8,12,cj-160,10,
cj-161,cangjie,3,161,Lesson 161,第161課,R;Q;M;F;B;C;T;U;S;O;D;J;G;I;E,R;F;C;T;B;D,B;C;D;E;F;G;I;J;M;O;Q;R;S;T;U,u55ce,嗎,U+55CE,,,RSQF,RF,maa1,final interrogative particle,1,2,6,2,0.8,12,cj-160,10,
cj-161,cangjie,3,161,Lesson 161,第161課,R;Q;M;F;B;C;T;U;S;O;D;J;G;I;E,R;F;C;T;B;D,B;C;D;E;F;G;I;J;M;O;Q;R;S;T;U,u55cf,嗏,U+55CF,,,RTOD,RD,caa1,(Cant.) imperative final particle,1,2,6,2,0.8,12,cj-160,10,
cj-161,cangjie,3,161,Lesson 161,第161課,R;Q;M;F;B;C;T;U;S;O;D;J;G;I;E,R;F;C;T;B;D,B;C;D;E;F;G;I;J;M;O;Q;R;S;T;U,u55d0,嗐,U+55D0,,,RJQR,RR,haai6,alas!,1,2,6,2,0.8,12,cj-160,10,
cj-161,cangjie,3,161,Lesson 161,第161課,R;Q;M;F;B;C;T;U;S;O;D;J;G;I;E,R;F;C;T;B;D,B;C;D;E;F;G;I;J;M;O;Q;R;S;T;U,u55d1,嗑,U+55D1,,,RGIT,RT,haap3,eat seeds; reproach; loquacious,1,2,6,2,0.8,12,cj-160,10,
cj-161,cangjie,3,161,Lesson 161,第161課,R;Q;M;F;B;C;T;U;S;O;D;J;G;I;E,R;F;C;T;B;D,B;C;D;E;F;G;I;J;M;O;Q;R;S;T;U,u55d2,嗒,U+55D2,,,RTOR,RR,taap3,absent-minded,1,2,6,2,0.8,12,cj-160,10,
cj-161,cangjie,3,161,Lesson 161,第161課,R;Q;M;F;B;C;T;U;S;O;D;J;G;I;E,R;F;C;T;B;D,B;C;D;E;F;G;I;J;M;O;Q;R;S;T;U,u55d3,嗓,U+55D3,,,REED,RD,song2,voice; throat,1,2,6,2,0.8,12,cj-160,10,
cj-162,cangjie,3,162,Lesson 162,第162課,R;J;B;C;H;X;E;Y;S;F;T;P;A;M;V;I;Q,R;C;E;B;S;F;A;I;M,A;B;C;E;F;H;I;J;M;P;Q;R;S;T;V;X;Y,u55d4,嗔,U+55D4,,,RJBC,RC,can1,"be angry at, scold, rebuke",1,2,6,2,0.8,12,cj-161,10,
cj-162,cangjie,3,162,Lesson 162,第162課,R;J;B;C;H;X;E;Y;S;F;T;P;A;M;V;I;Q,R;C;E;B;S;F;A;I;M,A;B;C;E;F;H;I;J;M;P;Q;R;S;T;V;X;Y,u55d6,嗖,U+55D6,,,RHXE,RE,sau1,whizzing sound,1,2,6,2,0.8,12,cj-161,10,
cj-162,cangjie,3,162,Lesson 162,第162課,R;J;B;C;H;X;E;Y;S;F;T;P;A;M;V;I;Q,R;C;E;B;S;F;A;I;M,A;B;C;E;F;H;I;J;M;P;Q;R;S;T;V;X;Y,u55d7,嗗,U+55D7,,,RBBB,RB,waat3,(Cant.) quarter of an hour,1,2,6,2,0.8,12,cj-161,10,
cj-162,cangjie,3,162,Lesson 162,第162課,R;J;B;C;H;X;E;Y;S;F;T;P;A;M;V;I;Q,R;C;E;B;S;F;A;I;M,A;B;C;E;F;H;I;J;M;P;Q;R;S;T;V;X;Y,u55d9,嗙,U+55D9,,,RYBS,RS,pong5,boast,1,2,6,2,0.8,12,cj-161,10,
cj-162,cangjie,3,162,Lesson 162,第162課,R;J;B;C;H;X;E;Y;S;F;T;P;A;M;V;I;Q,R;C;E;B;S;F;A;I;M,A;B;C;E;F;H;I;J;M;P;Q;R;S;T;V;X;Y,u55da,嗚,U+55DA,,,RHRF,RF,wu1,"sound of crying, sobbing",1,2,6,2,0.8,12,cj-161,10,
cj-162,cangjie,3,162,Lesson 162,第162課,R;J;B;C;H;X;E;Y;S;F;T;P;A;M;V;I;Q,R;C;E;B;S;F;A;I;M,A;B;C;E;F;H;I;J;M;P;Q;R;S;T;V;X;Y,u55db,嗛,U+55DB,,,RTXC,RC,haam4,pouch; hold; content,1,2,6,2,0.8,12,cj-161,10,
cj-162,cangjie,3,162,Lesson 162,第162課,R;J;B;C;H;X;E;Y;S;F;T;P;A;M;V;I;Q,R;C;E;B;S;F;A;I;M,A;B;C;E;F;H;I;J;M;P;Q;R;S;T;V;X;Y,u55dc,嗜,U+55DC,,,RJPA,RA,si3,"be fond of, have weakness for",1,2,6,2,0.8,12,cj-161,10,
cj-162,cangjie,3,162,Lesson 162,第162課,R;J;B;C;H;X;E;Y;S;F;T;P;A;M;V;I;Q,R;C;E;B;S;F;A;I;M,A;B;C;E;F;H;I;J;M;P;Q;R;S;T;V;X;Y,u55dd,嗝,U+55DD,,,RMRB,RB,gaak3,"cackling of fowls to gag, to vomit",1,2,6,2,0.8,12,cj-161,10,
cj-162,cangjie,3,162,Lesson 162,第162課,R;J;B;C;H;X;E;Y;S;F;T;P;A;M;V;I;Q,R;C;E;B;S;F;A;I;M,A;B;C;E;F;H;I;J;M;P;Q;R;S;T;V;X;Y,u55de,嗞,U+55DE,,,RTVI,RI,zi1,"to consult about, to plan; to report in writing to an equal; a despatch",1,2,6,2,0.8,12,cj-161,10,
cj-162,cangjie,3,162,Lesson 162,第162課,R;J;B;C;H;X;E;Y;S;F;T;P;A;M;V;I;Q,R;C;E;B;S;F;A;I;M,A;B;C;E;F;H;I;J;M;P;Q;R;S;T;V;X;Y,u55df,嗟,U+55DF,,,RTQM,RM,ze1,"sigh, alas",1,2,6,2,0.8,12,cj-161,10,
cj-163,cangjie,3,163,Lesson 163,第163課,R;C;I;M;A;B;T;S;U;H;J;F;K;O;E;Y;Q;D,R;M;T;I;J;F;K;B;Y;C;D,A;B;C;D;E;F;H;I;J;K;M;O;Q;R;S;T;U;Y,u55e1,嗡,U+55E1,,,RCIM,RM,jung1,"sound of flying bees, airplanes",1,2,6,2,0.8,12,cj-162,10,
cj-163,cangjie,3,163,Lesson 163,第163課,R;C;I;M;A;B;T;S;U;H;J;F;K;O;E;Y;Q;D,R;M;T;I;J;F;K;B;Y;C;D,A;B;C;D;E;F;H;I;J;K;M;O;Q;R;S;T;U;Y,u55e2,嗢,U+55E2,,,RABT,RT,wat1,"a loud, prolonged laugh",1,2,6,2,0.8,12,cj-162,10,
cj-163,cangjie,3,163,Lesson 163,第163課,R;C;I;M;A;B;T;S;U;H;J;F;K;O;E;Y;Q;D,R;M;T;I;J;F;K;B;Y;C;D,A;B;C;D;E;F;H;I;J;K;M;O;Q;R;S;T;U;Y,u55e3,嗣,U+55E3,,,RBSMR,RR,zi6,"to connect, inherit; descendants, heirs",1,2,6,2,0.8,12,cj-162,10,
cj-163,cangjie,3,163,Lesson 163,第163課,R;C;I;M;A;B;T;S;U;H;J;F;K;O;E;Y;Q;D,R;M;T;I;J;F;K;B;Y;C;D,A;B;C;D;E;F;H;I;J;K;M;O;Q;R;S;T;U;Y,u55e4,嗤,U+55E4,,,RUMI,RI,ci1,"laugh at, ridicule, sneer; snort",1,2,6,2,0.8,12,cj-162,10,
cj-163,cangjie,3,163,Lesson 163,第163課,R;C;I;M;A;B;T;S;U;H;J;F;K;O;E;Y;Q;D,R;M;T;I;J;F;K;B;Y;C;D,A;B;C;D;E;F;H;I;J;K;M;O;Q;R;S;T;U;Y,u55e5,嗥,U+55E5,,,RHAJ,RJ,hou4,"roar, call out, wail; bark, yelp",1,2,6,2,0.8,12,cj-162,10,
cj-163,cangjie,3,163,Lesson 163,第163課,R;C;I;M;A;B;T;S;U;H;J;F;K;O;E;Y;Q;D,R;M;T;I;J;F;K;B;Y;C;D,A;B;C;D;E;F;H;I;J;K;M;O;Q;R;S;T;U;Y,u55e6,嗦,U+55E6,,,RJBF,RF,so1,suck,1,2,6,2,0.8,12,cj-162,10,
cj-163,cangjie,3,163,Lesson 163,第163課,R;C;I;M;A;B;T;S;U;H;J;F;K;O;E;Y;Q;D,R;M;T;I;J;F;K;B;Y;C;D,A;B;C;D;E;F;H;I;J;K;M;O;Q;R;S;T;U;Y,u55e7,嗧,U+55E7,,,KROMB,KB,gaa1,gallon,1,2,6,2,0.8,12,cj-162,10,
cj-163,cangjie,3,163,Lesson 163,第163課,R;C;I;M;A;B;T;S;U;H;J;F;K;O;E;Y;Q;D,R;M;T;I;J;F;K;B;Y;C;D,A;B;C;D;E;F;H;I;J;K;M;O;Q;R;S;T;U;Y,u55e8,嗨,U+55E8,,,REOY,RY,haai1,an exclamation,1,2,6,2,0.8,12,cj-162,10,
cj-163,cangjie,3,163,Lesson 163,第163課,R;C;I;M;A;B;T;S;U;H;J;F;K;O;E;Y;Q;D,R;M;T;I;J;F;K;B;Y;C;D,A;B;C;D;E;F;H;I;J;K;M;O;Q;R;S;T;U;Y,u55e9,嗩,U+55E9,,,RFBC,RC,so2,flute-like musical instrument,1,2,6,2,0.8,12,cj-162,10,
cj-163,cangjie,3,163,Lesson 163,第163課,R;C;I;M;A;B;T;S;U;H;J;F;K;O;E;Y;Q;D,R;M;T;I;J;F;K;B;Y;C;D,A;B;C;D;E;F;H;I;J;K;M;O;Q;R;S;T;U;Y,u55ea,嗪,U+55EA,,,RQKD,RD,ceon4,character used in translation,1,2,6,2,0.8,12,cj-162,10,
cj-164,cangjie,3,164,Lesson 164,第164課,R;S;J;E;T;O;M;P;A;W;K;Q;C;N;B;Y,R;E;J;P;W;Q;N;B,A;B;C;E;J;K;M;N;O;P;Q;R;S;T;W;Y,u55eb,嗫,U+55EB,,,RSJE,RE,zip6,move lips as when speaking; hesitation,1,2,6,2,0.8,12,cj-163,10,
cj-164,cangjie,3,164,Lesson 164,第164課,R;S;J;E;T;O;M;P;A;W;K;Q;C;N;B;Y,R;E;J;P;W;Q;N;B,A;B;C;E;J;K;M;N;O;P;Q;R;S;T;W;Y,u55ec,嗬,U+55EC,,,RTOR,RR,ho4,(Cant.) interrogative particle,1,2,6,2,0.8,12,cj-163,10,
cj-164,cangjie,3,164,Lesson 164,第164課,R;S;J;E;T;O;M;P;A;W;K;Q;C;N;B;Y,R;E;J;P;W;Q;N;B,A;B;C;E;J;K;M;N;O;P;Q;R;S;T;W;Y,u55ed,嗭,U+55ED,,,JMRP,JP,zik6,place name,1,2,6,2,0.8,12,cj-163,10,
cj-164,cangjie,3,164,Lesson 164,第164課,R;S;J;E;T;O;M;P;A;W;K;Q;C;N;B;Y,R;E;J;P;W;Q;N;B,A;B;C;E;J;K;M;N;O;P;Q;R;S;T;W;Y,u55ee,嗮,U+55EE,,,RAMW,RW,saai3,(Cant.) verbal aspect marker for full extent,1,2,6,2,0.8,12,cj-163,10,
cj-164,cangjie,3,164,Lesson 164,第164課,R;S;J;E;T;O;M;P;A;W;K;Q;C;N;B;Y,R;E;J;P;W;Q;N;B,A;B;C;E;J;K;M;N;O;P;Q;R;S;T;W;Y,u55ef,嗯,U+55EF,,,RWKP,RP,ng6,final particle,1,2,6,2,0.8,12,cj-163,10,
cj-164,cangjie,3,164,Lesson 164,第164課,R;S;J;E;T;O;M;P;A;W;K;Q;C;N;B;Y,R;E;J;P;W;Q;N;B,A;B;C;E;J;K;M;N;O;P;Q;R;S;T;W;Y,u55f0,嗰,U+55F0,,,ROWR,RR,go2,(Cant.) that,1,2,6,2,0.8,12,cj-163,10,
cj-164,cangjie,3,164,Lesson 164,第164課,R;S;J;E;T;O;M;P;A;W;K;Q;C;N;B;Y,R;E;J;P;W;Q;N;B,A;B;C;E;J;K;M;N;O;P;Q;R;S;T;W;Y,u55f1,嗱,U+55F1,,,RORQ,RQ,naa4,"(Cant.) exclamation, there! now!",1,2,6,2,0.8,12,cj-163,10,
cj-164,cangjie,3,164,Lesson 164,第164課,R;S;J;E;T;O;M;P;A;W;K;Q;C;N;B;Y,R;E;J;P;W;Q;N;B,A;B;C;E;J;K;M;N;O;P;Q;R;S;T;W;Y,u55f2,嗲,U+55F2,,,RCKN,RN,de2,"(Cant.) saliva; intensifying particle; inviting, coquettish; 嗲哋. 'daddy'",1,2,6,2,0.8,12,cj-163,10,
cj-164,cangjie,3,164,Lesson 164,第164課,R;S;J;E;T;O;M;P;A;W;K;Q;C;N;B;Y,R;E;J;P;W;Q;N;B,A;B;C;E;J;K;M;N;O;P;Q;R;S;T;W;Y,u55f3,嗳,U+55F3,,,RBBE,RE,oi2,interjection; exclamation,1,2,6,2,0.8,12,cj-163,10,
cj-164,cangjie,3,164,Lesson 164,第164課,R;S;J;E;T;O;M;P;A;W;K;Q;C;N;B;Y,R;E;J;P;W;Q;N;B,A;B;C;E;J;K;M;N;O;P;Q;R;S;T;W;Y,u55f5,嗵,U+55F5,,,RYNB,RB,tung1,used for sound,1,2,6,2,0.8,12,cj-163,10,
cj-165,cangjie,3,165,Lesson 165,第165課,R;W;T;J;G;S;K;Y;I;F;A;D;L;O;C;B,R;J;K;G;F;O;C;B,A;B;C;D;F;G;I;J;K;L;O;R;S;T;W;Y,u55f6,嗶,U+55F6,,,RWTJ,RJ,bat1,used in transliterations,1,2,6,2,0.8,12,cj-164,10,
cj-165,cangjie,3,165,Lesson 165,第165課,R;W;T;J;G;S;K;Y;I;F;A;D;L;O;C;B,R;J;K;G;F;O;C;B,A;B;C;D;F;G;I;J;K;L;O;R;S;T;W;Y,u55f7,嗷,U+55F7,,,RGSK,RK,ngou4,loud clamor; sound of wailing,1,2,6,2,0.8,12,cj-164,10,
cj-165,cangjie,3,165,Lesson 165,第165課,R;W;T;J;G;S;K;Y;I;F;A;D;L;O;C;B,R;J;K;G;F;O;C;B,A;B;C;D;F;G;I;J;K;L;O;R;S;T;W;Y,u55f8,嗸,U+55F8,,,GKR,GR,ngou4,(same as 嗷) noisy,1,2,6,2,0.8,12,cj-164,10,
cj-165,cangjie,3,165,Lesson 165,第165課,R;W;T;J;G;S;K;Y;I;F;A;D;L;O;C;B,R;J;K;G;F;O;C;B,A;B;C;D;F;G;I;J;K;L;O;R;S;T;W;Y,u55f9,嗹,U+55F9,,,RYJJ,RJ,lin4,chatter,1,2,6,2,0.8,12,cj-164,10,
cj-165,cangjie,3,165,Lesson 165,第165課,R;W;T;J;G;S;K;Y;I;F;A;D;L;O;C;B,R;J;K;G;F;O;C;B,A;B;C;D;F;G;I;J;K;L;O;R;S;T;W;Y,u55fb,嗻,U+55FB,,,RITF,RF,ze1,to screen. loquacious; (Cant.) final particle used to defend oneself or protest against others,1,2,6,2,0.8,12,cj-164,10,
cj-165,cangjie,3,165,Lesson 165,第165課,R;W;T;J;G;S;K;Y;I;F;A;D;L;O;C;B,R;J;K;G;F;O;C;B,A;B;C;D;F;G;I;J;K;L;O;R;S;T;W;Y,u55fc,嗼,U+55FC,,,RTAK,RK,mok6,"curtain, screen, awning, tent",1,2,6,2,0.8,12,cj-164,10,
cj-165,cangjie,3,165,Lesson 165,第165課,R;W;T;J;G;S;K;Y;I;F;A;D;L;O;C;B,R;J;K;G;F;O;C;B,A;B;C;D;F;G;I;J;K;L;O;R;S;T;W;Y,u55fd,嗽,U+55FD,,,RDLO,RO,sau3,"cough, gargle, clear throat",1,2,6,2,0.8,12,cj-164,10,
cj-165,cangjie,3,165,Lesson 165,第165課,R;W;T;J;G;S;K;Y;I;F;A;D;L;O;C;B,R;J;K;G;F;O;C;B,A;B;C;D;F;G;I;J;K;L;O;R;S;T;W;Y,u55fe,嗾,U+55FE,,,RYSK,RK,sau2,"to set a dog on; incite, instigate",1,2,6,2,0.8,12,cj-164,10,
cj-165,cangjie,3,165,Lesson 165,第165課,R;W;T;J;G;S;K;Y;I;F;A;D;L;O;C;B,R;J;K;G;F;O;C;B,A;B;C;D;F;G;I;J;K;L;O;R;S;T;W;Y,u55ff,嗿,U+55FF,,,ROIC,RC,taam2,gobble,1,2,6,2,0.8,12,cj-164,10,
cj-165,cangjie,3,165,Lesson 165,第165課,R;W;T;J;G;S;K;Y;I;F;A;D;L;O;C;B,R;J;K;G;F;O;C;B,A;B;C;D;F;G;I;J;K;L;O;R;S;T;W;Y,u5600,嘀,U+5600,,,RYCB,RB,dik6,backbite,1,2,6,2,0.8,12,cj-164,10,
cj-166,cangjie,3,166,Lesson 166,第166課,R;I;H;F;V;L;A;U;T;O;W;G;J;D;K;M,R;F;U;O;A;G;K;V;I,A;D;F;G;H;I;J;K;L;M;O;R;T;U;V;W,u5601,嘁,U+5601,,,RIHF,RF,ci1,to be grieved; ashamed; used to imitate sounds,1,2,6,2,0.8,12,cj-165,10,
cj-166,cangjie,3,166,Lesson 166,第166課,R;I;H;F;V;L;A;U;T;O;W;G;J;D;K;M,R;F;U;O;A;G;K;V;I,A;D;F;G;H;I;J;K;L;M;O;R;T;U;V;W,u5602,嘂,U+5602,,,RRVLR,RR,giu3,"cry loudly, yell, scream",1,2,6,2,0.8,12,cj-165,10,
cj-166,cangjie,3,166,Lesson 166,第166課,R;I;H;F;V;L;A;U;T;O;W;G;J;D;K;M,R;F;U;O;A;G;K;V;I,A;D;F;G;H;I;J;K;L;M;O;R;T;U;V;W,u5605,嘅,U+5605,,,RAIU,RU,ge3,sound of sighing; (Cant.) possessive,1,2,6,2,0.8,12,cj-165,10,
cj-166,cangjie,3,166,Lesson 166,第166課,R;I;H;F;V;L;A;U;T;O;W;G;J;D;K;M,R;F;U;O;A;G;K;V;I,A;D;F;G;H;I;J;K;L;M;O;R;T;U;V;W,u5606,嘆,U+5606,,,RTLO,RO,taan3,"sigh, admire",1,2,6,2,0.8,12,cj-165,10,
cj-166,cangjie,3,166,Lesson 166,第166課,R;I;H;F;V;L;A;U;T;O;W;G;J;D;K;M,R;F;U;O;A;G;K;V;I,A;D;F;G;H;I;J;K;L;M;O;R;T;U;V;W,u5608,嘈,U+5608,,,RTWA,RA,cou4,noisy,1,2,6,2,0.8,12,cj-165,10,
cj-166,cangjie,3,166,Lesson 166,第166課,R;I;H;F;V;L;A;U;T;O;W;G;J;D;K;M,R;F;U;O;A;G;K;V;I,A;D;F;G;H;I;J;K;L;M;O;R;T;U;V;W,u5609,嘉,U+5609,,,GRTR,GR,gaa1,excellent; joyful; auspicious,1,2,6,2,0.8,12,cj-165,10,
cj-166,cangjie,3,166,Lesson 166,第166課,R;I;H;F;V;L;A;U;T;O;W;G;J;D;K;M,R;F;U;O;A;G;K;V;I,A;D;F;G;H;I;J;K;L;M;O;R;T;U;V;W,u560b,嘋,U+560B,,,RJDK,RK,haau1,"howl, roar",1,2,6,2,0.8,12,cj-165,10,
cj-166,cangjie,3,166,Lesson 166,第166課,R;I;H;F;V;L;A;U;T;O;W;G;J;D;K;M,R;F;U;O;A;G;K;V;I,A;D;F;G;H;I;J;K;L;M;O;R;T;U;V;W,u560c,嘌,U+560C,,,RMWF,RF,piu1,"fast, speedy",1,2,6,2,0.8,12,cj-165,10,
cj-166,cangjie,3,166,Lesson 166,第166課,R;I;H;F;V;L;A;U;T;O;W;G;J;D;K;M,R;F;U;O;A;G;K;V;I,A;D;F;G;H;I;J;K;L;M;O;R;T;U;V;W,u560d,嘍,U+560D,,,RLLV,RV,lau4,used in onomatopoetic expressions,1,2,6,2,0.8,12,cj-165,10,
cj-166,cangjie,3,166,Lesson 166,第166課,R;I;H;F;V;L;A;U;T;O;W;G;J;D;K;M,R;F;U;O;A;G;K;V;I,A;D;F;G;H;I;J;K;L;M;O;R;T;U;V;W,u560e,嘎,U+560E,,,RMUI,RI,gaat3,"sound of laughter; bad, malevolent",1,2,6,2,0.8,12,cj-165,10,
cj-167,cangjie,3,167,Lesson 167,第167課,J;R;S;E;M;H;Y;P;D;Q;W;I;C;F;B;A,J;E;R;H;D;M;C;F;A,A;B;C;D;E;F;H;I;J;M;P;Q;R;S;W;Y,u560f,嘏,U+560F,,,JRRSE,JE,gu2,"felicity, prosperity; large and strong",1,2,6,2,0.8,12,cj-166,10,
cj-167,cangjie,3,167,Lesson 167,第167課,J;R;S;E;M;H;Y;P;D;Q;W;I;C;F;B;A,J;E;R;H;D;M;C;F;A,A;B;C;D;E;F;H;I;J;M;P;Q;R;S;W;Y,u5610,嘐,U+5610,,,RSMH,RH,haau1,final exclamatory particle,1,2,6,2,0.8,12,cj-166,10,
cj-167,cangjie,3,167,Lesson 167,第167課,J;R;S;E;M;H;Y;P;D;Q;W;I;C;F;B;A,J;E;R;H;D;M;C;F;A,A;B;C;D;E;F;H;I;J;M;P;Q;R;S;W;Y,u5611,嘑,U+5611,,,RYPD,RD,laa3,to menace; to howl at; to bawl; (Cant.) final particle,1,2,6,2,0.8,12,cj-166,10,
cj-167,cangjie,3,167,Lesson 167,第167課,J;R;S;E;M;H;Y;P;D;Q;W;I;C;F;B;A,J;E;R;H;D;M;C;F;A,A;B;C;D;E;F;H;I;J;M;P;Q;R;S;W;Y,u5612,嘒,U+5612,,,RQJM,RM,wai3,sharp,1,2,6,2,0.8,12,cj-166,10,
cj-167,cangjie,3,167,Lesson 167,第167課,J;R;S;E;M;H;Y;P;D;Q;W;I;C;F;B;A,J;E;R;H;D;M;C;F;A,A;B;C;D;E;F;H;I;J;M;P;Q;R;S;W;Y,u5613,嘓,U+5613,,,RWIM,RM,gwok3,"gurgling sound, chattering",1,2,6,2,0.8,12,cj-166,10,
cj-167,cangjie,3,167,Lesson 167,第167課,J;R;S;E;M;H;Y;P;D;Q;W;I;C;F;B;A,J;E;R;H;D;M;C;F;A,A;B;C;D;E;F;H;I;J;M;P;Q;R;S;W;Y,u5614,嘔,U+5614,,,RSRR,RR,au2,"to vomit; annoy, enrage",1,2,6,2,0.8,12,cj-166,10,
cj-167,cangjie,3,167,Lesson 167,第167課,J;R;S;E;M;H;Y;P;D;Q;W;I;C;F;B;A,J;E;R;H;D;M;C;F;A,A;B;C;D;E;F;H;I;J;M;P;Q;R;S;W;Y,u5616,嘖,U+5616,,,RQMC,RC,zaak3,interjection of approval or admiration,1,2,6,2,0.8,12,cj-166,10,
cj-167,cangjie,3,167,Lesson 167,第167課,J;R;S;E;M;H;Y;P;D;Q;W;I;C;F;B;A,J;E;R;H;D;M;C;F;A,A;B;C;D;E;F;H;I;J;M;P;Q;R;S;W;Y,u5617,嘗,U+5617,,,FBRPA,FA,soeng4,"taste; experience, experiment",1,2,6,2,0.8,12,cj-166,10,
cj-167,cangjie,3,167,Lesson 167,第167課,J;R;S;E;M;H;Y;P;D;Q;W;I;C;F;B;A,J;E;R;H;D;M;C;F;A,A;B;C;D;E;F;H;I;J;M;P;Q;R;S;W;Y,u5618,嘘,U+5618,,,RYPC,RC,heoi1,exhale; blow out; deep sigh; hiss; praise,1,2,6,2,0.8,12,cj-166,10,
cj-167,cangjie,3,167,Lesson 167,第167課,J;R;S;E;M;H;Y;P;D;Q;W;I;C;F;B;A,J;E;R;H;D;M;C;F;A,A;B;C;D;E;F;H;I;J;M;P;Q;R;S;W;Y,u561b,嘛,U+561B,,,RIDD,RD,maa1,final exclamatory particle,1,2,6,2,0.8,12,cj-166,10,
cj-168,cangjie,3,168,Lesson 168,第168課,R;J;O;N;T;S;A;L;M;B;I;F;G;W;U;V;H;C,R;N;S;L;I;G;B;V;O,A;B;C;F;G;H;I;J;L;M;N;O;R;S;T;U;V;W,u561c,嘜,U+561C,,,RJON,RN,mak1,mark,1,2,6,2,0.8,12,cj-167,10,
cj-168,cangjie,3,168,Lesson 168,第168課,R;J;O;N;T;S;A;L;M;B;I;F;G;W;U;V;H;C,R;N;S;L;I;G;B;V;O,A;B;C;F;G;H;I;J;L;M;N;O;R;S;T;U;V;W,u561e,嘞,U+561E,,,RTJS,RS,laa3,(Cant.) final particle used for polite refusal,1,2,6,2,0.8,12,cj-167,10,
cj-168,cangjie,3,168,Lesson 168,第168課,R;J;O;N;T;S;A;L;M;B;I;F;G;W;U;V;H;C,R;N;S;L;I;G;B;V;O,A;B;C;F;G;H;I;J;L;M;N;O;R;S;T;U;V;W,u561f,嘟,U+561F,,,RJAL,RL,dou1,sound of horn tooting,1,2,6,2,0.8,12,cj-167,10,
cj-168,cangjie,3,168,Lesson 168,第168課,R;J;O;N;T;S;A;L;M;B;I;F;G;W;U;V;H;C,R;N;S;L;I;G;B;V;O,A;B;C;F;G;H;I;J;L;M;N;O;R;S;T;U;V;W,u5620,嘠,U+5620,,,RMBI,RI,gaat3,the chirping of birds loud laughter,1,2,6,2,0.8,12,cj-167,10,
cj-168,cangjie,3,168,Lesson 168,第168課,R;J;O;N;T;S;A;L;M;B;I;F;G;W;U;V;H;C,R;N;S;L;I;G;B;V;O,A;B;C;F;G;H;I;J;L;M;N;O;R;S;T;U;V;W,u5621,嘡,U+5621,,,RFBG,RG,tong1,"onomatopoeic: clang, bang",1,2,6,2,0.8,12,cj-167,10,
cj-168,cangjie,3,168,Lesson 168,第168課,R;J;O;N;T;S;A;L;M;B;I;F;G;W;U;V;H;C,R;N;S;L;I;G;B;V;O,A;B;C;F;G;H;I;J;L;M;N;O;R;S;T;U;V;W,u5622,嘢,U+5622,,,RWGN,RN,je5,(Cant.) thing,1,2,6,2,0.8,12,cj-167,10,
cj-168,cangjie,3,168,Lesson 168,第168課,R;J;O;N;T;S;A;L;M;B;I;F;G;W;U;V;H;C,R;N;S;L;I;G;B;V;O,A;B;C;F;G;H;I;J;L;M;N;O;R;S;T;U;V;W,u5623,嘣,U+5623,,,RUBB,RB,bang1,syllable,1,2,6,2,0.8,12,cj-167,10,
cj-168,cangjie,3,168,Lesson 168,第168課,R;J;O;N;T;S;A;L;M;B;I;F;G;W;U;V;H;C,R;N;S;L;I;G;B;V;O,A;B;C;F;G;H;I;J;L;M;N;O;R;S;T;U;V;W,u5624,嘤,U+5624,,,RBOV,RV,jing1,seek friends; also used in onomatopoetic expressions,1,2,6,2,0.8,12,cj-167,10,
cj-168,cangjie,3,168,Lesson 168,第168課,R;J;O;N;T;S;A;L;M;B;I;F;G;W;U;V;H;C,R;N;S;L;I;G;B;V;O,A;B;C;F;G;H;I;J;L;M;N;O;R;S;T;U;V;W,u5625,嘥,U+5625,,,RHOO,RO,saai1,"(Cant.) to waste; all, entirely",1,2,6,2,0.8,12,cj-167,10,
cj-168,cangjie,3,168,Lesson 168,第168課,R;J;O;N;T;S;A;L;M;B;I;F;G;W;U;V;H;C,R;N;S;L;I;G;B;V;O,A;B;C;F;G;H;I;J;L;M;N;O;R;S;T;U;V;W,u5626,嘦,U+5626,,,RCMWV,RV,ziu3,if only; compound form of 只要,1,2,6,2,0.8,12,cj-167,10,
cj-169,cangjie,3,169,Lesson 169,第169課,R;J;P;U;L;T;M;A;S;E;G;H;F;X;V;I;B,R;U;L;J;E;H;S;X;I;B,A;B;E;F;G;H;I;J;L;M;P;R;S;T;U;V;X,u5627,嘧,U+5627,,,RJPU,RU,mat6,pyrimidine,1,2,6,2,0.8,12,cj-168,10,
cj-169,cangjie,3,169,Lesson 169,第169課,R;J;P;U;L;T;M;A;S;E;G;H;F;X;V;I;B,R;U;L;J;E;H;S;X;I;B,A;B;E;F;G;H;I;J;L;M;P;R;S;T;U;V;X,u5628,嘨,U+5628,,,RLLL,RL,siu3,"roar, howl, scream; whistle",1,2,6,2,0.8,12,cj-168,10,
cj-169,cangjie,3,169,Lesson 169,第169課,R;J;P;U;L;T;M;A;S;E;G;H;F;X;V;I;B,R;U;L;J;E;H;S;X;I;B,A;B;E;F;G;H;I;J;L;M;P;R;S;T;U;V;X,u5629,嘩,U+5629,,,RTMJ,RJ,waa1,rushing sound; gush forward,1,2,6,2,0.8,12,cj-168,10,
cj-169,cangjie,3,169,Lesson 169,第169課,R;J;P;U;L;T;M;A;S;E;G;H;F;X;V;I;B,R;U;L;J;E;H;S;X;I;B,A;B;E;F;G;H;I;J;L;M;P;R;S;T;U;V;X,u562c,嘬,U+562C,,,RASE,RE,caai3,to lap; to suck,1,2,6,2,0.8,12,cj-168,10,
cj-169,cangjie,3,169,Lesson 169,第169課,R;J;P;U;L;T;M;A;S;E;G;H;F;X;V;I;B,R;U;L;J;E;H;S;X;I;B,A;B;E;F;G;H;I;J;L;M;P;R;S;T;U;V;X,u562d,嘭,U+562D,,,RGTH,RH,paang4,"syllable; (Cant.) to chase, drive away",1,2,6,2,0.8,12,cj-168,10,
cj-169,cangjie,3,169,Lesson 169,第169課,R;J;P;U;L;T;M;A;S;E;G;H;F;X;V;I;B,R;U;L;J;E;H;S;X;I;B,A;B;E;F;G;H;I;J;L;M;P;R;S;T;U;V;X,u562e,嘮,U+562E,,,RFFS,RS,lou4,"chat, jaw, gossip, talk",1,2,6,2,0.8,12,cj-168,10,
cj-169,cangjie,3,169,Lesson 169,第169課,R;J;P;U;L;T;M;A;S;E;G;H;F;X;V;I;B,R;U;L;J;E;H;S;X;I;B,A;B;E;F;G;H;I;J;L;M;P;R;S;T;U;V;X,u562f,嘯,U+562F,,,RLX,RX,siu3,"roar, howl, scream; whistle",1,2,6,2,0.8,12,cj-168,10,
cj-169,cangjie,3,169,Lesson 169,第169課,R;J;P;U;L;T;M;A;S;E;G;H;F;X;V;I;B,R;U;L;J;E;H;S;X;I;B,A;B;E;F;G;H;I;J;L;M;P;R;S;T;U;V;X,u5630,嘰,U+5630,,,RVII,RI,gei1,sigh in disapproval; take small,1,2,6,2,0.8,12,cj-168,10,
cj-169,cangjie,3,169,Lesson 169,第169課,R;J;P;U;L;T;M;A;S;E;G;H;F;X;V;I;B,R;U;L;J;E;H;S;X;I;B,A;B;E;F;G;H;I;J;L;M;P;R;S;T;U;V;X,u5631,嘱,U+5631,,,RSHB,RB,zuk1,"order, tell, instruct, leave word",1,2,6,2,0.8,12,cj-168,10,
cj-169,cangjie,3,169,Lesson 169,第169課,R;J;P;U;L;T;M;A;S;E;G;H;F;X;V;I;B,R;U;L;J;E;H;S;X;I;B,A;B;E;F;G;H;I;J;L;M;P;R;S;T;U;V;X,u5632,嘲,U+5632,,,RJJB,RB,zaau1,"ridicule, deride, scorn, jeer at",1,2,6,2,0.8,12,cj-168,10,
cj-170,cangjie,3,170,Lesson 170,第170課,R;Y;P;B;G;U;T;C;L;H;J;O;F;K;W,R;B;U;L;J;F,B;C;F;G;H;J;K;L;O;P;R;T;U;W;Y,u5634,嘴,U+5634,,,RYPB,RB,zeoi2,"mouth, lips",1,2,6,2,0.8,12,cj-169,10,
cj-170,cangjie,3,170,Lesson 170,第170課,R;Y;P;B;G;U;T;C;L;H;J;O;F;K;W,R;B;U;L;J;F,B;C;F;G;H;J;K;L;O;P;R;T;U;W;Y,u5635,嘵,U+5635,,,RGGU,RU,hiu1,garrulous; disturbed; restless,1,2,6,2,0.8,12,cj-169,10,
cj-170,cangjie,3,170,Lesson 170,第170課,R;Y;P;B;G;U;T;C;L;H;J;O;F;K;W,R;B;U;L;J;F,B;C;F;G;H;J;K;L;O;P;R;T;U;W;Y,u5636,嘶,U+5636,,,RTCL,RL,sai1,"neighing of a horse; gravel voiced, husky throated; (Cant.) to hiccough",1,2,6,2,0.8,12,cj-169,10,
cj-170,cangjie,3,170,Lesson 170,第170課,R;Y;P;B;G;U;T;C;L;H;J;O;F;K;W,R;B;U;L;J;F,B;C;F;G;H;J;K;L;O;P;R;T;U;W;Y,u5637,嘷,U+5637,,,RHUJ,RJ,hou4,"the roaring of wild beasts; to howl, to wail, to bawl",1,2,6,2,0.8,12,cj-169,10,
cj-170,cangjie,3,170,Lesson 170,第170課,R;Y;P;B;G;U;T;C;L;H;J;O;F;K;W,R;B;U;L;J;F,B;C;F;G;H;J;K;L;O;P;R;T;U;W;Y,u5638,嘸,U+5638,,,ROTF,RF,fu2,unclear; an expletive; not,1,2,6,2,0.8,12,cj-169,10,
cj-170,cangjie,3,170,Lesson 170,第170課,R;Y;P;B;G;U;T;C;L;H;J;O;F;K;W,R;B;U;L;J;F,B;C;F;G;H;J;K;L;O;P;R;T;U;W;Y,u5639,嘹,U+5639,,,RKCF,RF,liu4,used describe clarity of voice; resonant,1,2,6,2,0.8,12,cj-169,10,
cj-170,cangjie,3,170,Lesson 170,第170課,R;Y;P;B;G;U;T;C;L;H;J;O;F;K;W,R;B;U;L;J;F,B;C;F;G;H;J;K;L;O;P;R;T;U;W;Y,u563a,嘺,U+563A,,,RHKB,RB,kiu4,(Cant.) coincidental,1,2,6,2,0.8,12,cj-169,10,
cj-170,cangjie,3,170,Lesson 170,第170課,R;Y;P;B;G;U;T;C;L;H;J;O;F;K;W,R;B;U;L;J;F,B;C;F;G;H;J;K;L;O;P;R;T;U;W;Y,u563b,嘻,U+563B,,,RGRR,RR,hei1,"mirthful, happy; interjection",1,2,6,2,0.8,12,cj-169,10,
cj-170,cangjie,3,170,Lesson 170,第170課,R;Y;P;B;G;U;T;C;L;H;J;O;F;K;W,R;B;U;L;J;F,B;C;F;G;H;J;K;L;O;P;R;T;U;W;Y,u563d,嘽,U+563D,,,RRRJ,RJ,taan1,pant; many,1,2,6,2,0.8,12,cj-169,10,
cj-170,cangjie,3,170,Lesson 170,第170課,R;Y;P;B;G;U;T;C;L;H;J;O;F;K;W,R;B;U;L;J;F,B;C;F;G;H;J;K;L;O;P;R;T;U;W;Y,u563f,嘿,U+563F,,,RWGF,RF,hei1,"be silent, be quiet",1,2,6,2,0.8,12,cj-169,10,
cj-171,cangjie,3,171,Lesson 171,第171課,R;U;C;M;P;T;W;I;H;D;B;F;A;Y;G;J;K,R;C;P;I;W;F;A;G;K,A;B;C;D;F;G;H;I;J;K;M;P;R;T;U;W;Y,u5640,噀,U+5640,,,RRUC,RC,seon3,spurt out of the mouth,1,2,6,2,0.8,12,cj-170,10,
cj-171,cangjie,3,171,Lesson 171,第171課,R;U;C;M;P;T;W;I;H;D;B;F;A;Y;G;J;K,R;C;P;I;W;F;A;G;K,A;B;C;D;F;G;H;I;J;K;M;P;R;T;U;W;Y,u5641,噁,U+5641,,,RMMP,RP,ok3,nastiness; nauseate: sickening,1,2,6,2,0.8,12,cj-170,10,
cj-171,cangjie,3,171,Lesson 171,第171課,R;U;C;M;P;T;W;I;H;D;B;F;A;Y;G;J;K,R;C;P;I;W;F;A;G;K,A;B;C;D;F;G;H;I;J;K;M;P;R;T;U;W;Y,u5642,噂,U+5642,,,RTWI,RI,zyun2,meet,1,2,6,2,0.8,12,cj-170,10,
cj-171,cangjie,3,171,Lesson 171,第171課,R;U;C;M;P;T;W;I;H;D;B;F;A;Y;G;J;K,R;C;P;I;W;F;A;G;K,A;B;C;D;F;G;H;I;J;K;M;P;R;T;U;W;Y,u5643,噃,U+5643,,,RHDW,RW,bo3,(Cant.) emphatic final particle,1,2,6,2,0.8,12,cj-170,10,
cj-171,cangjie,3,171,Lesson 171,第171課,R;U;C;M;P;T;W;I;H;D;B;F;A;Y;G;J;K,R;C;P;I;W;F;A;G;K,A;B;C;D;F;G;H;I;J;K;M;P;R;T;U;W;Y,u5645,噅,U+5645,,,RBHF,RF,fai1,to speak falsely or wrongly; ugly,1,2,6,2,0.8,12,cj-170,10,
cj-171,cangjie,3,171,Lesson 171,第171課,R;U;C;M;P;T;W;I;H;D;B;F;A;Y;G;J;K,R;C;P;I;W;F;A;G;K,A;B;C;D;F;G;H;I;J;K;M;P;R;T;U;W;Y,u5646,噆,U+5646,,,RMUA,RA,cam2,to hold in the mouth; to bite,1,2,6,2,0.8,12,cj-170,10,
cj-171,cangjie,3,171,Lesson 171,第171課,R;U;C;M;P;T;W;I;H;D;B;F;A;Y;G;J;K,R;C;P;I;W;F;A;G;K,A;B;C;D;F;G;H;I;J;K;M;P;R;T;U;W;Y,u5647,噇,U+5647,,,RYTG,RG,cong4,eating and drinking without restraint,1,2,6,2,0.8,12,cj-170,10,
cj-171,cangjie,3,171,Lesson 171,第171課,R;U;C;M;P;T;W;I;H;D;B;F;A;Y;G;J;K,R;C;P;I;W;F;A;G;K,A;B;C;D;F;G;H;I;J;K;M;P;R;T;U;W;Y,u5649,噉,U+5649,,,RMJK,RK,gam2,"bite, chew; (Cant.) like this, in this way",1,2,6,2,0.8,12,cj-170,10,
cj-171,cangjie,3,171,Lesson 171,第171課,R;U;C;M;P;T;W;I;H;D;B;F;A;Y;G;J;K,R;C;P;I;W;F;A;G;K,A;B;C;D;F;G;H;I;J;K;M;P;R;T;U;W;Y,u564b,噋,U+564B,,,RYDK,RK,teon1,to swallow hastily; to gobble up,1,2,6,2,0.8,12,cj-170,10,
cj-171,cangjie,3,171,Lesson 171,第171課,R;U;C;M;P;T;W;I;H;D;B;F;A;Y;G;J;K,R;C;P;I;W;F;A;G;K,A;B;C;D;F;G;H;I;J;K;M;P;R;T;U;W;Y,u564c,噌,U+564C,,,RCWA,RA,zang1,"scold, shout at",1,2,6,2,0.8,12,cj-170,10,
cj-172,cangjie,3,172,Lesson 172,第172課,R;O;G;F;B;T;M;H;A;J;D;Q;Y;P;N;C,R;F;T;M;J;Q;B;O,A;B;C;D;F;G;H;J;M;N;O;P;Q;R;T;Y,u564d,噍,U+564D,,,ROGF,RF,ziu6,chew; eat; munch,1,2,6,2,0.8,12,cj-171,10,
cj-172,cangjie,3,172,Lesson 172,第172課,R;O;G;F;B;T;M;H;A;J;D;Q;Y;P;N;C,R;F;T;M;J;Q;B;O,A;B;C;D;F;G;H;J;M;N;O;P;Q;R;T;Y,u564e,噎,U+564E,,,RGBT,RT,jit3,choke; hiccup,1,2,6,2,0.8,12,cj-171,10,
cj-172,cangjie,3,172,Lesson 172,第172課,R;O;G;F;B;T;M;H;A;J;D;Q;Y;P;N;C,R;F;T;M;J;Q;B;O,A;B;C;D;F;G;H;J;M;N;O;P;Q;R;T;Y,u564f,噏,U+564F,,,RORM,RM,kap1,"inhale, absorb, imbibe; compress; (Cant.) to talk, say, tell",1,2,6,2,0.8,12,cj-171,10,
cj-172,cangjie,3,172,Lesson 172,第172課,R;O;G;F;B;T;M;H;A;J;D;Q;Y;P;N;C,R;F;T;M;J;Q;B;O,A;B;C;D;F;G;H;J;M;N;O;P;Q;R;T;Y,u5650,噐,U+5650,,,RRMRR,RR,hei3,"receptacle, vessel; instrument",1,2,6,2,0.8,12,cj-171,10,
cj-172,cangjie,3,172,Lesson 172,第172課,R;O;G;F;B;T;M;H;A;J;D;Q;Y;P;N;C,R;F;T;M;J;Q;B;O,A;B;C;D;F;G;H;J;M;N;O;P;Q;R;T;Y,u5651,噑,U+5651,,,RHAJ,RJ,hou4,"the roar of beasts; to howl, wail",1,2,6,2,0.8,12,cj-171,10,
cj-172,cangjie,3,172,Lesson 172,第172課,R;O;G;F;B;T;M;H;A;J;D;Q;Y;P;N;C,R;F;T;M;J;Q;B;O,A;B;C;D;F;G;H;J;M;N;O;P;Q;R;T;Y,u5652,噒,U+5652,,,RFDQ,RQ,leon1,(Cant.) to suck and gnaw on bones,1,2,6,2,0.8,12,cj-171,10,
cj-172,cangjie,3,172,Lesson 172,第172課,R;O;G;F;B;T;M;H;A;J;D;Q;Y;P;N;C,R;F;T;M;J;Q;B;O,A;B;C;D;F;G;H;J;M;N;O;P;Q;R;T;Y,u5653,噓,U+5653,,,RYPM,RM,heoi1,"exhale; blow out; deep sigh; hiss; praise, flatter; lie",1,2,6,2,0.8,12,cj-171,10,
cj-172,cangjie,3,172,Lesson 172,第172課,R;O;G;F;B;T;M;H;A;J;D;Q;Y;P;N;C,R;F;T;M;J;Q;B;O,A;B;C;D;F;G;H;J;M;N;O;P;Q;R;T;Y,u5654,噔,U+5654,,,RNOT,RT,dang1,syllable; (Cant.) for (a recipient of pity or sympathy),1,2,6,2,0.8,12,cj-171,10,
cj-172,cangjie,3,172,Lesson 172,第172課,R;O;G;F;B;T;M;H;A;J;D;Q;Y;P;N;C,R;F;T;M;J;Q;B;O,A;B;C;D;F;G;H;J;M;N;O;P;Q;R;T;Y,u5655,噕,U+5655,,,BHFR,BR,fai1,to speak falsely or wrongly; ugly,1,2,6,2,0.8,12,cj-171,10,
cj-172,cangjie,3,172,Lesson 172,第172課,R;O;G;F;B;T;M;H;A;J;D;Q;Y;P;N;C,R;F;T;M;J;Q;B;O,A;B;C;D;F;G;H;J;M;N;O;P;Q;R;T;Y,u5657,噗,U+5657,,,RTCO,RO,pok3,burst,1,2,6,2,0.8,12,cj-171,10,
cj-173,cangjie,3,173,Lesson 173,第173課,R;M;T;O;Y;B;S;I;U;N;W;A;V;F;G;Q;H;K;L,R;O;B;I;U;A;F;Q;K,A;B;F;G;H;I;K;L;M;N;O;Q;R;S;T;U;V;W;Y,u5658,噘,U+5658,,,RMTO,RO,kyut3,pouting,1,2,6,2,0.8,12,cj-172,10,
cj-173,cangjie,3,173,Lesson 173,第173課,R;M;T;O;Y;B;S;I;U;N;W;A;V;F;G;Q;H;K;L,R;O;B;I;U;A;F;Q;K,A;B;F;G;H;I;K;L;M;N;O;Q;R;S;T;U;V;W;Y,u5659,噙,U+5659,,,ROYB,RB,kam4,hold in mouth; bite,1,2,6,2,0.8,12,cj-172,10,
cj-173,cangjie,3,173,Lesson 173,第173課,R;M;T;O;Y;B;S;I;U;N;W;A;V;F;G;Q;H;K;L,R;O;B;I;U;A;F;Q;K,A;B;F;G;H;I;K;L;M;N;O;Q;R;S;T;U;V;W;Y,u565a,噚,U+565A,,,RSMI,RI,cam4,fathom,1,2,6,2,0.8,12,cj-172,10,
cj-173,cangjie,3,173,Lesson 173,第173課,R;M;T;O;Y;B;S;I;U;N;W;A;V;F;G;Q;H;K;L,R;O;B;I;U;A;F;Q;K,A;B;F;G;H;I;K;L;M;N;O;Q;R;S;T;U;V;W;Y,u565b,噛,U+565B,,,RYMU,RU,ngit6,"bite, gnaw",1,2,6,2,0.8,12,cj-172,10,
cj-173,cangjie,3,173,Lesson 173,第173課,R;M;T;O;Y;B;S;I;U;N;W;A;V;F;G;Q;H;K;L,R;O;B;I;U;A;F;Q;K,A;B;F;G;H;I;K;L;M;N;O;Q;R;S;T;U;V;W;Y,u565c,噜,U+565C,,,RNWA,RA,lou1,"verbose, talkative; mumbling",1,2,6,2,0.8,12,cj-172,10,
cj-173,cangjie,3,173,Lesson 173,第173課,R;M;T;O;Y;B;S;I;U;N;W;A;V;F;G;Q;H;K;L,R;O;B;I;U;A;F;Q;K,A;B;F;G;H;I;K;L;M;N;O;Q;R;S;T;U;V;W;Y,u565d,噝,U+565D,,,RVFF,RF,si1,hiss; a call to come,1,2,6,2,0.8,12,cj-172,10,
cj-173,cangjie,3,173,Lesson 173,第173課,R;M;T;O;Y;B;S;I;U;N;W;A;V;F;G;Q;H;K;L,R;O;B;I;U;A;F;Q;K,A;B;F;G;H;I;K;L;M;N;O;Q;R;S;T;U;V;W;Y,u565e,噞,U+565E,,,ROMO,RO,jim2,the movement of a fish's mouth at the surface of the water,1,2,6,2,0.8,12,cj-172,10,
cj-173,cangjie,3,173,Lesson 173,第173課,R;M;T;O;Y;B;S;I;U;N;W;A;V;F;G;Q;H;K;L,R;O;B;I;U;A;F;Q;K,A;B;F;G;H;I;K;L;M;N;O;Q;R;S;T;U;V;W;Y,u5660,噠,U+5660,,,RYGQ,RQ,daat6,sound made to get a horse to move forward,1,2,6,2,0.8,12,cj-172,10,
cj-173,cangjie,3,173,Lesson 173,第173課,R;M;T;O;Y;B;S;I;U;N;W;A;V;F;G;Q;H;K;L,R;O;B;I;U;A;F;Q;K,A;B;F;G;H;I;K;L;M;N;O;Q;R;S;T;U;V;W;Y,u5662,噢,U+5662,,,RHBK,RK,jyu2,"moan; interjection for pain, sad",1,2,6,2,0.8,12,cj-172,10,
cj-173,cangjie,3,173,Lesson 173,第173課,R;M;T;O;Y;B;S;I;U;N;W;A;V;F;G;Q;H;K;L,R;O;B;I;U;A;F;Q;K,A;B;F;G;H;I;K;L;M;N;O;Q;R;S;T;U;V;W;Y,u5663,噣,U+5663,,,RWLI,RI,zau3,"a beak; to peck; to order, enjoin upon",1,2,6,2,0.8,12,cj-172,10,
cj-174,cangjie,3,174,Lesson 174,第174課,R;D;F;T;W;V;Y;M;H;I;K;G;P;O;S;B;E,R;F;V;H;M;D;P;O;K;E,B;D;E;F;G;H;I;K;M;O;P;R;S;T;V;W;Y,u5664,噤,U+5664,,,RDDF,RF,gam3,"close; be silent, be unable speak",1,2,6,2,0.8,12,cj-173,10,
cj-174,cangjie,3,174,Lesson 174,第174課,R;D;F;T;W;V;Y;M;H;I;K;G;P;O;S;B;E,R;F;V;H;M;D;P;O;K;E,B;D;E;F;G;H;I;K;M;O;P;R;S;T;V;W;Y,u5665,噥,U+5665,,,RTWV,RV,nung4,whisper,1,2,6,2,0.8,12,cj-173,10,
cj-174,cangjie,3,174,Lesson 174,第174課,R;D;F;T;W;V;Y;M;H;I;K;G;P;O;S;B;E,R;F;V;H;M;D;P;O;K;E,B;D;E;F;G;H;I;K;M;O;P;R;S;T;V;W;Y,u5666,噦,U+5666,,,RYMH,RH,jyut6,belch; vomit,1,2,6,2,0.8,12,cj-173,10,
cj-174,cangjie,3,174,Lesson 174,第174課,R;D;F;T;W;V;Y;M;H;I;K;G;P;O;S;B;E,R;F;V;H;M;D;P;O;K;E,B;D;E;F;G;H;I;K;M;O;P;R;S;T;V;W;Y,u5668,器,U+5668,,,RRIKR,RR,hei3,"receptacle, vessel; instrument",1,2,6,2,0.8,12,cj-173,10,
cj-174,cangjie,3,174,Lesson 174,第174課,R;D;F;T;W;V;Y;M;H;I;K;G;P;O;S;B;E,R;F;V;H;M;D;P;O;K;E,B;D;E;F;G;H;I;K;M;O;P;R;S;T;V;W;Y,u5669,噩,U+5669,,,MGRR,MR,ngok6,"bad, ill-omened, unlucky",1,2,6,2,0.8,12,cj-173,10,
cj-174,cangjie,3,174,Lesson 174,第174課,R;D;F;T;W;V;Y;M;H;I;K;G;P;O;S;B;E,R;F;V;H;M;D;P;O;K;E,B;D;E;F;G;H;I;K;M;O;P;R;S;T;V;W;Y,u566a,噪,U+566A,,,RRRD,RD,cou3,be noisy; chirp loudly,1,2,6,2,0.8,12,cj-173,10,
cj-174,cangjie,3,174,Lesson 174,第174課,R;D;F;T;W;V;Y;M;H;I;K;G;P;O;S;B;E,R;F;V;H;M;D;P;O;K;E,B;D;E;F;G;H;I;K;M;O;P;R;S;T;V;W;Y,u566b,噫,U+566B,,,RYTP,RP,ji1,belch; alas,1,2,6,2,0.8,12,cj-173,10,
cj-174,cangjie,3,174,Lesson 174,第174課,R;D;F;T;W;V;Y;M;H;I;K;G;P;O;S;B;E,R;F;V;H;M;D;P;O;K;E,B;D;E;F;G;H;I;K;M;O;P;R;S;T;V;W;Y,u566c,噬,U+566C,,,RHMO,RO,sai6,bite; gnaw; snap at,1,2,6,2,0.8,12,cj-173,10,
cj-174,cangjie,3,174,Lesson 174,第174課,R;D;F;T;W;V;Y;M;H;I;K;G;P;O;S;B;E,R;F;V;H;M;D;P;O;K;E,B;D;E;F;G;H;I;K;M;O;P;R;S;T;V;W;Y,u566d,噭,U+566D,,,RHSK,RK,giu3,shout,1,2,6,2,0.8,12,cj-173,10,
cj-174,cangjie,3,174,Lesson 174,第174課,R;D;F;T;W;V;Y;M;H;I;K;G;P;O;S;B;E,R;F;V;H;M;D;P;O;K;E,B;D;E;F;G;H;I;K;M;O;P;R;S;T;V;W;Y,u566f,噯,U+566F,,,RBBE,RE,oi2,interjection; exclamation,1,2,6,2,0.8,12,cj-173,10,
cj-175,cangjie,3,175,Lesson 175,第175課,R;Y;P;O;M;A;K;J;T;C;V;U;F;B;W;D;L;G,R;O;A;K;C;V;W;L;G,A;B;C;D;F;G;J;K;L;M;O;P;R;T;U;V;W;Y,u5671,噱,U+5671,,,RYPO,RO,koek6,"laugh heartily, laugh aloud",1,2,6,2,0.8,12,cj-174,10,
cj-175,cangjie,3,175,Lesson 175,第175課,R;Y;P;O;M;A;K;J;T;C;V;U;F;B;W;D;L;G,R;O;A;K;C;V;W;L;G,A;B;C;D;F;G;J;K;L;M;O;P;R;T;U;V;W;Y,u5672,噲,U+5672,,,ROMA,RA,faai3,"swallow, gulp down; greedy",1,2,6,2,0.8,12,cj-174,10,
cj-175,cangjie,3,175,Lesson 175,第175課,R;Y;P;O;M;A;K;J;T;C;V;U;F;B;W;D;L;G,R;O;A;K;C;V;W;L;G,A;B;C;D;F;G;J;K;L;M;O;P;R;T;U;V;W;Y,u5673,噳,U+5673,,,RYPK,RK,jyu5,many,1,2,6,2,0.8,12,cj-174,10,
cj-175,cangjie,3,175,Lesson 175,第175課,R;Y;P;O;M;A;K;J;T;C;V;U;F;B;W;D;L;G,R;O;A;K;C;V;W;L;G,A;B;C;D;F;G;J;K;L;M;O;P;R;T;U;V;W;Y,u5674,噴,U+5674,,,RJTC,RC,pan3,"spurt, blow out, puff out",1,2,6,2,0.8,12,cj-174,10,
cj-175,cangjie,3,175,Lesson 175,第175課,R;Y;P;O;M;A;K;J;T;C;V;U;F;B;W;D;L;G,R;O;A;K;C;V;W;L;G,A;B;C;D;F;G;J;K;L;M;O;P;R;T;U;V;W;Y,u5676,噶,U+5676,,,RTAV,RV,gaa1,used in transliterations,1,2,6,2,0.8,12,cj-174,10,
cj-175,cangjie,3,175,Lesson 175,第175課,R;Y;P;O;M;A;K;J;T;C;V;U;F;B;W;D;L;G,R;O;A;K;C;V;W;L;G,A;B;C;D;F;G;J;K;L;M;O;P;R;T;U;V;W;Y,u5677,噷,U+5677,,,RYAO,RO,hm1,an exclamation,1,2,6,2,0.8,12,cj-174,10,
cj-175,cangjie,3,175,Lesson 175,第175課,R;Y;P;O;M;A;K;J;T;C;V;U;F;B;W;D;L;G,R;O;A;K;C;V;W;L;G,A;B;C;D;F;G;J;K;L;M;O;P;R;T;U;V;W;Y,u5678,噸,U+5678,,,RPUC,RC,deon1,ton (metric or English),1,2,6,2,0.8,12,cj-174,10,
cj-175,cangjie,3,175,Lesson 175,第175課,R;Y;P;O;M;A;K;J;T;C;V;U;F;B;W;D;L;G,R;O;A;K;C;V;W;L;G,A;B;C;D;F;G;J;K;L;M;O;P;R;T;U;V;W;Y,u5679,噹,U+5679,,,RFBW,RW,dong1,sound of bells,1,2,6,2,0.8,12,cj-174,10,
cj-175,cangjie,3,175,Lesson 175,第175課,R;Y;P;O;M;A;K;J;T;C;V;U;F;B;W;D;L;G,R;O;A;K;C;V;W;L;G,A;B;C;D;F;G;J;K;L;M;O;P;R;T;U;V;W;Y,u567a,噺,U+567A,,,RYDL,RL,san1,"story, talk",1,2,6,2,0.8,12,cj-174,10,
cj-175,cangjie,3,175,Lesson 175,第175課,R;Y;P;O;M;A;K;J;T;C;V;U;F;B;W;D;L;G,R;O;A;K;C;V;W;L;G,A;B;C;D;F;G;J;K;L;M;O;P;R;T;U;V;W;Y,u567b,噻,U+567B,,,RJTG,RG,sak1,character used in translation,1,2,6,2,0.8,12,cj-174,10,
cj-176,cangjie,3,176,Lesson 176,第176課,R;S;J;G;M;F;P;N;Y;W;E;T;O;B;C;I;H;U;L,R;J;G;M;N;E;B;C;I;L,B;C;E;F;G;H;I;J;L;M;N;O;P;R;S;T;U;W;Y,u567c,噼,U+567C,,,RSRJ,RJ,pik1,sound; (Cant.) a child's buttocks,1,2,6,2,0.8,12,cj-175,10,
cj-176,cangjie,3,176,Lesson 176,第176課,R;S;J;G;M;F;P;N;Y;W;E;T;O;B;C;I;H;U;L,R;J;G;M;N;E;B;C;I;L,B;C;E;F;G;H;I;J;L;M;N;O;P;R;S;T;U;W;Y,u567d,噽,U+567D,,,GRMFM,GM,pei2,"mound, lump; stealthily",1,2,6,2,0.8,12,cj-175,10,
cj-176,cangjie,3,176,Lesson 176,第176課,R;S;J;G;M;F;P;N;Y;W;E;T;O;B;C;I;H;U;L,R;J;G;M;N;E;B;C;I;L,B;C;E;F;G;H;I;J;L;M;N;O;P;R;S;T;U;W;Y,u5680,嚀,U+5680,,,RJPN,RN,ning4,"enjoin, instruct; charge",1,2,6,2,0.8,12,cj-175,10,
cj-176,cangjie,3,176,Lesson 176,第176課,R;S;J;G;M;F;P;N;Y;W;E;T;O;B;C;I;H;U;L,R;J;G;M;N;E;B;C;I;L,B;C;E;F;G;H;I;J;L;M;N;O;P;R;S;T;U;W;Y,u5683,嚃,U+5683,,,RYWE,RE,daap6,gobble,1,2,6,2,0.8,12,cj-175,10,
cj-176,cangjie,3,176,Lesson 176,第176課,R;S;J;G;M;F;P;N;Y;W;E;T;O;B;C;I;H;U;L,R;J;G;M;N;E;B;C;I;L,B;C;E;F;G;H;I;J;L;M;N;O;P;R;S;T;U;W;Y,u5684,嚄,U+5684,,,RTOE,RE,o2,roar,1,2,6,2,0.8,12,cj-175,10,
cj-176,cangjie,3,176,Lesson 176,第176課,R;S;J;G;M;F;P;N;Y;W;E;T;O;B;C;I;H;U;L,R;J;G;M;N;E;B;C;I;L,B;C;E;F;G;H;I;J;L;M;N;O;P;R;S;T;U;W;Y,u5685,嚅,U+5685,,,RMBB,RB,jyu4,talk indistinctly and falteringly,1,2,6,2,0.8,12,cj-175,10,
cj-176,cangjie,3,176,Lesson 176,第176課,R;S;J;G;M;F;P;N;Y;W;E;T;O;B;C;I;H;U;L,R;J;G;M;N;E;B;C;I;L,B;C;E;F;G;H;I;J;L;M;N;O;P;R;S;T;U;W;Y,u5686,嚆,U+5686,,,RTYB,RB,hou1,"give forth sound, make noise",1,2,6,2,0.8,12,cj-175,10,
cj-176,cangjie,3,176,Lesson 176,第176課,R;S;J;G;M;F;P;N;Y;W;E;T;O;B;C;I;H;U;L,R;J;G;M;N;E;B;C;I;L,B;C;E;F;G;H;I;J;L;M;N;O;P;R;S;T;U;W;Y,u5687,嚇,U+5687,,,RGCC,RC,haak3,"scare, frighten; intimidate",1,2,6,2,0.8,12,cj-175,10,
cj-176,cangjie,3,176,Lesson 176,第176課,R;S;J;G;M;F;P;N;Y;W;E;T;O;B;C;I;H;U;L,R;J;G;M;N;E;B;C;I;L,B;C;E;F;G;H;I;J;L;M;N;O;P;R;S;T;U;W;Y,u5689,嚉,U+5689,,,RTGI,RI,deoi3,(Cant.) to swell,1,2,6,2,0.8,12,cj-175,10,
cj-176,cangjie,3,176,Lesson 176,第176課,R;S;J;G;M;F;P;N;Y;W;E;T;O;B;C;I;H;U;L,R;J;G;M;N;E;B;C;I;L,B;C;E;F;G;H;I;J;L;M;N;O;P;R;S;T;U;W;Y,u568a,嚊,U+568A,,,RHUL,RL,be6,to pant; wife; (Cant.) particle indicating doubt,1,2,6,2,0.8,12,cj-175,10,
cj-177,cangjie,3,177,Lesson 177,第177課,R;Y;X;O;J;B;F;A;N;W;M;U;S;L;G,R;X;O;A;F;U;G,A;B;F;G;J;L;M;N;O;R;S;U;W;X;Y,u568c,嚌,U+568C,,,RYX,RX,zai6,to sip; (Cant.) aspect marker of excessive extent,1,2,6,2,0.8,12,cj-176,10,
cj-177,cangjie,3,177,Lesson 177,第177課,R;Y;X;O;J;B;F;A;N;W;M;U;S;L;G,R;X;O;A;F;U;G,A;B;F;G;J;L;M;N;O;R;S;U;W;X;Y,u568e,嚎,U+568E,,,RYRO,RO,hou4,"cry loudly, yell, scream",1,2,6,2,0.8,12,cj-176,10,
cj-177,cangjie,3,177,Lesson 177,第177課,R;Y;X;O;J;B;F;A;N;W;M;U;S;L;G,R;X;O;A;F;U;G,A;B;F;G;J;L;M;N;O;R;S;U;W;X;Y,u568f,嚏,U+568F,,,RJBO,RO,tai3,sneeze,1,2,6,2,0.8,12,cj-176,10,
cj-177,cangjie,3,177,Lesson 177,第177課,R;Y;X;O;J;B;F;A;N;W;M;U;S;L;G,R;X;O;A;F;U;G,A;B;F;G;J;L;M;N;O;R;S;U;W;X;Y,u5690,嚐,U+5690,,,RFBA,RA,soeng4,taste,1,2,6,2,0.8,12,cj-176,10,
cj-177,cangjie,3,177,Lesson 177,第177課,R;Y;X;O;J;B;F;A;N;W;M;U;S;L;G,R;X;O;A;F;U;G,A;B;F;G;J;L;M;N;O;R;S;U;W;X;Y,u5693,嚓,U+5693,,,RJBF,RF,caat3,a cracking or snapping sound,1,2,6,2,0.8,12,cj-176,10,
cj-177,cangjie,3,177,Lesson 177,第177課,R;Y;X;O;J;B;F;A;N;W;M;U;S;L;G,R;X;O;A;F;U;G,A;B;F;G;J;L;M;N;O;R;S;U;W;X;Y,u5694,嚔,U+5694,,,RJBO,RO,dai3,sneeze,1,2,6,2,0.8,12,cj-176,10,
cj-177,cangjie,3,177,Lesson 177,第177課,R;Y;X;O;J;B;F;A;N;W;M;U;S;L;G,R;X;O;A;F;U;G,A;B;F;G;J;L;M;N;O;R;S;U;W;X;Y,u5695,嚕,U+5695,,,RNWA,RA,lou1,"verbose, talkative; mumbling",1,2,6,2,0.8,12,cj-176,10,
cj-177,cangjie,3,177,Lesson 177,第177課,R;Y;X;O;J;B;F;A;N;W;M;U;S;L;G,R;X;O;A;F;U;G,A;B;F;G;J;L;M;N;O;R;S;U;W;X;Y,u5699,嚙,U+5699,,,RYMU,RU,ngit6,"bite, gnaw",1,2,6,2,0.8,12,cj-176,10,
cj-177,cangjie,3,177,Lesson 177,第177課,R;Y;X;O;J;B;F;A;N;W;M;U;S;L;G,R;X;O;A;F;U;G,A;B;F;G;J;L;M;N;O;R;S;U;W;X;Y,u569a,嚚,U+569A,,,RRSLR,RR,ngan4,"argumentative, talkative",1,2,6,2,0.8,12,cj-176,10,
cj-177,cangjie,3,177,Lesson 177,第177課,R;Y;X;O;J;B;F;A;N;W;M;U;S;L;G,R;X;O;A;F;U;G,A;B;F;G;J;L;M;N;O;R;S;U;W;X;Y,u569c,嚜,U+569C,,,RWGG,RG,mak6,be silent; final particle,1,2,6,2,0.8,12,cj-176,10,
cj-178,cangjie,3,178,Lesson 178,第178課,R;H;E;C;N;T;J;G;V;M;O;I;D;Q;L;F;Y;B;P;U,R;E;N;G;J;V;Q;F;M;P;U,B;C;D;E;F;G;H;I;J;L;M;N;O;P;Q;R;T;U;V;Y,u569f,嚟,U+569F,,,RHHE,RE,lai4,"(Cant.) to come, arrive",1,2,6,2,0.8,12,cj-177,10,
cj-178,cangjie,3,178,Lesson 178,第178課,R;H;E;C;N;T;J;G;V;M;O;I;D;Q;L;F;Y;B;P;U,R;E;N;G;J;V;Q;F;M;P;U,B;C;D;E;F;G;H;I;J;L;M;N;O;P;Q;R;T;U;V;Y,u56a0,嚠,U+56A0,,,RHCN,RN,lau4,a clear sound,1,2,6,2,0.8,12,cj-177,10,
cj-178,cangjie,3,178,Lesson 178,第178課,R;H;E;C;N;T;J;G;V;M;O;I;D;Q;L;F;Y;B;P;U,R;E;N;G;J;V;Q;F;M;P;U,B;C;D;E;F;G;H;I;J;L;M;N;O;P;Q;R;T;U;V;Y,u56a1,嚡,U+56A1,,,RTJG,RG,haai4,(Cant.) rough; interjection,1,2,6,2,0.8,12,cj-177,10,
cj-178,cangjie,3,178,Lesson 178,第178課,R;H;E;C;N;T;J;G;V;M;O;I;D;Q;L;F;Y;B;P;U,R;E;N;G;J;V;Q;F;M;P;U,B;C;D;E;F;G;H;I;J;L;M;N;O;P;Q;R;T;U;V;Y,u56a2,嚢,U+56A2,,,JCTTV,JV,nong4,"bag, purse, sack; put in bag",1,2,6,2,0.8,12,cj-177,10,
cj-178,cangjie,3,178,Lesson 178,第178課,R;H;E;C;N;T;J;G;V;M;O;I;D;Q;L;F;Y;B;P;U,R;E;N;G;J;V;Q;F;M;P;U,B;C;D;E;F;G;H;I;J;L;M;N;O;P;Q;R;T;U;V;Y,u56a3,嚣,U+56A3,,,RRMOR,RR,hiu1,be noisy; treat with contempt,1,2,6,2,0.8,12,cj-177,10,
cj-178,cangjie,3,178,Lesson 178,第178課,R;H;E;C;N;T;J;G;V;M;O;I;D;Q;L;F;Y;B;P;U,R;E;N;G;J;V;Q;F;M;P;U,B;C;D;E;F;G;H;I;J;L;M;N;O;P;Q;R;T;U;V;Y,u56a4,嚤,U+56A4,,,RIDQ,RQ,mo1,(Cant.) slow; late,1,2,6,2,0.8,12,cj-177,10,
cj-178,cangjie,3,178,Lesson 178,第178課,R;H;E;C;N;T;J;G;V;M;O;I;D;Q;L;F;Y;B;P;U,R;E;N;G;J;V;Q;F;M;P;U,B;C;D;E;F;G;H;I;J;L;M;N;O;P;Q;R;T;U;V;Y,u56a5,嚥,U+56A5,,,RTLF,RF,jin3,"swallow, gulp",1,2,6,2,0.8,12,cj-177,10,
cj-178,cangjie,3,178,Lesson 178,第178課,R;H;E;C;N;T;J;G;V;M;O;I;D;Q;L;F;Y;B;P;U,R;E;N;G;J;V;Q;F;M;P;U,B;C;D;E;F;G;H;I;J;L;M;N;O;P;Q;R;T;U;V;Y,u56a6,嚦,U+56A6,,,RMHM,RM,lik6,used in onomatopoetic expressions,1,2,6,2,0.8,12,cj-177,10,
cj-178,cangjie,3,178,Lesson 178,第178課,R;H;E;C;N;T;J;G;V;M;O;I;D;Q;L;F;Y;B;P;U,R;E;N;G;J;V;Q;F;M;P;U,B;C;D;E;F;G;H;I;J;L;M;N;O;P;Q;R;T;U;V;Y,u56a8,嚨,U+56A8,,,RYBP,RP,lung4,throat,1,2,6,2,0.8,12,cj-177,10,
cj-178,cangjie,3,178,Lesson 178,第178課,R;H;E;C;N;T;J;G;V;M;O;I;D;Q;L;F;Y;B;P;U,R;E;N;G;J;V;Q;F;M;P;U,B;C;D;E;F;G;H;I;J;L;M;N;O;P;Q;R;T;U;V;Y,u56ab,嚫,U+56AB,,,RYDU,RU,can3,(Cant.) aspect marker of injury,1,2,6,2,0.8,12,cj-177,10,
cj-179,cangjie,3,179,Lesson 179,第179課,R;Y;H;C;G;M;F;V;L;B;T;I;D;J;K;N,R;C;G;V;I;Y;J;H;K,B;C;D;F;G;H;I;J;K;L;M;N;R;T;V;Y,u56ac,嚬,U+56AC,,,RYHC,RC,pan4,frown,1,2,6,2,0.8,12,cj-178,10,
cj-179,cangjie,3,179,Lesson 179,第179課,R;Y;H;C;G;M;F;V;L;B;T;I;D;J;K;N,R;C;G;V;I;Y;J;H;K,B;C;D;F;G;H;I;J;K;L;M;N;R;T;V;Y,u56ad,嚭,U+56AD,,,GRMFR,GR,pei2,"mound, lump; stealthily",1,2,6,2,0.8,12,cj-178,10,
cj-179,cangjie,3,179,Lesson 179,第179課,R;Y;H;C;G;M;F;V;L;B;T;I;D;J;K;N,R;C;G;V;I;Y;J;H;K,B;C;D;F;G;H;I;J;K;L;M;N;R;T;V;Y,u56ae,嚮,U+56AE,,,VLHBR,VR,hoeng3,"guide, direct; incline to, favor",1,2,6,2,0.8,12,cj-178,10,
cj-179,cangjie,3,179,Lesson 179,第179課,R;Y;H;C;G;M;F;V;L;B;T;I;D;J;K;N,R;C;G;V;I;Y;J;H;K,B;C;D;F;G;H;I;J;K;L;M;N;R;T;V;Y,u56b1,嚱,U+56B1,,,RYTI,RI,hei3,a shrill noise; alas!,1,2,6,2,0.8,12,cj-178,10,
cj-179,cangjie,3,179,Lesson 179,第179課,R;Y;H;C;G;M;F;V;L;B;T;I;D;J;K;N,R;C;G;V;I;Y;J;H;K,B;C;D;F;G;H;I;J;K;L;M;N;R;T;V;Y,u56b2,嚲,U+56B2,,,YDRRJ,YJ,do2,"read aloud, recite, chant; droop",1,2,6,2,0.8,12,cj-178,10,
cj-179,cangjie,3,179,Lesson 179,第179課,R;Y;H;C;G;M;F;V;L;B;T;I;D;J;K;N,R;C;G;V;I;Y;J;H;K,B;C;D;F;G;H;I;J;K;L;M;N;R;T;V;Y,u56b3,嚳,U+56B3,,,HBHGR,HR,guk1,mythical emperor; to inform quickly; an urgent communication,1,2,6,2,0.8,12,cj-178,10,
cj-179,cangjie,3,179,Lesson 179,第179課,R;Y;H;C;G;M;F;V;L;B;T;I;D;J;K;N,R;C;G;V;I;Y;J;H;K,B;C;D;F;G;H;I;J;K;L;M;N;R;T;V;Y,u56b4,嚴,U+56B4,,,RRMMK,RK,jim4,"strict, rigorous, rigid; stern",1,2,6,2,0.8,12,cj-178,10,
cj-179,cangjie,3,179,Lesson 179,第179課,R;Y;H;C;G;M;F;V;L;B;T;I;D;J;K;N,R;C;G;V;I;Y;J;H;K,B;C;D;F;G;H;I;J;K;L;M;N;R;T;V;Y,u56b5,嚵,U+56B5,,,RNRI,RI,caam4,gluttonous; greedy,1,2,6,2,0.8,12,cj-178,10,
cj-179,cangjie,3,179,Lesson 179,第179課,R;Y;H;C;G;M;F;V;L;B;T;I;D;J;K;N,R;C;G;V;I;Y;J;H;K,B;C;D;F;G;H;I;J;K;L;M;N;R;T;V;Y,u56b6,嚶,U+56B6,,,RBCV,RV,jing1,seek friends; also used in names; the call of a bird,1,2,6,2,0.8,12,cj-178,10,
cj-179,cangjie,3,179,Lesson 179,第179課,R;Y;H;C;G;M;F;V;L;B;T;I;D;J;K;N,R;C;G;V;I;Y;J;H;K,B;C;D;F;G;H;I;J;K;L;M;N;R;T;V;Y,u56b7,嚷,U+56B7,,,RYRV,RV,joeng6,"shout, brawl, make uproar, cry",1,2,6,2,0.8,12,cj-178,10,
cj-180,cangjie,3,180,Lesson 180,第180課,R;O;U;D;M;C;B;W;I;T;X;J;S;Y;G;V,R;D;I;X;J;G;V,B;C;D;G;I;J;M;O;R;S;T;U;V;W;X;Y,u56b9,嚹,U+56B9,,,ROUD,RD,laa3,"(Cant.) a particle implying completion, certainty, or urgency",1,2,6,2,0.8,12,cj-179,10,
cj-180,cangjie,3,180,Lesson 180,第180課,R;O;U;D;M;C;B;W;I;T;X;J;S;Y;G;V,R;D;I;X;J;G;V,B;C;D;G;I;J;M;O;R;S;T;U;V;W;X;Y,u56bb,嚻,U+56BB,,,RRMCR,RR,hiu1,be noisy; treat with contempt,1,2,6,2,0.8,12,cj-179,10,
cj-180,cangjie,3,180,Lesson 180,第180課,R;O;U;D;M;C;B;W;I;T;X;J;S;Y;G;V,R;D;I;X;J;G;V,B;C;D;G;I;J;M;O;R;S;T;U;V;W;X;Y,u56bc,嚼,U+56BC,,,RBWI,RI,zoek3,"prattle, be glib",1,2,6,2,0.8,12,cj-179,10,
cj-180,cangjie,3,180,Lesson 180,第180課,R;O;U;D;M;C;B;W;I;T;X;J;S;Y;G;V,R;D;I;X;J;G;V,B;C;D;G;I;J;M;O;R;S;T;U;V;W;X;Y,u56bf,嚿,U+56BF,,,RTOX,RX,gau6,(Cant.) a lump; measure word,1,2,6,2,0.8,12,cj-179,10,
cj-180,cangjie,3,180,Lesson 180,第180課,R;O;U;D;M;C;B;W;I;T;X;J;S;Y;G;V,R;D;I;X;J;G;V,B;C;D;G;I;J;M;O;R;S;T;U;V;W;X;Y,u56c0,囀,U+56C0,,,RJJI,RI,zyun2,"sing, chirp, warble, twitter",1,2,6,2,0.8,12,cj-179,10,
cj-180,cangjie,3,180,Lesson 180,第180課,R;O;U;D;M;C;B;W;I;T;X;J;S;Y;G;V,R;D;I;X;J;G;V,B;C;D;G;I;J;M;O;R;S;T;U;V;W;X;Y,u56c1,囁,U+56C1,,,RSJJ,RJ,zip3,move lips as when speaking; hesitation,1,2,6,2,0.8,12,cj-179,10,
cj-180,cangjie,3,180,Lesson 180,第180課,R;O;U;D;M;C;B;W;I;T;X;J;S;Y;G;V,R;D;I;X;J;G;V,B;C;D;G;I;J;M;O;R;S;T;U;V;W;X;Y,u56c2,囂,U+56C2,,,RRMCR,RR,hiu1,be noisy; treat with contempt,1,2,6,2,0.8,12,cj-179,10,
cj-180,cangjie,3,180,Lesson 180,第180課,R;O;U;D;M;C;B;W;I;T;X;J;S;Y;G;V,R;D;I;X;J;G;V,B;C;D;G;I;J;M;O;R;S;T;U;V;W;X;Y,u56c3,囃,U+56C3,,,RYDG,RG,caap3,"to play (on an instrument); to accompany; to banter, jeer",1,2,6,2,0.8,12,cj-179,10,
cj-180,cangjie,3,180,Lesson 180,第180課,R;O;U;D;M;C;B;W;I;T;X;J;S;Y;G;V,R;D;I;X;J;G;V,B;C;D;G;I;J;M;O;R;S;T;U;V;W;X;Y,u56c4,囄,U+56C4,,,RYBG,RG,lei4,(Cant.) to come,1,2,6,2,0.8,12,cj-179,10,
cj-180,cangjie,3,180,Lesson 180,第180課,R;O;U;D;M;C;B;W;I;T;X;J;S;Y;G;V,R;D;I;X;J;G;V,B;C;D;G;I;J;M;O;R;S;T;U;V;W;X;Y,u56c5,囅,U+56C5,,,RJSTV,RV,cin2,smile,1,2,6,2,0.8,12,cj-179,10,
cj-181,cangjie,3,181,Lesson 181,第181課,R;T;G;I;W;L;J;B;V;N;D;S;E;A;Q;H;U,R;I;G;J;V;D;W;U,A;B;D;E;G;H;I;J;L;N;Q;R;S;T;U;V;W,u56c8,囈,U+56C8,,,RTGI,RI,ngai6,"talk in one's sleep, somniloquy",1,2,6,2,0.8,12,cj-180,10,
cj-181,cangjie,3,181,Lesson 181,第181課,R;T;G;I;W;L;J;B;V;N;D;S;E;A;Q;H;U,R;I;G;J;V;D;W;U,A;B;D;E;G;H;I;J;L;N;Q;R;S;T;U;V;W,u56c9,囉,U+56C9,,,RWLG,RG,lo1,"exclamatory final particle, nag",1,2,6,2,0.8,12,cj-180,10,
cj-181,cangjie,3,181,Lesson 181,第181課,R;T;G;I;W;L;J;B;V;N;D;S;E;A;Q;H;U,R;I;G;J;V;D;W;U,A;B;D;E;G;H;I;J;L;N;Q;R;S;T;U;V;W,u56ca,囊,U+56CA,,,JBRRV,JV,nong4,"bag, purse, sack; put in bag",1,2,6,2,0.8,12,cj-180,10,
cj-181,cangjie,3,181,Lesson 181,第181課,R;T;G;I;W;L;J;B;V;N;D;S;E;A;Q;H;U,R;I;G;J;V;D;W;U,A;B;D;E;G;H;I;J;L;N;Q;R;S;T;U;V;W,u56cc,囌,U+56CC,,,RTND,RD,sou1,loquacious; nag,1,2,6,2,0.8,12,cj-180,10,
cj-181,cangjie,3,181,Lesson 181,第181課,R;T;G;I;W;L;J;B;V;N;D;S;E;A;Q;H;U,R;I;G;J;V;D;W;U,A;B;D;E;G;H;I;J;L;N;Q;R;S;T;U;V;W,u56cd,囍,U+56CD,,,GRGRR,GR,hei2,double happiness,1,2,6,2,0.8,12,cj-180,10,
cj-181,cangjie,3,181,Lesson 181,第181課,R;T;G;I;W;L;J;B;V;N;D;S;E;A;Q;H;U,R;I;G;J;V;D;W;U,A;B;D;E;G;H;I;J;L;N;Q;R;S;T;U;V;W,u56d1,囑,U+56D1,,,RSEI,RI,zuk1,"order, tell, instruct, leave word",1,2,6,2,0.8,12,cj-180,10,
cj-181,cangjie,3,181,Lesson 181,第181課,R;T;G;I;W;L;J;B;V;N;D;S;E;A;Q;H;U,R;I;G;J;V;D;W;U,A;B;D;E;G;H;I;J;L;N;Q;R;S;T;U;V;W,u56d2,囒,U+56D2,,,RTAW,RW,laan4,confused talk,1,2,6,2,0.8,12,cj-180,10,
cj-181,cangjie,3,181,Lesson 181,第181課,R;T;G;I;W;L;J;B;V;N;D;S;E;A;Q;H;U,R;I;G;J;V;D;W;U,A;B;D;E;G;H;I;J;L;N;Q;R;S;T;U;V;W,u56d3,囓,U+56D3,,,RQHU,RU,ngit6,gnaw,1,2,6,2,0.8,12,cj-180,10,
cj-181,cangjie,3,181,Lesson 181,第181課,R;T;G;I;W;L;J;B;V;N;D;S;E;A;Q;H;U,R;I;G;J;V;D;W;U,A;B;D;E;G;H;I;J;L;N;Q;R;S;T;U;V;W,u56d4,囔,U+56D4,,,RJBV,RV,nong4,"muttering, indistinct speech",1,2,6,2,0.8,12,cj-180,10,
cj-181,cangjie,3,181,Lesson 181,第181課,R;T;G;I;W;L;J;B;V;N;D;S;E;A;Q;H;U,R;I;G;J;V;D;W;U,A;B;D;E;G;H;I;J;L;N;Q;R;S;T;U;V;W,u56d6,囖,U+56D6,,,RHWG,RG,lo1,(Cant.) final particle for pointing out the obvious,1,2,6,2,0.8,12,cj-180,10,
cj-182,cangjie,3,182,Lesson 182,第182課,B;M;R;U;W;O;C;N;D;H;K;V,B;M;U;W;O;C;D;R;H;K;V,B;C;D;H;K;M;N;O;R;U;V;W,u56d7,囗,U+56D7,,,BM,BM,wai4,"erect, proud; upright; bald",1,2,6,2,0.8,12,cj-181,10,
cj-182,cangjie,3,182,Lesson 182,第182課,B;M;R;U;W;O;C;N;D;H;K;V,B;M;U;W;O;C;D;R;H;K;V,B;C;D;H;K;M;N;O;R;U;V;W,u56d8,囘,U+56D8,,,BRU,BU,wui4,"return, turn around; a time",1,2,6,2,0.8,12,cj-181,10,
cj-182,cangjie,3,182,Lesson 182,第182課,B;M;R;U;W;O;C;N;D;H;K;V,B;M;U;W;O;C;D;R;H;K;V,B;C;D;H;K;M;N;O;R;U;V;W,u56da,囚,U+56DA,,,WO,WO,cau4,"prisoner, convict; confine",1,2,6,2,0.8,12,cj-181,10,
cj-182,cangjie,3,182,Lesson 182,第182課,B;M;R;U;W;O;C;N;D;H;K;V,B;M;U;W;O;C;D;R;H;K;V,B;C;D;H;K;M;N;O;R;U;V;W,u56db,四,U+56DB,,,WC,WC,sei3,four,1,2,6,2,0.8,12,cj-181,10,
cj-182,cangjie,3,182,Lesson 182,第182課,B;M;R;U;W;O;C;N;D;H;K;V,B;M;U;W;O;C;D;R;H;K;V,B;C;D;H;K;M;N;O;R;U;V;W,u56dd,囝,U+56DD,,,WND,WD,zai2,"baby, infant",1,2,6,2,0.8,12,cj-181,10,
cj-182,cangjie,3,182,Lesson 182,第182課,B;M;R;U;W;O;C;N;D;H;K;V,B;M;U;W;O;C;D;R;H;K;V,B;C;D;H;K;M;N;O;R;U;V;W,u56de,回,U+56DE,,,WR,WR,wui4,"return, turn around; a time",1,2,6,2,0.8,12,cj-181,10,
cj-182,cangjie,3,182,Lesson 182,第182課,B;M;R;U;W;O;C;N;D;H;K;V,B;M;U;W;O;C;D;R;H;K;V,B;C;D;H;K;M;N;O;R;U;V;W,u56df,囟,U+56DF,,,HWK,HK,seon3,top of the head; skull,1,2,6,2,0.8,12,cj-181,10,
cj-182,cangjie,3,182,Lesson 182,第182課,B;M;R;U;W;O;C;N;D;H;K;V,B;M;U;W;O;C;D;R;H;K;V,B;C;D;H;K;M;N;O;R;U;V;W,u56e0,因,U+56E0,,,WK,WK,jan1,"cause, reason; by; because (of)",1,2,6,2,0.8,12,cj-181,10,
cj-182,cangjie,3,182,Lesson 182,第182課,B;M;R;U;W;O;C;N;D;H;K;V,B;M;U;W;O;C;D;R;H;K;V,B;C;D;H;K;M;N;O;R;U;V;W,u56e1,囡,U+56E1,,,WV,WV,naam4,one's daughter; to filch; to secrete,1,2,6,2,0.8,12,cj-181,10,
cj-182,cangjie,3,182,Lesson 182,第182課,B;M;R;U;W;O;C;N;D;H;K;V,B;M;U;W;O;C;D;R;H;K;V,B;C;D;H;K;M;N;O;R;U;V;W,u56e2,团,U+56E2,,,WDH,WH,tyun4,"sphere, ball, circle; mass, lump",1,2,6,2,0.8,12,cj-181,10,
cj-183,cangjie,3,183,Lesson 183,第183課,W;D;I;P;U;Y;H;N;K;S;L;M;O;G,W;I;U;N;H;K;L;P;G;D,D;G;H;I;K;L;M;N;O;P;S;U;W;Y,u56e3,団,U+56E3,,,WDI,WI,tyun4,"sphere, ball, circle; mass, lump",1,2,6,2,0.8,12,cj-182,10,
cj-183,cangjie,3,183,Lesson 183,第183課,W;D;I;P;U;Y;H;N;K;S;L;M;O;G,W;I;U;N;H;K;L;P;G;D,D;G;H;I;K;L;M;N;O;P;S;U;W;Y,u56e4,囤,U+56E4,,,WPU,WU,deon6,"grain basket, bin for grain",1,2,6,2,0.8,12,cj-182,10,
cj-183,cangjie,3,183,Lesson 183,第183課,W;D;I;P;U;Y;H;N;K;S;L;M;O;G,W;I;U;N;H;K;L;P;G;D,D;G;H;I;K;L;M;N;O;P;S;U;W;Y,u56e5,囥,U+56E5,,,WYHN,WN,kong3,hide,1,2,6,2,0.8,12,cj-182,10,
cj-183,cangjie,3,183,Lesson 183,第183課,W;D;I;P;U;Y;H;N;K;S;L;M;O;G,W;I;U;N;H;K;L;P;G;D,D;G;H;I;K;L;M;N;O;P;S;U;W;Y,u56ea,囪,U+56EA,,,HWKK,HK,cung1,"chimney, funnel",1,2,6,2,0.8,12,cj-182,10,
cj-183,cangjie,3,183,Lesson 183,第183課,W;D;I;P;U;Y;H;N;K;S;L;M;O;G,W;I;U;N;H;K;L;P;G;D,D;G;H;I;K;L;M;N;O;P;S;U;W;Y,u56eb,囫,U+56EB,,,WPHH,WH,fat1,"entire, whole",1,2,6,2,0.8,12,cj-182,10,
cj-183,cangjie,3,183,Lesson 183,第183課,W;D;I;P;U;Y;H;N;K;S;L;M;O;G,W;I;U;N;H;K;L;P;G;D,D;G;H;I;K;L;M;N;O;P;S;U;W;Y,u56ec,囬,U+56EC,,,WSL,WL,wui4,to return to or from,1,2,6,2,0.8,12,cj-182,10,
cj-183,cangjie,3,183,Lesson 183,第183課,W;D;I;P;U;Y;H;N;K;S;L;M;O;G,W;I;U;N;H;K;L;P;G;D,D;G;H;I;K;L;M;N;O;P;S;U;W;Y,u56ed,园,U+56ED,,,WMMU,WU,jyun4,"garden; park, orchard",1,2,6,2,0.8,12,cj-182,10,
cj-183,cangjie,3,183,Lesson 183,第183課,W;D;I;P;U;Y;H;N;K;S;L;M;O;G,W;I;U;N;H;K;L;P;G;D,D;G;H;I;K;L;M;N;O;P;S;U;W;Y,u56ee,囮,U+56EE,,,WOP,WP,ngo4,"inveigle, decoy; cheat",1,2,6,2,0.8,12,cj-182,10,
cj-183,cangjie,3,183,Lesson 183,第183課,W;D;I;P;U;Y;H;N;K;S;L;M;O;G,W;I;U;N;H;K;L;P;G;D,D;G;H;I;K;L;M;N;O;P;S;U;W;Y,u56ef,囯,U+56EF,,,WMG,WG,gwok3,"(variant of 国) nation, country, nation-state",1,2,6,2,0.8,12,cj-182,10,
cj-183,cangjie,3,183,Lesson 183,第183課,W;D;I;P;U;Y;H;N;K;S;L;M;O;G,W;I;U;N;H;K;L;P;G;D,D;G;H;I;K;L;M;N;O;P;S;U;W;Y,u56f0,困,U+56F0,,,WD,WD,kwan3,"to surround, besiege; to be surrounded; difficult; hexagram ䷮",1,2,6,2,0.8,12,cj-182,10,
cj-184,cangjie,3,184,Lesson 184,第184課,H;W;E;T;Y;K;Q;S;O;P;D;I;J;R;M;G,H;E;W;T;K;S;P;D;I;R;Y,D;E;G;H;I;J;K;M;O;P;Q;R;S;T;W;Y,u56f1,囱,U+56F1,,,HWHE,HE,cung1,chimney,1,2,6,2,0.8,12,cj-183,10,
cj-184,cangjie,3,184,Lesson 184,第184課,H;W;E;T;Y;K;Q;S;O;P;D;I;J;R;M;G,H;E;W;T;K;S;P;D;I;R;Y,D;E;G;H;I;J;K;M;O;P;Q;R;S;T;W;Y,u56f2,囲,U+56F2,,,WTT,WT,tung1,"surround, encircle, corral; whip",1,2,6,2,0.8,12,cj-183,10,
cj-184,cangjie,3,184,Lesson 184,第184課,H;W;E;T;Y;K;Q;S;O;P;D;I;J;R;M;G,H;E;W;T;K;S;P;D;I;R;Y,D;E;G;H;I;J;K;M;O;P;Q;R;S;T;W;Y,u56f3,図,U+56F3,,,WYK,WK,tou4,"diagram; chart, map, picture",1,2,6,2,0.8,12,cj-183,10,
cj-184,cangjie,3,184,Lesson 184,第184課,H;W;E;T;Y;K;Q;S;O;P;D;I;J;R;M;G,H;E;W;T;K;S;P;D;I;R;Y,D;E;G;H;I;J;K;M;O;P;Q;R;S;T;W;Y,u56f4,围,U+56F4,,,WQS,WS,wai4,"surround, encircle, corral",1,2,6,2,0.8,12,cj-183,10,
cj-184,cangjie,3,184,Lesson 184,第184課,H;W;E;T;Y;K;Q;S;O;P;D;I;J;R;M;G,H;E;W;T;K;S;P;D;I;R;Y,D;E;G;H;I;J;K;M;O;P;Q;R;S;T;W;Y,u56f5,囵,U+56F5,,,WOP,WP,leon4,"all, complete, entire",1,2,6,2,0.8,12,cj-183,10,
cj-184,cangjie,3,184,Lesson 184,第184課,H;W;E;T;Y;K;Q;S;O;P;D;I;J;R;M;G,H;E;W;T;K;S;P;D;I;R;Y,D;E;G;H;I;J;K;M;O;P;Q;R;S;T;W;Y,u56f7,囷,U+56F7,,,WHD,WD,kwan1,round-shaped storage bin for grain,1,2,6,2,0.8,12,cj-183,10,
cj-184,cangjie,3,184,Lesson 184,第184課,H;W;E;T;Y;K;Q;S;O;P;D;I;J;R;M;G,H;E;W;T;K;S;P;D;I;R;Y,D;E;G;H;I;J;K;M;O;P;Q;R;S;T;W;Y,u56f9,囹,U+56F9,,,WOII,WI,ling4,"prison, enclosure",1,2,6,2,0.8,12,cj-183,10,
cj-184,cangjie,3,184,Lesson 184,第184課,H;W;E;T;Y;K;Q;S;O;P;D;I;J;R;M;G,H;E;W;T;K;S;P;D;I;R;Y,D;E;G;H;I;J;K;M;O;P;Q;R;S;T;W;Y,u56fa,固,U+56FA,,,WJR,WR,gu3,"to become solid, solidify; strength",1,2,6,2,0.8,12,cj-183,10,
cj-184,cangjie,3,184,Lesson 184,第184課,H;W;E;T;Y;K;Q;S;O;P;D;I;J;R;M;G,H;E;W;T;K;S;P;D;I;R;Y,D;E;G;H;I;J;K;M;O;P;Q;R;S;T;W;Y,u56fd,国,U+56FD,,,WMGI,WI,gwok3,"nation, country, nation-state",1,2,6,2,0.8,12,cj-183,10,
cj-184,cangjie,3,184,Lesson 184,第184課,H;W;E;T;Y;K;Q;S;O;P;D;I;J;R;M;G,H;E;W;T;K;S;P;D;I;R;Y,D;E;G;H;I;J;K;M;O;P;Q;R;S;T;W;Y,u56fe,图,U+56FE,,,WHEY,WY,tou4,"diagram; chart, map, picture",1,2,6,2,0.8,12,cj-183,10,
cj-185,cangjie,3,185,Lesson 185,第185課,W;K;B;C;Y;S;M;O;I;J;R;N;F;Q;U;G;T,W;B;S;O;R;N;J;U,B;C;F;G;I;J;K;M;N;O;Q;R;S;T;U;W;Y,u56ff,囿,U+56FF,,,WKB,WB,jau6,"pen up; limit, constrain",1,2,6,2,0.8,12,cj-184,10,
cj-185,cangjie,3,185,Lesson 185,第185課,W;K;B;C;Y;S;M;O;I;J;R;N;F;Q;U;G;T,W;B;S;O;R;N;J;U,B;C;F;G;I;J;K;M;N;O;Q;R;S;T;U;W;Y,u5700,圀,U+5700,,,WCYS,WS,gwok3,"nation, country, nation-state",1,2,6,2,0.8,12,cj-184,10,
cj-185,cangjie,3,185,Lesson 185,第185課,W;K;B;C;Y;S;M;O;I;J;R;N;F;Q;U;G;T,W;B;S;O;R;N;J;U,B;C;F;G;I;J;K;M;N;O;Q;R;S;T;U;W;Y,u5702,圂,U+5702,,,WMSO,WO,wan6,pig-sty; privy,1,2,6,2,0.8,12,cj-184,10,
cj-185,cangjie,3,185,Lesson 185,第185課,W;K;B;C;Y;S;M;O;I;J;R;N;F;Q;U;G;T,W;B;S;O;R;N;J;U,B;C;F;G;I;J;K;M;N;O;Q;R;S;T;U;W;Y,u5703,圃,U+5703,,,WIJB,WB,pou2,"garden, cultivated field",1,2,6,2,0.8,12,cj-184,10,
cj-185,cangjie,3,185,Lesson 185,第185課,W;K;B;C;Y;S;M;O;I;J;R;N;F;Q;U;G;T,W;B;S;O;R;N;J;U,B;C;F;G;I;J;K;M;N;O;Q;R;S;T;U;W;Y,u5704,圄,U+5704,,,WMMR,WR,jyu5,"prison, jail",1,2,6,2,0.8,12,cj-184,10,
cj-185,cangjie,3,185,Lesson 185,第185課,W;K;B;C;Y;S;M;O;I;J;R;N;F;Q;U;G;T,W;B;S;O;R;N;J;U,B;C;F;G;I;J;K;M;N;O;Q;R;S;T;U;W;Y,u5705,圅,U+5705,,,NIWJ,NJ,haam4,correspondence; a case; a box,1,2,6,2,0.8,12,cj-184,10,
cj-185,cangjie,3,185,Lesson 185,第185課,W;K;B;C;Y;S;M;O;I;J;R;N;F;Q;U;G;T,W;B;S;O;R;N;J;U,B;C;F;G;I;J;K;M;N;O;Q;R;S;T;U;W;Y,u5706,圆,U+5706,,,WRBO,WO,jyun4,"circle; round, circular; complete",1,2,6,2,0.8,12,cj-184,10,
cj-185,cangjie,3,185,Lesson 185,第185課,W;K;B;C;Y;S;M;O;I;J;R;N;F;Q;U;G;T,W;B;S;O;R;N;J;U,B;C;F;G;I;J;K;M;N;O;Q;R;S;T;U;W;Y,u5707,圇,U+5707,,,WOMB,WB,leon4,"all, complete, entire",1,2,6,2,0.8,12,cj-184,10,
cj-185,cangjie,3,185,Lesson 185,第185課,W;K;B;C;Y;S;M;O;I;J;R;N;F;Q;U;G;T,W;B;S;O;R;N;J;U,B;C;F;G;I;J;K;M;N;O;Q;R;S;T;U;W;Y,u5708,圈,U+5708,,,WFQU,WU,hyun1,to circle; a circle; corral,1,2,6,2,0.8,12,cj-184,10,
cj-185,cangjie,3,185,Lesson 185,第185課,W;K;B;C;Y;S;M;O;I;J;R;N;F;Q;U;G;T,W;B;S;O;R;N;J;U,B;C;F;G;I;J;K;M;N;O;Q;R;S;T;U;W;Y,u5709,圉,U+5709,,,WGTJ,WJ,jyu5,"stable, corral, enclosure; frontier, border",1,2,6,2,0.8,12,cj-184,10,
cj-186,cangjie,3,186,Lesson 186,第186課,W;Q;M;B;I;R;U;D;C;F;L;S;G;V;A,W;B;M;Q;C;U;S;V;A,A;B;C;D;F;G;I;L;M;Q;R;S;U;V;W,u570a,圊,U+570A,,,WQMB,WB,cing1,rest room,1,2,6,2,0.8,12,cj-185,10,
cj-186,cangjie,3,186,Lesson 186,第186課,W;Q;M;B;I;R;U;D;C;F;L;S;G;V;A,W;B;M;Q;C;U;S;V;A,A;B;C;D;F;G;I;L;M;Q;R;S;U;V;W,u570b,國,U+570B,,,WIRM,WM,gwok3,"nation, country, nation-state",1,2,6,2,0.8,12,cj-185,10,
cj-186,cangjie,3,186,Lesson 186,第186課,W;Q;M;B;I;R;U;D;C;F;L;S;G;V;A,W;B;M;Q;C;U;S;V;A,A;B;C;D;F;G;I;L;M;Q;R;S;U;V;W,u570c,圌,U+570C,,,WUMB,WB,cyun4,fence,1,2,6,2,0.8,12,cj-185,10,
cj-186,cangjie,3,186,Lesson 186,第186課,W;Q;M;B;I;R;U;D;C;F;L;S;G;V;A,W;B;M;Q;C;U;S;V;A,A;B;C;D;F;G;I;L;M;Q;R;S;U;V;W,u570d,圍,U+570D,,,WDMQ,WQ,wai4,"surround, encircle, corral",1,2,6,2,0.8,12,cj-185,10,
cj-186,cangjie,3,186,Lesson 186,第186課,W;Q;M;B;I;R;U;D;C;F;L;S;G;V;A,W;B;M;Q;C;U;S;V;A,A;B;C;D;F;G;I;L;M;Q;R;S;U;V;W,u570e,圎,U+570E,,,WIBC,WC,jyun4,"circle; round, circular; complete",1,2,6,2,0.8,12,cj-185,10,
cj-186,cangjie,3,186,Lesson 186,第186課,W;Q;M;B;I;R;U;D;C;F;L;S;G;V;A,W;B;M;Q;C;U;S;V;A,A;B;C;D;F;G;I;L;M;Q;R;S;U;V;W,u570f,圏,U+570F,,,WFQU,WU,hyun1,to circle; a circle; corral,1,2,6,2,0.8,12,cj-185,10,
cj-186,cangjie,3,186,Lesson 186,第186課,W;Q;M;B;I;R;U;D;C;F;L;S;G;V;A,W;B;M;Q;C;U;S;V;A,A;B;C;D;F;G;I;L;M;Q;R;S;U;V;W,u5710,圐,U+5710,,,WWLS,WS,ku1,"place in Shānyīn county, Shānxī",1,2,6,2,0.8,12,cj-185,10,
cj-186,cangjie,3,186,Lesson 186,第186課,W;Q;M;B;I;R;U;D;C;F;L;S;G;V;A,W;B;M;Q;C;U;S;V;A,A;B;C;D;F;G;I;L;M;Q;R;S;U;V;W,u5712,園,U+5712,,,WGRV,WV,jyun4,"garden; park, orchard",1,2,6,2,0.8,12,cj-185,10,
cj-186,cangjie,3,186,Lesson 186,第186課,W;Q;M;B;I;R;U;D;C;F;L;S;G;V;A,W;B;M;Q;C;U;S;V;A,A;B;C;D;F;G;I;L;M;Q;R;S;U;V;W,u5713,圓,U+5713,,,WRBC,WC,jyun4,"circle; round, circular; complete",1,2,6,2,0.8,12,cj-185,10,
cj-186,cangjie,3,186,Lesson 186,第186課,W;Q;M;B;I;R;U;D;C;F;L;S;G;V;A,W;B;M;Q;C;U;S;V;A,A;B;C;D;F;G;I;L;M;Q;R;S;U;V;W,u5715,圕,U+5715,,,WLGA,WA,syu1,library,1,2,6,2,0.8,12,cj-185,10,
cj-187,cangjie,3,187,Lesson 187,第187課,W;R;J;I;L;V;F;D;G;M;N;E,W;I;J;V;F;D;G;N;E,D;E;F;G;I;J;L;M;N;R;V;W,u5716,圖,U+5716,,,WRJW,WW,tou4,"diagram; chart, map, picture",1,2,6,2,0.8,12,cj-186,10,
cj-187,cangjie,3,187,Lesson 187,第187課,W;R;J;I;L;V;F;D;G;M;N;E,W;I;J;V;F;D;G;N;E,D;E;F;G;I;J;L;M;N;R;V;W,u5717,圗,U+5717,,,WIJW,WW,tou4,"diagram; chart, map, picture",1,2,6,2,0.8,12,cj-186,10,
cj-187,cangjie,3,187,Lesson 187,第187課,W;R;J;I;L;V;F;D;G;M;N;E,W;I;J;V;F;D;G;N;E,D;E;F;G;I;J;L;M;N;R;V;W,u5718,團,U+5718,,,WJII,WI,tyun4,"sphere, ball, circle; mass, lump",1,2,6,2,0.8,12,cj-186,10,
cj-187,cangjie,3,187,Lesson 187,第187課,W;R;J;I;L;V;F;D;G;M;N;E,W;I;J;V;F;D;G;N;E,D;E;F;G;I;J;L;M;N;R;V;W,u571b,圛,U+571B,,,WWLJ,WJ,jik6,used in place names; stratus,1,2,6,2,0.8,12,cj-186,10,
cj-187,cangjie,3,187,Lesson 187,第187課,W;R;J;I;L;V;F;D;G;M;N;E,W;I;J;V;F;D;G;N;E,D;E;F;G;I;J;L;M;N;R;V;W,u571c,圜,U+571C,,,WWLV,WV,jyun4,"circle, surround; encircle",1,2,6,2,0.8,12,cj-186,10,
cj-187,cangjie,3,187,Lesson 187,第187課,W;R;J;I;L;V;F;D;G;M;N;E,W;I;J;V;F;D;G;N;E,D;E;F;G;I;J;L;M;N;R;V;W,u571d,圝,U+571D,,,WVFF,WF,lyun4,entire,1,2,6,2,0.8,12,cj-186,10,
cj-187,cangjie,3,187,Lesson 187,第187課,W;R;J;I;L;V;F;D;G;M;N;E,W;I;J;V;F;D;G;N;E,D;E;F;G;I;J;L;M;N;R;V;W,u571e,圞,U+571E,,,WVFD,WD,lyun4,"entire, complete; round",1,2,6,2,0.8,12,cj-186,10,
cj-187,cangjie,3,187,Lesson 187,第187課,W;R;J;I;L;V;F;D;G;M;N;E,W;I;J;V;F;D;G;N;E,D;E;F;G;I;J;L;M;N;R;V;W,u571f,土,U+571F,,,G,G,tou2,"soil, earth; items made of earth",1,2,6,2,0.8,12,cj-186,10,
cj-187,cangjie,3,187,Lesson 187,第187課,W;R;J;I;L;V;F;D;G;M;N;E,W;I;J;V;F;D;G;N;E,D;E;F;G;I;J;L;M;N;R;V;W,u5722,圢,U+5722,,,GMN,GN,ting5,paths between fields,1,2,6,2,0.8,12,cj-186,10,
cj-187,cangjie,3,187,Lesson 187,第187課,W;R;J;I;L;V;F;D;G;M;N;E,W;I;J;V;F;D;G;N;E,D;E;F;G;I;J;L;M;N;R;V;W,u5723,圣,U+5723,,,EG,EG,sing3,"holy, sacred",1,2,6,2,0.8,12,cj-186,10,
cj-188,cangjie,3,188,Lesson 188,第188課,G;H;U;O;M;K;L;D;N;S;R,G;U;O;M;K;D;N;S,D;G;H;K;L;M;N;O;R;S;U,u5725,圥,U+5725,,,GHU,GU,luk6,mushroom,1,2,6,2,0.8,12,cj-187,10,
cj-188,cangjie,3,188,Lesson 188,第188課,G;H;U;O;M;K;L;D;N;S;R,G;U;O;M;K;D;N;S,D;G;H;K;L;M;N;O;R;S;U,u5726,圦,U+5726,,,GO,GO,faai3,"(kokuji) water gate, spout",1,2,6,2,0.8,12,cj-187,10,
cj-188,cangjie,3,188,Lesson 188,第188課,G;H;U;O;M;K;L;D;N;S;R,G;U;O;M;K;D;N;S,D;G;H;K;L;M;N;O;R;S;U,u5727,圧,U+5727,,,MG,MG,zong1,(same as 壓) to press; to oppress; to crush; pressure,1,2,6,2,0.8,12,cj-187,10,
cj-188,cangjie,3,188,Lesson 188,第188課,G;H;U;O;M;K;L;D;N;S;R,G;U;O;M;K;D;N;S,D;G;H;K;L;M;N;O;R;S;U,u5728,在,U+5728,,,KLG,KG,zoi6,"be at, in, on; consist in, rest",1,2,6,2,0.8,12,cj-187,10,
cj-188,cangjie,3,188,Lesson 188,第188課,G;H;U;O;M;K;L;D;N;S;R,G;U;O;M;K;D;N;S,D;G;H;K;L;M;N;O;R;S;U,u5729,圩,U+5729,,,GMD,GD,wai4,"dike, embankment",1,2,6,2,0.8,12,cj-187,10,
cj-188,cangjie,3,188,Lesson 188,第188課,G;H;U;O;M;K;L;D;N;S;R,G;U;O;M;K;D;N;S,D;G;H;K;L;M;N;O;R;S;U,u572a,圪,U+572A,,,GON,GN,ngat6,(圪墶) a pimple; a mound,1,2,6,2,0.8,12,cj-187,10,
cj-188,cangjie,3,188,Lesson 188,第188課,G;H;U;O;M;K;L;D;N;S;R,G;U;O;M;K;D;N;S,D;G;H;K;L;M;N;O;R;S;U,u572c,圬,U+572C,,,GMMS,GS,wu1,plaster over with layer of mud,1,2,6,2,0.8,12,cj-187,10,
cj-188,cangjie,3,188,Lesson 188,第188課,G;H;U;O;M;K;L;D;N;S;R,G;U;O;M;K;D;N;S,D;G;H;K;L;M;N;O;R;S;U,u572d,圭,U+572D,,,GG,GG,gwai1,jade pointed at top,1,2,6,2,0.8,12,cj-187,10,
cj-188,cangjie,3,188,Lesson 188,第188課,G;H;U;O;M;K;L;D;N;S;R,G;U;O;M;K;D;N;S,D;G;H;K;L;M;N;O;R;S;U,u572e,圮,U+572E,,,GSU,GU,pei2,"destroyed, ruined; to subvert to injure",1,2,6,2,0.8,12,cj-187,10,
cj-188,cangjie,3,188,Lesson 188,第188課,G;H;U;O;M;K;L;D;N;S;R,G;U;O;M;K;D;N;S,D;G;H;K;L;M;N;O;R;S;U,u572f,圯,U+572F,,,GRU,GU,ji4,"bridge, bank",1,2,6,2,0.8,12,cj-187,10,
cj-189,cangjie,3,189,Lesson 189,第189課,G;P;D;L;I;N;S;H;M;E;Y;O;K,G;D;L;I;H;E;M;K,D;E;G;H;I;K;L;M;N;O;P;S;Y,u5730,地,U+5730,,,GPD,GD,dei6,"earth; soil, ground; region",1,2,6,2,0.8,12,cj-188,10,
cj-189,cangjie,3,189,Lesson 189,第189課,G;P;D;L;I;N;S;H;M;E;Y;O;K,G;D;L;I;H;E;M;K,D;E;G;H;I;K;L;M;N;O;P;S;Y,u5733,圳,U+5733,,,GLLL,GL,zan3,"furrow in field, small drainage ditch",1,2,6,2,0.8,12,cj-188,10,
cj-189,cangjie,3,189,Lesson 189,第189課,G;P;D;L;I;N;S;H;M;E;Y;O;K,G;D;L;I;H;E;M;K,D;E;G;H;I;K;L;M;N;O;P;S;Y,u5739,圹,U+5739,,,GI,GI,kwong3,"tomb, grave: prairie; open wilderness",1,2,6,2,0.8,12,cj-188,10,
cj-189,cangjie,3,189,Lesson 189,第189課,G;P;D;L;I;N;S;H;M;E;Y;O;K,G;D;L;I;H;E;M;K,D;E;G;H;I;K;L;M;N;O;P;S;Y,u573a,场,U+573A,,,GNSH,GH,coeng4,"open space, field, market",1,2,6,2,0.8,12,cj-188,10,
cj-189,cangjie,3,189,Lesson 189,第189課,G;P;D;L;I;N;S;H;M;E;Y;O;K,G;D;L;I;H;E;M;K,D;E;G;H;I;K;L;M;N;O;P;S;Y,u573b,圻,U+573B,,,GHML,GL,kei4,"border, boundary",1,2,6,2,0.8,12,cj-188,10,
cj-189,cangjie,3,189,Lesson 189,第189課,G;P;D;L;I;N;S;H;M;E;Y;O;K,G;D;L;I;H;E;M;K,D;E;G;H;I;K;L;M;N;O;P;S;Y,u573e,圾,U+573E,,,GNHE,GE,saap3,"garbage, rubbish; shaking; danger",1,2,6,2,0.8,12,cj-188,10,
cj-189,cangjie,3,189,Lesson 189,第189課,G;P;D;L;I;N;S;H;M;E;Y;O;K,G;D;L;I;H;E;M;K,D;E;G;H;I;K;L;M;N;O;P;S;Y,u5740,址,U+5740,,,GYLM,GM,zi2,"site, location, land for house",1,2,6,2,0.8,12,cj-188,10,
cj-189,cangjie,3,189,Lesson 189,第189課,G;P;D;L;I;N;S;H;M;E;Y;O;K,G;D;L;I;H;E;M;K,D;E;G;H;I;K;L;M;N;O;P;S;Y,u5742,坂,U+5742,,,GHE,GE,baan2,"hillside, inconvenient places",1,2,6,2,0.8,12,cj-188,10,
cj-189,cangjie,3,189,Lesson 189,第189課,G;P;D;L;I;N;S;H;M;E;Y;O;K,G;D;L;I;H;E;M;K,D;E;G;H;I;K;L;M;N;O;P;S;Y,u5746,坆,U+5746,,,GOK,GK,mui4,"a grave, tomb",1,2,6,2,0.8,12,cj-188,10,
cj-189,cangjie,3,189,Lesson 189,第189課,G;P;D;L;I;N;S;H;M;E;Y;O;K,G;D;L;I;H;E;M;K,D;E;G;H;I;K;L;M;N;O;P;S;Y,u5747,均,U+5747,,,GPIM,GM,gwan1,"equal, even, fair; all, also",1,2,6,2,0.8,12,cj-188,10,
cj-190,cangjie,3,190,Lesson 190,第190課,G;Y;H;S;C;B;N;O;M;F;P;D;K,G;S;H;C;Y;O;F;N;P;K,B;C;D;F;G;H;K;M;N;O;P;S;Y,u574a,坊,U+574A,,,GYHS,GS,fong1,"neighborhood, urban subdivision; (J) priest's residence; (Buddhist) priest; boy",1,2,6,2,0.8,12,cj-189,10,
cj-190,cangjie,3,190,Lesson 190,第190課,G;Y;H;S;C;B;N;O;M;F;P;D;K,G;S;H;C;Y;O;F;N;P;K,B;C;D;F;G;H;K;M;N;O;P;S;Y,u574b,坋,U+574B,,,GCSH,GH,fan6,"dust, earth; a bank of earth; to dig; to bring together",1,2,6,2,0.8,12,cj-189,10,
cj-190,cangjie,3,190,Lesson 190,第190課,G;Y;H;S;C;B;N;O;M;F;P;D;K,G;S;H;C;Y;O;F;N;P;K,B;C;D;F;G;H;K;M;N;O;P;S;Y,u574c,坌,U+574C,,,CSHG,CG,ban6,"dust, earth; a bank of earth; to dig; to bring together",1,2,6,2,0.8,12,cj-189,10,
cj-190,cangjie,3,190,Lesson 190,第190課,G;Y;H;S;C;B;N;O;M;F;P;D;K,G;S;H;C;Y;O;F;N;P;K,B;C;D;F;G;H;K;M;N;O;P;S;Y,u574d,坍,U+574D,,,GBY,GY,taan1,collapse; landslide,1,2,6,2,0.8,12,cj-189,10,
cj-190,cangjie,3,190,Lesson 190,第190課,G;Y;H;S;C;B;N;O;M;F;P;D;K,G;S;H;C;Y;O;F;N;P;K,B;C;D;F;G;H;K;M;N;O;P;S;Y,u574e,坎,U+574E,,,GNO,GO,ham2,"pit, hole; snare, trap; crisis; trigram ☵; hexagram ䷜",1,2,6,2,0.8,12,cj-189,10,
cj-190,cangjie,3,190,Lesson 190,第190課,G;Y;H;S;C;B;N;O;M;F;P;D;K,G;S;H;C;Y;O;F;N;P;K,B;C;D;F;G;H;K;M;N;O;P;S;Y,u574f,坏,U+574F,,,GMF,GF,waai6,"rotten, spoilt, bad, broken down",1,2,6,2,0.8,12,cj-189,10,
cj-190,cangjie,3,190,Lesson 190,第190課,G;Y;H;S;C;B;N;O;M;F;P;D;K,G;S;H;C;Y;O;F;N;P;K,B;C;D;F;G;H;K;M;N;O;P;S;Y,u5750,坐,U+5750,,,OOG,OG,zo6,"sit; seat; ride, travel by",1,2,6,2,0.8,12,cj-189,10,
cj-190,cangjie,3,190,Lesson 190,第190課,G;Y;H;S;C;B;N;O;M;F;P;D;K,G;S;H;C;Y;O;F;N;P;K,B;C;D;F;G;H;K;M;N;O;P;S;Y,u5751,坑,U+5751,,,GYHN,GN,haang1,"pit, hole; bury, trap; harry",1,2,6,2,0.8,12,cj-189,10,
cj-190,cangjie,3,190,Lesson 190,第190課,G;Y;H;S;C;B;N;O;M;F;P;D;K,G;S;H;C;Y;O;F;N;P;K,B;C;D;F;G;H;K;M;N;O;P;S;Y,u5752,坒,U+5752,,,PPG,PG,bei6,to compare; to match; to equal,1,2,6,2,0.8,12,cj-189,10,
cj-190,cangjie,3,190,Lesson 190,第190課,G;Y;H;S;C;B;N;O;M;F;P;D;K,G;S;H;C;Y;O;F;N;P;K,B;C;D;F;G;H;K;M;N;O;P;S;Y,u5757,块,U+5757,,,GDK,GK,faai3,"piece, lump; dollar",1,2,6,2,0.8,12,cj-189,10,
cj-191,cangjie,3,191,Lesson 191,第191課,L;E;G;M;I;K;S;B;O;P;V;Y;N;D;H;F;W,L;G;I;S;O;M;K;N;E;F,B;D;E;F;G;H;I;K;L;M;N;O;P;S;V;W;Y,u575a,坚,U+575A,,,LEG,LG,gin1,"hard, strong, firm; resolute",1,2,6,2,0.8,12,cj-190,10,
cj-191,cangjie,3,191,Lesson 191,第191課,L;E;G;M;I;K;S;B;O;P;V;Y;N;D;H;F;W,L;G;I;S;O;M;K;N;E;F,B;D;E;F;G;H;I;K;L;M;N;O;P;S;V;W;Y,u575b,坛,U+575B,,,GMMI,GI,taan4,"altar; arena, examination hall",1,2,6,2,0.8,12,cj-190,10,
cj-191,cangjie,3,191,Lesson 191,第191課,L;E;G;M;I;K;S;B;O;P;V;Y;N;D;H;F;W,L;G;I;S;O;M;K;N;E;F,B;D;E;F;G;H;I;K;L;M;N;O;P;S;V;W;Y,u575c,坜,U+575C,,,GMKS,GS,lek6,"a hole, pit",1,2,6,2,0.8,12,cj-190,10,
cj-191,cangjie,3,191,Lesson 191,第191課,L;E;G;M;I;K;S;B;O;P;V;Y;N;D;H;F;W,L;G;I;S;O;M;K;N;E;F,B;D;E;F;G;H;I;K;L;M;N;O;P;S;V;W;Y,u575d,坝,U+575D,,,GBO,GO,baa3,embankment; dam,1,2,6,2,0.8,12,cj-190,10,
cj-191,cangjie,3,191,Lesson 191,第191課,L;E;G;M;I;K;S;B;O;P;V;Y;N;D;H;F;W,L;G;I;S;O;M;K;N;E;F,B;D;E;F;G;H;I;K;L;M;N;O;P;S;V;W;Y,u575e,坞,U+575E,,,GPVM,GM,wu2,"entrenchment, bank, low wall",1,2,6,2,0.8,12,cj-190,10,
cj-191,cangjie,3,191,Lesson 191,第191課,L;E;G;M;I;K;S;B;O;P;V;Y;N;D;H;F;W,L;G;I;S;O;M;K;N;E;F,B;D;E;F;G;H;I;K;L;M;N;O;P;S;V;W;Y,u575f,坟,U+575F,,,GYK,GK,fan4,"grave, mound; bulge; bulging",1,2,6,2,0.8,12,cj-190,10,
cj-191,cangjie,3,191,Lesson 191,第191課,L;E;G;M;I;K;S;B;O;P;V;Y;N;D;H;F;W,L;G;I;S;O;M;K;N;E;F,B;D;E;F;G;H;I;K;L;M;N;O;P;S;V;W;Y,u5760,坠,U+5760,,,NOG,NG,zeoi6,"fall down, drop, sink, go to ruin",1,2,6,2,0.8,12,cj-190,10,
cj-191,cangjie,3,191,Lesson 191,第191課,L;E;G;M;I;K;S;B;O;P;V;Y;N;D;H;F;W,L;G;I;S;O;M;K;N;E;F,B;D;E;F;G;H;I;K;L;M;N;O;P;S;V;W;Y,u5761,坡,U+5761,,,GDHE,GE,po1,"slope, bank, hillside",1,2,6,2,0.8,12,cj-190,10,
cj-191,cangjie,3,191,Lesson 191,第191課,L;E;G;M;I;K;S;B;O;P;V;Y;N;D;H;F;W,L;G;I;S;O;M;K;N;E;F,B;D;E;F;G;H;I;K;L;M;N;O;P;S;V;W;Y,u5763,坣,U+5763,,,FBG,FG,tong4,"hall, government office; (simplified form of 壆) stiff, hard clay; crack in a jar",1,2,6,2,0.8,12,cj-190,10,
cj-191,cangjie,3,191,Lesson 191,第191課,L;E;G;M;I;K;S;B;O;P;V;Y;N;D;H;F;W,L;G;I;S;O;M;K;N;E;F,B;D;E;F;G;H;I;K;L;M;N;O;P;S;V;W;Y,u5764,坤,U+5764,,,GLWL,GL,kwan1,"earth; feminine, female; trigram ☷; hexagram ䷁",1,2,6,2,0.8,12,cj-190,10,
cj-192,cangjie,3,192,Lesson 192,第192課,G;A;M;J;P;T;F;Y;R;S;I;B;L;K,G;M;P;J;R;K,A;B;F;G;I;J;K;L;M;P;R;S;T;Y,u5766,坦,U+5766,,,GAM,GM,taan2,"flat, smooth; self-possessed",1,2,6,2,0.8,12,cj-191,10,
cj-192,cangjie,3,192,Lesson 192,第192課,G;A;M;J;P;T;F;Y;R;S;I;B;L;K,G;M;P;J;R;K,A;B;F;G;I;J;K;L;M;P;R;S;T;Y,u5768,坨,U+5768,,,GJP,GP,to4,"a lump, heap",1,2,6,2,0.8,12,cj-191,10,
cj-192,cangjie,3,192,Lesson 192,第192課,G;A;M;J;P;T;F;Y;R;S;I;B;L;K,G;M;P;J;R;K,A;B;F;G;I;J;K;L;M;P;R;S;T;Y,u5769,坩,U+5769,,,GTM,GM,ham1,"earthenware, earthenware vessel",1,2,6,2,0.8,12,cj-191,10,
cj-192,cangjie,3,192,Lesson 192,第192課,G;A;M;J;P;T;F;Y;R;S;I;B;L;K,G;M;P;J;R;K,A;B;F;G;I;J;K;L;M;P;R;S;T;Y,u576a,坪,U+576A,,,GMFJ,GJ,ping4,level ground; Japanese measure,1,2,6,2,0.8,12,cj-191,10,
cj-192,cangjie,3,192,Lesson 192,第192課,G;A;M;J;P;T;F;Y;R;S;I;B;L;K,G;M;P;J;R;K,A;B;F;G;I;J;K;L;M;P;R;S;T;Y,u576b,坫,U+576B,,,GYR,GR,dim3,a stand on which to replace goblets after drinking,1,2,6,2,0.8,12,cj-191,10,
cj-192,cangjie,3,192,Lesson 192,第192課,G;A;M;J;P;T;F;Y;R;S;I;B;L;K,G;M;P;J;R;K,A;B;F;G;I;J;K;L;M;P;R;S;T;Y,u576d,坭,U+576D,,,GSP,GP,nai4,"mud, mire; to paste, to plaster",1,2,6,2,0.8,12,cj-191,10,
cj-192,cangjie,3,192,Lesson 192,第192課,G;A;M;J;P;T;F;Y;R;S;I;B;L;K,G;M;P;J;R;K,A;B;F;G;I;J;K;L;M;P;R;S;T;Y,u576e,坮,U+576E,,,GIR,GR,toi4,platform; unit; term of address,1,2,6,2,0.8,12,cj-191,10,
cj-192,cangjie,3,192,Lesson 192,第192課,G;A;M;J;P;T;F;Y;R;S;I;B;L;K,G;M;P;J;R;K,A;B;F;G;I;J;K;L;M;P;R;S;T;Y,u576f,坯,U+576F,,,GMFM,GM,pui1,"dam, embankment; weir",1,2,6,2,0.8,12,cj-191,10,
cj-192,cangjie,3,192,Lesson 192,第192課,G;A;M;J;P;T;F;Y;R;S;I;B;L;K,G;M;P;J;R;K,A;B;F;G;I;J;K;L;M;P;R;S;T;Y,u5770,坰,U+5770,,,GBR,GR,gwing1,wilds,1,2,6,2,0.8,12,cj-191,10,
cj-192,cangjie,3,192,Lesson 192,第192課,G;A;M;J;P;T;F;Y;R;S;I;B;L;K,G;M;P;J;R;K,A;B;F;G;I;J;K;L;M;P;R;S;T;Y,u5771,坱,U+5771,,,GLBK,GK,joeng2,dust,1,2,6,2,0.8,12,cj-191,10,
cj-193,cangjie,3,193,Lesson 193,第193課,G;V;I;S;C;O;M;N;R;K;E;H;P;Y;D;J;T,G;S;M;R;E;Y;I;H;T,C;D;E;G;H;I;J;K;M;N;O;P;R;S;T;V;Y,u5773,坳,U+5773,,,GVIS,GS,aau3,"a hollow in the ground, a cavity, depression; undulating, depressed",1,2,6,2,0.8,12,cj-192,10,
cj-193,cangjie,3,193,Lesson 193,第193課,G;V;I;S;C;O;M;N;R;K;E;H;P;Y;D;J;T,G;S;M;R;E;Y;I;H;T,C;D;E;G;H;I;J;K;M;N;O;P;R;S;T;V;Y,u5774,坴,U+5774,,,GCG,GG,luk6,a clod of earth; land,1,2,6,2,0.8,12,cj-192,10,
cj-193,cangjie,3,193,Lesson 193,第193課,G;V;I;S;C;O;M;N;R;K;E;H;P;Y;D;J;T,G;S;M;R;E;Y;I;H;T,C;D;E;G;H;I;J;K;M;N;O;P;R;S;T;V;Y,u5775,坵,U+5775,,,GOM,GM,jau1,"earthenware, earthenware vessel",1,2,6,2,0.8,12,cj-192,10,
cj-193,cangjie,3,193,Lesson 193,第193課,G;V;I;S;C;O;M;N;R;K;E;H;P;Y;D;J;T,G;S;M;R;E;Y;I;H;T,C;D;E;G;H;I;J;K;M;N;O;P;R;S;T;V;Y,u5777,坷,U+5777,,,GMNR,GR,ho2,"clod of earth, lump of soil",1,2,6,2,0.8,12,cj-192,10,
cj-193,cangjie,3,193,Lesson 193,第193課,G;V;I;S;C;O;M;N;R;K;E;H;P;Y;D;J;T,G;S;M;R;E;Y;I;H;T,C;D;E;G;H;I;J;K;M;N;O;P;R;S;T;V;Y,u577a,坺,U+577A,,,GIKE,GE,paat6,(Cant.) classifier for soft masses,1,2,6,2,0.8,12,cj-192,10,
cj-193,cangjie,3,193,Lesson 193,第193課,G;V;I;S;C;O;M;N;R;K;E;H;P;Y;D;J;T,G;S;M;R;E;Y;I;H;T,C;D;E;G;H;I;J;K;M;N;O;P;R;S;T;V;Y,u577b,坻,U+577B,,,GHPM,GM,ci4,"an islet, a rock in a river; an embankment; to stop",1,2,6,2,0.8,12,cj-192,10,
cj-193,cangjie,3,193,Lesson 193,第193課,G;V;I;S;C;O;M;N;R;K;E;H;P;Y;D;J;T,G;S;M;R;E;Y;I;H;T,C;D;E;G;H;I;J;K;M;N;O;P;R;S;T;V;Y,u577c,坼,U+577C,,,GHMY,GY,caak3,"split, tear, open",1,2,6,2,0.8,12,cj-192,10,
cj-193,cangjie,3,193,Lesson 193,第193課,G;V;I;S;C;O;M;N;R;K;E;H;P;Y;D;J;T,G;S;M;R;E;Y;I;H;T,C;D;E;G;H;I;J;K;M;N;O;P;R;S;T;V;Y,u577f,坿,U+577F,,,GODI,GI,fu6,mound; used in place names,1,2,6,2,0.8,12,cj-192,10,
cj-193,cangjie,3,193,Lesson 193,第193課,G;V;I;S;C;O;M;N;R;K;E;H;P;Y;D;J;T,G;S;M;R;E;Y;I;H;T,C;D;E;G;H;I;J;K;M;N;O;P;R;S;T;V;Y,u5782,垂,U+5782,,,HJTM,HM,seoi4,"let down; suspend, hand; down",1,2,6,2,0.8,12,cj-192,10,
cj-193,cangjie,3,193,Lesson 193,第193課,G;V;I;S;C;O;M;N;R;K;E;H;P;Y;D;J;T,G;S;M;R;E;Y;I;H;T,C;D;E;G;H;I;J;K;M;N;O;P;R;S;T;V;Y,u5783,垃,U+5783,,,GYT,GT,laap6,"garbage, refuse, waste",1,2,6,2,0.8,12,cj-192,10,
cj-194,cangjie,3,194,Lesson 194,第194課,I;P;G;K;Y;S;U;O;M;N;B;R;H;V,I;G;P;S;U;O;M;R,B;G;H;I;K;M;N;O;P;R;S;U;V;Y,u5784,垄,U+5784,,,IPG,IG,lung5,"grave, mound; ridge in field",1,2,6,2,0.8,12,cj-193,10,
cj-194,cangjie,3,194,Lesson 194,第194課,I;P;G;K;Y;S;U;O;M;N;B;R;H;V,I;G;P;S;U;O;M;R,B;G;H;I;K;M;N;O;P;R;S;U;V;Y,u5785,垅,U+5785,,,GIKP,GP,lung5,"mound, grave; ridge in field",1,2,6,2,0.8,12,cj-193,10,
cj-194,cangjie,3,194,Lesson 194,第194課,I;P;G;K;Y;S;U;O;M;N;B;R;H;V,I;G;P;S;U;O;M;R,B;G;H;I;K;M;N;O;P;R;S;U;V;Y,u5786,垆,U+5786,,,GYS,GS,lou4,"black clods of earth; shop, hut",1,2,6,2,0.8,12,cj-193,10,
cj-194,cangjie,3,194,Lesson 194,第194課,I;P;G;K;Y;S;U;O;M;N;B;R;H;V,I;G;P;S;U;O;M;R,B;G;H;I;K;M;N;O;P;R;S;U;V;Y,u5787,垇,U+5787,,,GSSU,GU,aau3,used in place names,1,2,6,2,0.8,12,cj-193,10,
cj-194,cangjie,3,194,Lesson 194,第194課,I;P;G;K;Y;S;U;O;M;N;B;R;H;V,I;G;P;S;U;O;M;R,B;G;H;I;K;M;N;O;P;R;S;U;V;Y,u5788,垈,U+5788,,,OPG,OG,doi6,used in place names; Japanese -nuta; Korean -dae,1,2,6,2,0.8,12,cj-193,10,
cj-194,cangjie,3,194,Lesson 194,第194課,I;P;G;K;Y;S;U;O;M;N;B;R;H;V,I;G;P;S;U;O;M;R,B;G;H;I;K;M;N;O;P;R;S;U;V;Y,u578b,型,U+578B,,,MNG,MG,jing4,"pattern, model, type; law; mold",1,2,6,2,0.8,12,cj-193,10,
cj-194,cangjie,3,194,Lesson 194,第194課,I;P;G;K;Y;S;U;O;M;N;B;R;H;V,I;G;P;S;U;O;M;R,B;G;H;I;K;M;N;O;P;R;S;U;V;Y,u578c,垌,U+578C,,,GBMR,GR,dung6,a field; used in place names,1,2,6,2,0.8,12,cj-193,10,
cj-194,cangjie,3,194,Lesson 194,第194課,I;P;G;K;Y;S;U;O;M;N;B;R;H;V,I;G;P;S;U;O;M;R,B;G;H;I;K;M;N;O;P;R;S;U;V;Y,u578d,垍,U+578D,,,GHBU,GU,gei6,firm ground,1,2,6,2,0.8,12,cj-193,10,
cj-194,cangjie,3,194,Lesson 194,第194課,I;P;G;K;Y;S;U;O;M;N;B;R;H;V,I;G;P;S;U;O;M;R,B;G;H;I;K;M;N;O;P;R;S;U;V;Y,u5792,垒,U+5792,,,IIIG,IG,leoi5,"rampart, military wall",1,2,6,2,0.8,12,cj-193,10,
cj-194,cangjie,3,194,Lesson 194,第194課,I;P;G;K;Y;S;U;O;M;N;B;R;H;V,I;G;P;S;U;O;M;R,B;G;H;I;K;M;N;O;P;R;S;U;V;Y,u5793,垓,U+5793,,,GYVO,GO,goi1,"border, boundary, frontier",1,2,6,2,0.8,12,cj-193,10,
cj-195,cangjie,3,195,Lesson 195,第195課,M;W;G;H;R;L;O;N;D;S;U;J;P;T;Q;A;V,M;G;H;O;D;U;P;Q;V,A;D;G;H;J;L;M;N;O;P;Q;R;S;T;U;V;W,u5794,垔,U+5794,,,MWG,MG,jan1,to restrain; to dam a stream and change its direction; a mound,1,2,6,2,0.8,12,cj-194,10,
cj-195,cangjie,3,195,Lesson 195,第195課,M;W;G;H;R;L;O;N;D;S;U;J;P;T;Q;A;V,M;G;H;O;D;U;P;Q;V,A;D;G;H;J;L;M;N;O;P;Q;R;S;T;U;V;W,u5795,垕,U+5795,,,HRG,HG,hau6,used in place names,1,2,6,2,0.8,12,cj-194,10,
cj-195,cangjie,3,195,Lesson 195,第195課,M;W;G;H;R;L;O;N;D;S;U;J;P;T;Q;A;V,M;G;H;O;D;U;P;Q;V,A;D;G;H;J;L;M;N;O;P;Q;R;S;T;U;V;W,u5797,垗,U+5797,,,GLMO,GO,ziu6,sacrifice,1,2,6,2,0.8,12,cj-194,10,
cj-195,cangjie,3,195,Lesson 195,第195課,M;W;G;H;R;L;O;N;D;S;U;J;P;T;Q;A;V,M;G;H;O;D;U;P;Q;V,A;D;G;H;J;L;M;N;O;P;Q;R;S;T;U;V;W,u579a,垚,U+579A,,,GGG,GG,jiu4,"mound, roundish mass",1,2,6,2,0.8,12,cj-194,10,
cj-195,cangjie,3,195,Lesson 195,第195課,M;W;G;H;R;L;O;N;D;S;U;J;P;T;Q;A;V,M;G;H;O;D;U;P;Q;V,A;D;G;H;J;L;M;N;O;P;Q;R;S;T;U;V;W,u579b,垛,U+579B,,,GHND,GD,do2,"heap, pile; pile up, heap up",1,2,6,2,0.8,12,cj-194,10,
cj-195,cangjie,3,195,Lesson 195,第195課,M;W;G;H;R;L;O;N;D;S;U;J;P;T;Q;A;V,M;G;H;O;D;U;P;Q;V,A;D;G;H;J;L;M;N;O;P;Q;R;S;T;U;V;W,u579c,垜,U+579C,,,GNSD,GD,do2,heap; buttress; battlements,1,2,6,2,0.8,12,cj-194,10,
cj-195,cangjie,3,195,Lesson 195,第195課,M;W;G;H;R;L;O;N;D;S;U;J;P;T;Q;A;V,M;G;H;O;D;U;P;Q;V,A;D;G;H;J;L;M;N;O;P;Q;R;S;T;U;V;W,u579d,垝,U+579D,,,GNMU,GU,gwai2,"dilapidated, ruined",1,2,6,2,0.8,12,cj-194,10,
cj-195,cangjie,3,195,Lesson 195,第195課,M;W;G;H;R;L;O;N;D;S;U;J;P;T;Q;A;V,M;G;H;O;D;U;P;Q;V,A;D;G;H;J;L;M;N;O;P;Q;R;S;T;U;V;W,u579e,垞,U+579E,,,GJHP,GP,caa4,small mound; place name; hillock,1,2,6,2,0.8,12,cj-194,10,
cj-195,cangjie,3,195,Lesson 195,第195課,M;W;G;H;R;L;O;N;D;S;U;J;P;T;Q;A;V,M;G;H;O;D;U;P;Q;V,A;D;G;H;J;L;M;N;O;P;Q;R;S;T;U;V;W,u579f,垟,U+579F,,,GTQ,GQ,joeng4,a cultivated field; used in place names,1,2,6,2,0.8,12,cj-194,10,
cj-195,cangjie,3,195,Lesson 195,第195課,M;W;G;H;R;L;O;N;D;S;U;J;P;T;Q;A;V,M;G;H;O;D;U;P;Q;V,A;D;G;H;J;L;M;N;O;P;Q;R;S;T;U;V;W,u57a0,垠,U+57A0,,,GAV,GV,ngan4,"boundary, bank of stream or river",1,2,6,2,0.8,12,cj-194,10,
cj-196,cangjie,3,196,Lesson 196,第196課,O;I;G;H;M;R;A;V;B;C;Q;T;K;S,O;G;R;M;A;Q;C;S,A;B;C;G;H;I;K;M;O;Q;R;S;T;V,u57a1,垡,U+57A1,,,OIG,OG,fat6,plow soil; place name,1,2,6,2,0.8,12,cj-195,10,
cj-196,cangjie,3,196,Lesson 196,第196課,O;I;G;H;M;R;A;V;B;C;Q;T;K;S,O;G;R;M;A;Q;C;S,A;B;C;G;H;I;K;M;O;Q;R;S;T;V,u57a2,垢,U+57A2,,,GHMR,GR,gau3,"dirt, filth, stains; dirty",1,2,6,2,0.8,12,cj-195,10,
cj-196,cangjie,3,196,Lesson 196,第196課,O;I;G;H;M;R;A;V;B;C;Q;T;K;S,O;G;R;M;A;Q;C;S,A;B;C;G;H;I;K;M;O;Q;R;S;T;V,u57a3,垣,U+57A3,,,GMAM,GM,wun4,low wall,1,2,6,2,0.8,12,cj-195,10,
cj-196,cangjie,3,196,Lesson 196,第196課,O;I;G;H;M;R;A;V;B;C;Q;T;K;S,O;G;R;M;A;Q;C;S,A;B;C;G;H;I;K;M;O;Q;R;S;T;V,u57a4,垤,U+57A4,,,GMIG,GG,dit6,"ant-hill, small mound; hill",1,2,6,2,0.8,12,cj-195,10,
cj-196,cangjie,3,196,Lesson 196,第196課,O;I;G;H;M;R;A;V;B;C;Q;T;K;S,O;G;R;M;A;Q;C;S,A;B;C;G;H;I;K;M;O;Q;R;S;T;V,u57a6,垦,U+57A6,,,AVG,AG,han2,"cultivate, reclaim, to farm land",1,2,6,2,0.8,12,cj-195,10,
cj-196,cangjie,3,196,Lesson 196,第196課,O;I;G;H;M;R;A;V;B;C;Q;T;K;S,O;G;R;M;A;Q;C;S,A;B;C;G;H;I;K;M;O;Q;R;S;T;V,u57a7,垧,U+57A7,,,GHBR,GR,hoeng2,variable unit of land measure,1,2,6,2,0.8,12,cj-195,10,
cj-196,cangjie,3,196,Lesson 196,第196課,O;I;G;H;M;R;A;V;B;C;Q;T;K;S,O;G;R;M;A;Q;C;S,A;B;C;G;H;I;K;M;O;Q;R;S;T;V,u57a9,垩,U+57A9,,,MCG,MG,ok3,"holy, sacred, sage; simplification of 堊 chalk; daub with chalk",1,2,6,2,0.8,12,cj-195,10,
cj-196,cangjie,3,196,Lesson 196,第196課,O;I;G;H;M;R;A;V;B;C;Q;T;K;S,O;G;R;M;A;Q;C;S,A;B;C;G;H;I;K;M;O;Q;R;S;T;V,u57ab,垫,U+57AB,,,QIG,QG,din6,"advance money, pay for another",1,2,6,2,0.8,12,cj-195,10,
cj-196,cangjie,3,196,Lesson 196,第196課,O;I;G;H;M;R;A;V;B;C;Q;T;K;S,O;G;R;M;A;Q;C;S,A;B;C;G;H;I;K;M;O;Q;R;S;T;V,u57ad,垭,U+57AD,,,GMTC,GC,aa3,character used in place names,1,2,6,2,0.8,12,cj-195,10,
cj-196,cangjie,3,196,Lesson 196,第196課,O;I;G;H;M;R;A;V;B;C;Q;T;K;S,O;G;R;M;A;Q;C;S,A;B;C;G;H;I;K;M;O;Q;R;S;T;V,u57ae,垮,U+57AE,,,GKMS,GS,kwaa1,"be defeated, fail, collapse",1,2,6,2,0.8,12,cj-195,10,
cj-197,cangjie,3,197,Lesson 197,第197課,G;Y;K;F;S;M;U;J;V;B;C;E;L;H,G;K;M;U;V;C;E;H,B;C;E;F;G;H;J;K;L;M;S;U;V;Y,u57af,垯,U+57AF,,,GYK,GK,daat3,(圪墶) a pimple; a mound,1,2,6,2,0.8,12,cj-196,10,
cj-197,cangjie,3,197,Lesson 197,第197課,G;Y;K;F;S;M;U;J;V;B;C;E;L;H,G;K;M;U;V;C;E;H,B;C;E;F;G;H;J;K;L;M;S;U;V;Y,u57b1,垱,U+57B1,,,GFSM,GM,dong3,a dike used to divert water in a rice paddy or field for irrigation,1,2,6,2,0.8,12,cj-196,10,
cj-197,cangjie,3,197,Lesson 197,第197課,G;Y;K;F;S;M;U;J;V;B;C;E;L;H,G;K;M;U;V;C;E;H,B;C;E;F;G;H;J;K;L;M;S;U;V;Y,u57b2,垲,U+57B2,,,GUSU,GU,hoi2,high and dry place,1,2,6,2,0.8,12,cj-196,10,
cj-197,cangjie,3,197,Lesson 197,第197課,G;Y;K;F;S;M;U;J;V;B;C;E;L;H,G;K;M;U;V;C;E;H,B;C;E;F;G;H;J;K;L;M;S;U;V;Y,u57b4,垴,U+57B4,,,GYUK,GK,nou5,"small, head shaped hill, used in place names",1,2,6,2,0.8,12,cj-196,10,
cj-197,cangjie,3,197,Lesson 197,第197課,G;Y;K;F;S;M;U;J;V;B;C;E;L;H,G;K;M;U;V;C;E;H,B;C;E;F;G;H;J;K;L;M;S;U;V;Y,u57b5,垵,U+57B5,,,GJV,GV,am2,cover with earth; a pit; a hole,1,2,6,2,0.8,12,cj-196,10,
cj-197,cangjie,3,197,Lesson 197,第197課,G;Y;K;F;S;M;U;J;V;B;C;E;L;H,G;K;M;U;V;C;E;H,B;C;E;F;G;H;J;K;L;M;S;U;V;Y,u57b8,垸,U+57B8,,,GJMU,GU,jyun6,"a dyke, embankment",1,2,6,2,0.8,12,cj-196,10,
cj-197,cangjie,3,197,Lesson 197,第197課,G;Y;K;F;S;M;U;J;V;B;C;E;L;H,G;K;M;U;V;C;E;H,B;C;E;F;G;H;J;K;L;M;S;U;V;Y,u57bb,垻,U+57BB,,,GBUC,GC,bui3,an embankment; a slope over which boat pass,1,2,6,2,0.8,12,cj-196,10,
cj-197,cangjie,3,197,Lesson 197,第197課,G;Y;K;F;S;M;U;J;V;B;C;E;L;H,G;K;M;U;V;C;E;H,B;C;E;F;G;H;J;K;L;M;S;U;V;Y,u57bd,垽,U+57BD,,,ELG,EG,ngan6,"(Cant.) sediment, precipitate",1,2,6,2,0.8,12,cj-196,10,
cj-197,cangjie,3,197,Lesson 197,第197課,G;Y;K;F;S;M;U;J;V;B;C;E;L;H,G;K;M;U;V;C;E;H,B;C;E;F;G;H;J;K;L;M;S;U;V;Y,u57c0,埀,U+57C0,,,HJLG,HG,seoi4,"let down; suspend, hand; down",1,2,6,2,0.8,12,cj-196,10,
cj-197,cangjie,3,197,Lesson 197,第197課,G;Y;K;F;S;M;U;J;V;B;C;E;L;H,G;K;M;U;V;C;E;H,B;C;E;F;G;H;J;K;L;M;S;U;V;Y,u57c2,埂,U+57C2,,,GMLK,GK,gang2,ditches for irrigation; hole,1,2,6,2,0.8,12,cj-196,10,
cj-198,cangjie,3,198,Lesson 198,第198課,G;I;O;K;H;E;J;N;B;C;W;A;V;S;M;D,G;K;J;B;E;V;S;M;I,A;B;C;D;E;G;H;I;J;K;M;N;O;S;V;W,u57c3,埃,U+57C3,,,GIOK,GK,oi1,"fine dust, dirt",1,2,6,2,0.8,12,cj-197,10,
cj-198,cangjie,3,198,Lesson 198,第198課,G;I;O;K;H;E;J;N;B;C;W;A;V;S;M;D,G;K;J;B;E;V;S;M;I,A;B;C;D;E;G;H;I;J;K;M;N;O;S;V;W,u57c4,埄,U+57C4,,,GHEJ,GJ,bung6,whirling of dust in the wind,1,2,6,2,0.8,12,cj-197,10,
cj-198,cangjie,3,198,Lesson 198,第198課,G;I;O;K;H;E;J;N;B;C;W;A;V;S;M;D,G;K;J;B;E;V;S;M;I,A;B;C;D;E;G;H;I;J;K;M;N;O;S;V;W,u57c6,埆,U+57C6,,,GNBG,GG,kok3,stony,1,2,6,2,0.8,12,cj-197,10,
cj-198,cangjie,3,198,Lesson 198,第198課,G;I;O;K;H;E;J;N;B;C;W;A;V;S;M;D,G;K;J;B;E;V;S;M;I,A;B;C;D;E;G;H;I;J;K;M;N;O;S;V;W,u57c7,埇,U+57C7,,,GNIB,GB,jung2,name of bridge,1,2,6,2,0.8,12,cj-197,10,
cj-198,cangjie,3,198,Lesson 198,第198課,G;I;O;K;H;E;J;N;B;C;W;A;V;S;M;D,G;K;J;B;E;V;S;M;I,A;B;C;D;E;G;H;I;J;K;M;N;O;S;V;W,u57c8,埈,U+57C8,,,GICE,GE,seon3,"high, steep, towering; stern",1,2,6,2,0.8,12,cj-197,10,
cj-198,cangjie,3,198,Lesson 198,第198課,G;I;O;K;H;E;J;N;B;C;W;A;V;S;M;D,G;K;J;B;E;V;S;M;I,A;B;C;D;E;G;H;I;J;K;M;N;O;S;V;W,u57cb,埋,U+57CB,,,GWG,GG,maai4,"bury, secrete, conceal",1,2,6,2,0.8,12,cj-197,10,
cj-198,cangjie,3,198,Lesson 198,第198課,G;I;O;K;H;E;J;N;B;C;W;A;V;S;M;D,G;K;J;B;E;V;S;M;I,A;B;C;D;E;G;H;I;J;K;M;N;O;S;V;W,u57cc,埌,U+57CC,,,GIAV,GV,long6,waste,1,2,6,2,0.8,12,cj-197,10,
cj-198,cangjie,3,198,Lesson 198,第198課,G;I;O;K;H;E;J;N;B;C;W;A;V;S;M;D,G;K;J;B;E;V;S;M;I,A;B;C;D;E;G;H;I;J;K;M;N;O;S;V;W,u57ce,城,U+57CE,,,GIHS,GS,sing4,"castle; city, town; municipality",1,2,6,2,0.8,12,cj-197,10,
cj-198,cangjie,3,198,Lesson 198,第198課,G;I;O;K;H;E;J;N;B;C;W;A;V;S;M;D,G;K;J;B;E;V;S;M;I,A;B;C;D;E;G;H;I;J;K;M;N;O;S;V;W,u57cf,埏,U+57CF,,,GNKM,GM,jin4,"a boundary, a limit",1,2,6,2,0.8,12,cj-197,10,
cj-198,cangjie,3,198,Lesson 198,第198課,G;I;O;K;H;E;J;N;B;C;W;A;V;S;M;D,G;K;J;B;E;V;S;M;I,A;B;C;D;E;G;H;I;J;K;M;N;O;S;V;W,u57d2,埒,U+57D2,,,GBDI,GI,lyut3,"enclosure, dike, embankment",1,2,6,2,0.8,12,cj-197,10,
cj-199,cangjie,3,199,Lesson 199,第199課,G;B;D;I;J;R;H;Y;L;A;O;P;M,G;I;B;H;O;D;P,A;B;D;G;H;I;J;L;M;O;P;R;Y,u57d3,埓,U+57D3,,,GBDI,GI,lyut3,"enclosure, dike, embankment",1,2,6,2,0.8,12,cj-198,10,
cj-199,cangjie,3,199,Lesson 199,第199課,G;B;D;I;J;R;H;Y;L;A;O;P;M,G;I;B;H;O;D;P,A;B;D;G;H;I;J;L;M;O;P;R;Y,u57d4,埔,U+57D4,,,GIJB,GB,bou3,"plain, arena; port, market",1,2,6,2,0.8,12,cj-198,10,
cj-199,cangjie,3,199,Lesson 199,第199課,G;B;D;I;J;R;H;Y;L;A;O;P;M,G;I;B;H;O;D;P,A;B;D;G;H;I;J;L;M;O;P;R;Y,u57d5,埕,U+57D5,,,GRHG,GG,cing4,"a large, pear-shaped earthenware jar",1,2,6,2,0.8,12,cj-198,10,
cj-199,cangjie,3,199,Lesson 199,第199課,G;B;D;I;J;R;H;Y;L;A;O;P;M,G;I;B;H;O;D;P,A;B;D;G;H;I;J;L;M;O;P;R;Y,u57d7,埗,U+57D7,,,GYLH,GH,bou6,"(same as 埠) a wharf, dock, jetty; a trading center, port; place name (for example, 深水埗 in Hong Kong)",1,2,6,2,0.8,12,cj-198,10,
cj-199,cangjie,3,199,Lesson 199,第199課,G;B;D;I;J;R;H;Y;L;A;O;P;M,G;I;B;H;O;D;P,A;B;D;G;H;I;J;L;M;O;P;R;Y,u57d8,埘,U+57D8,,,GADI,GI,si4,roost,1,2,6,2,0.8,12,cj-198,10,
cj-199,cangjie,3,199,Lesson 199,第199課,G;B;D;I;J;R;H;Y;L;A;O;P;M,G;I;B;H;O;D;P,A;B;D;G;H;I;J;L;M;O;P;R;Y,u57d9,埙,U+57D9,,,GRBO,GO,hyun1,instrument,1,2,6,2,0.8,12,cj-198,10,
cj-199,cangjie,3,199,Lesson 199,第199課,G;B;D;I;J;R;H;Y;L;A;O;P;M,G;I;B;H;O;D;P,A;B;D;G;H;I;J;L;M;O;P;R;Y,u57da,埚,U+57DA,,,GROB,GB,wo1,crucible,1,2,6,2,0.8,12,cj-198,10,
cj-199,cangjie,3,199,Lesson 199,第199課,G;B;D;I;J;R;H;Y;L;A;O;P;M,G;I;B;H;O;D;P,A;B;D;G;H;I;J;L;M;O;P;R;Y,u57dc,埜,U+57DC,,,DDG,DG,je5,"open country, field; wilderness",1,2,6,2,0.8,12,cj-198,10,
cj-199,cangjie,3,199,Lesson 199,第199課,G;B;D;I;J;R;H;Y;L;A;O;P;M,G;I;B;H;O;D;P,A;B;D;G;H;I;J;L;M;O;P;R;Y,u57dd,埝,U+57DD,,,GOIP,GP,nim6,"bank, dike; protuberance from",1,2,6,2,0.8,12,cj-198,10,
cj-199,cangjie,3,199,Lesson 199,第199課,G;B;D;I;J;R;H;Y;L;A;O;P;M,G;I;B;H;O;D;P,A;B;D;G;H;I;J;L;M;O;P;R;Y,u57de,埞,U+57DE,,,GJMO,GO,deng6,(Cant.) place,1,2,6,2,0.8,12,cj-198,10,
cj-200,cangjie,3,200,Lesson 200,第200課,G;I;R;M;H;J;L;W;N;U;B;C;E;K;D;Q,G;M;J;U;C;E;D;Q,B;C;D;E;G;H;I;J;K;L;M;N;Q;R;U;W,u57df,域,U+57DF,,,GIRM,GM,wik6,"district, region, boundary; land",1,2,6,2,0.8,12,cj-199,10,
cj-200,cangjie,3,200,Lesson 200,第200課,G;I;R;M;H;J;L;W;N;U;B;C;E;K;D;Q,G;M;J;U;C;E;D;Q,B;C;D;E;G;H;I;J;K;L;M;N;Q;R;U;W,u57e0,埠,U+57E0,,,GHRJ,GJ,bou6,port city,1,2,6,2,0.8,12,cj-199,10,
cj-200,cangjie,3,200,Lesson 200,第200課,G;I;R;M;H;J;L;W;N;U;B;C;E;K;D;Q,G;M;J;U;C;E;D;Q,B;C;D;E;G;H;I;J;K;L;M;N;Q;R;U;W,u57e1,埡,U+57E1,,,GMLM,GM,aa3,character used in place names,1,2,6,2,0.8,12,cj-199,10,
cj-200,cangjie,3,200,Lesson 200,第200課,G;I;R;M;H;J;L;W;N;U;B;C;E;K;D;Q,G;M;J;U;C;E;D;Q,B;C;D;E;G;H;I;J;K;L;M;N;Q;R;U;W,u57e4,埤,U+57E4,,,GHWJ,GJ,pei4,"add, increase, attach; low fence",1,2,6,2,0.8,12,cj-199,10,
cj-200,cangjie,3,200,Lesson 200,第200課,G;I;R;M;H;J;L;W;N;U;B;C;E;K;D;Q,G;M;J;U;C;E;D;Q,B;C;D;E;G;H;I;J;K;L;M;N;Q;R;U;W,u57e6,埦,U+57E6,,,GJNU,GU,wun2,a bowl,1,2,6,2,0.8,12,cj-199,10,
cj-200,cangjie,3,200,Lesson 200,第200課,G;I;R;M;H;J;L;W;N;U;B;C;E;K;D;Q,G;M;J;U;C;E;D;Q,B;C;D;E;G;H;I;J;K;L;M;N;Q;R;U;W,u57e7,埧,U+57E7,,,GBMC,GC,geoi6,dam,1,2,6,2,0.8,12,cj-199,10,
cj-200,cangjie,3,200,Lesson 200,第200課,G;I;R;M;H;J;L;W;N;U;B;C;E;K;D;Q,G;M;J;U;C;E;D;Q,B;C;D;E;G;H;I;J;K;L;M;N;Q;R;U;W,u57ed,埭,U+57ED,,,GLE,GE,dai6,"a dam, a jock; inclined plane on a canal, where boats can be hauled up or down",1,2,6,2,0.8,12,cj-199,10,
cj-200,cangjie,3,200,Lesson 200,第200課,G;I;R;M;H;J;L;W;N;U;B;C;E;K;D;Q,G;M;J;U;C;E;D;Q,B;C;D;E;G;H;I;J;K;L;M;N;Q;R;U;W,u57ef,埯,U+57EF,,,GKLU,GU,am2,cover with earth; a pit; a hole,1,2,6,2,0.8,12,cj-199,10,
cj-200,cangjie,3,200,Lesson 200,第200課,G;I;R;M;H;J;L;W;N;U;B;C;E;K;D;Q,G;M;J;U;C;E;D;Q,B;C;D;E;G;H;I;J;K;L;M;N;Q;R;U;W,u57f0,埰,U+57F0,,,GBD,GD,coi3,fief,1,2,6,2,0.8,12,cj-199,10,
cj-200,cangjie,3,200,Lesson 200,第200課,G;I;R;M;H;J;L;W;N;U;B;C;E;K;D;Q,G;M;J;U;C;E;D;Q,B;C;D;E;G;H;I;J;K;L;M;N;Q;R;U;W,u57f2,埲,U+57F2,,,GQKQ,GQ,bung6,(Cant.) classifier for walls,1,2,6,2,0.8,12,cj-199,10,
cj-201,cangjie,3,201,Lesson 201,第201課,G;N;H;X;J;B;M;K;I;A;P;Y;T;R;C;D,G;X;M;I;H;R;T;D,A;B;C;D;G;H;I;J;K;M;N;P;R;T;X;Y,u57f3,埳,U+57F3,,,GNHX,GX,ham2,"a pit, a hole, a snare, a danger; a crisis; a mortar",1,2,6,2,0.8,12,cj-200,10,
cj-201,cangjie,3,201,Lesson 201,第201課,G;N;H;X;J;B;M;K;I;A;P;Y;T;R;C;D,G;X;M;I;H;R;T;D,A;B;C;D;G;H;I;J;K;M;N;P;R;T;X;Y,u57f4,埴,U+57F4,,,GJBM,GM,zik6,soil with large clay content,1,2,6,2,0.8,12,cj-200,10,
cj-201,cangjie,3,201,Lesson 201,第201課,G;N;H;X;J;B;M;K;I;A;P;Y;T;R;C;D,G;X;M;I;H;R;T;D,A;B;C;D;G;H;I;J;K;M;N;P;R;T;X;Y,u57f5,埵,U+57F5,,,GHJM,GM,do2,hardened dirt or clay; cluster,1,2,6,2,0.8,12,cj-200,10,
cj-201,cangjie,3,201,Lesson 201,第201課,G;N;H;X;J;B;M;K;I;A;P;Y;T;R;C;D,G;X;M;I;H;R;T;D,A;B;C;D;G;H;I;J;K;M;N;P;R;T;X;Y,u57f6,埶,U+57F6,,,GGKNI,GI,ngai6,art,1,2,6,2,0.8,12,cj-200,10,
cj-201,cangjie,3,201,Lesson 201,第201課,G;N;H;X;J;B;M;K;I;A;P;Y;T;R;C;D,G;X;M;I;H;R;T;D,A;B;C;D;G;H;I;J;K;M;N;P;R;T;X;Y,u57f7,執,U+57F7,,,GJKNI,GI,zap1,hold in hand; keep; carry out,1,2,6,2,0.8,12,cj-200,10,
cj-201,cangjie,3,201,Lesson 201,第201課,G;N;H;X;J;B;M;K;I;A;P;Y;T;R;C;D,G;X;M;I;H;R;T;D,A;B;C;D;G;H;I;J;K;M;N;P;R;T;X;Y,u57f8,埸,U+57F8,,,GAPH,GH,jik6,a border; a limit; a dike; a frontier; a boundary,1,2,6,2,0.8,12,cj-200,10,
cj-201,cangjie,3,201,Lesson 201,第201課,G;N;H;X;J;B;M;K;I;A;P;Y;T;R;C;D,G;X;M;I;H;R;T;D,A;B;C;D;G;H;I;J;K;M;N;P;R;T;X;Y,u57f9,培,U+57F9,,,GYTR,GR,pui4,bank up with dirt; cultivate,1,2,6,2,0.8,12,cj-200,10,
cj-201,cangjie,3,201,Lesson 201,第201課,G;N;H;X;J;B;M;K;I;A;P;Y;T;R;C;D,G;X;M;I;H;R;T;D,A;B;C;D;G;H;I;J;K;M;N;P;R;T;X;Y,u57fa,基,U+57FA,,,TCG,TG,gei1,"foundation, base",1,2,6,2,0.8,12,cj-200,10,
cj-201,cangjie,3,201,Lesson 201,第201課,G;N;H;X;J;B;M;K;I;A;P;Y;T;R;C;D,G;X;M;I;H;R;T;D,A;B;C;D;G;H;I;J;K;M;N;P;R;T;X;Y,u57fb,埻,U+57FB,,,GYRD,GD,zeon2,"bull's-eye, target",1,2,6,2,0.8,12,cj-200,10,
cj-201,cangjie,3,201,Lesson 201,第201課,G;N;H;X;J;B;M;K;I;A;P;Y;T;R;C;D,G;X;M;I;H;R;T;D,A;B;C;D;G;H;I;J;K;M;N;P;R;T;X;Y,u57fc,埼,U+57FC,,,GKMR,GR,kei4,headland,1,2,6,2,0.8,12,cj-200,10,
cj-202,cangjie,3,202,Lesson 202,第202課,G;S;M;B;U;F;R;Y;H;X;E;O;T;L;Q;I,G;B;U;F;Y;S;T;M,B;E;F;G;H;I;L;M;O;Q;R;S;T;U;X;Y,u57fd,埽,U+57FD,,,GSMB,GB,sou3,"broom; to sweep, clear away",1,2,6,2,0.8,12,cj-201,10,
cj-202,cangjie,3,202,Lesson 202,第202課,G;S;M;B;U;F;R;Y;H;X;E;O;T;L;Q;I,G;B;U;F;Y;S;T;M,B;E;F;G;H;I;L;M;O;Q;R;S;T;U;X;Y,u5800,堀,U+5800,,,GSUU,GU,fat1,"cave, hole",1,2,6,2,0.8,12,cj-201,10,
cj-202,cangjie,3,202,Lesson 202,第202課,G;S;M;B;U;F;R;Y;H;X;E;O;T;L;Q;I,G;B;U;F;Y;S;T;M,B;E;F;G;H;I;L;M;O;Q;R;S;T;U;X;Y,u5802,堂,U+5802,,,FBRG,FG,tong4,hall; government office,1,2,6,2,0.8,12,cj-201,10,
cj-202,cangjie,3,202,Lesson 202,第202課,G;S;M;B;U;F;R;Y;H;X;E;O;T;L;Q;I,G;B;U;F;Y;S;T;M,B;E;F;G;H;I;L;M;O;Q;R;S;T;U;X;Y,u5803,堃,U+5803,,,YSG,YG,kwan1,compliance; obedience; female,1,2,6,2,0.8,12,cj-201,10,
cj-202,cangjie,3,202,Lesson 202,第202課,G;S;M;B;U;F;R;Y;H;X;E;O;T;L;Q;I,G;B;U;F;Y;S;T;M,B;E;F;G;H;I;L;M;O;Q;R;S;T;U;X;Y,u5804,堄,U+5804,,,GHXU,GU,ngai6,parapet,1,2,6,2,0.8,12,cj-201,10,
cj-202,cangjie,3,202,Lesson 202,第202課,G;S;M;B;U;F;R;Y;H;X;E;O;T;L;Q;I,G;B;U;F;Y;S;T;M,B;E;F;G;H;I;L;M;O;Q;R;S;T;U;X;Y,u5805,堅,U+5805,,,SEG,SG,gin1,"hard, strong, firm; resolute",1,2,6,2,0.8,12,cj-201,10,
cj-202,cangjie,3,202,Lesson 202,第202課,G;S;M;B;U;F;R;Y;H;X;E;O;T;L;Q;I,G;B;U;F;Y;S;T;M,B;E;F;G;H;I;L;M;O;Q;R;S;T;U;X;Y,u5806,堆,U+5806,,,GOG,GG,deoi1,"heap, pile, crowd; pile up",1,2,6,2,0.8,12,cj-201,10,
cj-202,cangjie,3,202,Lesson 202,第202課,G;S;M;B;U;F;R;Y;H;X;E;O;T;L;Q;I,G;B;U;F;Y;S;T;M,B;E;F;G;H;I;L;M;O;Q;R;S;T;U;X;Y,u5807,堇,U+5807,,,TLQM,TM,gan2,yellow loam; clay; season; few,1,2,6,2,0.8,12,cj-201,10,
cj-202,cangjie,3,202,Lesson 202,第202課,G;S;M;B;U;F;R;Y;H;X;E;O;T;L;Q;I,G;B;U;F;Y;S;T;M,B;E;F;G;H;I;L;M;O;Q;R;S;T;U;X;Y,u5808,堈,U+5808,,,GBTU,GU,gong1,"earthen jug, crock, cistern",1,2,6,2,0.8,12,cj-201,10,
cj-202,cangjie,3,202,Lesson 202,第202課,G;S;M;B;U;F;R;Y;H;X;E;O;T;L;Q;I,G;B;U;F;Y;S;T;M,B;E;F;G;H;I;L;M;O;Q;R;S;T;U;X;Y,u5809,堉,U+5809,,,GYIB,GB,juk6,"ground, fertile land",1,2,6,2,0.8,12,cj-201,10,
cj-203,cangjie,3,203,Lesson 203,第203課,M;G;B;W;J;R;N;A;I;C;E;K;L;V;F;Q,M;G;B;R;I;E;K;N;W,A;B;C;E;F;G;I;J;K;L;M;N;Q;R;V;W,u580a,堊,U+580A,,,MMG,MG,ok3,white earth; to daub with white mud,1,2,6,2,0.8,12,cj-202,10,
cj-203,cangjie,3,203,Lesson 203,第203課,M;G;B;W;J;R;N;A;I;C;E;K;L;V;F;Q,M;G;B;R;I;E;K;N;W,A;B;C;E;F;G;I;J;K;L;M;N;Q;R;V;W,u580b,堋,U+580B,,,GBB,GB,pang4,bury,1,2,6,2,0.8,12,cj-202,10,
cj-203,cangjie,3,203,Lesson 203,第203課,M;G;B;W;J;R;N;A;I;C;E;K;L;V;F;Q,M;G;B;R;I;E;K;N;W,A;B;C;E;F;G;I;J;K;L;M;N;Q;R;V;W,u580c,堌,U+580C,,,GWJR,GR,gu3,"dam, dike; used in place names",1,2,6,2,0.8,12,cj-202,10,
cj-203,cangjie,3,203,Lesson 203,第203課,M;G;B;W;J;R;N;A;I;C;E;K;L;V;F;Q,M;G;B;R;I;E;K;N;W,A;B;C;E;F;G;I;J;K;L;M;N;Q;R;V;W,u580d,堍,U+580D,,,GNAI,GI,tou3,the flat ground at either end of a bridge,1,2,6,2,0.8,12,cj-202,10,
cj-203,cangjie,3,203,Lesson 203,第203課,M;G;B;W;J;R;N;A;I;C;E;K;L;V;F;Q,M;G;B;R;I;E;K;N;W,A;B;C;E;F;G;I;J;K;L;M;N;Q;R;V;W,u580e,堎,U+580E,,,GGCE,GE,ling4,"a place in Xīnjiàn county, Jiāngxī",1,2,6,2,0.8,12,cj-202,10,
cj-203,cangjie,3,203,Lesson 203,第203課,M;G;B;W;J;R;N;A;I;C;E;K;L;V;F;Q,M;G;B;R;I;E;K;N;W,A;B;C;E;F;G;I;J;K;L;M;N;Q;R;V;W,u5811,堑,U+5811,,,KLG,KG,cim3,"moat, trench, pit, cavity",1,2,6,2,0.8,12,cj-202,10,
cj-203,cangjie,3,203,Lesson 203,第203課,M;G;B;W;J;R;N;A;I;C;E;K;L;V;F;Q,M;G;B;R;I;E;K;N;W,A;B;C;E;F;G;I;J;K;L;M;N;Q;R;V;W,u5815,堕,U+5815,,,NBG,NG,do6,"fall, sink, let fall; degenerate",1,2,6,2,0.8,12,cj-202,10,
cj-203,cangjie,3,203,Lesson 203,第203課,M;G;B;W;J;R;N;A;I;C;E;K;L;V;F;Q,M;G;B;R;I;E;K;N;W,A;B;C;E;F;G;I;J;K;L;M;N;Q;R;V;W,u5816,堖,U+5816,,,GVVW,GW,nou5,"small, head shaped hill, used in place names",1,2,6,2,0.8,12,cj-202,10,
cj-203,cangjie,3,203,Lesson 203,第203課,M;G;B;W;J;R;N;A;I;C;E;K;L;V;F;Q,M;G;B;R;I;E;K;N;W,A;B;C;E;F;G;I;J;K;L;M;N;Q;R;V;W,u5818,堘,U+5818,,,GFQG,GG,sing4,a raised path between field which acts as a dyke,1,2,6,2,0.8,12,cj-202,10,
cj-203,cangjie,3,203,Lesson 203,第203課,M;G;B;W;J;R;N;A;I;C;E;K;L;V;F;Q,M;G;B;R;I;E;K;N;W,A;B;C;E;F;G;I;J;K;L;M;N;Q;R;V;W,u5819,堙,U+5819,,,GMWG,GG,jan1,"bury; dam, block up",1,2,6,2,0.8,12,cj-202,10,
cj-204,cangjie,3,204,Lesson 204,第204課,G;B;R;P;T;D;O;N;K;A;M;V;H;S,G;R;D;K;O;A;V;S,A;B;D;G;H;K;M;N;O;P;R;S;T;V,u581d,堝,U+581D,,,GBBR,GR,wo1,crucible,1,2,6,2,0.8,12,cj-203,10,
cj-204,cangjie,3,204,Lesson 204,第204課,G;B;R;P;T;D;O;N;K;A;M;V;H;S,G;R;D;K;O;A;V;S,A;B;D;G;H;K;M;N;O;P;R;S;T;V,u581e,堞,U+581E,,,GPTD,GD,dip6,plate,1,2,6,2,0.8,12,cj-203,10,
cj-204,cangjie,3,204,Lesson 204,第204課,G;B;R;P;T;D;O;N;K;A;M;V;H;S,G;R;D;K;O;A;V;S,A;B;D;G;H;K;M;N;O;P;R;S;T;V,u5820,堠,U+5820,,,GONK,GK,hau6,"battlements, battlemented walls",1,2,6,2,0.8,12,cj-203,10,
cj-204,cangjie,3,204,Lesson 204,第204課,G;B;R;P;T;D;O;N;K;A;M;V;H;S,G;R;D;K;O;A;V;S,A;B;D;G;H;K;M;N;O;P;R;S;T;V,u5821,堡,U+5821,,,ODG,OG,bou2,"fort, fortress; town, village",1,2,6,2,0.8,12,cj-203,10,
cj-204,cangjie,3,204,Lesson 204,第204課,G;B;R;P;T;D;O;N;K;A;M;V;H;S,G;R;D;K;O;A;V;S,A;B;D;G;H;K;M;N;O;P;R;S;T;V,u5824,堤,U+5824,,,GAMO,GO,tai4,dike,1,2,6,2,0.8,12,cj-203,10,
cj-204,cangjie,3,204,Lesson 204,第204課,G;B;R;P;T;D;O;N;K;A;M;V;H;S,G;R;D;K;O;A;V;S,A;B;D;G;H;K;M;N;O;P;R;S;T;V,u5826,堦,U+5826,,,GPPA,GA,gaai1,"stairs; a flight of steps; a degree, a class, a rank or step",1,2,6,2,0.8,12,cj-203,10,
cj-204,cangjie,3,204,Lesson 204,第204課,G;B;R;P;T;D;O;N;K;A;M;V;H;S,G;R;D;K;O;A;V;S,A;B;D;G;H;K;M;N;O;P;R;S;T;V,u5827,堧,U+5827,,,GMBK,GK,jyun4,adjoin,1,2,6,2,0.8,12,cj-203,10,
cj-204,cangjie,3,204,Lesson 204,第204課,G;B;R;P;T;D;O;N;K;A;M;V;H;S,G;R;D;K;O;A;V;S,A;B;D;G;H;K;M;N;O;P;R;S;T;V,u582a,堪,U+582A,,,GTMV,GV,ham1,"adequately capable of, worthy of",1,2,6,2,0.8,12,cj-203,10,
cj-204,cangjie,3,204,Lesson 204,第204課,G;B;R;P;T;D;O;N;K;A;M;V;H;S,G;R;D;K;O;A;V;S,A;B;D;G;H;K;M;N;O;P;R;S;T;V,u582d,堭,U+582D,,,GHAG,GG,wong4,a dry moat outside a city wall; a dry ditch,1,2,6,2,0.8,12,cj-203,10,
cj-204,cangjie,3,204,Lesson 204,第204課,G;B;R;P;T;D;O;N;K;A;M;V;H;S,G;R;D;K;O;A;V;S,A;B;D;G;H;K;M;N;O;P;R;S;T;V,u582e,堮,U+582E,,,GRRS,GS,ngok6,a boundary; a border,1,2,6,2,0.8,12,cj-203,10,
cj-205,cangjie,3,205,Lesson 205,第205課,G;U;S;A;V;J;L;E;H;M;K;B;W;O,G;U;V;E;A;H;B;L;M,A;B;E;G;H;J;K;L;M;O;S;U;V;W,u582f,堯,U+582F,,,GGGU,GU,jiu4,a legendary ancient emperor-sage,1,2,6,2,0.8,12,cj-204,10,
cj-205,cangjie,3,205,Lesson 205,第205課,G;U;S;A;V;J;L;E;H;M;K;B;W;O,G;U;V;E;A;H;B;L;M,A;B;E;G;H;J;K;L;M;O;S;U;V;W,u5830,堰,U+5830,,,GSAV,GV,jin2,"dam; embankment, dike, bank",1,2,6,2,0.8,12,cj-204,10,
cj-205,cangjie,3,205,Lesson 205,第205課,G;U;S;A;V;J;L;E;H;M;K;B;W;O,G;U;V;E;A;H;B;L;M,A;B;E;G;H;J;K;L;M;O;S;U;V;W,u5831,報,U+5831,,,GJSLE,GE,bou3,"report, tell, announce",1,2,6,2,0.8,12,cj-204,10,
cj-205,cangjie,3,205,Lesson 205,第205課,G;U;S;A;V;J;L;E;H;M;K;B;W;O,G;U;V;E;A;H;B;L;M,A;B;E;G;H;J;K;L;M;O;S;U;V;W,u5832,堲,U+5832,,,ALG,AG,zik1,hate,1,2,6,2,0.8,12,cj-204,10,
cj-205,cangjie,3,205,Lesson 205,第205課,G;U;S;A;V;J;L;E;H;M;K;B;W;O,G;U;V;E;A;H;B;L;M,A;B;E;G;H;J;K;L;M;O;S;U;V;W,u5833,堳,U+5833,,,GAHU,GU,mei4,land allotment feudal noble; alta,1,2,6,2,0.8,12,cj-204,10,
cj-205,cangjie,3,205,Lesson 205,第205課,G;U;S;A;V;J;L;E;H;M;K;B;W;O,G;U;V;E;A;H;B;L;M,A;B;E;G;H;J;K;L;M;O;S;U;V;W,u5834,場,U+5834,,,GAMH,GH,coeng4,"open space, field, market",1,2,6,2,0.8,12,cj-204,10,
cj-205,cangjie,3,205,Lesson 205,第205課,G;U;S;A;V;J;L;E;H;M;K;B;W;O,G;U;V;E;A;H;B;L;M,A;B;E;G;H;J;K;L;M;O;S;U;V;W,u5835,堵,U+5835,,,GJKA,GA,dou2,"wall; stop, prevent; stop up",1,2,6,2,0.8,12,cj-204,10,
cj-205,cangjie,3,205,Lesson 205,第205課,G;U;S;A;V;J;L;E;H;M;K;B;W;O,G;U;V;E;A;H;B;L;M,A;B;E;G;H;J;K;L;M;O;S;U;V;W,u5836,堶,U+5836,,,GKMB,GB,to4,throw heavy weights,1,2,6,2,0.8,12,cj-204,10,
cj-205,cangjie,3,205,Lesson 205,第205課,G;U;S;A;V;J;L;E;H;M;K;B;W;O,G;U;V;E;A;H;B;L;M,A;B;E;G;H;J;K;L;M;O;S;U;V;W,u583a,堺,U+583A,,,GWOL,GL,gaai3,person's name,1,2,6,2,0.8,12,cj-204,10,
cj-205,cangjie,3,205,Lesson 205,第205課,G;U;S;A;V;J;L;E;H;M;K;B;W;O,G;U;V;E;A;H;B;L;M,A;B;E;G;H;J;K;L;M;O;S;U;V;W,u583d,堽,U+583D,,,GWLM,GM,gong1,mound; used in place names,1,2,6,2,0.8,12,cj-204,10,
cj-206,cangjie,3,206,Lesson 206,第206課,G;I;H;R;S;T;W;O;Y;U;L;J;E;A;F;B;M,G;R;T;W;U;S;E;A;I;F;M,A;B;E;F;G;H;I;J;L;M;O;R;S;T;U;W;Y,u583f,堿,U+583F,,,GIHR,GR,gaan2,salty,1,2,6,2,0.8,12,cj-205,10,
cj-206,cangjie,3,206,Lesson 206,第206課,G;I;H;R;S;T;W;O;Y;U;L;J;E;A;F;B;M,G;R;T;W;U;S;E;A;I;F;M,A;B;E;F;G;H;I;J;L;M;O;R;S;T;U;W;Y,u5840,塀,U+5840,,,GSTT,GT,ping4,"wall, fence",1,2,6,2,0.8,12,cj-205,10,
cj-206,cangjie,3,206,Lesson 206,第206課,G;I;H;R;S;T;W;O;Y;U;L;J;E;A;F;B;M,G;R;T;W;U;S;E;A;I;F;M,A;B;E;F;G;H;I;J;L;M;O;R;S;T;U;W;Y,u5841,塁,U+5841,,,WIOG,WG,leoi5,"rampart, military wall",1,2,6,2,0.8,12,cj-205,10,
cj-206,cangjie,3,206,Lesson 206,第206課,G;I;H;R;S;T;W;O;Y;U;L;J;E;A;F;B;M,G;R;T;W;U;S;E;A;I;F;M,A;B;E;F;G;H;I;J;L;M;O;R;S;T;U;W;Y,u5843,塃,U+5843,,,GTYU,GU,fong1,mined ore,1,2,6,2,0.8,12,cj-205,10,
cj-206,cangjie,3,206,Lesson 206,第206課,G;I;H;R;S;T;W;O;Y;U;L;J;E;A;F;B;M,G;R;T;W;U;S;E;A;I;F;M,A;B;E;F;G;H;I;J;L;M;O;R;S;T;U;W;Y,u5844,塄,U+5844,,,GWLS,GS,ling4,elevated bank in field,1,2,6,2,0.8,12,cj-205,10,
cj-206,cangjie,3,206,Lesson 206,第206課,G;I;H;R;S;T;W;O;Y;U;L;J;E;A;F;B;M,G;R;T;W;U;S;E;A;I;F;M,A;B;E;F;G;H;I;J;L;M;O;R;S;T;U;W;Y,u5845,塅,U+5845,,,GHJE,GE,dyun6,"a large flat area, usually used in place names",1,2,6,2,0.8,12,cj-205,10,
cj-206,cangjie,3,206,Lesson 206,第206課,G;I;H;R;S;T;W;O;Y;U;L;J;E;A;F;B;M,G;R;T;W;U;S;E;A;I;F;M,A;B;E;F;G;H;I;J;L;M;O;R;S;T;U;W;Y,u5848,塈,U+5848,,,AUG,AG,hei3,"paint, decorate",1,2,6,2,0.8,12,cj-205,10,
cj-206,cangjie,3,206,Lesson 206,第206課,G;I;H;R;S;T;W;O;Y;U;L;J;E;A;F;B;M,G;R;T;W;U;S;E;A;I;F;M,A;B;E;F;G;H;I;J;L;M;O;R;S;T;U;W;Y,u584a,塊,U+584A,,,GHUI,GI,faai3,"piece, lump; dollar",1,2,6,2,0.8,12,cj-205,10,
cj-206,cangjie,3,206,Lesson 206,第206課,G;I;H;R;S;T;W;O;Y;U;L;J;E;A;F;B;M,G;R;T;W;U;S;E;A;I;F;M,A;B;E;F;G;H;I;J;L;M;O;R;S;T;U;W;Y,u584b,塋,U+584B,,,FFBG,FG,jing4,"grave, tomb, cemetery",1,2,6,2,0.8,12,cj-205,10,
cj-206,cangjie,3,206,Lesson 206,第206課,G;I;H;R;S;T;W;O;Y;U;L;J;E;A;F;B;M,G;R;T;W;U;S;E;A;I;F;M,A;B;E;F;G;H;I;J;L;M;O;R;S;T;U;W;Y,u584c,塌,U+584C,,,GASM,GM,taap3,"fall in ruins, collapse",1,2,6,2,0.8,12,cj-205,10,
cj-207,cangjie,3,207,Lesson 207,第207課,B;F;Q;G;U;M;T;A;I;C;O;R;E;D;L,B;G;T;F;I;C;R;M;E,A;B;C;D;E;F;G;I;L;M;O;Q;R;T;U,u584d,塍,U+584D,,,BFQG,BG,sing4,"a raised path between fields, a dike",1,2,6,2,0.8,12,cj-206,10,
cj-207,cangjie,3,207,Lesson 207,第207課,B;F;Q;G;U;M;T;A;I;C;O;R;E;D;L,B;G;T;F;I;C;R;M;E,A;B;C;D;E;F;G;I;L;M;O;Q;R;T;U,u584f,塏,U+584F,,,GUMT,GT,hoi2,high and dry place,1,2,6,2,0.8,12,cj-206,10,
cj-207,cangjie,3,207,Lesson 207,第207課,B;F;Q;G;U;M;T;A;I;C;O;R;E;D;L,B;G;T;F;I;C;R;M;E,A;B;C;D;E;F;G;I;L;M;O;Q;R;T;U,u5850,塐,U+5850,,,GQMF,GF,sou3,"model in clay, sculpt; plastics",1,2,6,2,0.8,12,cj-206,10,
cj-207,cangjie,3,207,Lesson 207,第207課,B;F;Q;G;U;M;T;A;I;C;O;R;E;D;L,B;G;T;F;I;C;R;M;E,A;B;C;D;E;F;G;I;L;M;O;Q;R;T;U,u5851,塑,U+5851,,,TBG,TG,sou3,"model in clay, sculpt; plastics",1,2,6,2,0.8,12,cj-206,10,
cj-207,cangjie,3,207,Lesson 207,第207課,B;F;Q;G;U;M;T;A;I;C;O;R;E;D;L,B;G;T;F;I;C;R;M;E,A;B;C;D;E;F;G;I;L;M;O;Q;R;T;U,u5852,塒,U+5852,,,GAGI,GI,si4,roost,1,2,6,2,0.8,12,cj-206,10,
cj-207,cangjie,3,207,Lesson 207,第207課,B;F;Q;G;U;M;T;A;I;C;O;R;E;D;L,B;G;T;F;I;C;R;M;E,A;B;C;D;E;F;G;I;L;M;O;Q;R;T;U,u5853,塓,U+5853,,,GBAC,GC,mik6,plaster,1,2,6,2,0.8,12,cj-206,10,
cj-207,cangjie,3,207,Lesson 207,第207課,B;F;Q;G;U;M;T;A;I;C;O;R;E;D;L,B;G;T;F;I;C;R;M;E,A;B;C;D;E;F;G;I;L;M;O;Q;R;T;U,u5854,塔,U+5854,,,GTOR,GR,taap3,"tower, spire, tall building",1,2,6,2,0.8,12,cj-206,10,
cj-207,cangjie,3,207,Lesson 207,第207課,B;F;Q;G;U;M;T;A;I;C;O;R;E;D;L,B;G;T;F;I;C;R;M;E,A;B;C;D;E;F;G;I;L;M;O;Q;R;T;U,u5855,塕,U+5855,,,GCIM,GM,jung2,a gust of wind,1,2,6,2,0.8,12,cj-206,10,
cj-207,cangjie,3,207,Lesson 207,第207課,B;F;Q;G;U;M;T;A;I;C;O;R;E;D;L,B;G;T;F;I;C;R;M;E,A;B;C;D;E;F;G;I;L;M;O;Q;R;T;U,u5857,塗,U+5857,,,EDG,EG,tou4,"smear, daub, apply, spread; paint",1,2,6,2,0.8,12,cj-206,10,
cj-207,cangjie,3,207,Lesson 207,第207課,B;F;Q;G;U;M;T;A;I;C;O;R;E;D;L,B;G;T;F;I;C;R;M;E,A;B;C;D;E;F;G;I;L;M;O;Q;R;T;U,u5858,塘,U+5858,,,GILR,GR,tong4,"pond; tank; dike, embankment",1,2,6,2,0.8,12,cj-206,10,
cj-208,cangjie,3,208,Lesson 208,第208課,G;Y;R;B;M;O;S;J;T;C;P;H;F,G;B;O;S;J;T;C;F;P,B;C;F;G;H;J;M;O;P;R;S;T;Y,u5859,塙,U+5859,,,GYRB,GB,kok3,truly,1,2,6,2,0.8,12,cj-207,10,
cj-208,cangjie,3,208,Lesson 208,第208課,G;Y;R;B;M;O;S;J;T;C;P;H;F,G;B;O;S;J;T;C;F;P,B;C;F;G;H;J;M;O;P;R;S;T;Y,u585a,塚,U+585A,,,GBMO,GO,cung2,"cemetery; tomb, burial mound",1,2,6,2,0.8,12,cj-207,10,
cj-208,cangjie,3,208,Lesson 208,第208課,G;Y;R;B;M;O;S;J;T;C;P;H;F,G;B;O;S;J;T;C;F;P,B;C;F;G;H;J;M;O;P;R;S;T;Y,u585c,塜,U+585C,,,GBMO,GO,bung6,"dusty, dirt",1,2,6,2,0.8,12,cj-207,10,
cj-208,cangjie,3,208,Lesson 208,第208課,G;Y;R;B;M;O;S;J;T;C;P;H;F,G;B;O;S;J;T;C;F;P,B;C;F;G;H;J;M;O;P;R;S;T;Y,u585d,塝,U+585D,,,GYBS,GS,bong6,"flat bank, plateau",1,2,6,2,0.8,12,cj-207,10,
cj-208,cangjie,3,208,Lesson 208,第208課,G;Y;R;B;M;O;S;J;T;C;P;H;F,G;B;O;S;J;T;C;F;P,B;C;F;G;H;J;M;O;P;R;S;T;Y,u585e,塞,U+585E,,,JTCG,JG,sak1,"stop up, block, seal, cork; pass, frontier; fortress",1,2,6,2,0.8,12,cj-207,10,
cj-208,cangjie,3,208,Lesson 208,第208課,G;Y;R;B;M;O;S;J;T;C;P;H;F,G;B;O;S;J;T;C;F;P,B;C;F;G;H;J;M;O;P;R;S;T;Y,u585f,塟,U+585F,,,TMPG,TG,zong3,to bury,1,2,6,2,0.8,12,cj-207,10,
cj-208,cangjie,3,208,Lesson 208,第208課,G;Y;R;B;M;O;S;J;T;C;P;H;F,G;B;O;S;J;T;C;F;P,B;C;F;G;H;J;M;O;P;R;S;T;Y,u5861,塡,U+5861,,,GPBC,GC,tin4,"fill in, fill up; make good",1,2,6,2,0.8,12,cj-207,10,
cj-208,cangjie,3,208,Lesson 208,第208課,G;Y;R;B;M;O;S;J;T;C;P;H;F,G;B;O;S;J;T;C;F;P,B;C;F;G;H;J;M;O;P;R;S;T;Y,u5862,塢,U+5862,,,GHRF,GF,wu2,"entrenchment, bank, low wall",1,2,6,2,0.8,12,cj-207,10,
cj-208,cangjie,3,208,Lesson 208,第208課,G;Y;R;B;M;O;S;J;T;C;P;H;F,G;B;O;S;J;T;C;F;P,B;C;F;G;H;J;M;O;P;R;S;T;Y,u5864,塤,U+5864,,,GRBC,GC,hyun1,instrument,1,2,6,2,0.8,12,cj-207,10,
cj-208,cangjie,3,208,Lesson 208,第208課,G;Y;R;B;M;O;S;J;T;C;P;H;F,G;B;O;S;J;T;C;F;P,B;C;F;G;H;J;M;O;P;R;S;T;Y,u5868,塨,U+5868,,,GTCP,GP,gung1,used in personal names,1,2,6,2,0.8,12,cj-207,10,
cj-209,cangjie,3,209,Lesson 209,第209課,G;O;R;T;J;B;C;M;H;F;A;I;Y;P;L,G;T;C;F;I;H;J,A;B;C;F;G;H;I;J;L;M;O;P;R;T;Y,u5869,塩,U+5869,,,GORT,GT,jim4,salt,1,2,6,2,0.8,12,cj-208,10,
cj-209,cangjie,3,209,Lesson 209,第209課,G;O;R;T;J;B;C;M;H;F;A;I;Y;P;L,G;T;C;F;I;H;J,A;B;C;F;G;H;I;J;L;M;O;P;R;T;Y,u586b,填,U+586B,,,GJBC,GC,tin4,"fill in, fill up; make good",1,2,6,2,0.8,12,cj-208,10,
cj-209,cangjie,3,209,Lesson 209,第209課,G;O;R;T;J;B;C;M;H;F;A;I;Y;P;L,G;T;C;F;I;H;J,A;B;C;F;G;H;I;J;L;M;O;P;R;T;Y,u586c,塬,U+586C,,,GMHF,GF,jyun4,plateau,1,2,6,2,0.8,12,cj-208,10,
cj-209,cangjie,3,209,Lesson 209,第209課,G;O;R;T;J;B;C;M;H;F;A;I;Y;P;L,G;T;C;F;I;H;J,A;B;C;F;G;H;I;J;L;M;O;P;R;T;Y,u586d,塭,U+586D,,,GABT,GT,wan1,fish farm,1,2,6,2,0.8,12,cj-208,10,
cj-209,cangjie,3,209,Lesson 209,第209課,G;O;R;T;J;B;C;M;H;F;A;I;Y;P;L,G;T;C;F;I;H;J,A;B;C;F;G;H;I;J;L;M;O;P;R;T;Y,u5871,塱,U+5871,,,IBG,IG,long5,place name in Guangdong province,1,2,6,2,0.8,12,cj-208,10,
cj-209,cangjie,3,209,Lesson 209,第209課,G;O;R;T;J;B;C;M;H;F;A;I;Y;P;L,G;T;C;F;I;H;J,A;B;C;F;G;H;I;J;L;M;O;P;R;T;Y,u5872,塲,U+5872,,,GOAH,GH,coeng4,"open space, field, market",1,2,6,2,0.8,12,cj-208,10,
cj-209,cangjie,3,209,Lesson 209,第209課,G;O;R;T;J;B;C;M;H;F;A;I;Y;P;L,G;T;C;F;I;H;J,A;B;C;F;G;H;I;J;L;M;O;P;R;T;Y,u5873,塳,U+5873,,,GYHJ,GJ,bung6,(Cant.) classifier for walls; covered (with dust); to scatter (like dust),1,2,6,2,0.8,12,cj-208,10,
cj-209,cangjie,3,209,Lesson 209,第209課,G;O;R;T;J;B;C;M;H;F;A;I;Y;P;L,G;T;C;F;I;H;J,A;B;C;F;G;H;I;J;L;M;O;P;R;T;Y,u5875,塵,U+5875,,,IPG,IG,can4,"dust, dirt, ashes, cinders",1,2,6,2,0.8,12,cj-208,10,
cj-209,cangjie,3,209,Lesson 209,第209課,G;O;R;T;J;B;C;M;H;F;A;I;Y;P;L,G;T;C;F;I;H;J,A;B;C;F;G;H;I;J;L;M;O;P;R;T;Y,u5879,塹,U+5879,,,JLG,JG,cim3,"moat, trench, pit, cavity",1,2,6,2,0.8,12,cj-208,10,
cj-209,cangjie,3,209,Lesson 209,第209課,G;O;R;T;J;B;C;M;H;F;A;I;Y;P;L,G;T;C;F;I;H;J,A;B;C;F;G;H;I;J;L;M;O;P;R;T;Y,u587c,塼,U+587C,,,GJII,GI,zyun1,brick,1,2,6,2,0.8,12,cj-208,10,
cj-210,cangjie,3,210,Lesson 210,第210課,G;K;Y;I;L;V;S;E;Q;A;W;T;U;H;F;N;B,G;K;Y;V;Q;E;U;F;W;S;B,A;B;E;F;G;H;I;K;L;N;Q;S;T;U;V;W;Y,u587d,塽,U+587D,,,GKKK,GK,song2,plateau,1,2,6,2,0.8,12,cj-209,10,
cj-210,cangjie,3,210,Lesson 210,第210課,G;K;Y;I;L;V;S;E;Q;A;W;T;U;H;F;N;B,G;K;Y;V;Q;E;U;F;W;S;B,A;B;E;F;G;H;I;K;L;N;Q;S;T;U;V;W;Y,u587e,塾,U+587E,,,YIG,YG,suk6,village school; private tutorage,1,2,6,2,0.8,12,cj-209,10,
cj-210,cangjie,3,210,Lesson 210,第210課,G;K;Y;I;L;V;S;E;Q;A;W;T;U;H;F;N;B,G;K;Y;V;Q;E;U;F;W;S;B,A;B;E;F;G;H;I;K;L;N;Q;S;T;U;V;W;Y,u587f,塿,U+587F,,,GLLV,GV,lau5,small mound,1,2,6,2,0.8,12,cj-209,10,
cj-210,cangjie,3,210,Lesson 210,第210課,G;K;Y;I;L;V;S;E;Q;A;W;T;U;H;F;N;B,G;K;Y;V;Q;E;U;F;W;S;B,A;B;E;F;G;H;I;K;L;N;Q;S;T;U;V;W;Y,u5880,墀,U+5880,,,GSEQ,GQ,ci4,porch; courtyard; steps leading,1,2,6,2,0.8,12,cj-209,10,
cj-210,cangjie,3,210,Lesson 210,第210課,G;K;Y;I;L;V;S;E;Q;A;W;T;U;H;F;N;B,G;K;Y;V;Q;E;U;F;W;S;B,A;B;E;F;G;H;I;K;L;N;Q;S;T;U;V;W;Y,u5881,墁,U+5881,,,GAWE,GE,maan6,to plaster; to pave,1,2,6,2,0.8,12,cj-209,10,
cj-210,cangjie,3,210,Lesson 210,第210課,G;K;Y;I;L;V;S;E;Q;A;W;T;U;H;F;N;B,G;K;Y;V;Q;E;U;F;W;S;B,A;B;E;F;G;H;I;K;L;N;Q;S;T;U;V;W;Y,u5883,境,U+5883,,,GYTU,GU,ging2,"boundary, frontier; area, region",1,2,6,2,0.8,12,cj-209,10,
cj-210,cangjie,3,210,Lesson 210,第210課,G;K;Y;I;L;V;S;E;Q;A;W;T;U;H;F;N;B,G;K;Y;V;Q;E;U;F;W;S;B,A;B;E;F;G;H;I;K;L;N;Q;S;T;U;V;W;Y,u5884,墄,U+5884,,,GIHF,GF,cak1,the steps of a stairway,1,2,6,2,0.8,12,cj-209,10,
cj-210,cangjie,3,210,Lesson 210,第210課,G;K;Y;I;L;V;S;E;Q;A;W;T;U;H;F;N;B,G;K;Y;V;Q;E;U;F;W;S;B,A;B;E;F;G;H;I;K;L;N;Q;S;T;U;V;W;Y,u5885,墅,U+5885,,,WNG,WG,seoi6,"villa, country house",1,2,6,2,0.8,12,cj-209,10,
cj-210,cangjie,3,210,Lesson 210,第210課,G;K;Y;I;L;V;S;E;Q;A;W;T;U;H;F;N;B,G;K;Y;V;Q;E;U;F;W;S;B,A;B;E;F;G;H;I;K;L;N;Q;S;T;U;V;W;Y,u5888,墈,U+5888,,,GTVS,GS,ham3,cliff,1,2,6,2,0.8,12,cj-209,10,
cj-210,cangjie,3,210,Lesson 210,第210課,G;K;Y;I;L;V;S;E;Q;A;W;T;U;H;F;N;B,G;K;Y;V;Q;E;U;F;W;S;B,A;B;E;F;G;H;I;K;L;N;Q;S;T;U;V;W;Y,u5889,墉,U+5889,,,GILB,GB,jung4,wall; fortified wall; small wall,1,2,6,2,0.8,12,cj-209,10,
cj-211,cangjie,3,211,Lesson 211,第211課,G;I;H;U;T;L;M;Y;C;B;A;K;O;R;W;J;N;E;D,G;H;M;B;T;W;A;N;D,A;B;C;D;E;G;H;I;J;K;L;M;N;O;R;T;U;W;Y,u588a,墊,U+588A,,,GIG,GG,din3,"advance money, pay for another",1,2,6,2,0.8,12,cj-210,10,
cj-211,cangjie,3,211,Lesson 211,第211課,G;I;H;U;T;L;M;Y;C;B;A;K;O;R;W;J;N;E;D,G;H;M;B;T;W;A;N;D,A;B;C;D;E;G;H;I;J;K;L;M;N;O;R;T;U;W;Y,u588d,墍,U+588D,,,HUG,HG,kei3,"paint, decorate",1,2,6,2,0.8,12,cj-210,10,
cj-211,cangjie,3,211,Lesson 211,第211課,G;I;H;U;T;L;M;Y;C;B;A;K;O;R;W;J;N;E;D,G;H;M;B;T;W;A;N;D,A;B;C;D;E;G;H;I;J;K;L;M;N;O;R;T;U;W;Y,u5890,墐,U+5890,,,GTLM,GM,gan6,"to build with soil, plaster over with mud",1,2,6,2,0.8,12,cj-210,10,
cj-211,cangjie,3,211,Lesson 211,第211課,G;I;H;U;T;L;M;Y;C;B;A;K;O;R;W;J;N;E;D,G;H;M;B;T;W;A;N;D,A;B;C;D;E;G;H;I;J;K;L;M;N;O;R;T;U;W;Y,u5892,墒,U+5892,,,GYCB,GB,soeng1,"wet, cultivated land",1,2,6,2,0.8,12,cj-210,10,
cj-211,cangjie,3,211,Lesson 211,第211課,G;I;H;U;T;L;M;Y;C;B;A;K;O;R;W;J;N;E;D,G;H;M;B;T;W;A;N;D,A;B;C;D;E;G;H;I;J;K;L;M;N;O;R;T;U;W;Y,u5893,墓,U+5893,,,TAKG,TG,mou6,"grave, tomb",1,2,6,2,0.8,12,cj-210,10,
cj-211,cangjie,3,211,Lesson 211,第211課,G;I;H;U;T;L;M;Y;C;B;A;K;O;R;W;J;N;E;D,G;H;M;B;T;W;A;N;D,A;B;C;D;E;G;H;I;J;K;L;M;N;O;R;T;U;W;Y,u5896,墖,U+5896,,,GORW,GW,taap3,"pagoda, dagoba, tower",1,2,6,2,0.8,12,cj-210,10,
cj-211,cangjie,3,211,Lesson 211,第211課,G;I;H;U;T;L;M;Y;C;B;A;K;O;R;W;J;N;E;D,G;H;M;B;T;W;A;N;D,A;B;C;D;E;G;H;I;J;K;L;M;N;O;R;T;U;W;Y,u5897,増,U+5897,,,GCWA,GA,zang1,increase,1,2,6,2,0.8,12,cj-210,10,
cj-211,cangjie,3,211,Lesson 211,第211課,G;I;H;U;T;L;M;Y;C;B;A;K;O;R;W;J;N;E;D,G;H;M;B;T;W;A;N;D,A;B;C;D;E;G;H;I;J;K;L;M;N;O;R;T;U;W;Y,u5898,墘,U+5898,,,GJJN,GN,kin4,(Cant.) halfway,1,2,6,2,0.8,12,cj-210,10,
cj-211,cangjie,3,211,Lesson 211,第211課,G;I;H;U;T;L;M;Y;C;B;A;K;O;R;W;J;N;E;D,G;H;M;B;T;W;A;N;D,A;B;C;D;E;G;H;I;J;K;L;M;N;O;R;T;U;W;Y,u5899,墙,U+5899,,,GGCW,GW,coeng4,wall,1,2,6,2,0.8,12,cj-210,10,
cj-211,cangjie,3,211,Lesson 211,第211課,G;I;H;U;T;L;M;Y;C;B;A;K;O;R;W;J;N;E;D,G;H;M;B;T;W;A;N;D,A;B;C;D;E;G;H;I;J;K;L;M;N;O;R;T;U;W;Y,u589a,墚,U+589A,,,GECD,GD,loeng4,mountain range,1,2,6,2,0.8,12,cj-210,10,
cj-212,cangjie,3,212,Lesson 212,第212課,N;O;G;U;C;W;A;Y;P;R;J;T;L;M;H;D;F;K,N;G;U;A;C;J;R;W;K,A;C;D;F;G;H;J;K;L;M;N;O;P;R;T;U;W;Y,u589c,墜,U+589C,,,NOG,NG,zeoi6,"fall down, drop, sink, go to ruin",1,2,6,2,0.8,12,cj-211,10,
cj-212,cangjie,3,212,Lesson 212,第212課,N;O;G;U;C;W;A;Y;P;R;J;T;L;M;H;D;F;K,N;G;U;A;C;J;R;W;K,A;C;D;F;G;H;J;K;L;M;N;O;P;R;T;U;W;Y,u589d,墝,U+589D,,,GGGU,GU,haau1,stony,1,2,6,2,0.8,12,cj-211,10,
cj-212,cangjie,3,212,Lesson 212,第212課,N;O;G;U;C;W;A;Y;P;R;J;T;L;M;H;D;F;K,N;G;U;A;C;J;R;W;K,A;C;D;F;G;H;J;K;L;M;N;O;P;R;T;U;W;Y,u589e,增,U+589E,,,GCWA,GA,zang1,"increase, add to, augment",1,2,6,2,0.8,12,cj-211,10,
cj-212,cangjie,3,212,Lesson 212,第212課,N;O;G;U;C;W;A;Y;P;R;J;T;L;M;H;D;F;K,N;G;U;A;C;J;R;W;K,A;C;D;F;G;H;J;K;L;M;N;O;P;R;T;U;W;Y,u589f,墟,U+589F,,,GYPC,GC,heoi1,high mound; hilly countryside; wasteland,1,2,6,2,0.8,12,cj-211,10,
cj-212,cangjie,3,212,Lesson 212,第212課,N;O;G;U;C;W;A;Y;P;R;J;T;L;M;H;D;F;K,N;G;U;A;C;J;R;W;K,A;C;D;F;G;H;J;K;L;M;N;O;P;R;T;U;W;Y,u58a0,墠,U+58A0,,,GRRJ,GJ,sin6,"smooth, hard spot made level for sacrificial altar",1,2,6,2,0.8,12,cj-211,10,
cj-212,cangjie,3,212,Lesson 212,第212課,N;O;G;U;C;W;A;Y;P;R;J;T;L;M;H;D;F;K,N;G;U;A;C;J;R;W;K,A;C;D;F;G;H;J;K;L;M;N;O;P;R;T;U;W;Y,u58a1,墡,U+58A1,,,GTGR,GR,sin6,chalk,1,2,6,2,0.8,12,cj-211,10,
cj-212,cangjie,3,212,Lesson 212,第212課,N;O;G;U;C;W;A;Y;P;R;J;T;L;M;H;D;F;K,N;G;U;A;C;J;R;W;K,A;C;D;F;G;H;J;K;L;M;N;O;P;R;T;U;W;Y,u58a4,墤,U+58A4,,,GLMC,GC,faai3,"to fall in ruins, to collapse, to overthrow; decayed, ruined, lost",1,2,6,2,0.8,12,cj-211,10,
cj-212,cangjie,3,212,Lesson 212,第212課,N;O;G;U;C;W;A;Y;P;R;J;T;L;M;H;D;F;K,N;G;U;A;C;J;R;W;K,A;C;D;F;G;H;J;K;L;M;N;O;P;R;T;U;W;Y,u58a6,墦,U+58A6,,,GHDW,GW,faan4,tomb,1,2,6,2,0.8,12,cj-211,10,
cj-212,cangjie,3,212,Lesson 212,第212課,N;O;G;U;C;W;A;Y;P;R;J;T;L;M;H;D;F;K,N;G;U;A;C;J;R;W;K,A;C;D;F;G;H;J;K;L;M;N;O;P;R;T;U;W;Y,u58a8,墨,U+58A8,,,WGFG,WG,mak6,ink; writing,1,2,6,2,0.8,12,cj-211,10,
cj-212,cangjie,3,212,Lesson 212,第212課,N;O;G;U;C;W;A;Y;P;R;J;T;L;M;H;D;F;K,N;G;U;A;C;J;R;W;K,A;C;D;F;G;H;J;K;L;M;N;O;P;R;T;U;W;Y,u58a9,墩,U+58A9,,,GYDK,GK,deon1,"heap, mound, block of stone",1,2,6,2,0.8,12,cj-211,10,
cj-213,cangjie,3,213,Lesson 213,第213課,Y;K;G;T;W;I;N;O;B;M;J;C;Q;H,Y;G;I;N;J;T;C;Q;K;W,B;C;G;H;I;J;K;M;N;O;Q;T;W;Y,u58aa,墪,U+58AA,,,YKG,YG,dan1,"a heap, tumulus, beacon mound",1,2,6,2,0.8,12,cj-212,10,
cj-213,cangjie,3,213,Lesson 213,第213課,Y;K;G;T;W;I;N;O;B;M;J;C;Q;H,Y;G;I;N;J;T;C;Q;K;W,B;C;G;H;I;J;K;M;N;O;Q;T;W;Y,u58ab,墫,U+58AB,,,GTWI,GI,deon1,cup,1,2,6,2,0.8,12,cj-212,10,
cj-213,cangjie,3,213,Lesson 213,第213課,Y;K;G;T;W;I;N;O;B;M;J;C;Q;H,Y;G;I;N;J;T;C;Q;K;W,B;C;G;H;I;J;K;M;N;O;Q;T;W;Y,u58ac,墬,U+58AC,,,NOG,NG,dei6,"to fall, sink",1,2,6,2,0.8,12,cj-212,10,
cj-213,cangjie,3,213,Lesson 213,第213課,Y;K;G;T;W;I;N;O;B;M;J;C;Q;H,Y;G;I;N;J;T;C;Q;K;W,B;C;G;H;I;J;K;M;N;O;Q;T;W;Y,u58ae,墮,U+58AE,,,NBG,NG,do6,"fall, sink, let fall; degenerate",1,2,6,2,0.8,12,cj-212,10,
cj-213,cangjie,3,213,Lesson 213,第213課,Y;K;G;T;W;I;N;O;B;M;J;C;Q;H,Y;G;I;N;J;T;C;Q;K;W,B;C;G;H;I;J;K;M;N;O;Q;T;W;Y,u58b0,墰,U+58B0,,,GMWJ,GJ,taam4,an earthenware jar; a jug,1,2,6,2,0.8,12,cj-212,10,
cj-213,cangjie,3,213,Lesson 213,第213課,Y;K;G;T;W;I;N;O;B;M;J;C;Q;H,Y;G;I;N;J;T;C;Q;K;W,B;C;G;H;I;J;K;M;N;O;Q;T;W;Y,u58b1,墱,U+58B1,,,GNOT,GT,dang3,"stone steps, stairs up a platform",1,2,6,2,0.8,12,cj-212,10,
cj-213,cangjie,3,213,Lesson 213,第213課,Y;K;G;T;W;I;N;O;B;M;J;C;Q;H,Y;G;I;N;J;T;C;Q;K;W,B;C;G;H;I;J;K;M;N;O;Q;T;W;Y,u58b3,墳,U+58B3,,,GJTC,GC,fan4,"grave, mound; bulge; bulging",1,2,6,2,0.8,12,cj-212,10,
cj-213,cangjie,3,213,Lesson 213,第213課,Y;K;G;T;W;I;N;O;B;M;J;C;Q;H,Y;G;I;N;J;T;C;Q;K;W,B;C;G;H;I;J;K;M;N;O;Q;T;W;Y,u58b6,墶,U+58B6,,,GYGQ,GQ,daat3,(圪墶) a pimple; a mound,1,2,6,2,0.8,12,cj-212,10,
cj-213,cangjie,3,213,Lesson 213,第213課,Y;K;G;T;W;I;N;O;B;M;J;C;Q;H,Y;G;I;N;J;T;C;Q;K;W,B;C;G;H;I;J;K;M;N;O;Q;T;W;Y,u58ba,墺,U+58BA,,,GHBK,GK,ou3,four walls,1,2,6,2,0.8,12,cj-212,10,
cj-213,cangjie,3,213,Lesson 213,第213課,Y;K;G;T;W;I;N;O;B;M;J;C;Q;H,Y;G;I;N;J;T;C;Q;K;W,B;C;G;H;I;J;K;M;N;O;Q;T;W;Y,u58bb,墻,U+58BB,,,GGOW,GW,coeng4,wall,1,2,6,2,0.8,12,cj-212,10,
cj-214,cangjie,3,214,Lesson 214,第214課,J;E;G;B;V;S;D;Y;H;W;M;F,J;G;B;S;D;Y;H;M;V;W,B;D;E;F;G;H;J;M;S;V;W;Y,u58bc,墼,U+58BC,,,JEG,JG,gik1,unfired brick,1,2,6,2,0.8,12,cj-213,10,
cj-214,cangjie,3,214,Lesson 214,第214課,J;E;G;B;V;S;D;Y;H;W;M;F,J;G;B;S;D;Y;H;M;V;W,B;D;E;F;G;H;J;M;S;V;W;Y,u58be,墾,U+58BE,,,BVG,BG,han2,"cultivate, reclaim, to farm land",1,2,6,2,0.8,12,cj-213,10,
cj-214,cangjie,3,214,Lesson 214,第214課,J;E;G;B;V;S;D;Y;H;W;M;F,J;G;B;S;D;Y;H;M;V;W,B;D;E;F;G;H;J;M;S;V;W;Y,u58c1,壁,U+58C1,,,SJG,SG,bik1,"partition wall; walls of a house; 14th lunar mansion, determinative star γ Pegasi (Algenib)",1,2,6,2,0.8,12,cj-213,10,
cj-214,cangjie,3,214,Lesson 214,第214課,J;E;G;B;V;S;D;Y;H;W;M;F,J;G;B;S;D;Y;H;M;V;W,B;D;E;F;G;H;J;M;S;V;W;Y,u58c4,壄,U+58C4,,,DDG,DG,je5,"open country, field; wilderness",1,2,6,2,0.8,12,cj-213,10,
cj-214,cangjie,3,214,Lesson 214,第214課,J;E;G;B;V;S;D;Y;H;W;M;F,J;G;B;S;D;Y;H;M;V;W,B;D;E;F;G;H;J;M;S;V;W;Y,u58c5,壅,U+58C5,,,YVGG,YG,jung1,to obstruct,1,2,6,2,0.8,12,cj-213,10,
cj-214,cangjie,3,214,Lesson 214,第214課,J;E;G;B;V;S;D;Y;H;W;M;F,J;G;B;S;D;Y;H;M;V;W,B;D;E;F;G;H;J;M;S;V;W;Y,u58c6,壆,U+58C6,,,HBG,HG,bok3,"stiff, hard clay or rocky strata; crack in a jar",1,2,6,2,0.8,12,cj-213,10,
cj-214,cangjie,3,214,Lesson 214,第214課,J;E;G;B;V;S;D;Y;H;W;M;F,J;G;B;S;D;Y;H;M;V;W,B;D;E;F;G;H;J;M;S;V;W;Y,u58c7,壇,U+58C7,,,GYWM,GM,taan4,"altar; arena, examination hall",1,2,6,2,0.8,12,cj-213,10,
cj-214,cangjie,3,214,Lesson 214,第214課,J;E;G;B;V;S;D;Y;H;W;M;F,J;G;B;S;D;Y;H;M;V;W,B;D;E;F;G;H;J;M;S;V;W;Y,u58c8,壈,U+58C8,,,GYWD,GD,lam5,disappointed,1,2,6,2,0.8,12,cj-213,10,
cj-214,cangjie,3,214,Lesson 214,第214課,J;E;G;B;V;S;D;Y;H;W;M;F,J;G;B;S;D;Y;H;M;V;W,B;D;E;F;G;H;J;M;S;V;W;Y,u58ca,壊,U+58CA,,,GJWV,GV,waai6,"bad, spoil(ed), ruin, destroy",1,2,6,2,0.8,12,cj-213,10,
cj-214,cangjie,3,214,Lesson 214,第214課,J;E;G;B;V;S;D;Y;H;W;M;F,J;G;B;S;D;Y;H;M;V;W,B;D;E;F;G;H;J;M;S;V;W;Y,u58cb,壋,U+58CB,,,GFBW,GW,dong3,a dike used to divert water in a rice paddy or field for irrigation,1,2,6,2,0.8,12,cj-213,10,
cj-215,cangjie,3,215,Lesson 215,第215課,G;Y;C;V;E;L;H;F;M;B;T;K;N;I;R;O,G;V;E;F;M;Y;T;I;O;B,B;C;E;F;G;H;I;K;L;M;N;O;R;T;V;Y,u58cc,壌,U+58CC,,,GYCV,GV,joeng6,"soil, loam, earth; rich",1,2,6,2,0.8,12,cj-214,10,
cj-215,cangjie,3,215,Lesson 215,第215課,G;Y;C;V;E;L;H;F;M;B;T;K;N;I;R;O,G;V;E;F;M;Y;T;I;O;B,B;C;E;F;G;H;I;K;L;M;N;O;R;T;V;Y,u58cd,壍,U+58CD,,,ELG,EG,cim3,moat around a city. a channel,1,2,6,2,0.8,12,cj-214,10,
cj-215,cangjie,3,215,Lesson 215,第215課,G;Y;C;V;E;L;H;F;M;B;T;K;N;I;R;O,G;V;E;F;M;Y;T;I;O;B,B;C;E;F;G;H;I;K;L;M;N;O;R;T;V;Y,u58ce,壎,U+58CE,,,GHGF,GF,hyun1,instrument,1,2,6,2,0.8,12,cj-214,10,
cj-215,cangjie,3,215,Lesson 215,第215課,G;Y;C;V;E;L;H;F;M;B;T;K;N;I;R;O,G;V;E;F;M;Y;T;I;O;B,B;C;E;F;G;H;I;K;L;M;N;O;R;T;V;Y,u58d0,壐,U+58D0,,,MBG,MG,saai2,the Imperial signet; the great seal,1,2,6,2,0.8,12,cj-214,10,
cj-215,cangjie,3,215,Lesson 215,第215課,G;Y;C;V;E;L;H;F;M;B;T;K;N;I;R;O,G;V;E;F;M;Y;T;I;O;B,B;C;E;F;G;H;I;K;L;M;N;O;R;T;V;Y,u58d1,壑,U+58D1,,,YEG,YG,kok3,"bed of torrent, narrow ravine",1,2,6,2,0.8,12,cj-214,10,
cj-215,cangjie,3,215,Lesson 215,第215課,G;Y;C;V;E;L;H;F;M;B;T;K;N;I;R;O,G;V;E;F;M;Y;T;I;O;B,B;C;E;F;G;H;I;K;L;M;N;O;R;T;V;Y,u58d2,壒,U+58D2,,,GTGT,GT,oi2,dust,1,2,6,2,0.8,12,cj-214,10,
cj-215,cangjie,3,215,Lesson 215,第215課,G;Y;C;V;E;L;H;F;M;B;T;K;N;I;R;O,G;V;E;F;M;Y;T;I;O;B,B;C;E;F;G;H;I;K;L;M;N;O;R;T;V;Y,u58d3,壓,U+58D3,,,MKG,MG,aat3,press; oppress; crush; pressure,1,2,6,2,0.8,12,cj-214,10,
cj-215,cangjie,3,215,Lesson 215,第215課,G;Y;C;V;E;L;H;F;M;B;T;K;N;I;R;O,G;V;E;F;M;Y;T;I;O;B,B;C;E;F;G;H;I;K;L;M;N;O;R;T;V;Y,u58d4,壔,U+58D4,,,GGNI,GI,dou2,"a mound, a tumulus",1,2,6,2,0.8,12,cj-214,10,
cj-215,cangjie,3,215,Lesson 215,第215課,G;Y;C;V;E;L;H;F;M;B;T;K;N;I;R;O,G;V;E;F;M;Y;T;I;O;B,B;C;E;F;G;H;I;K;L;M;N;O;R;T;V;Y,u58d5,壕,U+58D5,,,GYRO,GO,hou4,"trench, ditch, channel, moat",1,2,6,2,0.8,12,cj-214,10,
cj-215,cangjie,3,215,Lesson 215,第215課,G;Y;C;V;E;L;H;F;M;B;T;K;N;I;R;O,G;V;E;F;M;Y;T;I;O;B,B;C;E;F;G;H;I;K;L;M;N;O;R;T;V;Y,u58d6,壖,U+58D6,,,GMBB,GB,jyun4,open space along water,1,2,6,2,0.8,12,cj-214,10,
cj-216,cangjie,3,216,Lesson 216,第216課,W;G;I;T;C;Y;P;A;M;L;V;B;H;R,W;G;C;T;I;V;Y;P;M,A;B;C;G;H;I;L;M;P;R;T;V;W;Y,u58d8,壘,U+58D8,,,WWWG,WG,leoi5,"rampart, military wall",1,2,6,2,0.8,12,cj-215,10,
cj-216,cangjie,3,216,Lesson 216,第216課,W;G;I;T;C;Y;P;A;M;L;V;B;H;R,W;G;C;T;I;V;Y;P;M,A;B;C;G;H;I;L;M;P;R;T;V;W;Y,u58d9,壙,U+58D9,,,GITC,GC,kwong3,"tomb, grave: prairie; open wilderness",1,2,6,2,0.8,12,cj-215,10,
cj-216,cangjie,3,216,Lesson 216,第216課,W;G;I;T;C;Y;P;A;M;L;V;B;H;R,W;G;C;T;I;V;Y;P;M,A;B;C;G;H;I;L;M;P;R;T;V;W;Y,u58da,壚,U+58DA,,,GYPT,GT,lou4,"black clods of earth; shop, hut",1,2,6,2,0.8,12,cj-215,10,
cj-216,cangjie,3,216,Lesson 216,第216課,W;G;I;T;C;Y;P;A;M;L;V;B;H;R,W;G;C;T;I;V;Y;P;M,A;B;C;G;H;I;L;M;P;R;T;V;W;Y,u58dc,壜,U+58DC,,,GAMI,GI,taam4,earthen jar or jug,1,2,6,2,0.8,12,cj-215,10,
cj-216,cangjie,3,216,Lesson 216,第216課,W;G;I;T;C;Y;P;A;M;L;V;B;H;R,W;G;C;T;I;V;Y;P;M,A;B;C;G;H;I;L;M;P;R;T;V;W;Y,u58dd,壝,U+58DD,,,GYLC,GC,wai2,"a mound, embankment; the earthen altar to the god of the soil",1,2,6,2,0.8,12,cj-215,10,
cj-216,cangjie,3,216,Lesson 216,第216課,W;G;I;T;C;Y;P;A;M;L;V;B;H;R,W;G;C;T;I;V;Y;P;M,A;B;C;G;H;I;L;M;P;R;T;V;W;Y,u58de,壞,U+58DE,,,GYWV,GV,waai6,"bad, spoil(ed), ruin, destroy",1,2,6,2,0.8,12,cj-215,10,
cj-216,cangjie,3,216,Lesson 216,第216課,W;G;I;T;C;Y;P;A;M;L;V;B;H;R,W;G;C;T;I;V;Y;P;M,A;B;C;G;H;I;L;M;P;R;T;V;W;Y,u58df,壟,U+58DF,,,YPG,YG,lung5,"grave, mound; ridge in field",1,2,6,2,0.8,12,cj-215,10,
cj-216,cangjie,3,216,Lesson 216,第216課,W;G;I;T;C;Y;P;A;M;L;V;B;H;R,W;G;C;T;I;V;Y;P;M,A;B;C;G;H;I;L;M;P;R;T;V;W;Y,u58e0,壠,U+58E0,,,GYBP,GP,lung5,"mound, grave; ridge in field",1,2,6,2,0.8,12,cj-215,10,
cj-216,cangjie,3,216,Lesson 216,第216課,W;G;I;T;C;Y;P;A;M;L;V;B;H;R,W;G;C;T;I;V;Y;P;M,A;B;C;G;H;I;L;M;P;R;T;V;W;Y,u58e2,壢,U+58E2,,,GMHM,GM,lik6,"a hole, pit",1,2,6,2,0.8,12,cj-215,10,
cj-216,cangjie,3,216,Lesson 216,第216課,W;G;I;T;C;Y;P;A;M;L;V;B;H;R,W;G;C;T;I;V;Y;P;M,A;B;C;G;H;I;L;M;P;R;T;V;W;Y,u58e4,壤,U+58E4,,,GYRV,GV,joeng6,"soil, loam, earth; rich",1,2,6,2,0.8,12,cj-215,10,
cj-217,cangjie,3,217,Lesson 217,第217課,G;M;B;J;H;S;L;V;A;P;U;N,G;B;J;M;H;L;V;P;U;N,A;B;G;H;J;L;M;N;P;S;U;V,u58e9,壩,U+58E9,,,GMBB,GB,baa3,embankment; dam,1,2,6,2,0.8,12,cj-216,10,
cj-217,cangjie,3,217,Lesson 217,第217課,G;M;B;J;H;S;L;V;A;P;U;N,G;B;J;M;H;L;V;P;U;N,A;B;G;H;J;L;M;N;P;S;U;V,u58eb,士,U+58EB,,,JM,JM,si6,"scholar, gentleman; soldier",1,2,6,2,0.8,12,cj-216,10,
cj-217,cangjie,3,217,Lesson 217,第217課,G;M;B;J;H;S;L;V;A;P;U;N,G;B;J;M;H;L;V;P;U;N,A;B;G;H;J;L;M;N;P;S;U;V,u58ec,壬,U+58EC,,,HG,HG,jam4,ninth heavenly stem,1,2,6,2,0.8,12,cj-216,10,
cj-217,cangjie,3,217,Lesson 217,第217課,G;M;B;J;H;S;L;V;A;P;U;N,G;B;J;M;H;L;V;P;U;N,A;B;G;H;J;L;M;N;P;S;U;V,u58ed,壭,U+58ED,,,GSL,GL,si6,kwukyel,1,2,6,2,0.8,12,cj-216,10,
cj-217,cangjie,3,217,Lesson 217,第217課,G;M;B;J;H;S;L;V;A;P;U;N,G;B;J;M;H;L;V;P;U;N,A;B;G;H;J;L;M;N;P;S;U;V,u58ee,壮,U+58EE,,,LMG,LG,zong3,"big, large; robust; name of tribe",1,2,6,2,0.8,12,cj-216,10,
cj-217,cangjie,3,217,Lesson 217,第217課,G;M;B;J;H;S;L;V;A;P;U;N,G;B;J;M;H;L;V;P;U;N,A;B;G;H;J;L;M;N;P;S;U;V,u58ef,壯,U+58EF,,,VMG,VG,zong3,"big, large; robust; name of tribe",1,2,6,2,0.8,12,cj-216,10,
cj-217,cangjie,3,217,Lesson 217,第217課,G;M;B;J;H;S;L;V;A;P;U;N,G;B;J;M;H;L;V;P;U;N,A;B;G;H;J;L;M;N;P;S;U;V,u58f0,声,U+58F0,,,GAH,GH,sing1,"sound, voice, noise; tone; music",1,2,6,2,0.8,12,cj-216,10,
cj-217,cangjie,3,217,Lesson 217,第217課,G;M;B;J;H;S;L;V;A;P;U;N,G;B;J;M;H;L;V;P;U;N,A;B;G;H;J;L;M;N;P;S;U;V,u58f1,壱,U+58F1,,,GBP,GP,jat1,number one,1,2,6,2,0.8,12,cj-216,10,
cj-217,cangjie,3,217,Lesson 217,第217課,G;M;B;J;H;S;L;V;A;P;U;N,G;B;J;M;H;L;V;P;U;N,A;B;G;H;J;L;M;N;P;S;U;V,u58f2,売,U+58F2,,,GBHU,GU,maai6,"sell; [NOT casing, shell, husk]",1,2,6,2,0.8,12,cj-216,10,
cj-217,cangjie,3,217,Lesson 217,第217課,G;M;B;J;H;S;L;V;A;P;U;N,G;B;J;M;H;L;V;P;U;N,A;B;G;H;J;L;M;N;P;S;U;V,u58f3,壳,U+58F3,,,GBHN,GN,hok3,"casing, shell, husk",1,2,6,2,0.8,12,cj-216,10,
cj-218,cangjie,3,218,Lesson 218,第218課,G;B;T;C;L;M;N;O;I;Q;R;D;H;E,G;C;M;T;B;I;Q;H;E,B;C;D;E;G;H;I;L;M;N;O;Q;R;T,u58f6,壶,U+58F6,,,GBTC,GC,wu4,"jar, pot, jug, vase; surname",1,2,6,2,0.8,12,cj-217,10,
cj-218,cangjie,3,218,Lesson 218,第218課,G;B;T;C;L;M;N;O;I;Q;R;D;H;E,G;C;M;T;B;I;Q;H;E,B;C;D;E;G;H;I;L;M;N;O;Q;R;T,u58f7,壷,U+58F7,,,GBLM,GM,wu4,"jar, pot, jug, vase; surname",1,2,6,2,0.8,12,cj-217,10,
cj-218,cangjie,3,218,Lesson 218,第218課,G;B;T;C;L;M;N;O;I;Q;R;D;H;E,G;C;M;T;B;I;Q;H;E,B;C;D;E;G;H;I;L;M;N;O;Q;R;T,u58f8,壸,U+58F8,,,GBMC,GC,kwan2,palace corridor or passageway,1,2,6,2,0.8,12,cj-217,10,
cj-218,cangjie,3,218,Lesson 218,第218課,G;B;T;C;L;M;N;O;I;Q;R;D;H;E,G;C;M;T;B;I;Q;H;E,B;C;D;E;G;H;I;L;M;N;O;Q;R;T,u58f9,壹,U+58F9,,,GBMT,GT,jat1,number one,1,2,6,2,0.8,12,cj-217,10,
cj-218,cangjie,3,218,Lesson 218,第218課,G;B;T;C;L;M;N;O;I;Q;R;D;H;E,G;C;M;T;B;I;Q;H;E,B;C;D;E;G;H;I;L;M;N;O;Q;R;T,u58fa,壺,U+58FA,,,GBLM,GM,wu4,"jar, pot, jug, vase; surname",1,2,6,2,0.8,12,cj-217,10,
cj-218,cangjie,3,218,Lesson 218,第218課,G;B;T;C;L;M;N;O;I;Q;R;D;H;E,G;C;M;T;B;I;Q;H;E,B;C;D;E;G;H;I;L;M;N;O;Q;R;T,u58fb,壻,U+58FB,,,GNOB,GB,sai3,son-in-law; husband,1,2,6,2,0.8,12,cj-217,10,
cj-218,cangjie,3,218,Lesson 218,第218課,G;B;T;C;L;M;N;O;I;Q;R;D;H;E,G;C;M;T;B;I;Q;H;E,B;C;D;E;G;H;I;L;M;N;O;Q;R;T,u58fc,壼,U+58FC,,,GBMM,GM,kwan2,palace corridor or passageway,1,2,6,2,0.8,12,cj-217,10,
cj-218,cangjie,3,218,Lesson 218,第218課,G;B;T;C;L;M;N;O;I;Q;R;D;H;E,G;C;M;T;B;I;Q;H;E,B;C;D;E;G;H;I;L;M;N;O;Q;R;T,u58fd,壽,U+58FD,,,GNMI,GI,sau6,"old age, long life; lifespan",1,2,6,2,0.8,12,cj-217,10,
cj-218,cangjie,3,218,Lesson 218,第218課,G;B;T;C;L;M;N;O;I;Q;R;D;H;E,G;C;M;T;B;I;Q;H;E,B;C;D;E;G;H;I;L;M;N;O;Q;R;T,u5900,夀,U+5900,,,QMRDI,QI,sau6,life; length of life; longevity,1,2,6,2,0.8,12,cj-217,10,
cj-218,cangjie,3,218,Lesson 218,第218課,G;B;T;C;L;M;N;O;I;Q;R;D;H;E,G;C;M;T;B;I;Q;H;E,B;C;D;E;G;H;I;L;M;N;O;Q;R;T,u5902,夂,U+5902,,,HE,HE,zi2,go; Kangxi radical 34,1,2,6,2,0.8,12,cj-217,10,
cj-219,cangjie,3,219,Lesson 219,第219課,H;E;O;Q;J;W;Y;C;I;G;A;M;U,H;O;Q;J;W;Y;E;I;G;M,A;C;E;G;H;I;J;M;O;Q;U;W;Y,u5904,处,U+5904,,,HEO,HO,cyu3,"place, locale; department",1,2,6,2,0.8,12,cj-218,10,
cj-219,cangjie,3,219,Lesson 219,第219課,H;E;O;Q;J;W;Y;C;I;G;A;M;U,H;O;Q;J;W;Y;E;I;G;M,A;C;E;G;H;I;J;M;O;Q;U;W;Y,u5905,夅,U+5905,,,HEQ,HQ,gong3,to descend; to come down from heaven. to send down,1,2,6,2,0.8,12,cj-218,10,
cj-219,cangjie,3,219,Lesson 219,第219課,H;E;O;Q;J;W;Y;C;I;G;A;M;U,H;O;Q;J;W;Y;E;I;G;M,A;C;E;G;H;I;J;M;O;Q;U;W;Y,u5906,夆,U+5906,,,HEQJ,HJ,fung1,resist,1,2,6,2,0.8,12,cj-218,10,
cj-219,cangjie,3,219,Lesson 219,第219課,H;E;O;Q;J;W;Y;C;I;G;A;M;U,H;O;Q;J;W;Y;E;I;G;M,A;C;E;G;H;I;J;M;O;Q;U;W;Y,u5907,备,U+5907,,,HEW,HW,bei6,"prepare, ready, perfect",1,2,6,2,0.8,12,cj-218,10,
cj-219,cangjie,3,219,Lesson 219,第219課,H;E;O;Q;J;W;Y;C;I;G;A;M;U,H;O;Q;J;W;Y;E;I;G;M,A;C;E;G;H;I;J;M;O;Q;U;W;Y,u5909,変,U+5909,,,YCHE,YE,bin3,"change, transform, alter; rebel",1,2,6,2,0.8,12,cj-218,10,
cj-219,cangjie,3,219,Lesson 219,第219課,H;E;O;Q;J;W;Y;C;I;G;A;M;U,H;O;Q;J;W;Y;E;I;G;M,A;C;E;G;H;I;J;M;O;Q;U;W;Y,u590a,夊,U+590A,,,HE,HE,seoi1,Kangxi radical 35; go slowly,1,2,6,2,0.8,12,cj-218,10,
cj-219,cangjie,3,219,Lesson 219,第219課,H;E;O;Q;J;W;Y;C;I;G;A;M;U,H;O;Q;J;W;Y;E;I;G;M,A;C;E;G;H;I;J;M;O;Q;U;W;Y,u590b,夋,U+590B,,,ICHE,IE,ceon1,to dawdle; the emperor Yao's father,1,2,6,2,0.8,12,cj-218,10,
cj-219,cangjie,3,219,Lesson 219,第219課,H;E;O;Q;J;W;Y;C;I;G;A;M;U,H;O;Q;J;W;Y;E;I;G;M,A;C;E;G;H;I;J;M;O;Q;U;W;Y,u590c,夌,U+590C,,,GCHE,GE,ling4,to dawdle; the name of the father of the Emperor Yao,1,2,6,2,0.8,12,cj-218,10,
cj-219,cangjie,3,219,Lesson 219,第219課,H;E;O;Q;J;W;Y;C;I;G;A;M;U,H;O;Q;J;W;Y;E;I;G;M,A;C;E;G;H;I;J;M;O;Q;U;W;Y,u590d,复,U+590D,,,OAHE,OE,fuk6,return; repeat; repeatedly,1,2,6,2,0.8,12,cj-218,10,
cj-219,cangjie,3,219,Lesson 219,第219課,H;E;O;Q;J;W;Y;C;I;G;A;M;U,H;O;Q;J;W;Y;E;I;G;M,A;C;E;G;H;I;J;M;O;Q;U;W;Y,u590f,夏,U+590F,,,MUHE,ME,haa6,"summer; great, grand, big",1,2,6,2,0.8,12,cj-218,10,
cj-220,cangjie,3,220,Lesson 220,第220課,N;B;U;E;M;C;H;T;I;Y;S;L,N;E;M;T;I;Y;U;L;H,B;C;E;H;I;L;M;N;S;T;U;Y,u5910,夐,U+5910,,,NBBUE,NE,hyun3,"long, faraway; pre-eminent",1,2,6,2,0.8,12,cj-219,10,
cj-220,cangjie,3,220,Lesson 220,第220課,N;B;U;E;M;C;H;T;I;Y;S;L,N;E;M;T;I;Y;U;L;H,B;C;E;H;I;L;M;N;S;T;U;Y,u5912,夒,U+5912,,,MCHE,ME,nou4,"a kind of monkey, macaque",1,2,6,2,0.8,12,cj-219,10,
cj-220,cangjie,3,220,Lesson 220,第220課,N;B;U;E;M;C;H;T;I;Y;S;L,N;E;M;T;I;Y;U;L;H,B;C;E;H;I;L;M;N;S;T;U;Y,u5914,夔,U+5914,,,TCHE,TE,kwai4,one-legged monster; walrus,1,2,6,2,0.8,12,cj-219,10,
cj-220,cangjie,3,220,Lesson 220,第220課,N;B;U;E;M;C;H;T;I;Y;S;L,N;E;M;T;I;Y;U;L;H,B;C;E;H;I;L;M;N;S;T;U;Y,u5915,夕,U+5915,,,NI,NI,zik6,"evening, night, dusk; slanted",1,2,6,2,0.8,12,cj-219,10,
cj-220,cangjie,3,220,Lesson 220,第220課,N;B;U;E;M;C;H;T;I;Y;S;L,N;E;M;T;I;Y;U;L;H,B;C;E;H;I;L;M;N;S;T;U;Y,u5916,外,U+5916,,,NIY,NY,ngoi6,"out, outside, external; foreign",1,2,6,2,0.8,12,cj-219,10,
cj-220,cangjie,3,220,Lesson 220,第220課,N;B;U;E;M;C;H;T;I;Y;S;L,N;E;M;T;I;Y;U;L;H,B;C;E;H;I;L;M;N;S;T;U;Y,u5917,夗,U+5917,,,NISU,NU,jyun3,to turn over when asleep,1,2,6,2,0.8,12,cj-219,10,
cj-220,cangjie,3,220,Lesson 220,第220課,N;B;U;E;M;C;H;T;I;Y;S;L,N;E;M;T;I;Y;U;L;H,B;C;E;H;I;L;M;N;S;T;U;Y,u5918,夘,U+5918,,,NISL,NL,maau5,fourth earthly branch,1,2,6,2,0.8,12,cj-219,10,
cj-220,cangjie,3,220,Lesson 220,第220課,N;B;U;E;M;C;H;T;I;Y;S;L,N;E;M;T;I;Y;U;L;H,B;C;E;H;I;L;M;N;S;T;U;Y,u5919,夙,U+5919,,,HNMNI,HI,suk1,"early in morning, dawn; previous",1,2,6,2,0.8,12,cj-219,10,
cj-220,cangjie,3,220,Lesson 220,第220課,N;B;U;E;M;C;H;T;I;Y;S;L,N;E;M;T;I;Y;U;L;H,B;C;E;H;I;L;M;N;S;T;U;Y,u591a,多,U+591A,,,NINI,NI,do1,"much, many; more than, over",1,2,6,2,0.8,12,cj-219,10,
cj-220,cangjie,3,220,Lesson 220,第220課,N;B;U;E;M;C;H;T;I;Y;S;L,N;E;M;T;I;Y;U;L;H,B;C;E;H;I;L;M;N;S;T;U;Y,u591b,夛,U+591B,,,NMMN,NN,do1,"much, many; more than, over",1,2,6,2,0.8,12,cj-219,10,
cj-221,cangjie,3,221,Lesson 221,第221課,Y;O;N;K;I;H;Q;M;P;R;T;W;L;J;C;D,Y;K;N;M;P;R;T;C;W,C;D;H;I;J;K;L;M;N;O;P;Q;R;T;W;Y,u591c,夜,U+591C,,,YONK,YK,je6,"night, dark; in night; by night",1,2,6,2,0.8,12,cj-220,10,
cj-221,cangjie,3,221,Lesson 221,第221課,Y;O;N;K;I;H;Q;M;P;R;T;W;L;J;C;D,Y;K;N;M;P;R;T;C;W,C;D;H;I;J;K;L;M;N;O;P;Q;R;T;W;Y,u591d,夝,U+591D,,,NIHQM,NM,cing4,(ancient form of 晴) clear weather,1,2,6,2,0.8,12,cj-220,10,
cj-221,cangjie,3,221,Lesson 221,第221課,Y;O;N;K;I;H;Q;M;P;R;T;W;L;J;C;D,Y;K;N;M;P;R;T;C;W,C;D;H;I;J;K;L;M;N;O;P;Q;R;T;W;Y,u591f,够,U+591F,,,PRNIN,PN,gau3,"enough, adequate",1,2,6,2,0.8,12,cj-220,10,
cj-221,cangjie,3,221,Lesson 221,第221課,Y;O;N;K;I;H;Q;M;P;R;T;W;L;J;C;D,Y;K;N;M;P;R;T;C;W,C;D;H;I;J;K;L;M;N;O;P;Q;R;T;W;Y,u5920,夠,U+5920,,,NNPR,NR,gau3,"enough, adequate",1,2,6,2,0.8,12,cj-220,10,
cj-221,cangjie,3,221,Lesson 221,第221課,Y;O;N;K;I;H;Q;M;P;R;T;W;L;J;C;D,Y;K;N;M;P;R;T;C;W,C;D;H;I;J;K;L;M;N;O;P;Q;R;T;W;Y,u5922,夢,U+5922,,,TWLN,TN,mung6,dream; visionary; wishful,1,2,6,2,0.8,12,cj-220,10,
cj-221,cangjie,3,221,Lesson 221,第221課,Y;O;N;K;I;H;Q;M;P;R;T;W;L;J;C;D,Y;K;N;M;P;R;T;C;W,C;D;H;I;J;K;L;M;N;O;P;Q;R;T;W;Y,u5923,夣,U+5923,,,YIWN,YN,mung6,a dream; to dream visionary; stupid,1,2,6,2,0.8,12,cj-220,10,
cj-221,cangjie,3,221,Lesson 221,第221課,Y;O;N;K;I;H;Q;M;P;R;T;W;L;J;C;D,Y;K;N;M;P;R;T;C;W,C;D;H;I;J;K;L;M;N;O;P;Q;R;T;W;Y,u5924,夤,U+5924,,,NIJMC,NC,jan4,distant place; remote; deep,1,2,6,2,0.8,12,cj-220,10,
cj-221,cangjie,3,221,Lesson 221,第221課,Y;O;N;K;I;H;Q;M;P;R;T;W;L;J;C;D,Y;K;N;M;P;R;T;C;W,C;D;H;I;J;K;L;M;N;O;P;Q;R;T;W;Y,u5925,夥,U+5925,,,WDNIN,WN,fo2,companion; partner; assistant,1,2,6,2,0.8,12,cj-220,10,
cj-221,cangjie,3,221,Lesson 221,第221課,Y;O;N;K;I;H;Q;M;P;R;T;W;L;J;C;D,Y;K;N;M;P;R;T;C;W,C;D;H;I;J;K;L;M;N;O;P;Q;R;T;W;Y,u5927,大,U+5927,,,K,K,daai6,"big, great, vast, large, high",1,2,6,2,0.8,12,cj-220,10,
cj-221,cangjie,3,221,Lesson 221,第221課,Y;O;N;K;I;H;Q;M;P;R;T;W;L;J;C;D,Y;K;N;M;P;R;T;C;W,C;D;H;I;J;K;L;M;N;O;P;Q;R;T;W;Y,u5929,天,U+5929,,,MK,MK,tin1,"sky, heaven; god, celestial",1,2,6,2,0.8,12,cj-220,10,
cj-222,cangjie,3,222,Lesson 222,第222課,K;I;Q;O;D;H;L;B;S;J;Y;N,K;I;Q;O;D;H;L;S;J;Y;N,B;D;H;I;J;K;L;N;O;Q;S;Y,u592a,太,U+592A,,,KI,KI,taai3,"very, too, much; big; extreme",1,2,6,2,0.8,12,cj-221,10,
cj-222,cangjie,3,222,Lesson 222,第222課,K;I;Q;O;D;H;L;B;S;J;Y;N,K;I;Q;O;D;H;L;S;J;Y;N,B;D;H;I;J;K;L;N;O;Q;S;Y,u592b,夫,U+592B,,,QO,QO,fu1,"man, male adult, husband; those",1,2,6,2,0.8,12,cj-221,10,
cj-222,cangjie,3,222,Lesson 222,第222課,K;I;Q;O;D;H;L;B;S;J;Y;N,K;I;Q;O;D;H;L;S;J;Y;N,B;D;H;I;J;K;L;N;O;Q;S;Y,u592c,夬,U+592C,,,DK,DK,gwaai3,parted; fork; certain; hexagram ䷪,1,2,6,2,0.8,12,cj-221,10,
cj-222,cangjie,3,222,Lesson 222,第222課,K;I;Q;O;D;H;L;B;S;J;Y;N,K;I;Q;O;D;H;L;S;J;Y;N,B;D;H;I;J;K;L;N;O;Q;S;Y,u592d,夭,U+592D,,,HK,HK,jiu1,"young, fresh-looking; die young",1,2,6,2,0.8,12,cj-221,10,
cj-222,cangjie,3,222,Lesson 222,第222課,K;I;Q;O;D;H;L;B;S;J;Y;N,K;I;Q;O;D;H;L;S;J;Y;N,B;D;H;I;J;K;L;N;O;Q;S;Y,u592e,央,U+592E,,,LBK,LK,joeng1,"center, conclude, run out; beg",1,2,6,2,0.8,12,cj-221,10,
cj-222,cangjie,3,222,Lesson 222,第222課,K;I;Q;O;D;H;L;B;S;J;Y;N,K;I;Q;O;D;H;L;S;J;Y;N,B;D;H;I;J;K;L;N;O;Q;S;Y,u592f,夯,U+592F,,,KKS,KS,haang1,"heavy load, burden; lift up",1,2,6,2,0.8,12,cj-221,10,
cj-222,cangjie,3,222,Lesson 222,第222課,K;I;Q;O;D;H;L;B;S;J;Y;N,K;I;Q;O;D;H;L;S;J;Y;N,B;D;H;I;J;K;L;N;O;Q;S;Y,u5931,失,U+5931,,,HQO,HO,sat1,"lose; make mistake, neglect",1,2,6,2,0.8,12,cj-221,10,
cj-222,cangjie,3,222,Lesson 222,第222課,K;I;Q;O;D;H;L;B;S;J;Y;N,K;I;Q;O;D;H;L;S;J;Y;N,B;D;H;I;J;K;L;N;O;Q;S;Y,u5932,夲,U+5932,,,KJ,KJ,tou1,"advance quickly; to go back and forth; origin, source",1,2,6,2,0.8,12,cj-221,10,
cj-222,cangjie,3,222,Lesson 222,第222課,K;I;Q;O;D;H;L;B;S;J;Y;N,K;I;Q;O;D;H;L;S;J;Y;N,B;D;H;I;J;K;L;N;O;Q;S;Y,u5934,头,U+5934,,,YK,YK,tau4,"head; top; chief, first; boss",1,2,6,2,0.8,12,cj-221,10,
cj-222,cangjie,3,222,Lesson 222,第222課,K;I;Q;O;D;H;L;B;S;J;Y;N,K;I;Q;O;D;H;L;S;J;Y;N,B;D;H;I;J;K;L;N;O;Q;S;Y,u5937,夷,U+5937,,,KN,KN,ji4,ancient barbarian tribes,1,2,6,2,0.8,12,cj-221,10,
cj-223,cangjie,3,223,Lesson 223,第223課,K;M;S;T;D;I;R;L;O;F;N;B;W;U,K;S;T;I;R;L;O;M;N;U,B;D;F;I;K;L;M;N;O;R;S;T;U;W,u5938,夸,U+5938,,,KMMS,KS,kwaa1,"extravagant, luxurious; handsome",1,2,6,2,0.8,12,cj-222,10,
cj-223,cangjie,3,223,Lesson 223,第223課,K;M;S;T;D;I;R;L;O;F;N;B;W;U,K;S;T;I;R;L;O;M;N;U,B;D;F;I;K;L;M;N;O;R;S;T;U;W,u5939,夹,U+5939,,,KT,KT,gaap3,be wedged or inserted between,1,2,6,2,0.8,12,cj-222,10,
cj-223,cangjie,3,223,Lesson 223,第223課,K;M;S;T;D;I;R;L;O;F;N;B;W;U,K;S;T;I;R;L;O;M;N;U,B;D;F;I;K;L;M;N;O;R;S;T;U;W,u593a,夺,U+593A,,,KDI,KI,dyut6,"take by force, rob, snatch",1,2,6,2,0.8,12,cj-222,10,
cj-223,cangjie,3,223,Lesson 223,第223課,K;M;S;T;D;I;R;L;O;F;N;B;W;U,K;S;T;I;R;L;O;M;N;U,B;D;F;I;K;L;M;N;O;R;S;T;U;W,u593b,夻,U+593B,,,KR,KR,ng4,fish name,1,2,6,2,0.8,12,cj-222,10,
cj-223,cangjie,3,223,Lesson 223,第223課,K;M;S;T;D;I;R;L;O;F;N;B;W;U,K;S;T;I;R;L;O;M;N;U,B;D;F;I;K;L;M;N;O;R;S;T;U;W,u593c,夼,U+593C,,,KLLL,KL,kwong3,"low or swampy land, most often used in place names",1,2,6,2,0.8,12,cj-222,10,
cj-223,cangjie,3,223,Lesson 223,第223課,K;M;S;T;D;I;R;L;O;F;N;B;W;U,K;S;T;I;R;L;O;M;N;U,B;D;F;I;K;L;M;N;O;R;S;T;U;W,u593e,夾,U+593E,,,KOO,KO,gaap3,be wedged or inserted between,1,2,6,2,0.8,12,cj-222,10,
cj-223,cangjie,3,223,Lesson 223,第223課,K;M;S;T;D;I;R;L;O;F;N;B;W;U,K;S;T;I;R;L;O;M;N;U,B;D;F;I;K;L;M;N;O;R;S;T;U;W,u5940,奀,U+5940,,,MFK,MK,ngan1,"(Cant.) skinny, tiny; to jerk, dangle",1,2,6,2,0.8,12,cj-222,10,
cj-223,cangjie,3,223,Lesson 223,第223課,K;M;S;T;D;I;R;L;O;F;N;B;W;U,K;S;T;I;R;L;O;M;N;U,B;D;F;I;K;L;M;N;O;R;S;T;U;W,u5941,奁,U+5941,,,KSK,KK,lim4,lady's vanity case; trousseau,1,2,6,2,0.8,12,cj-222,10,
cj-223,cangjie,3,223,Lesson 223,第223課,K;M;S;T;D;I;R;L;O;F;N;B;W;U,K;S;T;I;R;L;O;M;N;U,B;D;F;I;K;L;M;N;O;R;S;T;U;W,u5942,奂,U+5942,,,NBK,NK,wun6,"be numerous, brilliant",1,2,6,2,0.8,12,cj-222,10,
cj-223,cangjie,3,223,Lesson 223,第223課,K;M;S;T;D;I;R;L;O;F;N;B;W;U,K;S;T;I;R;L;O;M;N;U,B;D;F;I;K;L;M;N;O;R;S;T;U;W,u5944,奄,U+5944,,,KLWU,KU,jim2,"ere long; remain, tarry; feeble",1,2,6,2,0.8,12,cj-222,10,
cj-224,cangjie,3,224,Lesson 224,第224課,K;H;L;M;N;R;F;Q;W;Y;G;B,K;L;R;F;Q;W;Y;G;N,B;F;G;H;K;L;M;N;Q;R;W;Y,u5945,奅,U+5945,,,KHHL,KL,paau3,imaginary; (Cant.) a lie,1,2,6,2,0.8,12,cj-223,10,
cj-224,cangjie,3,224,Lesson 224,第224課,K;H;L;M;N;R;F;Q;W;Y;G;B,K;L;R;F;Q;W;Y;G;N,B;F;G;H;K;L;M;N;Q;R;W;Y,u5947,奇,U+5947,,,KMNR,KR,kei4,"strange, unusual, uncanny, occult",1,2,6,2,0.8,12,cj-223,10,
cj-224,cangjie,3,224,Lesson 224,第224課,K;H;L;M;N;R;F;Q;W;Y;G;B,K;L;R;F;Q;W;Y;G;N,B;F;G;H;K;L;M;N;Q;R;W;Y,u5948,奈,U+5948,,,KMMF,KF,noi6,"but, how; bear, stand, endure",1,2,6,2,0.8,12,cj-223,10,
cj-224,cangjie,3,224,Lesson 224,第224課,K;H;L;M;N;R;F;Q;W;Y;G;B,K;L;R;F;Q;W;Y;G;N,B;F;G;H;K;L;M;N;Q;R;W;Y,u5949,奉,U+5949,,,QKQ,QQ,fung6,offer; receive; serve; respect,1,2,6,2,0.8,12,cj-223,10,
cj-224,cangjie,3,224,Lesson 224,第224課,K;H;L;M;N;R;F;Q;W;Y;G;B,K;L;R;F;Q;W;Y;G;N,B;F;G;H;K;L;M;N;Q;R;W;Y,u594b,奋,U+594B,,,KW,KW,fan5,"strive, exert effort; arouse",1,2,6,2,0.8,12,cj-223,10,
cj-224,cangjie,3,224,Lesson 224,第224課,K;H;L;M;N;R;F;Q;W;Y;G;B,K;L;R;F;Q;W;Y;G;N,B;F;G;H;K;L;M;N;Q;R;W;Y,u594c,奌,U+594C,,,YRK,YK,dim2,"dot, speck, spot; point, degree",1,2,6,2,0.8,12,cj-223,10,
cj-224,cangjie,3,224,Lesson 224,第224課,K;H;L;M;N;R;F;Q;W;Y;G;B,K;L;R;F;Q;W;Y;G;N,B;F;G;H;K;L;M;N;Q;R;W;Y,u594e,奎,U+594E,,,KGG,KG,fui1,"stride of man; 15th lunar mansion, determinative star η Andromedae",1,2,6,2,0.8,12,cj-223,10,
cj-224,cangjie,3,224,Lesson 224,第224課,K;H;L;M;N;R;F;Q;W;Y;G;B,K;L;R;F;Q;W;Y;G;N,B;F;G;H;K;L;M;N;Q;R;W;Y,u594f,奏,U+594F,,,QKHK,QK,zau3,memorialize emperor; report,1,2,6,2,0.8,12,cj-223,10,
cj-224,cangjie,3,224,Lesson 224,第224課,K;H;L;M;N;R;F;Q;W;Y;G;B,K;L;R;F;Q;W;Y;G;N,B;F;G;H;K;L;M;N;Q;R;W;Y,u5950,奐,U+5950,,,NBK,NK,wun6,"be numerous, brilliant",1,2,6,2,0.8,12,cj-223,10,
cj-224,cangjie,3,224,Lesson 224,第224課,K;H;L;M;N;R;F;Q;W;Y;G;B,K;L;R;F;Q;W;Y;G;N,B;F;G;H;K;L;M;N;Q;R;W;Y,u5951,契,U+5951,,,QHK,QK,kai3,"deed, contract, bond; engrave",1,2,6,2,0.8,12,cj-223,10,
cj-225,cangjie,3,225,Lesson 225,第225課,K;N;I;J;T;Y;C;L;S;M;V;G;B;A;R,K;N;T;Y;L;I;V;B;R,A;B;C;G;I;J;K;L;M;N;R;S;T;V;Y,u5953,奓,U+5953,,,KNIN,KN,zaa3,extravagant,1,2,6,2,0.8,12,cj-224,10,
cj-225,cangjie,3,225,Lesson 225,第225課,K;N;I;J;T;Y;C;L;S;M;V;G;B;A;R,K;N;T;Y;L;I;V;B;R,A;B;C;G;I;J;K;L;M;N;R;S;T;V;Y,u5954,奔,U+5954,,,KJT,KT,ban1,"run fast, flee; rush about; run",1,2,6,2,0.8,12,cj-224,10,
cj-225,cangjie,3,225,Lesson 225,第225課,K;N;I;J;T;Y;C;L;S;M;V;G;B;A;R,K;N;T;Y;L;I;V;B;R,A;B;C;G;I;J;K;L;M;N;R;S;T;V;Y,u5955,奕,U+5955,,,YCK,YK,jik6,"in sequence, orderly; abundant",1,2,6,2,0.8,12,cj-224,10,
cj-225,cangjie,3,225,Lesson 225,第225課,K;N;I;J;T;Y;C;L;S;M;V;G;B;A;R,K;N;T;Y;L;I;V;B;R,A;B;C;G;I;J;K;L;M;N;R;S;T;V;Y,u5956,奖,U+5956,,,LNK,LK,zoeng2,"prize, reward; give award to",1,2,6,2,0.8,12,cj-224,10,
cj-225,cangjie,3,225,Lesson 225,第225課,K;N;I;J;T;Y;C;L;S;M;V;G;B;A;R,K;N;T;Y;L;I;V;B;R,A;B;C;G;I;J;K;L;M;N;R;S;T;V;Y,u5957,套,U+5957,,,KSMI,KI,tou3,"case, cover, wrapper, envelope",1,2,6,2,0.8,12,cj-224,10,
cj-225,cangjie,3,225,Lesson 225,第225課,K;N;I;J;T;Y;C;L;S;M;V;G;B;A;R,K;N;T;Y;L;I;V;B;R,A;B;C;G;I;J;K;L;M;N;R;S;T;V;Y,u5958,奘,U+5958,,,VGK,VK,zong6,"large, powerful, stout, thick",1,2,6,2,0.8,12,cj-224,10,
cj-225,cangjie,3,225,Lesson 225,第225課,K;N;I;J;T;Y;C;L;S;M;V;G;B;A;R,K;N;T;Y;L;I;V;B;R,A;B;C;G;I;J;K;L;M;N;R;S;T;V;Y,u595a,奚,U+595A,,,BVIK,BK,hai4,where? what? how? why?; servant,1,2,6,2,0.8,12,cj-224,10,
cj-225,cangjie,3,225,Lesson 225,第225課,K;N;I;J;T;Y;C;L;S;M;V;G;B;A;R,K;N;T;Y;L;I;V;B;R,A;B;C;G;I;J;K;L;M;N;R;S;T;V;Y,u595b,奛,U+595B,,,KAB,KB,kong3,"opening, radiant",1,2,6,2,0.8,12,cj-224,10,
cj-225,cangjie,3,225,Lesson 225,第225課,K;N;I;J;T;Y;C;L;S;M;V;G;B;A;R,K;N;T;Y;L;I;V;B;R,A;B;C;G;I;J;K;L;M;N;R;S;T;V;Y,u595c,奜,U+595C,,,LYK,LK,fei2,big,1,2,6,2,0.8,12,cj-224,10,
cj-225,cangjie,3,225,Lesson 225,第225課,K;N;I;J;T;Y;C;L;S;M;V;G;B;A;R,K;N;T;Y;L;I;V;B;R,A;B;C;G;I;J;K;L;M;N;R;S;T;V;Y,u595d,奝,U+595D,,,KBGR,KR,diu1,large,1,2,6,2,0.8,12,cj-224,10,
cj-226,cangjie,3,226,Lesson 226,第226課,K;O;G;T;W;M;U;L;J;A;H;B;I;S;R;E,K;G;T;M;L;A;H;R;I,A;B;E;G;H;I;J;K;L;M;O;R;S;T;U;W,u595e,奞,U+595E,,,KOG,KG,seon3,the stride made by a man,1,2,6,2,0.8,12,cj-225,10,
cj-226,cangjie,3,226,Lesson 226,第226課,K;O;G;T;W;M;U;L;J;A;H;B;I;S;R;E,K;G;T;M;L;A;H;R;I,A;B;E;G;H;I;J;K;L;M;O;R;S;T;U;W,u5960,奠,U+5960,,,TWK,TK,din6,pay respect; settle,1,2,6,2,0.8,12,cj-225,10,
cj-226,cangjie,3,226,Lesson 226,第226課,K;O;G;T;W;M;U;L;J;A;H;B;I;S;R;E,K;G;T;M;L;A;H;R;I,A;B;E;G;H;I;J;K;L;M;O;R;S;T;U;W,u5961,奡,U+5961,,,MUKLL,ML,ngou6,arrogant,1,2,6,2,0.8,12,cj-225,10,
cj-226,cangjie,3,226,Lesson 226,第226課,K;O;G;T;W;M;U;L;J;A;H;B;I;S;R;E,K;G;T;M;L;A;H;R;I,A;B;E;G;H;I;J;K;L;M;O;R;S;T;U;W,u5962,奢,U+5962,,,KJKA,KA,ce1,"extravagant, wasteful; exaggerate",1,2,6,2,0.8,12,cj-225,10,
cj-226,cangjie,3,226,Lesson 226,第226課,K;O;G;T;W;M;U;L;J;A;H;B;I;S;R;E,K;G;T;M;L;A;H;R;I,A;B;E;G;H;I;J;K;L;M;O;R;S;T;U;W,u5965,奥,U+5965,,,HBK,HK,ou3,"mysterious, obscure, profound",1,2,6,2,0.8,12,cj-225,10,
cj-226,cangjie,3,226,Lesson 226,第226課,K;O;G;T;W;M;U;L;J;A;H;B;I;S;R;E,K;G;T;M;L;A;H;R;I,A;B;E;G;H;I;J;K;L;M;O;R;S;T;U;W,u5967,奧,U+5967,,,HBK,HK,ou3,"mysterious, obscure, profound",1,2,6,2,0.8,12,cj-225,10,
cj-226,cangjie,3,226,Lesson 226,第226課,K;O;G;T;W;M;U;L;J;A;H;B;I;S;R;E,K;G;T;M;L;A;H;R;I,A;B;E;G;H;I;J;K;L;M;O;R;S;T;U;W,u5968,奨,U+5968,,,LIK,LK,zoeng2,"prize, reward; give award to",1,2,6,2,0.8,12,cj-225,10,
cj-226,cangjie,3,226,Lesson 226,第226課,K;O;G;T;W;M;U;L;J;A;H;B;I;S;R;E,K;G;T;M;L;A;H;R;I,A;B;E;G;H;I;J;K;L;M;O;R;S;T;U;W,u5969,奩,U+5969,,,KSRR,KR,lim4,lady's vanity case; trousseau,1,2,6,2,0.8,12,cj-225,10,
cj-226,cangjie,3,226,Lesson 226,第226課,K;O;G;T;W;M;U;L;J;A;H;B;I;S;R;E,K;G;T;M;L;A;H;R;I,A;B;E;G;H;I;J;K;L;M;O;R;S;T;U;W,u596a,奪,U+596A,,,KOGI,KI,dyut6,"take by force, rob, snatch",1,2,6,2,0.8,12,cj-225,10,
cj-226,cangjie,3,226,Lesson 226,第226課,K;O;G;T;W;M;U;L;J;A;H;B;I;S;R;E,K;G;T;M;L;A;H;R;I,A;B;E;G;H;I;J;K;L;M;O;R;S;T;U;W,u596b,奫,U+596B,,,KELL,KL,wan1,deep and broad (expanse of water); abyss,1,2,6,2,0.8,12,cj-225,10,
cj-227,cangjie,3,227,Lesson 227,第227課,V;I;K;M;A;O;G;W;L;E;N;H;S;J;P;D,V;K;A;W;E;S;J;D;P,A;D;E;G;H;I;J;K;L;M;N;O;P;S;V;W,u596c,奬,U+596C,,,VIK,VK,zoeng2,"prize, reward; give award to",1,2,6,2,0.8,12,cj-226,10,
cj-227,cangjie,3,227,Lesson 227,第227課,V;I;K;M;A;O;G;W;L;E;N;H;S;J;P;D,V;K;A;W;E;S;J;D;P,A;D;E;G;H;I;J;K;L;M;N;O;P;S;V;W,u596d,奭,U+596D,,,KMAA,KA,sik1,red; anger; ire; surname,1,2,6,2,0.8,12,cj-226,10,
cj-227,cangjie,3,227,Lesson 227,第227課,V;I;K;M;A;O;G;W;L;E;N;H;S;J;P;D,V;K;A;W;E;S;J;D;P,A;D;E;G;H;I;J;K;L;M;N;O;P;S;V;W,u596e,奮,U+596E,,,KOGW,KW,fan5,"strive, exert effort; arouse",1,2,6,2,0.8,12,cj-226,10,
cj-227,cangjie,3,227,Lesson 227,第227課,V;I;K;M;A;O;G;W;L;E;N;H;S;J;P;D,V;K;A;W;E;S;J;D;P,A;D;E;G;H;I;J;K;L;M;N;O;P;S;V;W,u5970,奰,U+5970,,,WLWWK,WK,bei6,anger,1,2,6,2,0.8,12,cj-226,10,
cj-227,cangjie,3,227,Lesson 227,第227課,V;I;K;M;A;O;G;W;L;E;N;H;S;J;P;D,V;K;A;W;E;S;J;D;P,A;D;E;G;H;I;J;K;L;M;N;O;P;S;V;W,u5973,女,U+5973,,,V,V,neoi5,"woman, girl; feminine; Kangxi radical 38; 10th lunar mansion, determinative star ε Aquarii (Albali)",1,2,6,2,0.8,12,cj-226,10,
cj-227,cangjie,3,227,Lesson 227,第227課,V;I;K;M;A;O;G;W;L;E;N;H;S;J;P;D,V;K;A;W;E;S;J;D;P,A;D;E;G;H;I;J;K;L;M;N;O;P;S;V;W,u5974,奴,U+5974,,,VE,VE,nou4,"slave, servant",1,2,6,2,0.8,12,cj-226,10,
cj-227,cangjie,3,227,Lesson 227,第227課,V;I;K;M;A;O;G;W;L;E;N;H;S;J;P;D,V;K;A;W;E;S;J;D;P,A;D;E;G;H;I;J;K;L;M;N;O;P;S;V;W,u5976,奶,U+5976,,,VNHS,VS,naai5,milk; woman's breasts; nurse,1,2,6,2,0.8,12,cj-226,10,
cj-227,cangjie,3,227,Lesson 227,第227課,V;I;K;M;A;O;G;W;L;E;N;H;S;J;P;D,V;K;A;W;E;S;J;D;P,A;D;E;G;H;I;J;K;L;M;N;O;P;S;V;W,u5978,奸,U+5978,,,VMJ,VJ,gaan1,"crafty, villainous, false",1,2,6,2,0.8,12,cj-226,10,
cj-227,cangjie,3,227,Lesson 227,第227課,V;I;K;M;A;O;G;W;L;E;N;H;S;J;P;D,V;K;A;W;E;S;J;D;P,A;D;E;G;H;I;J;K;L;M;N;O;P;S;V;W,u5979,她,U+5979,,,VPD,VD,taa1,"she, her",1,2,6,2,0.8,12,cj-226,10,
cj-227,cangjie,3,227,Lesson 227,第227課,V;I;K;M;A;O;G;W;L;E;N;H;S;J;P;D,V;K;A;W;E;S;J;D;P,A;D;E;G;H;I;J;K;L;M;N;O;P;S;V;W,u597c,奼,U+597C,,,VHP,VP,caa3,"beautiful, colorful; girl",1,2,6,2,0.8,12,cj-226,10,
cj-228,cangjie,3,228,Lesson 228,第228課,V;N;D;P;I;R;S;U;Y;L;M;H;G;T,V;D;I;R;U;Y;L;M;G;T,D;G;H;I;L;M;N;P;R;S;T;U;V;Y,u597d,好,U+597D,,,VND,VD,hou2,"good, excellent, fine; well",1,2,6,2,0.8,12,cj-227,10,
cj-228,cangjie,3,228,Lesson 228,第228課,V;N;D;P;I;R;S;U;Y;L;M;H;G;T,V;D;I;R;U;Y;L;M;G;T,D;G;H;I;L;M;N;P;R;S;T;U;V;Y,u5981,妁,U+5981,,,VPI,VI,zoek3,act as go-between,1,2,6,2,0.8,12,cj-227,10,
cj-228,cangjie,3,228,Lesson 228,第228課,V;N;D;P;I;R;S;U;Y;L;M;H;G;T,V;D;I;R;U;Y;L;M;G;T,D;G;H;I;L;M;N;P;R;S;T;U;V;Y,u5982,如,U+5982,,,VR,VR,jyu4,"if, supposing; as if; like, as",1,2,6,2,0.8,12,cj-227,10,
cj-228,cangjie,3,228,Lesson 228,第228課,V;N;D;P;I;R;S;U;Y;L;M;H;G;T,V;D;I;R;U;Y;L;M;G;T,D;G;H;I;L;M;N;P;R;S;T;U;V;Y,u5983,妃,U+5983,,,VSU,VU,fei1,"wife, spouse; imperial concubine",1,2,6,2,0.8,12,cj-227,10,
cj-228,cangjie,3,228,Lesson 228,第228課,V;N;D;P;I;R;S;U;Y;L;M;H;G;T,V;D;I;R;U;Y;L;M;G;T,D;G;H;I;L;M;N;P;R;S;T;U;V;Y,u5984,妄,U+5984,,,YVV,YV,mong5,"absurd, foolish, reckless; false",1,2,6,2,0.8,12,cj-227,10,
cj-228,cangjie,3,228,Lesson 228,第228課,V;N;D;P;I;R;S;U;Y;L;M;H;G;T,V;D;I;R;U;Y;L;M;G;T,D;G;H;I;L;M;N;P;R;S;T;U;V;Y,u5986,妆,U+5986,,,LMV,LV,zong1,"to adorn oneself, dress up, use make-up",1,2,6,2,0.8,12,cj-227,10,
cj-228,cangjie,3,228,Lesson 228,第228課,V;N;D;P;I;R;S;U;Y;L;M;H;G;T,V;D;I;R;U;Y;L;M;G;T,D;G;H;I;L;M;N;P;R;S;T;U;V;Y,u5987,妇,U+5987,,,VSM,VM,fu5,married women; woman; wife,1,2,6,2,0.8,12,cj-227,10,
cj-228,cangjie,3,228,Lesson 228,第228課,V;N;D;P;I;R;S;U;Y;L;M;H;G;T,V;D;I;R;U;Y;L;M;G;T,D;G;H;I;L;M;N;P;R;S;T;U;V;Y,u5988,妈,U+5988,,,VNVM,VM,maa1,"mother, mama",1,2,6,2,0.8,12,cj-227,10,
cj-228,cangjie,3,228,Lesson 228,第228課,V;N;D;P;I;R;S;U;Y;L;M;H;G;T,V;D;I;R;U;Y;L;M;G;T,D;G;H;I;L;M;N;P;R;S;T;U;V;Y,u598a,妊,U+598A,,,VHG,VG,jam4,"conceive, be pregnant",1,2,6,2,0.8,12,cj-227,10,
cj-228,cangjie,3,228,Lesson 228,第228課,V;N;D;P;I;R;S;U;Y;L;M;H;G;T,V;D;I;R;U;Y;L;M;G;T,D;G;H;I;L;M;N;P;R;S;T;U;V;Y,u598d,妍,U+598D,,,VMT,VT,jin4,"beautiful, handsome; seductive",1,2,6,2,0.8,12,cj-227,10,
cj-229,cangjie,3,229,Lesson 229,第229課,V;O;L;H;S;J;E;K;I;N;M;F;G;B,V;L;S;E;K;N;I;H;G;B,B;E;F;G;H;I;J;K;L;M;N;O;S;V,u598e,妎,U+598E,,,VOLL,VL,hoi6,"jealous, jealousy",1,2,6,2,0.8,12,cj-228,10,
cj-229,cangjie,3,229,Lesson 229,第229課,V;O;L;H;S;J;E;K;I;N;M;F;G;B,V;L;S;E;K;N;I;H;G;B,B;E;F;G;H;I;J;K;L;M;N;O;S;V,u5992,妒,U+5992,,,VHS,VS,dou3,"jealous, envious",1,2,6,2,0.8,12,cj-228,10,
cj-229,cangjie,3,229,Lesson 229,第229課,V;O;L;H;S;J;E;K;I;N;M;F;G;B,V;L;S;E;K;N;I;H;G;B,B;E;F;G;H;I;J;K;L;M;N;O;S;V,u5993,妓,U+5993,,,VJE,VE,gei6,prostitute,1,2,6,2,0.8,12,cj-228,10,
cj-229,cangjie,3,229,Lesson 229,第229課,V;O;L;H;S;J;E;K;I;N;M;F;G;B,V;L;S;E;K;N;I;H;G;B,B;E;F;G;H;I;J;K;L;M;N;O;S;V,u5996,妖,U+5996,,,VHK,VK,jiu1,"strange, weird, supernatural",1,2,6,2,0.8,12,cj-228,10,
cj-229,cangjie,3,229,Lesson 229,第229課,V;O;L;H;S;J;E;K;I;N;M;F;G;B,V;L;S;E;K;N;I;H;G;B,B;E;F;G;H;I;J;K;L;M;N;O;S;V,u5997,妗,U+5997,,,VOIN,VN,kam5,wife of mother's brother,1,2,6,2,0.8,12,cj-228,10,
cj-229,cangjie,3,229,Lesson 229,第229課,V;O;L;H;S;J;E;K;I;N;M;F;G;B,V;L;S;E;K;N;I;H;G;B,B;E;F;G;H;I;J;K;L;M;N;O;S;V,u5998,妘,U+5998,,,VMMI,VI,wan4,surname,1,2,6,2,0.8,12,cj-228,10,
cj-229,cangjie,3,229,Lesson 229,第229課,V;O;L;H;S;J;E;K;I;N;M;F;G;B,V;L;S;E;K;N;I;H;G;B,B;E;F;G;H;I;J;K;L;M;N;O;S;V,u5999,妙,U+5999,,,VFH,VH,miu6,"mysterious, subtle; exquisite",1,2,6,2,0.8,12,cj-228,10,
cj-229,cangjie,3,229,Lesson 229,第229課,V;O;L;H;S;J;E;K;I;N;M;F;G;B,V;L;S;E;K;N;I;H;G;B,B;E;F;G;H;I;J;K;L;M;N;O;S;V,u599d,妝,U+599D,,,VMV,VV,zong1,"to adorn oneself, dress up, use make-up",1,2,6,2,0.8,12,cj-228,10,
cj-229,cangjie,3,229,Lesson 229,第229課,V;O;L;H;S;J;E;K;I;N;M;F;G;B,V;L;S;E;K;N;I;H;G;B,B;E;F;G;H;I;J;K;L;M;N;O;S;V,u599e,妞,U+599E,,,VNG,VG,nau2,girl,1,2,6,2,0.8,12,cj-228,10,
cj-229,cangjie,3,229,Lesson 229,第229課,V;O;L;H;S;J;E;K;I;N;M;F;G;B,V;L;S;E;K;N;I;H;G;B,B;E;F;G;H;I;J;K;L;M;N;O;S;V,u59a0,妠,U+59A0,,,VOB,VB,naap6,"(Cant.) to collect, seize, grab",1,2,6,2,0.8,12,cj-228,10,
cj-230,cangjie,3,230,Lesson 230,第230課,V;P;N;I;B;Y;H;S;M;K;U;R;L;W,V;P;N;B;S;U;K;R;W,B;H;I;K;L;M;N;P;R;S;U;V;W;Y,u59a3,妣,U+59A3,,,VPP,VP,bei2,one's deceased mother,1,2,6,2,0.8,12,cj-229,10,
cj-230,cangjie,3,230,Lesson 230,第230課,V;P;N;I;B;Y;H;S;M;K;U;R;L;W,V;P;N;B;S;U;K;R;W,B;H;I;K;L;M;N;P;R;S;U;V;W;Y,u59a4,妤,U+59A4,,,VNIN,VN,jyu4,"beautiful, fair, handsome",1,2,6,2,0.8,12,cj-229,10,
cj-230,cangjie,3,230,Lesson 230,第230課,V;P;N;I;B;Y;H;S;M;K;U;R;L;W,V;P;N;B;S;U;K;R;W,B;H;I;K;L;M;N;P;R;S;U;V;W;Y,u59a5,妥,U+59A5,,,BV,BV,to5,"satisfactory, appropriate",1,2,6,2,0.8,12,cj-229,10,
cj-230,cangjie,3,230,Lesson 230,第230課,V;P;N;I;B;Y;H;S;M;K;U;R;L;W,V;P;N;B;S;U;K;R;W,B;H;I;K;L;M;N;P;R;S;U;V;W;Y,u59a8,妨,U+59A8,,,VYHS,VS,fong4,"interfere with, impede, obstruct",1,2,6,2,0.8,12,cj-229,10,
cj-230,cangjie,3,230,Lesson 230,第230課,V;P;N;I;B;Y;H;S;M;K;U;R;L;W,V;P;N;B;S;U;K;R;W,B;H;I;K;L;M;N;P;R;S;U;V;W;Y,u59a9,妩,U+59A9,,,VMKU,VU,mou5,"charming, enchanting",1,2,6,2,0.8,12,cj-229,10,
cj-230,cangjie,3,230,Lesson 230,第230課,V;P;N;I;B;Y;H;S;M;K;U;R;L;W,V;P;N;B;S;U;K;R;W,B;H;I;K;L;M;N;P;R;S;U;V;W;Y,u59aa,妪,U+59AA,,,VSK,VK,jyu3,"old woman, hag",1,2,6,2,0.8,12,cj-229,10,
cj-230,cangjie,3,230,Lesson 230,第230課,V;P;N;I;B;Y;H;S;M;K;U;R;L;W,V;P;N;B;S;U;K;R;W,B;H;I;K;L;M;N;P;R;S;U;V;W;Y,u59ab,妫,U+59AB,,,VIKS,VS,gwai1,family name,1,2,6,2,0.8,12,cj-229,10,
cj-230,cangjie,3,230,Lesson 230,第230課,V;P;N;I;B;Y;H;S;M;K;U;R;L;W,V;P;N;B;S;U;K;R;W,B;H;I;K;L;M;N;P;R;S;U;V;W;Y,u59ac,妬,U+59AC,,,VMR,VR,dou3,"jealous, envious",1,2,6,2,0.8,12,cj-229,10,
cj-230,cangjie,3,230,Lesson 230,第230課,V;P;N;I;B;Y;H;S;M;K;U;R;L;W,V;P;N;B;S;U;K;R;W,B;H;I;K;L;M;N;P;R;S;U;V;W;Y,u59ae,妮,U+59AE,,,VSP,VP,nei4,"maid, servant girl; cute girl",1,2,6,2,0.8,12,cj-229,10,
cj-230,cangjie,3,230,Lesson 230,第230課,V;P;N;I;B;Y;H;S;M;K;U;R;L;W,V;P;N;B;S;U;K;R;W,B;H;I;K;L;M;N;P;R;S;U;V;W;Y,u59af,妯,U+59AF,,,VLW,VW,zuk6,wives of one's brothers; sister-i,1,2,6,2,0.8,12,cj-229,10,
cj-231,cangjie,3,231,Lesson 231,第231課,V;A;M;N;F;Y;G;H;Q;O;R;J;D;L;T;P,V;M;F;G;O;R;D;J;Y,A;D;F;G;H;J;L;M;N;O;P;Q;R;T;V;Y,u59b2,妲,U+59B2,,,VAM,VM,daat3,concubine of last ruler of the Shang dynasty,1,2,6,2,0.8,12,cj-230,10,
cj-231,cangjie,3,231,Lesson 231,第231課,V;A;M;N;F;Y;G;H;Q;O;R;J;D;L;T;P,V;M;F;G;O;R;D;J;Y,A;D;F;G;H;J;L;M;N;O;P;Q;R;T;V;Y,u59b3,妳,U+59B3,,,VNF,VF,nei5,you (female),1,2,6,2,0.8,12,cj-230,10,
cj-231,cangjie,3,231,Lesson 231,第231課,V;A;M;N;F;Y;G;H;Q;O;R;J;D;L;T;P,V;M;F;G;O;R;D;J;Y,A;D;F;G;H;J;L;M;N;O;P;Q;R;T;V;Y,u59b5,妵,U+59B5,,,VYG,VG,tau2,person's name,1,2,6,2,0.8,12,cj-230,10,
cj-231,cangjie,3,231,Lesson 231,第231課,V;A;M;N;F;Y;G;H;Q;O;R;J;D;L;T;P,V;M;F;G;O;R;D;J;Y,A;D;F;G;H;J;L;M;N;O;P;Q;R;T;V;Y,u59b7,妷,U+59B7,,,VHQO,VO,zat6,brother's child; debauchery,1,2,6,2,0.8,12,cj-230,10,
cj-231,cangjie,3,231,Lesson 231,第231課,V;A;M;N;F;Y;G;H;Q;O;R;J;D;L;T;P,V;M;F;G;O;R;D;J;Y,A;D;F;G;H;J;L;M;N;O;P;Q;R;T;V;Y,u59b8,妸,U+59B8,,,VMNR,VR,o2,person,1,2,6,2,0.8,12,cj-230,10,
cj-231,cangjie,3,231,Lesson 231,第231課,V;A;M;N;F;Y;G;H;Q;O;R;J;D;L;T;P,V;M;F;G;O;R;D;J;Y,A;D;F;G;H;J;L;M;N;O;P;Q;R;T;V;Y,u59b9,妹,U+59B9,,,VJD,VD,mui6,younger sister,1,2,6,2,0.8,12,cj-230,10,
cj-231,cangjie,3,231,Lesson 231,第231課,V;A;M;N;F;Y;G;H;Q;O;R;J;D;L;T;P,V;M;F;G;O;R;D;J;Y,A;D;F;G;H;J;L;M;N;O;P;Q;R;T;V;Y,u59ba,妺,U+59BA,,,VDJ,VJ,mut6,wife of the last ruler of the Xia dynasty,1,2,6,2,0.8,12,cj-230,10,
cj-231,cangjie,3,231,Lesson 231,第231課,V;A;M;N;F;Y;G;H;Q;O;R;J;D;L;T;P,V;M;F;G;O;R;D;J;Y,A;D;F;G;H;J;L;M;N;O;P;Q;R;T;V;Y,u59bb,妻,U+59BB,,,JLV,JV,cai1,wife,1,2,6,2,0.8,12,cj-230,10,
cj-231,cangjie,3,231,Lesson 231,第231課,V;A;M;N;F;Y;G;H;Q;O;R;J;D;L;T;P,V;M;F;G;O;R;D;J;Y,A;D;F;G;H;J;L;M;N;O;P;Q;R;T;V;Y,u59be,妾,U+59BE,,,YTV,YV,cip3,concubine,1,2,6,2,0.8,12,cj-230,10,
cj-231,cangjie,3,231,Lesson 231,第231課,V;A;M;N;F;Y;G;H;Q;O;R;J;D;L;T;P,V;M;F;G;O;R;D;J;Y,A;D;F;G;H;J;L;M;N;O;P;Q;R;T;V;Y,u59c1,姁,U+59C1,,,VPR,VR,heoi2,beauty,1,2,6,2,0.8,12,cj-230,10,
cj-232,cangjie,3,232,Lesson 232,第232課,V;F;Q;W;Y;I;J;B;L;X;H;R;G;T;M;O,V;Q;I;B;H;R;T;M;O,B;F;G;H;I;J;L;M;O;Q;R;T;V;W;X;Y,u59c5,姅,U+59C5,,,VFQ,VQ,bun3,woman at time of menstruation,1,2,6,2,0.8,12,cj-231,10,
cj-232,cangjie,3,232,Lesson 232,第232課,V;F;Q;W;Y;I;J;B;L;X;H;R;G;T;M;O,V;Q;I;B;H;R;T;M;O,B;F;G;H;I;J;L;M;O;Q;R;T;V;W;X;Y,u59c6,姆,U+59C6,,,VWYI,VI,mou5,child's governess; matron,1,2,6,2,0.8,12,cj-231,10,
cj-232,cangjie,3,232,Lesson 232,第232課,V;F;Q;W;Y;I;J;B;L;X;H;R;G;T;M;O,V;Q;I;B;H;R;T;M;O,B;F;G;H;I;J;L;M;O;Q;R;T;V;W;X;Y,u59c9,姉,U+59C9,,,VJB,VB,zi2,elder sister,1,2,6,2,0.8,12,cj-231,10,
cj-232,cangjie,3,232,Lesson 232,第232課,V;F;Q;W;Y;I;J;B;L;X;H;R;G;T;M;O,V;Q;I;B;H;R;T;M;O,B;F;G;H;I;J;L;M;O;Q;R;T;V;W;X;Y,u59ca,姊,U+59CA,,,VLXH,VH,zi2,elder sister,1,2,6,2,0.8,12,cj-231,10,
cj-232,cangjie,3,232,Lesson 232,第232課,V;F;Q;W;Y;I;J;B;L;X;H;R;G;T;M;O,V;Q;I;B;H;R;T;M;O,B;F;G;H;I;J;L;M;O;Q;R;T;V;W;X;Y,u59cb,始,U+59CB,,,VIR,VR,ci2,"begin, start; then, only then",1,2,6,2,0.8,12,cj-231,10,
cj-232,cangjie,3,232,Lesson 232,第232課,V;F;Q;W;Y;I;J;B;L;X;H;R;G;T;M;O,V;Q;I;B;H;R;T;M;O,B;F;G;H;I;J;L;M;O;Q;R;T;V;W;X;Y,u59cc,姌,U+59CC,,,VGB,VB,jim5,weak and slender in appearance,1,2,6,2,0.8,12,cj-231,10,
cj-232,cangjie,3,232,Lesson 232,第232課,V;F;Q;W;Y;I;J;B;L;X;H;R;G;T;M;O,V;Q;I;B;H;R;T;M;O,B;F;G;H;I;J;L;M;O;Q;R;T;V;W;X;Y,u59cd,姍,U+59CD,,,VBT,VT,saan1,slander; ridicule; proceed slowly,1,2,6,2,0.8,12,cj-231,10,
cj-232,cangjie,3,232,Lesson 232,第232課,V;F;Q;W;Y;I;J;B;L;X;H;R;G;T;M;O,V;Q;I;B;H;R;T;M;O,B;F;G;H;I;J;L;M;O;Q;R;T;V;W;X;Y,u59d0,姐,U+59D0,,,VBM,VM,ze2,"elder sister, young lady",1,2,6,2,0.8,12,cj-231,10,
cj-232,cangjie,3,232,Lesson 232,第232課,V;F;Q;W;Y;I;J;B;L;X;H;R;G;T;M;O,V;Q;I;B;H;R;T;M;O,B;F;G;H;I;J;L;M;O;Q;R;T;V;W;X;Y,u59d1,姑,U+59D1,,,VJR,VR,gu1,father's sister; husband's mother,1,2,6,2,0.8,12,cj-231,10,
cj-232,cangjie,3,232,Lesson 232,第232課,V;F;Q;W;Y;I;J;B;L;X;H;R;G;T;M;O,V;Q;I;B;H;R;T;M;O,B;F;G;H;I;J;L;M;O;Q;R;T;V;W;X;Y,u59d2,姒,U+59D2,,,VVIO,VO,ci5,wife of elder brother,1,2,6,2,0.8,12,cj-231,10,
cj-233,cangjie,3,233,Lesson 233,第233課,V;H;Q;M;D;B;T;O;G;L;J;R;I,V;M;H;T;G;O;D;R;B,B;D;G;H;I;J;L;M;O;Q;R;T;V,u59d3,姓,U+59D3,,,VHQM,VM,sing3,"one's family name; clan, people",1,2,6,2,0.8,12,cj-232,10,
cj-233,cangjie,3,233,Lesson 233,第233課,V;H;Q;M;D;B;T;O;G;L;J;R;I,V;M;H;T;G;O;D;R;B,B;D;G;H;I;J;L;M;O;Q;R;T;V,u59d4,委,U+59D4,,,HDV,HV,wai2,"appoint, send, commission",1,2,6,2,0.8,12,cj-232,10,
cj-233,cangjie,3,233,Lesson 233,第233課,V;H;Q;M;D;B;T;O;G;L;J;R;I,V;M;H;T;G;O;D;R;B,B;D;G;H;I;J;L;M;O;Q;R;T;V,u59d7,姗,U+59D7,,,VBBM,VM,saan1,slander; ridicule; proceed slowly,1,2,6,2,0.8,12,cj-232,10,
cj-233,cangjie,3,233,Lesson 233,第233課,V;H;Q;M;D;B;T;O;G;L;J;R;I,V;M;H;T;G;O;D;R;B,B;D;G;H;I;J;L;M;O;Q;R;T;V,u59d8,姘,U+59D8,,,VTT,VT,ping1,illicit sexual relations,1,2,6,2,0.8,12,cj-232,10,
cj-233,cangjie,3,233,Lesson 233,第233課,V;H;Q;M;D;B;T;O;G;L;J;R;I,V;M;H;T;G;O;D;R;B,B;D;G;H;I;J;L;M;O;Q;R;T;V,u59d9,姙,U+59D9,,,VOHG,VG,jam6,"conceive, be pregnant",1,2,6,2,0.8,12,cj-232,10,
cj-233,cangjie,3,233,Lesson 233,第233課,V;H;Q;M;D;B;T;O;G;L;J;R;I,V;M;H;T;G;O;D;R;B,B;D;G;H;I;J;L;M;O;Q;R;T;V,u59da,姚,U+59DA,,,VLMO,VO,jiu4,"handsome, elegant; surname",1,2,6,2,0.8,12,cj-232,10,
cj-233,cangjie,3,233,Lesson 233,第233課,V;H;Q;M;D;B;T;O;G;L;J;R;I,V;M;H;T;G;O;D;R;B,B;D;G;H;I;J;L;M;O;Q;R;T;V,u59dc,姜,U+59DC,,,TGV,TV,goeng1,surname; ginger,1,2,6,2,0.8,12,cj-232,10,
cj-233,cangjie,3,233,Lesson 233,第233課,V;H;Q;M;D;B;T;O;G;L;J;R;I,V;M;H;T;G;O;D;R;B,B;D;G;H;I;J;L;M;O;Q;R;T;V,u59dd,姝,U+59DD,,,VHJD,VD,zyu1,a beautiful girl,1,2,6,2,0.8,12,cj-232,10,
cj-233,cangjie,3,233,Lesson 233,第233課,V;H;Q;M;D;B;T;O;G;L;J;R;I,V;M;H;T;G;O;D;R;B,B;D;G;H;I;J;L;M;O;Q;R;T;V,u59de,姞,U+59DE,,,VGR,VR,gat1,concubine,1,2,6,2,0.8,12,cj-232,10,
cj-233,cangjie,3,233,Lesson 233,第233課,V;H;Q;M;D;B;T;O;G;L;J;R;I,V;M;H;T;G;O;D;R;B,B;D;G;H;I;J;L;M;O;Q;R;T;V,u59e2,姢,U+59E2,,,VIB,VB,gyun1,"beautiful, graceful",1,2,6,2,0.8,12,cj-232,10,
cj-234,cangjie,3,234,Lesson 234,第234課,V;Y;C;K;H;M;R;J;P;N;O;Q;I;G;S;L;A,V;K;R;P;N;Q;G;L;M,A;C;G;H;I;J;K;L;M;N;O;P;Q;R;S;V;Y,u59e3,姣,U+59E3,,,VYCK,VK,gaau2,"beautiful, handsome, pretty",1,2,6,2,0.8,12,cj-233,10,
cj-234,cangjie,3,234,Lesson 234,第234課,V;Y;C;K;H;M;R;J;P;N;O;Q;I;G;S;L;A,V;K;R;P;N;Q;G;L;M,A;C;G;H;I;J;K;L;M;N;O;P;Q;R;S;V;Y,u59e4,姤,U+59E4,,,VHMR,VR,gau3,mate; copulate; good; hexagram ䷫,1,2,6,2,0.8,12,cj-233,10,
cj-234,cangjie,3,234,Lesson 234,第234課,V;Y;C;K;H;M;R;J;P;N;O;Q;I;G;S;L;A,V;K;R;P;N;Q;G;L;M,A;C;G;H;I;J;K;L;M;N;O;P;Q;R;S;V;Y,u59e5,姥,U+59E5,,,VJKP,VP,mou5,maternal grandmother; midwife,1,2,6,2,0.8,12,cj-233,10,
cj-234,cangjie,3,234,Lesson 234,第234課,V;Y;C;K;H;M;R;J;P;N;O;Q;I;G;S;L;A,V;K;R;P;N;Q;G;L;M,A;C;G;H;I;J;K;L;M;N;O;P;Q;R;S;V;Y,u59e6,姦,U+59E6,,,VVV,VV,gaan1,"adultery, debauchery; debauch",1,2,6,2,0.8,12,cj-233,10,
cj-234,cangjie,3,234,Lesson 234,第234課,V;Y;C;K;H;M;R;J;P;N;O;Q;I;G;S;L;A,V;K;R;P;N;Q;G;L;M,A;C;G;H;I;J;K;L;M;N;O;P;Q;R;S;V;Y,u59e8,姨,U+59E8,,,VKN,VN,ji4,mother/wife's sister; concubine,1,2,6,2,0.8,12,cj-233,10,
cj-234,cangjie,3,234,Lesson 234,第234課,V;Y;C;K;H;M;R;J;P;N;O;Q;I;G;S;L;A,V;K;R;P;N;Q;G;L;M,A;C;G;H;I;J;K;L;M;N;O;P;Q;R;S;V;Y,u59e9,姩,U+59E9,,,VOQ,VQ,nin6,(Cant.) breast,1,2,6,2,0.8,12,cj-233,10,
cj-234,cangjie,3,234,Lesson 234,第234課,V;Y;C;K;H;M;R;J;P;N;O;Q;I;G;S;L;A,V;K;R;P;N;Q;G;L;M,A;C;G;H;I;J;K;L;M;N;O;P;Q;R;S;V;Y,u59ea,姪,U+59EA,,,VMIG,VG,zat6,brother's child,1,2,6,2,0.8,12,cj-233,10,
cj-234,cangjie,3,234,Lesson 234,第234課,V;Y;C;K;H;M;R;J;P;N;O;Q;I;G;S;L;A,V;K;R;P;N;Q;G;L;M,A;C;G;H;I;J;K;L;M;N;O;P;Q;R;S;V;Y,u59eb,姫,U+59EB,,,VSLL,VL,can2,beauty; imperial concubine,1,2,6,2,0.8,12,cj-233,10,
cj-234,cangjie,3,234,Lesson 234,第234課,V;Y;C;K;H;M;R;J;P;N;O;Q;I;G;S;L;A,V;K;R;P;N;Q;G;L;M,A;C;G;H;I;J;K;L;M;N;O;P;Q;R;S;V;Y,u59ec,姬,U+59EC,,,VSLL,VL,gei1,beauty; imperial concubine,1,2,6,2,0.8,12,cj-233,10,
cj-234,cangjie,3,234,Lesson 234,第234課,V;Y;C;K;H;M;R;J;P;N;O;Q;I;G;S;L;A,V;K;R;P;N;Q;G;L;M,A;C;G;H;I;J;K;L;M;N;O;P;Q;R;S;V;Y,u59ee,姮,U+59EE,,,VMAM,VM,hang4,lady,1,2,6,2,0.8,12,cj-233,10,
cj-235,cangjie,4,235,Lesson 235,第235課,V;K;M;S;J;H;P;G;U;W;N;I;O,V;S;J;P;U;K;I;G,G;H;I;J;K;M;N;O;P;S;U;V;W,u59f1,姱,U+59F1,,,VKMS,VS,kwaa1,"beautiful, handsome, elegant",1,2,6,2,0.8,12,cj-234,10,
cj-235,cangjie,4,235,Lesson 235,第235課,V;K;M;S;J;H;P;G;U;W;N;I;O,V;S;J;P;U;K;I;G,G;H;I;J;K;M;N;O;P;S;U;V;W,u59f8,姸,U+59F8,,,VMJJ,VJ,jin4,beautiful,1,2,6,2,0.8,12,cj-234,10,
cj-235,cangjie,4,235,Lesson 235,第235課,V;K;M;S;J;H;P;G;U;W;N;I;O,V;S;J;P;U;K;I;G,G;H;I;J;K;M;N;O;P;S;U;V;W,u59f9,姹,U+59F9,,,VJHP,VP,caa3,"beautiful, colorful; girl",1,2,6,2,0.8,12,cj-234,10,
cj-235,cangjie,4,235,Lesson 235,第235課,V;K;M;S;J;H;P;G;U;W;N;I;O,V;S;J;P;U;K;I;G,G;H;I;J;K;M;N;O;P;S;U;V;W,u59fa,姺,U+59FA,,,VHGU,VU,san1,name of an ancient state,1,2,6,2,0.8,12,cj-234,10,
cj-235,cangjie,4,235,Lesson 235,第235課,V;K;M;S;J;H;P;G;U;W;N;I;O,V;S;J;P;U;K;I;G,G;H;I;J;K;M;N;O;P;S;U;V;W,u59fb,姻,U+59FB,,,VWK,VK,jan1,relatives by marriage,1,2,6,2,0.8,12,cj-234,10,
cj-235,cangjie,4,235,Lesson 235,第235課,V;K;M;S;J;H;P;G;U;W;N;I;O,V;S;J;P;U;K;I;G,G;H;I;J;K;M;N;O;P;S;U;V;W,u59fd,姽,U+59FD,,,VNMU,VU,gwai2,good,1,2,6,2,0.8,12,cj-234,10,
cj-235,cangjie,4,235,Lesson 235,第235課,V;K;M;S;J;H;P;G;U;W;N;I;O,V;S;J;P;U;K;I;G,G;H;I;J;K;M;N;O;P;S;U;V;W,u59ff,姿,U+59FF,,,IOV,IV,zi1,"one's manner, carriage, bearing",1,2,6,2,0.8,12,cj-234,10,
cj-235,cangjie,4,235,Lesson 235,第235課,V;K;M;S;J;H;P;G;U;W;N;I;O,V;S;J;P;U;K;I;G,G;H;I;J;K;M;N;O;P;S;U;V;W,u5a00,娀,U+5A00,,,VIJ,VJ,sung1,"name of a concubine of Di Ku, father of the mythical Yao",1,2,6,2,0.8,12,cj-234,10,
cj-235,cangjie,4,235,Lesson 235,第235課,V;K;M;S;J;H;P;G;U;W;N;I;O,V;S;J;P;U;K;I;G,G;H;I;J;K;M;N;O;P;S;U;V;W,u5a01,威,U+5A01,,,IHMV,IV,wai1,"pomp, power; powerful; dominate",1,2,6,2,0.8,12,cj-234,10,
cj-235,cangjie,4,235,Lesson 235,第235課,V;K;M;S;J;H;P;G;U;W;N;I;O,V;S;J;P;U;K;I;G,G;H;I;J;K;M;N;O;P;S;U;V;W,u5a03,娃,U+5A03,,,VGG,VG,waa1,baby; doll; pretty girl,1,2,6,2,0.8,12,cj-234,10,
cj-236,cangjie,4,236,Lesson 236,第236課,F;D;V;M;T;C;J;P;U;H;K;L;Y;W;S;G;E;O,F;V;C;U;L;Y;S;G;E,C;D;E;F;G;H;J;K;L;M;O;P;S;T;U;V;W;Y,u5a04,娄,U+5A04,,,FDV,FV,lau4,surname; a constellation; to wear,1,2,6,2,0.8,12,cj-235,10,
cj-236,cangjie,4,236,Lesson 236,第236課,F;D;V;M;T;C;J;P;U;H;K;L;Y;W;S;G;E;O,F;V;C;U;L;Y;S;G;E,C;D;E;F;G;H;J;K;L;M;O;P;S;T;U;V;W;Y,u5a05,娅,U+5A05,,,VMTC,VC,aa3,mutual term of address used by sons-in-law; a brother-in-law,1,2,6,2,0.8,12,cj-235,10,
cj-236,cangjie,4,236,Lesson 236,第236課,F;D;V;M;T;C;J;P;U;H;K;L;Y;W;S;G;E;O,F;V;C;U;L;Y;S;G;E,C;D;E;F;G;H;J;K;L;M;O;P;S;T;U;V;W;Y,u5a06,娆,U+5A06,,,VJPU,VU,jiu2,"graceful, charming, fascinating",1,2,6,2,0.8,12,cj-235,10,
cj-236,cangjie,4,236,Lesson 236,第236課,F;D;V;M;T;C;J;P;U;H;K;L;Y;W;S;G;E;O,F;V;C;U;L;Y;S;G;E,C;D;E;F;G;H;J;K;L;M;O;P;S;T;U;V;W;Y,u5a07,娇,U+5A07,,,VHKL,VL,giu1,seductive and loveable; tender,1,2,6,2,0.8,12,cj-235,10,
cj-236,cangjie,4,236,Lesson 236,第236課,F;D;V;M;T;C;J;P;U;H;K;L;Y;W;S;G;E;O,F;V;C;U;L;Y;S;G;E,C;D;E;F;G;H;J;K;L;M;O;P;S;T;U;V;W;Y,u5a08,娈,U+5A08,,,YCV,YV,lyun2,"lovely, beautiful; docile, obedient",1,2,6,2,0.8,12,cj-235,10,
cj-236,cangjie,4,236,Lesson 236,第236課,F;D;V;M;T;C;J;P;U;H;K;L;Y;W;S;G;E;O,F;V;C;U;L;Y;S;G;E,C;D;E;F;G;H;J;K;L;M;O;P;S;T;U;V;W;Y,u5a09,娉,U+5A09,,,VLWS,VS,ping1,"beautiful, attractive, charming, graceful",1,2,6,2,0.8,12,cj-235,10,
cj-236,cangjie,4,236,Lesson 236,第236課,F;D;V;M;T;C;J;P;U;H;K;L;Y;W;S;G;E;O,F;V;C;U;L;Y;S;G;E,C;D;E;F;G;H;J;K;L;M;O;P;S;T;U;V;W;Y,u5a0c,娌,U+5A0C,,,VWG,VG,lei5,brother's wife,1,2,6,2,0.8,12,cj-235,10,
cj-236,cangjie,4,236,Lesson 236,第236課,F;D;V;M;T;C;J;P;U;H;K;L;Y;W;S;G;E;O,F;V;C;U;L;Y;S;G;E,C;D;E;F;G;H;J;K;L;M;O;P;S;T;U;V;W;Y,u5a11,娑,U+5A11,,,EHV,EV,so1,"dance, frolic; lounge; saunter",1,2,6,2,0.8,12,cj-235,10,
cj-236,cangjie,4,236,Lesson 236,第236課,F;D;V;M;T;C;J;P;U;H;K;L;Y;W;S;G;E;O,F;V;C;U;L;Y;S;G;E,C;D;E;F;G;H;J;K;L;M;O;P;S;T;U;V;W;Y,u5a12,娒,U+5A12,,,VOWY,VY,mou5,matron,1,2,6,2,0.8,12,cj-235,10,
cj-236,cangjie,4,236,Lesson 236,第236課,F;D;V;M;T;C;J;P;U;H;K;L;Y;W;S;G;E;O,F;V;C;U;L;Y;S;G;E,C;D;E;F;G;H;J;K;L;M;O;P;S;T;U;V;W;Y,u5a13,娓,U+5A13,,,VSHU,VU,mei5,"comply; complying, agreeable",1,2,6,2,0.8,12,cj-235,10,
cj-237,cangjie,4,237,Lesson 237,第237課,V;R;Y;O;I;A;M;K;S;Q;L;B;C;N;H;U,V;O;M;K;L;B;H;I;U,A;B;C;H;I;K;L;M;N;O;Q;R;S;U;V;Y,u5a16,娖,U+5A16,,,VRYO,VO,cok3,"cautious, prudent",1,2,6,2,0.8,12,cj-236,10,
cj-237,cangjie,4,237,Lesson 237,第237課,V;R;Y;O;I;A;M;K;S;Q;L;B;C;N;H;U,V;O;M;K;L;B;H;I;U,A;B;C;H;I;K;L;M;N;O;Q;R;S;U;V;Y,u5a18,娘,U+5A18,,,VIAV,VV,noeng4,mother; young girl; woman; wife,1,2,6,2,0.8,12,cj-236,10,
cj-237,cangjie,4,237,Lesson 237,第237課,V;R;Y;O;I;A;M;K;S;Q;L;B;C;N;H;U,V;O;M;K;L;B;H;I;U,A;B;C;H;I;K;L;M;N;O;Q;R;S;U;V;Y,u5a19,娙,U+5A19,,,VMVM,VM,jing4,beautiful woman,1,2,6,2,0.8,12,cj-236,10,
cj-237,cangjie,4,237,Lesson 237,第237課,V;R;Y;O;I;A;M;K;S;Q;L;B;C;N;H;U,V;O;M;K;L;B;H;I;U,A;B;C;H;I;K;L;M;N;O;Q;R;S;U;V;Y,u5a1b,娛,U+5A1B,,,VRVK,VK,jyu4,"pleasure, enjoyment, amusement",1,2,6,2,0.8,12,cj-236,10,
cj-237,cangjie,4,237,Lesson 237,第237課,V;R;Y;O;I;A;M;K;S;Q;L;B;C;N;H;U,V;O;M;K;L;B;H;I;U,A;B;C;H;I;K;L;M;N;O;Q;R;S;U;V;Y,u5a1c,娜,U+5A1C,,,VSQL,VL,no5,"elegant, graceful, delicate",1,2,6,2,0.8,12,cj-236,10,
cj-237,cangjie,4,237,Lesson 237,第237課,V;R;Y;O;I;A;M;K;S;Q;L;B;C;N;H;U,V;O;M;K;L;B;H;I;U,A;B;C;H;I;K;L;M;N;O;Q;R;S;U;V;Y,u5a1f,娟,U+5A1F,,,VRB,VB,gyun1,"beautiful, graceful",1,2,6,2,0.8,12,cj-236,10,
cj-237,cangjie,4,237,Lesson 237,第237課,V;R;Y;O;I;A;M;K;S;Q;L;B;C;N;H;U,V;O;M;K;L;B;H;I;U,A;B;C;H;I;K;L;M;N;O;Q;R;S;U;V;Y,u5a20,娠,U+5A20,,,VMMV,VV,san1,pregnant,1,2,6,2,0.8,12,cj-236,10,
cj-237,cangjie,4,237,Lesson 237,第237課,V;R;Y;O;I;A;M;K;S;Q;L;B;C;N;H;U,V;O;M;K;L;B;H;I;U,A;B;C;H;I;K;L;M;N;O;Q;R;S;U;V;Y,u5a23,娣,U+5A23,,,VCNH,VH,tai5,"younger sister, sister-in-law",1,2,6,2,0.8,12,cj-236,10,
cj-237,cangjie,4,237,Lesson 237,第237課,V;R;Y;O;I;A;M;K;S;Q;L;B;C;N;H;U,V;O;M;K;L;B;H;I;U,A;B;C;H;I;K;L;M;N;O;Q;R;S;U;V;Y,u5a25,娥,U+5A25,,,VHQI,VI,ngo4,be beautiful; good; surname,1,2,6,2,0.8,12,cj-236,10,
cj-237,cangjie,4,237,Lesson 237,第237課,V;R;Y;O;I;A;M;K;S;Q;L;B;C;N;H;U,V;O;M;K;L;B;H;I;U,A;B;C;H;I;K;L;M;N;O;Q;R;S;U;V;Y,u5a29,娩,U+5A29,,,VNAU,VU,min5,give birth child; complaisant,1,2,6,2,0.8,12,cj-236,10,
cj-238,cangjie,4,238,Lesson 238,第238課,V;M;P;I;O;K;R;C;B;L;S;D;J;E;T;A,V;M;K;C;B;D;E;S;A,A;B;C;D;E;I;J;K;L;M;O;P;R;S;T;V,u5a2c,娬,U+5A2C,,,VMPM,VM,mou5,lovely; attractive,1,2,6,2,0.8,12,cj-237,10,
cj-238,cangjie,4,238,Lesson 238,第238課,V;M;P;I;O;K;R;C;B;L;S;D;J;E;T;A,V;M;K;C;B;D;E;S;A,A;B;C;D;E;I;J;K;L;M;O;P;R;S;T;V,u5a2d,娭,U+5A2D,,,VIOK,VK,hei1,amuse,1,2,6,2,0.8,12,cj-237,10,
cj-238,cangjie,4,238,Lesson 238,第238課,V;M;P;I;O;K;R;C;B;L;S;D;J;E;T;A,V;M;K;C;B;D;E;S;A,A;B;C;D;E;I;J;K;L;M;O;P;R;S;T;V,u5a2f,娯,U+5A2F,,,VRVC,VC,jyu4,"pleasure, enjoyment, amusement",1,2,6,2,0.8,12,cj-237,10,
cj-238,cangjie,4,238,Lesson 238,第238課,V;M;P;I;O;K;R;C;B;L;S;D;J;E;T;A,V;M;K;C;B;D;E;S;A,A;B;C;D;E;I;J;K;L;M;O;P;R;S;T;V,u5a31,娱,U+5A31,,,VRMK,VK,jyu4,"pleasure, enjoyment, amusement",1,2,6,2,0.8,12,cj-237,10,
cj-238,cangjie,4,238,Lesson 238,第238課,V;M;P;I;O;K;R;C;B;L;S;D;J;E;T;A,V;M;K;C;B;D;E;S;A,A;B;C;D;E;I;J;K;L;M;O;P;R;S;T;V,u5a32,娲,U+5A32,,,VROB,VB,wo1,"a goddess, the mythological sister and successor to Fuxi",1,2,6,2,0.8,12,cj-237,10,
cj-238,cangjie,4,238,Lesson 238,第238課,V;M;P;I;O;K;R;C;B;L;S;D;J;E;T;A,V;M;K;C;B;D;E;S;A,A;B;C;D;E;I;J;K;L;M;O;P;R;S;T;V,u5a34,娴,U+5A34,,,VLSD,VD,haan4,"elegant, refined; skillful",1,2,6,2,0.8,12,cj-237,10,
cj-238,cangjie,4,238,Lesson 238,第238課,V;M;P;I;O;K;R;C;B;L;S;D;J;E;T;A,V;M;K;C;B;D;E;S;A,A;B;C;D;E;I;J;K;L;M;O;P;R;S;T;V,u5a35,娵,U+5A35,,,VSJE,VE,zyu1,star,1,2,6,2,0.8,12,cj-237,10,
cj-238,cangjie,4,238,Lesson 238,第238課,V;M;P;I;O;K;R;C;B;L;S;D;J;E;T;A,V;M;K;C;B;D;E;S;A,A;B;C;D;E;I;J;K;L;M;O;P;R;S;T;V,u5a36,娶,U+5A36,,,SEV,SV,ceoi2,"marry, take wife",1,2,6,2,0.8,12,cj-237,10,
cj-238,cangjie,4,238,Lesson 238,第238課,V;M;P;I;O;K;R;C;B;L;S;D;J;E;T;A,V;M;K;C;B;D;E;S;A,A;B;C;D;E;I;J;K;L;M;O;P;R;S;T;V,u5a38,娸,U+5A38,,,VTMC,VC,hei1,ugly,1,2,6,2,0.8,12,cj-237,10,
cj-238,cangjie,4,238,Lesson 238,第238課,V;M;P;I;O;K;R;C;B;L;S;D;J;E;T;A,V;M;K;C;B;D;E;S;A,A;B;C;D;E;I;J;K;L;M;O;P;R;S;T;V,u5a3c,娼,U+5A3C,,,VAA,VA,coeng1,"prostitute, harlot",1,2,6,2,0.8,12,cj-237,10,
cj-239,cangjie,4,239,Lesson 239,第239課,N;R;V;L;Y;T;E;J;U;Q;M;W;D;O;H;X,N;V;R;L;E;U;D;O,D;E;H;J;L;M;N;O;Q;R;T;U;V;W;X;Y,u5a3f,娿,U+5A3F,,,NRV,NV,o1,"beautiful, graceful",1,2,6,2,0.8,12,cj-238,10,
cj-239,cangjie,4,239,Lesson 239,第239課,N;R;V;L;Y;T;E;J;U;Q;M;W;D;O;H;X,N;V;R;L;E;U;D;O,D;E;H;J;L;M;N;O;Q;R;T;U;V;W;X;Y,u5a40,婀,U+5A40,,,VNLR,VR,o2,"be beautiful, be graceful",1,2,6,2,0.8,12,cj-238,10,
cj-239,cangjie,4,239,Lesson 239,第239課,N;R;V;L;Y;T;E;J;U;Q;M;W;D;O;H;X,N;V;R;L;E;U;D;O,D;E;H;J;L;M;N;O;Q;R;T;U;V;W;X;Y,u5a41,婁,U+5A41,,,LLV,LV,lau4,"surname; to wear; 16th lunar mansion, determinative star β Arietis (Sheratan)",1,2,6,2,0.8,12,cj-238,10,
cj-239,cangjie,4,239,Lesson 239,第239課,N;R;V;L;Y;T;E;J;U;Q;M;W;D;O;H;X,N;V;R;L;E;U;D;O,D;E;H;J;L;M;N;O;Q;R;T;U;V;W;X;Y,u5a44,婄,U+5A44,,,VYTR,VR,pau3,"(Cant.) soft, weak; to soak; unreliable",1,2,6,2,0.8,12,cj-238,10,
cj-239,cangjie,4,239,Lesson 239,第239課,N;R;V;L;Y;T;E;J;U;Q;M;W;D;O;H;X,N;V;R;L;E;U;D;O,D;E;H;J;L;M;N;O;Q;R;T;U;V;W;X;Y,u5a46,婆,U+5A46,,,EEV,EV,po4,old woman; grandmother,1,2,6,2,0.8,12,cj-238,10,
cj-239,cangjie,4,239,Lesson 239,第239課,N;R;V;L;Y;T;E;J;U;Q;M;W;D;O;H;X,N;V;R;L;E;U;D;O,D;E;H;J;L;M;N;O;Q;R;T;U;V;W;X;Y,u5a49,婉,U+5A49,,,VJNU,VU,jyun2,"amiable, congenial; restrained",1,2,6,2,0.8,12,cj-238,10,
cj-239,cangjie,4,239,Lesson 239,第239課,N;R;V;L;Y;T;E;J;U;Q;M;W;D;O;H;X,N;V;R;L;E;U;D;O,D;E;H;J;L;M;N;O;Q;R;T;U;V;W;X;Y,u5a4a,婊,U+5A4A,,,VQMV,VV,biu2,"whore, prostitute",1,2,6,2,0.8,12,cj-238,10,
cj-239,cangjie,4,239,Lesson 239,第239課,N;R;V;L;Y;T;E;J;U;Q;M;W;D;O;H;X,N;V;R;L;E;U;D;O,D;E;H;J;L;M;N;O;Q;R;T;U;V;W;X;Y,u5a50,婐,U+5A50,,,VWD,VD,wo2,maid,1,2,6,2,0.8,12,cj-238,10,
cj-239,cangjie,4,239,Lesson 239,第239課,N;R;V;L;Y;T;E;J;U;Q;M;W;D;O;H;X,N;V;R;L;E;U;D;O,D;E;H;J;L;M;N;O;Q;R;T;U;V;W;X;Y,u5a55,婕,U+5A55,,,VJLO,VO,zit3,handsome,1,2,6,2,0.8,12,cj-238,10,
cj-239,cangjie,4,239,Lesson 239,第239課,N;R;V;L;Y;T;E;J;U;Q;M;W;D;O;H;X,N;V;R;L;E;U;D;O,D;E;H;J;L;M;N;O;Q;R;T;U;V;W;X;Y,u5a57,婗,U+5A57,,,VHXU,VU,ngai4,a new-born child; the whimper of an infant,1,2,6,2,0.8,12,cj-238,10,
cj-240,cangjie,4,240,Lesson 240,第240課,V;H;P;A;G;T;J;W;L;X;B;R;Y;S;M;Q;D,V;A;J;L;R;B;D;G,A;B;D;G;H;J;L;M;P;Q;R;S;T;V;W;X;Y,u5a5a,婚,U+5A5A,,,VHPA,VA,fan1,"get married; marriage, wedding",1,2,6,2,0.8,12,cj-239,10,
cj-240,cangjie,4,240,Lesson 240,第240課,V;H;P;A;G;T;J;W;L;X;B;R;Y;S;M;Q;D,V;A;J;L;R;B;D;G,A;B;D;G;H;J;L;M;P;Q;R;S;T;V;W;X;Y,u5a5e,婞,U+5A5E,,,VGTJ,VJ,hang6,hate,1,2,6,2,0.8,12,cj-239,10,
cj-240,cangjie,4,240,Lesson 240,第240課,V;H;P;A;G;T;J;W;L;X;B;R;Y;S;M;Q;D,V;A;J;L;R;B;D;G,A;B;D;G;H;J;L;M;P;Q;R;S;T;V;W;X;Y,u5a62,婢,U+5A62,,,VHWJ,VJ,pei5,servant girl; your servant,1,2,6,2,0.8,12,cj-239,10,
cj-240,cangjie,4,240,Lesson 240,第240課,V;H;P;A;G;T;J;W;L;X;B;R;Y;S;M;Q;D,V;A;J;L;R;B;D;G,A;B;D;G;H;J;L;M;P;Q;R;S;T;V;W;X;Y,u5a63,婣,U+5A63,,,VLXL,VL,jan1,"marriage connections, a bride",1,2,6,2,0.8,12,cj-239,10,
cj-240,cangjie,4,240,Lesson 240,第240課,V;H;P;A;G;T;J;W;L;X;B;R;Y;S;M;Q;D,V;A;J;L;R;B;D;G,A;B;D;G;H;J;L;M;P;Q;R;S;T;V;W;X;Y,u5a64,婤,U+5A64,,,VBGR,VR,zau1,lovely,1,2,6,2,0.8,12,cj-239,10,
cj-240,cangjie,4,240,Lesson 240,第240課,V;H;P;A;G;T;J;W;L;X;B;R;Y;S;M;Q;D,V;A;J;L;R;B;D;G,A;B;D;G;H;J;L;M;P;Q;R;S;T;V;W;X;Y,u5a65,婥,U+5A65,,,VYAJ,VJ,coek3,beautiful,1,2,6,2,0.8,12,cj-239,10,
cj-240,cangjie,4,240,Lesson 240,第240課,V;H;P;A;G;T;J;W;L;X;B;R;Y;S;M;Q;D,V;A;J;L;R;B;D;G,A;B;D;G;H;J;L;M;P;Q;R;S;T;V;W;X;Y,u5a66,婦,U+5A66,,,VSMB,VB,fu5,married women; woman; wife,1,2,6,2,0.8,12,cj-239,10,
cj-240,cangjie,4,240,Lesson 240,第240課,V;H;P;A;G;T;J;W;L;X;B;R;Y;S;M;Q;D,V;A;J;L;R;B;D;G,A;B;D;G;H;J;L;M;P;Q;R;S;T;V;W;X;Y,u5a67,婧,U+5A67,,,VQMB,VB,zing6,modest; supple,1,2,6,2,0.8,12,cj-239,10,
cj-240,cangjie,4,240,Lesson 240,第240課,V;H;P;A;G;T;J;W;L;X;B;R;Y;S;M;Q;D,V;A;J;L;R;B;D;G,A;B;D;G;H;J;L;M;P;Q;R;S;T;V;W;X;Y,u5a6a,婪,U+5A6A,,,DDV,DV,laam4,"covet; covetous, avaricious",1,2,6,2,0.8,12,cj-239,10,
cj-240,cangjie,4,240,Lesson 240,第240課,V;H;P;A;G;T;J;W;L;X;B;R;Y;S;M;Q;D,V;A;J;L;R;B;D;G,A;B;D;G;H;J;L;M;P;Q;R;S;T;V;W;X;Y,u5a6c,婬,U+5A6C,,,VBHG,VG,jam4,"obscene, licentious, lewd",1,2,6,2,0.8,12,cj-239,10,
cj-241,cangjie,4,241,Lesson 241,第241課,V;M;L;U;W;B;O;C;J;Y;R;N;K;T,V;M;W;B;J;L;N;R,B;C;J;K;L;M;N;O;R;T;U;V;W;Y,u5a6d,婭,U+5A6D,,,VMLM,VM,aa3,mutual term of address used by sons-in-law; a brother-in-law,1,2,6,2,0.8,12,cj-240,10,
cj-241,cangjie,4,241,Lesson 241,第241課,V;M;L;U;W;B;O;C;J;Y;R;N;K;T,V;M;W;B;J;L;N;R,B;C;J;K;L;M;N;O;R;T;U;V;W;Y,u5a73,婳,U+5A73,,,VMUW,VW,waak6,tranquil,1,2,6,2,0.8,12,cj-240,10,
cj-241,cangjie,4,241,Lesson 241,第241課,V;M;L;U;W;B;O;C;J;Y;R;N;K;T,V;M;W;B;J;L;N;R,B;C;J;K;L;M;N;O;R;T;U;V;W;Y,u5a74,婴,U+5A74,,,BOV,BV,jing1,"baby, infant; bother",1,2,6,2,0.8,12,cj-240,10,
cj-241,cangjie,4,241,Lesson 241,第241課,V;M;L;U;W;B;O;C;J;Y;R;N;K;T,V;M;W;B;J;L;N;R,B;C;J;K;L;M;N;O;R;T;U;V;W;Y,u5a75,婵,U+5A75,,,VCWJ,VJ,sim4,"beautiful, lovely, pretty, graceful",1,2,6,2,0.8,12,cj-240,10,
cj-241,cangjie,4,241,Lesson 241,第241課,V;M;L;U;W;B;O;C;J;Y;R;N;K;T,V;M;W;B;J;L;N;R,B;C;J;K;L;M;N;O;R;T;U;V;W;Y,u5a76,婶,U+5A76,,,VJLL,VL,sam2,wife of father's younger brother,1,2,6,2,0.8,12,cj-240,10,
cj-241,cangjie,4,241,Lesson 241,第241課,V;M;L;U;W;B;O;C;J;Y;R;N;K;T,V;M;W;B;J;L;N;R,B;C;J;K;L;M;N;O;R;T;U;V;W;Y,u5a77,婷,U+5A77,,,VYRN,VN,ting4,pretty; attractive; graceful,1,2,6,2,0.8,12,cj-240,10,
cj-241,cangjie,4,241,Lesson 241,第241課,V;M;L;U;W;B;O;C;J;Y;R;N;K;T,V;M;W;B;J;L;N;R,B;C;J;K;L;M;N;O;R;T;U;V;W;Y,u5a7a,婺,U+5A7A,,,NKV,NV,mou6,"a river and county in Jiāngxī; ancient name for 女宿, one of the 28 lunar mansions; used in various star names in Aquarius",1,2,6,2,0.8,12,cj-240,10,
cj-241,cangjie,4,241,Lesson 241,第241課,V;M;L;U;W;B;O;C;J;Y;R;N;K;T,V;M;W;B;J;L;N;R,B;C;J;K;L;M;N;O;R;T;U;V;W;Y,u5a7c,婼,U+5A7C,,,VTKR,VR,joek6,person,1,2,6,2,0.8,12,cj-240,10,
cj-241,cangjie,4,241,Lesson 241,第241課,V;M;L;U;W;B;O;C;J;Y;R;N;K;T,V;M;W;B;J;L;N;R,B;C;J;K;L;M;N;O;R;T;U;V;W;Y,u5a7e,婾,U+5A7E,,,VOMV,VV,jyu4,handsome,1,2,6,2,0.8,12,cj-240,10,
cj-241,cangjie,4,241,Lesson 241,第241課,V;M;L;U;W;B;O;C;J;Y;R;N;K;T,V;M;W;B;J;L;N;R,B;C;J;K;L;M;N;O;R;T;U;V;W;Y,u5a7f,婿,U+5A7F,,,VNOB,VB,sai3,son-in-law; husband,1,2,6,2,0.8,12,cj-240,10,
cj-242,cangjie,4,242,Lesson 242,第242課,V;T;G;K;M;B;N;C;D;W;L;O;R;A;H;U;E,V;K;C;D;L;T;U;E;O,A;B;C;D;E;G;H;K;L;M;N;O;R;T;U;V;W,u5a84,媄,U+5A84,,,VTGK,VK,mei5,beautiful,1,2,6,2,0.8,12,cj-241,10,
cj-242,cangjie,4,242,Lesson 242,第242課,V;T;G;K;M;B;N;C;D;W;L;O;R;A;H;U;E,V;K;C;D;L;T;U;E;O,A;B;C;D;E;G;H;K;L;M;N;O;R;T;U;V;W,u5a86,媆,U+5A86,,,VMBK,VK,jyun5,"young, tender, soft, delicate",1,2,6,2,0.8,12,cj-241,10,
cj-242,cangjie,4,242,Lesson 242,第242課,V;T;G;K;M;B;N;C;D;W;L;O;R;A;H;U;E,V;K;C;D;L;T;U;E;O,A;B;C;D;E;G;H;K;L;M;N;O;R;T;U;V;W,u5a8d,媍,U+5A8D,,,VNBC,VC,fu5,"woman, wife",1,2,6,2,0.8,12,cj-241,10,
cj-242,cangjie,4,242,Lesson 242,第242課,V;T;G;K;M;B;N;C;D;W;L;O;R;A;H;U;E,V;K;C;D;L;T;U;E;O,A;B;C;D;E;G;H;K;L;M;N;O;R;T;U;V;W,u5a92,媒,U+5A92,,,VTMD,VD,mui4,"go-between, matchmaker; medium",1,2,6,2,0.8,12,cj-241,10,
cj-242,cangjie,4,242,Lesson 242,第242課,V;T;G;K;M;B;N;C;D;W;L;O;R;A;H;U;E,V;K;C;D;L;T;U;E;O,A;B;C;D;E;G;H;K;L;M;N;O;R;T;U;V;W,u5a94,媔,U+5A94,,,VMWL,VL,min4,"beautiful, clear eyes",1,2,6,2,0.8,12,cj-241,10,
cj-242,cangjie,4,242,Lesson 242,第242課,V;T;G;K;M;B;N;C;D;W;L;O;R;A;H;U;E,V;K;C;D;L;T;U;E;O,A;B;C;D;E;G;H;K;L;M;N;O;R;T;U;V;W,u5a95,媕,U+5A95,,,VORT,VT,am1,undecided,1,2,6,2,0.8,12,cj-241,10,
cj-242,cangjie,4,242,Lesson 242,第242課,V;T;G;K;M;B;N;C;D;W;L;O;R;A;H;U;E,V;K;C;D;L;T;U;E;O,A;B;C;D;E;G;H;K;L;M;N;O;R;T;U;V;W,u5a96,媖,U+5A96,,,VTLK,VK,jing1,beauty; beautiful,1,2,6,2,0.8,12,cj-241,10,
cj-242,cangjie,4,242,Lesson 242,第242課,V;T;G;K;M;B;N;C;D;W;L;O;R;A;H;U;E,V;K;C;D;L;T;U;E;O,A;B;C;D;E;G;H;K;L;M;N;O;R;T;U;V;W,u5a9a,媚,U+5A9A,,,VAHU,VU,mei6,"charming, attractive; flatter",1,2,6,2,0.8,12,cj-241,10,
cj-242,cangjie,4,242,Lesson 242,第242課,V;T;G;K;M;B;N;C;D;W;L;O;R;A;H;U;E,V;K;C;D;L;T;U;E;O,A;B;C;D;E;G;H;K;L;M;N;O;R;T;U;V;W,u5a9b,媛,U+5A9B,,,VBME,VE,jyun6,"beauty, beautiful woman",1,2,6,2,0.8,12,cj-241,10,
cj-242,cangjie,4,242,Lesson 242,第242課,V;T;G;K;M;B;N;C;D;W;L;O;R;A;H;U;E,V;K;C;D;L;T;U;E;O,A;B;C;D;E;G;H;K;L;M;N;O;R;T;U;V;W,u5a9e,媞,U+5A9E,,,VAMO,VO,tai4,at ease,1,2,6,2,0.8,12,cj-241,10,
cj-243,cangjie,4,243,Lesson 243,第243課,V;P;T;D;A;B;U;W;H;S;R;O;M;N;I;K;F,V;D;U;P;B;R;T;H;N;F,A;B;D;F;H;I;K;M;N;O;P;R;S;T;U;V;W,u5a9f,媟,U+5A9F,,,VPTD,VD,sit3,"lust after, act indecently; lewd",1,2,6,2,0.8,12,cj-242,10,
cj-243,cangjie,4,243,Lesson 243,第243課,V;P;T;D;A;B;U;W;H;S;R;O;M;N;I;K;F,V;D;U;P;B;R;T;H;N;F,A;B;D;F;H;I;K;M;N;O;P;R;S;T;U;V;W,u5aa2,媢,U+5AA2,,,VABU,VU,mou6,"be jealous of, be envious",1,2,6,2,0.8,12,cj-242,10,
cj-243,cangjie,4,243,Lesson 243,第243課,V;P;T;D;A;B;U;W;H;S;R;O;M;N;I;K;F,V;D;U;P;B;R;T;H;N;F,A;B;D;F;H;I;K;M;N;O;P;R;S;T;U;V;W,u5aa4,媤,U+5AA4,,,VWP,VP,si1,husband's family,1,2,6,2,0.8,12,cj-242,10,
cj-243,cangjie,4,243,Lesson 243,第243課,V;P;T;D;A;B;U;W;H;S;R;O;M;N;I;K;F,V;D;U;P;B;R;T;H;N;F,A;B;D;F;H;I;K;M;N;O;P;R;S;T;U;V;W,u5aa5,媥,U+5AA5,,,VHSB,VB,pin1,lightly circling; lightly fluttering,1,2,6,2,0.8,12,cj-242,10,
cj-243,cangjie,4,243,Lesson 243,第243課,V;P;T;D;A;B;U;W;H;S;R;O;M;N;I;K;F,V;D;U;P;B;R;T;H;N;F,A;B;D;F;H;I;K;M;N;O;P;R;S;T;U;V;W,u5aa7,媧,U+5AA7,,,VBBR,VR,wo1,mythological snail goddess,1,2,6,2,0.8,12,cj-242,10,
cj-243,cangjie,4,243,Lesson 243,第243課,V;P;T;D;A;B;U;W;H;S;R;O;M;N;I;K;F,V;D;U;P;B;R;T;H;N;F,A;B;D;F;H;I;K;M;N;O;P;R;S;T;U;V;W,u5aaa,媪,U+5AAA,,,VABT,VT,ou2,old woman; lower-class woman,1,2,6,2,0.8,12,cj-242,10,
cj-243,cangjie,4,243,Lesson 243,第243課,V;P;T;D;A;B;U;W;H;S;R;O;M;N;I;K;F,V;D;U;P;B;R;T;H;N;F,A;B;D;F;H;I;K;M;N;O;P;R;S;T;U;V;W,u5aac,媬,U+5AAC,,,VORD,VD,bou2,governess; nurse,1,2,6,2,0.8,12,cj-242,10,
cj-243,cangjie,4,243,Lesson 243,第243課,V;P;T;D;A;B;U;W;H;S;R;O;M;N;I;K;F,V;D;U;P;B;R;T;H;N;F,A;B;D;F;H;I;K;M;N;O;P;R;S;T;U;V;W,u5aad,媭,U+5AAD,,,HOV,HV,seoi1,sister,1,2,6,2,0.8,12,cj-242,10,
cj-243,cangjie,4,243,Lesson 243,第243課,V;P;T;D;A;B;U;W;H;S;R;O;M;N;I;K;F,V;D;U;P;B;R;T;H;N;F,A;B;D;F;H;I;K;M;N;O;P;R;S;T;U;V;W,u5aae,媮,U+5AAE,,,VOMN,VN,jyu4,"handsome, cheerful; steal",1,2,6,2,0.8,12,cj-242,10,
cj-243,cangjie,4,243,Lesson 243,第243課,V;P;T;D;A;B;U;W;H;S;R;O;M;N;I;K;F,V;D;U;P;B;R;T;H;N;F,A;B;D;F;H;I;K;M;N;O;P;R;S;T;U;V;W,u5aaf,媯,U+5AAF,,,VIKF,VF,gwai1,family name,1,2,6,2,0.8,12,cj-242,10,
cj-244,cangjie,4,244,Lesson 244,第244課,V;H;W;P;U;B;F;Q;M;I;N;K;E;O;T;S,V;P;B;I;K;H;T;F,B;E;F;H;I;K;M;N;O;P;Q;S;T;U;V;W,u5ab2,媲,U+5AB2,,,VHWP,VP,pei3,"marry off, pair, match; compare",1,2,6,2,0.8,12,cj-243,10,
cj-244,cangjie,4,244,Lesson 244,第244課,V;H;W;P;U;B;F;Q;M;I;N;K;E;O;T;S,V;P;B;I;K;H;T;F,B;E;F;H;I;K;M;N;O;P;Q;S;T;U;V;W,u5ab3,媳,U+5AB3,,,VHUP,VP,sik1,daughter-in-law,1,2,6,2,0.8,12,cj-243,10,
cj-244,cangjie,4,244,Lesson 244,第244課,V;H;W;P;U;B;F;Q;M;I;N;K;E;O;T;S,V;P;B;I;K;H;T;F,B;E;F;H;I;K;M;N;O;P;Q;S;T;U;V;W,u5ab5,媵,U+5AB5,,,BFQV,BV,jing6,a maid who accompanies bride to her new home; to escort; a concubine,1,2,6,2,0.8,12,cj-243,10,
cj-244,cangjie,4,244,Lesson 244,第244課,V;H;W;P;U;B;F;Q;M;I;N;K;E;O;T;S,V;P;B;I;K;H;T;F,B;E;F;H;I;K;M;N;O;P;Q;S;T;U;V;W,u5ab8,媸,U+5AB8,,,VUMI,VI,ci1,an ugly woman,1,2,6,2,0.8,12,cj-243,10,
cj-244,cangjie,4,244,Lesson 244,第244課,V;H;W;P;U;B;F;Q;M;I;N;K;E;O;T;S,V;P;B;I;K;H;T;F,B;E;F;H;I;K;M;N;O;P;Q;S;T;U;V;W,u5aba,媺,U+5ABA,,,VUNK,VK,mei5,beautiful,1,2,6,2,0.8,12,cj-243,10,
cj-244,cangjie,4,244,Lesson 244,第244課,V;H;W;P;U;B;F;Q;M;I;N;K;E;O;T;S,V;P;B;I;K;H;T;F,B;E;F;H;I;K;M;N;O;P;Q;S;T;U;V;W,u5abb,媻,U+5ABB,,,HEV,HV,pun4,to move,1,2,6,2,0.8,12,cj-243,10,
cj-244,cangjie,4,244,Lesson 244,第244課,V;H;W;P;U;B;F;Q;M;I;N;K;E;O;T;S,V;P;B;I;K;H;T;F,B;E;F;H;I;K;M;N;O;P;Q;S;T;U;V;W,u5abc,媼,U+5ABC,,,VWOT,VT,ou2,old woman; lower-class woman,1,2,6,2,0.8,12,cj-243,10,
cj-244,cangjie,4,244,Lesson 244,第244課,V;H;W;P;U;B;F;Q;M;I;N;K;E;O;T;S,V;P;B;I;K;H;T;F,B;E;F;H;I;K;M;N;O;P;Q;S;T;U;V;W,u5abd,媽,U+5ABD,,,VSQF,VF,maa1,"mother, mama",1,2,6,2,0.8,12,cj-243,10,
cj-244,cangjie,4,244,Lesson 244,第244課,V;H;W;P;U;B;F;Q;M;I;N;K;E;O;T;S,V;P;B;I;K;H;T;F,B;E;F;H;I;K;M;N;O;P;Q;S;T;U;V;W,u5abe,媾,U+5ABE,,,VTTB,VB,gau3,marry; be on friendly terms with,1,2,6,2,0.8,12,cj-243,10,
cj-244,cangjie,4,244,Lesson 244,第244課,V;H;W;P;U;B;F;Q;M;I;N;K;E;O;T;S,V;P;B;I;K;H;T;F,B;E;F;H;I;K;M;N;O;P;Q;S;T;U;V;W,u5abf,媿,U+5ABF,,,VHUI,VI,kwai3,"ashamed, conscience-stricken",1,2,6,2,0.8,12,cj-243,10,
cj-245,cangjie,4,245,Lesson 245,第245課,V;J;M;O;H;X;E;F;B;K;N;T;C;I;L;W;S,V;O;E;F;K;M;C;L,B;C;E;F;H;I;J;K;L;M;N;O;S;T;V;W;X,u5ac1,嫁,U+5AC1,,,VJMO,VO,gaa3,"to marry, give a daughter in marriage",1,2,6,2,0.8,12,cj-244,10,
cj-245,cangjie,4,245,Lesson 245,第245課,V;J;M;O;H;X;E;F;B;K;N;T;C;I;L;W;S,V;O;E;F;K;M;C;L,B;C;E;F;H;I;J;K;L;M;N;O;S;T;V;W;X,u5ac2,嫂,U+5AC2,,,VHXE,VE,sou2,"sister-in-law, elder brother's wife",1,2,6,2,0.8,12,cj-244,10,
cj-245,cangjie,4,245,Lesson 245,第245課,V;J;M;O;H;X;E;F;B;K;N;T;C;I;L;W;S,V;O;E;F;K;M;C;L,B;C;E;F;H;I;J;K;L;M;N;O;S;T;V;W;X,u5ac4,嫄,U+5AC4,,,VMHF,VF,jyun4,"an ancient emperor's mother's name, Qiang Yuan, consort to Gu",1,2,6,2,0.8,12,cj-244,10,
cj-245,cangjie,4,245,Lesson 245,第245課,V;J;M;O;H;X;E;F;B;K;N;T;C;I;L;W;S,V;O;E;F;K;M;C;L,B;C;E;F;H;I;J;K;L;M;N;O;S;T;V;W;X,u5ac8,嫈,U+5AC8,,,FFBV,FV,jing1,lady,1,2,6,2,0.8,12,cj-244,10,
cj-245,cangjie,4,245,Lesson 245,第245課,V;J;M;O;H;X;E;F;B;K;N;T;C;I;L;W;S,V;O;E;F;K;M;C;L,B;C;E;F;H;I;J;K;L;M;N;O;S;T;V;W;X,u5ac9,嫉,U+5AC9,,,VKOK,VK,zat6,jealousy; be jealous of,1,2,6,2,0.8,12,cj-244,10,
cj-245,cangjie,4,245,Lesson 245,第245課,V;J;M;O;H;X;E;F;B;K;N;T;C;I;L;W;S,V;O;E;F;K;M;C;L,B;C;E;F;H;I;J;K;L;M;N;O;S;T;V;W;X,u5acb,嫋,U+5ACB,,,VNMM,VM,niu5,slender and delicate,1,2,6,2,0.8,12,cj-244,10,
cj-245,cangjie,4,245,Lesson 245,第245課,V;J;M;O;H;X;E;F;B;K;N;T;C;I;L;W;S,V;O;E;F;K;M;C;L,B;C;E;F;H;I;J;K;L;M;N;O;S;T;V;W;X,u5acc,嫌,U+5ACC,,,VTXC,VC,jim4,"hate, detest; suspect; criticize",1,2,6,2,0.8,12,cj-244,10,
cj-245,cangjie,4,245,Lesson 245,第245課,V;J;M;O;H;X;E;F;B;K;N;T;C;I;L;W;S,V;O;E;F;K;M;C;L,B;C;E;F;H;I;J;K;L;M;N;O;S;T;V;W;X,u5acf,嫏,U+5ACF,,,VIIL,VL,long4,the place where the Celestial Emperor stores books; library,1,2,6,2,0.8,12,cj-244,10,
cj-245,cangjie,4,245,Lesson 245,第245課,V;J;M;O;H;X;E;F;B;K;N;T;C;I;L;W;S,V;O;E;F;K;M;C;L,B;C;E;F;H;I;J;K;L;M;N;O;S;T;V;W;X,u5ad0,嫐,U+5AD0,,,VWSV,VV,nou5,"frolic, play with; flirt with",1,2,6,2,0.8,12,cj-244,10,
cj-245,cangjie,4,245,Lesson 245,第245課,V;J;M;O;H;X;E;F;B;K;N;T;C;I;L;W;S,V;O;E;F;K;M;C;L,B;C;E;F;H;I;J;K;L;M;N;O;S;T;V;W;X,u5ad2,嫒,U+5AD2,,,VBBE,VE,oi3,(your) daughter,1,2,6,2,0.8,12,cj-244,10,
cj-246,cangjie,4,246,Lesson 246,第246課,V;J;O;C;S;K;P;M;W;F;R;A;E;Y;T,V;C;P;F;R;E;S;J,A;C;E;F;J;K;M;O;P;R;S;T;V;W;Y,u5ad4,嫔,U+5AD4,,,VJOC,VC,pan4,court lady; palace maid,1,2,6,2,0.8,12,cj-245,10,
cj-246,cangjie,4,246,Lesson 246,第246課,V;J;O;C;S;K;P;M;W;F;R;A;E;Y;T,V;C;P;F;R;E;S;J,A;C;E;F;J;K;M;O;P;R;S;T;V;W;Y,u5ad5,嫕,U+5AD5,,,VSKP,VP,ai3,"compliant, yielding; easy-going",1,2,6,2,0.8,12,cj-245,10,
cj-246,cangjie,4,246,Lesson 246,第246課,V;J;O;C;S;K;P;M;W;F;R;A;E;Y;T,V;C;P;F;R;E;S;J,A;C;E;F;J;K;M;O;P;R;S;T;V;W;Y,u5ad6,嫖,U+5AD6,,,VMWF,VF,piu4,"patronize prostitutes, frequent",1,2,6,2,0.8,12,cj-245,10,
cj-246,cangjie,4,246,Lesson 246,第246課,V;J;O;C;S;K;P;M;W;F;R;A;E;Y;T,V;C;P;F;R;E;S;J,A;C;E;F;J;K;M;O;P;R;S;T;V;W;Y,u5ad7,嫗,U+5AD7,,,VSRR,VR,jyu3,"old woman, hag",1,2,6,2,0.8,12,cj-245,10,
cj-246,cangjie,4,246,Lesson 246,第246課,V;J;O;C;S;K;P;M;W;F;R;A;E;Y;T,V;C;P;F;R;E;S;J,A;C;E;F;J;K;M;O;P;R;S;T;V;W;Y,u5ad8,嫘,U+5AD8,,,VWVF,VF,leoi4,surname,1,2,6,2,0.8,12,cj-245,10,
cj-246,cangjie,4,246,Lesson 246,第246課,V;J;O;C;S;K;P;M;W;F;R;A;E;Y;T,V;C;P;F;R;E;S;J,A;C;E;F;J;K;M;O;P;R;S;T;V;W;Y,u5ada,嫚,U+5ADA,,,VAWE,VE,maan6,"scorn, despise; be rude, affront",1,2,6,2,0.8,12,cj-245,10,
cj-246,cangjie,4,246,Lesson 246,第246課,V;J;O;C;S;K;P;M;W;F;R;A;E;Y;T,V;C;P;F;R;E;S;J,A;C;E;F;J;K;M;O;P;R;S;T;V;W;Y,u5adb,嫛,U+5ADB,,,SEV,SV,ji1,"compliant, yielding; easy-going a newborn child",1,2,6,2,0.8,12,cj-245,10,
cj-246,cangjie,4,246,Lesson 246,第246課,V;J;O;C;S;K;P;M;W;F;R;A;E;Y;T,V;C;P;F;R;E;S;J,A;C;E;F;J;K;M;O;P;R;S;T;V;W;Y,u5adc,嫜,U+5ADC,,,VYTJ,VJ,zoeng1,husband's father,1,2,6,2,0.8,12,cj-245,10,
cj-246,cangjie,4,246,Lesson 246,第246課,V;J;O;C;S;K;P;M;W;F;R;A;E;Y;T,V;C;P;F;R;E;S;J,A;C;E;F;J;K;M;O;P;R;S;T;V;W;Y,u5adf,嫟,U+5ADF,,,VSTR,VR,nik1,intimate; close relation,1,2,6,2,0.8,12,cj-245,10,
cj-246,cangjie,4,246,Lesson 246,第246課,V;J;O;C;S;K;P;M;W;F;R;A;E;Y;T,V;C;P;F;R;E;S;J,A;C;E;F;J;K;M;O;P;R;S;T;V;W;Y,u5ae0,嫠,U+5AE0,,,JKMV,JV,lei4,a widow,1,2,6,2,0.8,12,cj-245,10,
cj-247,cangjie,4,247,Lesson 247,第247課,V;Y;C;B;M;F;D;L;K;S;H;T;A;P;O;G;W;I,V;B;F;K;H;D;O;W,A;B;C;D;F;G;H;I;K;L;M;O;P;S;T;V;W;Y,u5ae1,嫡,U+5AE1,,,VYCB,VB,dik1,"legal wife, child of legal wife",1,2,6,2,0.8,12,cj-246,10,
cj-247,cangjie,4,247,Lesson 247,第247課,V;Y;C;B;M;F;D;L;K;S;H;T;A;P;O;G;W;I,V;B;F;K;H;D;O;W,A;B;C;D;F;G;H;I;K;L;M;O;P;S;T;V;W;Y,u5ae3,嫣,U+5AE3,,,VMYF,VF,jin1,"charming, fascinating; gay",1,2,6,2,0.8,12,cj-246,10,
cj-247,cangjie,4,247,Lesson 247,第247課,V;Y;C;B;M;F;D;L;K;S;H;T;A;P;O;G;W;I,V;B;F;K;H;D;O;W,A;B;C;D;F;G;H;I;K;L;M;O;P;S;T;V;W;Y,u5ae6,嫦,U+5AE6,,,VFBB,VB,soeng4,name of a moon goddess,1,2,6,2,0.8,12,cj-246,10,
cj-247,cangjie,4,247,Lesson 247,第247課,V;Y;C;B;M;F;D;L;K;S;H;T;A;P;O;G;W;I,V;B;F;K;H;D;O;W,A;B;C;D;F;G;H;I;K;L;M;O;P;S;T;V;W;Y,u5ae9,嫩,U+5AE9,,,VDLK,VK,nyun6,"soft, tender, delicate; young",1,2,6,2,0.8,12,cj-246,10,
cj-247,cangjie,4,247,Lesson 247,第247課,V;Y;C;B;M;F;D;L;K;S;H;T;A;P;O;G;W;I,V;B;F;K;H;D;O;W,A;B;C;D;F;G;H;I;K;L;M;O;P;S;T;V;W;Y,u5aea,嫪,U+5AEA,,,VSMH,VH,lou6,hanker,1,2,6,2,0.8,12,cj-246,10,
cj-247,cangjie,4,247,Lesson 247,第247課,V;Y;C;B;M;F;D;L;K;S;H;T;A;P;O;G;W;I,V;B;F;K;H;D;O;W,A;B;C;D;F;G;H;I;K;L;M;O;P;S;T;V;W;Y,u5aeb,嫫,U+5AEB,,,VTAK,VK,mou4,Huangdi's ugly concubine; nurse,1,2,6,2,0.8,12,cj-246,10,
cj-247,cangjie,4,247,Lesson 247,第247課,V;Y;C;B;M;F;D;L;K;S;H;T;A;P;O;G;W;I,V;B;F;K;H;D;O;W,A;B;C;D;F;G;H;I;K;L;M;O;P;S;T;V;W;Y,u5aed,嫭,U+5AED,,,VYPD,VD,wu6,beautiful woman,1,2,6,2,0.8,12,cj-246,10,
cj-247,cangjie,4,247,Lesson 247,第247課,V;Y;C;B;M;F;D;L;K;S;H;T;A;P;O;G;W;I,V;B;F;K;H;D;O;W,A;B;C;D;F;G;H;I;K;L;M;O;P;S;T;V;W;Y,u5af0,嫰,U+5AF0,,,VDLO,VO,nyun6,"tender, delicate, soft",1,2,6,2,0.8,12,cj-246,10,
cj-247,cangjie,4,247,Lesson 247,第247課,V;Y;C;B;M;F;D;L;K;S;H;T;A;P;O;G;W;I,V;B;F;K;H;D;O;W,A;B;C;D;F;G;H;I;K;L;M;O;P;S;T;V;W;Y,u5af1,嫱,U+5AF1,,,VGCW,VW,coeng4,lady,1,2,6,2,0.8,12,cj-246,10,
cj-247,cangjie,4,247,Lesson 247,第247課,V;Y;C;B;M;F;D;L;K;S;H;T;A;P;O;G;W;I,V;B;F;K;H;D;O;W,A;B;C;D;F;G;H;I;K;L;M;O;P;S;T;V;W;Y,u5af2,嫲,U+5AF2,,,VIDD,VD,maa4,(Cant.) paternal grandmother,1,2,6,2,0.8,12,cj-246,10,
cj-248,cangjie,4,248,Lesson 248,第248課,V;O;T;F;A;N;B;D;K;C;L;G;M;H;J;U;R,V;F;B;D;M;H;J;U;R,A;B;C;D;F;G;H;J;K;L;M;N;O;R;T;U;V,u5af5,嫵,U+5AF5,,,VOTF,VF,mou5,"charming, enchanting",1,2,6,2,0.8,12,cj-247,10,
cj-248,cangjie,4,248,Lesson 248,第248課,V;O;T;F;A;N;B;D;K;C;L;G;M;H;J;U;R,V;F;B;D;M;H;J;U;R,A;B;C;D;F;G;H;J;K;L;M;N;O;R;T;U;V,u5afa,嫺,U+5AFA,,,VANB,VB,haan4,"refined, elegant, gracious",1,2,6,2,0.8,12,cj-247,10,
cj-248,cangjie,4,248,Lesson 248,第248課,V;O;T;F;A;N;B;D;K;C;L;G;M;H;J;U;R,V;F;B;D;M;H;J;U;R,A;B;C;D;F;G;H;J;K;L;M;N;O;R;T;U;V,u5afb,嫻,U+5AFB,,,VAND,VD,haan4,"elegant, refined; skillful",1,2,6,2,0.8,12,cj-247,10,
cj-248,cangjie,4,248,Lesson 248,第248課,V;O;T;F;A;N;B;D;K;C;L;G;M;H;J;U;R,V;F;B;D;M;H;J;U;R,A;B;C;D;F;G;H;J;K;L;M;N;O;R;T;U;V,u5afd,嫽,U+5AFD,,,VKCF,VF,liu4,play with; (Cant.) to provoke,1,2,6,2,0.8,12,cj-247,10,
cj-248,cangjie,4,248,Lesson 248,第248課,V;O;T;F;A;N;B;D;K;C;L;G;M;H;J;U;R,V;F;B;D;M;H;J;U;R,A;B;C;D;F;G;H;J;K;L;M;N;O;R;T;U;V,u5aff,嫿,U+5AFF,,,VLGM,VM,waak6,tranquil,1,2,6,2,0.8,12,cj-247,10,
cj-248,cangjie,4,248,Lesson 248,第248課,V;O;T;F;A;N;B;D;K;C;L;G;M;H;J;U;R,V;F;B;D;M;H;J;U;R,A;B;C;D;F;G;H;J;K;L;M;N;O;R;T;U;V,u5b00,嬀,U+5B00,,,VBHF,VF,gwai1,name of a river in Shanxi; crafty,1,2,6,2,0.8,12,cj-247,10,
cj-248,cangjie,4,248,Lesson 248,第248課,V;O;T;F;A;N;B;D;K;C;L;G;M;H;J;U;R,V;F;B;D;M;H;J;U;R,A;B;C;D;F;G;H;J;K;L;M;N;O;R;T;U;V,u5b03,嬃,U+5B03,,,HCV,HV,seoi1,sister,1,2,6,2,0.8,12,cj-247,10,
cj-248,cangjie,4,248,Lesson 248,第248課,V;O;T;F;A;N;B;D;K;C;L;G;M;H;J;U;R,V;F;B;D;M;H;J;U;R,A;B;C;D;F;G;H;J;K;L;M;N;O;R;T;U;V,u5b05,嬅,U+5B05,,,VTMJ,VJ,waa6,beautiful; used in girls' names,1,2,6,2,0.8,12,cj-247,10,
cj-248,cangjie,4,248,Lesson 248,第248課,V;O;T;F;A;N;B;D;K;C;L;G;M;H;J;U;R,V;F;B;D;M;H;J;U;R,A;B;C;D;F;G;H;J;K;L;M;N;O;R;T;U;V,u5b08,嬈,U+5B08,,,VGGU,VU,jiu2,"graceful, charming, fascinating",1,2,6,2,0.8,12,cj-247,10,
cj-248,cangjie,4,248,Lesson 248,第248課,V;O;T;F;A;N;B;D;K;C;L;G;M;H;J;U;R,V;F;B;D;M;H;J;U;R,A;B;C;D;F;G;H;J;K;L;M;N;O;R;T;U;V,u5b09,嬉,U+5B09,,,VGRR,VR,hei1,"enjoy; play, amuse oneself",1,2,6,2,0.8,12,cj-247,10,
cj-249,cangjie,4,249,Lesson 249,第249課,V;R;J;H;K;B;N;U;M;S;Y;W;G;O;L;A,V;J;B;M;K;S;W,A;B;G;H;J;K;L;M;N;O;R;S;U;V;W;Y,u5b0b,嬋,U+5B0B,,,VRRJ,VJ,sim4,"beautiful, lovely, pretty, graceful",1,2,6,2,0.8,12,cj-248,10,
cj-249,cangjie,4,249,Lesson 249,第249課,V;R;J;H;K;B;N;U;M;S;Y;W;G;O;L;A,V;J;B;M;K;S;W,A;B;G;H;J;K;L;M;N;O;R;S;U;V;W;Y,u5b0c,嬌,U+5B0C,,,VHKB,VB,giu1,seductive and loveable; tender,1,2,6,2,0.8,12,cj-248,10,
cj-249,cangjie,4,249,Lesson 249,第249課,V;R;J;H;K;B;N;U;M;S;Y;W;G;O;L;A,V;J;B;M;K;S;W,A;B;G;H;J;K;L;M;N;O;R;S;U;V;W;Y,u5b0e,嬎,U+5B0E,,,VNUM,VM,faan3,"to bear multiple, identical, offspring",1,2,6,2,0.8,12,cj-248,10,
cj-249,cangjie,4,249,Lesson 249,第249課,V;R;J;H;K;B;N;U;M;S;Y;W;G;O;L;A,V;J;B;M;K;S;W,A;B;G;H;J;K;L;M;N;O;R;S;U;V;W;Y,u5b13,嬓,U+5B13,,,VHSK,VK,giu3,used in names,1,2,6,2,0.8,12,cj-248,10,
cj-249,cangjie,4,249,Lesson 249,第249課,V;R;J;H;K;B;N;U;M;S;Y;W;G;O;L;A,V;J;B;M;K;S;W,A;B;G;H;J;K;L;M;N;O;R;S;U;V;W;Y,u5b14,嬔,U+5B14,,,VNUM,VM,faan3,baby rabbit,1,2,6,2,0.8,12,cj-248,10,
cj-249,cangjie,4,249,Lesson 249,第249課,V;R;J;H;K;B;N;U;M;S;Y;W;G;O;L;A,V;J;B;M;K;S;W,A;B;G;H;J;K;L;M;N;O;R;S;U;V;W;Y,u5b16,嬖,U+5B16,,,SJV,SV,pei3,favorite; a minion,1,2,6,2,0.8,12,cj-248,10,
cj-249,cangjie,4,249,Lesson 249,第249課,V;R;J;H;K;B;N;U;M;S;Y;W;G;O;L;A,V;J;B;M;K;S;W,A;B;G;H;J;K;L;M;N;O;R;S;U;V;W;Y,u5b17,嬗,U+5B17,,,VYWM,VM,sin6,succession to the throne,1,2,6,2,0.8,12,cj-248,10,
cj-249,cangjie,4,249,Lesson 249,第249課,V;R;J;H;K;B;N;U;M;S;Y;W;G;O;L;A,V;J;B;M;K;S;W,A;B;G;H;J;K;L;M;N;O;R;S;U;V;W;Y,u5b19,嬙,U+5B19,,,VGOW,VW,coeng4,lady,1,2,6,2,0.8,12,cj-248,10,
cj-249,cangjie,4,249,Lesson 249,第249課,V;R;J;H;K;B;N;U;M;S;Y;W;G;O;L;A,V;J;B;M;K;S;W,A;B;G;H;J;K;L;M;N;O;R;S;U;V;W;Y,u5b1b,嬛,U+5B1B,,,VWLV,VV,waan4,"apt, clever; sycophant, flatterer",1,2,6,2,0.8,12,cj-248,10,
cj-249,cangjie,4,249,Lesson 249,第249課,V;R;J;H;K;B;N;U;M;S;Y;W;G;O;L;A,V;J;B;M;K;S;W,A;B;G;H;J;K;L;M;N;O;R;S;U;V;W;Y,u5b1d,嬝,U+5B1D,,,VHAV,VV,niu5,delicate; graceful,1,2,6,2,0.8,12,cj-248,10,
cj-250,cangjie,4,250,Lesson 250,第250課,V;B;E;Y;C;I;J;M;F;W;S;N;H;U;L,V;E;I;C;B;W;S;Y;L,B;C;E;F;H;I;J;L;M;N;S;U;V;W;Y,u5b21,嬡,U+5B21,,,VBBE,VE,oi3,(your) daughter,1,2,6,2,0.8,12,cj-249,10,
cj-250,cangjie,4,250,Lesson 250,第250課,V;B;E;Y;C;I;J;M;F;W;S;N;H;U;L,V;E;I;C;B;W;S;Y;L,B;C;E;F;H;I;J;L;M;N;S;U;V;W;Y,u5b22,嬢,U+5B22,,,VYCV,VV,noeng4,"troubled, oppressed; fat; mother",1,2,6,2,0.8,12,cj-249,10,
cj-250,cangjie,4,250,Lesson 250,第250課,V;B;E;Y;C;I;J;M;F;W;S;N;H;U;L,V;E;I;C;B;W;S;Y;L,B;C;E;F;H;I;J;L;M;N;S;U;V;W;Y,u5b24,嬤,U+5B24,,,VICI,VI,maa1,mother,1,2,6,2,0.8,12,cj-249,10,
cj-250,cangjie,4,250,Lesson 250,第250課,V;B;E;Y;C;I;J;M;F;W;S;N;H;U;L,V;E;I;C;B;W;S;Y;L,B;C;E;F;H;I;J;L;M;N;S;U;V;W;Y,u5b2a,嬪,U+5B2A,,,VJMC,VC,pan4,court lady; palace maid,1,2,6,2,0.8,12,cj-249,10,
cj-250,cangjie,4,250,Lesson 250,第250課,V;B;E;Y;C;I;J;M;F;W;S;N;H;U;L,V;E;I;C;B;W;S;Y;L,B;C;E;F;H;I;J;L;M;N;S;U;V;W;Y,u5b2c,嬬,U+5B2C,,,VMBB,VB,jyu4,"mistress, concubine; weak",1,2,6,2,0.8,12,cj-249,10,
cj-250,cangjie,4,250,Lesson 250,第250課,V;B;E;Y;C;I;J;M;F;W;S;N;H;U;L,V;E;I;C;B;W;S;Y;L,B;C;E;F;H;I;J;L;M;N;S;U;V;W;Y,u5b2d,嬭,U+5B2D,,,VMFB,VB,naai5,milk; suckle; breasts,1,2,6,2,0.8,12,cj-249,10,
cj-250,cangjie,4,250,Lesson 250,第250課,V;B;E;Y;C;I;J;M;F;W;S;N;H;U;L,V;E;I;C;B;W;S;Y;L,B;C;E;F;H;I;J;L;M;N;S;U;V;W;Y,u5b30,嬰,U+5B30,,,BCV,BV,jing1,"baby, infant; bother",1,2,6,2,0.8,12,cj-249,10,
cj-250,cangjie,4,250,Lesson 250,第250課,V;B;E;Y;C;I;J;M;F;W;S;N;H;U;L,V;E;I;C;B;W;S;Y;L,B;C;E;F;H;I;J;L;M;N;S;U;V;W;Y,u5b32,嬲,U+5B32,,,WSVWS,WS,niu5,"frolic, play with; flirt with; (Cant.) angry",1,2,6,2,0.8,12,cj-249,10,
cj-250,cangjie,4,250,Lesson 250,第250課,V;B;E;Y;C;I;J;M;F;W;S;N;H;U;L,V;E;I;C;B;W;S;Y;L,B;C;E;F;H;I;J;L;M;N;S;U;V;W;Y,u5b34,嬴,U+5B34,,,YNV,YV,jing4,to win; to have a surplus; surname,1,2,6,2,0.8,12,cj-249,10,
cj-250,cangjie,4,250,Lesson 250,第250課,V;B;E;Y;C;I;J;M;F;W;S;N;H;U;L,V;E;I;C;B;W;S;Y;L,B;C;E;F;H;I;J;L;M;N;S;U;V;W;Y,u5b36,嬶,U+5B36,,,VHUL,VL,bei6,a wife (vulgar),1,2,6,2,0.8,12,cj-249,10,
cj-251,cangjie,4,251,Lesson 251,第251課,V;I;D;J;H;W;L;C;T;F;M;B;U;Y;R;O;N,V;I;W;C;F;U;M;N;D,B;C;D;F;H;I;J;L;M;N;O;R;T;U;V;W;Y,u5b37,嬷,U+5B37,,,VIDI,VI,maa1,mother,1,2,6,2,0.8,12,cj-250,10,
cj-251,cangjie,4,251,Lesson 251,第251課,V;I;D;J;H;W;L;C;T;F;M;B;U;Y;R;O;N,V;I;W;C;F;U;M;N;D,B;C;D;F;H;I;J;L;M;N;O;R;T;U;V;W;Y,u5b38,嬸,U+5B38,,,VJHW,VW,sam2,wife of father's younger brother,1,2,6,2,0.8,12,cj-250,10,
cj-251,cangjie,4,251,Lesson 251,第251課,V;I;D;J;H;W;L;C;T;F;M;B;U;Y;R;O;N,V;I;W;C;F;U;M;N;D,B;C;D;F;H;I;J;L;M;N;O;R;T;U;V;W;Y,u5b3e,嬾,U+5B3E,,,VDLC,VC,laan5,"lazy, languid, listless",1,2,6,2,0.8,12,cj-250,10,
cj-251,cangjie,4,251,Lesson 251,第251課,V;I;D;J;H;W;L;C;T;F;M;B;U;Y;R;O;N,V;I;W;C;F;U;M;N;D,B;C;D;F;H;I;J;L;M;N;O;R;T;U;V;W;Y,u5b3f,嬿,U+5B3F,,,VTLF,VF,jin2,lovely,1,2,6,2,0.8,12,cj-250,10,
cj-251,cangjie,4,251,Lesson 251,第251課,V;I;D;J;H;W;L;C;T;F;M;B;U;Y;R;O;N,V;I;W;C;F;U;M;N;D,B;C;D;F;H;I;J;L;M;N;O;R;T;U;V;W;Y,u5b40,孀,U+5B40,,,VMBU,VU,soeng1,widow,1,2,6,2,0.8,12,cj-250,10,
cj-251,cangjie,4,251,Lesson 251,第251課,V;I;D;J;H;W;L;C;T;F;M;B;U;Y;R;O;N,V;I;W;C;F;U;M;N;D,B;C;D;F;H;I;J;L;M;N;O;R;T;U;V;W;Y,u5b43,孃,U+5B43,,,VYRV,VV,noeng4,"troubled, oppressed; fat; mother",1,2,6,2,0.8,12,cj-250,10,
cj-251,cangjie,4,251,Lesson 251,第251課,V;I;D;J;H;W;L;C;T;F;M;B;U;Y;R;O;N,V;I;W;C;F;U;M;N;D,B;C;D;F;H;I;J;L;M;N;O;R;T;U;V;W;Y,u5b45,孅,U+5B45,,,VOIM,VM,cim1,"slender, thin; sharp-pointed",1,2,6,2,0.8,12,cj-250,10,
cj-251,cangjie,4,251,Lesson 251,第251課,V;I;D;J;H;W;L;C;T;F;M;B;U;Y;R;O;N,V;I;W;C;F;U;M;N;D,B;C;D;F;H;I;J;L;M;N;O;R;T;U;V;W;Y,u5b4c,孌,U+5B4C,,,VFV,VV,lyun2,"lovely, beautiful; docile, obedient",1,2,6,2,0.8,12,cj-250,10,
cj-251,cangjie,4,251,Lesson 251,第251課,V;I;D;J;H;W;L;C;T;F;M;B;U;Y;R;O;N,V;I;W;C;F;U;M;N;D,B;C;D;F;H;I;J;L;M;N;O;R;T;U;V;W;Y,u5b50,子,U+5B50,,,ND,ND,zi2,"offspring, child; fruit, seed of; first earthly branch",1,2,6,2,0.8,12,cj-250,10,
cj-251,cangjie,4,251,Lesson 251,第251課,V;I;D;J;H;W;L;C;T;F;M;B;U;Y;R;O;N,V;I;W;C;F;U;M;N;D,B;C;D;F;H;I;J;L;M;N;O;R;T;U;V;W;Y,u5b51,孑,U+5B51,,,NNM,NM,kit3,"remaining, left-over; lonely",1,2,6,2,0.8,12,cj-250,10,
cj-252,cangjie,4,252,Lesson 252,第252課,N;M;O;D;U;S;J;K;L;F;B,N;M;O;U;D;J;K;F;B,B;D;F;J;K;L;M;N;O;S;U,u5b52,孒,U+5B52,,,NNM,NM,kyut3,larvae of the mosquito,1,2,6,2,0.8,12,cj-251,10,
cj-252,cangjie,4,252,Lesson 252,第252課,N;M;O;D;U;S;J;K;L;F;B,N;M;O;U;D;J;K;F;B,B;D;F;J;K;L;M;N;O;S;U,u5b53,孓,U+5B53,,,NNO,NO,kyut3,beautiful,1,2,6,2,0.8,12,cj-251,10,
cj-252,cangjie,4,252,Lesson 252,第252課,N;M;O;D;U;S;J;K;L;F;B,N;M;O;U;D;J;K;F;B,B;D;F;J;K;L;M;N;O;S;U,u5b54,孔,U+5B54,,,NDU,NU,hung2,"opening, hole, orifice; great",1,2,6,2,0.8,12,cj-251,10,
cj-252,cangjie,4,252,Lesson 252,第252課,N;M;O;D;U;S;J;K;L;F;B,N;M;O;U;D;J;K;F;B,B;D;F;J;K;L;M;N;O;S;U,u5b55,孕,U+5B55,,,NSND,ND,jan6,be pregnant; pregnancy,1,2,6,2,0.8,12,cj-251,10,
cj-252,cangjie,4,252,Lesson 252,第252課,N;M;O;D;U;S;J;K;L;F;B,N;M;O;U;D;J;K;F;B,B;D;F;J;K;L;M;N;O;S;U,u5b56,孖,U+5B56,,,NDND,ND,zi1,twins,1,2,6,2,0.8,12,cj-251,10,
cj-252,cangjie,4,252,Lesson 252,第252課,N;M;O;D;U;S;J;K;L;F;B,N;M;O;U;D;J;K;F;B,B;D;F;J;K;L;M;N;O;S;U,u5b57,字,U+5B57,,,JND,JD,zi6,"letter, character, word",1,2,6,2,0.8,12,cj-251,10,
cj-252,cangjie,4,252,Lesson 252,第252課,N;M;O;D;U;S;J;K;L;F;B,N;M;O;U;D;J;K;F;B,B;D;F;J;K;L;M;N;O;S;U,u5b58,存,U+5B58,,,KLND,KD,cyun4,"exist, live, be; survive; remain",1,2,6,2,0.8,12,cj-251,10,
cj-252,cangjie,4,252,Lesson 252,第252課,N;M;O;D;U;S;J;K;L;F;B,N;M;O;U;D;J;K;F;B,B;D;F;J;K;L;M;N;O;S;U,u5b59,孙,U+5B59,,,NDF,NF,syun1,"grandchild, descendent; surname",1,2,6,2,0.8,12,cj-251,10,
cj-252,cangjie,4,252,Lesson 252,第252課,N;M;O;D;U;S;J;K;L;F;B,N;M;O;U;D;J;K;F;B,B;D;F;J;K;L;M;N;O;S;U,u5b5a,孚,U+5B5A,,,BND,BD,fu1,brood over eggs; have confidence,1,2,6,2,0.8,12,cj-251,10,
cj-252,cangjie,4,252,Lesson 252,第252課,N;M;O;D;U;S;J;K;L;F;B,N;M;O;U;D;J;K;F;B,B;D;F;J;K;L;M;N;O;S;U,u5b5b,孛,U+5B5B,,,JBND,JD,bui6,comet,1,2,6,2,0.8,12,cj-251,10,
cj-253,cangjie,4,253,Lesson 253,第253課,N;D;O;K;J;B;T;P;R;U;H;V;E;F;Y;C,N;K;J;D;T;U;H;O;V;F;Y,B;C;D;E;F;H;J;K;N;O;P;R;T;U;V;Y,u5b5c,孜,U+5B5C,,,NDOK,NK,zi1,be as diligent as possible,1,2,6,2,0.8,12,cj-252,10,
cj-253,cangjie,4,253,Lesson 253,第253課,N;D;O;K;J;B;T;P;R;U;H;V;E;F;Y;C,N;K;J;D;T;U;H;O;V;F;Y,B;C;D;E;F;H;J;K;N;O;P;R;T;U;V;Y,u5b5d,孝,U+5B5D,,,JKND,JD,haau3,"filial piety, obedience; mourning",1,2,6,2,0.8,12,cj-252,10,
cj-253,cangjie,4,253,Lesson 253,第253課,N;D;O;K;J;B;T;P;R;U;H;V;E;F;Y;C,N;K;J;D;T;U;H;O;V;F;Y,B;C;D;E;F;H;J;K;N;O;P;R;T;U;V;Y,u5b5f,孟,U+5B5F,,,NDBT,NT,maang6,"first in series; great, eminent",1,2,6,2,0.8,12,cj-252,10,
cj-253,cangjie,4,253,Lesson 253,第253課,N;D;O;K;J;B;T;P;R;U;H;V;E;F;Y;C,N;K;J;D;T;U;H;O;V;F;Y,B;C;D;E;F;H;J;K;N;O;P;R;T;U;V;Y,u5b62,孢,U+5B62,,,NDPRU,NU,baau1,spore,1,2,6,2,0.8,12,cj-252,10,
cj-253,cangjie,4,253,Lesson 253,第253課,N;D;O;K;J;B;T;P;R;U;H;V;E;F;Y;C,N;K;J;D;T;U;H;O;V;F;Y,B;C;D;E;F;H;J;K;N;O;P;R;T;U;V;Y,u5b63,季,U+5B63,,,HDND,HD,gwai3,quarter of year; season; surname,1,2,6,2,0.8,12,cj-252,10,
cj-253,cangjie,4,253,Lesson 253,第253課,N;D;O;K;J;B;T;P;R;U;H;V;E;F;Y;C,N;K;J;D;T;U;H;O;V;F;Y,B;C;D;E;F;H;J;K;N;O;P;R;T;U;V;Y,u5b64,孤,U+5B64,,,NDHVO,NO,gu1,"orphan, fatherless; solitary",1,2,6,2,0.8,12,cj-252,10,
cj-253,cangjie,4,253,Lesson 253,第253課,N;D;O;K;J;B;T;P;R;U;H;V;E;F;Y;C,N;K;J;D;T;U;H;O;V;F;Y,B;C;D;E;F;H;J;K;N;O;P;R;T;U;V;Y,u5b65,孥,U+5B65,,,VEND,VD,nou4,one's children,1,2,6,2,0.8,12,cj-252,10,
cj-253,cangjie,4,253,Lesson 253,第253課,N;D;O;K;J;B;T;P;R;U;H;V;E;F;Y;C,N;K;J;D;T;U;H;O;V;F;Y,B;C;D;E;F;H;J;K;N;O;P;R;T;U;V;Y,u5b66,学,U+5B66,,,FBND,FD,hok6,"learning, knowledge; school",1,2,6,2,0.8,12,cj-252,10,
cj-253,cangjie,4,253,Lesson 253,第253課,N;D;O;K;J;B;T;P;R;U;H;V;E;F;Y;C,N;K;J;D;T;U;H;O;V;F;Y,B;C;D;E;F;H;J;K;N;O;P;R;T;U;V;Y,u5b69,孩,U+5B69,,,NDYVO,NO,haai4,"baby, child; children",1,2,6,2,0.8,12,cj-252,10,
cj-253,cangjie,4,253,Lesson 253,第253課,N;D;O;K;J;B;T;P;R;U;H;V;E;F;Y;C,N;K;J;D;T;U;H;O;V;F;Y,B;C;D;E;F;H;J;K;N;O;P;R;T;U;V;Y,u5b6a,孪,U+5B6A,,,YCND,YD,lyun4,twins,1,2,6,2,0.8,12,cj-252,10,
cj-254,cangjie,4,254,Lesson 254,第254課,N;D;H;V;F;M;B;U;C;Y;K;I;S;T;L,N;F;M;D;C;Y;I;S;T;H;B,B;C;D;F;H;I;K;L;M;N;S;T;U;V;Y,u5b6b,孫,U+5B6B,,,NDHVF,NF,syun1,"grandchild, descendent; surname",1,2,6,2,0.8,12,cj-253,10,
cj-254,cangjie,4,254,Lesson 254,第254課,N;D;H;V;F;M;B;U;C;Y;K;I;S;T;L,N;F;M;D;C;Y;I;S;T;H;B,B;C;D;F;H;I;K;L;M;N;S;T;U;V;Y,u5b6c,孬,U+5B6C,,,MFVND,MD,naau1,bad; cowardly,1,2,6,2,0.8,12,cj-253,10,
cj-254,cangjie,4,254,Lesson 254,第254課,N;D;H;V;F;M;B;U;C;Y;K;I;S;T;L,N;F;M;D;C;Y;I;S;T;H;B,B;C;D;F;H;I;K;L;M;N;S;T;U;V;Y,u5b6d,孭,U+5B6D,,,NDBUC,NC,me1,(Cant.) to carry on the back,1,2,6,2,0.8,12,cj-253,10,
cj-254,cangjie,4,254,Lesson 254,第254課,N;D;H;V;F;M;B;U;C;Y;K;I;S;T;L,N;F;M;D;C;Y;I;S;T;H;B,B;C;D;F;H;I;K;L;M;N;S;T;U;V;Y,u5b70,孰,U+5B70,,,YDKNI,YI,suk6,who? which? what? which one?,1,2,6,2,0.8,12,cj-253,10,
cj-254,cangjie,4,254,Lesson 254,第254課,N;D;H;V;F;M;B;U;C;Y;K;I;S;T;L,N;F;M;D;C;Y;I;S;T;H;B,B;C;D;F;H;I;K;L;M;N;S;T;U;V;Y,u5b71,孱,U+5B71,,,SNDD,SD,saan4,"weak, unfit, frail, feeble",1,2,6,2,0.8,12,cj-253,10,
cj-254,cangjie,4,254,Lesson 254,第254課,N;D;H;V;F;M;B;U;C;Y;K;I;S;T;L,N;F;M;D;C;Y;I;S;T;H;B,B;C;D;F;H;I;K;L;M;N;S;T;U;V;Y,u5b73,孳,U+5B73,,,TVID,TD,zi1,breed in large numbers,1,2,6,2,0.8,12,cj-253,10,
cj-254,cangjie,4,254,Lesson 254,第254課,N;D;H;V;F;M;B;U;C;Y;K;I;S;T;L,N;F;M;D;C;Y;I;S;T;H;B,B;C;D;F;H;I;K;L;M;N;S;T;U;V;Y,u5b75,孵,U+5B75,,,HHSLD,HD,fu1,"sit on eggs, hatch",1,2,6,2,0.8,12,cj-253,10,
cj-254,cangjie,4,254,Lesson 254,第254課,N;D;H;V;F;M;B;U;C;Y;K;I;S;T;L,N;F;M;D;C;Y;I;S;T;H;B,B;C;D;F;H;I;K;L;M;N;S;T;U;V;Y,u5b76,孶,U+5B76,,,YIND,YD,zi1,(variant of 孳) to breed in large numbers,1,2,6,2,0.8,12,cj-253,10,
cj-254,cangjie,4,254,Lesson 254,第254課,N;D;H;V;F;M;B;U;C;Y;K;I;S;T;L,N;F;M;D;C;Y;I;S;T;H;B,B;C;D;F;H;I;K;L;M;N;S;T;U;V;Y,u5b78,學,U+5B78,,,HBND,HD,hok6,"learning, knowledge; school",1,2,6,2,0.8,12,cj-253,10,
cj-254,cangjie,4,254,Lesson 254,第254課,N;D;H;V;F;M;B;U;C;Y;K;I;S;T;L,N;F;M;D;C;Y;I;S;T;H;B,B;C;D;F;H;I;K;L;M;N;S;T;U;V;Y,u5b7a,孺,U+5B7A,,,NDMBB,NB,jyu6,child; blood relation; affection,1,2,6,2,0.8,12,cj-253,10,
cj-255,cangjie,4,255,Lesson 255,第255課,N;D;L;M;T;U;J;B;C;V;F;I;H;P;K,N;T;U;D;V;I;B;J;P,B;C;D;F;H;I;J;K;L;M;N;P;T;U;V,u5b7b,孻,U+5B7B,,,NDLMT,NT,laai1,last,1,2,6,2,0.8,12,cj-254,10,
cj-255,cangjie,4,255,Lesson 255,第255課,N;D;L;M;T;U;J;B;C;V;F;I;H;P;K,N;T;U;D;V;I;B;J;P,B;C;D;F;H;I;J;K;L;M;N;P;T;U;V,u5b7c,孼,U+5B7C,,,UJND,UD,jit6,"misfortune; sin, evil",1,2,6,2,0.8,12,cj-254,10,
cj-255,cangjie,4,255,Lesson 255,第255課,N;D;L;M;T;U;J;B;C;V;F;I;H;P;K,N;T;U;D;V;I;B;J;P,B;C;D;F;H;I;J;K;L;M;N;P;T;U;V,u5b7d,孽,U+5B7D,,,TJND,TD,jit6,evil; son of concubine; ghost,1,2,6,2,0.8,12,cj-254,10,
cj-255,cangjie,4,255,Lesson 255,第255課,N;D;L;M;T;U;J;B;C;V;F;I;H;P;K,N;T;U;D;V;I;B;J;P,B;C;D;F;H;I;J;K;L;M;N;P;T;U;V,u5b7e,孾,U+5B7E,,,NDBCV,NV,jing1,"a baby, especially a girl, an infant",1,2,6,2,0.8,12,cj-254,10,
cj-255,cangjie,4,255,Lesson 255,第255課,N;D;L;M;T;U;J;B;C;V;F;I;H;P;K,N;T;U;D;V;I;B;J;P,B;C;D;F;H;I;J;K;L;M;N;P;T;U;V,u5b7f,孿,U+5B7F,,,VFND,VD,lyun4,twins,1,2,6,2,0.8,12,cj-254,10,
cj-255,cangjie,4,255,Lesson 255,第255課,N;D;L;M;T;U;J;B;C;V;F;I;H;P;K,N;T;U;D;V;I;B;J;P,B;C;D;F;H;I;J;K;L;M;N;P;T;U;V,u5b80,宀,U+5B80,,,IB,IB,min4,roof; Kangxi radical 40,1,2,6,2,0.8,12,cj-254,10,
cj-255,cangjie,4,255,Lesson 255,第255課,N;D;L;M;T;U;J;B;C;V;F;I;H;P;K,N;T;U;D;V;I;B;J;P,B;C;D;F;H;I;J;K;L;M;N;P;T;U;V,u5b81,宁,U+5B81,,,JMN,JN,ning4,"calm, peaceful, serene; healthy",1,2,6,2,0.8,12,cj-254,10,
cj-255,cangjie,4,255,Lesson 255,第255課,N;D;L;M;T;U;J;B;C;V;F;I;H;P;K,N;T;U;D;V;I;B;J;P,B;C;D;F;H;I;J;K;L;M;N;P;T;U;V,u5b82,宂,U+5B82,,,JHN,JN,jung2,"scattered, mixed affairs; duties; occupation business",1,2,6,2,0.8,12,cj-254,10,
cj-255,cangjie,4,255,Lesson 255,第255課,N;D;L;M;T;U;J;B;C;V;F;I;H;P;K,N;T;U;D;V;I;B;J;P,B;C;D;F;H;I;J;K;L;M;N;P;T;U;V,u5b83,它,U+5B83,,,JP,JP,taa1,it; other,1,2,6,2,0.8,12,cj-254,10,
cj-255,cangjie,4,255,Lesson 255,第255課,N;D;L;M;T;U;J;B;C;V;F;I;H;P;K,N;T;U;D;V;I;B;J;P,B;C;D;F;H;I;J;K;L;M;N;P;T;U;V,u5b84,宄,U+5B84,,,JKN,JN,gwai2,a traitor; a villain,1,2,6,2,0.8,12,cj-254,10,
cj-256,cangjie,4,256,Lesson 256,第256課,J;H;P;M;D;I;V;U;Y;C;K;N,J;P;D;I;V;U;C;M;H,C;D;H;I;J;K;M;N;P;U;V;Y,u5b85,宅,U+5B85,,,JHP,JP,zaak6,"residence, dwelling, home; grave",1,2,6,2,0.8,12,cj-255,10,
cj-256,cangjie,4,256,Lesson 256,第256課,J;H;P;M;D;I;V;U;Y;C;K;N,J;P;D;I;V;U;C;M;H,C;D;H;I;J;K;M;N;P;U;V;Y,u5b87,宇,U+5B87,,,JMD,JD,jyu5,"house; building, structure; eaves",1,2,6,2,0.8,12,cj-255,10,
cj-256,cangjie,4,256,Lesson 256,第256課,J;H;P;M;D;I;V;U;Y;C;K;N,J;P;D;I;V;U;C;M;H,C;D;H;I;J;K;M;N;P;U;V;Y,u5b88,守,U+5B88,,,JDI,JI,sau2,"defend, protect, guard, conserve",1,2,6,2,0.8,12,cj-255,10,
cj-256,cangjie,4,256,Lesson 256,第256課,J;H;P;M;D;I;V;U;Y;C;K;N,J;P;D;I;V;U;C;M;H,C;D;H;I;J;K;M;N;P;U;V;Y,u5b89,安,U+5B89,,,JV,JV,on1,"peaceful, tranquil, quiet",1,2,6,2,0.8,12,cj-255,10,
cj-256,cangjie,4,256,Lesson 256,第256課,J;H;P;M;D;I;V;U;Y;C;K;N,J;P;D;I;V;U;C;M;H,C;D;H;I;J;K;M;N;P;U;V;Y,u5b8b,宋,U+5B8B,,,JD,JD,sung3,Song dynasty; surname,1,2,6,2,0.8,12,cj-255,10,
cj-256,cangjie,4,256,Lesson 256,第256課,J;H;P;M;D;I;V;U;Y;C;K;N,J;P;D;I;V;U;C;M;H,C;D;H;I;J;K;M;N;P;U;V;Y,u5b8c,完,U+5B8C,,,JMMU,JU,jyun4,"complete, finish, settle; whole",1,2,6,2,0.8,12,cj-255,10,
cj-256,cangjie,4,256,Lesson 256,第256課,J;H;P;M;D;I;V;U;Y;C;K;N,J;P;D;I;V;U;C;M;H,C;D;H;I;J;K;M;N;P;U;V;Y,u5b8d,宍,U+5B8D,,,JYC,JC,juk6,flesh; meat; Kangxi radical 130,1,2,6,2,0.8,12,cj-255,10,
cj-256,cangjie,4,256,Lesson 256,第256課,J;H;P;M;D;I;V;U;Y;C;K;N,J;P;D;I;V;U;C;M;H,C;D;H;I;J;K;M;N;P;U;V;Y,u5b8f,宏,U+5B8F,,,JKI,JI,wang4,"wide, spacious, great, vast",1,2,6,2,0.8,12,cj-255,10,
cj-256,cangjie,4,256,Lesson 256,第256課,J;H;P;M;D;I;V;U;Y;C;K;N,J;P;D;I;V;U;C;M;H,C;D;H;I;J;K;M;N;P;U;V;Y,u5b90,宐,U+5B90,,,JNIM,JM,ji4,"right, fitting, seemly",1,2,6,2,0.8,12,cj-255,10,
cj-256,cangjie,4,256,Lesson 256,第256課,J;H;P;M;D;I;V;U;Y;C;K;N,J;P;D;I;V;U;C;M;H,C;D;H;I;J;K;M;N;P;U;V;Y,u5b93,宓,U+5B93,,,JPH,JH,mat6,"quiet, silent; in good health",1,2,6,2,0.8,12,cj-255,10,
cj-257,cangjie,4,257,Lesson 257,第257課,J;Y;G;M;R;F;L;W;O;N;I;U;B;K,J;G;R;F;W;O;U;M;I;K,B;F;G;I;J;K;L;M;N;O;R;U;W;Y,u5b94,宔,U+5B94,,,JYG,JG,zyu2,"anciently, a stone box holding an image in an ancestral temple",1,2,6,2,0.8,12,cj-256,10,
cj-257,cangjie,4,257,Lesson 257,第257課,J;Y;G;M;R;F;L;W;O;N;I;U;B;K,J;G;R;F;W;O;U;M;I;K,B;F;G;I;J;K;L;M;N;O;R;U;W;Y,u5b95,宕,U+5B95,,,JMR,JR,dong6,stone quarry; cave dwelling,1,2,6,2,0.8,12,cj-256,10,
cj-257,cangjie,4,257,Lesson 257,第257課,J;Y;G;M;R;F;L;W;O;N;I;U;B;K,J;G;R;F;W;O;U;M;I;K,B;F;G;I;J;K;L;M;N;O;R;U;W;Y,u5b97,宗,U+5B97,,,JMMF,JF,zung1,"lineage, ancestry; ancestor, clan",1,2,6,2,0.8,12,cj-256,10,
cj-257,cangjie,4,257,Lesson 257,第257課,J;Y;G;M;R;F;L;W;O;N;I;U;B;K,J;G;R;F;W;O;U;M;I;K,B;F;G;I;J;K;L;M;N;O;R;U;W;Y,u5b98,官,U+5B98,,,JRLR,JR,gun1,"official, public servant",1,2,6,2,0.8,12,cj-256,10,
cj-257,cangjie,4,257,Lesson 257,第257課,J;Y;G;M;R;F;L;W;O;N;I;U;B;K,J;G;R;F;W;O;U;M;I;K,B;F;G;I;J;K;L;M;N;O;R;U;W;Y,u5b99,宙,U+5B99,,,JLW,JW,zau6,time as concept; infinite time,1,2,6,2,0.8,12,cj-256,10,
cj-257,cangjie,4,257,Lesson 257,第257課,J;Y;G;M;R;F;L;W;O;N;I;U;B;K,J;G;R;F;W;O;U;M;I;K,B;F;G;I;J;K;L;M;N;O;R;U;W;Y,u5b9a,定,U+5B9A,,,JMYO,JO,ding6,"decide, settle, fix",1,2,6,2,0.8,12,cj-256,10,
cj-257,cangjie,4,257,Lesson 257,第257課,J;Y;G;M;R;F;L;W;O;N;I;U;B;K,J;G;R;F;W;O;U;M;I;K,B;F;G;I;J;K;L;M;N;O;R;U;W;Y,u5b9b,宛,U+5B9B,,,JNIU,JU,jyun2,"seem, as if, crooked",1,2,6,2,0.8,12,cj-256,10,
cj-257,cangjie,4,257,Lesson 257,第257課,J;Y;G;M;R;F;L;W;O;N;I;U;B;K,J;G;R;F;W;O;U;M;I;K,B;F;G;I;J;K;L;M;N;O;R;U;W;Y,u5b9c,宜,U+5B9C,,,JBM,JM,ji4,"suitable, right, fitting, proper",1,2,6,2,0.8,12,cj-256,10,
cj-257,cangjie,4,257,Lesson 257,第257課,J;Y;G;M;R;F;L;W;O;N;I;U;B;K,J;G;R;F;W;O;U;M;I;K,B;F;G;I;J;K;L;M;N;O;R;U;W;Y,u5b9d,宝,U+5B9D,,,JMGI,JI,bou2,"treasure, jewel; precious, rare",1,2,6,2,0.8,12,cj-256,10,
cj-257,cangjie,4,257,Lesson 257,第257課,J;Y;G;M;R;F;L;W;O;N;I;U;B;K,J;G;R;F;W;O;U;M;I;K,B;F;G;I;J;K;L;M;N;O;R;U;W;Y,u5b9e,实,U+5B9E,,,JYK,JK,sat6,"real, true; honest, sincere",1,2,6,2,0.8,12,cj-256,10,
cj-258,cangjie,4,258,Lesson 258,第258課,J;Q;K;I;P;L;W;H;E;R;M;A;G;B;S;U,J;K;P;L;R;M;G;B;U,A;B;E;G;H;I;J;K;L;M;P;Q;R;S;U;W,u5b9f,実,U+5B9F,,,JQK,JK,sat6,"real, true; honest, sincere",1,2,6,2,0.8,12,cj-257,10,
cj-258,cangjie,4,258,Lesson 258,第258課,J;Q;K;I;P;L;W;H;E;R;M;A;G;B;S;U,J;K;P;L;R;M;G;B;U,A;B;E;G;H;I;J;K;L;M;P;Q;R;S;U;W,u5ba0,宠,U+5BA0,,,JIKP,JP,cung2,"favorite, concubine; favor",1,2,6,2,0.8,12,cj-257,10,
cj-258,cangjie,4,258,Lesson 258,第258課,J;Q;K;I;P;L;W;H;E;R;M;A;G;B;S;U,J;K;P;L;R;M;G;B;U,A;B;E;G;H;I;J;K;L;M;P;Q;R;S;U;W,u5ba1,审,U+5BA1,,,JLWL,JL,sam2,"examine, investigate; judge",1,2,6,2,0.8,12,cj-257,10,
cj-258,cangjie,4,258,Lesson 258,第258課,J;Q;K;I;P;L;W;H;E;R;M;A;G;B;S;U,J;K;P;L;R;M;G;B;U,A;B;E;G;H;I;J;K;L;M;P;Q;R;S;U;W,u5ba2,客,U+5BA2,,,JHER,JR,haak3,"guest, traveller; customer",1,2,6,2,0.8,12,cj-257,10,
cj-258,cangjie,4,258,Lesson 258,第258課,J;Q;K;I;P;L;W;H;E;R;M;A;G;B;S;U,J;K;P;L;R;M;G;B;U,A;B;E;G;H;I;J;K;L;M;P;Q;R;S;U;W,u5ba3,宣,U+5BA3,,,JMAM,JM,syun1,"declare, announce, proclaim",1,2,6,2,0.8,12,cj-257,10,
cj-258,cangjie,4,258,Lesson 258,第258課,J;Q;K;I;P;L;W;H;E;R;M;A;G;B;S;U,J;K;P;L;R;M;G;B;U,A;B;E;G;H;I;J;K;L;M;P;Q;R;S;U;W,u5ba4,室,U+5BA4,,,JMIG,JG,sat1,"room, home, house, chamber; 13th lunar mansion, determinative star α Pegasi (Markab)",1,2,6,2,0.8,12,cj-257,10,
cj-258,cangjie,4,258,Lesson 258,第258課,J;Q;K;I;P;L;W;H;E;R;M;A;G;B;S;U,J;K;P;L;R;M;G;B;U,A;B;E;G;H;I;J;K;L;M;P;Q;R;S;U;W,u5ba5,宥,U+5BA5,,,JKB,JB,jau6,"forgive, pardon, indulge",1,2,6,2,0.8,12,cj-257,10,
cj-258,cangjie,4,258,Lesson 258,第258課,J;Q;K;I;P;L;W;H;E;R;M;A;G;B;S;U,J;K;P;L;R;M;G;B;U,A;B;E;G;H;I;J;K;L;M;P;Q;R;S;U;W,u5ba6,宦,U+5BA6,,,JSLL,JL,waan6,"officialdom, government official",1,2,6,2,0.8,12,cj-257,10,
cj-258,cangjie,4,258,Lesson 258,第258課,J;Q;K;I;P;L;W;H;E;R;M;A;G;B;S;U,J;K;P;L;R;M;G;B;U,A;B;E;G;H;I;J;K;L;M;P;Q;R;S;U;W,u5ba7,宧,U+5BA7,,,JSLL,JL,ji4,corner,1,2,6,2,0.8,12,cj-257,10,
cj-258,cangjie,4,258,Lesson 258,第258課,J;Q;K;I;P;L;W;H;E;R;M;A;G;B;S;U,J;K;P;L;R;M;G;B;U,A;B;E;G;H;I;J;K;L;M;P;Q;R;S;U;W,u5baa,宪,U+5BAA,,,JHGU,JU,hin3,"constitution, statute, law",1,2,6,2,0.8,12,cj-257,10,
cj-259,cangjie,4,259,Lesson 259,第259課,J;R;I;H;S;Y;T;Q;A;V;F;B;M;O;C,J;R;S;V;B;O,A;B;C;F;H;I;J;M;O;Q;R;S;T;V;Y,u5bab,宫,U+5BAB,,,JRR,JR,gung1,palace,1,2,6,2,0.8,12,cj-258,10,
cj-259,cangjie,4,259,Lesson 259,第259課,J;R;I;H;S;Y;T;Q;A;V;F;B;M;O;C,J;R;S;V;B;O,A;B;C;F;H;I;J;M;O;Q;R;S;T;V;Y,u5bac,宬,U+5BAC,,,JIHS,JS,sing4,archives; surname,1,2,6,2,0.8,12,cj-258,10,
cj-259,cangjie,4,259,Lesson 259,第259課,J;R;I;H;S;Y;T;Q;A;V;F;B;M;O;C,J;R;S;V;B;O,A;B;C;F;H;I;J;M;O;Q;R;S;T;V;Y,u5bae,宮,U+5BAE,,,JRHR,JR,gung1,"palace, temple, dwelling, enclose",1,2,6,2,0.8,12,cj-258,10,
cj-259,cangjie,4,259,Lesson 259,第259課,J;R;I;H;S;Y;T;Q;A;V;F;B;M;O;C,J;R;S;V;B;O,A;B;C;F;H;I;J;M;O;Q;R;S;T;V;Y,u5bb0,宰,U+5BB0,,,JYTJ,JJ,zoi2,to slaughter; to rule,1,2,6,2,0.8,12,cj-258,10,
cj-259,cangjie,4,259,Lesson 259,第259課,J;R;I;H;S;Y;T;Q;A;V;F;B;M;O;C,J;R;S;V;B;O,A;B;C;F;H;I;J;M;O;Q;R;S;T;V;Y,u5bb3,害,U+5BB3,,,JQJR,JR,hoi6,"injure, harm; destroy, kill",1,2,6,2,0.8,12,cj-258,10,
cj-259,cangjie,4,259,Lesson 259,第259課,J;R;I;H;S;Y;T;Q;A;V;F;B;M;O;C,J;R;S;V;B;O,A;B;C;F;H;I;J;M;O;Q;R;S;T;V;Y,u5bb4,宴,U+5BB4,,,JAV,JV,jin3,"to entertain, feast; a feast, banquet",1,2,6,2,0.8,12,cj-258,10,
cj-259,cangjie,4,259,Lesson 259,第259課,J;R;I;H;S;Y;T;Q;A;V;F;B;M;O;C,J;R;S;V;B;O,A;B;C;F;H;I;J;M;O;Q;R;S;T;V;Y,u5bb5,宵,U+5BB5,,,JFB,JB,siu1,"night, evening, dark",1,2,6,2,0.8,12,cj-258,10,
cj-259,cangjie,4,259,Lesson 259,第259課,J;R;I;H;S;Y;T;Q;A;V;F;B;M;O;C,J;R;S;V;B;O,A;B;C;F;H;I;J;M;O;Q;R;S;T;V;Y,u5bb6,家,U+5BB6,,,JMSO,JO,gaa1,"house, home, residence; family",1,2,6,2,0.8,12,cj-258,10,
cj-259,cangjie,4,259,Lesson 259,第259課,J;R;I;H;S;Y;T;Q;A;V;F;B;M;O;C,J;R;S;V;B;O,A;B;C;F;H;I;J;M;O;Q;R;S;T;V;Y,u5bb8,宸,U+5BB8,,,JMMV,JV,san4,imperial; imperial palace,1,2,6,2,0.8,12,cj-258,10,
cj-259,cangjie,4,259,Lesson 259,第259課,J;R;I;H;S;Y;T;Q;A;V;F;B;M;O;C,J;R;S;V;B;O,A;B;C;F;H;I;J;M;O;Q;R;S;T;V;Y,u5bb9,容,U+5BB9,,,JCOR,JR,jung4,"looks, appearance; figure, form",1,2,6,2,0.8,12,cj-258,10,
cj-260,cangjie,4,260,Lesson 260,第260課,J;E;C;U;M;V;T;B;O;A;D;L;Y;F;N;I;K;R,J;U;V;C;A;D;O;E;I;R,A;B;C;D;E;F;I;J;K;L;M;N;O;R;T;U;V;Y,u5bbb,宻,U+5BBB,,,JECU,JU,mat6,"dense, thick, close; intimate",1,2,6,2,0.8,12,cj-259,10,
cj-260,cangjie,4,260,Lesson 260,第260課,J;E;C;U;M;V;T;B;O;A;D;L;Y;F;N;I;K;R,J;U;V;C;A;D;O;E;I;R,A;B;C;D;E;F;I;J;K;L;M;N;O;R;T;U;V;Y,u5bbc,宼,U+5BBC,,,JMUV,JV,kau3,"tyrannical, cruel; to rob to plunder; bandits, thieves, highwaymen",1,2,6,2,0.8,12,cj-259,10,
cj-260,cangjie,4,260,Lesson 260,第260課,J;E;C;U;M;V;T;B;O;A;D;L;Y;F;N;I;K;R,J;U;V;C;A;D;O;E;I;R,A;B;C;D;E;F;I;J;K;L;M;N;O;R;T;U;V;Y,u5bbd,宽,U+5BBD,,,JTBU,JU,fun1,"broad, wide; spacious, vast",1,2,6,2,0.8,12,cj-259,10,
cj-260,cangjie,4,260,Lesson 260,第260課,J;E;C;U;M;V;T;B;O;A;D;L;Y;F;N;I;K;R,J;U;V;C;A;D;O;E;I;R,A;B;C;D;E;F;I;J;K;L;M;N;O;R;T;U;V;Y,u5bbe,宾,U+5BBE,,,JOMC,JC,ban1,"guest, visitor; surname; submit",1,2,6,2,0.8,12,cj-259,10,
cj-260,cangjie,4,260,Lesson 260,第260課,J;E;C;U;M;V;T;B;O;A;D;L;Y;F;N;I;K;R,J;U;V;C;A;D;O;E;I;R,A;B;C;D;E;F;I;J;K;L;M;N;O;R;T;U;V;Y,u5bbf,宿,U+5BBF,,,JOMA,JA,suk1,"stop, rest, lodge, stay overnight; constellation",1,2,6,2,0.8,12,cj-259,10,
cj-260,cangjie,4,260,Lesson 260,第260課,J;E;C;U;M;V;T;B;O;A;D;L;Y;F;N;I;K;R,J;U;V;C;A;D;O;E;I;R,A;B;C;D;E;F;I;J;K;L;M;N;O;R;T;U;V;Y,u5bc0,寀,U+5BC0,,,JBD,JD,coi2,feudal estate,1,2,6,2,0.8,12,cj-259,10,
cj-260,cangjie,4,260,Lesson 260,第260課,J;E;C;U;M;V;T;B;O;A;D;L;Y;F;N;I;K;R,J;U;V;C;A;D;O;E;I;R,A;B;C;D;E;F;I;J;K;L;M;N;O;R;T;U;V;Y,u5bc1,寁,U+5BC1,,,JJLO,JO,zaam2,"quick, fast",1,2,6,2,0.8,12,cj-259,10,
cj-260,cangjie,4,260,Lesson 260,第260課,J;E;C;U;M;V;T;B;O;A;D;L;Y;F;N;I;K;R,J;U;V;C;A;D;O;E;I;R,A;B;C;D;E;F;I;J;K;L;M;N;O;R;T;U;V;Y,u5bc2,寂,U+5BC2,,,JYFE,JE,zik6,"still, silent, quiet; desolate",1,2,6,2,0.8,12,cj-259,10,
cj-260,cangjie,4,260,Lesson 260,第260課,J;E;C;U;M;V;T;B;O;A;D;L;Y;F;N;I;K;R,J;U;V;C;A;D;O;E;I;R,A;B;C;D;E;F;I;J;K;L;M;N;O;R;T;U;V;Y,u5bc3,寃,U+5BC3,,,JNAI,JI,jyun1,"grievance, injustice, wrong",1,2,6,2,0.8,12,cj-259,10,
cj-260,cangjie,4,260,Lesson 260,第260課,J;E;C;U;M;V;T;B;O;A;D;L;Y;F;N;I;K;R,J;U;V;C;A;D;O;E;I;R,A;B;C;D;E;F;I;J;K;L;M;N;O;R;T;U;V;Y,u5bc4,寄,U+5BC4,,,JKMR,JR,gei3,"send, transmit, mail; rely on",1,2,6,2,0.8,12,cj-259,10,
cj-261,cangjie,4,261,Lesson 261,第261課,J;M;L;C;P;H;U;E;R;W;B;T;V;D;Y;A;O,J;C;U;E;W;T;B;D;Y;O,A;B;C;D;E;H;J;L;M;O;P;R;T;U;V;W;Y,u5bc5,寅,U+5BC5,,,JMLC,JC,jan4,"to respect, reverence; respectfully; third earthly branch",1,2,6,2,0.8,12,cj-260,10,
cj-261,cangjie,4,261,Lesson 261,第261課,J;M;L;C;P;H;U;E;R;W;B;T;V;D;Y;A;O,J;C;U;E;W;T;B;D;Y;O,A;B;C;D;E;H;J;L;M;O;P;R;T;U;V;W;Y,u5bc6,密,U+5BC6,,,JPHU,JU,mat6,"dense, thick, close; intimate",1,2,6,2,0.8,12,cj-260,10,
cj-261,cangjie,4,261,Lesson 261,第261課,J;M;L;C;P;H;U;E;R;W;B;T;V;D;Y;A;O,J;C;U;E;W;T;B;D;Y;O,A;B;C;D;E;H;J;L;M;O;P;R;T;U;V;W;Y,u5bc7,寇,U+5BC7,,,JMUE,JE,kau3,"bandits, thieves; enemy; invade",1,2,6,2,0.8,12,cj-260,10,
cj-261,cangjie,4,261,Lesson 261,第261課,J;M;L;C;P;H;U;E;R;W;B;T;V;D;Y;A;O,J;C;U;E;W;T;B;D;Y;O,A;B;C;D;E;H;J;L;M;O;P;R;T;U;V;W;Y,u5bcc,富,U+5BCC,,,JMRW,JW,fu3,"abundant, ample; rich, wealthy",1,2,6,2,0.8,12,cj-260,10,
cj-261,cangjie,4,261,Lesson 261,第261課,J;M;L;C;P;H;U;E;R;W;B;T;V;D;Y;A;O,J;C;U;E;W;T;B;D;Y;O,A;B;C;D;E;H;J;L;M;O;P;R;T;U;V;W;Y,u5bcd,寍,U+5BCD,,,JPBT,JT,ning4,used as a term of comparison:-rather; it is better; would that,1,2,6,2,0.8,12,cj-260,10,
cj-261,cangjie,4,261,Lesson 261,第261課,J;M;L;C;P;H;U;E;R;W;B;T;V;D;Y;A;O,J;C;U;E;W;T;B;D;Y;O,A;B;C;D;E;H;J;L;M;O;P;R;T;U;V;W;Y,u5bce,寎,U+5BCE,,,JVMB,JB,bing3,drowsy,1,2,6,2,0.8,12,cj-260,10,
cj-261,cangjie,4,261,Lesson 261,第261課,J;M;L;C;P;H;U;E;R;W;B;T;V;D;Y;A;O,J;C;U;E;W;T;B;D;Y;O,A;B;C;D;E;H;J;L;M;O;P;R;T;U;V;W;Y,u5bd0,寐,U+5BD0,,,JVMD,JD,mei6,sleep; be asleep,1,2,6,2,0.8,12,cj-260,10,
cj-261,cangjie,4,261,Lesson 261,第261課,J;M;L;C;P;H;U;E;R;W;B;T;V;D;Y;A;O,J;C;U;E;W;T;B;D;Y;O,A;B;C;D;E;H;J;L;M;O;P;R;T;U;V;W;Y,u5bd2,寒,U+5BD2,,,JTCY,JY,hon4,"cold, wintry, chilly",1,2,6,2,0.8,12,cj-260,10,
cj-261,cangjie,4,261,Lesson 261,第261課,J;M;L;C;P;H;U;E;R;W;B;T;V;D;Y;A;O,J;C;U;E;W;T;B;D;Y;O,A;B;C;D;E;H;J;L;M;O;P;R;T;U;V;W;Y,u5bd3,寓,U+5BD3,,,JWLB,JB,jyu6,residence; lodge; dwell,1,2,6,2,0.8,12,cj-260,10,
cj-261,cangjie,4,261,Lesson 261,第261課,J;M;L;C;P;H;U;E;R;W;B;T;V;D;Y;A;O,J;C;U;E;W;T;B;D;Y;O,A;B;C;D;E;H;J;L;M;O;P;R;T;U;V;W;Y,u5bd4,寔,U+5BD4,,,JAMO,JO,sat6,"real, true, solid, honest",1,2,6,2,0.8,12,cj-260,10,
cj-262,cangjie,4,262,Lesson 262,第262課,J;M;W;N;E;S;P;H;B;C;G;U;T;L;A;K;O;F,J;N;E;B;C;U;K;F,A;B;C;E;F;G;H;J;K;L;M;N;O;P;S;T;U;W,u5bd5,寕,U+5BD5,,,JMWN,JN,ning4,"repose, serenity, peace; peaceful",1,2,6,2,0.8,12,cj-261,10,
cj-262,cangjie,4,262,Lesson 262,第262課,J;M;W;N;E;S;P;H;B;C;G;U;T;L;A;K;O;F,J;N;E;B;C;U;K;F,A;B;C;E;F;G;H;J;K;L;M;N;O;P;S;T;U;W,u5bd6,寖,U+5BD6,,,JESE,JE,zam3,"gradually, step by step, little",1,2,6,2,0.8,12,cj-261,10,
cj-262,cangjie,4,262,Lesson 262,第262課,J;M;W;N;E;S;P;H;B;C;G;U;T;L;A;K;O;F,J;N;E;B;C;U;K;F,A;B;C;E;F;G;H;J;K;L;M;N;O;P;S;T;U;W,u5bd7,寗,U+5BD7,,,JPHB,JB,ning6,a surname; peaceful; rather,1,2,6,2,0.8,12,cj-261,10,
cj-262,cangjie,4,262,Lesson 262,第262課,J;M;W;N;E;S;P;H;B;C;G;U;T;L;A;K;O;F,J;N;E;B;C;U;K;F,A;B;C;E;F;G;H;J;K;L;M;N;O;P;S;T;U;W,u5bd8,寘,U+5BD8,,,JJBC,JC,tin4,"put aside, put down; discard",1,2,6,2,0.8,12,cj-261,10,
cj-262,cangjie,4,262,Lesson 262,第262課,J;M;W;N;E;S;P;H;B;C;G;U;T;L;A;K;O;F,J;N;E;B;C;U;K;F,A;B;C;E;F;G;H;J;K;L;M;N;O;P;S;T;U;W,u5bda,寚,U+5BDA,,,JMGU,JU,bou2,precious; rear; valuable treasure; bullion a jewel,1,2,6,2,0.8,12,cj-261,10,
cj-262,cangjie,4,262,Lesson 262,第262課,J;M;W;N;E;S;P;H;B;C;G;U;T;L;A;K;O;F,J;N;E;B;C;U;K;F,A;B;C;E;F;G;H;J;K;L;M;N;O;P;S;T;U;W,u5bdb,寛,U+5BDB,,,JTBU,JU,fun1,broad,1,2,6,2,0.8,12,cj-261,10,
cj-262,cangjie,4,262,Lesson 262,第262課,J;M;W;N;E;S;P;H;B;C;G;U;T;L;A;K;O;F,J;N;E;B;C;U;K;F,A;B;C;E;F;G;H;J;K;L;M;N;O;P;S;T;U;W,u5bdc,寜,U+5BDC,,,JPBN,JN,ning4,"repose, serenity, peace; peaceful",1,2,6,2,0.8,12,cj-261,10,
cj-262,cangjie,4,262,Lesson 262,第262課,J;M;W;N;E;S;P;H;B;C;G;U;T;L;A;K;O;F,J;N;E;B;C;U;K;F,A;B;C;E;F;G;H;J;K;L;M;N;O;P;S;T;U;W,u5bdd,寝,U+5BDD,,,JLME,JE,cam2,"sleep, rest; bed chamber",1,2,6,2,0.8,12,cj-261,10,
cj-262,cangjie,4,262,Lesson 262,第262課,J;M;W;N;E;S;P;H;B;C;G;U;T;L;A;K;O;F,J;N;E;B;C;U;K;F,A;B;C;E;F;G;H;J;K;L;M;N;O;P;S;T;U;W,u5bde,寞,U+5BDE,,,JTAK,JK,mok6,"silent, still, lonely, solitary",1,2,6,2,0.8,12,cj-261,10,
cj-262,cangjie,4,262,Lesson 262,第262課,J;M;W;N;E;S;P;H;B;C;G;U;T;L;A;K;O;F,J;N;E;B;C;U;K;F,A;B;C;E;F;G;H;J;K;L;M;N;O;P;S;T;U;W,u5bdf,察,U+5BDF,,,JBOF,JF,caat3,"examine, investigate; notice",1,2,6,2,0.8,12,cj-261,10,
cj-263,cangjie,4,263,Lesson 263,第263課,J;L;V;M;C;H;E;R;S;W;P;B;N;T;D;F,J;V;H;E;R;C;N;D;W;F,B;C;D;E;F;H;J;L;M;N;P;R;S;T;V;W,u5be0,寠,U+5BE0,,,JLLV,JV,geoi6,"poor, impoverished",1,2,6,2,0.8,12,cj-262,10,
cj-263,cangjie,4,263,Lesson 263,第263課,J;L;V;M;C;H;E;R;S;W;P;B;N;T;D;F,J;V;H;E;R;C;N;D;W;F,B;C;D;E;F;H;J;L;M;N;P;R;S;T;V;W,u5be1,寡,U+5BE1,,,JMCH,JH,gwaa2,"widowed; alone, friendless",1,2,6,2,0.8,12,cj-262,10,
cj-263,cangjie,4,263,Lesson 263,第263課,J;L;V;M;C;H;E;R;S;W;P;B;N;T;D;F,J;V;H;E;R;C;N;D;W;F,B;C;D;E;F;H;J;L;M;N;P;R;S;T;V;W,u5be2,寢,U+5BE2,,,JVME,JE,cam2,"sleep, rest; bed chamber",1,2,6,2,0.8,12,cj-262,10,
cj-263,cangjie,4,263,Lesson 263,第263課,J;L;V;M;C;H;E;R;S;W;P;B;N;T;D;F,J;V;H;E;R;C;N;D;W;F,B;C;D;E;F;H;J;L;M;N;P;R;S;T;V;W,u5be4,寤,U+5BE4,,,JVMR,JR,ng6,"few, scarce; empty, deserted",1,2,6,2,0.8,12,cj-262,10,
cj-263,cangjie,4,263,Lesson 263,第263課,J;L;V;M;C;H;E;R;S;W;P;B;N;T;D;F,J;V;H;E;R;C;N;D;W;F,B;C;D;E;F;H;J;L;M;N;P;R;S;T;V;W,u5be5,寥,U+5BE5,,,JSMH,JH,liu4,"few, scarce; empty, deserted",1,2,6,2,0.8,12,cj-262,10,
cj-263,cangjie,4,263,Lesson 263,第263課,J;L;V;M;C;H;E;R;S;W;P;B;N;T;D;F,J;V;H;E;R;C;N;D;W;F,B;C;D;E;F;H;J;L;M;N;P;R;S;T;V;W,u5be6,實,U+5BE6,,,JWJC,JC,sat6,"real, true, solid, honest",1,2,6,2,0.8,12,cj-262,10,
cj-263,cangjie,4,263,Lesson 263,第263課,J;L;V;M;C;H;E;R;S;W;P;B;N;T;D;F,J;V;H;E;R;C;N;D;W;F,B;C;D;E;F;H;J;L;M;N;P;R;S;T;V;W,u5be7,寧,U+5BE7,,,JPBN,JN,ning4,"repose, serenity, peace; peaceful",1,2,6,2,0.8,12,cj-262,10,
cj-263,cangjie,4,263,Lesson 263,第263課,J;L;V;M;C;H;E;R;S;W;P;B;N;T;D;F,J;V;H;E;R;C;N;D;W;F,B;C;D;E;F;H;J;L;M;N;P;R;S;T;V;W,u5be8,寨,U+5BE8,,,JTCD,JD,zaai6,"stockade, stronghold, outpost; brothel",1,2,6,2,0.8,12,cj-262,10,
cj-263,cangjie,4,263,Lesson 263,第263課,J;L;V;M;C;H;E;R;S;W;P;B;N;T;D;F,J;V;H;E;R;C;N;D;W;F,B;C;D;E;F;H;J;L;M;N;P;R;S;T;V;W,u5be9,審,U+5BE9,,,JHDW,JW,sam2,"examine, investigate; judge",1,2,6,2,0.8,12,cj-262,10,
cj-263,cangjie,4,263,Lesson 263,第263課,J;L;V;M;C;H;E;R;S;W;P;B;N;T;D;F,J;V;H;E;R;C;N;D;W;F,B;C;D;E;F;H;J;L;M;N;P;R;S;T;V;W,u5bea,寪,U+5BEA,,,JBHF,JF,wai2,surname,1,2,6,2,0.8,12,cj-262,10,
cj-264,cangjie,4,264,Lesson 264,第264課,J;H;X;F;T;B;I;K;C;O;G;S;W;L;V;M;Y;P;U;D;E,J;F;I;S;V;C;P;D;E,B;C;D;E;F;G;H;I;J;K;L;M;O;P;S;T;U;V;W;X;Y,u5beb,寫,U+5BEB,,,JHXF,JF,se2,"write; draw, sketch; compose",1,2,6,2,0.8,12,cj-263,10,
cj-264,cangjie,4,264,Lesson 264,第264課,J;H;X;F;T;B;I;K;C;O;G;S;W;L;V;M;Y;P;U;D;E,J;F;I;S;V;C;P;D;E,B;C;D;E;F;G;H;I;J;K;L;M;O;P;S;T;U;V;W;X;Y,u5bec,寬,U+5BEC,,,JTBI,JI,fun1,"broad, wide; spacious, vast",1,2,6,2,0.8,12,cj-263,10,
cj-264,cangjie,4,264,Lesson 264,第264課,J;H;X;F;T;B;I;K;C;O;G;S;W;L;V;M;Y;P;U;D;E,J;F;I;S;V;C;P;D;E,B;C;D;E;F;G;H;I;J;K;L;M;O;P;S;T;U;V;W;X;Y,u5bee,寮,U+5BEE,,,JKCF,JF,liu4,"shanty, hut, shack",1,2,6,2,0.8,12,cj-263,10,
cj-264,cangjie,4,264,Lesson 264,第264課,J;H;X;F;T;B;I;K;C;O;G;S;W;L;V;M;Y;P;U;D;E,J;F;I;S;V;C;P;D;E,B;C;D;E;F;G;H;I;J;K;L;M;O;P;S;T;U;V;W;X;Y,u5bef,寯,U+5BEF,,,JOGS,JS,zeon3,"to accumulate; to amass; to store up, superior, handsome, refined, eminent",1,2,6,2,0.8,12,cj-263,10,
cj-264,cangjie,4,264,Lesson 264,第264課,J;H;X;F;T;B;I;K;C;O;G;S;W;L;V;M;Y;P;U;D;E,J;F;I;S;V;C;P;D;E,B;C;D;E;F;G;H;I;J;K;L;M;O;P;S;T;U;V;W;X;Y,u5bf0,寰,U+5BF0,,,JWLV,JV,waan4,"great domain, country, world",1,2,6,2,0.8,12,cj-263,10,
cj-264,cangjie,4,264,Lesson 264,第264課,J;H;X;F;T;B;I;K;C;O;G;S;W;L;V;M;Y;P;U;D;E,J;F;I;S;V;C;P;D;E,B;C;D;E;F;G;H;I;J;K;L;M;O;P;S;T;U;V;W;X;Y,u5bf3,寳,U+5BF3,,,JMFC,JC,bou2,"treasure, jewel; precious, rare",1,2,6,2,0.8,12,cj-263,10,
cj-264,cangjie,4,264,Lesson 264,第264課,J;H;X;F;T;B;I;K;C;O;G;S;W;L;V;M;Y;P;U;D;E,J;F;I;S;V;C;P;D;E,B;C;D;E;F;G;H;I;J;K;L;M;O;P;S;T;U;V;W;X;Y,u5bf5,寵,U+5BF5,,,JYBP,JP,cung2,"favorite, concubine; favor",1,2,6,2,0.8,12,cj-263,10,
cj-264,cangjie,4,264,Lesson 264,第264課,J;H;X;F;T;B;I;K;C;O;G;S;W;L;V;M;Y;P;U;D;E,J;F;I;S;V;C;P;D;E,B;C;D;E;F;G;H;I;J;K;L;M;O;P;S;T;U;V;W;X;Y,u5bf6,寶,U+5BF6,,,JMUC,JC,bou2,"treasure, jewel; precious, rare",1,2,6,2,0.8,12,cj-263,10,
cj-264,cangjie,4,264,Lesson 264,第264課,J;H;X;F;T;B;I;K;C;O;G;S;W;L;V;M;Y;P;U;D;E,J;F;I;S;V;C;P;D;E,B;C;D;E;F;G;H;I;J;K;L;M;O;P;S;T;U;V;W;X;Y,u5bf8,寸,U+5BF8,,,DI,DI,cyun3,"inch; small, tiny; Kangxi radical 41",1,2,6,2,0.8,12,cj-263,10,
cj-264,cangjie,4,264,Lesson 264,第264課,J;H;X;F;T;B;I;K;C;O;G;S;W;L;V;M;Y;P;U;D;E,J;F;I;S;V;C;P;D;E,B;C;D;E;F;G;H;I;J;K;L;M;O;P;S;T;U;V;W;X;Y,u5bf9,对,U+5BF9,,,EDI,EI,deoi3,"correct, right; facing, opposed",1,2,6,2,0.8,12,cj-263,10,
cj-265,cangjie,4,265,Lesson 265,第265課,G;D;I;S;M;R;U;B;Y;K;Q;J;W,G;I;S;R;B;Y;Q;J,B;D;G;I;J;K;M;Q;R;S;U;W;Y,u5bfa,寺,U+5BFA,,,GDI,GI,zi6,"court, office; temple, monastery",1,2,6,2,0.8,12,cj-264,10,
cj-265,cangjie,4,265,Lesson 265,第265課,G;D;I;S;M;R;U;B;Y;K;Q;J;W,G;I;S;R;B;Y;Q;J,B;D;G;I;J;K;M;Q;R;S;U;W;Y,u5bfb,寻,U+5BFB,,,SMDI,SI,cam4,"seek, search, look for; ancient",1,2,6,2,0.8,12,cj-264,10,
cj-265,cangjie,4,265,Lesson 265,第265課,G;D;I;S;M;R;U;B;Y;K;Q;J;W,G;I;S;R;B;Y;Q;J,B;D;G;I;J;K;M;Q;R;S;U;W;Y,u5bfc,导,U+5BFC,,,RUDI,RI,dou6,"direct, guide, lead, conduct",1,2,6,2,0.8,12,cj-264,10,
cj-265,cangjie,4,265,Lesson 265,第265課,G;D;I;S;M;R;U;B;Y;K;Q;J;W,G;I;S;R;B;Y;Q;J,B;D;G;I;J;K;M;Q;R;S;U;W;Y,u5bfd,寽,U+5BFD,,,BDI,BI,lyut3,a handful; a pinch,1,2,6,2,0.8,12,cj-264,10,
cj-265,cangjie,4,265,Lesson 265,第265課,G;D;I;S;M;R;U;B;Y;K;Q;J;W,G;I;S;R;B;Y;Q;J,B;D;G;I;J;K;M;Q;R;S;U;W;Y,u5bfe,対,U+5BFE,,,YKDI,YI,deoi3,"correct, right; facing, opposed",1,2,6,2,0.8,12,cj-264,10,
cj-265,cangjie,4,265,Lesson 265,第265課,G;D;I;S;M;R;U;B;Y;K;Q;J;W,G;I;S;R;B;Y;Q;J,B;D;G;I;J;K;M;Q;R;S;U;W;Y,u5bff,寿,U+5BFF,,,QKDI,QI,sau6,"old age, long life; lifespan",1,2,6,2,0.8,12,cj-264,10,
cj-265,cangjie,4,265,Lesson 265,第265課,G;D;I;S;M;R;U;B;Y;K;Q;J;W,G;I;S;R;B;Y;Q;J,B;D;G;I;J;K;M;Q;R;S;U;W;Y,u5c00,尀,U+5C00,,,SRDI,SI,po2,cannot; thereupon,1,2,6,2,0.8,12,cj-264,10,
cj-265,cangjie,4,265,Lesson 265,第265課,G;D;I;S;M;R;U;B;Y;K;Q;J;W,G;I;S;R;B;Y;Q;J,B;D;G;I;J;K;M;Q;R;S;U;W;Y,u5c01,封,U+5C01,,,GGDI,GI,fung1,"letter, envelope; feudal",1,2,6,2,0.8,12,cj-264,10,
cj-265,cangjie,4,265,Lesson 265,第265課,G;D;I;S;M;R;U;B;Y;K;Q;J;W,G;I;S;R;B;Y;Q;J,B;D;G;I;J;K;M;Q;R;S;U;W;Y,u5c02,専,U+5C02,,,JWDI,JI,zyun1,"monopolize, take sole possession",1,2,6,2,0.8,12,cj-264,10,
cj-265,cangjie,4,265,Lesson 265,第265課,G;D;I;S;M;R;U;B;Y;K;Q;J;W,G;I;S;R;B;Y;Q;J,B;D;G;I;J;K;M;Q;R;S;U;W;Y,u5c03,尃,U+5C03,,,IBDI,II,fu1,"to state to, to announce",1,2,6,2,0.8,12,cj-264,10,
cj-266,cangjie,4,266,Lesson 266,第266課,H;D;I;J;U;L;M;N;V;B;S;F;T;W;R;G,H;I;J;L;V;S;T;G,B;D;F;G;H;I;J;L;M;N;R;S;T;U;V;W,u5c04,射,U+5C04,,,HHDI,HI,se6,"shoot, eject, issue forth, emit",1,2,6,2,0.8,12,cj-265,10,
cj-266,cangjie,4,266,Lesson 266,第266課,H;D;I;J;U;L;M;N;V;B;S;F;T;W;R;G,H;I;J;L;V;S;T;G,B;D;F;G;H;I;J;L;M;N;R;S;T;U;V;W,u5c05,尅,U+5C05,,,JUDI,JI,hak1,"subdue, destroy, overcome",1,2,6,2,0.8,12,cj-265,10,
cj-266,cangjie,4,266,Lesson 266,第266課,H;D;I;J;U;L;M;N;V;B;S;F;T;W;R;G,H;I;J;L;V;S;T;G,B;D;F;G;H;I;J;L;M;N;R;S;T;U;V;W,u5c06,将,U+5C06,,,LMNII,LI,zoeng1,"will, going to, future; general",1,2,6,2,0.8,12,cj-265,10,
cj-266,cangjie,4,266,Lesson 266,第266課,H;D;I;J;U;L;M;N;V;B;S;F;T;W;R;G,H;I;J;L;V;S;T;G,B;D;F;G;H;I;J;L;M;N;R;S;T;U;V;W,u5c07,將,U+5C07,,,VMBDI,VI,zoeng1,"will, going to, future; general",1,2,6,2,0.8,12,cj-265,10,
cj-266,cangjie,4,266,Lesson 266,第266課,H;D;I;J;U;L;M;N;V;B;S;F;T;W;R;G,H;I;J;L;V;S;T;G,B;D;F;G;H;I;J;L;M;N;R;S;T;U;V;W,u5c08,專,U+5C08,,,JIDI,JI,zyun1,"monopolize, take sole possession",1,2,6,2,0.8,12,cj-265,10,
cj-266,cangjie,4,266,Lesson 266,第266課,H;D;I;J;U;L;M;N;V;B;S;F;T;W;R;G,H;I;J;L;V;S;T;G,B;D;F;G;H;I;J;L;M;N;R;S;T;U;V;W,u5c09,尉,U+5C09,,,SFDI,SI,wai3,"officer, military rank",1,2,6,2,0.8,12,cj-265,10,
cj-266,cangjie,4,266,Lesson 266,第266課,H;D;I;J;U;L;M;N;V;B;S;F;T;W;R;G,H;I;J;L;V;S;T;G,B;D;F;G;H;I;J;L;M;N;R;S;T;U;V;W,u5c0a,尊,U+5C0A,,,TWDI,TI,zyun1,"respect, revere, venerate; honor",1,2,6,2,0.8,12,cj-265,10,
cj-266,cangjie,4,266,Lesson 266,第266課,H;D;I;J;U;L;M;N;V;B;S;F;T;W;R;G,H;I;J;L;V;S;T;G,B;D;F;G;H;I;J;L;M;N;R;S;T;U;V;W,u5c0b,尋,U+5C0B,,,SMMRI,SI,cam4,"seek, search, look for; ancient",1,2,6,2,0.8,12,cj-265,10,
cj-266,cangjie,4,266,Lesson 266,第266課,H;D;I;J;U;L;M;N;V;B;S;F;T;W;R;G,H;I;J;L;V;S;T;G,B;D;F;G;H;I;J;L;M;N;R;S;T;U;V;W,u5c0c,尌,U+5C0C,,,GTDI,GI,syu6,standing (something) up,1,2,6,2,0.8,12,cj-265,10,
cj-266,cangjie,4,266,Lesson 266,第266課,H;D;I;J;U;L;M;N;V;B;S;F;T;W;R;G,H;I;J;L;V;S;T;G,B;D;F;G;H;I;J;L;M;N;R;S;T;U;V;W,u5c0d,對,U+5C0D,,,TGDI,TI,deoi3,"correct, right; facing, opposed",1,2,6,2,0.8,12,cj-265,10,
cj-267,cangjie,4,267,Lesson 267,第267課,Y;U;D;I;N;C;F;H;O;S;K;M;G,Y;I;N;C;F;H;O;K;G,C;D;F;G;H;I;K;M;N;O;S;U;Y,u5c0e,導,U+5C0E,,,YUDI,YI,dou6,"direct, guide, lead, conduct",1,2,6,2,0.8,12,cj-266,10,
cj-267,cangjie,4,267,Lesson 267,第267課,Y;U;D;I;N;C;F;H;O;S;K;M;G,Y;I;N;C;F;H;O;K;G,C;D;F;G;H;I;K;M;N;O;S;U;Y,u5c0f,小,U+5C0F,,,NC,NC,siu2,"small, tiny, insignificant",1,2,6,2,0.8,12,cj-266,10,
cj-267,cangjie,4,267,Lesson 267,第267課,Y;U;D;I;N;C;F;H;O;S;K;M;G,Y;I;N;C;F;H;O;K;G,C;D;F;G;H;I;K;M;N;O;S;U;Y,u5c11,少,U+5C11,,,FH,FH,siu2,"few, less, inadequate",1,2,6,2,0.8,12,cj-266,10,
cj-267,cangjie,4,267,Lesson 267,第267課,Y;U;D;I;N;C;F;H;O;S;K;M;G,Y;I;N;C;F;H;O;K;G,C;D;F;G;H;I;K;M;N;O;S;U;Y,u5c12,尒,U+5C12,,,OF,OF,ji5,"you, your",1,2,6,2,0.8,12,cj-266,10,
cj-267,cangjie,4,267,Lesson 267,第267課,Y;U;D;I;N;C;F;H;O;S;K;M;G,Y;I;N;C;F;H;O;K;G,C;D;F;G;H;I;K;M;N;O;S;U;Y,u5c13,尓,U+5C13,,,OF,OF,ji5,you; that,1,2,6,2,0.8,12,cj-266,10,
cj-267,cangjie,4,267,Lesson 267,第267課,Y;U;D;I;N;C;F;H;O;S;K;M;G,Y;I;N;C;F;H;O;K;G,C;D;F;G;H;I;K;M;N;O;S;U;Y,u5c14,尔,U+5C14,,,NF,NF,ji5,"you; that, those; final particle",1,2,6,2,0.8,12,cj-266,10,
cj-267,cangjie,4,267,Lesson 267,第267課,Y;U;D;I;N;C;F;H;O;S;K;M;G,Y;I;N;C;F;H;O;K;G,C;D;F;G;H;I;K;M;N;O;S;U;Y,u5c15,尕,U+5C15,,,NSF,NF,gaa2,small (used in place names),1,2,6,2,0.8,12,cj-266,10,
cj-267,cangjie,4,267,Lesson 267,第267課,Y;U;D;I;N;C;F;H;O;S;K;M;G,Y;I;N;C;F;H;O;K;G,C;D;F;G;H;I;K;M;N;O;S;U;Y,u5c16,尖,U+5C16,,,FK,FK,zim1,"sharp, pointed, acute, keen",1,2,6,2,0.8,12,cj-266,10,
cj-267,cangjie,4,267,Lesson 267,第267課,Y;U;D;I;N;C;F;H;O;S;K;M;G,Y;I;N;C;F;H;O;K;G,C;D;F;G;H;I;K;M;N;O;S;U;Y,u5c17,尗,U+5C17,,,YMF,YF,suk6,younger of brothers; father's younger brother younger brother of a husband,1,2,6,2,0.8,12,cj-266,10,
cj-267,cangjie,4,267,Lesson 267,第267課,Y;U;D;I;N;C;F;H;O;S;K;M;G,Y;I;N;C;F;H;O;K;G,C;D;F;G;H;I;K;M;N;O;S;U;Y,u5c18,尘,U+5C18,,,FG,FG,can4,"dust, dirt, ashes, cinders",1,2,6,2,0.8,12,cj-266,10,
cj-268,cangjie,4,268,Lesson 268,第268課,F;B;R;K;M;I;C;A;O;H;T;V;U,F;R;I;K;A;H;T;U;C,A;B;C;F;H;I;K;M;O;R;T;U;V,u5c19,尙,U+5C19,,,FBR,FR,soeng6,"still, yet; even; fairly, rather",1,2,6,2,0.8,12,cj-267,10,
cj-268,cangjie,4,268,Lesson 268,第268課,F;B;R;K;M;I;C;A;O;H;T;V;U,F;R;I;K;A;H;T;U;C,A;B;C;F;H;I;K;M;O;R;T;U;V,u5c1a,尚,U+5C1A,,,FBR,FR,soeng6,"still, yet; even; fairly, rather",1,2,6,2,0.8,12,cj-267,10,
cj-268,cangjie,4,268,Lesson 268,第268課,F;B;R;K;M;I;C;A;O;H;T;V;U,F;R;I;K;A;H;T;U;C,A;B;C;F;H;I;K;M;O;R;T;U;V,u5c1c,尜,U+5C1C,,,FKF,FF,gaat3,a child toy,1,2,6,2,0.8,12,cj-267,10,
cj-268,cangjie,4,268,Lesson 268,第268課,F;B;R;K;M;I;C;A;O;H;T;V;U,F;R;I;K;A;H;T;U;C,A;B;C;F;H;I;K;M;O;R;T;U;V,u5c1d,尝,U+5C1D,,,FBMMI,FI,soeng4,"taste; experience, experiment",1,2,6,2,0.8,12,cj-267,10,
cj-268,cangjie,4,268,Lesson 268,第268課,F;B;R;K;M;I;C;A;O;H;T;V;U,F;R;I;K;A;H;T;U;C,A;B;C;F;H;I;K;M;O;R;T;U;V,u5c1e,尞,U+5C1E,,,KCAF,KF,liu4,fuel used for sacrifices,1,2,6,2,0.8,12,cj-267,10,
cj-268,cangjie,4,268,Lesson 268,第268課,F;B;R;K;M;I;C;A;O;H;T;V;U,F;R;I;K;A;H;T;U;C,A;B;C;F;H;I;K;M;O;R;T;U;V,u5c1f,尟,U+5C1F,,,AOFH,AH,sin2,surname; fresh,1,2,6,2,0.8,12,cj-267,10,
cj-268,cangjie,4,268,Lesson 268,第268課,F;B;R;K;M;I;C;A;O;H;T;V;U,F;R;I;K;A;H;T;U;C,A;B;C;F;H;I;K;M;O;R;T;U;V,u5c20,尠,U+5C20,,,TVFH,TH,sin2,"very few; seldom, rarely",1,2,6,2,0.8,12,cj-267,10,
cj-268,cangjie,4,268,Lesson 268,第268課,F;B;R;K;M;I;C;A;O;H;T;V;U,F;R;I;K;A;H;T;U;C,A;B;C;F;H;I;K;M;O;R;T;U;V,u5c22,尢,U+5C22,,,KU,KU,wong1,weak; Kangxi radical 43,1,2,6,2,0.8,12,cj-267,10,
cj-268,cangjie,4,268,Lesson 268,第268課,F;B;R;K;M;I;C;A;O;H;T;V;U,F;R;I;K;A;H;T;U;C,A;B;C;F;H;I;K;M;O;R;T;U;V,u5c23,尣,U+5C23,,,CHU,CU,wong1,lame; the first form is Radical 43,1,2,6,2,0.8,12,cj-267,10,
cj-268,cangjie,4,268,Lesson 268,第268課,F;B;R;K;M;I;C;A;O;H;T;V;U,F;R;I;K;A;H;T;U;C,A;B;C;F;H;I;K;M;O;R;T;U;V,u5c24,尤,U+5C24,,,IKU,IU,jau4,"especially, particularly",1,2,6,2,0.8,12,cj-267,10,
cj-269,cangjie,4,269,Lesson 269,第269課,K;U;P;I;J;M;H;C;G;O;L;T;Y;F,K;I;J;U;H;C;G;M;L;Y,C;F;G;H;I;J;K;L;M;O;P;T;U;Y,u5c25,尥,U+5C25,,,KUPI,KI,liu6,"a backward kick, as by a mule or horse",1,2,6,2,0.8,12,cj-268,10,
cj-269,cangjie,4,269,Lesson 269,第269課,K;U;P;I;J;M;H;C;G;O;L;T;Y;F,K;I;J;U;H;C;G;M;L;Y,C;F;G;H;I;J;K;L;M;O;P;T;U;Y,u5c27,尧,U+5C27,,,JPMU,JU,jiu4,a legendary ancient emperor-sage,1,2,6,2,0.8,12,cj-268,10,
cj-269,cangjie,4,269,Lesson 269,第269課,K;U;P;I;J;M;H;C;G;O;L;T;Y;F,K;I;J;U;H;C;G;M;L;Y,C;F;G;H;I;J;K;L;M;O;P;T;U;Y,u5c28,尨,U+5C28,,,IKUH,IH,mong4,shaggy haired dog; variegated,1,2,6,2,0.8,12,cj-268,10,
cj-269,cangjie,4,269,Lesson 269,第269課,K;U;P;I;J;M;H;C;G;O;L;T;Y;F,K;I;J;U;H;C;G;M;L;Y,C;F;G;H;I;J;K;L;M;O;P;T;U;Y,u5c29,尩,U+5C29,,,CUMG,CG,wong1,weak; a rickety person; emaciated,1,2,6,2,0.8,12,cj-268,10,
cj-269,cangjie,4,269,Lesson 269,第269課,K;U;P;I;J;M;H;C;G;O;L;T;Y;F,K;I;J;U;H;C;G;M;L;Y,C;F;G;H;I;J;K;L;M;O;P;T;U;Y,u5c2a,尪,U+5C2A,,,KUMG,KG,wong1,lame,1,2,6,2,0.8,12,cj-268,10,
cj-269,cangjie,4,269,Lesson 269,第269課,K;U;P;I;J;M;H;C;G;O;L;T;Y;F,K;I;J;U;H;C;G;M;L;Y,C;F;G;H;I;J;K;L;M;O;P;T;U;Y,u5c2b,尫,U+5C2B,,,MUMG,MG,wong1,lame,1,2,6,2,0.8,12,cj-268,10,
cj-269,cangjie,4,269,Lesson 269,第269課,K;U;P;I;J;M;H;C;G;O;L;T;Y;F,K;I;J;U;H;C;G;M;L;Y,C;F;G;H;I;J;K;L;M;O;P;T;U;Y,u5c2c,尬,U+5C2C,,,KUOLL,KL,gaai3,"limp, staggering gait; embarrass",1,2,6,2,0.8,12,cj-268,10,
cj-269,cangjie,4,269,Lesson 269,第269課,K;U;P;I;J;M;H;C;G;O;L;T;Y;F,K;I;J;U;H;C;G;M;L;Y,C;F;G;H;I;J;K;L;M;O;P;T;U;Y,u5c2d,尭,U+5C2D,,,JTHU,JU,jiu4,a legendary ancient emperor-sage,1,2,6,2,0.8,12,cj-268,10,
cj-269,cangjie,4,269,Lesson 269,第269課,K;U;P;I;J;M;H;C;G;O;L;T;Y;F,K;I;J;U;H;C;G;M;L;Y,C;F;G;H;I;J;K;L;M;O;P;T;U;Y,u5c30,尰,U+5C30,,,KUHJG,KG,zung2,"swell, swelling of the legs",1,2,6,2,0.8,12,cj-268,10,
cj-269,cangjie,4,269,Lesson 269,第269課,K;U;P;I;J;M;H;C;G;O;L;T;Y;F,K;I;J;U;H;C;G;M;L;Y,C;F;G;H;I;J;K;L;M;O;P;T;U;Y,u5c31,就,U+5C31,,,YFIKU,YU,zau6,"just, simply; to come, go to; to approach, near",1,2,6,2,0.8,12,cj-268,10,
cj-270,cangjie,4,270,Lesson 270,第270課,K;U;T;X;C;L;I;M;S;O;N;P;Y,K;C;T;M;S;O;N;P;Y,C;I;K;L;M;N;O;P;S;T;U;X;Y,u5c32,尲,U+5C32,,,KUTXC,KC,gaam1,limp; be embarrassed,1,2,6,2,0.8,12,cj-269,10,
cj-270,cangjie,4,270,Lesson 270,第270課,K;U;T;X;C;L;I;M;S;O;N;P;Y,K;C;T;M;S;O;N;P;Y,C;I;K;L;M;N;O;P;S;T;U;X;Y,u5c34,尴,U+5C34,,,KULIT,KT,gaam1,embarrassed; ill at ease,1,2,6,2,0.8,12,cj-269,10,
cj-270,cangjie,4,270,Lesson 270,第270課,K;U;T;X;C;L;I;M;S;O;N;P;Y,K;C;T;M;S;O;N;P;Y,C;I;K;L;M;N;O;P;S;T;U;X;Y,u5c36,尶,U+5C36,,,MUSIT,MT,gaam1,embarrassed; ill at ease,1,2,6,2,0.8,12,cj-269,10,
cj-270,cangjie,4,270,Lesson 270,第270課,K;U;T;X;C;L;I;M;S;O;N;P;Y,K;C;T;M;S;O;N;P;Y,C;I;K;L;M;N;O;P;S;T;U;X;Y,u5c37,尷,U+5C37,,,KUSIT,KT,gaam1,embarrassed; ill at ease,1,2,6,2,0.8,12,cj-269,10,
cj-270,cangjie,4,270,Lesson 270,第270課,K;U;T;X;C;L;I;M;S;O;N;P;Y,K;C;T;M;S;O;N;P;Y,C;I;K;L;M;N;O;P;S;T;U;X;Y,u5c38,尸,U+5C38,,,S,S,si1,corpse; to impersonate the dead; to preside; Kangxi radical 44,1,2,6,2,0.8,12,cj-269,10,
cj-270,cangjie,4,270,Lesson 270,第270課,K;U;T;X;C;L;I;M;S;O;N;P;Y,K;C;T;M;S;O;N;P;Y,C;I;K;L;M;N;O;P;S;T;U;X;Y,u5c39,尹,U+5C39,,,SK,SK,wan5,govern; oversee; director,1,2,6,2,0.8,12,cj-269,10,
cj-270,cangjie,4,270,Lesson 270,第270課,K;U;T;X;C;L;I;M;S;O;N;P;Y,K;C;T;M;S;O;N;P;Y,C;I;K;L;M;N;O;P;S;T;U;X;Y,u5c3a,尺,U+5C3A,,,SO,SO,cek3,Chinese measure approx. 'foot',1,2,6,2,0.8,12,cj-269,10,
cj-270,cangjie,4,270,Lesson 270,第270課,K;U;T;X;C;L;I;M;S;O;N;P;Y,K;C;T;M;S;O;N;P;Y,C;I;K;L;M;N;O;P;S;T;U;X;Y,u5c3b,尻,U+5C3B,,,SKN,SN,haau1,"end of spine; buttocks, sacrum",1,2,6,2,0.8,12,cj-269,10,
cj-270,cangjie,4,270,Lesson 270,第270課,K;U;T;X;C;L;I;M;S;O;N;P;Y,K;C;T;M;S;O;N;P;Y,C;I;K;L;M;N;O;P;S;T;U;X;Y,u5c3c,尼,U+5C3C,,,SP,SP,nei4,Buddhist nun; transliteration,1,2,6,2,0.8,12,cj-269,10,
cj-270,cangjie,4,270,Lesson 270,第270課,K;U;T;X;C;L;I;M;S;O;N;P;Y,K;C;T;M;S;O;N;P;Y,C;I;K;L;M;N;O;P;S;T;U;X;Y,u5c3d,尽,U+5C3D,,,SOY,SY,zeon6,"exhaust, use up; deplete",1,2,6,2,0.8,12,cj-269,10,
cj-271,cangjie,4,271,Lesson 271,第271課,S;H;Q;U;E;R;P;M;I;B;O;J;C;G;W,S;U;E;R;P;I;O;C;G;W,B;C;E;G;H;I;J;M;O;P;Q;R;S;U;W,u5c3e,尾,U+5C3E,,,SHQU,SU,mei5,"tail, extremity; end, stern; 6th lunar mansion, determinative star μ¹ Scorpii (Xamidimura)",1,2,6,2,0.8,12,cj-270,10,
cj-271,cangjie,4,271,Lesson 271,第271課,S;H;Q;U;E;R;P;M;I;B;O;J;C;G;W,S;U;E;R;P;I;O;C;G;W,B;C;E;G;H;I;J;M;O;P;Q;R;S;U;W,u5c3f,尿,U+5C3F,,,SE,SE,niu6,urine; urinate,1,2,6,2,0.8,12,cj-270,10,
cj-271,cangjie,4,271,Lesson 271,第271課,S;H;Q;U;E;R;P;M;I;B;O;J;C;G;W,S;U;E;R;P;I;O;C;G;W,B;C;E;G;H;I;J;M;O;P;Q;R;S;U;W,u5c40,局,U+5C40,,,SSR,SR,guk6,"bureau, office; circumstance",1,2,6,2,0.8,12,cj-270,10,
cj-271,cangjie,4,271,Lesson 271,第271課,S;H;Q;U;E;R;P;M;I;B;O;J;C;G;W,S;U;E;R;P;I;O;C;G;W,B;C;E;G;H;I;J;M;O;P;Q;R;S;U;W,u5c41,屁,U+5C41,,,SPP,SP,pei3,break wind; fart; buttocks,1,2,6,2,0.8,12,cj-270,10,
cj-271,cangjie,4,271,Lesson 271,第271課,S;H;Q;U;E;R;P;M;I;B;O;J;C;G;W,S;U;E;R;P;I;O;C;G;W,B;C;E;G;H;I;J;M;O;P;Q;R;S;U;W,u5c42,层,U+5C42,,,SMMI,SI,cang4,"story, layer, floor, stratum",1,2,6,2,0.8,12,cj-270,10,
cj-271,cangjie,4,271,Lesson 271,第271課,S;H;Q;U;E;R;P;M;I;B;O;J;C;G;W,S;U;E;R;P;I;O;C;G;W,B;C;E;G;H;I;J;M;O;P;Q;R;S;U;W,u5c43,屃,U+5C43,,,SBO,SO,ai3,gigantic strength; hercules,1,2,6,2,0.8,12,cj-270,10,
cj-271,cangjie,4,271,Lesson 271,第271課,S;H;Q;U;E;R;P;M;I;B;O;J;C;G;W,S;U;E;R;P;I;O;C;G;W,B;C;E;G;H;I;J;M;O;P;Q;R;S;U;W,u5c44,屄,U+5C44,,,SJC,SC,bei1,the vagina,1,2,6,2,0.8,12,cj-270,10,
cj-271,cangjie,4,271,Lesson 271,第271課,S;H;Q;U;E;R;P;M;I;B;O;J;C;G;W,S;U;E;R;P;I;O;C;G;W,B;C;E;G;H;I;J;M;O;P;Q;R;S;U;W,u5c45,居,U+5C45,,,SJR,SR,geoi1,"live, dwell, reside, sit",1,2,6,2,0.8,12,cj-270,10,
cj-271,cangjie,4,271,Lesson 271,第271課,S;H;Q;U;E;R;P;M;I;B;O;J;C;G;W,S;U;E;R;P;I;O;C;G;W,B;C;E;G;H;I;J;M;O;P;Q;R;S;U;W,u5c46,屆,U+5C46,,,SUG,SG,gaai3,"numerary adjunct for time, term",1,2,6,2,0.8,12,cj-270,10,
cj-271,cangjie,4,271,Lesson 271,第271課,S;H;Q;U;E;R;P;M;I;B;O;J;C;G;W,S;U;E;R;P;I;O;C;G;W,B;C;E;G;H;I;J;M;O;P;Q;R;S;U;W,u5c47,屇,U+5C47,,,SW,SW,tin4,cave; hole,1,2,6,2,0.8,12,cj-270,10,
cj-272,cangjie,4,272,Lesson 272,第272課,S;U;P;T;L;W;M;I;G;R;B;N;F;D;H;O;E,S;U;T;W;G;B;P;D;E,B;D;E;F;G;H;I;L;M;N;O;P;R;S;T;U;W,u5c48,屈,U+5C48,,,SUU,SU,wat1,"bend, flex; bent, crooked; crouch",1,2,6,2,0.8,12,cj-271,10,
cj-272,cangjie,4,272,Lesson 272,第272課,S;U;P;T;L;W;M;I;G;R;B;N;F;D;H;O;E,S;U;T;W;G;B;P;D;E,B;D;E;F;G;H;I;L;M;N;O;P;R;S;T;U;W,u5c49,屉,U+5C49,,,SPT,ST,tai3,drawer; tray; pad; screen,1,2,6,2,0.8,12,cj-271,10,
cj-272,cangjie,4,272,Lesson 272,第272課,S;U;P;T;L;W;M;I;G;R;B;N;F;D;H;O;E,S;U;T;W;G;B;P;D;E,B;D;E;F;G;H;I;L;M;N;O;P;R;S;T;U;W,u5c4a,届,U+5C4A,,,SLW,SW,gaai3,"numerary adjunct for time, term",1,2,6,2,0.8,12,cj-271,10,
cj-272,cangjie,4,272,Lesson 272,第272課,S;U;P;T;L;W;M;I;G;R;B;N;F;D;H;O;E,S;U;T;W;G;B;P;D;E,B;D;E;F;G;H;I;L;M;N;O;P;R;S;T;U;W,u5c4b,屋,U+5C4B,,,SMIG,SG,uk1,"house; room; building, shelter",1,2,6,2,0.8,12,cj-271,10,
cj-272,cangjie,4,272,Lesson 272,第272課,S;U;P;T;L;W;M;I;G;R;B;N;F;D;H;O;E,S;U;T;W;G;B;P;D;E,B;D;E;F;G;H;I;L;M;N;O;P;R;S;T;U;W,u5c4c,屌,U+5C4C,,,SRLB,SB,diu2,(Cant.) obscene exclamation,1,2,6,2,0.8,12,cj-271,10,
cj-272,cangjie,4,272,Lesson 272,第272課,S;U;P;T;L;W;M;I;G;R;B;N;F;D;H;O;E,S;U;T;W;G;B;P;D;E,B;D;E;F;G;H;I;L;M;N;O;P;R;S;T;U;W,u5c4d,屍,U+5C4D,,,SMNP,SP,si1,"corpse, carcass",1,2,6,2,0.8,12,cj-271,10,
cj-272,cangjie,4,272,Lesson 272,第272課,S;U;P;T;L;W;M;I;G;R;B;N;F;D;H;O;E,S;U;T;W;G;B;P;D;E,B;D;E;F;G;H;I;L;M;N;O;P;R;S;T;U;W,u5c4e,屎,U+5C4E,,,SFD,SD,si2,"excrement, shit, dung",1,2,6,2,0.8,12,cj-271,10,
cj-272,cangjie,4,272,Lesson 272,第272課,S;U;P;T;L;W;M;I;G;R;B;N;F;D;H;O;E,S;U;T;W;G;B;P;D;E,B;D;E;F;G;H;I;L;M;N;O;P;R;S;T;U;W,u5c4f,屏,U+5C4F,,,STT,ST,ping4,"folding screen, shield",1,2,6,2,0.8,12,cj-271,10,
cj-272,cangjie,4,272,Lesson 272,第272課,S;U;P;T;L;W;M;I;G;R;B;N;F;D;H;O;E,S;U;T;W;G;B;P;D;E,B;D;E;F;G;H;I;L;M;N;O;P;R;S;T;U;W,u5c50,屐,U+5C50,,,SHOE,SE,kek6,"wooden shoes, clogs",1,2,6,2,0.8,12,cj-271,10,
cj-272,cangjie,4,272,Lesson 272,第272課,S;U;P;T;L;W;M;I;G;R;B;N;F;D;H;O;E,S;U;T;W;G;B;P;D;E,B;D;E;F;G;H;I;L;M;N;O;P;R;S;T;U;W,u5c51,屑,U+5C51,,,SFB,SB,sit3,"bits, scraps, crumbs, fragments",1,2,6,2,0.8,12,cj-271,10,
cj-273,cangjie,4,273,Lesson 273,第273課,S;B;U;C;T;V;N;D;L;R;Y;J;H;O;M;P;K;A,S;C;V;D;R;J;T;Y;B;A,A;B;C;D;H;J;K;L;M;N;O;P;R;S;T;U;V;Y,u5c53,屓,U+5C53,,,SBUC,SC,ai3,gigantic strength; hercules,1,2,6,2,0.8,12,cj-272,10,
cj-273,cangjie,4,273,Lesson 273,第273課,S;B;U;C;T;V;N;D;L;R;Y;J;H;O;M;P;K;A,S;C;V;D;R;J;T;Y;B;A,A;B;C;D;H;J;K;L;M;N;O;P;R;S;T;U;V;Y,u5c55,展,U+5C55,,,STV,SV,zin2,"open, unfold; stretch, extend",1,2,6,2,0.8,12,cj-272,10,
cj-273,cangjie,4,273,Lesson 273,第273課,S;B;U;C;T;V;N;D;L;R;Y;J;H;O;M;P;K;A,S;C;V;D;R;J;T;Y;B;A,A;B;C;D;H;J;K;L;M;N;O;P;R;S;T;U;V;Y,u5c58,屘,U+5C58,,,SUND,SD,mei1,the youngest,1,2,6,2,0.8,12,cj-272,10,
cj-273,cangjie,4,273,Lesson 273,第273課,S;B;U;C;T;V;N;D;L;R;Y;J;H;O;M;P;K;A,S;C;V;D;R;J;T;Y;B;A,A;B;C;D;H;J;K;L;M;N;O;P;R;S;T;U;V;Y,u5c59,屙,U+5C59,,,SNLR,SR,o1,to ease nature,1,2,6,2,0.8,12,cj-272,10,
cj-273,cangjie,4,273,Lesson 273,第273課,S;B;U;C;T;V;N;D;L;R;Y;J;H;O;M;P;K;A,S;C;V;D;R;J;T;Y;B;A,A;B;C;D;H;J;K;L;M;N;O;P;R;S;T;U;V;Y,u5c5b,屛,U+5C5B,,,SYJJ,SJ,bing2,folding screen,1,2,6,2,0.8,12,cj-272,10,
cj-273,cangjie,4,273,Lesson 273,第273課,S;B;U;C;T;V;N;D;L;R;Y;J;H;O;M;P;K;A,S;C;V;D;R;J;T;Y;B;A,A;B;C;D;H;J;K;L;M;N;O;P;R;S;T;U;V;Y,u5c5c,屜,U+5C5C,,,SHOT,ST,tai3,drawer; tray; pad; screen,1,2,6,2,0.8,12,cj-272,10,
cj-273,cangjie,4,273,Lesson 273,第273課,S;B;U;C;T;V;N;D;L;R;Y;J;H;O;M;P;K;A,S;C;V;D;R;J;T;Y;B;A,A;B;C;D;H;J;K;L;M;N;O;P;R;S;T;U;V;Y,u5c5d,屝,U+5C5D,,,SLMY,SY,fei2,straw shoes; straw door,1,2,6,2,0.8,12,cj-272,10,
cj-273,cangjie,4,273,Lesson 273,第273課,S;B;U;C;T;V;N;D;L;R;Y;J;H;O;M;P;K;A,S;C;V;D;R;J;T;Y;B;A,A;B;C;D;H;J;K;L;M;N;O;P;R;S;T;U;V;Y,u5c5e,属,U+5C5E,,,SHLB,SB,suk6,"class, category, type; belong to",1,2,6,2,0.8,12,cj-272,10,
cj-273,cangjie,4,273,Lesson 273,第273課,S;B;U;C;T;V;N;D;L;R;Y;J;H;O;M;P;K;A,S;C;V;D;R;J;T;Y;B;A,A;B;C;D;H;J;K;L;M;N;O;P;R;S;T;U;V;Y,u5c5f,屟,U+5C5F,,,SPTD,SD,sit3,"wooden shoes, clogs",1,2,6,2,0.8,12,cj-272,10,
cj-273,cangjie,4,273,Lesson 273,第273課,S;B;U;C;T;V;N;D;L;R;Y;J;H;O;M;P;K;A,S;C;V;D;R;J;T;Y;B;A,A;B;C;D;H;J;K;L;M;N;O;P;R;S;T;U;V;Y,u5c60,屠,U+5C60,,,SJKA,SA,tou4,"butcher, slaughter, massacre",1,2,6,2,0.8,12,cj-272,10,
cj-274,cangjie,4,274,Lesson 274,第274課,S;F;D;V;L;H;O;C;W;A;E;B;J;K,S;V;O;A;E;D;B;F,A;B;C;D;E;F;H;J;K;L;O;S;V;W,u5c61,屡,U+5C61,,,SFDV,SV,leoi5,"frequently, often, again and again",1,2,6,2,0.8,12,cj-273,10,
cj-274,cangjie,4,274,Lesson 274,第274課,S;F;D;V;L;H;O;C;W;A;E;B;J;K,S;V;O;A;E;D;B;F,A;B;C;D;E;F;H;J;K;L;O;S;V;W,u5c62,屢,U+5C62,,,SLLV,SV,leoi5,"frequently, often, again and again",1,2,6,2,0.8,12,cj-273,10,
cj-274,cangjie,4,274,Lesson 274,第274課,S;F;D;V;L;H;O;C;W;A;E;B;J;K,S;V;O;A;E;D;B;F,A;B;C;D;E;F;H;J;K;L;O;S;V;W,u5c63,屣,U+5C63,,,SHOO,SO,saai2,straw sandals or slippers that have no heel-backs,1,2,6,2,0.8,12,cj-273,10,
cj-274,cangjie,4,274,Lesson 274,第274課,S;F;D;V;L;H;O;C;W;A;E;B;J;K,S;V;O;A;E;D;B;F,A;B;C;D;E;F;H;J;K;L;O;S;V;W,u5c64,層,U+5C64,,,SCWA,SA,cang4,"story, layer, floor, stratum",1,2,6,2,0.8,12,cj-273,10,
cj-274,cangjie,4,274,Lesson 274,第274課,S;F;D;V;L;H;O;C;W;A;E;B;J;K,S;V;O;A;E;D;B;F,A;B;C;D;E;F;H;J;K;L;O;S;V;W,u5c65,履,U+5C65,,,SHOE,SE,lei5,"footwear, shoes; walk on, tread; hexagram ䷉",1,2,6,2,0.8,12,cj-273,10,
cj-274,cangjie,4,274,Lesson 274,第274課,S;F;D;V;L;H;O;C;W;A;E;B;J;K,S;V;O;A;E;D;B;F,A;B;C;D;E;F;H;J;K;L;O;S;V;W,u5c66,屦,U+5C66,,,SHOV,SV,geoi3,straw sandals; tread on,1,2,6,2,0.8,12,cj-273,10,
cj-274,cangjie,4,274,Lesson 274,第274課,S;F;D;V;L;H;O;C;W;A;E;B;J;K,S;V;O;A;E;D;B;F,A;B;C;D;E;F;H;J;K;L;O;S;V;W,u5c67,屧,U+5C67,,,SHOD,SD,sit3,"wooden shoes, clogs",1,2,6,2,0.8,12,cj-273,10,
cj-274,cangjie,4,274,Lesson 274,第274課,S;F;D;V;L;H;O;C;W;A;E;B;J;K,S;V;O;A;E;D;B;F,A;B;C;D;E;F;H;J;K;L;O;S;V;W,u5c68,屨,U+5C68,,,SHOV,SV,geoi3,straw sandals; tread on,1,2,6,2,0.8,12,cj-273,10,
cj-274,cangjie,4,274,Lesson 274,第274課,S;F;D;V;L;H;O;C;W;A;E;B;J;K,S;V;O;A;E;D;B;F,A;B;C;D;E;F;H;J;K;L;O;S;V;W,u5c69,屩,U+5C69,,,SHOB,SB,goek3,straw sandals,1,2,6,2,0.8,12,cj-273,10,
cj-274,cangjie,4,274,Lesson 274,第274課,S;F;D;V;L;H;O;C;W;A;E;B;J;K,S;V;O;A;E;D;B;F,A;B;C;D;E;F;H;J;K;L;O;S;V;W,u5c6a,屪,U+5C6A,,,SJKF,SF,liu4,penis,1,2,6,2,0.8,12,cj-273,10,
cj-275,cangjie,4,275,Lesson 275,第275課,S;E;W;I;B;C;U;L;P;T;K;H;O;N,S;I;C;U;L;P;T;H;N,B;C;E;H;I;K;L;N;O;P;S;T;U;W,u5c6c,屬,U+5C6C,,,SEWI,SI,suk6,"class, category, type; to belong to",1,2,6,2,0.8,12,cj-274,10,
cj-275,cangjie,4,275,Lesson 275,第275課,S;E;W;I;B;C;U;L;P;T;K;H;O;N,S;I;C;U;L;P;T;H;N,B;C;E;H;I;K;L;N;O;P;S;T;U;W,u5c6d,屭,U+5C6D,,,SBCC,SC,ai3,gigantic strength,1,2,6,2,0.8,12,cj-274,10,
cj-275,cangjie,4,275,Lesson 275,第275課,S;E;W;I;B;C;U;L;P;T;K;H;O;N,S;I;C;U;L;P;T;H;N,B;C;E;H;I;K;L;N;O;P;S;T;U;W,u5c6e,屮,U+5C6E,,,UL,UL,cit3,sprout; Kangxi radical 45,1,2,6,2,0.8,12,cj-274,10,
cj-275,cangjie,4,275,Lesson 275,第275課,S;E;W;I;B;C;U;L;P;T;K;H;O;N,S;I;C;U;L;P;T;H;N,B;C;E;H;I;K;L;N;O;P;S;T;U;W,u5c6f,屯,U+5C6F,,,PU,PU,tyun4,"village, hamlet; camp; station; hexagram ䷂",1,2,6,2,0.8,12,cj-274,10,
cj-275,cangjie,4,275,Lesson 275,第275課,S;E;W;I;B;C;U;L;P;T;K;H;O;N,S;I;C;U;L;P;T;H;N,B;C;E;H;I;K;L;N;O;P;S;T;U;W,u5c70,屰,U+5C70,,,TU,TU,jik6,disobedient,1,2,6,2,0.8,12,cj-274,10,
cj-275,cangjie,4,275,Lesson 275,第275課,S;E;W;I;B;C;U;L;P;T;K;H;O;N,S;I;C;U;L;P;T;H;N,B;C;E;H;I;K;L;N;O;P;S;T;U;W,u5c71,山,U+5C71,,,U,U,saan1,"mountain, hill, peak",1,2,6,2,0.8,12,cj-274,10,
cj-275,cangjie,4,275,Lesson 275,第275課,S;E;W;I;B;C;U;L;P;T;K;H;O;N,S;I;C;U;L;P;T;H;N,B;C;E;H;I;K;L;N;O;P;S;T;U;W,u5c74,屴,U+5C74,,,UKS,US,lik6,lofty,1,2,6,2,0.8,12,cj-274,10,
cj-275,cangjie,4,275,Lesson 275,第275課,S;E;W;I;B;C;U;L;P;T;K;H;O;N,S;I;C;U;L;P;T;H;N,B;C;E;H;I;K;L;N;O;P;S;T;U;W,u5c76,屶,U+5C76,,,USH,UH,wui6,lofty,1,2,6,2,0.8,12,cj-274,10,
cj-275,cangjie,4,275,Lesson 275,第275課,S;E;W;I;B;C;U;L;P;T;K;H;O;N,S;I;C;U;L;P;T;H;N,B;C;E;H;I;K;L;N;O;P;S;T;U;W,u5c79,屹,U+5C79,,,UON,UN,ngat6,to rise high; to stand erect,1,2,6,2,0.8,12,cj-274,10,
cj-275,cangjie,4,275,Lesson 275,第275課,S;E;W;I;B;C;U;L;P;T;K;H;O;N,S;I;C;U;L;P;T;H;N,B;C;E;H;I;K;L;N;O;P;S;T;U;W,u5c7a,屺,U+5C7A,,,USU,UU,hei2,a hill with trees or grass-- some give the opposite meaning,1,2,6,2,0.8,12,cj-274,10,
cj-276,cangjie,4,276,Lesson 276,第276課,U;S;H;I;M;Y;N;E;V;A,U;I;M;E;H;A,A;E;H;I;M;N;S;U;V;Y,u5c7b,屻,U+5C7B,,,USHI,UI,jan6,(Cant.) sharp,1,2,6,2,0.8,12,cj-275,10,
cj-276,cangjie,4,276,Lesson 276,第276課,U;S;H;I;M;Y;N;E;V;A,U;I;M;E;H;A,A;E;H;I;M;N;S;U;V;Y,u5c7c,屼,U+5C7C,,,UMU,UU,ngat6,mountain; a bare hill,1,2,6,2,0.8,12,cj-275,10,
cj-276,cangjie,4,276,Lesson 276,第276課,U;S;H;I;M;Y;N;E;V;A,U;I;M;E;H;A,A;E;H;I;M;N;S;U;V;Y,u5c7f,屿,U+5C7F,,,UYSM,UM,zeoi6,island,1,2,6,2,0.8,12,cj-275,10,
cj-276,cangjie,4,276,Lesson 276,第276課,U;S;H;I;M;Y;N;E;V;A,U;I;M;E;H;A,A;E;H;I;M;N;S;U;V;Y,u5c80,岀,U+5C80,,,UU,UU,ceot1,go out,1,2,6,2,0.8,12,cj-275,10,
cj-276,cangjie,4,276,Lesson 276,第276課,U;S;H;I;M;Y;N;E;V;A,U;I;M;E;H;A,A;E;H;I;M;N;S;U;V;Y,u5c81,岁,U+5C81,,,UNI,UI,seoi3,year; age; harvest,1,2,6,2,0.8,12,cj-275,10,
cj-276,cangjie,4,276,Lesson 276,第276課,U;S;H;I;M;Y;N;E;V;A,U;I;M;E;H;A,A;E;H;I;M;N;S;U;V;Y,u5c82,岂,U+5C82,,,USU,UU,hei2,how? what?,1,2,6,2,0.8,12,cj-275,10,
cj-276,cangjie,4,276,Lesson 276,第276課,U;S;H;I;M;Y;N;E;V;A,U;I;M;E;H;A,A;E;H;I;M;N;S;U;V;Y,u5c85,岅,U+5C85,,,UHE,UE,baan2,mountain slope,1,2,6,2,0.8,12,cj-275,10,
cj-276,cangjie,4,276,Lesson 276,第276課,U;S;H;I;M;Y;N;E;V;A,U;I;M;E;H;A,A;E;H;I;M;N;S;U;V;Y,u5c88,岈,U+5C88,,,UMVH,UH,ngaa4,"嵖岈山, a mountain in Suìpíng county, Hénán",1,2,6,2,0.8,12,cj-275,10,
cj-276,cangjie,4,276,Lesson 276,第276課,U;S;H;I;M;Y;N;E;V;A,U;I;M;E;H;A,A;E;H;I;M;N;S;U;V;Y,u5c8a,岊,U+5C8A,,,AUU,AU,zit3,foothill,1,2,6,2,0.8,12,cj-275,10,
cj-276,cangjie,4,276,Lesson 276,第276課,U;S;H;I;M;Y;N;E;V;A,U;I;M;E;H;A,A;E;H;I;M;N;S;U;V;Y,u5c8c,岌,U+5C8C,,,UNHE,UE,kap1,"perilous, hazardous; high, steep",1,2,6,2,0.8,12,cj-275,10,
cj-277,cangjie,4,277,Lesson 277,第277課,U;M;T;J;E;O;I;N;C;S;H;K;B;P;Y,U;T;E;N;C;K;H;P,B;C;E;H;I;J;K;M;N;O;P;S;T;U;Y,u5c8d,岍,U+5C8D,,,UMT,UT,hin1,a mountain in Shaanxi,1,2,6,2,0.8,12,cj-276,10,
cj-277,cangjie,4,277,Lesson 277,第277課,U;M;T;J;E;O;I;N;C;S;H;K;B;P;Y,U;T;E;N;C;K;H;P,B;C;E;H;I;J;K;M;N;O;P;S;T;U;Y,u5c90,岐,U+5C90,,,UJE,UE,kei4,high; majestic; fork in road,1,2,6,2,0.8,12,cj-276,10,
cj-277,cangjie,4,277,Lesson 277,第277課,U;M;T;J;E;O;I;N;C;S;H;K;B;P;Y,U;T;E;N;C;K;H;P,B;C;E;H;I;J;K;M;N;O;P;S;T;U;Y,u5c91,岑,U+5C91,,,UOIN,UN,sam4,"steep, precipitous; peak",1,2,6,2,0.8,12,cj-276,10,
cj-277,cangjie,4,277,Lesson 277,第277課,U;M;T;J;E;O;I;N;C;S;H;K;B;P;Y,U;T;E;N;C;K;H;P,B;C;E;H;I;J;K;M;N;O;P;S;T;U;Y,u5c94,岔,U+5C94,,,CSHU,CU,caa3,"diverge, branch off; fork in road",1,2,6,2,0.8,12,cj-276,10,
cj-277,cangjie,4,277,Lesson 277,第277課,U;M;T;J;E;O;I;N;C;S;H;K;B;P;Y,U;T;E;N;C;K;H;P,B;C;E;H;I;J;K;M;N;O;P;S;T;U;Y,u5c96,岖,U+5C96,,,USK,UK,keoi1,"steep, sheer; rugged, rough",1,2,6,2,0.8,12,cj-276,10,
cj-277,cangjie,4,277,Lesson 277,第277課,U;M;T;J;E;O;I;N;C;S;H;K;B;P;Y,U;T;E;N;C;K;H;P,B;C;E;H;I;J;K;M;N;O;P;S;T;U;Y,u5c97,岗,U+5C97,,,UBK,UK,gong1,post; position,1,2,6,2,0.8,12,cj-276,10,
cj-277,cangjie,4,277,Lesson 277,第277課,U;M;T;J;E;O;I;N;C;S;H;K;B;P;Y,U;T;E;N;C;K;H;P,B;C;E;H;I;J;K;M;N;O;P;S;T;U;Y,u5c98,岘,U+5C98,,,UBHU,UU,jin6,steep hill; mountain in Hubei,1,2,6,2,0.8,12,cj-276,10,
cj-277,cangjie,4,277,Lesson 277,第277課,U;M;T;J;E;O;I;N;C;S;H;K;B;P;Y,U;T;E;N;C;K;H;P,B;C;E;H;I;J;K;M;N;O;P;S;T;U;Y,u5c99,岙,U+5C99,,,HKU,HU,ou3,island,1,2,6,2,0.8,12,cj-276,10,
cj-277,cangjie,4,277,Lesson 277,第277課,U;M;T;J;E;O;I;N;C;S;H;K;B;P;Y,U;T;E;N;C;K;H;P,B;C;E;H;I;J;K;M;N;O;P;S;T;U;Y,u5c9a,岚,U+5C9A,,,UHNK,UK,laam4,"mountain mist, mountain haze",1,2,6,2,0.8,12,cj-276,10,
cj-277,cangjie,4,277,Lesson 277,第277課,U;M;T;J;E;O;I;N;C;S;H;K;B;P;Y,U;T;E;N;C;K;H;P,B;C;E;H;I;J;K;M;N;O;P;S;T;U;Y,u5c9b,岛,U+5C9B,,,PYSU,PU,dou2,island,1,2,6,2,0.8,12,cj-276,10,
cj-278,cangjie,4,278,Lesson 278,第278課,U;A;O;S;B;T;M;N;R;P;H;L;W,U;S;B;R;M;W,A;B;H;L;M;N;O;P;R;S;T;U;W,u5c9c,岜,U+5C9C,,,UAU,UU,baa1,rock mountain,1,2,6,2,0.8,12,cj-277,10,
cj-278,cangjie,4,278,Lesson 278,第278課,U;A;O;S;B;T;M;N;R;P;H;L;W,U;S;B;R;M;W,A;B;H;L;M;N;O;P;R;S;T;U;W,u5c9d,岝,U+5C9D,,,UOS,US,zok3,name of a mountain in Shandong,1,2,6,2,0.8,12,cj-277,10,
cj-278,cangjie,4,278,Lesson 278,第278課,U;A;O;S;B;T;M;N;R;P;H;L;W,U;S;B;R;M;W,A;B;H;L;M;N;O;P;R;S;T;U;W,u5c9e,岞,U+5C9E,,,UOS,US,zok3,"a mountain in Chāngyì county, Shāndōng",1,2,6,2,0.8,12,cj-277,10,
cj-278,cangjie,4,278,Lesson 278,第278課,U;A;O;S;B;T;M;N;R;P;H;L;W,U;S;B;R;M;W,A;B;H;L;M;N;O;P;R;S;T;U;W,u5ca1,岡,U+5CA1,,,BTU,BU,gong1,ridge or crest of hill,1,2,6,2,0.8,12,cj-277,10,
cj-278,cangjie,4,278,Lesson 278,第278課,U;A;O;S;B;T;M;N;R;P;H;L;W,U;S;B;R;M;W,A;B;H;L;M;N;O;P;R;S;T;U;W,u5ca2,岢,U+5CA2,,,UMNR,UR,ho2,a county in Shānxī,1,2,6,2,0.8,12,cj-277,10,
cj-278,cangjie,4,278,Lesson 278,第278課,U;A;O;S;B;T;M;N;R;P;H;L;W,U;S;B;R;M;W,A;B;H;L;M;N;O;P;R;S;T;U;W,u5ca3,岣,U+5CA3,,,UPR,UR,gau2,a hill in Hunan,1,2,6,2,0.8,12,cj-277,10,
cj-278,cangjie,4,278,Lesson 278,第278課,U;A;O;S;B;T;M;N;R;P;H;L;W,U;S;B;R;M;W,A;B;H;L;M;N;O;P;R;S;T;U;W,u5ca7,岧,U+5CA7,,,USHR,UR,tiu4,peak; cliff; precipice,1,2,6,2,0.8,12,cj-277,10,
cj-278,cangjie,4,278,Lesson 278,第278課,U;A;O;S;B;T;M;N;R;P;H;L;W,U;S;B;R;M;W,A;B;H;L;M;N;O;P;R;S;T;U;W,u5ca8,岨,U+5CA8,,,UBM,UM,zeoi1,uneven,1,2,6,2,0.8,12,cj-277,10,
cj-278,cangjie,4,278,Lesson 278,第278課,U;A;O;S;B;T;M;N;R;P;H;L;W,U;S;B;R;M;W,A;B;H;L;M;N;O;P;R;S;T;U;W,u5ca9,岩,U+5CA9,,,UMR,UR,ngaam4,cliff; rocks; mountain,1,2,6,2,0.8,12,cj-277,10,
cj-278,cangjie,4,278,Lesson 278,第278課,U;A;O;S;B;T;M;N;R;P;H;L;W,U;S;B;R;M;W,A;B;H;L;M;N;O;P;R;S;T;U;W,u5cab,岫,U+5CAB,,,ULW,UW,zau6,"mountain peak; cave, cavern",1,2,6,2,0.8,12,cj-277,10,
cj-279,cangjie,4,279,Lesson 279,第279課,U;W;L;O;I;P;M;J;R;V;S;H;K;D,U;L;I;O;R;P;J;D,D;H;I;J;K;L;M;O;P;R;S;U;V;W,u5cac,岬,U+5CAC,,,UWL,UL,gaap3,"cape; promontory, headland",1,2,6,2,0.8,12,cj-278,10,
cj-279,cangjie,4,279,Lesson 279,第279課,U;W;L;O;I;P;M;J;R;V;S;H;K;D,U;L;I;O;R;P;J;D,D;H;I;J;K;L;M;O;P;R;S;U;V;W,u5cad,岭,U+5CAD,,,UOII,UI,ling5,"mountain ridge, mountain peak",1,2,6,2,0.8,12,cj-278,10,
cj-279,cangjie,4,279,Lesson 279,第279課,U;W;L;O;I;P;M;J;R;V;S;H;K;D,U;L;I;O;R;P;J;D,D;H;I;J;K;L;M;O;P;R;S;U;V;W,u5cb1,岱,U+5CB1,,,OPU,OU,doi6,"Daishan, one of the Five Sacred Mountains in China",1,2,6,2,0.8,12,cj-278,10,
cj-279,cangjie,4,279,Lesson 279,第279課,U;W;L;O;I;P;M;J;R;V;S;H;K;D,U;L;I;O;R;P;J;D,D;H;I;J;K;L;M;O;P;R;S;U;V;W,u5cb3,岳,U+5CB3,,,OMU,OU,ngok6,mountain peak; surname,1,2,6,2,0.8,12,cj-278,10,
cj-279,cangjie,4,279,Lesson 279,第279課,U;W;L;O;I;P;M;J;R;V;S;H;K;D,U;L;I;O;R;P;J;D,D;H;I;J;K;L;M;O;P;R;S;U;V;W,u5cb5,岵,U+5CB5,,,UJR,UR,wu6,hill,1,2,6,2,0.8,12,cj-278,10,
cj-279,cangjie,4,279,Lesson 279,第279課,U;W;L;O;I;P;M;J;R;V;S;H;K;D,U;L;I;O;R;P;J;D,D;H;I;J;K;L;M;O;P;R;S;U;V;W,u5cb7,岷,U+5CB7,,,URVP,UP,man4,"Minshan mountain range in northern Sichuan and southern Gansu, Min River",1,2,6,2,0.8,12,cj-278,10,
cj-279,cangjie,4,279,Lesson 279,第279課,U;W;L;O;I;P;M;J;R;V;S;H;K;D,U;L;I;O;R;P;J;D,D;H;I;J;K;L;M;O;P;R;S;U;V;W,u5cb8,岸,U+5CB8,,,UMMJ,UJ,ngon6,"bank, shore; beach, coast",1,2,6,2,0.8,12,cj-278,10,
cj-279,cangjie,4,279,Lesson 279,第279課,U;W;L;O;I;P;M;J;R;V;S;H;K;D,U;L;I;O;R;P;J;D,D;H;I;J;K;L;M;O;P;R;S;U;V;W,u5cb9,岹,U+5CB9,,,USHR,UR,tiu4,"peak; cliff, precipice",1,2,6,2,0.8,12,cj-278,10,
cj-279,cangjie,4,279,Lesson 279,第279課,U;W;L;O;I;P;M;J;R;V;S;H;K;D,U;L;I;O;R;P;J;D,D;H;I;J;K;L;M;O;P;R;S;U;V;W,u5cba,岺,U+5CBA,,,UOII,UI,ling4,"mountain ridge, mountain peak",1,2,6,2,0.8,12,cj-278,10,
cj-279,cangjie,4,279,Lesson 279,第279課,U;W;L;O;I;P;M;J;R;V;S;H;K;D,U;L;I;O;R;P;J;D,D;H;I;J;K;L;M;O;P;R;S;U;V;W,u5cbd,岽,U+5CBD,,,UKD,UD,dung1,place name in Guangxi province,1,2,6,2,0.8,12,cj-278,10,
cj-280,cangjie,4,280,Lesson 280,第280課,U;Y;R;L;S;W;H;E;F;B;Q;O;M;P;A,U;R;S;W;L;Y;F;Q;A,A;B;E;F;H;L;M;O;P;Q;R;S;U;W;Y,u5cbe,岾,U+5CBE,,,UYR,UR,zim1,mountain pass (Korean),1,2,6,2,0.8,12,cj-279,10,
cj-280,cangjie,4,280,Lesson 280,第280課,U;Y;R;L;S;W;H;E;F;B;Q;O;M;P;A,U;R;S;W;L;Y;F;Q;A,A;B;E;F;H;L;M;O;P;Q;R;S;U;W;Y,u5cbf,岿,U+5CBF,,,ULLS,US,kwai1,"grand, stately; secure, lasting",1,2,6,2,0.8,12,cj-279,10,
cj-280,cangjie,4,280,Lesson 280,第280課,U;Y;R;L;S;W;H;E;F;B;Q;O;M;P;A,U;R;S;W;L;Y;F;Q;A,A;B;E;F;H;L;M;O;P;Q;R;S;U;W;Y,u5cc0,峀,U+5CC0,,,ULW,UW,bong1,"mountain peak; cave, cavern",1,2,6,2,0.8,12,cj-279,10,
cj-280,cangjie,4,280,Lesson 280,第280課,U;Y;R;L;S;W;H;E;F;B;Q;O;M;P;A,U;R;S;W;L;Y;F;Q;A,A;B;E;F;H;L;M;O;P;Q;R;S;U;W;Y,u5cc1,峁,U+5CC1,,,UHHL,UL,maau5,yellow dirt mount,1,2,6,2,0.8,12,cj-279,10,
cj-280,cangjie,4,280,Lesson 280,第280課,U;Y;R;L;S;W;H;E;F;B;Q;O;M;P;A,U;R;S;W;L;Y;F;Q;A,A;B;E;F;H;L;M;O;P;Q;R;S;U;W;Y,u5cc2,峂,U+5CC2,,,UHEY,UY,tung4,name of a place in Běijīng's Shìhǎidiàn district,1,2,6,2,0.8,12,cj-279,10,
cj-280,cangjie,4,280,Lesson 280,第280課,U;Y;R;L;S;W;H;E;F;B;Q;O;M;P;A,U;R;S;W;L;Y;F;Q;A,A;B;E;F;H;L;M;O;P;Q;R;S;U;W;Y,u5cc3,峃,U+5CC3,,,FBU,FU,hok6,big rocky mountain,1,2,6,2,0.8,12,cj-279,10,
cj-280,cangjie,4,280,Lesson 280,第280課,U;Y;R;L;S;W;H;E;F;B;Q;O;M;P;A,U;R;S;W;L;Y;F;Q;A,A;B;E;F;H;L;M;O;P;Q;R;S;U;W;Y,u5cc4,峄,U+5CC4,,,UEQ,UQ,jik6,a range of peaks in Shandong and Jiangsu; the name of a mountain,1,2,6,2,0.8,12,cj-279,10,
cj-280,cangjie,4,280,Lesson 280,第280課,U;Y;R;L;S;W;H;E;F;B;Q;O;M;P;A,U;R;S;W;L;Y;F;Q;A,A;B;E;F;H;L;M;O;P;Q;R;S;U;W;Y,u5cc7,峇,U+5CC7,,,UOMR,UR,baa1,"cave, cavern",1,2,6,2,0.8,12,cj-279,10,
cj-280,cangjie,4,280,Lesson 280,第280課,U;Y;R;L;S;W;H;E;F;B;Q;O;M;P;A,U;R;S;W;L;Y;F;Q;A,A;B;E;F;H;L;M;O;P;Q;R;S;U;W;Y,u5ccb,峋,U+5CCB,,,UPA,UA,seon1,ranges of hills stretching on beyond another irregular peaks,1,2,6,2,0.8,12,cj-279,10,
cj-280,cangjie,4,280,Lesson 280,第280課,U;Y;R;L;S;W;H;E;F;B;Q;O;M;P;A,U;R;S;W;L;Y;F;Q;A,A;B;E;F;H;L;M;O;P;Q;R;S;U;W;Y,u5cd2,峒,U+5CD2,,,UBMR,UR,tung4,mountain in Gansu province,1,2,6,2,0.8,12,cj-279,10,
cj-281,cangjie,4,281,Lesson 281,第281課,U;G;D;I;B;M;R;N;Y;K;T;J;P;H;L;S;C,U;I;R;Y;T;L;D;K,B;C;D;G;H;I;J;K;L;M;N;P;R;S;T;U;Y,u5cd9,峙,U+5CD9,,,UGDI,UI,zi6,"stand erect, stand up; pile up",1,2,6,2,0.8,12,cj-280,10,
cj-281,cangjie,4,281,Lesson 281,第281課,U;G;D;I;B;M;R;N;Y;K;T;J;P;H;L;S;C,U;I;R;Y;T;L;D;K,B;C;D;G;H;I;J;K;L;M;N;P;R;S;T;U;Y,u5cdd,峝,U+5CDD,,,UBMR,UR,tung4,Mountain in Gansu province,1,2,6,2,0.8,12,cj-280,10,
cj-281,cangjie,4,281,Lesson 281,第281課,U;G;D;I;B;M;R;N;Y;K;T;J;P;H;L;S;C,U;I;R;Y;T;L;D;K,B;C;D;G;H;I;J;K;L;M;N;P;R;S;T;U;Y,u5cde,峞,U+5CDE,,,UNMU,UU,ngai4,high and uneven,1,2,6,2,0.8,12,cj-280,10,
cj-281,cangjie,4,281,Lesson 281,第281課,U;G;D;I;B;M;R;N;Y;K;T;J;P;H;L;S;C,U;I;R;Y;T;L;D;K,B;C;D;G;H;I;J;K;L;M;N;P;R;S;T;U;Y,u5ce0,峠,U+5CE0,,,UYMY,UY,kaa1,"mountain pass; crisis, climax",1,2,6,2,0.8,12,cj-280,10,
cj-281,cangjie,4,281,Lesson 281,第281課,U;G;D;I;B;M;R;N;Y;K;T;J;P;H;L;S;C,U;I;R;Y;T;L;D;K,B;C;D;G;H;I;J;K;L;M;N;P;R;S;T;U;Y,u5ce1,峡,U+5CE1,,,UKT,UT,haap6,"gorge, strait, ravine; isthmus",1,2,6,2,0.8,12,cj-280,10,
cj-281,cangjie,4,281,Lesson 281,第281課,U;G;D;I;B;M;R;N;Y;K;T;J;P;H;L;S;C,U;I;R;Y;T;L;D;K,B;C;D;G;H;I;J;K;L;M;N;P;R;S;T;U;Y,u5ce3,峣,U+5CE3,,,UJPU,UU,jiu4,high or tall,1,2,6,2,0.8,12,cj-280,10,
cj-281,cangjie,4,281,Lesson 281,第281課,U;G;D;I;B;M;R;N;Y;K;T;J;P;H;L;S;C,U;I;R;Y;T;L;D;K,B;C;D;G;H;I;J;K;L;M;N;P;R;S;T;U;Y,u5ce4,峤,U+5CE4,,,UHKL,UL,giu6,high pointed mountain,1,2,6,2,0.8,12,cj-280,10,
cj-281,cangjie,4,281,Lesson 281,第281課,U;G;D;I;B;M;R;N;Y;K;T;J;P;H;L;S;C,U;I;R;Y;T;L;D;K,B;C;D;G;H;I;J;K;L;M;N;P;R;S;T;U;Y,u5ce5,峥,U+5CE5,,,UNSD,UD,zang1,"high, lofty, noble; steep, perilous",1,2,6,2,0.8,12,cj-280,10,
cj-281,cangjie,4,281,Lesson 281,第281課,U;G;D;I;B;M;R;N;Y;K;T;J;P;H;L;S;C,U;I;R;Y;T;L;D;K,B;C;D;G;H;I;J;K;L;M;N;P;R;S;T;U;Y,u5ce6,峦,U+5CE6,,,YCU,YU,lyun4,mountain range; pointed mountain,1,2,6,2,0.8,12,cj-280,10,
cj-281,cangjie,4,281,Lesson 281,第281課,U;G;D;I;B;M;R;N;Y;K;T;J;P;H;L;S;C,U;I;R;Y;T;L;D;K,B;C;D;G;H;I;J;K;L;M;N;P;R;S;T;U;Y,u5ce7,峧,U+5CE7,,,UYCK,UK,gaau1,used in place names,1,2,6,2,0.8,12,cj-280,10,
cj-282,cangjie,4,282,Lesson 282,第282課,U;H;Q;I;C;O;R;M;L;F;B;E;J;K;N;G;A;Y,U;I;R;L;B;J;K;H,A;B;C;E;F;G;H;I;J;K;L;M;N;O;Q;R;U;Y,u5ce8,峨,U+5CE8,,,UHQI,UI,ngo4,lofty,1,2,6,2,0.8,12,cj-281,10,
cj-282,cangjie,4,282,Lesson 282,第282課,U;H;Q;I;C;O;R;M;L;F;B;E;J;K;N;G;A;Y,U;I;R;L;B;J;K;H,A;B;C;E;F;G;H;I;J;K;L;M;N;O;Q;R;U;Y,u5ce9,峩,U+5CE9,,,UHQI,UI,ngo4,lofty,1,2,6,2,0.8,12,cj-281,10,
cj-282,cangjie,4,282,Lesson 282,第282課,U;H;Q;I;C;O;R;M;L;F;B;E;J;K;N;G;A;Y,U;I;R;L;B;J;K;H,A;B;C;E;F;G;H;I;J;K;L;M;N;O;Q;R;U;Y,u5cea,峪,U+5CEA,,,UCOR,UR,juk6,"valley, ravine",1,2,6,2,0.8,12,cj-281,10,
cj-282,cangjie,4,282,Lesson 282,第282課,U;H;Q;I;C;O;R;M;L;F;B;E;J;K;N;G;A;Y,U;I;R;L;B;J;K;H,A;B;C;E;F;G;H;I;J;K;L;M;N;O;Q;R;U;Y,u5ceb,峫,U+5CEB,,,UMHL,UL,je4,mountain in Shandong province,1,2,6,2,0.8,12,cj-281,10,
cj-282,cangjie,4,282,Lesson 282,第282課,U;H;Q;I;C;O;R;M;L;F;B;E;J;K;N;G;A;Y,U;I;R;L;B;J;K;H,A;B;C;E;F;G;H;I;J;K;L;M;N;O;Q;R;U;Y,u5ced,峭,U+5CED,,,UFB,UB,ciu3,"steep, precipitous, rugged",1,2,6,2,0.8,12,cj-281,10,
cj-282,cangjie,4,282,Lesson 282,第282課,U;H;Q;I;C;O;R;M;L;F;B;E;J;K;N;G;A;Y,U;I;R;L;B;J;K;H,A;B;C;E;F;G;H;I;J;K;L;M;N;O;Q;R;U;Y,u5cef,峯,U+5CEF,,,UHEJ,UJ,fung1,"peak, summit; hump of camel",1,2,6,2,0.8,12,cj-281,10,
cj-282,cangjie,4,282,Lesson 282,第282課,U;H;Q;I;C;O;R;M;L;F;B;E;J;K;N;G;A;Y,U;I;R;L;B;J;K;H,A;B;C;E;F;G;H;I;J;K;L;M;N;O;Q;R;U;Y,u5cf0,峰,U+5CF0,,,UHEJ,UJ,fung1,"peak, summit; hump of camel",1,2,6,2,0.8,12,cj-281,10,
cj-282,cangjie,4,282,Lesson 282,第282課,U;H;Q;I;C;O;R;M;L;F;B;E;J;K;N;G;A;Y,U;I;R;L;B;J;K;H,A;B;C;E;F;G;H;I;J;K;L;M;N;O;Q;R;U;Y,u5cf1,峱,U+5CF1,,,KHNGU,KU,naau4,name of a mountain in Shāndōng,1,2,6,2,0.8,12,cj-281,10,
cj-282,cangjie,4,282,Lesson 282,第282課,U;H;Q;I;C;O;R;M;L;F;B;E;J;K;N;G;A;Y,U;I;R;L;B;J;K;H,A;B;C;E;F;G;H;I;J;K;L;M;N;O;Q;R;U;Y,u5cf4,峴,U+5CF4,,,UBUU,UU,jin6,steep hill; mountain in Hubei,1,2,6,2,0.8,12,cj-281,10,
cj-282,cangjie,4,282,Lesson 282,第282課,U;H;Q;I;C;O;R;M;L;F;B;E;J;K;N;G;A;Y,U;I;R;L;B;J;K;H,A;B;C;E;F;G;H;I;J;K;L;M;N;O;Q;R;U;Y,u5cf6,島,U+5CF6,,,HAYU,HU,dou2,island,1,2,6,2,0.8,12,cj-281,10,
cj-283,cangjie,4,283,Lesson 283,第283課,U;I;C;E;K;O;M;R;A;V;G;N;T;B;S;D;J;F,U;E;O;R;V;S;T;M;F,A;B;C;D;E;F;G;I;J;K;M;N;O;R;S;T;U;V,u5cfb,峻,U+5CFB,,,UICE,UE,zeon3,"high, steep, towering; stern",1,2,6,2,0.8,12,cj-282,10,
cj-283,cangjie,4,283,Lesson 283,第283課,U;I;C;E;K;O;M;R;A;V;G;N;T;B;S;D;J;F,U;E;O;R;V;S;T;M;F,A;B;C;D;E;F;G;I;J;K;M;N;O;R;S;T;U;V,u5cfd,峽,U+5CFD,,,UKOO,UO,haap6,"gorge, strait, ravine; isthmus",1,2,6,2,0.8,12,cj-282,10,
cj-283,cangjie,4,283,Lesson 283,第283課,U;I;C;E;K;O;M;R;A;V;G;N;T;B;S;D;J;F,U;E;O;R;V;S;T;M;F,A;B;C;D;E;F;G;I;J;K;M;N;O;R;S;T;U;V,u5cff,峿,U+5CFF,,,UMMR,UR,jyu5,mountain,1,2,6,2,0.8,12,cj-282,10,
cj-283,cangjie,4,283,Lesson 283,第283課,U;I;C;E;K;O;M;R;A;V;G;N;T;B;S;D;J;F,U;E;O;R;V;S;T;M;F,A;B;C;D;E;F;G;I;J;K;M;N;O;R;S;T;U;V,u5d00,崀,U+5D00,,,UIAV,UV,long6,place name in Hunan province,1,2,6,2,0.8,12,cj-282,10,
cj-283,cangjie,4,283,Lesson 283,第283課,U;I;C;E;K;O;M;R;A;V;G;N;T;B;S;D;J;F,U;E;O;R;V;S;T;M;F,A;B;C;D;E;F;G;I;J;K;M;N;O;R;S;T;U;V,u5d01,崁,U+5D01,,,UGNO,UO,ham3,a place in Taiwan Tainan,1,2,6,2,0.8,12,cj-282,10,
cj-283,cangjie,4,283,Lesson 283,第283課,U;I;C;E;K;O;M;R;A;V;G;N;T;B;S;D;J;F,U;E;O;R;V;S;T;M;F,A;B;C;D;E;F;G;I;J;K;M;N;O;R;S;T;U;V,u5d02,崂,U+5D02,,,UTBS,US,lou4,"Laoshan, mountain in Shandong",1,2,6,2,0.8,12,cj-282,10,
cj-283,cangjie,4,283,Lesson 283,第283課,U;I;C;E;K;O;M;R;A;V;G;N;T;B;S;D;J;F,U;E;O;R;V;S;T;M;F,A;B;C;D;E;F;G;I;J;K;M;N;O;R;S;T;U;V,u5d03,崃,U+5D03,,,UDT,UT,loi4,mountain in Sichuan province,1,2,6,2,0.8,12,cj-282,10,
cj-283,cangjie,4,283,Lesson 283,第283課,U;I;C;E;K;O;M;R;A;V;G;N;T;B;S;D;J;F,U;E;O;R;V;S;T;M;F,A;B;C;D;E;F;G;I;J;K;M;N;O;R;S;T;U;V,u5d04,崄,U+5D04,,,UOMM,UM,him2,"high, steep, precipitous",1,2,6,2,0.8,12,cj-282,10,
cj-283,cangjie,4,283,Lesson 283,第283課,U;I;C;E;K;O;M;R;A;V;G;N;T;B;S;D;J;F,U;E;O;R;V;S;T;M;F,A;B;C;D;E;F;G;I;J;K;M;N;O;R;S;T;U;V,u5d06,崆,U+5D06,,,UJCM,UM,hung1,Kongtong mountain,1,2,6,2,0.8,12,cj-282,10,
cj-283,cangjie,4,283,Lesson 283,第283課,U;I;C;E;K;O;M;R;A;V;G;N;T;B;S;D;J;F,U;E;O;R;V;S;T;M;F,A;B;C;D;E;F;G;I;J;K;M;N;O;R;S;T;U;V,u5d07,崇,U+5D07,,,UJMF,UF,sung4,"esteem, honor, revere, venerate",1,2,6,2,0.8,12,cj-282,10,
cj-284,cangjie,4,284,Lesson 284,第284課,J;M;U;T;S;R;D;O;K;A;P;Y;G,J;U;R;O;P;G,A;D;G;J;K;M;O;P;R;S;T;U;Y,u5d08,崈,U+5D08,,,JMMU,JU,sung4,"esteem, honor, revere, venerate",1,2,6,2,0.8,12,cj-283,10,
cj-284,cangjie,4,284,Lesson 284,第284課,J;M;U;T;S;R;D;O;K;A;P;Y;G,J;U;R;O;P;G,A;D;G;J;K;M;O;P;R;S;T;U;Y,u5d0b,崋,U+5D0B,,,UMTJ,UJ,waa4,flowery; illustrious; Chinese,1,2,6,2,0.8,12,cj-283,10,
cj-284,cangjie,4,284,Lesson 284,第284課,J;M;U;T;S;R;D;O;K;A;P;Y;G,J;U;R;O;P;G,A;D;G;J;K;M;O;P;R;S;T;U;Y,u5d0c,崌,U+5D0C,,,USJR,UR,geoi1,mountain name,1,2,6,2,0.8,12,cj-283,10,
cj-284,cangjie,4,284,Lesson 284,第284課,J;M;U;T;S;R;D;O;K;A;P;Y;G,J;U;R;O;P;G,A;D;G;J;K;M;O;P;R;S;T;U;Y,u5d0d,崍,U+5D0D,,,UDOO,UO,loi4,mountain in Sichuan province,1,2,6,2,0.8,12,cj-283,10,
cj-284,cangjie,4,284,Lesson 284,第284課,J;M;U;T;S;R;D;O;K;A;P;Y;G,J;U;R;O;P;G,A;D;G;J;K;M;O;P;R;S;T;U;Y,u5d0e,崎,U+5D0E,,,UKMR,UR,kei1,"rough, uneven, jagged, rugged",1,2,6,2,0.8,12,cj-283,10,
cj-284,cangjie,4,284,Lesson 284,第284課,J;M;U;T;S;R;D;O;K;A;P;Y;G,J;U;R;O;P;G,A;D;G;J;K;M;O;P;R;S;T;U;Y,u5d10,崐,U+5D10,,,UAPP,UP,kwan1,Kunlun mountains in Jiangsu,1,2,6,2,0.8,12,cj-283,10,
cj-284,cangjie,4,284,Lesson 284,第284課,J;M;U;T;S;R;D;O;K;A;P;Y;G,J;U;R;O;P;G,A;D;G;J;K;M;O;P;R;S;T;U;Y,u5d11,崑,U+5D11,,,UAPP,UP,kwan1,Kunlun mountains in Jiangsu province.,1,2,6,2,0.8,12,cj-283,10,
cj-284,cangjie,4,284,Lesson 284,第284課,J;M;U;T;S;R;D;O;K;A;P;Y;G,J;U;R;O;P;G,A;D;G;J;K;M;O;P;R;S;T;U;Y,u5d12,崒,U+5D12,,,UYOJ,UJ,zyut6,rocky peaks; lofty and dangerous,1,2,6,2,0.8,12,cj-283,10,
cj-284,cangjie,4,284,Lesson 284,第284課,J;M;U;T;S;R;D;O;K;A;P;Y;G,J;U;R;O;P;G,A;D;G;J;K;M;O;P;R;S;T;U;Y,u5d14,崔,U+5D14,,,UOG,UG,ceoi1,"high, lofty, towering; surname",1,2,6,2,0.8,12,cj-283,10,
cj-284,cangjie,4,284,Lesson 284,第284課,J;M;U;T;S;R;D;O;K;A;P;Y;G,J;U;R;O;P;G,A;D;G;J;K;M;O;P;R;S;T;U;Y,u5d15,崕,U+5D15,,,UMGG,UG,ngaai4,"cliff, precipice; precipitous",1,2,6,2,0.8,12,cj-283,10,
cj-285,cangjie,4,285,Lesson 285,第285課,U;M;G;B;T;O;C;E;S;Y;R;D;W,U;G;B;E;D;C;W,B;C;D;E;G;M;O;R;S;T;U;W;Y,u5d16,崖,U+5D16,,,UMGG,UG,ngaai4,"cliff, precipice; precipitous",1,2,6,2,0.8,12,cj-284,10,
cj-285,cangjie,4,285,Lesson 285,第285課,U;M;G;B;T;O;C;E;S;Y;R;D;W,U;G;B;E;D;C;W,B;C;D;E;G;M;O;R;S;T;U;W;Y,u5d17,崗,U+5D17,,,UBTU,UU,gong1,post; position,1,2,6,2,0.8,12,cj-284,10,
cj-285,cangjie,4,285,Lesson 285,第285課,U;M;G;B;T;O;C;E;S;Y;R;D;W,U;G;B;E;D;C;W,B;C;D;E;G;M;O;R;S;T;U;W;Y,u5d18,崘,U+5D18,,,UOMB,UB,leon4,Kunlun mountains in Jiangsu,1,2,6,2,0.8,12,cj-284,10,
cj-285,cangjie,4,285,Lesson 285,第285課,U;M;G;B;T;O;C;E;S;Y;R;D;W,U;G;B;E;D;C;W,B;C;D;E;G;M;O;R;S;T;U;W;Y,u5d19,崙,U+5D19,,,UOMB,UB,leon4,Kunlun mountains in Jiangsu,1,2,6,2,0.8,12,cj-284,10,
cj-285,cangjie,4,285,Lesson 285,第285課,U;M;G;B;T;O;C;E;S;Y;R;D;W,U;G;B;E;D;C;W,B;C;D;E;G;M;O;R;S;T;U;W;Y,u5d1a,崚,U+5D1A,,,UGCE,UE,ling4,"hilly, steep, rugged",1,2,6,2,0.8,12,cj-284,10,
cj-285,cangjie,4,285,Lesson 285,第285課,U;M;G;B;T;O;C;E;S;Y;R;D;W,U;G;B;E;D;C;W,B;C;D;E;G;M;O;R;S;T;U;W;Y,u5d1b,崛,U+5D1B,,,USUU,UU,gwat6,"towering, eminent; rise abruptly",1,2,6,2,0.8,12,cj-284,10,
cj-285,cangjie,4,285,Lesson 285,第285課,U;M;G;B;T;O;C;E;S;Y;R;D;W,U;G;B;E;D;C;W,B;C;D;E;G;M;O;R;S;T;U;W;Y,u5d1e,崞,U+5D1E,,,UYRD,UD,gwok3,mountain in Shanxi,1,2,6,2,0.8,12,cj-284,10,
cj-285,cangjie,4,285,Lesson 285,第285課,U;M;G;B;T;O;C;E;S;Y;R;D;W,U;G;B;E;D;C;W,B;C;D;E;G;M;O;R;S;T;U;W;Y,u5d1f,崟,U+5D1F,,,UC,UC,jam4,cliffs,1,2,6,2,0.8,12,cj-284,10,
cj-285,cangjie,4,285,Lesson 285,第285課,U;M;G;B;T;O;C;E;S;Y;R;D;W,U;G;B;E;D;C;W,B;C;D;E;G;M;O;R;S;T;U;W;Y,u5d20,崠,U+5D20,,,UDW,UW,dung3,place name in Guangxi province,1,2,6,2,0.8,12,cj-284,10,
cj-285,cangjie,4,285,Lesson 285,第285課,U;M;G;B;T;O;C;E;S;Y;R;D;W,U;G;B;E;D;C;W,B;C;D;E;G;M;O;R;S;T;U;W;Y,u5d22,崢,U+5D22,,,UBSD,UD,zang1,"high, lofty, noble; steep, perilous",1,2,6,2,0.8,12,cj-284,10,
cj-286,cangjie,4,286,Lesson 286,第286課,U;K;B;L;D;C;I;Y;O;J;S;W;Q;R,U;B;I;J;W;L;R;C,B;C;D;I;J;K;L;O;Q;R;S;U;W;Y,u5d24,崤,U+5D24,,,UKKB,UB,ngaau4,mountain in Henan,1,2,6,2,0.8,12,cj-285,10,
cj-286,cangjie,4,286,Lesson 286,第286課,U;K;B;L;D;C;I;Y;O;J;S;W;Q;R,U;B;I;J;W;L;R;C,B;C;D;I;J;K;L;O;Q;R;S;U;W;Y,u5d26,崦,U+5D26,,,UKLU,UU,jim1,"a mountain in Kansu, where there is a cave into which the sun is said to sink at night",1,2,6,2,0.8,12,cj-285,10,
cj-286,cangjie,4,286,Lesson 286,第286課,U;K;B;L;D;C;I;Y;O;J;S;W;Q;R,U;B;I;J;W;L;R;C,B;C;D;I;J;K;L;O;Q;R;S;U;W;Y,u5d27,崧,U+5D27,,,UDCI,UI,sung1,"high mountain; lofty, eminent",1,2,6,2,0.8,12,cj-285,10,
cj-286,cangjie,4,286,Lesson 286,第286課,U;K;B;L;D;C;I;Y;O;J;S;W;Q;R,U;B;I;J;W;L;R;C,B;C;D;I;J;K;L;O;Q;R;S;U;W;Y,u5d29,崩,U+5D29,,,UBB,UB,bang1,"rupture, split apart, collapse",1,2,6,2,0.8,12,cj-285,10,
cj-286,cangjie,4,286,Lesson 286,第286課,U;K;B;L;D;C;I;Y;O;J;S;W;Q;R,U;B;I;J;W;L;R;C,B;C;D;I;J;K;L;O;Q;R;S;U;W;Y,u5d2a,崪,U+5D2A,,,UYOJ,UJ,zyut6,rocky peaks; lofty and dangerous,1,2,6,2,0.8,12,cj-285,10,
cj-286,cangjie,4,286,Lesson 286,第286課,U;K;B;L;D;C;I;Y;O;J;S;W;Q;R,U;B;I;J;W;L;R;C,B;C;D;I;J;K;L;O;Q;R;S;U;W;Y,u5d2b,崫,U+5D2B,,,USUU,UU,fat1,high and lofty (mountains),1,2,6,2,0.8,12,cj-285,10,
cj-286,cangjie,4,286,Lesson 286,第286課,U;K;B;L;D;C;I;Y;O;J;S;W;Q;R,U;B;I;J;W;L;R;C,B;C;D;I;J;K;L;O;Q;R;S;U;W;Y,u5d2c,崬,U+5D2C,,,UDW,UW,dung1,place name in Guangxi province,1,2,6,2,0.8,12,cj-285,10,
cj-286,cangjie,4,286,Lesson 286,第286課,U;K;B;L;D;C;I;Y;O;J;S;W;Q;R,U;B;I;J;W;L;R;C,B;C;D;I;J;K;L;O;Q;R;S;U;W;Y,u5d2d,崭,U+5D2D,,,UKQL,UL,zaam2,"high, steep, precipitous; new",1,2,6,2,0.8,12,cj-285,10,
cj-286,cangjie,4,286,Lesson 286,第286課,U;K;B;L;D;C;I;Y;O;J;S;W;Q;R,U;B;I;J;W;L;R;C,B;C;D;I;J;K;L;O;Q;R;S;U;W;Y,u5d2e,崮,U+5D2E,,,UWJR,UR,gu3,"a mesa, hill with flat top and steep sides",1,2,6,2,0.8,12,cj-285,10,
cj-286,cangjie,4,286,Lesson 286,第286課,U;K;B;L;D;C;I;Y;O;J;S;W;Q;R,U;B;I;J;W;L;R;C,B;C;D;I;J;K;L;O;Q;R;S;U;W;Y,u5d2f,崯,U+5D2F,,,UC,UC,jam4,cliffs,1,2,6,2,0.8,12,cj-285,10,
cj-287,cangjie,4,287,Lesson 287,第287課,U;B;C;N;O;M;I;H;V;W;P;R;S;T;Q;D,U;N;V;P;S;Q;H,B;C;D;H;I;M;N;O;P;Q;R;S;T;U;V;W,u5d31,崱,U+5D31,,,UBCN,UN,zak1,lofty,1,2,6,2,0.8,12,cj-286,10,
cj-287,cangjie,4,287,Lesson 287,第287課,U;B;C;N;O;M;I;H;V;W;P;R;S;T;Q;D,U;N;V;P;S;Q;H,B;C;D;H;I;M;N;O;P;Q;R;S;T;U;V;W,u5d33,崳,U+5D33,,,UOMN,UN,jyu4,county in Shandong province,1,2,6,2,0.8,12,cj-286,10,
cj-287,cangjie,4,287,Lesson 287,第287課,U;B;C;N;O;M;I;H;V;W;P;R;S;T;Q;D,U;N;V;P;S;Q;H,B;C;D;H;I;M;N;O;P;Q;R;S;T;U;V;W,u5d34,崴,U+5D34,,,UIHV,UV,wai1,"high, lofty; precipitous",1,2,6,2,0.8,12,cj-286,10,
cj-287,cangjie,4,287,Lesson 287,第287課,U;B;C;N;O;M;I;H;V;W;P;R;S;T;Q;D,U;N;V;P;S;Q;H,B;C;D;H;I;M;N;O;P;Q;R;S;T;U;V;W,u5d3d,崽,U+5D3D,,,UWP,UP,zai2,"a child, a servant; a diminutive",1,2,6,2,0.8,12,cj-286,10,
cj-287,cangjie,4,287,Lesson 287,第287課,U;B;C;N;O;M;I;H;V;W;P;R;S;T;Q;D,U;N;V;P;S;Q;H,B;C;D;H;I;M;N;O;P;Q;R;S;T;U;V;W,u5d3e,崾,U+5D3E,,,UMWV,UV,jiu5,place name in Shanxi province,1,2,6,2,0.8,12,cj-286,10,
cj-287,cangjie,4,287,Lesson 287,第287課,U;B;C;N;O;M;I;H;V;W;P;R;S;T;Q;D,U;N;V;P;S;Q;H,B;C;D;H;I;M;N;O;P;Q;R;S;T;U;V;W,u5d3f,崿,U+5D3F,,,URRS,US,ngok6,cliffs,1,2,6,2,0.8,12,cj-286,10,
cj-287,cangjie,4,287,Lesson 287,第287課,U;B;C;N;O;M;I;H;V;W;P;R;S;T;Q;D,U;N;V;P;S;Q;H,B;C;D;H;I;M;N;O;P;Q;R;S;T;U;V;W,u5d41,嵁,U+5D41,,,UTMV,UV,ham1,rugged,1,2,6,2,0.8,12,cj-286,10,
cj-287,cangjie,4,287,Lesson 287,第287課,U;B;C;N;O;M;I;H;V;W;P;R;S;T;Q;D,U;N;V;P;S;Q;H,B;C;D;H;I;M;N;O;P;Q;R;S;T;U;V;W,u5d42,嵂,U+5D42,,,UHOQ,UQ,leot6,lofty,1,2,6,2,0.8,12,cj-286,10,
cj-287,cangjie,4,287,Lesson 287,第287課,U;B;C;N;O;M;I;H;V;W;P;R;S;T;Q;D,U;N;V;P;S;Q;H,B;C;D;H;I;M;N;O;P;Q;R;S;T;U;V;W,u5d46,嵆,U+5D46,,,HUU,HU,kai1,mountain in Henan; surname,1,2,6,2,0.8,12,cj-286,10,
cj-287,cangjie,4,287,Lesson 287,第287課,U;B;C;N;O;M;I;H;V;W;P;R;S;T;Q;D,U;N;V;P;S;Q;H,B;C;D;H;I;M;N;O;P;Q;R;S;T;U;V;W,u5d47,嵇,U+5D47,,,HDIUU,HU,kai1,mountain in Henan; surname,1,2,6,2,0.8,12,cj-286,10,
cj-288,cangjie,4,288,Lesson 288,第288課,U;H;D;P;A;T;M;O;W;L;B;C;E;N;I;R,U;P;O;B;E;I;R;M;H;D,A;B;C;D;E;H;I;L;M;N;O;P;R;T;U;W,u5d4a,嵊,U+5D4A,,,UHDP,UP,sing6,"district in Shaohsing, Chekiang",1,2,6,2,0.8,12,cj-287,10,
cj-288,cangjie,4,288,Lesson 288,第288課,U;H;D;P;A;T;M;O;W;L;B;C;E;N;I;R,U;P;O;B;E;I;R;M;H;D,A;B;C;D;E;H;I;L;M;N;O;P;R;T;U;W,u5d4b,嵋,U+5D4B,,,UAHU,UU,mei4,Omei mountain in Sichuan,1,2,6,2,0.8,12,cj-287,10,
cj-288,cangjie,4,288,Lesson 288,第288課,U;H;D;P;A;T;M;O;W;L;B;C;E;N;I;R,U;P;O;B;E;I;R;M;H;D,A;B;C;D;E;H;I;L;M;N;O;P;R;T;U;W,u5d4c,嵌,U+5D4C,,,UTMO,UO,ham3,"inlay, set in; fall into; rugged",1,2,6,2,0.8,12,cj-287,10,
cj-288,cangjie,4,288,Lesson 288,第288課,U;H;D;P;A;T;M;O;W;L;B;C;E;N;I;R,U;P;O;B;E;I;R;M;H;D,A;B;C;D;E;H;I;L;M;N;O;P;R;T;U;W,u5d4e,嵎,U+5D4E,,,UWLB,UB,jyu4,mountain recess; canyon,1,2,6,2,0.8,12,cj-287,10,
cj-288,cangjie,4,288,Lesson 288,第288課,U;H;D;P;A;T;M;O;W;L;B;C;E;N;I;R,U;P;O;B;E;I;R;M;H;D,A;B;C;D;E;H;I;L;M;N;O;P;R;T;U;W,u5d4f,嵏,U+5D4F,,,UUCE,UE,zung1,a mountain in Shenxi,1,2,6,2,0.8,12,cj-287,10,
cj-288,cangjie,4,288,Lesson 288,第288課,U;H;D;P;A;T;M;O;W;L;B;C;E;N;I;R,U;P;O;B;E;I;R;M;H;D,A;B;C;D;E;H;I;L;M;N;O;P;R;T;U;W,u5d50,嵐,U+5D50,,,UHNI,UI,laam4,"mountain mist, mountain haze",1,2,6,2,0.8,12,cj-287,10,
cj-288,cangjie,4,288,Lesson 288,第288課,U;H;D;P;A;T;M;O;W;L;B;C;E;N;I;R,U;P;O;B;E;I;R;M;H;D,A;B;C;D;E;H;I;L;M;N;O;P;R;T;U;W,u5d52,嵒,U+5D52,,,RRRU,RU,ngaam4,cliff; soar,1,2,6,2,0.8,12,cj-287,10,
cj-288,cangjie,4,288,Lesson 288,第288課,U;H;D;P;A;T;M;O;W;L;B;C;E;N;I;R,U;P;O;B;E;I;R;M;H;D,A;B;C;D;E;H;I;L;M;N;O;P;R;T;U;W,u5d56,嵖,U+5D56,,,UDAM,UM,caa4,name of a mountain; (Cant.) to obstruct,1,2,6,2,0.8,12,cj-287,10,
cj-288,cangjie,4,288,Lesson 288,第288課,U;H;D;P;A;T;M;O;W;L;B;C;E;N;I;R,U;P;O;B;E;I;R;M;H;D,A;B;C;D;E;H;I;L;M;N;O;P;R;T;U;W,u5d57,嵗,U+5D57,,,UIHH,UH,seoi3,year; age; harvest,1,2,6,2,0.8,12,cj-287,10,
cj-288,cangjie,4,288,Lesson 288,第288課,U;H;D;P;A;T;M;O;W;L;B;C;E;N;I;R,U;P;O;B;E;I;R;M;H;D,A;B;C;D;E;H;I;L;M;N;O;P;R;T;U;W,u5d58,嵘,U+5D58,,,UTBD,UD,wing4,"high, steep; lofty, towering",1,2,6,2,0.8,12,cj-287,10,
cj-289,cangjie,4,289,Lesson 289,第289課,U;H;D;J;O;P;M;N;Y;T;R;F;V;B;K;I,U;J;O;N;R;V;K;T;B;I,B;D;F;H;I;J;K;M;N;O;P;R;T;U;V;Y,u5d59,嵙,U+5D59,,,UHDJ,UJ,fo1,place name,1,2,6,2,0.8,12,cj-288,10,
cj-289,cangjie,4,289,Lesson 289,第289課,U;H;D;J;O;P;M;N;Y;T;R;F;V;B;K;I,U;J;O;N;R;V;K;T;B;I,B;D;F;H;I;J;K;M;N;O;P;R;T;U;V;Y,u5d5a,嵚,U+5D5A,,,UOPO,UO,jam1,"lofty, towering",1,2,6,2,0.8,12,cj-288,10,
cj-289,cangjie,4,289,Lesson 289,第289課,U;H;D;J;O;P;M;N;Y;T;R;F;V;B;K;I,U;J;O;N;R;V;K;T;B;I,B;D;F;H;I;J;K;M;N;O;P;R;T;U;V;Y,u5d5b,嵛,U+5D5B,,,UOMN,UN,jyu4,county in Shandong province,1,2,6,2,0.8,12,cj-288,10,
cj-289,cangjie,4,289,Lesson 289,第289課,U;H;D;J;O;P;M;N;Y;T;R;F;V;B;K;I,U;J;O;N;R;V;K;T;B;I,B;D;F;H;I;J;K;M;N;O;P;R;T;U;V;Y,u5d5c,嵜,U+5D5C,,,UYTR,UR,kei1,"rough, uneven, jagged, rugged",1,2,6,2,0.8,12,cj-288,10,
cj-289,cangjie,4,289,Lesson 289,第289課,U;H;D;J;O;P;M;N;Y;T;R;F;V;B;K;I,U;J;O;N;R;V;K;T;B;I,B;D;F;H;I;J;K;M;N;O;P;R;T;U;V;Y,u5d5d,嵝,U+5D5D,,,UFDV,UV,lau5,Goulou mountain peak in Hunan,1,2,6,2,0.8,12,cj-288,10,
cj-289,cangjie,4,289,Lesson 289,第289課,U;H;D;J;O;P;M;N;Y;T;R;F;V;B;K;I,U;J;O;N;R;V;K;T;B;I,B;D;F;H;I;J;K;M;N;O;P;R;T;U;V;Y,u5d60,嵠,U+5D60,,,UBVK,UK,kai1,a valley with a stream in it; a gorge,1,2,6,2,0.8,12,cj-288,10,
cj-289,cangjie,4,289,Lesson 289,第289課,U;H;D;J;O;P;M;N;Y;T;R;F;V;B;K;I,U;J;O;N;R;V;K;T;B;I,B;D;F;H;I;J;K;M;N;O;P;R;T;U;V;Y,u5d66,嵦,U+5D66,,,UUMT,UT,hoi2,a raised site; pleasant,1,2,6,2,0.8,12,cj-288,10,
cj-289,cangjie,4,289,Lesson 289,第289課,U;H;D;J;O;P;M;N;Y;T;R;F;V;B;K;I,U;J;O;N;R;V;K;T;B;I,B;D;F;H;I;J;K;M;N;O;P;R;T;U;V;Y,u5d69,嵩,U+5D69,,,UYRB,UB,sung1,"high, lofty; one of the 5 peaks, situated in Hunan",1,2,6,2,0.8,12,cj-288,10,
cj-289,cangjie,4,289,Lesson 289,第289課,U;H;D;J;O;P;M;N;Y;T;R;F;V;B;K;I,U;J;O;N;R;V;K;T;B;I,B;D;F;H;I;J;K;M;N;O;P;R;T;U;V;Y,u5d6b,嵫,U+5D6B,,,UTVI,UI,zi1,a hill in Shantung,1,2,6,2,0.8,12,cj-288,10,
cj-289,cangjie,4,289,Lesson 289,第289課,U;H;D;J;O;P;M;N;Y;T;R;F;V;B;K;I,U;J;O;N;R;V;K;T;B;I,B;D;F;H;I;J;K;M;N;O;P;R;T;U;V;Y,u5d6c,嵬,U+5D6C,,,UHUI,UI,ngai4,"high; rugged, rocky, precipitous",1,2,6,2,0.8,12,cj-288,10,
cj-290,cangjie,4,290,Lesson 290,第290課,U;T;Q;M;H;D;F;C;B;N;K;P;I;L;V;Y;J,U;M;D;B;H;V;J;L,B;C;D;F;H;I;J;K;L;M;N;P;Q;T;U;V;Y,u5d6f,嵯,U+5D6F,,,UTQM,UM,co1,"high, towering; irregular, rugged",1,2,6,2,0.8,12,cj-289,10,
cj-290,cangjie,4,290,Lesson 290,第290課,U;T;Q;M;H;D;F;C;B;N;K;P;I;L;V;Y;J,U;M;D;B;H;V;J;L,B;C;D;F;H;I;J;K;L;M;N;P;Q;T;U;V;Y,u5d72,嵲,U+5D72,,,UHUD,UD,jit6,towering mountain,1,2,6,2,0.8,12,cj-289,10,
cj-290,cangjie,4,290,Lesson 290,第290課,U;T;Q;M;H;D;F;C;B;N;K;P;I;L;V;Y;J,U;M;D;B;H;V;J;L,B;C;D;F;H;I;J;K;L;M;N;P;Q;T;U;V;Y,u5d73,嵳,U+5D73,,,UTQM,UM,co1,"high, towering; irregular, rugged",1,2,6,2,0.8,12,cj-289,10,
cj-290,cangjie,4,290,Lesson 290,第290課,U;T;Q;M;H;D;F;C;B;N;K;P;I;L;V;Y;J,U;M;D;B;H;V;J;L,B;C;D;F;H;I;J;K;L;M;N;P;Q;T;U;V;Y,u5d74,嵴,U+5D74,,,UFCB,UB,zek3,mountain ridge,1,2,6,2,0.8,12,cj-289,10,
cj-290,cangjie,4,290,Lesson 290,第290課,U;T;Q;M;H;D;F;C;B;N;K;P;I;L;V;Y;J,U;M;D;B;H;V;J;L,B;C;D;F;H;I;J;K;L;M;N;P;Q;T;U;V;Y,u5d76,嵶,U+5D76,,,UNMM,UM,joek6,low part of a mountain,1,2,6,2,0.8,12,cj-289,10,
cj-290,cangjie,4,290,Lesson 290,第290課,U;T;Q;M;H;D;F;C;B;N;K;P;I;L;V;Y;J,U;M;D;B;H;V;J;L,B;C;D;F;H;I;J;K;L;M;N;P;Q;T;U;V;Y,u5d7d,嵽,U+5D7D,,,UKPB,UB,dit6,towering; a tall mountain,1,2,6,2,0.8,12,cj-289,10,
cj-290,cangjie,4,290,Lesson 290,第290課,U;T;Q;M;H;D;F;C;B;N;K;P;I;L;V;Y;J,U;M;D;B;H;V;J;L,B;C;D;F;H;I;J;K;L;M;N;P;Q;T;U;V;Y,u5d7e,嵾,U+5D7E,,,UIIH,UH,cam1,uneven,1,2,6,2,0.8,12,cj-289,10,
cj-290,cangjie,4,290,Lesson 290,第290課,U;T;Q;M;H;D;F;C;B;N;K;P;I;L;V;Y;J,U;M;D;B;H;V;J;L,B;C;D;F;H;I;J;K;L;M;N;P;Q;T;U;V;Y,u5d81,嶁,U+5D81,,,ULLV,UV,lau5,Goulou mountain peak in Hunan,1,2,6,2,0.8,12,cj-289,10,
cj-290,cangjie,4,290,Lesson 290,第290課,U;T;Q;M;H;D;F;C;B;N;K;P;I;L;V;Y;J,U;M;D;B;H;V;J;L,B;C;D;F;H;I;J;K;L;M;N;P;Q;T;U;V;Y,u5d82,嶂,U+5D82,,,UYTJ,UJ,zoeng3,cliff; mountain barrier,1,2,6,2,0.8,12,cj-289,10,
cj-290,cangjie,4,290,Lesson 290,第290課,U;T;Q;M;H;D;F;C;B;N;K;P;I;L;V;Y;J,U;M;D;B;H;V;J;L,B;C;D;F;H;I;J;K;L;M;N;P;Q;T;U;V;Y,u5d83,嶃,U+5D83,,,UJJL,UL,zaam2,"a cliff, a peak",1,2,6,2,0.8,12,cj-289,10,
cj-291,cangjie,4,291,Lesson 291,第291課,U;J;L;G;K;S;R;H;A;F;M;I;C;W;D;N;O,U;L;G;R;F;A;I;W;O,A;C;D;F;G;H;I;J;K;L;M;N;O;R;S;U;W,u5d84,嶄,U+5D84,,,UJJL,UL,zaam2,"high, steep, precipitous; new",1,2,6,2,0.8,12,cj-290,10,
cj-291,cangjie,4,291,Lesson 291,第291課,U;J;L;G;K;S;R;H;A;F;M;I;C;W;D;N;O,U;L;G;R;F;A;I;W;O,A;C;D;F;G;H;I;J;K;L;M;N;O;R;S;U;W,u5d85,嶅,U+5D85,,,GKU,GU,ngou4,numerous small rocks on a mountain; used in mountain and place names,1,2,6,2,0.8,12,cj-290,10,
cj-291,cangjie,4,291,Lesson 291,第291課,U;J;L;G;K;S;R;H;A;F;M;I;C;W;D;N;O,U;L;G;R;F;A;I;W;O,A;C;D;F;G;H;I;J;K;L;M;N;O;R;S;U;W,u5d87,嶇,U+5D87,,,USRR,UR,keoi1,"steep, sheer; rugged, rough",1,2,6,2,0.8,12,cj-290,10,
cj-291,cangjie,4,291,Lesson 291,第291課,U;J;L;G;K;S;R;H;A;F;M;I;C;W;D;N;O,U;L;G;R;F;A;I;W;O,A;C;D;F;G;H;I;J;K;L;M;N;O;R;S;U;W,u5d8b,嶋,U+5D8B,,,UHAF,UF,dou2,island,1,2,6,2,0.8,12,cj-290,10,
cj-291,cangjie,4,291,Lesson 291,第291課,U;J;L;G;K;S;R;H;A;F;M;I;C;W;D;N;O,U;L;G;R;F;A;I;W;O,A;C;D;F;G;H;I;J;K;L;M;N;O;R;S;U;W,u5d8c,嶌,U+5D8C,,,UHAF,UF,dou2,island,1,2,6,2,0.8,12,cj-290,10,
cj-291,cangjie,4,291,Lesson 291,第291課,U;J;L;G;K;S;R;H;A;F;M;I;C;W;D;N;O,U;L;G;R;F;A;I;W;O,A;C;D;F;G;H;I;J;K;L;M;N;O;R;S;U;W,u5d8d,嶍,U+5D8D,,,USMA,UA,zaap6,a mountain in Yúnnán,1,2,6,2,0.8,12,cj-290,10,
cj-291,cangjie,4,291,Lesson 291,第291課,U;J;L;G;K;S;R;H;A;F;M;I;C;W;D;N;O,U;L;G;R;F;A;I;W;O,A;C;D;F;G;H;I;J;K;L;M;N;O;R;S;U;W,u5d8e,嶎,U+5D8E,,,USFI,UI,wai3,"luxuriant, elegant",1,2,6,2,0.8,12,cj-290,10,
cj-291,cangjie,4,291,Lesson 291,第291課,U;J;L;G;K;S;R;H;A;F;M;I;C;W;D;N;O,U;L;G;R;F;A;I;W;O,A;C;D;F;G;H;I;J;K;L;M;N;O;R;S;U;W,u5d92,嶒,U+5D92,,,UCWA,UA,cang4,"towering, lofty, steep",1,2,6,2,0.8,12,cj-290,10,
cj-291,cangjie,4,291,Lesson 291,第291課,U;J;L;G;K;S;R;H;A;F;M;I;C;W;D;N;O,U;L;G;R;F;A;I;W;O,A;C;D;F;G;H;I;J;K;L;M;N;O;R;S;U;W,u5d93,嶓,U+5D93,,,UHDW,UW,bo1,"Boshan, mountain in Shaanxi",1,2,6,2,0.8,12,cj-290,10,
cj-291,cangjie,4,291,Lesson 291,第291課,U;J;L;G;K;S;R;H;A;F;M;I;C;W;D;N;O,U;L;G;R;F;A;I;W;O,A;C;D;F;G;H;I;J;K;L;M;N;O;R;S;U;W,u5d94,嶔,U+5D94,,,UCNO,UO,jam1,"lofty, towering",1,2,6,2,0.8,12,cj-290,10,
cj-292,cangjie,4,292,Lesson 292,第292課,U;F;S;D;Q;N;O;T;B;H;K;M;G;W;L;J;V,U;S;Q;T;N;B;O;J;H;V,B;D;F;G;H;J;K;L;M;N;O;Q;S;T;U;V;W,u5d97,嶗,U+5D97,,,UFFS,US,lou4,"Laoshan, mountain in Shandong",1,2,6,2,0.8,12,cj-291,10,
cj-292,cangjie,4,292,Lesson 292,第292課,U;F;S;D;Q;N;O;T;B;H;K;M;G;W;L;J;V,U;S;Q;T;N;B;O;J;H;V,B;D;F;G;H;J;K;L;M;N;O;Q;S;T;U;V;W,u5d99,嶙,U+5D99,,,UFDQ,UQ,leon4,precipitous,1,2,6,2,0.8,12,cj-291,10,
cj-292,cangjie,4,292,Lesson 292,第292課,U;F;S;D;Q;N;O;T;B;H;K;M;G;W;L;J;V,U;S;Q;T;N;B;O;J;H;V,B;D;F;G;H;J;K;L;M;N;O;Q;S;T;U;V;W,u5d9d,嶝,U+5D9D,,,UNOT,UT,dang3,path leading up a mountain,1,2,6,2,0.8,12,cj-291,10,
cj-292,cangjie,4,292,Lesson 292,第292課,U;F;S;D;Q;N;O;T;B;H;K;M;G;W;L;J;V,U;S;Q;T;N;B;O;J;H;V,B;D;F;G;H;J;K;L;M;N;O;Q;S;T;U;V;W,u5d9e,嶞,U+5D9E,,,NBU,NU,do6,ridge,1,2,6,2,0.8,12,cj-291,10,
cj-292,cangjie,4,292,Lesson 292,第292課,U;F;S;D;Q;N;O;T;B;H;K;M;G;W;L;J;V,U;S;Q;T;N;B;O;J;H;V,B;D;F;G;H;J;K;L;M;N;O;Q;S;T;U;V;W,u5da0,嶠,U+5DA0,,,UHKB,UB,giu6,high pointed mountain,1,2,6,2,0.8,12,cj-291,10,
cj-292,cangjie,4,292,Lesson 292,第292課,U;F;S;D;Q;N;O;T;B;H;K;M;G;W;L;J;V,U;S;Q;T;N;B;O;J;H;V,B;D;F;G;H;J;K;L;M;N;O;Q;S;T;U;V;W,u5da1,嶡,U+5DA1,,,UMTO,UO,gwai3,table,1,2,6,2,0.8,12,cj-291,10,
cj-292,cangjie,4,292,Lesson 292,第292課,U;F;S;D;Q;N;O;T;B;H;K;M;G;W;L;J;V,U;S;Q;T;N;B;O;J;H;V,B;D;F;G;H;J;K;L;M;N;O;Q;S;T;U;V;W,u5da2,嶢,U+5DA2,,,UGGU,UU,jiu4,high or tall,1,2,6,2,0.8,12,cj-291,10,
cj-292,cangjie,4,292,Lesson 292,第292課,U;F;S;D;Q;N;O;T;B;H;K;M;G;W;L;J;V,U;S;Q;T;N;B;O;J;H;V,B;D;F;G;H;J;K;L;M;N;O;Q;S;T;U;V;W,u5da7,嶧,U+5DA7,,,UWLJ,UJ,jik6,a range of peaks in Shandong and Jiangsu; the name of a mountain,1,2,6,2,0.8,12,cj-291,10,
cj-292,cangjie,4,292,Lesson 292,第292課,U;F;S;D;Q;N;O;T;B;H;K;M;G;W;L;J;V,U;S;Q;T;N;B;O;J;H;V,B;D;F;G;H;J;K;L;M;N;O;Q;S;T;U;V;W,u5da8,嶨,U+5DA8,,,HBU,HU,hok6,big rocky mountain,1,2,6,2,0.8,12,cj-291,10,
cj-292,cangjie,4,292,Lesson 292,第292課,U;F;S;D;Q;N;O;T;B;H;K;M;G;W;L;J;V,U;S;Q;T;N;B;O;J;H;V,B;D;F;G;H;J;K;L;M;N;O;Q;S;T;U;V;W,u5da9,嶩,U+5DA9,,,UTWV,UV,naau4,a mountain in Shāndōng,1,2,6,2,0.8,12,cj-291,10,
cj-293,cangjie,4,293,Lesson 293,第293課,U;H;R;J;O;M;N;B;Q;G;S;K;P;F;D;I;C;X,U;J;O;Q;S;H;D;C;K,B;C;D;F;G;H;I;J;K;M;N;O;P;Q;R;S;U;X,u5dad,嶭,U+5DAD,,,UHRJ,UJ,jit6,"elevated, lofty",1,2,6,2,0.8,12,cj-292,10,
cj-293,cangjie,4,293,Lesson 293,第293課,U;H;R;J;O;M;N;B;Q;G;S;K;P;F;D;I;C;X,U;J;O;Q;S;H;D;C;K,B;C;D;F;G;H;I;J;K;M;N;O;P;Q;R;S;U;X,u5dae,嶮,U+5DAE,,,UOMO,UO,him2,"high, steep, precipitous",1,2,6,2,0.8,12,cj-292,10,
cj-293,cangjie,4,293,Lesson 293,第293課,U;H;R;J;O;M;N;B;Q;G;S;K;P;F;D;I;C;X,U;J;O;Q;S;H;D;C;K,B;C;D;F;G;H;I;J;K;M;N;O;P;Q;R;S;U;X,u5db0,嶰,U+5DB0,,,UNBQ,UQ,haai5,gorge,1,2,6,2,0.8,12,cj-292,10,
cj-293,cangjie,4,293,Lesson 293,第293課,U;H;R;J;O;M;N;B;Q;G;S;K;P;F;D;I;C;X,U;J;O;Q;S;H;D;C;K,B;C;D;F;G;H;I;J;K;M;N;O;P;Q;R;S;U;X,u5db2,嶲,U+5DB2,,,UOGS,US,kwai1,a name of an old town in Sichuan; cuckoo; revolution of a wheel,1,2,6,2,0.8,12,cj-292,10,
cj-293,cangjie,4,293,Lesson 293,第293課,U;H;R;J;O;M;N;B;Q;G;S;K;P;F;D;I;C;X,U;J;O;Q;S;H;D;C;K,B;C;D;F;G;H;I;J;K;M;N;O;P;Q;R;S;U;X,u5db4,嶴,U+5DB4,,,HKU,HU,ou3,island,1,2,6,2,0.8,12,cj-292,10,
cj-293,cangjie,4,293,Lesson 293,第293課,U;H;R;J;O;M;N;B;Q;G;S;K;P;F;D;I;C;X,U;J;O;Q;S;H;D;C;K,B;C;D;F;G;H;I;J;K;M;N;O;P;Q;R;S;U;X,u5db7,嶷,U+5DB7,,,UPKO,UO,ji4,a range of mountains in Hunan province,1,2,6,2,0.8,12,cj-292,10,
cj-293,cangjie,4,293,Lesson 293,第293課,U;H;R;J;O;M;N;B;Q;G;S;K;P;F;D;I;C;X,U;J;O;Q;S;H;D;C;K,B;C;D;F;G;H;I;J;K;M;N;O;P;Q;R;S;U;X,u5db8,嶸,U+5DB8,,,UFFD,UD,wing4,"high, steep; lofty, towering",1,2,6,2,0.8,12,cj-292,10,
cj-293,cangjie,4,293,Lesson 293,第293課,U;H;R;J;O;M;N;B;Q;G;S;K;P;F;D;I;C;X,U;J;O;Q;S;H;D;C;K,B;C;D;F;G;H;I;J;K;M;N;O;P;Q;R;S;U;X,u5dba,嶺,U+5DBA,,,UOIC,UC,ling5,"mountain ridge, mountain peak",1,2,6,2,0.8,12,cj-292,10,
cj-293,cangjie,4,293,Lesson 293,第293課,U;H;R;J;O;M;N;B;Q;G;S;K;P;F;D;I;C;X,U;J;O;Q;S;H;D;C;K,B;C;D;F;G;H;I;J;K;M;N;O;P;Q;R;S;U;X,u5dbc,嶼,U+5DBC,,,UHXC,UC,zeoi6,island; (Cant.) 大嶼山 daai6jyu4saan1 Lantau Island,1,2,6,2,0.8,12,cj-292,10,
cj-293,cangjie,4,293,Lesson 293,第293課,U;H;R;J;O;M;N;B;Q;G;S;K;P;F;D;I;C;X,U;J;O;Q;S;H;D;C;K,B;C;D;F;G;H;I;J;K;M;N;O;P;Q;R;S;U;X,u5dbd,嶽,U+5DBD,,,UKHK,UK,ngok6,"mountain peak, summit",1,2,6,2,0.8,12,cj-292,10,
cj-294,cangjie,4,294,Lesson 294,第294課,U;O;G;B;Y;P;J;C;T;I;N;R;H;M;F;K;V;E,U;B;P;O;I;K;E;V,B;C;E;F;G;H;I;J;K;M;N;O;P;R;T;U;V;Y,u5dc2,巂,U+5DC2,,,UOGB,UB,kwai1,place name,1,2,6,2,0.8,12,cj-293,10,
cj-294,cangjie,4,294,Lesson 294,第294課,U;O;G;B;Y;P;J;C;T;I;N;R;H;M;F;K;V;E,U;B;P;O;I;K;E;V,B;C;E;F;G;H;I;J;K;M;N;O;P;R;T;U;V;Y,u5dc3,巃,U+5DC3,,,UYBP,UP,lung4,lofty,1,2,6,2,0.8,12,cj-293,10,
cj-294,cangjie,4,294,Lesson 294,第294課,U;O;G;B;Y;P;J;C;T;I;N;R;H;M;F;K;V;E,U;B;P;O;I;K;E;V,B;C;E;F;G;H;I;J;K;M;N;O;P;R;T;U;V;Y,u5dc5,巅,U+5DC5,,,UJCO,UO,din1,"summit of mountain, mountain top",1,2,6,2,0.8,12,cj-293,10,
cj-294,cangjie,4,294,Lesson 294,第294課,U;O;G;B;Y;P;J;C;T;I;N;R;H;M;F;K;V;E,U;B;P;O;I;K;E;V,B;C;E;F;G;H;I;J;K;M;N;O;P;R;T;U;V;Y,u5dc7,巇,U+5DC7,,,UYTI,UI,hei1,a crack; hazardous,1,2,6,2,0.8,12,cj-293,10,
cj-294,cangjie,4,294,Lesson 294,第294課,U;O;G;B;Y;P;J;C;T;I;N;R;H;M;F;K;V;E,U;B;P;O;I;K;E;V,B;C;E;F;G;H;I;J;K;M;N;O;P;R;T;U;V;Y,u5dc9,巉,U+5DC9,,,UNRI,UI,caam4,"steep, rugged, jagged, precipitous",1,2,6,2,0.8,12,cj-293,10,
cj-294,cangjie,4,294,Lesson 294,第294課,U;O;G;B;Y;P;J;C;T;I;N;R;H;M;F;K;V;E,U;B;P;O;I;K;E;V,B;C;E;F;G;H;I;J;K;M;N;O;P;R;T;U;V;Y,u5dcb,巋,U+5DCB,,,UHMB,UB,kwai1,"grand, stately; secure, lasting",1,2,6,2,0.8,12,cj-293,10,
cj-294,cangjie,4,294,Lesson 294,第294課,U;O;G;B;Y;P;J;C;T;I;N;R;H;M;F;K;V;E,U;B;P;O;I;K;E;V,B;C;E;F;G;H;I;J;K;M;N;O;P;R;T;U;V;Y,u5dcc,巌,U+5DCC,,,UFMK,UK,ngaam4,"cliff, precipice; cave, grotto",1,2,6,2,0.8,12,cj-293,10,
cj-294,cangjie,4,294,Lesson 294,第294課,U;O;G;B;Y;P;J;C;T;I;N;R;H;M;F;K;V;E,U;B;P;O;I;K;E;V,B;C;E;F;G;H;I;J;K;M;N;O;P;R;T;U;V;Y,u5dcd,巍,U+5DCD,,,UHVI,UI,ngai4,"high, lofty, majestic, eminent",1,2,6,2,0.8,12,cj-293,10,
cj-294,cangjie,4,294,Lesson 294,第294課,U;O;G;B;Y;P;J;C;T;I;N;R;H;M;F;K;V;E,U;B;P;O;I;K;E;V,B;C;E;F;G;H;I;J;K;M;N;O;P;R;T;U;V;Y,u5dce,巎,U+5DCE,,,UMCE,UE,naau4,used in personal names,1,2,6,2,0.8,12,cj-293,10,
cj-294,cangjie,4,294,Lesson 294,第294課,U;O;G;B;Y;P;J;C;T;I;N;R;H;M;F;K;V;E,U;B;P;O;I;K;E;V,B;C;E;F;G;H;I;J;K;M;N;O;P;R;T;U;V;Y,u5dd2,巒,U+5DD2,,,VFU,VU,lyun4,mountain range; pointed mountain,1,2,6,2,0.8,12,cj-293,10,
cj-295,cangjie,4,295,Lesson 295,第295課,U;P;C;J;R;K;Y;B;V;L;I;H;M,U;C;K;V;L;I;Y;M,B;C;H;I;J;K;L;M;P;R;U;V;Y,u5dd3,巓,U+5DD3,,,UPCC,UC,din1,summit of mountain,1,2,6,2,0.8,12,cj-294,10,
cj-295,cangjie,4,295,Lesson 295,第295課,U;P;C;J;R;K;Y;B;V;L;I;H;M,U;C;K;V;L;I;Y;M,B;C;H;I;J;K;L;M;P;R;U;V;Y,u5dd4,巔,U+5DD4,,,UJCC,UC,din1,"summit of mountain, mountain top",1,2,6,2,0.8,12,cj-294,10,
cj-295,cangjie,4,295,Lesson 295,第295課,U;P;C;J;R;K;Y;B;V;L;I;H;M,U;C;K;V;L;I;Y;M,B;C;H;I;J;K;L;M;P;R;U;V;Y,u5dd6,巖,U+5DD6,,,URRK,UK,ngaam4,"cliff, precipice; cave, grotto",1,2,6,2,0.8,12,cj-294,10,
cj-295,cangjie,4,295,Lesson 295,第295課,U;P;C;J;R;K;Y;B;V;L;I;H;M,U;C;K;V;L;I;Y;M,B;C;H;I;J;K;L;M;P;R;U;V;Y,u5dd7,巗,U+5DD7,,,URRK,UK,ngaam4,"cliff, precipice; cave, grotto",1,2,6,2,0.8,12,cj-294,10,
cj-295,cangjie,4,295,Lesson 295,第295課,U;P;C;J;R;K;Y;B;V;L;I;H;M,U;C;K;V;L;I;Y;M,B;C;H;I;J;K;L;M;P;R;U;V;Y,u5dd8,巘,U+5DD8,,,UYBK,UK,jin2,"summit, peak",1,2,6,2,0.8,12,cj-294,10,
cj-295,cangjie,4,295,Lesson 295,第295課,U;P;C;J;R;K;Y;B;V;L;I;H;M,U;C;K;V;L;I;Y;M,B;C;H;I;J;K;L;M;P;R;U;V;Y,u5ddb,巛,U+5DDB,,,VVV,VV,cyun1,river; Kangxi radical 47,1,2,6,2,0.8,12,cj-294,10,
cj-295,cangjie,4,295,Lesson 295,第295課,U;P;C;J;R;K;Y;B;V;L;I;H;M,U;C;K;V;L;I;Y;M,B;C;H;I;J;K;L;M;P;R;U;V;Y,u5ddd,川,U+5DDD,,,LLL,LL,cyun1,"stream, river; flow; boil",1,2,6,2,0.8,12,cj-294,10,
cj-295,cangjie,4,295,Lesson 295,第295課,U;P;C;J;R;K;Y;B;V;L;I;H;M,U;C;K;V;L;I;Y;M,B;C;H;I;J;K;L;M;P;R;U;V;Y,u5dde,州,U+5DDE,,,ILIL,IL,zau1,"administrative division, state",1,2,6,2,0.8,12,cj-294,10,
cj-295,cangjie,4,295,Lesson 295,第295課,U;P;C;J;R;K;Y;B;V;L;I;H;M,U;C;K;V;L;I;Y;M,B;C;H;I;J;K;L;M;P;R;U;V;Y,u5ddf,巟,U+5DDF,,,YVHLU,YU,fong1,a watery waste; to reach,1,2,6,2,0.8,12,cj-294,10,
cj-295,cangjie,4,295,Lesson 295,第295課,U;P;C;J;R;K;Y;B;V;L;I;H;M,U;C;K;V;L;I;Y;M,B;C;H;I;J;K;L;M;P;R;U;V;Y,u5de0,巠,U+5DE0,,,MVVM,MM,ging1,streams running underground; flowing water,1,2,6,2,0.8,12,cj-294,10,
cj-296,cangjie,4,296,Lesson 296,第296課,Y;V;W;D;F;K;M;L;S;H;N;I,Y;V;D;F;M;K;S;I;N,D;F;H;I;K;L;M;N;S;V;W;Y,u5de1,巡,U+5DE1,,,YVVV,YV,ceon4,"patrol, go on circuit, cruise",1,2,6,2,0.8,12,cj-295,10,
cj-296,cangjie,4,296,Lesson 296,第296課,Y;V;W;D;F;K;M;L;S;H;N;I,Y;V;D;F;M;K;S;I;N,D;F;H;I;K;L;M;N;S;V;W;Y,u5de2,巢,U+5DE2,,,VVWD,VD,caau4,"nest, living quarter in tree",1,2,6,2,0.8,12,cj-295,10,
cj-296,cangjie,4,296,Lesson 296,第296課,Y;V;W;D;F;K;M;L;S;H;N;I,Y;V;D;F;M;K;S;I;N,D;F;H;I;K;L;M;N;S;V;W;Y,u5de3,巣,U+5DE3,,,FWD,FD,caau4,"nest, living quarter in tree",1,2,6,2,0.8,12,cj-295,10,
cj-296,cangjie,4,296,Lesson 296,第296課,Y;V;W;D;F;K;M;L;S;H;N;I,Y;V;D;F;M;K;S;I;N,D;F;H;I;K;L;M;N;S;V;W;Y,u5de4,巤,U+5DE4,,,VVWKV,VV,lip6,"a mane; bristles, as on a hog; dorsal fins",1,2,6,2,0.8,12,cj-295,10,
cj-296,cangjie,4,296,Lesson 296,第296課,Y;V;W;D;F;K;M;L;S;H;N;I,Y;V;D;F;M;K;S;I;N,D;F;H;I;K;L;M;N;S;V;W;Y,u5de5,工,U+5DE5,,,MLM,MM,gung1,"labor, work; worker, laborer",1,2,6,2,0.8,12,cj-295,10,
cj-296,cangjie,4,296,Lesson 296,第296課,Y;V;W;D;F;K;M;L;S;H;N;I,Y;V;D;F;M;K;S;I;N,D;F;H;I;K;L;M;N;S;V;W;Y,u5de6,左,U+5DE6,,,KM,KM,zo2,"left; east; unorthodox, improper",1,2,6,2,0.8,12,cj-295,10,
cj-296,cangjie,4,296,Lesson 296,第296課,Y;V;W;D;F;K;M;L;S;H;N;I,Y;V;D;F;M;K;S;I;N,D;F;H;I;K;L;M;N;S;V;W;Y,u5de7,巧,U+5DE7,,,MMVS,MS,haau2,"skillful, ingenious, clever",1,2,6,2,0.8,12,cj-295,10,
cj-296,cangjie,4,296,Lesson 296,第296課,Y;V;W;D;F;K;M;L;S;H;N;I,Y;V;D;F;M;K;S;I;N,D;F;H;I;K;L;M;N;S;V;W;Y,u5de8,巨,U+5DE8,,,SS,SS,geoi6,"large, great, enormous; chief",1,2,6,2,0.8,12,cj-295,10,
cj-296,cangjie,4,296,Lesson 296,第296課,Y;V;W;D;F;K;M;L;S;H;N;I,Y;V;D;F;M;K;S;I;N,D;F;H;I;K;L;M;N;S;V;W;Y,u5de9,巩,U+5DE9,,,MHNI,MI,gung2,"bind; firm, secure, strong",1,2,6,2,0.8,12,cj-295,10,
cj-296,cangjie,4,296,Lesson 296,第296課,Y;V;W;D;F;K;M;L;S;H;N;I,Y;V;D;F;M;K;S;I;N,D;F;H;I;K;L;M;N;S;V;W;Y,u5dea,巪,U+5DEA,,,SSN,SN,geoi6,person's name,1,2,6,2,0.8,12,cj-295,10,
cj-297,cangjie,4,297,Lesson 297,第297課,M;O;S;Q;T;N;Y;I;U;R;A;H,M;O;T;N;U;S;R;A;H,A;H;I;M;N;O;Q;R;S;T;U;Y,u5deb,巫,U+5DEB,,,MOO,MO,mou4,"wizard, sorcerer, witch, shaman",1,2,6,2,0.8,12,cj-296,10,
cj-297,cangjie,4,297,Lesson 297,第297課,M;O;S;Q;T;N;Y;I;U;R;A;H,M;O;T;N;U;S;R;A;H,A;H;I;M;N;O;Q;R;S;T;U;Y,u5ded,巭,U+5DED,,,MSQO,MO,gung1,study,1,2,6,2,0.8,12,cj-296,10,
cj-297,cangjie,4,297,Lesson 297,第297課,M;O;S;Q;T;N;Y;I;U;R;A;H,M;O;T;N;U;S;R;A;H,A;H;I;M;N;O;Q;R;S;T;U;Y,u5dee,差,U+5DEE,,,TQM,TM,caa1,"to differ; different, wrong; nearly, almost; an officer",1,2,6,2,0.8,12,cj-296,10,
cj-297,cangjie,4,297,Lesson 297,第297課,M;O;S;Q;T;N;Y;I;U;R;A;H,M;O;T;N;U;S;R;A;H,A;H;I;M;N;O;Q;R;S;T;U;Y,u5def,巯,U+5DEF,,,NMYIU,NU,kau4,an atom group,1,2,6,2,0.8,12,cj-296,10,
cj-297,cangjie,4,297,Lesson 297,第297課,M;O;S;Q;T;N;Y;I;U;R;A;H,M;O;T;N;U;S;R;A;H,A;H;I;M;N;O;Q;R;S;T;U;Y,u5df0,巰,U+5DF0,,,MMYIU,MU,kau4,an atom group,1,2,6,2,0.8,12,cj-296,10,
cj-297,cangjie,4,297,Lesson 297,第297課,M;O;S;Q;T;N;Y;I;U;R;A;H,M;O;T;N;U;S;R;A;H,A;H;I;M;N;O;Q;R;S;T;U;Y,u5df1,己,U+5DF1,,,SU,SU,gei2,"self, oneself; personal, private; 6th heavenly stem",1,2,6,2,0.8,12,cj-296,10,
cj-297,cangjie,4,297,Lesson 297,第297課,M;O;S;Q;T;N;Y;I;U;R;A;H,M;O;T;N;U;S;R;A;H,A;H;I;M;N;O;Q;R;S;T;U;Y,u5df2,已,U+5DF2,,,SU,SU,ji5,already; finished; stop,1,2,6,2,0.8,12,cj-296,10,
cj-297,cangjie,4,297,Lesson 297,第297課,M;O;S;Q;T;N;Y;I;U;R;A;H,M;O;T;N;U;S;R;A;H,A;H;I;M;N;O;Q;R;S;T;U;Y,u5df3,巳,U+5DF3,,,RU,RU,zi6,sixth earthly branch,1,2,6,2,0.8,12,cj-296,10,
cj-297,cangjie,4,297,Lesson 297,第297課,M;O;S;Q;T;N;Y;I;U;R;A;H,M;O;T;N;U;S;R;A;H,A;H;I;M;N;O;Q;R;S;T;U;Y,u5df4,巴,U+5DF4,,,AU,AU,baa1,"greatly desire, anxiously hope",1,2,6,2,0.8,12,cj-296,10,
cj-297,cangjie,4,297,Lesson 297,第297課,M;O;S;Q;T;N;Y;I;U;R;A;H,M;O;T;N;U;S;R;A;H,A;H;I;M;N;O;Q;R;S;T;U;Y,u5df5,巵,U+5DF5,,,HMAU,HU,zi1,measuring cup; wine container,1,2,6,2,0.8,12,cj-296,10,
cj-298,cangjie,4,298,Lesson 298,第298課,T;C;R;U;M;F;Q;S;A;P;L;B;J;H;Y,T;U;R;C;F;A;P;L;B;J;M;H;Y,A;B;C;F;H;J;L;M;P;Q;R;S;T;U;Y,u5df7,巷,U+5DF7,,,TCRU,TU,hong6,"alley, lane",1,2,6,2,0.8,12,cj-297,10,
cj-298,cangjie,4,298,Lesson 298,第298課,T;C;R;U;M;F;Q;S;A;P;L;B;J;H;Y,T;U;R;C;F;A;P;L;B;J;M;H;Y,A;B;C;F;H;J;L;M;P;Q;R;S;T;U;Y,u5dfa,巺,U+5DFA,,,RUMC,RC,seon3,"5th of the 8 trigrams; South-east; mild, modest, obedient",1,2,6,2,0.8,12,cj-297,10,
cj-298,cangjie,4,298,Lesson 298,第298課,T;C;R;U;M;F;Q;S;A;P;L;B;J;H;Y,T;U;R;C;F;A;P;L;B;J;M;H;Y,A;B;C;F;H;J;L;M;P;Q;R;S;T;U;Y,u5dfb,巻,U+5DFB,,,FQSU,FU,gyun2,scroll; curl; make a comeback,1,2,6,2,0.8,12,cj-297,10,
cj-298,cangjie,4,298,Lesson 298,第298課,T;C;R;U;M;F;Q;S;A;P;L;B;J;H;Y,T;U;R;C;F;A;P;L;B;J;M;H;Y,A;B;C;F;H;J;L;M;P;Q;R;S;T;U;Y,u5dfc,巼,U+5DFC,,,AURP,AP,baa1,place name,1,2,6,2,0.8,12,cj-297,10,
cj-298,cangjie,4,298,Lesson 298,第298課,T;C;R;U;M;F;Q;S;A;P;L;B;J;H;Y,T;U;R;C;F;A;P;L;B;J;M;H;Y,A;B;C;F;H;J;L;M;P;Q;R;S;T;U;Y,u5dfd,巽,U+5DFD,,,RUTC,RC,seon3,"south-east; mild, modest, obedient; trigram ☴; hexagram ䷸",1,2,6,2,0.8,12,cj-297,10,
cj-298,cangjie,4,298,Lesson 298,第298課,T;C;R;U;M;F;Q;S;A;P;L;B;J;H;Y,T;U;R;C;F;A;P;L;B;J;M;H;Y,A;B;C;F;H;J;L;M;P;Q;R;S;T;U;Y,u5dfe,巾,U+5DFE,,,LB,LB,gan1,kerchief; towel; turban; Kangxi radical 50,1,2,6,2,0.8,12,cj-297,10,
cj-298,cangjie,4,298,Lesson 298,第298課,T;C;R;U;M;F;Q;S;A;P;L;B;J;H;Y,T;U;R;C;F;A;P;L;B;J;M;H;Y,A;B;C;F;H;J;L;M;P;Q;R;S;T;U;Y,u5dff,巿,U+5DFF,,,JB,JB,fat1,"revolve, make circuit, turn",1,2,6,2,0.8,12,cj-297,10,
cj-298,cangjie,4,298,Lesson 298,第298課,T;C;R;U;M;F;Q;S;A;P;L;B;J;H;Y,T;U;R;C;F;A;P;L;B;J;M;H;Y,A;B;C;F;H;J;L;M;P;Q;R;S;T;U;Y,u5e00,帀,U+5E00,,,MLB,MB,zaap3,"to go round, to make a circuit, to make a revolution, to turn round",1,2,6,2,0.8,12,cj-297,10,
cj-298,cangjie,4,298,Lesson 298,第298課,T;C;R;U;M;F;Q;S;A;P;L;B;J;H;Y,T;U;R;C;F;A;P;L;B;J;M;H;Y,A;B;C;F;H;J;L;M;P;Q;R;S;T;U;Y,u5e01,币,U+5E01,,,HLB,HB,bai6,"currency, coins, legal tender",1,2,6,2,0.8,12,cj-297,10,
cj-298,cangjie,4,298,Lesson 298,第298課,T;C;R;U;M;F;Q;S;A;P;L;B;J;H;Y,T;U;R;C;F;A;P;L;B;J;M;H;Y,A;B;C;F;H;J;L;M;P;Q;R;S;T;U;Y,u5e02,市,U+5E02,,,YLB,YB,si5,"market, fair; city, town; trade",1,2,6,2,0.8,12,cj-297,10,
cj-299,cangjie,4,299,Lesson 299,第299課,K;L;B;H;N;I;M;A;U;P;Q;S;O,K;B;L;I;U;H;S;O,A;B;H;I;K;L;M;N;O;P;Q;S;U,u5e03,布,U+5E03,,,KLB,KB,bou3,"cotton cloth, textiles, linen",1,2,6,2,0.8,12,cj-298,10,
cj-299,cangjie,4,299,Lesson 299,第299課,K;L;B;H;N;I;M;A;U;P;Q;S;O,K;B;L;I;U;H;S;O,A;B;H;I;K;L;M;N;O;P;Q;S;U,u5e05,帅,U+5E05,,,LLLB,LB,seoi3,"commander, commander-in-chief",1,2,6,2,0.8,12,cj-298,10,
cj-299,cangjie,4,299,Lesson 299,第299課,K;L;B;H;N;I;M;A;U;P;Q;S;O,K;B;L;I;U;H;S;O,A;B;H;I;K;L;M;N;O;P;Q;S;U,u5e06,帆,U+5E06,,,LBHNI,LI,faan4,sail; boat,1,2,6,2,0.8,12,cj-298,10,
cj-299,cangjie,4,299,Lesson 299,第299課,K;L;B;H;N;I;M;A;U;P;Q;S;O,K;B;L;I;U;H;S;O,A;B;H;I;K;L;M;N;O;P;Q;S;U,u5e08,师,U+5E08,,,LLMB,LB,si1,"teacher, master, specialist",1,2,6,2,0.8,12,cj-298,10,
cj-299,cangjie,4,299,Lesson 299,第299課,K;L;B;H;N;I;M;A;U;P;Q;S;O,K;B;L;I;U;H;S;O,A;B;H;I;K;L;M;N;O;P;Q;S;U,u5e0a,帊,U+5E0A,,,LBAU,LU,paa3,"napkin, kerchief",1,2,6,2,0.8,12,cj-298,10,
cj-299,cangjie,4,299,Lesson 299,第299課,K;L;B;H;N;I;M;A;U;P;Q;S;O,K;B;L;I;U;H;S;O,A;B;H;I;K;L;M;N;O;P;Q;S;U,u5e0b,帋,U+5E0B,,,HPLB,HB,zi2,paper; stationary; document,1,2,6,2,0.8,12,cj-298,10,
cj-299,cangjie,4,299,Lesson 299,第299課,K;L;B;H;N;I;M;A;U;P;Q;S;O,K;B;L;I;U;H;S;O,A;B;H;I;K;L;M;N;O;P;Q;S;U,u5e0c,希,U+5E0C,,,KKLB,KB,hei1,"rare; hope, expect, strive for",1,2,6,2,0.8,12,cj-298,10,
cj-299,cangjie,4,299,Lesson 299,第299課,K;L;B;H;N;I;M;A;U;P;Q;S;O,K;B;L;I;U;H;S;O,A;B;H;I;K;L;M;N;O;P;Q;S;U,u5e0e,帎,U+5E0E,,,LBLBU,LU,daam3,(Cant.) a way of playing snooker with the stick on top of one's thumb,1,2,6,2,0.8,12,cj-298,10,
cj-299,cangjie,4,299,Lesson 299,第299課,K;L;B;H;N;I;M;A;U;P;Q;S;O,K;B;L;I;U;H;S;O,A;B;H;I;K;L;M;N;O;P;Q;S;U,u5e0f,帏,U+5E0F,,,LBQS,LS,wai4,curtain that forms wall,1,2,6,2,0.8,12,cj-298,10,
cj-299,cangjie,4,299,Lesson 299,第299課,K;L;B;H;N;I;M;A;U;P;Q;S;O,K;B;L;I;U;H;S;O,A;B;H;I;K;L;M;N;O;P;Q;S;U,u5e10,帐,U+5E10,,,LBPO,LO,zoeng3,"tent; screen, mosquito net",1,2,6,2,0.8,12,cj-298,10,
cj-300,cangjie,4,300,Lesson 300,第300課,V;E;L;B;O;P;D;H;A;Y;R;I;K;J;C;Q;S;M,V;B;O;L;E;A;R;J;S;H,A;B;C;D;E;H;I;J;K;L;M;O;P;Q;R;S;V;Y,u5e11,帑,U+5E11,,,VELB,VB,tong2,a treasury; public funds,1,2,6,2,0.8,12,cj-299,10,
cj-300,cangjie,4,300,Lesson 300,第300課,V;E;L;B;O;P;D;H;A;Y;R;I;K;J;C;Q;S;M,V;B;O;L;E;A;R;J;S;H,A;B;C;D;E;H;I;J;K;L;M;O;P;Q;R;S;V;Y,u5e12,帒,U+5E12,,,OPLB,OB,doi6,"a bag, a sack; a case; a pocket, a pouch",1,2,6,2,0.8,12,cj-299,10,
cj-300,cangjie,4,300,Lesson 300,第300課,V;E;L;B;O;P;D;H;A;Y;R;I;K;J;C;Q;S;M,V;B;O;L;E;A;R;J;S;H,A;B;C;D;E;H;I;J;K;L;M;O;P;Q;R;S;V;Y,u5e14,帔,U+5E14,,,LBDHE,LE,pei3,"a skirt; long robe for women, having no sleeves and fasten down the front",1,2,6,2,0.8,12,cj-299,10,
cj-300,cangjie,4,300,Lesson 300,第300課,V;E;L;B;O;P;D;H;A;Y;R;I;K;J;C;Q;S;M,V;B;O;L;E;A;R;J;S;H,A;B;C;D;E;H;I;J;K;L;M;O;P;Q;R;S;V;Y,u5e15,帕,U+5E15,,,LBHA,LA,paak3,"turban, kerchief, veil; wrap",1,2,6,2,0.8,12,cj-299,10,
cj-300,cangjie,4,300,Lesson 300,第300課,V;E;L;B;O;P;D;H;A;Y;R;I;K;J;C;Q;S;M,V;B;O;L;E;A;R;J;S;H,A;B;C;D;E;H;I;J;K;L;M;O;P;Q;R;S;V;Y,u5e16,帖,U+5E16,,,LBYR,LR,tip3,invitation card; notice,1,2,6,2,0.8,12,cj-299,10,
cj-300,cangjie,4,300,Lesson 300,第300課,V;E;L;B;O;P;D;H;A;Y;R;I;K;J;C;Q;S;M,V;B;O;L;E;A;R;J;S;H,A;B;C;D;E;H;I;J;K;L;M;O;P;Q;R;S;V;Y,u5e17,帗,U+5E17,,,LBIKE,LE,fat1,a multicolored prop used in dancing,1,2,6,2,0.8,12,cj-299,10,
cj-300,cangjie,4,300,Lesson 300,第300課,V;E;L;B;O;P;D;H;A;Y;R;I;K;J;C;Q;S;M,V;B;O;L;E;A;R;J;S;H,A;B;C;D;E;H;I;J;K;L;M;O;P;Q;R;S;V;Y,u5e18,帘,U+5E18,,,JCLB,JB,lim4,flag-sign of a tavern,1,2,6,2,0.8,12,cj-299,10,
cj-300,cangjie,4,300,Lesson 300,第300課,V;E;L;B;O;P;D;H;A;Y;R;I;K;J;C;Q;S;M,V;B;O;L;E;A;R;J;S;H,A;B;C;D;E;H;I;J;K;L;M;O;P;Q;R;S;V;Y,u5e19,帙,U+5E19,,,LBHQO,LO,dit6,book cover; satchel or bag,1,2,6,2,0.8,12,cj-299,10,
cj-300,cangjie,4,300,Lesson 300,第300課,V;E;L;B;O;P;D;H;A;Y;R;I;K;J;C;Q;S;M,V;B;O;L;E;A;R;J;S;H,A;B;C;D;E;H;I;J;K;L;M;O;P;Q;R;S;V;Y,u5e1a,帚,U+5E1A,,,SMBLB,SB,zau2,"broom, broomstick",1,2,6,2,0.8,12,cj-299,10,
cj-300,cangjie,4,300,Lesson 300,第300課,V;E;L;B;O;P;D;H;A;Y;R;I;K;J;C;Q;S;M,V;B;O;L;E;A;R;J;S;H,A;B;C;D;E;H;I;J;K;L;M;O;P;Q;R;S;V;Y,u5e1b,帛,U+5E1B,,,HALB,HB,baak6,"silks, fabrics; wealth, property",1,2,6,2,0.8,12,cj-299,10,
cj-301,cangjie,4,301,Lesson 301,第301課,L;B;R;C;Y;T;O;M;F;Q;H;J;U,L;C;Y;B;T;R;F;H;O;U,B;C;F;H;J;L;M;O;Q;R;T;U;Y,u5e1c,帜,U+5E1C,,,LBRC,LC,ci3,"flag, pennant; sign; fasten",1,2,6,2,0.8,12,cj-300,10,
cj-301,cangjie,4,301,Lesson 301,第301課,L;B;R;C;Y;T;O;M;F;Q;H;J;U,L;C;Y;B;T;R;F;H;O;U,B;C;F;H;J;L;M;O;Q;R;T;U;Y,u5e1d,帝,U+5E1D,,,YBLB,YB,dai3,"supreme ruler, emperor; god",1,2,6,2,0.8,12,cj-300,10,
cj-301,cangjie,4,301,Lesson 301,第301課,L;B;R;C;Y;T;O;M;F;Q;H;J;U,L;C;Y;B;T;R;F;H;O;U,B;C;F;H;J;L;M;O;Q;R;T;U;Y,u5e1f,帟,U+5E1F,,,YCLB,YB,jik6,tent,1,2,6,2,0.8,12,cj-300,10,
cj-301,cangjie,4,301,Lesson 301,第301課,L;B;R;C;Y;T;O;M;F;Q;H;J;U,L;C;Y;B;T;R;F;H;O;U,B;C;F;H;J;L;M;O;Q;R;T;U;Y,u5e21,帡,U+5E21,,,LBTT,LT,ping4,"shelter, screen, awning",1,2,6,2,0.8,12,cj-300,10,
cj-301,cangjie,4,301,Lesson 301,第301課,L;B;R;C;Y;T;O;M;F;Q;H;J;U,L;C;Y;B;T;R;F;H;O;U,B;C;F;H;J;L;M;O;Q;R;T;U;Y,u5e22,帢,U+5E22,,,LBOMR,LR,hap1,a silk hat worn by ancient scholars,1,2,6,2,0.8,12,cj-300,10,
cj-301,cangjie,4,301,Lesson 301,第301課,L;B;R;C;Y;T;O;M;F;Q;H;J;U,L;C;Y;B;T;R;F;H;O;U,B;C;F;H;J;L;M;O;Q;R;T;U;Y,u5e23,帣,U+5E23,,,FQLB,FB,gyun3,bag,1,2,6,2,0.8,12,cj-300,10,
cj-301,cangjie,4,301,Lesson 301,第301課,L;B;R;C;Y;T;O;M;F;Q;H;J;U,L;C;Y;B;T;R;F;H;O;U,B;C;F;H;J;L;M;O;Q;R;T;U;Y,u5e25,帥,U+5E25,,,HRLB,HB,seoi3,"commander, commander-in-chief",1,2,6,2,0.8,12,cj-300,10,
cj-301,cangjie,4,301,Lesson 301,第301課,L;B;R;C;Y;T;O;M;F;Q;H;J;U,L;C;Y;B;T;R;F;H;O;U,B;C;F;H;J;L;M;O;Q;R;T;U;Y,u5e26,带,U+5E26,,,TJBLB,TB,daai3,"belt, girdle, band, strap, zone",1,2,6,2,0.8,12,cj-300,10,
cj-301,cangjie,4,301,Lesson 301,第301課,L;B;R;C;Y;T;O;M;F;Q;H;J;U,L;C;Y;B;T;R;F;H;O;U,B;C;F;H;J;L;M;O;Q;R;T;U;Y,u5e27,帧,U+5E27,,,LBYBO,LO,zing3,"picture, scroll; one of pair of",1,2,6,2,0.8,12,cj-300,10,
cj-301,cangjie,4,301,Lesson 301,第301課,L;B;R;C;Y;T;O;M;F;Q;H;J;U,L;C;Y;B;T;R;F;H;O;U,B;C;F;H;J;L;M;O;Q;R;T;U;Y,u5e28,帨,U+5E28,,,LBCRU,LU,seoi3,"handkerchief, kerchief, shawl",1,2,6,2,0.8,12,cj-300,10,
cj-302,cangjie,4,302,Lesson 302,第302課,H;R;M;L;B;S;I;T;Q;J;K;Y;V;N;U,H;B;S;I;Q;T;L;J;V;U,B;H;I;J;K;L;M;N;Q;R;S;T;U;V;Y,u5e2b,師,U+5E2B,,,HRMLB,HB,si1,"teacher, master, specialist; multitude, troops; hexagram ䷆",1,2,6,2,0.8,12,cj-301,10,
cj-302,cangjie,4,302,Lesson 302,第302課,H;R;M;L;B;S;I;T;Q;J;K;Y;V;N;U,H;B;S;I;Q;T;L;J;V;U,B;H;I;J;K;L;M;N;Q;R;S;T;U;V;Y,u5e2c,帬,U+5E2C,,,SRLB,SB,kwan4,the skirt of a lady's dress; petticoat,1,2,6,2,0.8,12,cj-301,10,
cj-302,cangjie,4,302,Lesson 302,第302課,H;R;M;L;B;S;I;T;Q;J;K;Y;V;N;U,H;B;S;I;Q;T;L;J;V;U,B;H;I;J;K;L;M;N;Q;R;S;T;U;V;Y,u5e2d,席,U+5E2D,,,ITLB,IB,zik6,seat; mat; take seat; banquet,1,2,6,2,0.8,12,cj-301,10,
cj-302,cangjie,4,302,Lesson 302,第302課,H;R;M;L;B;S;I;T;Q;J;K;Y;V;N;U,H;B;S;I;Q;T;L;J;V;U,B;H;I;J;K;L;M;N;Q;R;S;T;U;V;Y,u5e2e,帮,U+5E2E,,,QLLB,QB,bong1,"help, assist; defend; shoe upper",1,2,6,2,0.8,12,cj-301,10,
cj-302,cangjie,4,302,Lesson 302,第302課,H;R;M;L;B;S;I;T;Q;J;K;Y;V;N;U,H;B;S;I;Q;T;L;J;V;U,B;H;I;J;K;L;M;N;Q;R;S;T;U;V;Y,u5e2f,帯,U+5E2F,,,TJBLB,TB,daai3,belt,1,2,6,2,0.8,12,cj-301,10,
cj-302,cangjie,4,302,Lesson 302,第302課,H;R;M;L;B;S;I;T;Q;J;K;Y;V;N;U,H;B;S;I;Q;T;L;J;V;U,B;H;I;J;K;L;M;N;Q;R;S;T;U;V;Y,u5e30,帰,U+5E30,,,LLSMB,LB,gwai1,"return; return to, revert to",1,2,6,2,0.8,12,cj-301,10,
cj-302,cangjie,4,302,Lesson 302,第302課,H;R;M;L;B;S;I;T;Q;J;K;Y;V;N;U,H;B;S;I;Q;T;L;J;V;U,B;H;I;J;K;L;M;N;Q;R;S;T;U;V;Y,u5e31,帱,U+5E31,,,LBQKI,LI,cau4,cover up; curtain,1,2,6,2,0.8,12,cj-301,10,
cj-302,cangjie,4,302,Lesson 302,第302課,H;R;M;L;B;S;I;T;Q;J;K;Y;V;N;U,H;B;S;I;Q;T;L;J;V;U,B;H;I;J;K;L;M;N;Q;R;S;T;U;V;Y,u5e32,帲,U+5E32,,,LBYJJ,LJ,ping4,shelter,1,2,6,2,0.8,12,cj-301,10,
cj-302,cangjie,4,302,Lesson 302,第302課,H;R;M;L;B;S;I;T;Q;J;K;Y;V;N;U,H;B;S;I;Q;T;L;J;V;U,B;H;I;J;K;L;M;N;Q;R;S;T;U;V;Y,u5e33,帳,U+5E33,,,LBSMV,LV,zoeng3,"tent; screen, mosquito net",1,2,6,2,0.8,12,cj-301,10,
cj-302,cangjie,4,302,Lesson 302,第302課,H;R;M;L;B;S;I;T;Q;J;K;Y;V;N;U,H;B;S;I;Q;T;L;J;V;U,B;H;I;J;K;L;M;N;Q;R;S;T;U;V;Y,u5e35,帵,U+5E35,,,LBJNU,LU,wun1,"remnants, tailor's cutting",1,2,6,2,0.8,12,cj-301,10,
cj-303,cangjie,4,303,Lesson 303,第303課,K;P;B;L;O;G;F;R;Q;M;W;I;A;U;N;Y;C;D,K;B;L;G;F;O;I;U;C;Q,A;B;C;D;F;G;I;K;L;M;N;O;P;Q;R;U;W;Y,u5e36,帶,U+5E36,,,KPBLB,KB,daai3,"belt, girdle, band, strap, zone",1,2,6,2,0.8,12,cj-302,10,
cj-303,cangjie,4,303,Lesson 303,第303課,K;P;B;L;O;G;F;R;Q;M;W;I;A;U;N;Y;C;D,K;B;L;G;F;O;I;U;C;Q,A;B;C;D;F;G;I;K;L;M;N;O;P;Q;R;U;W;Y,u5e37,帷,U+5E37,,,LBOG,LG,wai4,"tent; curtain, screen",1,2,6,2,0.8,12,cj-302,10,
cj-303,cangjie,4,303,Lesson 303,第303課,K;P;B;L;O;G;F;R;Q;M;W;I;A;U;N;Y;C;D,K;B;L;G;F;O;I;U;C;Q,A;B;C;D;F;G;I;K;L;M;N;O;P;Q;R;U;W;Y,u5e38,常,U+5E38,,,FBRLB,FB,soeng4,"common, normal, frequent, regular",1,2,6,2,0.8,12,cj-302,10,
cj-303,cangjie,4,303,Lesson 303,第303課,K;P;B;L;O;G;F;R;Q;M;W;I;A;U;N;Y;C;D,K;B;L;G;F;O;I;U;C;Q,A;B;C;D;F;G;I;K;L;M;N;O;P;Q;R;U;W;Y,u5e3b,帻,U+5E3B,,,LBQMO,LO,zik1,turban; conical cap,1,2,6,2,0.8,12,cj-302,10,
cj-303,cangjie,4,303,Lesson 303,第303課,K;P;B;L;O;G;F;R;Q;M;W;I;A;U;N;Y;C;D,K;B;L;G;F;O;I;U;C;Q,A;B;C;D;F;G;I;K;L;M;N;O;P;Q;R;U;W;Y,u5e3c,帼,U+5E3C,,,LBWMI,LI,gwok3,women's headgear; mourning cap,1,2,6,2,0.8,12,cj-302,10,
cj-303,cangjie,4,303,Lesson 303,第303課,K;P;B;L;O;G;F;R;Q;M;W;I;A;U;N;Y;C;D,K;B;L;G;F;O;I;U;C;Q,A;B;C;D;F;G;I;K;L;M;N;O;P;Q;R;U;W;Y,u5e3d,帽,U+5E3D,,,LBABU,LU,mou6,"hat, cap; cap-like tops",1,2,6,2,0.8,12,cj-302,10,
cj-303,cangjie,4,303,Lesson 303,第303課,K;P;B;L;O;G;F;R;Q;M;W;I;A;U;N;Y;C;D,K;B;L;G;F;O;I;U;C;Q,A;B;C;D;F;G;I;K;L;M;N;O;P;Q;R;U;W;Y,u5e3f,帿,U+5E3F,,,LBONK,LK,hau4,"marquis, lord; target in archery",1,2,6,2,0.8,12,cj-302,10,
cj-303,cangjie,4,303,Lesson 303,第303課,K;P;B;L;O;G;F;R;Q;M;W;I;A;U;N;Y;C;D,K;B;L;G;F;O;I;U;C;Q,A;B;C;D;F;G;I;K;L;M;N;O;P;Q;R;U;W;Y,u5e40,幀,U+5E40,,,LBYBC,LC,zing3,"picture, scroll; one of pair of",1,2,6,2,0.8,12,cj-302,10,
cj-303,cangjie,4,303,Lesson 303,第303課,K;P;B;L;O;G;F;R;Q;M;W;I;A;U;N;Y;C;D,K;B;L;G;F;O;I;U;C;Q,A;B;C;D;F;G;I;K;L;M;N;O;P;Q;R;U;W;Y,u5e42,幂,U+5E42,,,BAKB,BB,mik6,"cover-cloth, cover with cloth",1,2,6,2,0.8,12,cj-302,10,
cj-303,cangjie,4,303,Lesson 303,第303課,K;P;B;L;O;G;F;R;Q;M;W;I;A;U;N;Y;C;D,K;B;L;G;F;O;I;U;C;Q,A;B;C;D;F;G;I;K;L;M;N;O;P;Q;R;U;W;Y,u5e43,幃,U+5E43,,,LBDMQ,LQ,wai4,curtain that forms wall,1,2,6,2,0.8,12,cj-302,10,
cj-304,cangjie,4,304,Lesson 304,第304課,L;B;S;M;G;R;W;I;T;H;E;A;F;U;C;O;K,L;G;W;B;T;H;U;C;K;E,A;B;C;E;F;G;H;I;K;L;M;O;R;S;T;U;W,u5e44,幄,U+5E44,,,LBSMG,LG,ak1,tent; mosquito net,1,2,6,2,0.8,12,cj-303,10,
cj-304,cangjie,4,304,Lesson 304,第304課,L;B;S;M;G;R;W;I;T;H;E;A;F;U;C;O;K,L;G;W;B;T;H;U;C;K;E,A;B;C;E;F;G;H;I;K;L;M;O;R;S;T;U;W,u5e45,幅,U+5E45,,,LBMRW,LW,fuk1,"piece, strip, breadth of, hem",1,2,6,2,0.8,12,cj-303,10,
cj-304,cangjie,4,304,Lesson 304,第304課,L;B;S;M;G;R;W;I;T;H;E;A;F;U;C;O;K,L;G;W;B;T;H;U;C;K;E,A;B;C;E;F;G;H;I;K;L;M;O;R;S;T;U;W,u5e47,幇,U+5E47,,,GILB,GB,bong1,"help, assist; defend; shoe upper",1,2,6,2,0.8,12,cj-303,10,
cj-304,cangjie,4,304,Lesson 304,第304課,L;B;S;M;G;R;W;I;T;H;E;A;F;U;C;O;K,L;G;W;B;T;H;U;C;K;E,A;B;C;E;F;G;H;I;K;L;M;O;R;S;T;U;W,u5e48,幈,U+5E48,,,LBSTT,LT,ping4,a folding screen,1,2,6,2,0.8,12,cj-303,10,
cj-304,cangjie,4,304,Lesson 304,第304課,L;B;S;M;G;R;W;I;T;H;E;A;F;U;C;O;K,L;G;W;B;T;H;U;C;K;E,A;B;C;E;F;G;H;I;K;L;M;O;R;S;T;U;W,u5e4b,幋,U+5E4B,,,HELB,HB,pun4,belt,1,2,6,2,0.8,12,cj-303,10,
cj-304,cangjie,4,304,Lesson 304,第304課,L;B;S;M;G;R;W;I;T;H;E;A;F;U;C;O;K,L;G;W;B;T;H;U;C;K;E,A;B;C;E;F;G;H;I;K;L;M;O;R;S;T;U;W,u5e4c,幌,U+5E4C,,,LBAFU,LU,fong2,"curtain, cloth screen",1,2,6,2,0.8,12,cj-303,10,
cj-304,cangjie,4,304,Lesson 304,第304課,L;B;S;M;G;R;W;I;T;H;E;A;F;U;C;O;K,L;G;W;B;T;H;U;C;K;E,A;B;C;E;F;G;H;I;K;L;M;O;R;S;T;U;W,u5e4e,幎,U+5E4E,,,LBBAC,LC,mik6,"cover-cloth, cover with cloth",1,2,6,2,0.8,12,cj-303,10,
cj-304,cangjie,4,304,Lesson 304,第304課,L;B;S;M;G;R;W;I;T;H;E;A;F;U;C;O;K,L;G;W;B;T;H;U;C;K;E,A;B;C;E;F;G;H;I;K;L;M;O;R;S;T;U;W,u5e51,幑,U+5E51,,,HOUBK,HK,fai1,"(same as 徽 揮) mark; sign; indication; flags; pennants, streamers, etc., to prance, to brandish, to shake; to rattle, name of a flag",1,2,6,2,0.8,12,cj-303,10,
cj-304,cangjie,4,304,Lesson 304,第304課,L;B;S;M;G;R;W;I;T;H;E;A;F;U;C;O;K,L;G;W;B;T;H;U;C;K;E,A;B;C;E;F;G;H;I;K;L;M;O;R;S;T;U;W,u5e53,幓,U+5E53,,,LBIIH,LH,saam1,"(simplified form of 幓; same as 縿) the long bands or ribbons attached to flags and banners (same as 襂) the feather decorated carriages or dresses; flapping and dangling, headdress used by man in ancient times",1,2,6,2,0.8,12,cj-303,10,
cj-304,cangjie,4,304,Lesson 304,第304課,L;B;S;M;G;R;W;I;T;H;E;A;F;U;C;O;K,L;G;W;B;T;H;U;C;K;E,A;B;C;E;F;G;H;I;K;L;M;O;R;S;T;U;W,u5e54,幔,U+5E54,,,LBAWE,LE,maan6,"curtain, screen, tent",1,2,6,2,0.8,12,cj-303,10,
cj-305,cangjie,4,305,Lesson 305,第305課,T;A;K;B;L;W;I;M;Q;C;H;Y;J;O;F;D,T;B;L;M;C;K;Q;J;O;A;F;W,A;B;C;D;F;H;I;J;K;L;M;O;Q;T;W;Y,u5e55,幕,U+5E55,,,TAKB,TB,mok6,"curtain, screen, tent",1,2,6,2,0.8,12,cj-304,10,
cj-305,cangjie,4,305,Lesson 305,第305課,T;A;K;B;L;W;I;M;Q;C;H;Y;J;O;F;D,T;B;L;M;C;K;Q;J;O;A;F;W,A;B;C;D;F;H;I;J;K;L;M;O;Q;T;W;Y,u5e57,幗,U+5E57,,,LBWIM,LM,gwok3,women's headgear; mourning cap,1,2,6,2,0.8,12,cj-304,10,
cj-305,cangjie,4,305,Lesson 305,第305課,T;A;K;B;L;W;I;M;Q;C;H;Y;J;O;F;D,T;B;L;M;C;K;Q;J;O;A;F;W,A;B;C;D;F;H;I;J;K;L;M;O;Q;T;W;Y,u5e58,幘,U+5E58,,,LBQMC,LC,zik1,turban; conical cap,1,2,6,2,0.8,12,cj-304,10,
cj-305,cangjie,4,305,Lesson 305,第305課,T;A;K;B;L;W;I;M;Q;C;H;Y;J;O;F;D,T;B;L;M;C;K;Q;J;O;A;F;W,A;B;C;D;F;H;I;J;K;L;M;O;Q;T;W;Y,u5e59,幙,U+5E59,,,LBTAK,LK,mok6,"a curtain, a screen",1,2,6,2,0.8,12,cj-304,10,
cj-305,cangjie,4,305,Lesson 305,第305課,T;A;K;B;L;W;I;M;Q;C;H;Y;J;O;F;D,T;B;L;M;C;K;Q;J;O;A;F;W,A;B;C;D;F;H;I;J;K;L;M;O;Q;T;W;Y,u5e5a,幚,U+5E5A,,,QLHAB,QB,bong1,"help, assist; defend; shoe upper",1,2,6,2,0.8,12,cj-304,10,
cj-305,cangjie,4,305,Lesson 305,第305課,T;A;K;B;L;W;I;M;Q;C;H;Y;J;O;F;D,T;B;L;M;C;K;Q;J;O;A;F;W,A;B;C;D;F;H;I;J;K;L;M;O;Q;T;W;Y,u5e5b,幛,U+5E5B,,,LBYTJ,LJ,zoeng3,scroll of silk or cloth bearing a congratulatory message,1,2,6,2,0.8,12,cj-304,10,
cj-305,cangjie,4,305,Lesson 305,第305課,T;A;K;B;L;W;I;M;Q;C;H;Y;J;O;F;D,T;B;L;M;C;K;Q;J;O;A;F;W,A;B;C;D;F;H;I;J;K;L;M;O;Q;T;W;Y,u5e5e,幞,U+5E5E,,,LBTCO,LO,fuk6,turban,1,2,6,2,0.8,12,cj-304,10,
cj-305,cangjie,4,305,Lesson 305,第305課,T;A;K;B;L;W;I;M;Q;C;H;Y;J;O;F;D,T;B;L;M;C;K;Q;J;O;A;F;W,A;B;C;D;F;H;I;J;K;L;M;O;Q;T;W;Y,u5e5f,幟,U+5E5F,,,LBYIA,LA,ci3,"flag, pennant; sign; fasten",1,2,6,2,0.8,12,cj-304,10,
cj-305,cangjie,4,305,Lesson 305,第305課,T;A;K;B;L;W;I;M;Q;C;H;Y;J;O;F;D,T;B;L;M;C;K;Q;J;O;A;F;W,A;B;C;D;F;H;I;J;K;L;M;O;Q;T;W;Y,u5e60,幠,U+5E60,,,LBOTF,LF,fu1,cover,1,2,6,2,0.8,12,cj-304,10,
cj-305,cangjie,4,305,Lesson 305,第305課,T;A;K;B;L;W;I;M;Q;C;H;Y;J;O;F;D,T;B;L;M;C;K;Q;J;O;A;F;W,A;B;C;D;F;H;I;J;K;L;M;O;Q;T;W;Y,u5e61,幡,U+5E61,,,LBHDW,LW,faan1,"pennant, banner, streamer, flag",1,2,6,2,0.8,12,cj-304,10,
cj-306,cangjie,4,306,Lesson 306,第306課,L;B;Y;T;G;F;K;S;J;N;C;R;O;I;H;A;W,L;G;F;B;S;R;C;O;I,A;B;C;F;G;H;I;J;K;L;N;O;R;S;T;W;Y,u5e62,幢,U+5E62,,,LBYTG,LG,cong4,carriage curtain; sun screen,1,2,6,2,0.8,12,cj-305,10,
cj-306,cangjie,4,306,Lesson 306,第306課,L;B;Y;T;G;F;K;S;J;N;C;R;O;I;H;A;W,L;G;F;B;S;R;C;O;I,A;B;C;F;G;H;I;J;K;L;N;O;R;S;T;W;Y,u5e63,幣,U+5E63,,,FKLB,FB,bai6,"currency, coins, legal tender",1,2,6,2,0.8,12,cj-305,10,
cj-306,cangjie,4,306,Lesson 306,第306課,L;B;Y;T;G;F;K;S;J;N;C;R;O;I;H;A;W,L;G;F;B;S;R;C;O;I,A;B;C;F;G;H;I;J;K;L;N;O;R;S;T;W;Y,u5e64,幤,U+5E64,,,FKLB,FB,bai6,"evil, wrong, bad; criminal",1,2,6,2,0.8,12,cj-305,10,
cj-306,cangjie,4,306,Lesson 306,第306課,L;B;Y;T;G;F;K;S;J;N;C;R;O;I;H;A;W,L;G;F;B;S;R;C;O;I,A;B;C;F;G;H;I;J;K;L;N;O;R;S;T;W;Y,u5e66,幦,U+5E66,,,SJLB,SB,mik6,cover,1,2,6,2,0.8,12,cj-305,10,
cj-306,cangjie,4,306,Lesson 306,第306課,L;B;Y;T;G;F;K;S;J;N;C;R;O;I;H;A;W,L;G;F;B;S;R;C;O;I,A;B;C;F;G;H;I;J;K;L;N;O;R;S;T;W;Y,u5e68,幨,U+5E68,,,LBNCR,LR,cim1,curtain,1,2,6,2,0.8,12,cj-305,10,
cj-306,cangjie,4,306,Lesson 306,第306課,L;B;Y;T;G;F;K;S;J;N;C;R;O;I;H;A;W,L;G;F;B;S;R;C;O;I,A;B;C;F;G;H;I;J;K;L;N;O;R;S;T;W;Y,u5e69,幩,U+5E69,,,LBJTC,LC,fan4,trappings,1,2,6,2,0.8,12,cj-305,10,
cj-306,cangjie,4,306,Lesson 306,第306課,L;B;Y;T;G;F;K;S;J;N;C;R;O;I;H;A;W,L;G;F;B;S;R;C;O;I,A;B;C;F;G;H;I;J;K;L;N;O;R;S;T;W;Y,u5e6a,幪,U+5E6A,,,LBTBO,LO,mung4,"cover, shelter, screen; protect",1,2,6,2,0.8,12,cj-305,10,
cj-306,cangjie,4,306,Lesson 306,第306課,L;B;Y;T;G;F;K;S;J;N;C;R;O;I;H;A;W,L;G;F;B;S;R;C;O;I,A;B;C;F;G;H;I;J;K;L;N;O;R;S;T;W;Y,u5e6b,幫,U+5E6B,,,GIHAB,GB,bong1,"to help, assist; to defend; shoe upper",1,2,6,2,0.8,12,cj-305,10,
cj-306,cangjie,4,306,Lesson 306,第306課,L;B;Y;T;G;F;K;S;J;N;C;R;O;I;H;A;W,L;G;F;B;S;R;C;O;I,A;B;C;F;G;H;I;J;K;L;N;O;R;S;T;W;Y,u5e6c,幬,U+5E6C,,,LBGNI,LI,cau4,cover up; curtain,1,2,6,2,0.8,12,cj-305,10,
cj-306,cangjie,4,306,Lesson 306,第306課,L;B;Y;T;G;F;K;S;J;N;C;R;O;I;H;A;W,L;G;F;B;S;R;C;O;I,A;B;C;F;G;H;I;J;K;L;N;O;R;S;T;W;Y,u5e6d,幭,U+5E6D,,,LBTWI,LI,mit6,cover,1,2,6,2,0.8,12,cj-305,10,
cj-307,cangjie,4,307,Lesson 307,第307課,L;B;I;G;J;Q;P;A;N;W;M;F;O;T;Y,L;I;P;W;M;J;O;Q;T;Y;G,A;B;F;G;I;J;L;M;N;O;P;Q;T;W;Y,u5e6e,幮,U+5E6E,,,LBIGI,LI,cyu4,a screen used to make a temporary kitchen,1,2,6,2,0.8,12,cj-306,10,
cj-307,cangjie,4,307,Lesson 307,第307課,L;B;I;G;J;Q;P;A;N;W;M;F;O;T;Y,L;I;P;W;M;J;O;Q;T;Y;G,A;B;F;G;I;J;L;M;N;O;P;Q;T;W;Y,u5e70,幰,U+5E70,,,LBJQP,LP,hin2,curtain at front of carriage,1,2,6,2,0.8,12,cj-306,10,
cj-307,cangjie,4,307,Lesson 307,第307課,L;B;I;G;J;Q;P;A;N;W;M;F;O;T;Y,L;I;P;W;M;J;O;Q;T;Y;G,A;B;F;G;I;J;L;M;N;O;P;Q;T;W;Y,u5e71,幱,U+5E71,,,LBANW,LW,laan4,official dress,1,2,6,2,0.8,12,cj-306,10,
cj-307,cangjie,4,307,Lesson 307,第307課,L;B;I;G;J;Q;P;A;N;W;M;F;O;T;Y,L;I;P;W;M;J;O;Q;T;Y;G,A;B;F;G;I;J;L;M;N;O;P;Q;T;W;Y,u5e72,干,U+5E72,,,MJ,MJ,gon1,"oppose, offend; invade; dried",1,2,6,2,0.8,12,cj-306,10,
cj-307,cangjie,4,307,Lesson 307,第307課,L;B;I;G;J;Q;P;A;N;W;M;F;O;T;Y,L;I;P;W;M;J;O;Q;T;Y;G,A;B;F;G;I;J;L;M;N;O;P;Q;T;W;Y,u5e73,平,U+5E73,,,MFJ,MJ,ping4,"flat, level, even; peaceful",1,2,6,2,0.8,12,cj-306,10,
cj-307,cangjie,4,307,Lesson 307,第307課,L;B;I;G;J;Q;P;A;N;W;M;F;O;T;Y,L;I;P;W;M;J;O;Q;T;Y;G,A;B;F;G;I;J;L;M;N;O;P;Q;T;W;Y,u5e74,年,U+5E74,,,OQ,OQ,nin4,year; new-years; person's age,1,2,6,2,0.8,12,cj-306,10,
cj-307,cangjie,4,307,Lesson 307,第307課,L;B;I;G;J;Q;P;A;N;W;M;F;O;T;Y,L;I;P;W;M;J;O;Q;T;Y;G,A;B;F;G;I;J;L;M;N;O;P;Q;T;W;Y,u5e75,幵,U+5E75,,,MJMJ,MJ,hin1,even level. to raise in both hands,1,2,6,2,0.8,12,cj-306,10,
cj-307,cangjie,4,307,Lesson 307,第307課,L;B;I;G;J;Q;P;A;N;W;M;F;O;T;Y,L;I;P;W;M;J;O;Q;T;Y;G,A;B;F;G;I;J;L;M;N;O;P;Q;T;W;Y,u5e76,并,U+5E76,,,TT,TT,bing6,"combine, annex; also, what's more",1,2,6,2,0.8,12,cj-306,10,
cj-307,cangjie,4,307,Lesson 307,第307課,L;B;I;G;J;Q;P;A;N;W;M;F;O;T;Y,L;I;P;W;M;J;O;Q;T;Y;G,A;B;F;G;I;J;L;M;N;O;P;Q;T;W;Y,u5e77,幷,U+5E77,,,YJYJ,YJ,bing6,combine,1,2,6,2,0.8,12,cj-306,10,
cj-307,cangjie,4,307,Lesson 307,第307課,L;B;I;G;J;Q;P;A;N;W;M;F;O;T;Y,L;I;P;W;M;J;O;Q;T;Y;G,A;B;F;G;I;J;L;M;N;O;P;Q;T;W;Y,u5e78,幸,U+5E78,,,GTJ,GJ,hang6,"luck(ily), favor, fortunately",1,2,6,2,0.8,12,cj-306,10,
cj-308,cangjie,4,308,Lesson 308,第308課,J;O;M;V;I;S;K;U;H;Y;P;N,J;V;I;S;U;Y;H;P;N,H;I;J;K;M;N;O;P;S;U;V;Y,u5e79,幹,U+5E79,,,JJOMJ,JJ,gon3,trunk of tree or of human body,1,2,6,2,0.8,12,cj-307,10,
cj-308,cangjie,4,308,Lesson 308,第308課,J;O;M;V;I;S;K;U;H;Y;P;N,J;V;I;S;U;Y;H;P;N,H;I;J;K;M;N;O;P;S;U;V;Y,u5e7a,幺,U+5E7A,,,VI,VI,jiu1,"one; tiny, small",1,2,6,2,0.8,12,cj-307,10,
cj-308,cangjie,4,308,Lesson 308,第308課,J;O;M;V;I;S;K;U;H;Y;P;N,J;V;I;S;U;Y;H;P;N,H;I;J;K;M;N;O;P;S;U;V;Y,u5e7b,幻,U+5E7B,,,VIS,VS,waan6,"illusion, fantasy, mirage",1,2,6,2,0.8,12,cj-307,10,
cj-308,cangjie,4,308,Lesson 308,第308課,J;O;M;V;I;S;K;U;H;Y;P;N,J;V;I;S;U;Y;H;P;N,H;I;J;K;M;N;O;P;S;U;V;Y,u5e7c,幼,U+5E7C,,,VIKS,VS,jau3,"infant, young child; immature",1,2,6,2,0.8,12,cj-307,10,
cj-308,cangjie,4,308,Lesson 308,第308課,J;O;M;V;I;S;K;U;H;Y;P;N,J;V;I;S;U;Y;H;P;N,H;I;J;K;M;N;O;P;S;U;V;Y,u5e7d,幽,U+5E7D,,,UVII,UI,jau1,"quiet, secluded, tranquil; dark",1,2,6,2,0.8,12,cj-307,10,
cj-308,cangjie,4,308,Lesson 308,第308課,J;O;M;V;I;S;K;U;H;Y;P;N,J;V;I;S;U;Y;H;P;N,H;I;J;K;M;N;O;P;S;U;V;Y,u5e7e,幾,U+5E7E,,,VIHI,VI,gei2,"how many? how much?; a few, some",1,2,6,2,0.8,12,cj-307,10,
cj-308,cangjie,4,308,Lesson 308,第308課,J;O;M;V;I;S;K;U;H;Y;P;N,J;V;I;S;U;Y;H;P;N,H;I;J;K;M;N;O;P;S;U;V;Y,u5e7f,广,U+5E7F,,,YH,YH,gwong2,"wide, extensive, broad; rad. 53",1,2,6,2,0.8,12,cj-307,10,
cj-308,cangjie,4,308,Lesson 308,第308課,J;O;M;V;I;S;K;U;H;Y;P;N,J;V;I;S;U;Y;H;P;N,H;I;J;K;M;N;O;P;S;U;V;Y,u5e80,庀,U+5E80,,,IP,IP,pei2,to prepare; to regulate to hand up,1,2,6,2,0.8,12,cj-307,10,
cj-308,cangjie,4,308,Lesson 308,第308課,J;O;M;V;I;S;K;U;H;Y;P;N,J;V;I;S;U;Y;H;P;N,H;I;J;K;M;N;O;P;S;U;V;Y,u5e81,庁,U+5E81,,,IMN,IN,ting1,"hall, central room",1,2,6,2,0.8,12,cj-307,10,
cj-308,cangjie,4,308,Lesson 308,第308課,J;O;M;V;I;S;K;U;H;Y;P;N,J;V;I;S;U;Y;H;P;N,H;I;J;K;M;N;O;P;S;U;V;Y,u5e83,広,U+5E83,,,II,II,gwong2,"broad, wide, extensive",1,2,6,2,0.8,12,cj-307,10,
cj-309,cangjie,4,309,Lesson 309,第309課,I;G;H;K;P;O;N;D;J;E;S;M;U,I;G;K;P;N;D;E;S;U,D;E;G;H;I;J;K;M;N;O;P;S;U,u5e84,庄,U+5E84,,,IG,IG,zong1,"village, hamlet; villa, manor",1,2,6,2,0.8,12,cj-308,10,
cj-309,cangjie,4,309,Lesson 309,第309課,I;G;H;K;P;O;N;D;J;E;S;M;U,I;G;K;P;N;D;E;S;U,D;E;G;H;I;J;K;M;N;O;P;S;U,u5e85,庅,U+5E85,,,IHI,II,mo1,an interrogative particle,1,2,6,2,0.8,12,cj-308,10,
cj-309,cangjie,4,309,Lesson 309,第309課,I;G;H;K;P;O;N;D;J;E;S;M;U,I;G;K;P;N;D;E;S;U,D;E;G;H;I;J;K;M;N;O;P;S;U,u5e86,庆,U+5E86,,,IK,IK,hing3,"congratulate, celebrate",1,2,6,2,0.8,12,cj-308,10,
cj-309,cangjie,4,309,Lesson 309,第309課,I;G;H;K;P;O;N;D;J;E;S;M;U,I;G;K;P;N;D;E;S;U,D;E;G;H;I;J;K;M;N;O;P;S;U,u5e87,庇,U+5E87,,,IPP,IP,bei3,"cover, shield, shelter, protect",1,2,6,2,0.8,12,cj-308,10,
cj-309,cangjie,4,309,Lesson 309,第309課,I;G;H;K;P;O;N;D;J;E;S;M;U,I;G;K;P;N;D;E;S;U,D;E;G;H;I;J;K;M;N;O;P;S;U,u5e88,庈,U+5E88,,,IOIN,IN,kam4,used in person's names,1,2,6,2,0.8,12,cj-308,10,
cj-309,cangjie,4,309,Lesson 309,第309課,I;G;H;K;P;O;N;D;J;E;S;M;U,I;G;K;P;N;D;E;S;U,D;E;G;H;I;J;K;M;N;O;P;S;U,u5e8a,床,U+5E8A,,,ID,ID,cong4,"bed, couch; framework, chassis",1,2,6,2,0.8,12,cj-308,10,
cj-309,cangjie,4,309,Lesson 309,第309課,I;G;H;K;P;O;N;D;J;E;S;M;U,I;G;K;P;N;D;E;S;U,D;E;G;H;I;J;K;M;N;O;P;S;U,u5e8b,庋,U+5E8B,,,IJE,IE,gwai2,a cupboard or pantry to store,1,2,6,2,0.8,12,cj-308,10,
cj-309,cangjie,4,309,Lesson 309,第309課,I;G;H;K;P;O;N;D;J;E;S;M;U,I;G;K;P;N;D;E;S;U,D;E;G;H;I;J;K;M;N;O;P;S;U,u5e8f,序,U+5E8F,,,ININ,IN,zeoi6,"series, serial order, sequence",1,2,6,2,0.8,12,cj-308,10,
cj-309,cangjie,4,309,Lesson 309,第309課,I;G;H;K;P;O;N;D;J;E;S;M;U,I;G;K;P;N;D;E;S;U,D;E;G;H;I;J;K;M;N;O;P;S;U,u5e90,庐,U+5E90,,,IHS,IS,lou4,"hut, cottage; name of a mountain",1,2,6,2,0.8,12,cj-308,10,
cj-309,cangjie,4,309,Lesson 309,第309課,I;G;H;K;P;O;N;D;J;E;S;M;U,I;G;K;P;N;D;E;S;U,D;E;G;H;I;J;K;M;N;O;P;S;U,u5e91,庑,U+5E91,,,IMKU,IU,mou5,"corridor, hallway; luxuriant",1,2,6,2,0.8,12,cj-308,10,
cj-310,cangjie,4,310,Lesson 310,第310課,I;K;Q;F;M;H;P;R;U;Y;L;W;O;D;V;E,I;Q;M;U;R;W;O;P;E,D;E;F;H;I;K;L;M;O;P;Q;R;U;V;W;Y,u5e93,库,U+5E93,,,IKQ,IQ,fu3,"armory, treasury, storehouse",1,2,6,2,0.8,12,cj-309,10,
cj-310,cangjie,4,310,Lesson 310,第310課,I;K;Q;F;M;H;P;R;U;Y;L;W;O;D;V;E,I;Q;M;U;R;W;O;P;E,D;E;F;H;I;K;L;M;O;P;Q;R;U;V;W;Y,u5e94,应,U+5E94,,,IFM,IM,jing3,"should, ought to, must",1,2,6,2,0.8,12,cj-309,10,
cj-310,cangjie,4,310,Lesson 310,第310課,I;K;Q;F;M;H;P;R;U;Y;L;W;O;D;V;E,I;Q;M;U;R;W;O;P;E,D;E;F;H;I;K;L;M;O;P;Q;R;U;V;W;Y,u5e95,底,U+5E95,,,IHPM,IM,dai2,"bottom, underneath, underside",1,2,6,2,0.8,12,cj-309,10,
cj-310,cangjie,4,310,Lesson 310,第310課,I;K;Q;F;M;H;P;R;U;Y;L;W;O;D;V;E,I;Q;M;U;R;W;O;P;E,D;E;F;H;I;K;L;M;O;P;Q;R;U;V;W;Y,u5e96,庖,U+5E96,,,IPRU,IU,paau4,"kitchen; cooking, cuisine",1,2,6,2,0.8,12,cj-309,10,
cj-310,cangjie,4,310,Lesson 310,第310課,I;K;Q;F;M;H;P;R;U;Y;L;W;O;D;V;E,I;Q;M;U;R;W;O;P;E,D;E;F;H;I;K;L;M;O;P;Q;R;U;V;W;Y,u5e97,店,U+5E97,,,IYR,IR,dim3,"shop, store; inn, hotel",1,2,6,2,0.8,12,cj-309,10,
cj-310,cangjie,4,310,Lesson 310,第310課,I;K;Q;F;M;H;P;R;U;Y;L;W;O;D;V;E,I;Q;M;U;R;W;O;P;E,D;E;F;H;I;K;L;M;O;P;Q;R;U;V;W;Y,u5e99,庙,U+5E99,,,ILW,IW,miu6,"temple, shrine; imperial court",1,2,6,2,0.8,12,cj-309,10,
cj-310,cangjie,4,310,Lesson 310,第310課,I;K;Q;F;M;H;P;R;U;Y;L;W;O;D;V;E,I;Q;M;U;R;W;O;P;E,D;E;F;H;I;K;L;M;O;P;Q;R;U;V;W;Y,u5e9a,庚,U+5E9A,,,ILO,IO,gang1,7th heavenly stem,1,2,6,2,0.8,12,cj-309,10,
cj-310,cangjie,4,310,Lesson 310,第310課,I;K;Q;F;M;H;P;R;U;Y;L;W;O;D;V;E,I;Q;M;U;R;W;O;P;E,D;E;F;H;I;K;L;M;O;P;Q;R;U;V;W;Y,u5e9c,府,U+5E9C,,,IODI,II,fu2,prefecture; prefect; government,1,2,6,2,0.8,12,cj-309,10,
cj-310,cangjie,4,310,Lesson 310,第310課,I;K;Q;F;M;H;P;R;U;Y;L;W;O;D;V;E,I;Q;M;U;R;W;O;P;E,D;E;F;H;I;K;L;M;O;P;Q;R;U;V;W;Y,u5e9e,庞,U+5E9E,,,IIKP,IP,pong4,"disorderly, messy; huge, big",1,2,6,2,0.8,12,cj-309,10,
cj-310,cangjie,4,310,Lesson 310,第310課,I;K;Q;F;M;H;P;R;U;Y;L;W;O;D;V;E,I;Q;M;U;R;W;O;P;E,D;E;F;H;I;K;L;M;O;P;Q;R;U;V;W;Y,u5e9f,废,U+5E9F,,,IIVE,IE,fai3,"abrogate, terminate, discard",1,2,6,2,0.8,12,cj-309,10,
cj-311,cangjie,4,311,Lesson 311,第311課,I;T;Q;G;D;O;E;J;W;U;H;N;K;L,I;Q;D;E;G;J;H;U,D;E;G;H;I;J;K;L;N;O;Q;T;U;W,u5ea0,庠,U+5EA0,,,ITQ,IQ,coeng4,village school; teach,1,2,6,2,0.8,12,cj-310,10,
cj-311,cangjie,4,311,Lesson 311,第311課,I;T;Q;G;D;O;E;J;W;U;H;N;K;L,I;Q;D;E;G;J;H;U,D;E;G;H;I;J;K;L;N;O;Q;T;U;W,u5ea4,庤,U+5EA4,,,IGDI,II,zi6,prepare,1,2,6,2,0.8,12,cj-310,10,
cj-311,cangjie,4,311,Lesson 311,第311課,I;T;Q;G;D;O;E;J;W;U;H;N;K;L,I;Q;D;E;G;J;H;U,D;E;G;H;I;J;K;L;N;O;Q;T;U;W,u5ea5,庥,U+5EA5,,,IOD,ID,jau1,"shade; shelter, protection",1,2,6,2,0.8,12,cj-310,10,
cj-311,cangjie,4,311,Lesson 311,第311課,I;T;Q;G;D;O;E;J;W;U;H;N;K;L,I;Q;D;E;G;J;H;U,D;E;G;H;I;J;K;L;N;O;Q;T;U;W,u5ea6,度,U+5EA6,,,ITE,IE,dou6,"degree, system; manner; to consider",1,2,6,2,0.8,12,cj-310,10,
cj-311,cangjie,4,311,Lesson 311,第311課,I;T;Q;G;D;O;E;J;W;U;H;N;K;L,I;Q;D;E;G;J;H;U,D;E;G;H;I;J;K;L;N;O;Q;T;U;W,u5ea7,座,U+5EA7,,,IOOG,IG,zo6,"seat; stand, base",1,2,6,2,0.8,12,cj-310,10,
cj-311,cangjie,4,311,Lesson 311,第311課,I;T;Q;G;D;O;E;J;W;U;H;N;K;L,I;Q;D;E;G;J;H;U,D;E;G;H;I;J;K;L;N;O;Q;T;U;W,u5eab,庫,U+5EAB,,,IJWJ,IJ,fu3,"armory, treasury, storehouse",1,2,6,2,0.8,12,cj-310,10,
cj-311,cangjie,4,311,Lesson 311,第311課,I;T;Q;G;D;O;E;J;W;U;H;N;K;L,I;Q;D;E;G;J;H;U,D;E;G;H;I;J;K;L;N;O;Q;T;U;W,u5eac,庬,U+5EAC,,,IIUH,IH,pong4,abundant; mixed,1,2,6,2,0.8,12,cj-310,10,
cj-311,cangjie,4,311,Lesson 311,第311課,I;T;Q;G;D;O;E;J;W;U;H;N;K;L,I;Q;D;E;G;J;H;U,D;E;G;H;I;J;K;L;N;O;Q;T;U;W,u5ead,庭,U+5EAD,,,INKG,IG,ting4,courtyard; spacious hall or yard,1,2,6,2,0.8,12,cj-310,10,
cj-311,cangjie,4,311,Lesson 311,第311課,I;T;Q;G;D;O;E;J;W;U;H;N;K;L,I;Q;D;E;G;J;H;U,D;E;G;H;I;J;K;L;N;O;Q;T;U;W,u5eb3,庳,U+5EB3,,,IHWJ,IJ,bei1,a low-built house,1,2,6,2,0.8,12,cj-310,10,
cj-311,cangjie,4,311,Lesson 311,第311課,I;T;Q;G;D;O;E;J;W;U;H;N;K;L,I;Q;D;E;G;J;H;U,D;E;G;H;I;J;K;L;N;O;Q;T;U;W,u5eb5,庵,U+5EB5,,,IKLU,IU,am1,Buddhist monastery or nunnery,1,2,6,2,0.8,12,cj-310,10,
cj-312,cangjie,4,312,Lesson 312,第312課,I;T;F;L;E;B;S;O;P;M;W;H;X;J,I;F;E;B;O;W,B;E;F;H;I;J;L;M;O;P;S;T;W;X,u5eb6,庶,U+5EB6,,,ITF,IF,syu3,"numerous, various; multitude",1,2,6,2,0.8,12,cj-311,10,
cj-312,cangjie,4,312,Lesson 312,第312課,I;T;F;L;E;B;S;O;P;M;W;H;X;J,I;F;E;B;O;W,B;E;F;H;I;J;L;M;O;P;S;T;W;X,u5eb7,康,U+5EB7,,,ILE,IE,hong1,"peaceful, quiet; happy, healthy",1,2,6,2,0.8,12,cj-311,10,
cj-312,cangjie,4,312,Lesson 312,第312課,I;T;F;L;E;B;S;O;P;M;W;H;X;J,I;F;E;B;O;W,B;E;F;H;I;J;L;M;O;P;S;T;W;X,u5eb8,庸,U+5EB8,,,ILB,IB,jung4,"usual, common, ordinary, mediocre",1,2,6,2,0.8,12,cj-311,10,
cj-312,cangjie,4,312,Lesson 312,第312課,I;T;F;L;E;B;S;O;P;M;W;H;X;J,I;F;E;B;O;W,B;E;F;H;I;J;L;M;O;P;S;T;W;X,u5eb9,庹,U+5EB9,,,ITSO,IO,tok3,the length of one's two outstretched arms,1,2,6,2,0.8,12,cj-311,10,
cj-312,cangjie,4,312,Lesson 312,第312課,I;T;F;L;E;B;S;O;P;M;W;H;X;J,I;F;E;B;O;W,B;E;F;H;I;J;L;M;O;P;S;T;W;X,u5ebb,庻,U+5EBB,,,ITOO,IO,syu3,"numerous, various; multitude",1,2,6,2,0.8,12,cj-311,10,
cj-312,cangjie,4,312,Lesson 312,第312課,I;T;F;L;E;B;S;O;P;M;W;H;X;J,I;F;E;B;O;W,B;E;F;H;I;J;L;M;O;P;S;T;W;X,u5ebc,庼,U+5EBC,,,IPMO,IO,king2,room,1,2,6,2,0.8,12,cj-311,10,
cj-312,cangjie,4,312,Lesson 312,第312課,I;T;F;L;E;B;S;O;P;M;W;H;X;J,I;F;E;B;O;W,B;E;F;H;I;J;L;M;O;P;S;T;W;X,u5ebd,庽,U+5EBD,,,IWLB,IB,jyu6,residence; lodge,1,2,6,2,0.8,12,cj-311,10,
cj-312,cangjie,4,312,Lesson 312,第312課,I;T;F;L;E;B;S;O;P;M;W;H;X;J,I;F;E;B;O;W,B;E;F;H;I;J;L;M;O;P;S;T;W;X,u5ebe,庾,U+5EBE,,,IHXO,IO,jyu4,granary; storehouse,1,2,6,2,0.8,12,cj-311,10,
cj-312,cangjie,4,312,Lesson 312,第312課,I;T;F;L;E;B;S;O;P;M;W;H;X;J,I;F;E;B;O;W,B;E;F;H;I;J;L;M;O;P;S;T;W;X,u5ebf,庿,U+5EBF,,,ITW,IW,miu6,"temple, shrine",1,2,6,2,0.8,12,cj-311,10,
cj-312,cangjie,4,312,Lesson 312,第312課,I;T;F;L;E;B;S;O;P;M;W;H;X;J,I;F;E;B;O;W,B;E;F;H;I;J;L;M;O;P;S;T;W;X,u5ec0,廀,U+5EC0,,,IJFE,IE,sau1,to conceal; to search into,1,2,6,2,0.8,12,cj-311,10,
cj-313,cangjie,5,313,Lesson 313,第313課,I;B;C;N;D;U;O;P;A;E;H;M;T;X;L;F,I;N;U;P;E;C;L;F,A;B;C;D;E;F;H;I;L;M;N;O;P;T;U;X,u5ec1,廁,U+5EC1,,,IBCN,IN,ci3,"toilet, lavatory; mingle with",1,2,6,2,0.8,12,cj-312,10,
cj-313,cangjie,5,313,Lesson 313,第313課,I;B;C;N;D;U;O;P;A;E;H;M;T;X;L;F,I;N;U;P;E;C;L;F,A;B;C;D;E;F;H;I;L;M;N;O;P;T;U;X,u5ec2,廂,U+5EC2,,,IDBU,IU,soeng1,"side-room, wing; theatre box",1,2,6,2,0.8,12,cj-312,10,
cj-313,cangjie,5,313,Lesson 313,第313課,I;B;C;N;D;U;O;P;A;E;H;M;T;X;L;F,I;N;U;P;E;C;L;F,A;B;C;D;E;F;H;I;L;M;N;O;P;T;U;X,u5ec3,廃,U+5EC3,,,INOP,IP,fai3,"abrogate, terminate, discard",1,2,6,2,0.8,12,cj-312,10,
cj-313,cangjie,5,313,Lesson 313,第313課,I;B;C;N;D;U;O;P;A;E;H;M;T;X;L;F,I;N;U;P;E;C;L;F,A;B;C;D;E;F;H;I;L;M;N;O;P;T;U;X,u5ec4,廄,U+5EC4,,,IAIE,IE,gau3,stable; barnyard,1,2,6,2,0.8,12,cj-312,10,
cj-313,cangjie,5,313,Lesson 313,第313課,I;B;C;N;D;U;O;P;A;E;H;M;T;X;L;F,I;N;U;P;E;C;L;F,A;B;C;D;E;F;H;I;L;M;N;O;P;T;U;X,u5ec6,廆,U+5EC6,,,IHUI,II,gwai1,a room; the wall of a house a man's name,1,2,6,2,0.8,12,cj-312,10,
cj-313,cangjie,5,313,Lesson 313,第313課,I;B;C;N;D;U;O;P;A;E;H;M;T;X;L;F,I;N;U;P;E;C;L;F,A;B;C;D;E;F;H;I;L;M;N;O;P;T;U;X,u5ec8,廈,U+5EC8,,,IMUE,IE,haa6,"big building, mansion",1,2,6,2,0.8,12,cj-312,10,
cj-313,cangjie,5,313,Lesson 313,第313課,I;B;C;N;D;U;O;P;A;E;H;M;T;X;L;F,I;N;U;P;E;C;L;F,A;B;C;D;E;F;H;I;L;M;N;O;P;T;U;X,u5ec9,廉,U+5EC9,,,ITXC,IC,lim4,"upright, honorable, honest",1,2,6,2,0.8,12,cj-312,10,
cj-313,cangjie,5,313,Lesson 313,第313課,I;B;C;N;D;U;O;P;A;E;H;M;T;X;L;F,I;N;U;P;E;C;L;F,A;B;C;D;E;F;H;I;L;M;N;O;P;T;U;X,u5eca,廊,U+5ECA,,,IIIL,IL,long4,"corridor, porch, veranda",1,2,6,2,0.8,12,cj-312,10,
cj-313,cangjie,5,313,Lesson 313,第313課,I;B;C;N;D;U;O;P;A;E;H;M;T;X;L;F,I;N;U;P;E;C;L;F,A;B;C;D;E;F;H;I;L;M;N;O;P;T;U;X,u5ecb,廋,U+5ECB,,,IHXE,IE,sau1,"conceal, hide; search for, seek",1,2,6,2,0.8,12,cj-312,10,
cj-313,cangjie,5,313,Lesson 313,第313課,I;B;C;N;D;U;O;P;A;E;H;M;T;X;L;F,I;N;U;P;E;C;L;F,A;B;C;D;E;F;H;I;L;M;N;O;P;T;U;X,u5ecc,廌,U+5ECC,,,IXF,IF,zi6,unicorn,1,2,6,2,0.8,12,cj-312,10,
cj-314,cangjie,5,314,Lesson 314,第314課,I;P;M;C;H;E;U;T;L;G;S;K;Y;D;V;N;W,I;C;E;U;M;K;L;V;H,C;D;E;G;H;I;K;L;M;N;P;S;T;U;V;W;Y,u5ece,廎,U+5ECE,,,IPMC,IC,king2,room,1,2,6,2,0.8,12,cj-313,10,
cj-314,cangjie,5,314,Lesson 314,第314課,I;P;M;C;H;E;U;T;L;G;S;K;Y;D;V;N;W,I;C;E;U;M;K;L;V;H,C;D;E;G;H;I;K;L;M;N;P;S;T;U;V;W;Y,u5ecf,廏,U+5ECF,,,IHPE,IE,gau3,stable; barnyard,1,2,6,2,0.8,12,cj-313,10,
cj-314,cangjie,5,314,Lesson 314,第314課,I;P;M;C;H;E;U;T;L;G;S;K;Y;D;V;N;W,I;C;E;U;M;K;L;V;H,C;D;E;G;H;I;K;L;M;N;P;S;T;U;V;W;Y,u5ed0,廐,U+5ED0,,,IHPU,IU,gau3,stable; barnyard,1,2,6,2,0.8,12,cj-313,10,
cj-314,cangjie,5,314,Lesson 314,第314課,I;P;M;C;H;E;U;T;L;G;S;K;Y;D;V;N;W,I;C;E;U;M;K;L;V;H,C;D;E;G;H;I;K;L;M;N;P;S;T;U;V;W;Y,u5ed1,廑,U+5ED1,,,ITLM,IM,kan4,a hut; careful,1,2,6,2,0.8,12,cj-313,10,
cj-314,cangjie,5,314,Lesson 314,第314課,I;P;M;C;H;E;U;T;L;G;S;K;Y;D;V;N;W,I;C;E;U;M;K;L;V;H,C;D;E;G;H;I;K;L;M;N;P;S;T;U;V;W;Y,u5ed2,廒,U+5ED2,,,IGSK,IK,ngou4,a granary,1,2,6,2,0.8,12,cj-313,10,
cj-314,cangjie,5,314,Lesson 314,第314課,I;P;M;C;H;E;U;T;L;G;S;K;Y;D;V;N;W,I;C;E;U;M;K;L;V;H,C;D;E;G;H;I;K;L;M;N;P;S;T;U;V;W;Y,u5ed3,廓,U+5ED3,,,IYDL,IL,gwok3,"broad, wide, open, empty; to expand",1,2,6,2,0.8,12,cj-313,10,
cj-314,cangjie,5,314,Lesson 314,第314課,I;P;M;C;H;E;U;T;L;G;S;K;Y;D;V;N;W,I;C;E;U;M;K;L;V;H,C;D;E;G;H;I;K;L;M;N;P;S;T;U;V;W;Y,u5ed4,廔,U+5ED4,,,ILLV,IV,lau4,building of two or more stories,1,2,6,2,0.8,12,cj-313,10,
cj-314,cangjie,5,314,Lesson 314,第314課,I;P;M;C;H;E;U;T;L;G;S;K;Y;D;V;N;W,I;C;E;U;M;K;L;V;H,C;D;E;G;H;I;K;L;M;N;P;S;T;U;V;W;Y,u5ed5,廕,U+5ED5,,,INLI,II,jam3,"shade; protect, shade, cover",1,2,6,2,0.8,12,cj-313,10,
cj-314,cangjie,5,314,Lesson 314,第314課,I;P;M;C;H;E;U;T;L;G;S;K;Y;D;V;N;W,I;C;E;U;M;K;L;V;H,C;D;E;G;H;I;K;L;M;N;P;S;T;U;V;W;Y,u5ed6,廖,U+5ED6,,,ISMH,IH,liu6,surname; name of an ancient state,1,2,6,2,0.8,12,cj-313,10,
cj-314,cangjie,5,314,Lesson 314,第314課,I;P;M;C;H;E;U;T;L;G;S;K;Y;D;V;N;W,I;C;E;U;M;K;L;V;H,C;D;E;G;H;I;K;L;M;N;P;S;T;U;V;W;Y,u5ed9,廙,U+5ED9,,,IWTC,IC,ji6,respectful,1,2,6,2,0.8,12,cj-313,10,
cj-315,cangjie,5,315,Lesson 315,第315課,I;G;T;W;C;L;N;O;J;B;F;K;E;P,I;G;L;O;B;K;F;E;C;P,B;C;E;F;G;I;J;K;L;N;O;P;T;W,u5eda,廚,U+5EDA,,,IGTI,II,cyu4,kitchen; closet; cupboard,1,2,6,2,0.8,12,cj-314,10,
cj-315,cangjie,5,315,Lesson 315,第315課,I;G;T;W;C;L;N;O;J;B;F;K;E;P,I;G;L;O;B;K;F;E;C;P,B;C;E;F;G;I;J;K;L;N;O;P;T;W,u5edb,廛,U+5EDB,,,IWCG,IG,cin4,"a store, shop; ground allotted to a retainer",1,2,6,2,0.8,12,cj-314,10,
cj-315,cangjie,5,315,Lesson 315,第315課,I;G;T;W;C;L;N;O;J;B;F;K;E;P,I;G;L;O;B;K;F;E;C;P,B;C;E;F;G;I;J;K;L;N;O;P;T;W,u5edd,廝,U+5EDD,,,ITCL,IL,si1,servant,1,2,6,2,0.8,12,cj-314,10,
cj-315,cangjie,5,315,Lesson 315,第315課,I;G;T;W;C;L;N;O;J;B;F;K;E;P,I;G;L;O;B;K;F;E;C;P,B;C;E;F;G;I;J;K;L;N;O;P;T;W,u5ede,廞,U+5EDE,,,ICNO,IO,jam1,to prepare horses and chariots for battle,1,2,6,2,0.8,12,cj-314,10,
cj-315,cangjie,5,315,Lesson 315,第315課,I;G;T;W;C;L;N;O;J;B;F;K;E;P,I;G;L;O;B;K;F;E;C;P,B;C;E;F;G;I;J;K;L;N;O;P;T;W,u5edf,廟,U+5EDF,,,IJJB,IB,miu6,"temple, shrine; imperial court",1,2,6,2,0.8,12,cj-314,10,
cj-315,cangjie,5,315,Lesson 315,第315課,I;G;T;W;C;L;N;O;J;B;F;K;E;P,I;G;L;O;B;K;F;E;C;P,B;C;E;F;G;I;J;K;L;N;O;P;T;W,u5ee0,廠,U+5EE0,,,IFBK,IK,cong2,"factory, plant, workshop, mill",1,2,6,2,0.8,12,cj-314,10,
cj-315,cangjie,5,315,Lesson 315,第315課,I;G;T;W;C;L;N;O;J;B;F;K;E;P,I;G;L;O;B;K;F;E;C;P,B;C;E;F;G;I;J;K;L;N;O;P;T;W,u5ee1,廡,U+5EE1,,,IOTF,IF,mou5,"corridor, hallway; luxuriant",1,2,6,2,0.8,12,cj-314,10,
cj-315,cangjie,5,315,Lesson 315,第315課,I;G;T;W;C;L;N;O;J;B;F;K;E;P,I;G;L;O;B;K;F;E;C;P,B;C;E;F;G;I;J;K;L;N;O;P;T;W,u5ee2,廢,U+5EE2,,,INOE,IE,fai3,"abrogate, terminate, discard",1,2,6,2,0.8,12,cj-314,10,
cj-315,cangjie,5,315,Lesson 315,第315課,I;G;T;W;C;L;N;O;J;B;F;K;E;P,I;G;L;O;B;K;F;E;C;P,B;C;E;F;G;I;J;K;L;N;O;P;T;W,u5ee3,廣,U+5EE3,,,ITLC,IC,gwong2,"broad, wide, extensive",1,2,6,2,0.8,12,cj-314,10,
cj-315,cangjie,5,315,Lesson 315,第315課,I;G;T;W;C;L;N;O;J;B;F;K;E;P,I;G;L;O;B;K;F;E;C;P,B;C;E;F;G;I;J;K;L;N;O;P;T;W,u5ee4,廤,U+5EE4,,,IJJP,IP,fu3,to place,1,2,6,2,0.8,12,cj-314,10,
cj-316,cangjie,5,316,Lesson 316,第316課,I;G;O;W;N;B;Q;Y;D;F;P;T;S;J;V;U;K,I;W;Q;D;F;T;P;G;N;K;V,B;D;F;G;I;J;K;N;O;P;Q;S;T;U;V;W;Y,u5ee7,廧,U+5EE7,,,IGOW,IW,coeng4,wall,1,2,6,2,0.8,12,cj-315,10,
cj-316,cangjie,5,316,Lesson 316,第316課,I;G;O;W;N;B;Q;Y;D;F;P;T;S;J;V;U;K,I;W;Q;D;F;T;P;G;N;K;V,B;D;F;G;I;J;K;N;O;P;Q;S;T;U;V;W;Y,u5ee8,廨,U+5EE8,,,INBQ,IQ,haai6,"government office, public office",1,2,6,2,0.8,12,cj-315,10,
cj-316,cangjie,5,316,Lesson 316,第316課,I;G;O;W;N;B;Q;Y;D;F;P;T;S;J;V;U;K,I;W;Q;D;F;T;P;G;N;K;V,B;D;F;G;I;J;K;N;O;P;Q;S;T;U;V;W;Y,u5ee9,廩,U+5EE9,,,IYWD,ID,lam5,"granary; stockpile, store",1,2,6,2,0.8,12,cj-315,10,
cj-316,cangjie,5,316,Lesson 316,第316課,I;G;O;W;N;B;Q;Y;D;F;P;T;S;J;V;U;K,I;W;Q;D;F;T;P;G;N;K;V,B;D;F;G;I;J;K;N;O;P;Q;S;T;U;V;W;Y,u5eea,廪,U+5EEA,,,IYWF,IF,lam5,granary; stockpile,1,2,6,2,0.8,12,cj-315,10,
cj-316,cangjie,5,316,Lesson 316,第316課,I;G;O;W;N;B;Q;Y;D;F;P;T;S;J;V;U;K,I;W;Q;D;F;T;P;G;N;K;V,B;D;F;G;I;J;K;N;O;P;Q;S;T;U;V;W;Y,u5eec,廬,U+5EEC,,,IYPT,IT,lou4,"hut, cottage; name of a mountain",1,2,6,2,0.8,12,cj-315,10,
cj-316,cangjie,5,316,Lesson 316,第316課,I;G;O;W;N;B;Q;Y;D;F;P;T;S;J;V;U;K,I;W;Q;D;F;T;P;G;N;K;V,B;D;F;G;I;J;K;N;O;P;Q;S;T;U;V;W;Y,u5ef0,廰,U+5EF0,,,ISJP,IP,teng1,"hall, central room",1,2,6,2,0.8,12,cj-315,10,
cj-316,cangjie,5,316,Lesson 316,第316課,I;G;O;W;N;B;Q;Y;D;F;P;T;S;J;V;U;K,I;W;Q;D;F;T;P;G;N;K;V,B;D;F;G;I;J;K;N;O;P;Q;S;T;U;V;W;Y,u5ef1,廱,U+5EF1,,,IVUG,IG,jung1,harmonious; pool; hall,1,2,6,2,0.8,12,cj-315,10,
cj-316,cangjie,5,316,Lesson 316,第316課,I;G;O;W;N;B;Q;Y;D;F;P;T;S;J;V;U;K,I;W;Q;D;F;T;P;G;N;K;V,B;D;F;G;I;J;K;N;O;P;Q;S;T;U;V;W;Y,u5ef3,廳,U+5EF3,,,ISGP,IP,teng1,"hall, central room",1,2,6,2,0.8,12,cj-315,10,
cj-316,cangjie,5,316,Lesson 316,第316課,I;G;O;W;N;B;Q;Y;D;F;P;T;S;J;V;U;K,I;W;Q;D;F;T;P;G;N;K;V,B;D;F;G;I;J;K;N;O;P;Q;S;T;U;V;W;Y,u5ef4,廴,U+5EF4,,,NNK,NK,jan5,go; Kangxi radical 54,1,2,6,2,0.8,12,cj-315,10,
cj-316,cangjie,5,316,Lesson 316,第316課,I;G;O;W;N;B;Q;Y;D;F;P;T;S;J;V;U;K,I;W;Q;D;F;T;P;G;N;K;V,B;D;F;G;I;J;K;N;O;P;Q;S;T;U;V;W;Y,u5ef5,廵,U+5EF5,,,NKVVV,NV,ceon4,to go on circuit; to cruise to patrol,1,2,6,2,0.8,12,cj-315,10,
cj-317,cangjie,5,317,Lesson 317,第317課,N;K;H;Y;M;G;L;W;A;Q;R;C;S;J;T,N;M;G;W;A;Q;R;L;J;T,A;C;G;H;J;K;L;M;N;Q;R;S;T;W;Y,u5ef6,延,U+5EF6,,,NKHYM,NM,jin4,"delay, postpone, defer",1,2,6,2,0.8,12,cj-316,10,
cj-317,cangjie,5,317,Lesson 317,第317課,N;K;H;Y;M;G;L;W;A;Q;R;C;S;J;T,N;M;G;W;A;Q;R;L;J;T,A;C;G;H;J;K;L;M;N;Q;R;S;T;W;Y,u5ef7,廷,U+5EF7,,,NKHG,NG,ting4,court,1,2,6,2,0.8,12,cj-316,10,
cj-317,cangjie,5,317,Lesson 317,第317課,N;K;H;Y;M;G;L;W;A;Q;R;C;S;J;T,N;M;G;W;A;Q;R;L;J;T,A;C;G;H;J;K;L;M;N;Q;R;S;T;W;Y,u5ef8,廸,U+5EF8,,,NKLW,NW,dik6,"enlighten, advance; progress",1,2,6,2,0.8,12,cj-316,10,
cj-317,cangjie,5,317,Lesson 317,第317課,N;K;H;Y;M;G;L;W;A;Q;R;C;S;J;T,N;M;G;W;A;Q;R;L;J;T,A;C;G;H;J;K;L;M;N;Q;R;S;T;W;Y,u5ef9,廹,U+5EF9,,,NKHA,NA,baak1,to persecute; to oppress in difficulties; embarrassed,1,2,6,2,0.8,12,cj-316,10,
cj-317,cangjie,5,317,Lesson 317,第317課,N;K;H;Y;M;G;L;W;A;Q;R;C;S;J;T,N;M;G;W;A;Q;R;L;J;T,A;C;G;H;J;K;L;M;N;Q;R;S;T;W;Y,u5efa,建,U+5EFA,,,NKLQ,NQ,gin3,"build, establish, erect, found",1,2,6,2,0.8,12,cj-316,10,
cj-317,cangjie,5,317,Lesson 317,第317課,N;K;H;Y;M;G;L;W;A;Q;R;C;S;J;T,N;M;G;W;A;Q;R;L;J;T,A;C;G;H;J;K;L;M;N;Q;R;S;T;W;Y,u5efb,廻,U+5EFB,,,NKWR,NR,wui4,circle around; return; curving,1,2,6,2,0.8,12,cj-316,10,
cj-317,cangjie,5,317,Lesson 317,第317課,N;K;H;Y;M;G;L;W;A;Q;R;C;S;J;T,N;M;G;W;A;Q;R;L;J;T,A;C;G;H;J;K;L;M;N;Q;R;S;T;W;Y,u5efc,廼,U+5EFC,,,NKMCW,NW,naai5,"then, thereupon, only then",1,2,6,2,0.8,12,cj-316,10,
cj-317,cangjie,5,317,Lesson 317,第317課,N;K;H;Y;M;G;L;W;A;Q;R;C;S;J;T,N;M;G;W;A;Q;R;L;J;T,A;C;G;H;J;K;L;M;N;Q;R;S;T;W;Y,u5efd,廽,U+5EFD,,,NKWSL,NL,wui4,"return, turn around; a time",1,2,6,2,0.8,12,cj-316,10,
cj-317,cangjie,5,317,Lesson 317,第317課,N;K;H;Y;M;G;L;W;A;Q;R;C;S;J;T,N;M;G;W;A;Q;R;L;J;T,A;C;G;H;J;K;L;M;N;Q;R;S;T;W;Y,u5efe,廾,U+5EFE,,,JJ,JJ,gung2,two hands; Kangxi radical 55,1,2,6,2,0.8,12,cj-316,10,
cj-317,cangjie,5,317,Lesson 317,第317課,N;K;H;Y;M;G;L;W;A;Q;R;C;S;J;T,N;M;G;W;A;Q;R;L;J;T,A;C;G;H;J;K;L;M;N;Q;R;S;T;W;Y,u5eff,廿,U+5EFF,,,T,T,nim6,"twenty, twentieth",1,2,6,2,0.8,12,cj-316,10,
cj-318,cangjie,5,318,Lesson 318,第318課,M;T;I;R;U;Y;G;O;C;V;F;K,M;T;I;R;Y;G;O;V;F,C;F;G;I;K;M;O;R;T;U;V;Y,u5f00,开,U+5F00,,,MT,MT,hoi1,"open; initiate, begin, start",1,2,6,2,0.8,12,cj-317,10,
cj-318,cangjie,5,318,Lesson 318,第318課,M;T;I;R;U;Y;G;O;C;V;F;K,M;T;I;R;Y;G;O;V;F,C;F;G;I;K;M;O;R;T;U;V;Y,u5f01,弁,U+5F01,,,IT,IT,bin6,conical cap worn during Zhou dynasty,1,2,6,2,0.8,12,cj-317,10,
cj-318,cangjie,5,318,Lesson 318,第318課,M;T;I;R;U;Y;G;O;C;V;F;K,M;T;I;R;Y;G;O;V;F,C;F;G;I;K;M;O;R;T;U;V;Y,u5f02,异,U+5F02,,,RUT,RT,ji6,"different, unusual, strange",1,2,6,2,0.8,12,cj-317,10,
cj-318,cangjie,5,318,Lesson 318,第318課,M;T;I;R;U;Y;G;O;C;V;F;K,M;T;I;R;Y;G;O;V;F,C;F;G;I;K;M;O;R;T;U;V;Y,u5f03,弃,U+5F03,,,YIT,YT,hei3,"reject, abandon, discard",1,2,6,2,0.8,12,cj-317,10,
cj-318,cangjie,5,318,Lesson 318,第318課,M;T;I;R;U;Y;G;O;C;V;F;K,M;T;I;R;Y;G;O;V;F,C;F;G;I;K;M;O;R;T;U;V;Y,u5f04,弄,U+5F04,,,MGT,MT,lung6,"do, play or fiddle with; alley",1,2,6,2,0.8,12,cj-317,10,
cj-318,cangjie,5,318,Lesson 318,第318課,M;T;I;R;U;Y;G;O;C;V;F;K,M;T;I;R;Y;G;O;V;F,C;F;G;I;K;M;O;R;T;U;V;Y,u5f06,弆,U+5F06,,,GIT,GT,geoi2,to collect,1,2,6,2,0.8,12,cj-317,10,
cj-318,cangjie,5,318,Lesson 318,第318課,M;T;I;R;U;Y;G;O;C;V;F;K,M;T;I;R;Y;G;O;V;F,C;F;G;I;K;M;O;R;T;U;V;Y,u5f07,弇,U+5F07,,,ORT,OT,jim2,"cover over, hide; narrow-necked",1,2,6,2,0.8,12,cj-317,10,
cj-318,cangjie,5,318,Lesson 318,第318課,M;T;I;R;U;Y;G;O;C;V;F;K,M;T;I;R;Y;G;O;V;F,C;F;G;I;K;M;O;R;T;U;V;Y,u5f08,弈,U+5F08,,,YCT,YT,jik6,Chinese chess,1,2,6,2,0.8,12,cj-317,10,
cj-318,cangjie,5,318,Lesson 318,第318課,M;T;I;R;U;Y;G;O;C;V;F;K,M;T;I;R;Y;G;O;V;F,C;F;G;I;K;M;O;R;T;U;V;Y,u5f09,弉,U+5F09,,,VGT,VT,zong6,"large, powerful, stout, thick",1,2,6,2,0.8,12,cj-317,10,
cj-318,cangjie,5,318,Lesson 318,第318課,M;T;I;R;U;Y;G;O;C;V;F;K,M;T;I;R;Y;G;O;V;F,C;F;G;I;K;M;O;R;T;U;V;Y,u5f0a,弊,U+5F0A,,,FKT,FT,bai6,"evil, wrong, bad; criminal",1,2,6,2,0.8,12,cj-317,10,
cj-319,cangjie,5,319,Lesson 319,第319課,I;P;M;K;D;C;N;L,I;P;M;K;N;L,C;D;I;K;L;M;N;P,u5f0b,弋,U+5F0B,,,IP,IP,jik6,"catch, arrest; shoot with bow",1,2,6,2,0.8,12,cj-318,10,
cj-319,cangjie,5,319,Lesson 319,第319課,I;P;M;K;D;C;N;L,I;P;M;K;N;L,C;D;I;K;L;M;N;P,u5f0c,弌,U+5F0C,,,IPM,IM,jat1,number one,1,2,6,2,0.8,12,cj-318,10,
cj-319,cangjie,5,319,Lesson 319,第319課,I;P;M;K;D;C;N;L,I;P;M;K;N;L,C;D;I;K;L;M;N;P,u5f0d,弍,U+5F0D,,,IPMM,IM,ji6,number two,1,2,6,2,0.8,12,cj-318,10,
cj-319,cangjie,5,319,Lesson 319,第319課,I;P;M;K;D;C;N;L,I;P;M;K;N;L,C;D;I;K;L;M;N;P,u5f0e,弎,U+5F0E,,,IPMMM,IM,saam1,three,1,2,6,2,0.8,12,cj-318,10,
cj-319,cangjie,5,319,Lesson 319,第319課,I;P;M;K;D;C;N;L,I;P;M;K;N;L,C;D;I;K;L;M;N;P,u5f0f,式,U+5F0F,,,IPM,IM,sik1,"style, system, formula, rule",1,2,6,2,0.8,12,cj-318,10,
cj-319,cangjie,5,319,Lesson 319,第319課,I;P;M;K;D;C;N;L,I;P;M;K;N;L,C;D;I;K;L;M;N;P,u5f10,弐,U+5F10,,,MPMM,MM,ji6,number two,1,2,6,2,0.8,12,cj-318,10,
cj-319,cangjie,5,319,Lesson 319,第319課,I;P;M;K;D;C;N;L,I;P;M;K;N;L,C;D;I;K;L;M;N;P,u5f11,弑,U+5F11,,,KDIPM,KM,si3,to kill one's superior,1,2,6,2,0.8,12,cj-318,10,
cj-319,cangjie,5,319,Lesson 319,第319課,I;P;M;K;D;C;N;L,I;P;M;K;N;L,C;D;I;K;L;M;N;P,u5f12,弒,U+5F12,,,KCIPM,KM,si3,to kill one's superior,1,2,6,2,0.8,12,cj-318,10,
cj-319,cangjie,5,319,Lesson 319,第319課,I;P;M;K;D;C;N;L,I;P;M;K;N;L,C;D;I;K;L;M;N;P,u5f13,弓,U+5F13,,,N,N,gung1,"bow; curved, arched; Kangxi radical 57",1,2,6,2,0.8,12,cj-318,10,
cj-319,cangjie,5,319,Lesson 319,第319課,I;P;M;K;D;C;N;L,I;P;M;K;N;L,C;D;I;K;L;M;N;P,u5f14,弔,U+5F14,,,NL,NL,diu3,"condole, mourn, pity; hang",1,2,6,2,0.8,12,cj-318,10,
cj-320,cangjie,5,320,Lesson 320,第320課,N;L;M;I;P;D;A;U;C;H;O;E,N;L;M;I;D;U;C;H;O;E,A;C;D;E;H;I;L;M;N;O;P;U,u5f15,引,U+5F15,,,NL,NL,jan5,"to pull, draw out, attract; to stretch",1,2,6,2,0.8,12,cj-319,10,
cj-320,cangjie,5,320,Lesson 320,第320課,N;L;M;I;P;D;A;U;C;H;O;E,N;L;M;I;D;U;C;H;O;E,A;C;D;E;H;I;L;M;N;O;P;U,u5f16,弖,U+5F16,,,NM,NM,gung1,phonetic for 'te' (Japanese),1,2,6,2,0.8,12,cj-319,10,
cj-320,cangjie,5,320,Lesson 320,第320課,N;L;M;I;P;D;A;U;C;H;O;E,N;L;M;I;D;U;C;H;O;E,A;C;D;E;H;I;L;M;N;O;P;U,u5f17,弗,U+5F17,,,LLN,LN,fat1,"not, negative",1,2,6,2,0.8,12,cj-319,10,
cj-320,cangjie,5,320,Lesson 320,第320課,N;L;M;I;P;D;A;U;C;H;O;E,N;L;M;I;D;U;C;H;O;E,A;C;D;E;H;I;L;M;N;O;P;U,u5f18,弘,U+5F18,,,NI,NI,wang4,"enlarge, expand; liberal, great",1,2,6,2,0.8,12,cj-319,10,
cj-320,cangjie,5,320,Lesson 320,第320課,N;L;M;I;P;D;A;U;C;H;O;E,N;L;M;I;D;U;C;H;O;E,A;C;D;E;H;I;L;M;N;O;P;U,u5f1b,弛,U+5F1B,,,NPD,ND,ci4,"loosen, relax, unstring a bow",1,2,6,2,0.8,12,cj-319,10,
cj-320,cangjie,5,320,Lesson 320,第320課,N;L;M;I;P;D;A;U;C;H;O;E,N;L;M;I;D;U;C;H;O;E,A;C;D;E;H;I;L;M;N;O;P;U,u5f1d,弝,U+5F1D,,,NAU,NU,baa3,the part of a bow grasped when shooting,1,2,6,2,0.8,12,cj-319,10,
cj-320,cangjie,5,320,Lesson 320,第320課,N;L;M;I;P;D;A;U;C;H;O;E,N;L;M;I;D;U;C;H;O;E,A;C;D;E;H;I;L;M;N;O;P;U,u5f1f,弟,U+5F1F,,,CNLH,CH,dai6,"young brother; junior; I, me",1,2,6,2,0.8,12,cj-319,10,
cj-320,cangjie,5,320,Lesson 320,第320課,N;L;M;I;P;D;A;U;C;H;O;E,N;L;M;I;D;U;C;H;O;E,A;C;D;E;H;I;L;M;N;O;P;U,u5f20,张,U+5F20,,,NPO,NO,zoeng1,"stretch, extend, expand; sheet",1,2,6,2,0.8,12,cj-319,10,
cj-320,cangjie,5,320,Lesson 320,第320課,N;L;M;I;P;D;A;U;C;H;O;E,N;L;M;I;D;U;C;H;O;E,A;C;D;E;H;I;L;M;N;O;P;U,u5f22,弢,U+5F22,,,NUE,NE,tou1,bow case; scabbard; sheathe,1,2,6,2,0.8,12,cj-319,10,
cj-320,cangjie,5,320,Lesson 320,第320課,N;L;M;I;P;D;A;U;C;H;O;E,N;L;M;I;D;U;C;H;O;E,A;C;D;E;H;I;L;M;N;O;P;U,u5f23,弣,U+5F23,,,NODI,NI,fu2,middle,1,2,6,2,0.8,12,cj-319,10,
cj-321,cangjie,5,321,Lesson 321,第321課,N;H;P;M;F;Y;V;I;O;S;R;E;J;Q;C,N;M;F;I;O;R;V;J;Y,C;E;F;H;I;J;M;N;O;P;Q;R;S;V;Y,u5f24,弤,U+5F24,,,NHPM,NM,dai2,bow,1,2,6,2,0.8,12,cj-320,10,
cj-321,cangjie,5,321,Lesson 321,第321課,N;H;P;M;F;Y;V;I;O;S;R;E;J;Q;C,N;M;F;I;O;R;V;J;Y,C;E;F;H;I;J;M;N;O;P;Q;R;S;V;Y,u5f25,弥,U+5F25,,,NNF,NF,nei4,"extensive, full; fill; complete",1,2,6,2,0.8,12,cj-320,10,
cj-321,cangjie,5,321,Lesson 321,第321課,N;H;P;M;F;Y;V;I;O;S;R;E;J;Q;C,N;M;F;I;O;R;V;J;Y,C;E;F;H;I;J;M;N;O;P;Q;R;S;V;Y,u5f26,弦,U+5F26,,,NYVI,NI,jin4,"string; hypotenuse, crescent",1,2,6,2,0.8,12,cj-320,10,
cj-321,cangjie,5,321,Lesson 321,第321課,N;H;P;M;F;Y;V;I;O;S;R;E;J;Q;C,N;M;F;I;O;R;V;J;Y,C;E;F;H;I;J;M;N;O;P;Q;R;S;V;Y,u5f27,弧,U+5F27,,,NHVO,NO,wu4,"wooden bow; arc, crescent",1,2,6,2,0.8,12,cj-320,10,
cj-321,cangjie,5,321,Lesson 321,第321課,N;H;P;M;F;Y;V;I;O;S;R;E;J;Q;C,N;M;F;I;O;R;V;J;Y,C;E;F;H;I;J;M;N;O;P;Q;R;S;V;Y,u5f28,弨,U+5F28,,,NSHR,NR,ciu1,bow,1,2,6,2,0.8,12,cj-320,10,
cj-321,cangjie,5,321,Lesson 321,第321課,N;H;P;M;F;Y;V;I;O;S;R;E;J;Q;C,N;M;F;I;O;R;V;J;Y,C;E;F;H;I;J;M;N;O;P;Q;R;S;V;Y,u5f29,弩,U+5F29,,,VEN,VN,nou5,"cross-bow, bow; downward stroke",1,2,6,2,0.8,12,cj-320,10,
cj-321,cangjie,5,321,Lesson 321,第321課,N;H;P;M;F;Y;V;I;O;S;R;E;J;Q;C,N;M;F;I;O;R;V;J;Y,C;E;F;H;I;J;M;N;O;P;Q;R;S;V;Y,u5f2a,弪,U+5F2A,,,NNOM,NM,ging3,circular measure,1,2,6,2,0.8,12,cj-320,10,
cj-321,cangjie,5,321,Lesson 321,第321課,N;H;P;M;F;Y;V;I;O;S;R;E;J;Q;C,N;M;F;I;O;R;V;J;Y,C;E;F;H;I;J;M;N;O;P;Q;R;S;V;Y,u5f2d,弭,U+5F2D,,,NSJ,NJ,mai5,"stop, desist, end, quell",1,2,6,2,0.8,12,cj-320,10,
cj-321,cangjie,5,321,Lesson 321,第321課,N;H;P;M;F;Y;V;I;O;S;R;E;J;Q;C,N;M;F;I;O;R;V;J;Y,C;E;F;H;I;J;M;N;O;P;Q;R;S;V;Y,u5f2e,弮,U+5F2E,,,FQN,FN,hyun1,a crossbow which discharged several bolts in succession,1,2,6,2,0.8,12,cj-320,10,
cj-321,cangjie,5,321,Lesson 321,第321課,N;H;P;M;F;Y;V;I;O;S;R;E;J;Q;C,N;M;F;I;O;R;V;J;Y,C;E;F;H;I;J;M;N;O;P;Q;R;S;V;Y,u5f2f,弯,U+5F2F,,,YCN,YN,waan1,"bend, curve",1,2,6,2,0.8,12,cj-320,10,
cj-322,cangjie,5,322,Lesson 322,第322課,N;F;B;M;I;V;Y;R;D;S;L;C;W;J,N;B;M;D;V;F;I;J,B;C;D;F;I;J;L;M;N;R;S;V;W;Y,u5f30,弰,U+5F30,,,NFB,NB,saau1,ends of bow,1,2,6,2,0.8,12,cj-321,10,
cj-322,cangjie,5,322,Lesson 322,第322課,N;F;B;M;I;V;Y;R;D;S;L;C;W;J,N;B;M;D;V;F;I;J,B;C;D;F;I;J;L;M;N;R;S;V;W;Y,u5f31,弱,U+5F31,,,NMNIM,NM,joek6,"weak; fragile, delicate",1,2,6,2,0.8,12,cj-321,10,
cj-322,cangjie,5,322,Lesson 322,第322課,N;F;B;M;I;V;Y;R;D;S;L;C;W;J,N;B;M;D;V;F;I;J,B;C;D;F;I;J;L;M;N;R;S;V;W;Y,u5f33,弳,U+5F33,,,NMVM,NM,ging3,circular measure,1,2,6,2,0.8,12,cj-321,10,
cj-322,cangjie,5,322,Lesson 322,第322課,N;F;B;M;I;V;Y;R;D;S;L;C;W;J,N;B;M;D;V;F;I;J,B;C;D;F;I;J;L;M;N;R;S;V;W;Y,u5f34,弴,U+5F34,,,NYRD,ND,diu1,red lacquer bow,1,2,6,2,0.8,12,cj-321,10,
cj-322,cangjie,5,322,Lesson 322,第322課,N;F;B;M;I;V;Y;R;D;S;L;C;W;J,N;B;M;D;V;F;I;J,B;C;D;F;I;J;L;M;N;R;S;V;W;Y,u5f35,張,U+5F35,,,NSMV,NV,zoeng1,"stretch, extend, expand; sheet; 26th lunar mansion, determinative star υ¹ Hydrae",1,2,6,2,0.8,12,cj-321,10,
cj-322,cangjie,5,322,Lesson 322,第322課,N;F;B;M;I;V;Y;R;D;S;L;C;W;J,N;B;M;D;V;F;I;J,B;C;D;F;I;J;L;M;N;R;S;V;W;Y,u5f36,弶,U+5F36,,,NYRF,NF,koeng6,a snare,1,2,6,2,0.8,12,cj-321,10,
cj-322,cangjie,5,322,Lesson 322,第322課,N;F;B;M;I;V;Y;R;D;S;L;C;W;J,N;B;M;D;V;F;I;J,B;C;D;F;I;J;L;M;N;R;S;V;W;Y,u5f37,強,U+5F37,,,NILI,NI,koeng4,"strong, powerful, energetic",1,2,6,2,0.8,12,cj-321,10,
cj-322,cangjie,5,322,Lesson 322,第322課,N;F;B;M;I;V;Y;R;D;S;L;C;W;J,N;B;M;D;V;F;I;J,B;C;D;F;I;J;L;M;N;R;S;V;W;Y,u5f38,弸,U+5F38,,,NBB,NB,paang4,a bow stretched to the full; tensely drawn,1,2,6,2,0.8,12,cj-321,10,
cj-322,cangjie,5,322,Lesson 322,第322課,N;F;B;M;I;V;Y;R;D;S;L;C;W;J,N;B;M;D;V;F;I;J,B;C;D;F;I;J;L;M;N;R;S;V;W;Y,u5f39,弹,U+5F39,,,NCWJ,NJ,daan6,"pellet, bullet, shot, shell",1,2,6,2,0.8,12,cj-321,10,
cj-322,cangjie,5,322,Lesson 322,第322課,N;F;B;M;I;V;Y;R;D;S;L;C;W;J,N;B;M;D;V;F;I;J,B;C;D;F;I;J;L;M;N;R;S;V;W;Y,u5f3a,强,U+5F3A,,,NRLI,NI,koeng4,"strong, powerful, energetic",1,2,6,2,0.8,12,cj-321,10,
cj-323,cangjie,5,323,Lesson 323,第323課,N;M;A;F;W;J;G;H;E;T;C;O;K;S;R;B,N;J;G;E;T;K;R;F;M;B,A;B;C;E;F;G;H;J;K;M;N;O;R;S;T;W,u5f3c,弼,U+5F3C,,,NMAN,NN,bat6,"aid, assist, help; correct",1,2,6,2,0.8,12,cj-322,10,
cj-323,cangjie,5,323,Lesson 323,第323課,N;M;A;F;W;J;G;H;E;T;C;O;K;S;R;B,N;J;G;E;T;K;R;F;M;B,A;B;C;E;F;G;H;J;K;M;N;O;R;S;T;W,u5f3e,弾,U+5F3E,,,NFWJ,NJ,daan6,"(variant of 彈) a pellet, bullet, shot, shell",1,2,6,2,0.8,12,cj-322,10,
cj-323,cangjie,5,323,Lesson 323,第323課,N;M;A;F;W;J;G;H;E;T;C;O;K;S;R;B,N;J;G;E;T;K;R;F;M;B,A;B;C;E;F;G;H;J;K;M;N;O;R;S;T;W,u5f40,彀,U+5F40,,,GNHNE,GE,gau3,"enough, adequate fully, quite",1,2,6,2,0.8,12,cj-322,10,
cj-323,cangjie,5,323,Lesson 323,第323課,N;M;A;F;W;J;G;H;E;T;C;O;K;S;R;B,N;J;G;E;T;K;R;F;M;B,A;B;C;E;F;G;H;J;K;M;N;O;R;S;T;W,u5f42,彂,U+5F42,,,TCNOK,TK,faat3,"issue, dispatch, send out, emit",1,2,6,2,0.8,12,cj-322,10,
cj-323,cangjie,5,323,Lesson 323,第323課,N;M;A;F;W;J;G;H;E;T;C;O;K;S;R;B,N;J;G;E;T;K;R;F;M;B,A;B;C;E;F;G;H;J;K;M;N;O;R;S;T;W,u5f43,彃,U+5F43,,,NWTJ,NJ,bat1,to shoot,1,2,6,2,0.8,12,cj-322,10,
cj-323,cangjie,5,323,Lesson 323,第323課,N;M;A;F;W;J;G;H;E;T;C;O;K;S;R;B,N;J;G;E;T;K;R;F;M;B,A;B;C;E;F;G;H;J;K;M;N;O;R;S;T;W,u5f44,彄,U+5F44,,,NSRR,NR,kau1,nock at end of bow; stretch,1,2,6,2,0.8,12,cj-322,10,
cj-323,cangjie,5,323,Lesson 323,第323課,N;M;A;F;W;J;G;H;E;T;C;O;K;S;R;B,N;J;G;E;T;K;R;F;M;B,A;B;C;E;F;G;H;J;K;M;N;O;R;S;T;W,u5f46,彆,U+5F46,,,FKN,FN,bit3,awkward,1,2,6,2,0.8,12,cj-322,10,
cj-323,cangjie,5,323,Lesson 323,第323課,N;M;A;F;W;J;G;H;E;T;C;O;K;S;R;B,N;J;G;E;T;K;R;F;M;B,A;B;C;E;F;G;H;J;K;M;N;O;R;S;T;W,u5f48,彈,U+5F48,,,NRRJ,NJ,daan6,"pellet, bullet, shot, shell",1,2,6,2,0.8,12,cj-322,10,
cj-323,cangjie,5,323,Lesson 323,第323課,N;M;A;F;W;J;G;H;E;T;C;O;K;S;R;B,N;J;G;E;T;K;R;F;M;B,A;B;C;E;F;G;H;J;K;M;N;O;R;S;T;W,u5f4a,彊,U+5F4A,,,NMWM,NM,goeng1,"stubborn, uncompromising",1,2,6,2,0.8,12,cj-322,10,
cj-323,cangjie,5,323,Lesson 323,第323課,N;M;A;F;W;J;G;H;E;T;C;O;K;S;R;B,N;J;G;E;T;K;R;F;M;B,A;B;C;E;F;G;H;J;K;M;N;O;R;S;T;W,u5f4c,彌,U+5F4C,,,NMFB,NB,nei4,"extensive, full; fill; complete",1,2,6,2,0.8,12,cj-322,10,
cj-324,cangjie,5,324,Lesson 324,第324課,N;I;T;C;V;F;S;M;L;E;O;Q;J,N;C;V;S;M;L;F;E;O;Q,C;E;F;I;J;L;M;N;O;Q;S;T;V,u5f4d,彍,U+5F4D,,,NITC,NC,kwok3,to draw a bow to the full,1,2,6,2,0.8,12,cj-323,10,
cj-324,cangjie,5,324,Lesson 324,第324課,N;I;T;C;V;F;S;M;L;E;O;Q;J,N;C;V;S;M;L;F;E;O;Q,C;E;F;I;J;L;M;N;O;Q;S;T;V,u5f4e,彎,U+5F4E,,,VFN,VN,waan1,"bend, curve",1,2,6,2,0.8,12,cj-323,10,
cj-324,cangjie,5,324,Lesson 324,第324課,N;I;T;C;V;F;S;M;L;E;O;Q;J,N;C;V;S;M;L;F;E;O;Q,C;E;F;I;J;L;M;N;O;Q;S;T;V,u5f50,彐,U+5F50,,,SM,SM,gai3,snout; Kangxi radical 58,1,2,6,2,0.8,12,cj-323,10,
cj-324,cangjie,5,324,Lesson 324,第324課,N;I;T;C;V;F;S;M;L;E;O;Q;J,N;C;V;S;M;L;F;E;O;Q,C;E;F;I;J;L;M;N;O;Q;S;T;V,u5f51,彑,U+5F51,,,VNM,VM,gai3,snout; Kangxi radical 58,1,2,6,2,0.8,12,cj-323,10,
cj-324,cangjie,5,324,Lesson 324,第324課,N;I;T;C;V;F;S;M;L;E;O;Q;J,N;C;V;S;M;L;F;E;O;Q,C;E;F;I;J;L;M;N;O;Q;S;T;V,u5f52,归,U+5F52,,,LLSM,LM,gwai1,"return; return to, revert to",1,2,6,2,0.8,12,cj-323,10,
cj-324,cangjie,5,324,Lesson 324,第324課,N;I;T;C;V;F;S;M;L;E;O;Q;J,N;C;V;S;M;L;F;E;O;Q,C;E;F;I;J;L;M;N;O;Q;S;T;V,u5f53,当,U+5F53,,,FSM,FM,dong1,"bear, accept, undertake; just",1,2,6,2,0.8,12,cj-323,10,
cj-324,cangjie,5,324,Lesson 324,第324課,N;I;T;C;V;F;S;M;L;E;O;Q;J,N;C;V;S;M;L;F;E;O;Q,C;E;F;I;J;L;M;N;O;Q;S;T;V,u5f54,彔,U+5F54,,,VNME,VE,luk6,to carve wood,1,2,6,2,0.8,12,cj-323,10,
cj-324,cangjie,5,324,Lesson 324,第324課,N;I;T;C;V;F;S;M;L;E;O;Q;J,N;C;V;S;M;L;F;E;O;Q,C;E;F;I;J;L;M;N;O;Q;S;T;V,u5f55,录,U+5F55,,,NMME,NE,luk6,"copy, write down, record",1,2,6,2,0.8,12,cj-323,10,
cj-324,cangjie,5,324,Lesson 324,第324課,N;I;T;C;V;F;S;M;L;E;O;Q;J,N;C;V;S;M;L;F;E;O;Q,C;E;F;I;J;L;M;N;O;Q;S;T;V,u5f56,彖,U+5F56,,,VNMO,VO,teon3,a hog; a hedgehog; a porcupine,1,2,6,2,0.8,12,cj-323,10,
cj-324,cangjie,5,324,Lesson 324,第324課,N;I;T;C;V;F;S;M;L;E;O;Q;J,N;C;V;S;M;L;F;E;O;Q,C;E;F;I;J;L;M;N;O;Q;S;T;V,u5f57,彗,U+5F57,,,QJSM,QM,wai6,broomstick; comet,1,2,6,2,0.8,12,cj-323,10,
cj-325,cangjie,5,325,Lesson 325,第325課,V;M;P;O;B;W;D;N;F;H;T;S;I;E,V;P;D;N;T;S;E;H,B;D;E;F;H;I;M;N;O;P;S;T;V;W,u5f58,彘,U+5F58,,,VMPOP,VP,zi6,swine,1,2,6,2,0.8,12,cj-324,10,
cj-325,cangjie,5,325,Lesson 325,第325課,V;M;P;O;B;W;D;N;F;H;T;S;I;E,V;P;D;N;T;S;E;H,B;D;E;F;H;I;M;N;O;P;S;T;V;W,u5f59,彙,U+5F59,,,VMBWD,VD,wai6,"collect, compile, assemble; hedgehog",1,2,6,2,0.8,12,cj-324,10,
cj-325,cangjie,5,325,Lesson 325,第325課,V;M;P;O;B;W;D;N;F;H;T;S;I;E,V;P;D;N;T;S;E;H,B;D;E;F;H;I;M;N;O;P;S;T;V;W,u5f5a,彚,U+5F5A,,,NMBWD,ND,wai6,"collect, compile, assemble; hedgehog",1,2,6,2,0.8,12,cj-324,10,
cj-325,cangjie,5,325,Lesson 325,第325課,V;M;P;O;B;W;D;N;F;H;T;S;I;E,V;P;D;N;T;S;E;H,B;D;E;F;H;I;M;N;O;P;S;T;V;W,u5f5b,彛,U+5F5B,,,NMFHT,NT,ji4,"Yi (nationality); tripod, wine vessel; rule",1,2,6,2,0.8,12,cj-324,10,
cj-325,cangjie,5,325,Lesson 325,第325課,V;M;P;O;B;W;D;N;F;H;T;S;I;E,V;P;D;N;T;S;E;H,B;D;E;F;H;I;M;N;O;P;S;T;V;W,u5f5c,彜,U+5F5C,,,VMFHT,VT,ji4,"Yi (nationality); tripod, wine vessel; rule",1,2,6,2,0.8,12,cj-324,10,
cj-325,cangjie,5,325,Lesson 325,第325課,V;M;P;O;B;W;D;N;F;H;T;S;I;E,V;P;D;N;T;S;E;H,B;D;E;F;H;I;M;N;O;P;S;T;V;W,u5f5d,彝,U+5F5D,,,VMFFT,VT,ji4,"Yi (nationality); tripod, wine vessel; rule",1,2,6,2,0.8,12,cj-324,10,
cj-325,cangjie,5,325,Lesson 325,第325課,V;M;P;O;B;W;D;N;F;H;T;S;I;E,V;P;D;N;T;S;E;H,B;D;E;F;H;I;M;N;O;P;S;T;V;W,u5f5e,彞,U+5F5E,,,NMFFT,NT,ji4,yi; tripod,1,2,6,2,0.8,12,cj-324,10,
cj-325,cangjie,5,325,Lesson 325,第325課,V;M;P;O;B;W;D;N;F;H;T;S;I;E,V;P;D;N;T;S;E;H,B;D;E;F;H;I;M;N;O;P;S;T;V;W,u5f5f,彟,U+5F5F,,,SITOE,SE,wok6,"scale, standard",1,2,6,2,0.8,12,cj-324,10,
cj-325,cangjie,5,325,Lesson 325,第325課,V;M;P;O;B;W;D;N;F;H;T;S;I;E,V;P;D;N;T;S;E;H,B;D;E;F;H;I;M;N;O;P;S;T;V;W,u5f60,彠,U+5F60,,,SITOE,SE,wok6,"scale, standard",1,2,6,2,0.8,12,cj-324,10,
cj-325,cangjie,5,325,Lesson 325,第325課,V;M;P;O;B;W;D;N;F;H;T;S;I;E,V;P;D;N;T;S;E;H,B;D;E;F;H;I;M;N;O;P;S;T;V;W,u5f61,彡,U+5F61,,,HHH,HH,saam1,hair; Kangxi radical 59,1,2,6,2,0.8,12,cj-324,10,
cj-326,cangjie,5,326,Lesson 326,第326課,M;T;H;B;Y;K;I;R;D;N,M;H;B;Y;I;D,B;D;H;I;K;M;N;R;T;Y,u5f62,形,U+5F62,,,MTHHH,MH,jing4,"form, shape, appearance",1,2,6,2,0.8,12,cj-325,10,
cj-326,cangjie,5,326,Lesson 326,第326課,M;T;H;B;Y;K;I;R;D;N,M;H;B;Y;I;D,B;D;H;I;K;M;N;R;T;Y,u5f64,彤,U+5F64,,,BYHHH,BH,tung4,"red, vermilion",1,2,6,2,0.8,12,cj-325,10,
cj-326,cangjie,5,326,Lesson 326,第326課,M;T;H;B;Y;K;I;R;D;N,M;H;B;Y;I;D,B;D;H;I;K;M;N;R;T;Y,u5f65,彥,U+5F65,,,YKMHH,YH,jin6,"elegant, handsome; learned",1,2,6,2,0.8,12,cj-325,10,
cj-326,cangjie,5,326,Lesson 326,第326課,M;T;H;B;Y;K;I;R;D;N,M;H;B;Y;I;D,B;D;H;I;K;M;N;R;T;Y,u5f66,彦,U+5F66,,,YHHHH,YH,jin6,elegant,1,2,6,2,0.8,12,cj-325,10,
cj-326,cangjie,5,326,Lesson 326,第326課,M;T;H;B;Y;K;I;R;D;N,M;H;B;Y;I;D,B;D;H;I;K;M;N;R;T;Y,u5f67,彧,U+5F67,,,IKRM,IM,juk1,"refined, cultured, polished",1,2,6,2,0.8,12,cj-325,10,
cj-326,cangjie,5,326,Lesson 326,第326課,M;T;H;B;Y;K;I;R;D;N,M;H;B;Y;I;D,B;D;H;I;K;M;N;R;T;Y,u5f68,彨,U+5F68,,,MBHHH,MH,ci1,yellow dragon,1,2,6,2,0.8,12,cj-325,10,
cj-326,cangjie,5,326,Lesson 326,第326課,M;T;H;B;Y;K;I;R;D;N,M;H;B;Y;I;D,B;D;H;I;K;M;N;R;T;Y,u5f69,彩,U+5F69,,,BDHHH,BH,coi2,"hue, color; variegated colors",1,2,6,2,0.8,12,cj-325,10,
cj-326,cangjie,5,326,Lesson 326,第326課,M;T;H;B;Y;K;I;R;D;N,M;H;B;Y;I;D,B;D;H;I;K;M;N;R;T;Y,u5f6a,彪,U+5F6A,,,YNHHH,YH,biu1,tiger; tiger stripes; tiger-like,1,2,6,2,0.8,12,cj-325,10,
cj-326,cangjie,5,326,Lesson 326,第326課,M;T;H;B;Y;K;I;R;D;N,M;H;B;Y;I;D,B;D;H;I;K;M;N;R;T;Y,u5f6b,彫,U+5F6B,,,BRHHH,BH,diu1,"carve, decorate; emaciated",1,2,6,2,0.8,12,cj-325,10,
cj-326,cangjie,5,326,Lesson 326,第326課,M;T;H;B;Y;K;I;R;D;N,M;H;B;Y;I;D,B;D;H;I;K;M;N;R;T;Y,u5f6c,彬,U+5F6C,,,DDHH,DH,ban1,"cultivated, well-bred",1,2,6,2,0.8,12,cj-325,10,
cj-327,cangjie,5,327,Lesson 327,第327課,G;T;H;Y;J;A;F;M;P;O;I;S;C;N;E,G;H;Y;A;M;O;I;S;E,A;C;E;F;G;H;I;J;M;N;O;P;S;T;Y,u5f6d,彭,U+5F6D,,,GTHHH,GH,paang4,name of ancient country; surname,1,2,6,2,0.8,12,cj-326,10,
cj-327,cangjie,5,327,Lesson 327,第327課,G;T;H;Y;J;A;F;M;P;O;I;S;C;N;E,G;H;Y;A;M;O;I;S;E,A;C;E;F;G;H;I;J;M;N;O;P;S;T;Y,u5f70,彰,U+5F70,,,YJHHH,YH,zoeng1,"clear, manifest, obvious",1,2,6,2,0.8,12,cj-326,10,
cj-327,cangjie,5,327,Lesson 327,第327課,G;T;H;Y;J;A;F;M;P;O;I;S;C;N;E,G;H;Y;A;M;O;I;S;E,A;C;E;F;G;H;I;J;M;N;O;P;S;T;Y,u5f71,影,U+5F71,,,AFHHH,AH,jing2,"shadow; image, reflection; photograph",1,2,6,2,0.8,12,cj-326,10,
cj-327,cangjie,5,327,Lesson 327,第327課,G;T;H;Y;J;A;F;M;P;O;I;S;C;N;E,G;H;Y;A;M;O;I;S;E,A;C;E;F;G;H;I;J;M;N;O;P;S;T;Y,u5f72,彲,U+5F72,,,MPHHH,MH,ci1,yellow dragon,1,2,6,2,0.8,12,cj-326,10,
cj-327,cangjie,5,327,Lesson 327,第327課,G;T;H;Y;J;A;F;M;P;O;I;S;C;N;E,G;H;Y;A;M;O;I;S;E,A;C;E;F;G;H;I;J;M;N;O;P;S;T;Y,u5f73,彳,U+5F73,,,HO,HO,cik1,step with left foot; rad. no 60,1,2,6,2,0.8,12,cj-326,10,
cj-327,cangjie,5,327,Lesson 327,第327課,G;T;H;Y;J;A;F;M;P;O;I;S;C;N;E,G;H;Y;A;M;O;I;S;E,A;C;E;F;G;H;I;J;M;N;O;P;S;T;Y,u5f74,彴,U+5F74,,,HOPI,HI,zoek3,bridge,1,2,6,2,0.8,12,cj-326,10,
cj-327,cangjie,5,327,Lesson 327,第327課,G;T;H;Y;J;A;F;M;P;O;I;S;C;N;E,G;H;Y;A;M;O;I;S;E,A;C;E;F;G;H;I;J;M;N;O;P;S;T;Y,u5f77,彷,U+5F77,,,HOYHS,HS,pong4,"like, resembling; resemble",1,2,6,2,0.8,12,cj-326,10,
cj-327,cangjie,5,327,Lesson 327,第327課,G;T;H;Y;J;A;F;M;P;O;I;S;C;N;E,G;H;Y;A;M;O;I;S;E,A;C;E;F;G;H;I;J;M;N;O;P;S;T;Y,u5f78,彸,U+5F78,,,HOCI,HI,zung1,"restless, agitated",1,2,6,2,0.8,12,cj-326,10,
cj-327,cangjie,5,327,Lesson 327,第327課,G;T;H;Y;J;A;F;M;P;O;I;S;C;N;E,G;H;Y;A;M;O;I;S;E,A;C;E;F;G;H;I;J;M;N;O;P;S;T;Y,u5f79,役,U+5F79,,,HOHNE,HE,jik6,"service; a servant, laborer; to serve",1,2,6,2,0.8,12,cj-326,10,
cj-327,cangjie,5,327,Lesson 327,第327課,G;T;H;Y;J;A;F;M;P;O;I;S;C;N;E,G;H;Y;A;M;O;I;S;E,A;C;E;F;G;H;I;J;M;N;O;P;S;T;Y,u5f7b,彻,U+5F7B,,,HOPSH,HH,cit3,"penetrate, pervade; penetrating",1,2,6,2,0.8,12,cj-326,10,
cj-328,cangjie,5,328,Lesson 328,第328課,H;O;D;E;L;N;Y;G;M;B;Q;I;P;A;V,H;E;N;G;M;I;A;V,A;B;D;E;G;H;I;L;M;N;O;P;Q;V;Y,u5f7c,彼,U+5F7C,,,HODHE,HE,bei2,"that, there, those",1,2,6,2,0.8,12,cj-327,10,
cj-328,cangjie,5,328,Lesson 328,第328課,H;O;D;E;L;N;Y;G;M;B;Q;I;P;A;V,H;E;N;G;M;I;A;V,A;B;D;E;G;H;I;L;M;N;O;P;Q;V;Y,u5f7f,彿,U+5F7F,,,HOLLN,HN,fat1,"resembling, like, as if",1,2,6,2,0.8,12,cj-327,10,
cj-328,cangjie,5,328,Lesson 328,第328課,H;O;D;E;L;N;Y;G;M;B;Q;I;P;A;V,H;E;N;G;M;I;A;V,A;B;D;E;G;H;I;L;M;N;O;P;Q;V;Y,u5f80,往,U+5F80,,,HOYG,HG,wong5,"go, depart; past, formerly",1,2,6,2,0.8,12,cj-327,10,
cj-328,cangjie,5,328,Lesson 328,第328課,H;O;D;E;L;N;Y;G;M;B;Q;I;P;A;V,H;E;N;G;M;I;A;V,A;B;D;E;G;H;I;L;M;N;O;P;Q;V;Y,u5f81,征,U+5F81,,,HOMYM,HM,zing1,"invade, attack, conquer",1,2,6,2,0.8,12,cj-327,10,
cj-328,cangjie,5,328,Lesson 328,第328課,H;O;D;E;L;N;Y;G;M;B;Q;I;P;A;V,H;E;N;G;M;I;A;V,A;B;D;E;G;H;I;L;M;N;O;P;Q;V;Y,u5f82,徂,U+5F82,,,HOBM,HM,cou4,"go, advance; to; die",1,2,6,2,0.8,12,cj-327,10,
cj-328,cangjie,5,328,Lesson 328,第328課,H;O;D;E;L;N;Y;G;M;B;Q;I;P;A;V,H;E;N;G;M;I;A;V,A;B;D;E;G;H;I;L;M;N;O;P;Q;V;Y,u5f83,徃,U+5F83,,,HOHQM,HM,wong5,"go, depart; past, formerly",1,2,6,2,0.8,12,cj-327,10,
cj-328,cangjie,5,328,Lesson 328,第328課,H;O;D;E;L;N;Y;G;M;B;Q;I;P;A;V,H;E;N;G;M;I;A;V,A;B;D;E;G;H;I;L;M;N;O;P;Q;V;Y,u5f84,径,U+5F84,,,HONOM,HM,ging3,narrow path; diameter; direct,1,2,6,2,0.8,12,cj-327,10,
cj-328,cangjie,5,328,Lesson 328,第328課,H;O;D;E;L;N;Y;G;M;B;Q;I;P;A;V,H;E;N;G;M;I;A;V,A;B;D;E;G;H;I;L;M;N;O;P;Q;V;Y,u5f85,待,U+5F85,,,HOGDI,HI,doi6,"treat, entertain, receive; wait",1,2,6,2,0.8,12,cj-327,10,
cj-328,cangjie,5,328,Lesson 328,第328課,H;O;D;E;L;N;Y;G;M;B;Q;I;P;A;V,H;E;N;G;M;I;A;V,A;B;D;E;G;H;I;L;M;N;O;P;Q;V;Y,u5f87,徇,U+5F87,,,HOPA,HA,seon1,"comply with, follow; display",1,2,6,2,0.8,12,cj-327,10,
cj-328,cangjie,5,328,Lesson 328,第328課,H;O;D;E;L;N;Y;G;M;B;Q;I;P;A;V,H;E;N;G;M;I;A;V,A;B;D;E;G;H;I;L;M;N;O;P;Q;V;Y,u5f88,很,U+5F88,,,HOAV,HV,han2,"very, quite, much",1,2,6,2,0.8,12,cj-327,10,
cj-329,cangjie,5,329,Lesson 329,第329課,H;O;T;Q;W;R;L;V;I;E;M;D;G;Y;A,H;Q;R;E;D;M;O;T;I,A;D;E;G;H;I;L;M;O;Q;R;T;V;W;Y,u5f89,徉,U+5F89,,,HOTQ,HQ,joeng4,"wonder, rove, stray; hesitating",1,2,6,2,0.8,12,cj-328,10,
cj-329,cangjie,5,329,Lesson 329,第329課,H;O;T;Q;W;R;L;V;I;E;M;D;G;Y;A,H;Q;R;E;D;M;O;T;I,A;D;E;G;H;I;L;M;O;Q;R;T;V;W;Y,u5f8a,徊,U+5F8A,,,HOWR,HR,wui4,"linger, walk to and fro, hesitate",1,2,6,2,0.8,12,cj-328,10,
cj-329,cangjie,5,329,Lesson 329,第329課,H;O;T;Q;W;R;L;V;I;E;M;D;G;Y;A,H;Q;R;E;D;M;O;T;I,A;D;E;G;H;I;L;M;O;Q;R;T;V;W;Y,u5f8b,律,U+5F8B,,,HOLQ,HQ,leot6,"statute, principle, regulation",1,2,6,2,0.8,12,cj-328,10,
cj-329,cangjie,5,329,Lesson 329,第329課,H;O;T;Q;W;R;L;V;I;E;M;D;G;Y;A,H;Q;R;E;D;M;O;T;I,A;D;E;G;H;I;L;M;O;Q;R;T;V;W;Y,u5f8c,後,U+5F8C,,,HOVIE,HE,hau6,"behind, rear, after; descendents",1,2,6,2,0.8,12,cj-328,10,
cj-329,cangjie,5,329,Lesson 329,第329課,H;O;T;Q;W;R;L;V;I;E;M;D;G;Y;A,H;Q;R;E;D;M;O;T;I,A;D;E;G;H;I;L;M;O;Q;R;T;V;W;Y,u5f90,徐,U+5F90,,,HOOMD,HD,ceoi4,"slowly, quietly, calmly; composed, dignified",1,2,6,2,0.8,12,cj-328,10,
cj-329,cangjie,5,329,Lesson 329,第329課,H;O;T;Q;W;R;L;V;I;E;M;D;G;Y;A,H;Q;R;E;D;M;O;T;I,A;D;E;G;H;I;L;M;O;Q;R;T;V;W;Y,u5f91,徑,U+5F91,,,HOMVM,HM,ging3,narrow path; diameter; direct,1,2,6,2,0.8,12,cj-328,10,
cj-329,cangjie,5,329,Lesson 329,第329課,H;O;T;Q;W;R;L;V;I;E;M;D;G;Y;A,H;Q;R;E;D;M;O;T;I,A;D;E;G;H;I;L;M;O;Q;R;T;V;W;Y,u5f92,徒,U+5F92,,,HOGYO,HO,tou4,"disciple, follower; go on foot",1,2,6,2,0.8,12,cj-328,10,
cj-329,cangjie,5,329,Lesson 329,第329課,H;O;T;Q;W;R;L;V;I;E;M;D;G;Y;A,H;Q;R;E;D;M;O;T;I,A;D;E;G;H;I;L;M;O;Q;R;T;V;W;Y,u5f93,従,U+5F93,,,HOTYO,HO,cung4,"from, by, since, whence, through",1,2,6,2,0.8,12,cj-328,10,
cj-329,cangjie,5,329,Lesson 329,第329課,H;O;T;Q;W;R;L;V;I;E;M;D;G;Y;A,H;Q;R;E;D;M;O;T;I,A;D;E;G;H;I;L;M;O;Q;R;T;V;W;Y,u5f95,徕,U+5F95,,,HODT,HT,loi4,"induce, encourage to come",1,2,6,2,0.8,12,cj-328,10,
cj-329,cangjie,5,329,Lesson 329,第329課,H;O;T;Q;W;R;L;V;I;E;M;D;G;Y;A,H;Q;R;E;D;M;O;T;I,A;D;E;G;H;I;L;M;O;Q;R;T;V;W;Y,u5f97,得,U+5F97,,,HOAMI,HI,dak1,"obtain, get, gain, acquire",1,2,6,2,0.8,12,cj-328,10,
cj-330,cangjie,5,330,Lesson 330,第330課,H;O;L;M;Y;K;R;F;B;D;N;Q;S;A;G,H;Y;O;R;L;Q;B;G,A;B;D;F;G;H;K;L;M;N;O;Q;R;S;Y,u5f98,徘,U+5F98,,,HOLMY,HY,pui4,"walk back and forth, hesitate",1,2,6,2,0.8,12,cj-329,10,
cj-330,cangjie,5,330,Lesson 330,第330課,H;O;L;M;Y;K;R;F;B;D;N;Q;S;A;G,H;Y;O;R;L;Q;B;G,A;B;D;F;G;H;K;L;M;N;O;Q;R;S;Y,u5f99,徙,U+5F99,,,HOYLO,HO,saai2,"move one's abode, shift, migrate",1,2,6,2,0.8,12,cj-329,10,
cj-330,cangjie,5,330,Lesson 330,第330課,H;O;L;M;Y;K;R;F;B;D;N;Q;S;A;G,H;Y;O;R;L;Q;B;G,A;B;D;F;G;H;K;L;M;N;O;Q;R;S;Y,u5f9b,徛,U+5F9B,,,HOKMR,HR,gei6,to cross over,1,2,6,2,0.8,12,cj-329,10,
cj-330,cangjie,5,330,Lesson 330,第330課,H;O;L;M;Y;K;R;F;B;D;N;Q;S;A;G,H;Y;O;R;L;Q;B;G,A;B;D;F;G;H;K;L;M;N;O;Q;R;S;Y,u5f9c,徜,U+5F9C,,,HOFBR,HR,soeng4,walking and fro; lingering,1,2,6,2,0.8,12,cj-329,10,
cj-330,cangjie,5,330,Lesson 330,第330課,H;O;L;M;Y;K;R;F;B;D;N;Q;S;A;G,H;Y;O;R;L;Q;B;G,A;B;D;F;G;H;K;L;M;N;O;Q;R;S;Y,u5f9e,從,U+5F9E,,,HOOOO,HO,cung4,"from, by, since, whence, through",1,2,6,2,0.8,12,cj-329,10,
cj-330,cangjie,5,330,Lesson 330,第330課,H;O;L;M;Y;K;R;F;B;D;N;Q;S;A;G,H;Y;O;R;L;Q;B;G,A;B;D;F;G;H;K;L;M;N;O;Q;R;S;Y,u5fa0,徠,U+5FA0,,,HODOO,HO,loi4,"induce, encourage to come",1,2,6,2,0.8,12,cj-329,10,
cj-330,cangjie,5,330,Lesson 330,第330課,H;O;L;M;Y;K;R;F;B;D;N;Q;S;A;G,H;Y;O;R;L;Q;B;G,A;B;D;F;G;H;K;L;M;N;O;Q;R;S;Y,u5fa1,御,U+5FA1,,,HOOML,HL,jyu6,"drive, ride; chariot; manage",1,2,6,2,0.8,12,cj-329,10,
cj-330,cangjie,5,330,Lesson 330,第330課,H;O;L;M;Y;K;R;F;B;D;N;Q;S;A;G,H;Y;O;R;L;Q;B;G,A;B;D;F;G;H;K;L;M;N;O;Q;R;S;Y,u5fa4,徤,U+5FA4,,,HONKQ,HQ,gin6,"strong, robust; to strengthen",1,2,6,2,0.8,12,cj-329,10,
cj-330,cangjie,5,330,Lesson 330,第330課,H;O;L;M;Y;K;R;F;B;D;N;Q;S;A;G,H;Y;O;R;L;Q;B;G,A;B;D;F;G;H;K;L;M;N;O;Q;R;S;Y,u5fa7,徧,U+5FA7,,,HOHSB,HB,pin3,"everywhere, all over, all around",1,2,6,2,0.8,12,cj-329,10,
cj-330,cangjie,5,330,Lesson 330,第330課,H;O;L;M;Y;K;R;F;B;D;N;Q;S;A;G,H;Y;O;R;L;Q;B;G,A;B;D;F;G;H;K;L;M;N;O;Q;R;S;Y,u5fa8,徨,U+5FA8,,,HOHAG,HG,wong4,"doubtful, irresolute, vacillating",1,2,6,2,0.8,12,cj-329,10,
cj-331,cangjie,5,331,Lesson 331,第331課,H;O;A;E;J;U;Y;B;S;N;K;V;W;P;G,H;E;U;S;K;P,A;B;E;G;H;J;K;N;O;P;S;U;V;W;Y,u5fa9,復,U+5FA9,,,HOOAE,HE,fuk6,return; repeat; repeatedly; hexagram ䷗,1,2,6,2,0.8,12,cj-330,10,
cj-331,cangjie,5,331,Lesson 331,第331課,H;O;A;E;J;U;Y;B;S;N;K;V;W;P;G,H;E;U;S;K;P,A;B;E;G;H;J;K;N;O;P;S;U;V;W;Y,u5faa,循,U+5FAA,,,HOHJU,HU,ceon4,"obey, comply with, follow",1,2,6,2,0.8,12,cj-330,10,
cj-331,cangjie,5,331,Lesson 331,第331課,H;O;A;E;J;U;Y;B;S;N;K;V;W;P;G,H;E;U;S;K;P,A;B;E;G;H;J;K;N;O;P;S;U;V;W;Y,u5fac,徬,U+5FAC,,,HOYBS,HS,pong4,"to wander about, walk along side of; to be next to",1,2,6,2,0.8,12,cj-330,10,
cj-331,cangjie,5,331,Lesson 331,第331課,H;O;A;E;J;U;Y;B;S;N;K;V;W;P;G,H;E;U;S;K;P,A;B;E;G;H;J;K;N;O;P;S;U;V;W;Y,u5fad,徭,U+5FAD,,,HOBOU,HU,jiu4,"conscript labor, compulsory labor",1,2,6,2,0.8,12,cj-330,10,
cj-331,cangjie,5,331,Lesson 331,第331課,H;O;A;E;J;U;Y;B;S;N;K;V;W;P;G,H;E;U;S;K;P,A;B;E;G;H;J;K;N;O;P;S;U;V;W;Y,u5fae,微,U+5FAE,,,HOUNK,HK,mei4,"small, prefix micro-, trifling",1,2,6,2,0.8,12,cj-330,10,
cj-331,cangjie,5,331,Lesson 331,第331課,H;O;A;E;J;U;Y;B;S;N;K;V;W;P;G,H;E;U;S;K;P,A;B;E;G;H;J;K;N;O;P;S;U;V;W;Y,u5faf,徯,U+5FAF,,,HOBVK,HK,hai4,"wait for, await, expect, hope",1,2,6,2,0.8,12,cj-330,10,
cj-331,cangjie,5,331,Lesson 331,第331課,H;O;A;E;J;U;Y;B;S;N;K;V;W;P;G,H;E;U;S;K;P,A;B;E;G;H;J;K;N;O;P;S;U;V;W;Y,u5fb3,徳,U+5FB3,,,HOJWP,HP,dak1,virtue; ethics,1,2,6,2,0.8,12,cj-330,10,
cj-331,cangjie,5,331,Lesson 331,第331課,H;O;A;E;J;U;Y;B;S;N;K;V;W;P;G,H;E;U;S;K;P,A;B;E;G;H;J;K;N;O;P;S;U;V;W;Y,u5fb4,徴,U+5FB4,,,HOUGK,HK,zing1,summon,1,2,6,2,0.8,12,cj-330,10,
cj-331,cangjie,5,331,Lesson 331,第331課,H;O;A;E;J;U;Y;B;S;N;K;V;W;P;G,H;E;U;S;K;P,A;B;E;G;H;J;K;N;O;P;S;U;V;W;Y,u5fb5,徵,U+5FB5,,,HOUGK,HK,zi2,"summon, recruit; musical note",1,2,6,2,0.8,12,cj-330,10,
cj-331,cangjie,5,331,Lesson 331,第331課,H;O;A;E;J;U;Y;B;S;N;K;V;W;P;G,H;E;U;S;K;P,A;B;E;G;H;J;K;N;O;P;S;U;V;W;Y,u5fb7,德,U+5FB7,,,HOJWP,HP,dak1,"ethics, morality, virtue",1,2,6,2,0.8,12,cj-330,10,
cj-332,cangjie,5,332,Lesson 332,第332課,H;O;Y;B;K;M;A;S;U;F;R;V;P;N,H;K;A;V;P;Y;N,A;B;F;H;K;M;N;O;P;R;S;U;V;Y,u5fb9,徹,U+5FB9,,,HOYBK,HK,cit3,"penetrate, pervade; penetrating",1,2,6,2,0.8,12,cj-331,10,
cj-332,cangjie,5,332,Lesson 332,第332課,H;O;Y;B;K;M;A;S;U;F;R;V;P;N,H;K;A;V;P;Y;N,A;B;F;H;K;M;N;O;P;R;S;U;V;Y,u5fbb,徻,U+5FBB,,,HOOMA,HA,wai3,a wide room,1,2,6,2,0.8,12,cj-331,10,
cj-332,cangjie,5,332,Lesson 332,第332課,H;O;Y;B;K;M;A;S;U;F;R;V;P;N,H;K;A;V;P;Y;N,A;B;F;H;K;M;N;O;P;R;S;U;V;Y,u5fbc,徼,U+5FBC,,,HOHSK,HK,hiu1,"frontier, border; inspect, patrol",1,2,6,2,0.8,12,cj-331,10,
cj-332,cangjie,5,332,Lesson 332,第332課,H;O;Y;B;K;M;A;S;U;F;R;V;P;N,H;K;A;V;P;Y;N,A;B;F;H;K;M;N;O;P;R;S;U;V;Y,u5fbd,徽,U+5FBD,,,HOUFK,HK,fai1,"a badge, insignia",1,2,6,2,0.8,12,cj-331,10,
cj-332,cangjie,5,332,Lesson 332,第332課,H;O;Y;B;K;M;A;S;U;F;R;V;P;N,H;K;A;V;P;Y;N,A;B;F;H;K;M;N;O;P;R;S;U;V;Y,u5fc0,忀,U+5FC0,,,HOYRV,HV,soeng1,to stroll; to ramble,1,2,6,2,0.8,12,cj-331,10,
cj-332,cangjie,5,332,Lesson 332,第332課,H;O;Y;B;K;M;A;S;U;F;R;V;P;N,H;K;A;V;P;Y;N,A;B;F;H;K;M;N;O;P;R;S;U;V;Y,u5fc3,心,U+5FC3,,,P,P,sam1,"heart; mind, intelligence; soul; 5th lunar mansion, determinative star α Scorpii (Antares)",1,2,6,2,0.8,12,cj-331,10,
cj-332,cangjie,5,332,Lesson 332,第332課,H;O;Y;B;K;M;A;S;U;F;R;V;P;N,H;K;A;V;P;Y;N,A;B;F;H;K;M;N;O;P;R;S;U;V;Y,u5fc4,忄,U+5FC4,,,HY,HY,syu6,heart; radical number 61,1,2,6,2,0.8,12,cj-331,10,
cj-332,cangjie,5,332,Lesson 332,第332課,H;O;Y;B;K;M;A;S;U;F;R;V;P;N,H;K;A;V;P;Y;N,A;B;F;H;K;M;N;O;P;R;S;U;V;Y,u5fc5,必,U+5FC5,,,PH,PH,bit1,"surely, most certainly; must",1,2,6,2,0.8,12,cj-331,10,
cj-332,cangjie,5,332,Lesson 332,第332課,H;O;Y;B;K;M;A;S;U;F;R;V;P;N,H;K;A;V;P;Y;N,A;B;F;H;K;M;N;O;P;R;S;U;V;Y,u5fc6,忆,U+5FC6,,,PN,PN,jik1,"remember, reflect upon; memory",1,2,6,2,0.8,12,cj-331,10,
cj-332,cangjie,5,332,Lesson 332,第332課,H;O;Y;B;K;M;A;S;U;F;R;V;P;N,H;K;A;V;P;Y;N,A;B;F;H;K;M;N;O;P;R;S;U;V;Y,u5fc9,忉,U+5FC9,,,PSH,PH,dou1,grieved; distressed in mind,1,2,6,2,0.8,12,cj-331,10,
cj-333,cangjie,5,333,Lesson 333,第333課,P;S;U;I;H;J;Y;M;D;G,P;U;S;J;Y;M;I;G,D;G;H;I;J;M;P;S;U;Y,u5fcb,忋,U+5FCB,,,PSU,PU,goi2,to rely on; look up to,1,2,6,2,0.8,12,cj-332,10,
cj-333,cangjie,5,333,Lesson 333,第333課,P;S;U;I;H;J;Y;M;D;G,P;U;S;J;Y;M;I;G,D;G;H;I;J;M;P;S;U;Y,u5fcc,忌,U+5FCC,,,SUP,SP,gei6,"jealous, envious; fear",1,2,6,2,0.8,12,cj-332,10,
cj-333,cangjie,5,333,Lesson 333,第333課,P;S;U;I;H;J;Y;M;D;G,P;U;S;J;Y;M;I;G,D;G;H;I;J;M;P;S;U;Y,u5fcd,忍,U+5FCD,,,SIP,SP,jan2,"endure, bear, suffer; forbear",1,2,6,2,0.8,12,cj-332,10,
cj-333,cangjie,5,333,Lesson 333,第333課,P;S;U;I;H;J;Y;M;D;G,P;U;S;J;Y;M;I;G,D;G;H;I;J;M;P;S;U;Y,u5fcf,忏,U+5FCF,,,PHJ,PJ,caam3,"regret, repent; confess sins",1,2,6,2,0.8,12,cj-332,10,
cj-333,cangjie,5,333,Lesson 333,第333課,P;S;U;I;H;J;Y;M;D;G,P;U;S;J;Y;M;I;G,D;G;H;I;J;M;P;S;U;Y,u5fd0,忐,U+5FD0,,,YMP,YP,taan2,timorous; nervous,1,2,6,2,0.8,12,cj-332,10,
cj-333,cangjie,5,333,Lesson 333,第333課,P;S;U;I;H;J;Y;M;D;G,P;U;S;J;Y;M;I;G,D;G;H;I;J;M;P;S;U;Y,u5fd1,忑,U+5FD1,,,MYP,MP,tik1,fearful; nervous; timid,1,2,6,2,0.8,12,cj-332,10,
cj-333,cangjie,5,333,Lesson 333,第333課,P;S;U;I;H;J;Y;M;D;G,P;U;S;J;Y;M;I;G,D;G;H;I;J;M;P;S;U;Y,u5fd2,忒,U+5FD2,,,IPP,IP,tik1,excessive; too; very-usually of objectionable things; to err; to mistake; changeable,1,2,6,2,0.8,12,cj-332,10,
cj-333,cangjie,5,333,Lesson 333,第333課,P;S;U;I;H;J;Y;M;D;G,P;U;S;J;Y;M;I;G,D;G;H;I;J;M;P;S;U;Y,u5fd3,忓,U+5FD3,,,PMJ,PJ,gon1,concerned about,1,2,6,2,0.8,12,cj-332,10,
cj-333,cangjie,5,333,Lesson 333,第333課,P;S;U;I;H;J;Y;M;D;G,P;U;S;J;Y;M;I;G,D;G;H;I;J;M;P;S;U;Y,u5fd6,忖,U+5FD6,,,PDI,PI,cyun2,"guess, suppose, conjecture",1,2,6,2,0.8,12,cj-332,10,
cj-333,cangjie,5,333,Lesson 333,第333課,P;S;U;I;H;J;Y;M;D;G,P;U;S;J;Y;M;I;G,D;G;H;I;J;M;P;S;U;Y,u5fd7,志,U+5FD7,,,GP,GP,zi3,"purpose, will, determination; annals",1,2,6,2,0.8,12,cj-332,10,
cj-334,cangjie,5,334,Lesson 334,第334課,Y;V;P;I;H;K;L;O;J;U;C,Y;P;V;I;H;K;L;J;U;C,C;H;I;J;K;L;O;P;U;V;Y,u5fd8,忘,U+5FD8,,,YVP,YP,mong4,"forget; neglect; miss, omit",1,2,6,2,0.8,12,cj-333,10,
cj-334,cangjie,5,334,Lesson 334,第334課,Y;V;P;I;H;K;L;O;J;U;C,Y;P;V;I;H;K;L;J;U;C,C;H;I;J;K;L;O;P;U;V;Y,u5fd9,忙,U+5FD9,,,PYV,PV,mong4,"busy, pressed for time; hustling",1,2,6,2,0.8,12,cj-333,10,
cj-334,cangjie,5,334,Lesson 334,第334課,Y;V;P;I;H;K;L;O;J;U;C,Y;P;V;I;H;K;L;J;U;C,C;H;I;J;K;L;O;P;U;V;Y,u5fdc,応,U+5FDC,,,IP,IP,jing3,"should, ought to, must",1,2,6,2,0.8,12,cj-333,10,
cj-334,cangjie,5,334,Lesson 334,第334課,Y;V;P;I;H;K;L;O;J;U;C,Y;P;V;I;H;K;L;J;U;C,C;H;I;J;K;L;O;P;U;V;Y,u5fdd,忝,U+5FDD,,,HKP,HP,tim2,disgraced; ashamed; self-deprecating,1,2,6,2,0.8,12,cj-333,10,
cj-334,cangjie,5,334,Lesson 334,第334課,Y;V;P;I;H;K;L;O;J;U;C,Y;P;V;I;H;K;L;J;U;C,C;H;I;J;K;L;O;P;U;V;Y,u5fdf,忟,U+5FDF,,,PYK,PK,man4,"(Cant.) impatient, restless",1,2,6,2,0.8,12,cj-333,10,
cj-334,cangjie,5,334,Lesson 334,第334課,Y;V;P;I;H;K;L;O;J;U;C,Y;P;V;I;H;K;L;J;U;C,C;H;I;J;K;L;O;P;U;V;Y,u5fe0,忠,U+5FE0,,,LP,LP,zung1,"loyalty, devotion, fidelity",1,2,6,2,0.8,12,cj-333,10,
cj-334,cangjie,5,334,Lesson 334,第334課,Y;V;P;I;H;K;L;O;J;U;C,Y;P;V;I;H;K;L;J;U;C,C;H;I;J;K;L;O;P;U;V;Y,u5fe1,忡,U+5FE1,,,PL,PL,cung1,"a sad, uneasy countenance",1,2,6,2,0.8,12,cj-333,10,
cj-334,cangjie,5,334,Lesson 334,第334課,Y;V;P;I;H;K;L;O;J;U;C,Y;P;V;I;H;K;L;J;U;C,C;H;I;J;K;L;O;P;U;V;Y,u5fe4,忤,U+5FE4,,,POJ,PJ,ng5,"insubordinate, stubborn; wrong",1,2,6,2,0.8,12,cj-333,10,
cj-334,cangjie,5,334,Lesson 334,第334課,Y;V;P;I;H;K;L;O;J;U;C,Y;P;V;I;H;K;L;J;U;C,C;H;I;J;K;L;O;P;U;V;Y,u5fe7,忧,U+5FE7,,,PIKU,PU,jau1,"sad, grieved; grief, melancholy",1,2,6,2,0.8,12,cj-333,10,
cj-334,cangjie,5,334,Lesson 334,第334課,Y;V;P;I;H;K;L;O;J;U;C,Y;P;V;I;H;K;L;J;U;C,C;H;I;J;K;L;O;P;U;V;Y,u5fe9,忩,U+5FE9,,,CIP,CP,cung1,"(same as 怱) hastily, in haste, hurriedly",1,2,6,2,0.8,12,cj-333,10,
cj-335,cangjie,5,335,Lesson 335,第335課,P;C;I;D;K;Y;J;E;N;L;B;U;O;G,P;I;K;Y;E;J;U;O;G,B;C;D;E;G;I;J;K;L;N;O;P;U;Y,u5fea,忪,U+5FEA,,,PCI,PI,zung1,"quiet, calm, tranquil, peaceful",1,2,6,2,0.8,12,cj-334,10,
cj-335,cangjie,5,335,Lesson 335,第335課,P;C;I;D;K;Y;J;E;N;L;B;U;O;G,P;I;K;Y;E;J;U;O;G,B;C;D;E;G;I;J;K;L;N;O;P;U;Y,u5feb,快,U+5FEB,,,PDK,PK,faai3,"rapid, quick, speedy, fast; soon",1,2,6,2,0.8,12,cj-334,10,
cj-335,cangjie,5,335,Lesson 335,第335課,P;C;I;D;K;Y;J;E;N;L;B;U;O;G,P;I;K;Y;E;J;U;O;G,B;C;D;E;G;I;J;K;L;N;O;P;U;Y,u5fed,忭,U+5FED,,,PYY,PY,bin6,delighted; pleased,1,2,6,2,0.8,12,cj-334,10,
cj-335,cangjie,5,335,Lesson 335,第335課,P;C;I;D;K;Y;J;E;N;L;B;U;O;G,P;I;K;Y;E;J;U;O;G,B;C;D;E;G;I;J;K;L;N;O;P;U;Y,u5fee,忮,U+5FEE,,,PJE,PE,zi3,stubborn; perverse; aggressive,1,2,6,2,0.8,12,cj-334,10,
cj-335,cangjie,5,335,Lesson 335,第335課,P;C;I;D;K;Y;J;E;N;L;B;U;O;G,P;I;K;Y;E;J;U;O;G,B;C;D;E;G;I;J;K;L;N;O;P;U;Y,u5ff0,忰,U+5FF0,,,PKNJ,PJ,seoi6,"suffer, become emaciated, haggard",1,2,6,2,0.8,12,cj-334,10,
cj-335,cangjie,5,335,Lesson 335,第335課,P;C;I;D;K;Y;J;E;N;L;B;U;O;G,P;I;K;Y;E;J;U;O;G,B;C;D;E;G;I;J;K;L;N;O;P;U;Y,u5ff1,忱,U+5FF1,,,PLBU,PU,sam4,"truth, sincerity; sincere",1,2,6,2,0.8,12,cj-334,10,
cj-335,cangjie,5,335,Lesson 335,第335課,P;C;I;D;K;Y;J;E;N;L;B;U;O;G,P;I;K;Y;E;J;U;O;G,B;C;D;E;G;I;J;K;L;N;O;P;U;Y,u5ff2,忲,U+5FF2,,,PKI,PI,taai3,extravagant,1,2,6,2,0.8,12,cj-334,10,
cj-335,cangjie,5,335,Lesson 335,第335課,P;C;I;D;K;Y;J;E;N;L;B;U;O;G,P;I;K;Y;E;J;U;O;G,B;C;D;E;G;I;J;K;L;N;O;P;U;Y,u5ff5,念,U+5FF5,,,OINP,OP,nim6,"think of, recall, study",1,2,6,2,0.8,12,cj-334,10,
cj-335,cangjie,5,335,Lesson 335,第335課,P;C;I;D;K;Y;J;E;N;L;B;U;O;G,P;I;K;Y;E;J;U;O;G,B;C;D;E;G;I;J;K;L;N;O;P;U;Y,u5ff7,忷,U+5FF7,,,PUK,PK,hung1,"(variant of 恟) scared, nervous",1,2,6,2,0.8,12,cj-334,10,
cj-335,cangjie,5,335,Lesson 335,第335課,P;C;I;D;K;Y;J;E;N;L;B;U;O;G,P;I;K;Y;E;J;U;O;G,B;C;D;E;G;I;J;K;L;N;O;P;U;Y,u5ff8,忸,U+5FF8,,,PNG,PG,nau2,"blush, be bashful, be ashamed",1,2,6,2,0.8,12,cj-334,10,
cj-336,cangjie,5,336,Lesson 336,第336課,P;N;O;H;M;L;Y;C;S;F;K;I;U,P;O;L;N;C;F;K;U,C;F;H;I;K;L;M;N;O;P;S;U;Y,u5ffa,忺,U+5FFA,,,PNO,PO,him1,happy,1,2,6,2,0.8,12,cj-335,10,
cj-336,cangjie,5,336,Lesson 336,第336課,P;N;O;H;M;L;Y;C;S;F;K;I;U,P;O;L;N;C;F;K;U,C;F;H;I;K;L;M;N;O;P;S;U;Y,u5ffb,忻,U+5FFB,,,PHML,PL,jan1,"delightful, joyful, pleasant",1,2,6,2,0.8,12,cj-335,10,
cj-336,cangjie,5,336,Lesson 336,第336課,P;N;O;H;M;L;Y;C;S;F;K;I;U,P;O;L;N;C;F;K;U,C;F;H;I;K;L;M;N;O;P;S;U;Y,u5ffc,忼,U+5FFC,,,PYHN,PN,kong2,"ardent; generous, magnanimous",1,2,6,2,0.8,12,cj-335,10,
cj-336,cangjie,5,336,Lesson 336,第336課,P;N;O;H;M;L;Y;C;S;F;K;I;U,P;O;L;N;C;F;K;U,C;F;H;I;K;L;M;N;O;P;S;U;Y,u5ffd,忽,U+5FFD,,,PHP,PP,fat1,"suddenly, abruptly; neglect",1,2,6,2,0.8,12,cj-335,10,
cj-336,cangjie,5,336,Lesson 336,第336課,P;N;O;H;M;L;Y;C;S;F;K;I;U,P;O;L;N;C;F;K;U,C;F;H;I;K;L;M;N;O;P;S;U;Y,u5ffe,忾,U+5FFE,,,POMN,PN,koi3,"anger, wrath, hatred, enmity",1,2,6,2,0.8,12,cj-335,10,
cj-336,cangjie,5,336,Lesson 336,第336課,P;N;O;H;M;L;Y;C;S;F;K;I;U,P;O;L;N;C;F;K;U,C;F;H;I;K;L;M;N;O;P;S;U;Y,u5fff,忿,U+5FFF,,,CSHP,CP,fan5,"get angry; fury, exasperation",1,2,6,2,0.8,12,cj-335,10,
cj-336,cangjie,5,336,Lesson 336,第336課,P;N;O;H;M;L;Y;C;S;F;K;I;U,P;O;L;N;C;F;K;U,C;F;H;I;K;L;M;N;O;P;S;U;Y,u6000,怀,U+6000,,,PMF,PF,waai4,"bosom, breast; carry in bosom",1,2,6,2,0.8,12,cj-335,10,
cj-336,cangjie,5,336,Lesson 336,第336課,P;N;O;H;M;L;Y;C;S;F;K;I;U,P;O;L;N;C;F;K;U,C;F;H;I;K;L;M;N;O;P;S;U;Y,u6001,态,U+6001,,,KIP,KP,taai3,"manner, bearing, attitude",1,2,6,2,0.8,12,cj-335,10,
cj-336,cangjie,5,336,Lesson 336,第336課,P;N;O;H;M;L;Y;C;S;F;K;I;U,P;O;L;N;C;F;K;U,C;F;H;I;K;L;M;N;O;P;S;U;Y,u6002,怂,U+6002,,,OOP,OP,sung2,"instigate, arouse, incite",1,2,6,2,0.8,12,cj-335,10,
cj-336,cangjie,5,336,Lesson 336,第336課,P;N;O;H;M;L;Y;C;S;F;K;I;U,P;O;L;N;C;F;K;U,C;F;H;I;K;L;M;N;O;P;S;U;Y,u6003,怃,U+6003,,,PMKU,PU,mou5,"regretful, disappointed",1,2,6,2,0.8,12,cj-335,10,
cj-337,cangjie,5,337,Lesson 337,第337課,P;S;K;O;U;H;R;M;F;L;B;V;E,P;K;O;U;R;M;S;V,B;E;F;H;K;L;M;O;P;R;S;U;V,u6004,怄,U+6004,,,PSK,PK,au3,annoyed,1,2,6,2,0.8,12,cj-336,10,
cj-337,cangjie,5,337,Lesson 337,第337課,P;S;K;O;U;H;R;M;F;L;B;V;E,P;K;O;U;R;M;S;V,B;E;F;H;K;L;M;O;P;R;S;U;V,u6005,怅,U+6005,,,PPO,PO,coeng3,"disappointed, dissatisfied",1,2,6,2,0.8,12,cj-336,10,
cj-337,cangjie,5,337,Lesson 337,第337課,P;S;K;O;U;H;R;M;F;L;B;V;E,P;K;O;U;R;M;S;V,B;E;F;H;K;L;M;O;P;R;S;U;V,u6006,怆,U+6006,,,POSU,PU,cong3,"sad, broken-hearted, disconsolate",1,2,6,2,0.8,12,cj-336,10,
cj-337,cangjie,5,337,Lesson 337,第337課,P;S;K;O;U;H;R;M;F;L;B;V;E,P;K;O;U;R;M;S;V,B;E;F;H;K;L;M;O;P;R;S;U;V,u600a,怊,U+600A,,,PSHR,PR,ciu1,"sad, disappointed",1,2,6,2,0.8,12,cj-336,10,
cj-337,cangjie,5,337,Lesson 337,第337課,P;S;K;O;U;H;R;M;F;L;B;V;E,P;K;O;U;R;M;S;V,B;E;F;H;K;L;M;O;P;R;S;U;V,u600c,怌,U+600C,,,PMFM,PM,pei1,bosom; to carry in the bosom; to cherish,1,2,6,2,0.8,12,cj-336,10,
cj-337,cangjie,5,337,Lesson 337,第337課,P;S;K;O;U;H;R;M;F;L;B;V;E,P;K;O;U;R;M;S;V,B;E;F;H;K;L;M;O;P;R;S;U;V,u600d,怍,U+600D,,,POS,PS,zok6,to be ashamed,1,2,6,2,0.8,12,cj-336,10,
cj-337,cangjie,5,337,Lesson 337,第337課,P;S;K;O;U;H;R;M;F;L;B;V;E,P;K;O;U;R;M;S;V,B;E;F;H;K;L;M;O;P;R;S;U;V,u600e,怎,U+600E,,,OSP,OP,zam2,what? why? how?,1,2,6,2,0.8,12,cj-336,10,
cj-337,cangjie,5,337,Lesson 337,第337課,P;S;K;O;U;H;R;M;F;L;B;V;E,P;K;O;U;R;M;S;V,B;E;F;H;K;L;M;O;P;R;S;U;V,u600f,怏,U+600F,,,PLBK,PK,joeng2,"discontented, dispirited, sad",1,2,6,2,0.8,12,cj-336,10,
cj-337,cangjie,5,337,Lesson 337,第337課,P;S;K;O;U;H;R;M;F;L;B;V;E,P;K;O;U;R;M;S;V,B;E;F;H;K;L;M;O;P;R;S;U;V,u6010,怐,U+6010,,,PPR,PR,kau3,(Cant.) 怐豆 to stare,1,2,6,2,0.8,12,cj-336,10,
cj-337,cangjie,5,337,Lesson 337,第337課,P;S;K;O;U;H;R;M;F;L;B;V;E,P;K;O;U;R;M;S;V,B;E;F;H;K;L;M;O;P;R;S;U;V,u6012,怒,U+6012,,,VEP,VP,nou6,"anger, rage, passion; angry",1,2,6,2,0.8,12,cj-336,10,
cj-338,cangjie,5,338,Lesson 338,第338課,P;V;E;M;Y;H;A;K;L;B;R;J;O;I;W,P;E;M;A;B;R;I;W,A;B;E;H;I;J;K;L;M;O;P;R;V;W;Y,u6013,怓,U+6013,,,PVE,PE,naau4,confusion; a braggart,1,2,6,2,0.8,12,cj-337,10,
cj-338,cangjie,5,338,Lesson 338,第338課,P;V;E;M;Y;H;A;K;L;B;R;J;O;I;W,P;E;M;A;B;R;I;W,A;B;E;H;I;J;K;L;M;O;P;R;V;W;Y,u6014,怔,U+6014,,,PMYM,PM,zing1,a disease resembling neurosis,1,2,6,2,0.8,12,cj-337,10,
cj-338,cangjie,5,338,Lesson 338,第338課,P;V;E;M;Y;H;A;K;L;B;R;J;O;I;W,P;E;M;A;B;R;I;W,A;B;E;H;I;J;K;L;M;O;P;R;V;W;Y,u6015,怕,U+6015,,,PHA,PA,paa3,"to fear, be afraid of; apprehensive",1,2,6,2,0.8,12,cj-337,10,
cj-338,cangjie,5,338,Lesson 338,第338課,P;V;E;M;Y;H;A;K;L;B;R;J;O;I;W,P;E;M;A;B;R;I;W,A;B;E;H;I;J;K;L;M;O;P;R;V;W;Y,u6016,怖,U+6016,,,PKLB,PB,bou3,"terror, fear; frighten; terrified",1,2,6,2,0.8,12,cj-337,10,
cj-338,cangjie,5,338,Lesson 338,第338課,P;V;E;M;Y;H;A;K;L;B;R;J;O;I;W,P;E;M;A;B;R;I;W,A;B;E;H;I;J;K;L;M;O;P;R;V;W;Y,u6017,怗,U+6017,,,PYR,PR,tip3,observant; peaceful; submissive,1,2,6,2,0.8,12,cj-337,10,
cj-338,cangjie,5,338,Lesson 338,第338課,P;V;E;M;Y;H;A;K;L;B;R;J;O;I;W,P;E;M;A;B;R;I;W,A;B;E;H;I;J;K;L;M;O;P;R;V;W;Y,u6019,怙,U+6019,,,PJR,PR,wu6,"rely on, presume on; persist in",1,2,6,2,0.8,12,cj-337,10,
cj-338,cangjie,5,338,Lesson 338,第338課,P;V;E;M;Y;H;A;K;L;B;R;J;O;I;W,P;E;M;A;B;R;I;W,A;B;E;H;I;J;K;L;M;O;P;R;V;W;Y,u601a,怚,U+601A,,,PBM,PM,zeoi6,"dull, stupid, suspicious",1,2,6,2,0.8,12,cj-337,10,
cj-338,cangjie,5,338,Lesson 338,第338課,P;V;E;M;Y;H;A;K;L;B;R;J;O;I;W,P;E;M;A;B;R;I;W,A;B;E;H;I;J;K;L;M;O;P;R;V;W;Y,u601b,怛,U+601B,,,PAM,PM,daat3,"grieved, saddened; worried",1,2,6,2,0.8,12,cj-337,10,
cj-338,cangjie,5,338,Lesson 338,第338課,P;V;E;M;Y;H;A;K;L;B;R;J;O;I;W,P;E;M;A;B;R;I;W,A;B;E;H;I;J;K;L;M;O;P;R;V;W;Y,u601c,怜,U+601C,,,POII,PI,lin4,"pity, sympathize",1,2,6,2,0.8,12,cj-337,10,
cj-338,cangjie,5,338,Lesson 338,第338課,P;V;E;M;Y;H;A;K;L;B;R;J;O;I;W,P;E;M;A;B;R;I;W,A;B;E;H;I;J;K;L;M;O;P;R;V;W;Y,u601d,思,U+601D,,,WP,WP,si1,"think, consider, ponder; final particle",1,2,6,2,0.8,12,cj-337,10,
cj-339,cangjie,5,339,Lesson 339,第339課,I;R;P;N;M;F;J;H;Q;U;S;E;G;L,I;P;R;N;J;M;G;H,E;F;G;H;I;J;L;M;N;P;Q;R;S;U,u6020,怠,U+6020,,,IRP,IP,toi5,"idle, remiss, negligent; neglect",1,2,6,2,0.8,12,cj-338,10,
cj-339,cangjie,5,339,Lesson 339,第339課,I;R;P;N;M;F;J;H;Q;U;S;E;G;L,I;P;R;N;J;M;G;H,E;F;G;H;I;J;L;M;N;P;Q;R;S;U,u6021,怡,U+6021,,,PIR,PR,ji4,"harmony; pleasure, joy; be glad",1,2,6,2,0.8,12,cj-338,10,
cj-339,cangjie,5,339,Lesson 339,第339課,I;R;P;N;M;F;J;H;Q;U;S;E;G;L,I;P;R;N;J;M;G;H,E;F;G;H;I;J;L;M;N;P;Q;R;S;U,u6025,急,U+6025,,,NMP,NP,gap1,"quick, quickly; urgent, pressing",1,2,6,2,0.8,12,cj-338,10,
cj-339,cangjie,5,339,Lesson 339,第339課,I;R;P;N;M;F;J;H;Q;U;S;E;G;L,I;P;R;N;J;M;G;H,E;F;G;H;I;J;L;M;N;P;Q;R;S;U,u6026,怦,U+6026,,,PMFJ,PJ,ping1,"eager, ardent, impulsive; anxious",1,2,6,2,0.8,12,cj-338,10,
cj-339,cangjie,5,339,Lesson 339,第339課,I;R;P;N;M;F;J;H;Q;U;S;E;G;L,I;P;R;N;J;M;G;H,E;F;G;H;I;J;L;M;N;P;Q;R;S;U,u6027,性,U+6027,,,PHQM,PM,sing3,"nature, character, sex",1,2,6,2,0.8,12,cj-338,10,
cj-339,cangjie,5,339,Lesson 339,第339課,I;R;P;N;M;F;J;H;Q;U;S;E;G;L,I;P;R;N;J;M;G;H,E;F;G;H;I;J;L;M;N;P;Q;R;S;U,u6028,怨,U+6028,,,NUP,NP,jyun3,"hatred, enmity, resentment",1,2,6,2,0.8,12,cj-338,10,
cj-339,cangjie,5,339,Lesson 339,第339課,I;R;P;N;M;F;J;H;Q;U;S;E;G;L,I;P;R;N;J;M;G;H,E;F;G;H;I;J;L;M;N;P;Q;R;S;U,u6029,怩,U+6029,,,PSP,PP,nei4,"shy, timid, bashful; look ashamed",1,2,6,2,0.8,12,cj-338,10,
cj-339,cangjie,5,339,Lesson 339,第339課,I;R;P;N;M;F;J;H;Q;U;S;E;G;L,I;P;R;N;J;M;G;H,E;F;G;H;I;J;L;M;N;P;Q;R;S;U,u602a,怪,U+602A,,,PEG,PG,gwaai3,"strange, unusual, peculiar",1,2,6,2,0.8,12,cj-338,10,
cj-339,cangjie,5,339,Lesson 339,第339課,I;R;P;N;M;F;J;H;Q;U;S;E;G;L,I;P;R;N;J;M;G;H,E;F;G;H;I;J;L;M;N;P;Q;R;S;U,u602b,怫,U+602B,,,PLLN,PN,fat6,"sorry, anxious; depressed",1,2,6,2,0.8,12,cj-338,10,
cj-339,cangjie,5,339,Lesson 339,第339課,I;R;P;N;M;F;J;H;Q;U;S;E;G;L,I;P;R;N;J;M;G;H,E;F;G;H;I;J;L;M;N;P;Q;R;S;U,u602d,怭,U+602D,,,PPH,PH,bit1,rude,1,2,6,2,0.8,12,cj-338,10,
cj-340,cangjie,5,340,Lesson 340,第340課,P;G;I;K;M;O;B;R;H;U;D;E;N;C,P;I;B;U;D;E;O;C,B;C;D;E;G;H;I;K;M;N;O;P;R;U,u602f,怯,U+602F,,,PGI,PI,hip3,"lacking in courage, afraid",1,2,6,2,0.8,12,cj-339,10,
cj-340,cangjie,5,340,Lesson 340,第340課,P;G;I;K;M;O;B;R;H;U;D;E;N;C,P;I;B;U;D;E;O;C,B;C;D;E;G;H;I;K;M;N;O;P;R;U,u6031,怱,U+6031,,,PKP,PP,cung1,"hastily, in haste, hurriedly",1,2,6,2,0.8,12,cj-339,10,
cj-340,cangjie,5,340,Lesson 340,第340課,P;G;I;K;M;O;B;R;H;U;D;E;N;C,P;I;B;U;D;E;O;C,B;C;D;E;G;H;I;K;M;N;O;P;R;U,u6032,怲,U+6032,,,PMOB,PB,bing2,"be anxious, be grieved, be sad",1,2,6,2,0.8,12,cj-339,10,
cj-340,cangjie,5,340,Lesson 340,第340課,P;G;I;K;M;O;B;R;H;U;D;E;N;C,P;I;B;U;D;E;O;C,B;C;D;E;G;H;I;K;M;N;O;P;R;U,u6033,怳,U+6033,,,PRHU,PU,fong2,"wild, mad; flurried",1,2,6,2,0.8,12,cj-339,10,
cj-340,cangjie,5,340,Lesson 340,第340課,P;G;I;K;M;O;B;R;H;U;D;E;N;C,P;I;B;U;D;E;O;C,B;C;D;E;G;H;I;K;M;N;O;P;R;U,u6035,怵,U+6035,,,PID,PD,zeot1,"fear, be afraid; shy, timid",1,2,6,2,0.8,12,cj-339,10,
cj-340,cangjie,5,340,Lesson 340,第340課,P;G;I;K;M;O;B;R;H;U;D;E;N;C,P;I;B;U;D;E;O;C,B;C;D;E;G;H;I;K;M;N;O;P;R;U,u6036,怶,U+6036,,,PDHE,PE,bei3,(Cant.) to have no zeal at all,1,2,6,2,0.8,12,cj-339,10,
cj-340,cangjie,5,340,Lesson 340,第340課,P;G;I;K;M;O;B;R;H;U;D;E;N;C,P;I;B;U;D;E;O;C,B;C;D;E;G;H;I;K;M;N;O;P;R;U,u6038,怸,U+6038,,,IDP,IP,sik1,to be familiar with; a kind of medicine,1,2,6,2,0.8,12,cj-339,10,
cj-340,cangjie,5,340,Lesson 340,第340課,P;G;I;K;M;O;B;R;H;U;D;E;N;C,P;I;B;U;D;E;O;C,B;C;D;E;G;H;I;K;M;N;O;P;R;U,u6039,怹,U+6039,,,ODP,OP,taa1,a polite version of he,1,2,6,2,0.8,12,cj-339,10,
cj-340,cangjie,5,340,Lesson 340,第340課,P;G;I;K;M;O;B;R;H;U;D;E;N;C,P;I;B;U;D;E;O;C,B;C;D;E;G;H;I;K;M;N;O;P;R;U,u603a,怺,U+603A,,,PINE,PE,wing5,to endure,1,2,6,2,0.8,12,cj-339,10,
cj-340,cangjie,5,340,Lesson 340,第340課,P;G;I;K;M;O;B;R;H;U;D;E;N;C,P;I;B;U;D;E;O;C,B;C;D;E;G;H;I;K;M;N;O;P;R;U,u603b,总,U+603B,,,CRP,CP,zung2,"collect; overall, altogether",1,2,6,2,0.8,12,cj-339,10,
cj-341,cangjie,5,341,Lesson 341,第341課,E;I;P;R;C;Q;N;O;G;A;D;M;B;S,E;P;C;Q;N;O;A;I;M;G,A;B;C;D;E;G;I;M;N;O;P;Q;R;S,u603c,怼,U+603C,,,EIP,EP,deoi6,"hate, abhor; hatred, resentment",1,2,6,2,0.8,12,cj-340,10,
cj-341,cangjie,5,341,Lesson 341,第341課,E;I;P;R;C;Q;N;O;G;A;D;M;B;S,E;P;C;Q;N;O;A;I;M;G,A;B;C;D;E;G;I;M;N;O;P;Q;R;S,u603e,怾,U+603E,,,PRC,PC,sik1,mountain name,1,2,6,2,0.8,12,cj-340,10,
cj-341,cangjie,5,341,Lesson 341,第341課,E;I;P;R;C;Q;N;O;G;A;D;M;B;S,E;P;C;Q;N;O;A;I;M;G,A;B;C;D;E;G;I;M;N;O;P;Q;R;S,u603f,怿,U+603F,,,PEQ,PQ,jik6,"enjoy, be glad, be pleased",1,2,6,2,0.8,12,cj-340,10,
cj-341,cangjie,5,341,Lesson 341,第341課,E;I;P;R;C;Q;N;O;G;A;D;M;B;S,E;P;C;Q;N;O;A;I;M;G,A;B;C;D;E;G;I;M;N;O;P;Q;R;S,u6040,恀,U+6040,,,PNIN,PN,ci2,trust,1,2,6,2,0.8,12,cj-340,10,
cj-341,cangjie,5,341,Lesson 341,第341課,E;I;P;R;C;Q;N;O;G;A;D;M;B;S,E;P;C;Q;N;O;A;I;M;G,A;B;C;D;E;G;I;M;N;O;P;Q;R;S,u6041,恁,U+6041,,,OGP,OP,jam6,"that, like this, thus, so, such",1,2,6,2,0.8,12,cj-340,10,
cj-341,cangjie,5,341,Lesson 341,第341課,E;I;P;R;C;Q;N;O;G;A;D;M;B;S,E;P;C;Q;N;O;A;I;M;G,A;B;C;D;E;G;I;M;N;O;P;Q;R;S,u6042,恂,U+6042,,,PPA,PA,seon1,"careful, sincere, honest; trust",1,2,6,2,0.8,12,cj-340,10,
cj-341,cangjie,5,341,Lesson 341,第341課,E;I;P;R;C;Q;N;O;G;A;D;M;B;S,E;P;C;Q;N;O;A;I;M;G,A;B;C;D;E;G;I;M;N;O;P;Q;R;S,u6043,恃,U+6043,,,PGDI,PI,ci5,"rely on, presume on, trust to",1,2,6,2,0.8,12,cj-340,10,
cj-341,cangjie,5,341,Lesson 341,第341課,E;I;P;R;C;Q;N;O;G;A;D;M;B;S,E;P;C;Q;N;O;A;I;M;G,A;B;C;D;E;G;I;M;N;O;P;Q;R;S,u6046,恆,U+6046,,,PMBM,PM,hang4,"constant, regular, persistent; hexagram ䷟",1,2,6,2,0.8,12,cj-340,10,
cj-341,cangjie,5,341,Lesson 341,第341課,E;I;P;R;C;Q;N;O;G;A;D;M;B;S,E;P;C;Q;N;O;A;I;M;G,A;B;C;D;E;G;I;M;N;O;P;Q;R;S,u6047,恇,U+6047,,,PSMG,PG,hong1,fear,1,2,6,2,0.8,12,cj-340,10,
cj-341,cangjie,5,341,Lesson 341,第341課,E;I;P;R;C;Q;N;O;G;A;D;M;B;S,E;P;C;Q;N;O;A;I;M;G,A;B;C;D;E;G;I;M;N;O;P;Q;R;S,u6049,恉,U+6049,,,PPA,PA,zi2,"meaning, purport, drift",1,2,6,2,0.8,12,cj-340,10,
cj-342,cangjie,5,342,Lesson 342,第342課,P;K;S;Y;C;L;M;O;F;U;N;A;W;V;R,P;S;Y;O;U;M;W;K;V,A;C;F;K;L;M;N;O;P;R;S;U;V;W;Y,u604a,恊,U+604A,,,PKSS,PS,hip3,be united; cooperate,1,2,6,2,0.8,12,cj-341,10,
cj-342,cangjie,5,342,Lesson 342,第342課,P;K;S;Y;C;L;M;O;F;U;N;A;W;V;R,P;S;Y;O;U;M;W;K;V,A;C;F;K;L;M;N;O;P;R;S;U;V;W;Y,u604b,恋,U+604B,,,YCP,YP,lyun2,"love; long for, yearn for; love",1,2,6,2,0.8,12,cj-341,10,
cj-342,cangjie,5,342,Lesson 342,第342課,P;K;S;Y;C;L;M;O;F;U;N;A;W;V;R,P;S;Y;O;U;M;W;K;V,A;C;F;K;L;M;N;O;P;R;S;U;V;W;Y,u604c,恌,U+604C,,,PLMO,PO,tiu1,to worry; frivolous,1,2,6,2,0.8,12,cj-341,10,
cj-342,cangjie,5,342,Lesson 342,第342課,P;K;S;Y;C;L;M;O;F;U;N;A;W;V;R,P;S;Y;O;U;M;W;K;V,A;C;F;K;L;M;N;O;P;R;S;U;V;W;Y,u604d,恍,U+604D,,,PFMU,PU,fong2,seemingly; absent-minded,1,2,6,2,0.8,12,cj-341,10,
cj-342,cangjie,5,342,Lesson 342,第342課,P;K;S;Y;C;L;M;O;F;U;N;A;W;V;R,P;S;Y;O;U;M;W;K;V,A;C;F;K;L;M;N;O;P;R;S;U;V;W;Y,u6050,恐,U+6050,,,MNP,MP,hung2,"fear; fearful, apprehensive",1,2,6,2,0.8,12,cj-341,10,
cj-342,cangjie,5,342,Lesson 342,第342課,P;K;S;Y;C;L;M;O;F;U;N;A;W;V;R,P;S;Y;O;U;M;W;K;V,A;C;F;K;L;M;N;O;P;R;S;U;V;W;Y,u6051,恑,U+6051,,,PNMU,PU,gwai2,to change; to alter; to accommodate oneself to,1,2,6,2,0.8,12,cj-341,10,
cj-342,cangjie,5,342,Lesson 342,第342課,P;K;S;Y;C;L;M;O;F;U;N;A;W;V;R,P;S;Y;O;U;M;W;K;V,A;C;F;K;L;M;N;O;P;R;S;U;V;W;Y,u6052,恒,U+6052,,,PMAM,PM,hang4,"constant, regular, persistent",1,2,6,2,0.8,12,cj-341,10,
cj-342,cangjie,5,342,Lesson 342,第342課,P;K;S;Y;C;L;M;O;F;U;N;A;W;V;R,P;S;Y;O;U;M;W;K;V,A;C;F;K;L;M;N;O;P;R;S;U;V;W;Y,u6053,恓,U+6053,,,PMCW,PW,sai1,vexed,1,2,6,2,0.8,12,cj-341,10,
cj-342,cangjie,5,342,Lesson 342,第342課,P;K;S;Y;C;L;M;O;F;U;N;A;W;V;R,P;S;Y;O;U;M;W;K;V,A;C;F;K;L;M;N;O;P;R;S;U;V;W;Y,u6054,恔,U+6054,,,PYCK,PK,haau6,"cheerful; bright, sagacious",1,2,6,2,0.8,12,cj-341,10,
cj-342,cangjie,5,342,Lesson 342,第342課,P;K;S;Y;C;L;M;O;F;U;N;A;W;V;R,P;S;Y;O;U;M;W;K;V,A;C;F;K;L;M;N;O;P;R;S;U;V;W;Y,u6055,恕,U+6055,,,VRP,VP,syu3,"forgive, excuse, show mercy",1,2,6,2,0.8,12,cj-341,10,
cj-343,cangjie,5,343,Lesson 343,第343課,T;G;P;W;R;Q;H;U;K;L;I;F;O;B,T;P;G;R;Q;K;I;F,B;F;G;H;I;K;L;O;P;Q;R;T;U;W,u6059,恙,U+6059,,,TGP,TP,joeng6,"illness, sickness; indisposition",1,2,6,2,0.8,12,cj-342,10,
cj-343,cangjie,5,343,Lesson 343,第343課,T;G;P;W;R;Q;H;U;K;L;I;F;O;B,T;P;G;R;Q;K;I;F,B;F;G;H;I;K;L;O;P;Q;R;T;U;W,u605a,恚,U+605A,,,GGP,GP,wai6,"anger, rage",1,2,6,2,0.8,12,cj-342,10,
cj-343,cangjie,5,343,Lesson 343,第343課,T;G;P;W;R;Q;H;U;K;L;I;F;O;B,T;P;G;R;Q;K;I;F,B;F;G;H;I;K;L;O;P;Q;R;T;U;W,u605b,恛,U+605B,,,PWR,PR,wui4,disordered; indistinct doubtful; blurred,1,2,6,2,0.8,12,cj-342,10,
cj-343,cangjie,5,343,Lesson 343,第343課,T;G;P;W;R;Q;H;U;K;L;I;F;O;B,T;P;G;R;Q;K;I;F,B;F;G;H;I;K;L;O;P;Q;R;T;U;W,u605d,恝,U+605D,,,QHP,QP,gaat3,carefree; indifferent manner; without sorrow,1,2,6,2,0.8,12,cj-342,10,
cj-343,cangjie,5,343,Lesson 343,第343課,T;G;P;W;R;Q;H;U;K;L;I;F;O;B,T;P;G;R;Q;K;I;F,B;F;G;H;I;K;L;O;P;Q;R;T;U;W,u605f,恟,U+605F,,,PPUK,PK,hung1,"scared, nervous",1,2,6,2,0.8,12,cj-342,10,
cj-343,cangjie,5,343,Lesson 343,第343課,T;G;P;W;R;Q;H;U;K;L;I;F;O;B,T;P;G;R;Q;K;I;F,B;F;G;H;I;K;L;O;P;Q;R;T;U;W,u6060,恠,U+6060,,,PKLG,PG,gwaai3,"strange, unusual, peculiar",1,2,6,2,0.8,12,cj-342,10,
cj-343,cangjie,5,343,Lesson 343,第343課,T;G;P;W;R;Q;H;U;K;L;I;F;O;B,T;P;G;R;Q;K;I;F,B;F;G;H;I;K;L;O;P;Q;R;T;U;W,u6061,恡,U+6061,,,PKKI,PI,leon6,"stingy, sparing of; close-fisted",1,2,6,2,0.8,12,cj-342,10,
cj-343,cangjie,5,343,Lesson 343,第343課,T;G;P;W;R;Q;H;U;K;L;I;F;O;B,T;P;G;R;Q;K;I;F,B;F;G;H;I;K;L;O;P;Q;R;T;U;W,u6062,恢,U+6062,,,PKF,PF,fui1,"restore; big, great, immense, vast",1,2,6,2,0.8,12,cj-342,10,
cj-343,cangjie,5,343,Lesson 343,第343課,T;G;P;W;R;Q;H;U;K;L;I;F;O;B,T;P;G;R;Q;K;I;F,B;F;G;H;I;K;L;O;P;Q;R;T;U;W,u6063,恣,U+6063,,,IOP,IP,zi3,"indulge oneself, unrestrained",1,2,6,2,0.8,12,cj-342,10,
cj-343,cangjie,5,343,Lesson 343,第343課,T;G;P;W;R;Q;H;U;K;L;I;F;O;B,T;P;G;R;Q;K;I;F,B;F;G;H;I;K;L;O;P;Q;R;T;U;W,u6064,恤,U+6064,,,PHBT,PT,seot1,"show pity; relieve, help",1,2,6,2,0.8,12,cj-342,10,
cj-344,cangjie,5,344,Lesson 344,第344課,S;J;P;M;B;A;V;W;K;H;E;R;T;C;U;O,S;P;M;V;W;R;T;H,A;B;C;E;H;J;K;M;O;P;R;S;T;U;V;W,u6065,恥,U+6065,,,SJP,SP,ci2,"shame, humiliation; ashamed",1,2,6,2,0.8,12,cj-343,10,
cj-344,cangjie,5,344,Lesson 344,第344課,S;J;P;M;B;A;V;W;K;H;E;R;T;C;U;O,S;P;M;V;W;R;T;H,A;B;C;E;H;J;K;M;O;P;R;S;T;U;V;W,u6067,恧,U+6067,,,MBP,MP,nuk6,ashamed,1,2,6,2,0.8,12,cj-343,10,
cj-344,cangjie,5,344,Lesson 344,第344課,S;J;P;M;B;A;V;W;K;H;E;R;T;C;U;O,S;P;M;V;W;R;T;H,A;B;C;E;H;J;K;M;O;P;R;S;T;U;V;W,u6068,恨,U+6068,,,PAV,PV,han6,"hatred, dislike; resent, hate",1,2,6,2,0.8,12,cj-343,10,
cj-344,cangjie,5,344,Lesson 344,第344課,S;J;P;M;B;A;V;W;K;H;E;R;T;C;U;O,S;P;M;V;W;R;T;H,A;B;C;E;H;J;K;M;O;P;R;S;T;U;V;W,u6069,恩,U+6069,,,WKP,WP,jan1,"kindness, mercy, charity",1,2,6,2,0.8,12,cj-343,10,
cj-344,cangjie,5,344,Lesson 344,第344課,S;J;P;M;B;A;V;W;K;H;E;R;T;C;U;O,S;P;M;V;W;R;T;H,A;B;C;E;H;J;K;M;O;P;R;S;T;U;V;W,u606a,恪,U+606A,,,PHER,PR,kok3,"respectful, reverent",1,2,6,2,0.8,12,cj-343,10,
cj-344,cangjie,5,344,Lesson 344,第344課,S;J;P;M;B;A;V;W;K;H;E;R;T;C;U;O,S;P;M;V;W;R;T;H,A;B;C;E;H;J;K;M;O;P;R;S;T;U;V;W,u606b,恫,U+606B,,,PBMR,PR,dung6,"in pain, sorrowful",1,2,6,2,0.8,12,cj-343,10,
cj-344,cangjie,5,344,Lesson 344,第344課,S;J;P;M;B;A;V;W;K;H;E;R;T;C;U;O,S;P;M;V;W;R;T;H,A;B;C;E;H;J;K;M;O;P;R;S;T;U;V;W,u606c,恬,U+606C,,,PHJR,PR,tim4,"quiet, calm, tranquil, peaceful",1,2,6,2,0.8,12,cj-343,10,
cj-344,cangjie,5,344,Lesson 344,第344課,S;J;P;M;B;A;V;W;K;H;E;R;T;C;U;O,S;P;M;V;W;R;T;H,A;B;C;E;H;J;K;M;O;P;R;S;T;U;V;W,u606d,恭,U+606D,,,TCP,TP,gung1,"respectful, polite, reverent",1,2,6,2,0.8,12,cj-343,10,
cj-344,cangjie,5,344,Lesson 344,第344課,S;J;P;M;B;A;V;W;K;H;E;R;T;C;U;O,S;P;M;V;W;R;T;H,A;B;C;E;H;J;K;M;O;P;R;S;T;U;V;W,u606f,息,U+606F,,,HUP,HP,sik1,"rest, put stop to, end, cease",1,2,6,2,0.8,12,cj-343,10,
cj-344,cangjie,5,344,Lesson 344,第344課,S;J;P;M;B;A;V;W;K;H;E;R;T;C;U;O,S;P;M;V;W;R;T;H,A;B;C;E;H;J;K;M;O;P;R;S;T;U;V;W,u6070,恰,U+6070,,,POMR,PR,hap1,"just, exactly, precisely; proper",1,2,6,2,0.8,12,cj-343,10,
cj-345,cangjie,5,345,Lesson 345,第345課,A;V;P;J;W;M;C;I;S;K;U;B;O;N;Y;Q,A;P;J;M;S;K;U;N;Q,A;B;C;I;J;K;M;N;O;P;Q;S;U;V;W;Y,u6073,恳,U+6073,,,AVP,AP,han2,"sincere, earnest, cordial",1,2,6,2,0.8,12,cj-344,10,
cj-345,cangjie,5,345,Lesson 345,第345課,A;V;P;J;W;M;C;I;S;K;U;B;O;N;Y;Q,A;P;J;M;S;K;U;N;Q,A;B;C;I;J;K;M;N;O;P;Q;S;U;V;W;Y,u6075,恵,U+6075,,,JWP,JP,wai6,"favor, benefit, confer kindness",1,2,6,2,0.8,12,cj-344,10,
cj-345,cangjie,5,345,Lesson 345,第345課,A;V;P;J;W;M;C;I;S;K;U;B;O;N;Y;Q,A;P;J;M;S;K;U;N;Q,A;B;C;I;J;K;M;N;O;P;Q;S;U;V;W;Y,u6076,恶,U+6076,,,MCP,MP,ok3,"evil, wicked, bad, foul",1,2,6,2,0.8,12,cj-344,10,
cj-345,cangjie,5,345,Lesson 345,第345課,A;V;P;J;W;M;C;I;S;K;U;B;O;N;Y;Q,A;P;J;M;S;K;U;N;Q,A;B;C;I;J;K;M;N;O;P;Q;S;U;V;W;Y,u6078,恸,U+6078,,,PMIS,PS,dung6,"sadness, grief; mourn; be moved",1,2,6,2,0.8,12,cj-344,10,
cj-345,cangjie,5,345,Lesson 345,第345課,A;V;P;J;W;M;C;I;S;K;U;B;O;N;Y;Q,A;P;J;M;S;K;U;N;Q,A;B;C;I;J;K;M;N;O;P;Q;S;U;V;W;Y,u6079,恹,U+6079,,,PMIK,PK,jim1,"feeble, sickly; tranquil, calm",1,2,6,2,0.8,12,cj-344,10,
cj-345,cangjie,5,345,Lesson 345,第345課,A;V;P;J;W;M;C;I;S;K;U;B;O;N;Y;Q,A;P;J;M;S;K;U;N;Q,A;B;C;I;J;K;M;N;O;P;Q;S;U;V;W;Y,u607a,恺,U+607A,,,PUSU,PU,hoi2,"enjoy, be contented, joyful",1,2,6,2,0.8,12,cj-344,10,
cj-345,cangjie,5,345,Lesson 345,第345課,A;V;P;J;W;M;C;I;S;K;U;B;O;N;Y;Q,A;P;J;M;S;K;U;N;Q,A;B;C;I;J;K;M;N;O;P;Q;S;U;V;W;Y,u607b,恻,U+607B,,,PBON,PN,cak1,"feel anguish, feel compassion",1,2,6,2,0.8,12,cj-344,10,
cj-345,cangjie,5,345,Lesson 345,第345課,A;V;P;J;W;M;C;I;S;K;U;B;O;N;Y;Q,A;P;J;M;S;K;U;N;Q,A;B;C;I;J;K;M;N;O;P;Q;S;U;V;W;Y,u607c,恼,U+607C,,,PYUK,PK,nou5,"angered, filled with hate",1,2,6,2,0.8,12,cj-344,10,
cj-345,cangjie,5,345,Lesson 345,第345課,A;V;P;J;W;M;C;I;S;K;U;B;O;N;Y;Q,A;P;J;M;S;K;U;N;Q,A;B;C;I;J;K;M;N;O;P;Q;S;U;V;W;Y,u607d,恽,U+607D,,,PBKQ,PQ,wan6,"devise, plan, deliberate; consult",1,2,6,2,0.8,12,cj-344,10,
cj-345,cangjie,5,345,Lesson 345,第345課,A;V;P;J;W;M;C;I;S;K;U;B;O;N;Y;Q,A;P;J;M;S;K;U;N;Q,A;B;C;I;J;K;M;N;O;P;Q;S;U;V;W;Y,u607f,恿,U+607F,,,NBP,NP,jung2,"instigate, incite; to alarm",1,2,6,2,0.8,12,cj-344,10,
cj-346,cangjie,5,346,Lesson 346,第346課,P;R;B;W;D;F;C;U;O;M;I;T;H;Q;L;Y;K;N,P;B;D;U;O;T;H;Q;R,B;C;D;F;H;I;K;L;M;N;O;P;Q;R;T;U;W;Y,u6081,悁,U+6081,,,PRB,PB,gyun3,"irritable, nervous, impatient",1,2,6,2,0.8,12,cj-345,10,
cj-346,cangjie,5,346,Lesson 346,第346課,P;R;B;W;D;F;C;U;O;M;I;T;H;Q;L;Y;K;N,P;B;D;U;O;T;H;Q;R,B;C;D;F;H;I;K;L;M;N;O;P;Q;R;T;U;W;Y,u6083,悃,U+6083,,,PWD,PD,kwan2,"sincere, genuine, honest, loyal",1,2,6,2,0.8,12,cj-345,10,
cj-346,cangjie,5,346,Lesson 346,第346課,P;R;B;W;D;F;C;U;O;M;I;T;H;Q;L;Y;K;N,P;B;D;U;O;T;H;Q;R,B;C;D;F;H;I;K;L;M;N;O;P;Q;R;T;U;W;Y,u6084,悄,U+6084,,,PFB,PB,ciu2,"silent, quiet, still; anxious",1,2,6,2,0.8,12,cj-345,10,
cj-346,cangjie,5,346,Lesson 346,第346課,P;R;B;W;D;F;C;U;O;M;I;T;H;Q;L;Y;K;N,P;B;D;U;O;T;H;Q;R,B;C;D;F;H;I;K;L;M;N;O;P;Q;R;T;U;W;Y,u6085,悅,U+6085,,,PCRU,PU,jyut6,pleased,1,2,6,2,0.8,12,cj-345,10,
cj-346,cangjie,5,346,Lesson 346,第346課,P;R;B;W;D;F;C;U;O;M;I;T;H;Q;L;Y;K;N,P;B;D;U;O;T;H;Q;R,B;C;D;F;H;I;K;L;M;N;O;P;Q;R;T;U;W;Y,u6086,悆,U+6086,,,OMDP,OP,jyu6,happy,1,2,6,2,0.8,12,cj-345,10,
cj-346,cangjie,5,346,Lesson 346,第346課,P;R;B;W;D;F;C;U;O;M;I;T;H;Q;L;Y;K;N,P;B;D;U;O;T;H;Q;R,B;C;D;F;H;I;K;L;M;N;O;P;Q;R;T;U;W;Y,u6088,悈,U+6088,,,PIT,PT,gaai3,to enjoin upon; urgent,1,2,6,2,0.8,12,cj-345,10,
cj-346,cangjie,5,346,Lesson 346,第346課,P;R;B;W;D;F;C;U;O;M;I;T;H;Q;L;Y;K;N,P;B;D;U;O;T;H;Q;R,B;C;D;F;H;I;K;L;M;N;O;P;Q;R;T;U;W;Y,u6089,悉,U+6089,,,HDP,HP,sik1,"know, learn about, comprehend",1,2,6,2,0.8,12,cj-345,10,
cj-346,cangjie,5,346,Lesson 346,第346課,P;R;B;W;D;F;C;U;O;M;I;T;H;Q;L;Y;K;N,P;B;D;U;O;T;H;Q;R,B;C;D;F;H;I;K;L;M;N;O;P;Q;R;T;U;W;Y,u608a,悊,U+608A,,,QLP,QP,zit3,wise. to know intuitively,1,2,6,2,0.8,12,cj-345,10,
cj-346,cangjie,5,346,Lesson 346,第346課,P;R;B;W;D;F;C;U;O;M;I;T;H;Q;L;Y;K;N,P;B;D;U;O;T;H;Q;R,B;C;D;F;H;I;K;L;M;N;O;P;Q;R;T;U;W;Y,u608b,悋,U+608B,,,PYKR,PR,leon6,"stingy, sparing of; closefisted",1,2,6,2,0.8,12,cj-345,10,
cj-346,cangjie,5,346,Lesson 346,第346課,P;R;B;W;D;F;C;U;O;M;I;T;H;Q;L;Y;K;N,P;B;D;U;O;T;H;Q;R,B;C;D;F;H;I;K;L;M;N;O;P;Q;R;T;U;W;Y,u608c,悌,U+608C,,,PCNH,PH,dai6,"brotherly, respectful",1,2,6,2,0.8,12,cj-345,10,
cj-347,cangjie,5,347,Lesson 347,第347課,P;A;M;J;K;F;R;U;O;W;Y;B;D;L;I;C;E;H;G;V,P;J;K;U;Y;D;L;E;G,A;B;C;D;E;F;G;H;I;J;K;L;M;O;P;R;U;V;W;Y,u608d,悍,U+608D,,,PAMJ,PJ,hon6,"courageous, brave; violent",1,2,6,2,0.8,12,cj-346,10,
cj-347,cangjie,5,347,Lesson 347,第347課,P;A;M;J;K;F;R;U;O;W;Y;B;D;L;I;C;E;H;G;V,P;J;K;U;Y;D;L;E;G,A;B;C;D;E;F;G;H;I;J;K;L;M;O;P;R;U;V;W;Y,u6090,悐,U+6090,,,KFP,KP,tik1,"respect, regard; to stand in awe of, to be alarmed",1,2,6,2,0.8,12,cj-346,10,
cj-347,cangjie,5,347,Lesson 347,第347課,P;A;M;J;K;F;R;U;O;W;Y;B;D;L;I;C;E;H;G;V,P;J;K;U;Y;D;L;E;G,A;B;C;D;E;F;G;H;I;J;K;L;M;O;P;R;U;V;W;Y,u6092,悒,U+6092,,,PRAU,PU,jap1,"sorrowful, depressed, unhappy",1,2,6,2,0.8,12,cj-346,10,
cj-347,cangjie,5,347,Lesson 347,第347課,P;A;M;J;K;F;R;U;O;W;Y;B;D;L;I;C;E;H;G;V,P;J;K;U;Y;D;L;E;G,A;B;C;D;E;F;G;H;I;J;K;L;M;O;P;R;U;V;W;Y,u6094,悔,U+6094,,,POWY,PY,fui3,"repent, show remorse, regret",1,2,6,2,0.8,12,cj-346,10,
cj-347,cangjie,5,347,Lesson 347,第347課,P;A;M;J;K;F;R;U;O;W;Y;B;D;L;I;C;E;H;G;V,P;J;K;U;Y;D;L;E;G,A;B;C;D;E;F;G;H;I;J;K;L;M;O;P;R;U;V;W;Y,u6096,悖,U+6096,,,PJBD,PD,bui6,"be contradictory to, go counter",1,2,6,2,0.8,12,cj-346,10,
cj-347,cangjie,5,347,Lesson 347,第347課,P;A;M;J;K;F;R;U;O;W;Y;B;D;L;I;C;E;H;G;V,P;J;K;U;Y;D;L;E;G,A;B;C;D;E;F;G;H;I;J;K;L;M;O;P;R;U;V;W;Y,u609a,悚,U+609A,,,PDL,PL,sung2,"afraid, scared, frightened",1,2,6,2,0.8,12,cj-346,10,
cj-347,cangjie,5,347,Lesson 347,第347課,P;A;M;J;K;F;R;U;O;W;Y;B;D;L;I;C;E;H;G;V,P;J;K;U;Y;D;L;E;G,A;B;C;D;E;F;G;H;I;J;K;L;M;O;P;R;U;V;W;Y,u609b,悛,U+609B,,,PICE,PE,syun1,"repent, reform",1,2,6,2,0.8,12,cj-346,10,
cj-347,cangjie,5,347,Lesson 347,第347課,P;A;M;J;K;F;R;U;O;W;Y;B;D;L;I;C;E;H;G;V,P;J;K;U;Y;D;L;E;G,A;B;C;D;E;F;G;H;I;J;K;L;M;O;P;R;U;V;W;Y,u609c,悜,U+609C,,,PRHG,PG,cing2,obscure,1,2,6,2,0.8,12,cj-346,10,
cj-347,cangjie,5,347,Lesson 347,第347課,P;A;M;J;K;F;R;U;O;W;Y;B;D;L;I;C;E;H;G;V,P;J;K;U;Y;D;L;E;G,A;B;C;D;E;F;G;H;I;J;K;L;M;O;P;R;U;V;W;Y,u609d,悝,U+609D,,,PWG,PG,fui1,"to laugh at to pity; afflicted, sad",1,2,6,2,0.8,12,cj-346,10,
cj-347,cangjie,5,347,Lesson 347,第347課,P;A;M;J;K;F;R;U;O;W;Y;B;D;L;I;C;E;H;G;V,P;J;K;U;Y;D;L;E;G,A;B;C;D;E;F;G;H;I;J;K;L;M;O;P;R;U;V;W;Y,u609e,悞,U+609E,,,PRVK,PK,ng6,"impede; neglect, delay",1,2,6,2,0.8,12,cj-346,10,
cj-348,cangjie,5,348,Lesson 348,第348課,P;M;R;O;K;L;H;W;C;U;D;N;F;G;B,P;R;O;L;H;U;N;K;M;G,B;C;D;F;G;H;K;L;M;N;O;P;R;U;W,u609f,悟,U+609F,,,PMMR,PR,ng6,"to apprehend, realize, become aware",1,2,6,2,0.8,12,cj-347,10,
cj-348,cangjie,5,348,Lesson 348,第348課,P;M;R;O;K;L;H;W;C;U;D;N;F;G;B,P;R;O;L;H;U;N;K;M;G,B;C;D;F;G;H;K;L;M;N;O;P;R;U;W,u60a0,悠,U+60A0,,,OKP,OP,jau4,"long, far, remote, distant; leisurely",1,2,6,2,0.8,12,cj-347,10,
cj-348,cangjie,5,348,Lesson 348,第348課,P;M;R;O;K;L;H;W;C;U;D;N;F;G;B,P;R;O;L;H;U;N;K;M;G,B;C;D;F;G;H;K;L;M;N;O;P;R;U;W,u60a3,患,U+60A3,,,LLP,LP,waan6,"suffer, worry about; suffering",1,2,6,2,0.8,12,cj-347,10,
cj-348,cangjie,5,348,Lesson 348,第348課,P;M;R;O;K;L;H;W;C;U;D;N;F;G;B,P;R;O;L;H;U;N;K;M;G,B;C;D;F;G;H;K;L;M;N;O;P;R;U;W,u60a4,悤,U+60A4,,,HWP,HP,cung1,"agitated, restless, hurried",1,2,6,2,0.8,12,cj-347,10,
cj-348,cangjie,5,348,Lesson 348,第348課,P;M;R;O;K;L;H;W;C;U;D;N;F;G;B,P;R;O;L;H;U;N;K;M;G,B;C;D;F;G;H;K;L;M;N;O;P;R;U;W,u60a6,悦,U+60A6,,,PCRU,PU,jyut6,"pleased, contented, gratified",1,2,6,2,0.8,12,cj-347,10,
cj-348,cangjie,5,348,Lesson 348,第348課,P;M;R;O;K;L;H;W;C;U;D;N;F;G;B,P;R;O;L;H;U;N;K;M;G,B;C;D;F;G;H;K;L;M;N;O;P;R;U;W,u60a7,悧,U+60A7,,,PHDN,PN,lei4,"smooth; active; clever, sharp",1,2,6,2,0.8,12,cj-347,10,
cj-348,cangjie,5,348,Lesson 348,第348課,P;M;R;O;K;L;H;W;C;U;D;N;F;G;B,P;R;O;L;H;U;N;K;M;G,B;C;D;F;G;H;K;L;M;N;O;P;R;U;W,u60a8,您,U+60A8,,,OFP,OP,nei5,honorific for 'you',1,2,6,2,0.8,12,cj-347,10,
cj-348,cangjie,5,348,Lesson 348,第348課,P;M;R;O;K;L;H;W;C;U;D;N;F;G;B,P;R;O;L;H;U;N;K;M;G,B;C;D;F;G;H;K;L;M;N;O;P;R;U;W,u60a9,悩,U+60A9,,,PFUK,PK,nou5,"angered, filled with hate",1,2,6,2,0.8,12,cj-347,10,
cj-348,cangjie,5,348,Lesson 348,第348課,P;M;R;O;K;L;H;W;C;U;D;N;F;G;B,P;R;O;L;H;U;N;K;M;G,B;C;D;F;G;H;K;L;M;N;O;P;R;U;W,u60aa,悪,U+60AA,,,MMP,MP,ok3,"evil, wicked, bad, foul",1,2,6,2,0.8,12,cj-347,10,
cj-348,cangjie,5,348,Lesson 348,第348課,P;M;R;O;K;L;H;W;C;U;D;N;F;G;B,P;R;O;L;H;U;N;K;M;G,B;C;D;F;G;H;K;L;M;N;O;P;R;U;W,u60ab,悫,U+60AB,,,GBHP,GP,kok3,"sincerity, honesty; modest",1,2,6,2,0.8,12,cj-347,10,
cj-349,cangjie,5,349,Lesson 349,第349課,B;I;P;L;E;G;R;M;K;S;J;F;Y;V;O,B;P;G;K;F;Y;L;J;V,B;E;F;G;I;J;K;L;M;O;P;R;S;V;Y,u60ac,悬,U+60AC,,,BIP,BP,jyun4,"hang, suspend, hoist; be hung",1,2,6,2,0.8,12,cj-348,10,
cj-349,cangjie,5,349,Lesson 349,第349課,B;I;P;L;E;G;R;M;K;S;J;F;Y;V;O,B;P;G;K;F;Y;L;J;V,B;E;F;G;I;J;K;L;M;O;P;R;S;V;Y,u60ad,悭,U+60AD,,,PLEG,PG,haan1,"miserly, parsimonious, stingy",1,2,6,2,0.8,12,cj-348,10,
cj-349,cangjie,5,349,Lesson 349,第349課,B;I;P;L;E;G;R;M;K;S;J;F;Y;V;O,B;P;G;K;F;Y;L;J;V,B;E;F;G;I;J;K;L;M;O;P;R;S;V;Y,u60ae,悮,U+60AE,,,PRMK,PK,ng6,"impede; neglect, delay",1,2,6,2,0.8,12,cj-348,10,
cj-349,cangjie,5,349,Lesson 349,第349課,B;I;P;L;E;G;R;M;K;S;J;F;Y;V;O,B;P;G;K;F;Y;L;J;V,B;E;F;G;I;J;K;L;M;O;P;R;S;V;Y,u60af,悯,U+60AF,,,PLSK,PK,man5,"pity, sympathize with, grieve for",1,2,6,2,0.8,12,cj-348,10,
cj-349,cangjie,5,349,Lesson 349,第349課,B;I;P;L;E;G;R;M;K;S;J;F;Y;V;O,B;P;G;K;F;Y;L;J;V,B;E;F;G;I;J;K;L;M;O;P;R;S;V;Y,u60b0,悰,U+60B0,,,PJMF,PF,cung4,"enjoy, amuse, please; joy",1,2,6,2,0.8,12,cj-348,10,
cj-349,cangjie,5,349,Lesson 349,第349課,B;I;P;L;E;G;R;M;K;S;J;F;Y;V;O,B;P;G;K;F;Y;L;J;V,B;E;F;G;I;J;K;L;M;O;P;R;S;V;Y,u60b1,悱,U+60B1,,,PLMY,PY,fei2,to be desirous of speaking,1,2,6,2,0.8,12,cj-348,10,
cj-349,cangjie,5,349,Lesson 349,第349課,B;I;P;L;E;G;R;M;K;S;J;F;Y;V;O,B;P;G;K;F;Y;L;J;V,B;E;F;G;I;J;K;L;M;O;P;R;S;V;Y,u60b2,悲,U+60B2,,,LYP,LP,bei1,"sorrow, grief; sorry, sad",1,2,6,2,0.8,12,cj-348,10,
cj-349,cangjie,5,349,Lesson 349,第349課,B;I;P;L;E;G;R;M;K;S;J;F;Y;V;O,B;P;G;K;F;Y;L;J;V,B;E;F;G;I;J;K;L;M;O;P;R;S;V;Y,u60b3,悳,U+60B3,,,JVP,JP,dak1,"ethics, morality, virtue",1,2,6,2,0.8,12,cj-348,10,
cj-349,cangjie,5,349,Lesson 349,第349課,B;I;P;L;E;G;R;M;K;S;J;F;Y;V;O,B;P;G;K;F;Y;L;J;V,B;E;F;G;I;J;K;L;M;O;P;R;S;V;Y,u60b4,悴,U+60B4,,,PYOJ,PJ,seoi6,"suffer, become emaciated, haggard",1,2,6,2,0.8,12,cj-348,10,
cj-349,cangjie,5,349,Lesson 349,第349課,B;I;P;L;E;G;R;M;K;S;J;F;Y;V;O,B;P;G;K;F;Y;L;J;V,B;E;F;G;I;J;K;L;M;O;P;R;S;V;Y,u60b5,悵,U+60B5,,,PSMV,PV,coeng3,"disappointed, dissatisfied",1,2,6,2,0.8,12,cj-348,10,
cj-350,cangjie,5,350,Lesson 350,第350課,A;N;P;H;D;G;T;J;Y;L;V;C;M;E;Q;B;R,A;P;D;J;V;M;Y;B;R,A;B;C;D;E;G;H;J;L;M;N;P;Q;R;T;V;Y,u60b6,悶,U+60B6,,,ANP,AP,mun6,"gloomy, depressed, melancholy",1,2,6,2,0.8,12,cj-349,10,
cj-350,cangjie,5,350,Lesson 350,第350課,A;N;P;H;D;G;T;J;Y;L;V;C;M;E;Q;B;R,A;P;D;J;V;M;Y;B;R,A;B;C;D;E;G;H;J;L;M;N;P;Q;R;T;V;Y,u60b8,悸,U+60B8,,,PHDD,PD,gwai3,"fearful, apprehensive, perturbed",1,2,6,2,0.8,12,cj-349,10,
cj-350,cangjie,5,350,Lesson 350,第350課,A;N;P;H;D;G;T;J;Y;L;V;C;M;E;Q;B;R,A;P;D;J;V;M;Y;B;R,A;B;C;D;E;G;H;J;L;M;N;P;Q;R;T;V;Y,u60bb,悻,U+60BB,,,PGTJ,PJ,hang6,"anger, vexation; angry, indignant",1,2,6,2,0.8,12,cj-349,10,
cj-350,cangjie,5,350,Lesson 350,第350課,A;N;P;H;D;G;T;J;Y;L;V;C;M;E;Q;B;R,A;P;D;J;V;M;Y;B;R,A;B;C;D;E;G;H;J;L;M;N;P;Q;R;T;V;Y,u60bc,悼,U+60BC,,,PYAJ,PJ,dou6,"grieve, mourn, lament; grieved",1,2,6,2,0.8,12,cj-349,10,
cj-350,cangjie,5,350,Lesson 350,第350課,A;N;P;H;D;G;T;J;Y;L;V;C;M;E;Q;B;R,A;P;D;J;V;M;Y;B;R,A;B;C;D;E;G;H;J;L;M;N;P;Q;R;T;V;Y,u60bd,悽,U+60BD,,,PJLV,PV,cai1,"sorrowful, grieved, melancholy",1,2,6,2,0.8,12,cj-349,10,
cj-350,cangjie,5,350,Lesson 350,第350課,A;N;P;H;D;G;T;J;Y;L;V;C;M;E;Q;B;R,A;P;D;J;V;M;Y;B;R,A;B;C;D;E;G;H;J;L;M;N;P;Q;R;T;V;Y,u60be,悾,U+60BE,,,PJCM,PM,hung1,"naive, guileless, simple-minded",1,2,6,2,0.8,12,cj-349,10,
cj-350,cangjie,5,350,Lesson 350,第350課,A;N;P;H;D;G;T;J;Y;L;V;C;M;E;Q;B;R,A;P;D;J;V;M;Y;B;R,A;B;C;D;E;G;H;J;L;M;N;P;Q;R;T;V;Y,u60c4,惄,U+60C4,,,YEP,YP,nik6,long for; hungry,1,2,6,2,0.8,12,cj-349,10,
cj-350,cangjie,5,350,Lesson 350,第350課,A;N;P;H;D;G;T;J;Y;L;V;C;M;E;Q;B;R,A;P;D;J;V;M;Y;B;R,A;B;C;D;E;G;H;J;L;M;N;P;Q;R;T;V;Y,u60c5,情,U+60C5,,,PQMB,PB,cing4,"feeling, sentiment, emotion",1,2,6,2,0.8,12,cj-349,10,
cj-350,cangjie,5,350,Lesson 350,第350課,A;N;P;H;D;G;T;J;Y;L;V;C;M;E;Q;B;R,A;P;D;J;V;M;Y;B;R,A;B;C;D;E;G;H;J;L;M;N;P;Q;R;T;V;Y,u60c6,惆,U+60C6,,,PBGR,PR,cau4,"distressed, regretful, sad",1,2,6,2,0.8,12,cj-349,10,
cj-350,cangjie,5,350,Lesson 350,第350課,A;N;P;H;D;G;T;J;Y;L;V;C;M;E;Q;B;R,A;P;D;J;V;M;Y;B;R,A;B;C;D;E;G;H;J;L;M;N;P;Q;R;T;V;Y,u60c7,惇,U+60C7,,,PYRD,PD,deon1,"be kind, cordial, sincere",1,2,6,2,0.8,12,cj-349,10,
cj-351,cangjie,5,351,Lesson 351,第351課,P;Y;R;F;J;N;U;T;C;D;I;M;Q;A;H,P;F;U;J;T;D;I;H;A,A;C;D;F;H;I;J;M;N;P;Q;R;T;U;Y,u60ca,惊,U+60CA,,,PYRF,PF,ging1,"frighten, surprise, startle",1,2,6,2,0.8,12,cj-350,10,
cj-351,cangjie,5,351,Lesson 351,第351課,P;Y;R;F;J;N;U;T;C;D;I;M;Q;A;H,P;F;U;J;T;D;I;H;A,A;C;D;F;H;I;J;M;N;P;Q;R;T;U;Y,u60cb,惋,U+60CB,,,PJNU,PU,wun2,"regret, be sorry; alarmed",1,2,6,2,0.8,12,cj-350,10,
cj-351,cangjie,5,351,Lesson 351,第351課,P;Y;R;F;J;N;U;T;C;D;I;M;Q;A;H,P;F;U;J;T;D;I;H;A,A;C;D;F;H;I;J;M;N;P;Q;R;T;U;Y,u60cc,惌,U+60CC,,,JNUP,JP,jyun1,to bear a grudge against,1,2,6,2,0.8,12,cj-350,10,
cj-351,cangjie,5,351,Lesson 351,第351課,P;Y;R;F;J;N;U;T;C;D;I;M;Q;A;H,P;F;U;J;T;D;I;H;A,A;C;D;F;H;I;J;M;N;P;Q;R;T;U;Y,u60ce,惎,U+60CE,,,TCP,TP,gei6,"injure, harm, murder",1,2,6,2,0.8,12,cj-350,10,
cj-351,cangjie,5,351,Lesson 351,第351課,P;Y;R;F;J;N;U;T;C;D;I;M;Q;A;H,P;F;U;J;T;D;I;H;A,A;C;D;F;H;I;J;M;N;P;Q;R;T;U;Y,u60cf,惏,U+60CF,,,PDD,PD,lam4,avaricious; greedy cold,1,2,6,2,0.8,12,cj-350,10,
cj-351,cangjie,5,351,Lesson 351,第351課,P;Y;R;F;J;N;U;T;C;D;I;M;Q;A;H,P;F;U;J;T;D;I;H;A,A;C;D;F;H;I;J;M;N;P;Q;R;T;U;Y,u60d1,惑,U+60D1,,,IMP,IP,waak6,"confuse, mislead, baffle; doubt",1,2,6,2,0.8,12,cj-350,10,
cj-351,cangjie,5,351,Lesson 351,第351課,P;Y;R;F;J;N;U;T;C;D;I;M;Q;A;H,P;F;U;J;T;D;I;H;A,A;C;D;F;H;I;J;M;N;P;Q;R;T;U;Y,u60d3,惓,U+60D3,,,PFQU,PU,kyun4,"careful, sincere, candid",1,2,6,2,0.8,12,cj-350,10,
cj-351,cangjie,5,351,Lesson 351,第351課,P;Y;R;F;J;N;U;T;C;D;I;M;Q;A;H,P;F;U;J;T;D;I;H;A,A;C;D;F;H;I;J;M;N;P;Q;R;T;U;Y,u60d4,惔,U+60D4,,,PFF,PF,taam4,cheerful,1,2,6,2,0.8,12,cj-350,10,
cj-351,cangjie,5,351,Lesson 351,第351課,P;Y;R;F;J;N;U;T;C;D;I;M;Q;A;H,P;F;U;J;T;D;I;H;A,A;C;D;F;H;I;J;M;N;P;Q;R;T;U;Y,u60d5,惕,U+60D5,,,PAPH,PH,tik1,"be cautious, careful, alert",1,2,6,2,0.8,12,cj-350,10,
cj-351,cangjie,5,351,Lesson 351,第351課,P;Y;R;F;J;N;U;T;C;D;I;M;Q;A;H,P;F;U;J;T;D;I;H;A,A;C;D;F;H;I;J;M;N;P;Q;R;T;U;Y,u60d6,惖,U+60D6,,,AHP,AP,tik1,respect; fear,1,2,6,2,0.8,12,cj-350,10,
cj-352,cangjie,5,352,Lesson 352,第352課,P;O;I;B;T;V;E;H;A;F;R;G;J;M,P;V;E;A;R;G;J;M,A;B;E;F;G;H;I;J;M;O;P;R;T;V,u60d7,惗,U+60D7,,,POIP,PP,nam2,"(Cant.) to think, consider",1,2,6,2,0.8,12,cj-351,10,
cj-352,cangjie,5,352,Lesson 352,第352課,P;O;I;B;T;V;E;H;A;F;R;G;J;M,P;V;E;A;R;G;J;M,A;B;E;F;G;H;I;J;M;O;P;R;T;V,u60d8,惘,U+60D8,,,PBTV,PV,mong5,"disconcerted, dejected, discouraged",1,2,6,2,0.8,12,cj-351,10,
cj-352,cangjie,5,352,Lesson 352,第352課,P;O;I;B;T;V;E;H;A;F;R;G;J;M,P;V;E;A;R;G;J;M,A;B;E;F;G;H;I;J;M;O;P;R;T;V,u60d9,惙,U+60D9,,,PEEE,PE,zyut3,"sad, melancholy, grieving, mournful",1,2,6,2,0.8,12,cj-351,10,
cj-352,cangjie,5,352,Lesson 352,第352課,P;O;I;B;T;V;E;H;A;F;R;G;J;M,P;V;E;A;R;G;J;M,A;B;E;F;G;H;I;J;M;O;P;R;T;V,u60da,惚,U+60DA,,,PPHP,PP,fat1,"absent-minded, confused",1,2,6,2,0.8,12,cj-351,10,
cj-352,cangjie,5,352,Lesson 352,第352課,P;O;I;B;T;V;E;H;A;F;R;G;J;M,P;V;E;A;R;G;J;M,A;B;E;F;G;H;I;J;M;O;P;R;T;V,u60db,惛,U+60DB,,,PHPA,PA,fan1,"confused, stupid, dull, senile",1,2,6,2,0.8,12,cj-351,10,
cj-352,cangjie,5,352,Lesson 352,第352課,P;O;I;B;T;V;E;H;A;F;R;G;J;M,P;V;E;A;R;G;J;M,A;B;E;F;G;H;I;J;M;O;P;R;T;V,u60dc,惜,U+60DC,,,PTA,PA,sik1,"pity, regret, rue, begrudge",1,2,6,2,0.8,12,cj-351,10,
cj-352,cangjie,5,352,Lesson 352,第352課,P;O;I;B;T;V;E;H;A;F;R;G;J;M,P;V;E;A;R;G;J;M,A;B;E;F;G;H;I;J;M;O;P;R;T;V,u60dd,惝,U+60DD,,,PFBR,PR,cong2,"alarmed, agitated",1,2,6,2,0.8,12,cj-351,10,
cj-352,cangjie,5,352,Lesson 352,第352課,P;O;I;B;T;V;E;H;A;F;R;G;J;M,P;V;E;A;R;G;J;M,A;B;E;F;G;H;I;J;M;O;P;R;T;V,u60df,惟,U+60DF,,,POG,PG,wai4,"but, however, nevertheless; only",1,2,6,2,0.8,12,cj-351,10,
cj-352,cangjie,5,352,Lesson 352,第352課,P;O;I;B;T;V;E;H;A;F;R;G;J;M,P;V;E;A;R;G;J;M,A;B;E;F;G;H;I;J;M;O;P;R;T;V,u60e0,惠,U+60E0,,,JIP,JP,wai6,"favor, benefit, confer kindness",1,2,6,2,0.8,12,cj-351,10,
cj-352,cangjie,5,352,Lesson 352,第352課,P;O;I;B;T;V;E;H;A;F;R;G;J;M,P;V;E;A;R;G;J;M,A;B;E;F;G;H;I;J;M;O;P;R;T;V,u60e1,惡,U+60E1,,,MMP,MP,ok3,"evil, wicked, bad, foul",1,2,6,2,0.8,12,cj-351,10,
cj-353,cangjie,5,353,Lesson 353,第353課,H;P;I;Y;R;B;M;C;K;J;E;W;S;T;Q;L,H;P;R;C;J;T;L,B;C;E;H;I;J;K;L;M;P;Q;R;S;T;W;Y,u60e3,惣,U+60E3,,,HHP,HP,zung2,overall [questionable variant],1,2,6,2,0.8,12,cj-352,10,
cj-353,cangjie,5,353,Lesson 353,第353課,H;P;I;Y;R;B;M;C;K;J;E;W;S;T;Q;L,H;P;R;C;J;T;L,B;C;E;H;I;J;K;L;M;P;Q;R;S;T;W;Y,u60e6,惦,U+60E6,,,PIYR,PR,dim3,"think of, remember, miss",1,2,6,2,0.8,12,cj-352,10,
cj-353,cangjie,5,353,Lesson 353,第353課,H;P;I;Y;R;B;M;C;K;J;E;W;S;T;Q;L,H;P;R;C;J;T;L,B;C;E;H;I;J;K;L;M;P;Q;R;S;T;W;Y,u60e7,惧,U+60E7,,,PBMC,PC,geoi6,"fear, be afraid of, dread",1,2,6,2,0.8,12,cj-352,10,
cj-353,cangjie,5,353,Lesson 353,第353課,H;P;I;Y;R;B;M;C;K;J;E;W;S;T;Q;L,H;P;R;C;J;T;L,B;C;E;H;I;J;K;L;M;P;Q;R;S;T;W;Y,u60e8,惨,U+60E8,,,PIKH,PH,caam2,"sad, pitiful, wretched; cruel",1,2,6,2,0.8,12,cj-352,10,
cj-353,cangjie,5,353,Lesson 353,第353課,H;P;I;Y;R;B;M;C;K;J;E;W;S;T;Q;L,H;P;R;C;J;T;L,B;C;E;H;I;J;K;L;M;P;Q;R;S;T;W;Y,u60e9,惩,U+60E9,,,HMP,HP,cing4,"punish, reprimand; warn",1,2,6,2,0.8,12,cj-352,10,
cj-353,cangjie,5,353,Lesson 353,第353課,H;P;I;Y;R;B;M;C;K;J;E;W;S;T;Q;L,H;P;R;C;J;T;L,B;C;E;H;I;J;K;L;M;P;Q;R;S;T;W;Y,u60ea,惪,U+60EA,,,JMP,JP,dak1,ethics,1,2,6,2,0.8,12,cj-352,10,
cj-353,cangjie,5,353,Lesson 353,第353課,H;P;I;Y;R;B;M;C;K;J;E;W;S;T;Q;L,H;P;R;C;J;T;L,B;C;E;H;I;J;K;L;M;P;Q;R;S;T;W;Y,u60eb,惫,U+60EB,,,HEWP,HP,bei6,"tired, weary, fatigued",1,2,6,2,0.8,12,cj-352,10,
cj-353,cangjie,5,353,Lesson 353,第353課,H;P;I;Y;R;B;M;C;K;J;E;W;S;T;Q;L,H;P;R;C;J;T;L,B;C;E;H;I;J;K;L;M;P;Q;R;S;T;W;Y,u60ec,惬,U+60EC,,,PSKT,PT,hip3,"be satisfied, be comfortable",1,2,6,2,0.8,12,cj-352,10,
cj-353,cangjie,5,353,Lesson 353,第353課,H;P;I;Y;R;B;M;C;K;J;E;W;S;T;Q;L,H;P;R;C;J;T;L,B;C;E;H;I;J;K;L;M;P;Q;R;S;T;W;Y,u60ed,惭,U+60ED,,,PKQL,PL,caam4,"ashamed, humiliated; shameful",1,2,6,2,0.8,12,cj-352,10,
cj-353,cangjie,5,353,Lesson 353,第353課,H;P;I;Y;R;B;M;C;K;J;E;W;S;T;Q;L,H;P;R;C;J;T;L,B;C;E;H;I;J;K;L;M;P;Q;R;S;T;W;Y,u60ee,惮,U+60EE,,,PCWJ,PJ,daan6,"dread, shrink from, shirk, fear",1,2,6,2,0.8,12,cj-352,10,
cj-354,cangjie,5,354,Lesson 354,第354課,P;W;J;O;K;M;B;V;D;U;H;A;G;Q;T;R,P;O;B;W;J;D;G;Q;T,A;B;D;G;H;J;K;M;O;P;Q;R;T;U;V;W,u60ef,惯,U+60EF,,,PWJO,PO,gwaan3,"habit, custom; habitually, usual",1,2,6,2,0.8,12,cj-353,10,
cj-354,cangjie,5,354,Lesson 354,第354課,P;W;J;O;K;M;B;V;D;U;H;A;G;Q;T;R,P;O;B;W;J;D;G;Q;T,A;B;D;G;H;J;K;M;O;P;Q;R;T;U;V;W,u60f0,惰,U+60F0,,,PKMB,PB,do6,"indolent, careless, lazy, idle",1,2,6,2,0.8,12,cj-353,10,
cj-354,cangjie,5,354,Lesson 354,第354課,P;W;J;O;K;M;B;V;D;U;H;A;G;Q;T;R,P;O;B;W;J;D;G;Q;T,A;B;D;G;H;J;K;M;O;P;Q;R;T;U;V;W,u60f1,惱,U+60F1,,,PVVW,PW,nou5,"angered, filled with hate",1,2,6,2,0.8,12,cj-353,10,
cj-354,cangjie,5,354,Lesson 354,第354課,P;W;J;O;K;M;B;V;D;U;H;A;G;Q;T;R,P;O;B;W;J;D;G;Q;T,A;B;D;G;H;J;K;M;O;P;Q;R;T;U;V;W,u60f2,惲,U+60F2,,,PBJJ,PJ,wan6,"devise, plan, deliberate; consult",1,2,6,2,0.8,12,cj-353,10,
cj-354,cangjie,5,354,Lesson 354,第354課,P;W;J;O;K;M;B;V;D;U;H;A;G;Q;T;R,P;O;B;W;J;D;G;Q;T,A;B;D;G;H;J;K;M;O;P;Q;R;T;U;V;W,u60f3,想,U+60F3,,,DUP,DP,soeng2,"think, speculate, plan, consider",1,2,6,2,0.8,12,cj-353,10,
cj-354,cangjie,5,354,Lesson 354,第354課,P;W;J;O;K;M;B;V;D;U;H;A;G;Q;T;R,P;O;B;W;J;D;G;Q;T,A;B;D;G;H;J;K;M;O;P;Q;R;T;U;V;W,u60f4,惴,U+60F4,,,PUMB,PB,zeoi3,"afraid, apprehensive, nervous",1,2,6,2,0.8,12,cj-353,10,
cj-354,cangjie,5,354,Lesson 354,第354課,P;W;J;O;K;M;B;V;D;U;H;A;G;Q;T;R,P;O;B;W;J;D;G;Q;T,A;B;D;G;H;J;K;M;O;P;Q;R;T;U;V;W,u60f6,惶,U+60F6,,,PHAG,PG,wong4,"fearful, afraid, anxious, nervous",1,2,6,2,0.8,12,cj-353,10,
cj-354,cangjie,5,354,Lesson 354,第354課,P;W;J;O;K;M;B;V;D;U;H;A;G;Q;T;R,P;O;B;W;J;D;G;Q;T,A;B;D;G;H;J;K;M;O;P;Q;R;T;U;V;W,u60f7,惷,U+60F7,,,QAP,QP,ceon2,wriggle; stupid; silly; fat,1,2,6,2,0.8,12,cj-353,10,
cj-354,cangjie,5,354,Lesson 354,第354課,P;W;J;O;K;M;B;V;D;U;H;A;G;Q;T;R,P;O;B;W;J;D;G;Q;T,A;B;D;G;H;J;K;M;O;P;Q;R;T;U;V;W,u60f8,惸,U+60F8,,,PPAD,PD,king4,"troubled, worried, distressed",1,2,6,2,0.8,12,cj-353,10,
cj-354,cangjie,5,354,Lesson 354,第354課,P;W;J;O;K;M;B;V;D;U;H;A;G;Q;T;R,P;O;B;W;J;D;G;Q;T,A;B;D;G;H;J;K;M;O;P;Q;R;T;U;V;W,u60f9,惹,U+60F9,,,TKRP,TP,je5,"irritate, vex, offend, incite",1,2,6,2,0.8,12,cj-353,10,
cj-355,cangjie,5,355,Lesson 355,第355課,P;A;H;M;B;C;N;S;R;D;F;J;O,P;M;N;B;A;F;H;O,A;B;C;D;F;H;J;M;N;O;P;R;S,u60fa,惺,U+60FA,,,PAHM,PM,sing1,"intelligent, clever, astute",1,2,6,2,0.8,12,cj-354,10,
cj-355,cangjie,5,355,Lesson 355,第355課,P;A;H;M;B;C;N;S;R;D;F;J;O,P;M;N;B;A;F;H;O,A;B;C;D;F;H;J;M;N;O;P;R;S,u60fb,惻,U+60FB,,,PBCN,PN,cak1,"feel anguish, feel compassion",1,2,6,2,0.8,12,cj-354,10,
cj-355,cangjie,5,355,Lesson 355,第355課,P;A;H;M;B;C;N;S;R;D;F;J;O,P;M;N;B;A;F;H;O,A;B;C;D;F;H;J;M;N;O;P;R;S,u60fc,惼,U+60FC,,,PHSB,PB,bin2,narrow-minded,1,2,6,2,0.8,12,cj-354,10,
cj-355,cangjie,5,355,Lesson 355,第355課,P;A;H;M;B;C;N;S;R;D;F;J;O,P;M;N;B;A;F;H;O,A;B;C;D;F;H;J;M;N;O;P;R;S,u60fd,惽,U+60FD,,,PRPA,PA,fan1,confused,1,2,6,2,0.8,12,cj-354,10,
cj-355,cangjie,5,355,Lesson 355,第355課,P;A;H;M;B;C;N;S;R;D;F;J;O,P;M;N;B;A;F;H;O,A;B;C;D;F;H;J;M;N;O;P;R;S,u6100,愀,U+6100,,,PHDF,PF,ciu2,"to change one's countenance, be anxious; to blush",1,2,6,2,0.8,12,cj-354,10,
cj-355,cangjie,5,355,Lesson 355,第355課,P;A;H;M;B;C;N;S;R;D;F;J;O,P;M;N;B;A;F;H;O,A;B;C;D;F;H;J;M;N;O;P;R;S,u6101,愁,U+6101,,,HFP,HP,sau4,"anxiety; to worry about, be anxious",1,2,6,2,0.8,12,cj-354,10,
cj-355,cangjie,5,355,Lesson 355,第355課,P;A;H;M;B;C;N;S;R;D;F;J;O,P;M;N;B;A;F;H;O,A;B;C;D;F;H;J;M;N;O;P;R;S,u6103,愃,U+6103,,,PJMM,PM,syun1,relax,1,2,6,2,0.8,12,cj-354,10,
cj-355,cangjie,5,355,Lesson 355,第355課,P;A;H;M;B;C;N;S;R;D;F;J;O,P;M;N;B;A;F;H;O,A;B;C;D;F;H;J;M;N;O;P;R;S,u6106,愆,U+6106,,,HNP,HP,hin1,"a fault, mistake, error, transgression",1,2,6,2,0.8,12,cj-354,10,
cj-355,cangjie,5,355,Lesson 355,第355課,P;A;H;M;B;C;N;S;R;D;F;J;O,P;M;N;B;A;F;H;O,A;B;C;D;F;H;J;M;N;O;P;R;S,u6108,愈,U+6108,,,OMBP,OP,jyu6,"more and more, even more",1,2,6,2,0.8,12,cj-354,10,
cj-355,cangjie,5,355,Lesson 355,第355課,P;A;H;M;B;C;N;S;R;D;F;J;O,P;M;N;B;A;F;H;O,A;B;C;D;F;H;J;M;N;O;P;R;S,u6109,愉,U+6109,,,POMN,PN,jyu4,"pleasant, delightful; please",1,2,6,2,0.8,12,cj-354,10,
cj-356,cangjie,5,356,Lesson 356,第356課,P;M;R;W;K;O;A;E;Y;T;L;V;H;S,P;W;R;E;Y;L;V;H;A;S,A;E;H;K;L;M;O;P;R;S;T;V;W;Y,u610a,愊,U+610A,,,PMRW,PW,bik1,"sincere, honest; depressed",1,2,6,2,0.8,12,cj-355,10,
cj-356,cangjie,5,356,Lesson 356,第356課,P;M;R;W;K;O;A;E;Y;T;L;V;H;S,P;W;R;E;Y;L;V;H;A;S,A;E;H;K;L;M;O;P;R;S;T;V;W;Y,u610d,愍,U+610D,,,RKP,RP,man5,"pity, sympathize with",1,2,6,2,0.8,12,cj-355,10,
cj-356,cangjie,5,356,Lesson 356,第356課,P;M;R;W;K;O;A;E;Y;T;L;V;H;S,P;W;R;E;Y;L;V;H;A;S,A;E;H;K;L;M;O;P;R;S;T;V;W;Y,u610e,愎,U+610E,,,POAE,PE,bik1,"obstinate, stubborn, headstrong",1,2,6,2,0.8,12,cj-355,10,
cj-356,cangjie,5,356,Lesson 356,第356課,P;M;R;W;K;O;A;E;Y;T;L;V;H;S,P;W;R;E;Y;L;V;H;A;S,A;E;H;K;L;M;O;P;R;S;T;V;W;Y,u610f,意,U+610F,,,YTAP,YP,ji3,"thought, idea, opinion; think",1,2,6,2,0.8,12,cj-355,10,
cj-356,cangjie,5,356,Lesson 356,第356課,P;M;R;W;K;O;A;E;Y;T;L;V;H;S,P;W;R;E;Y;L;V;H;A;S,A;E;H;K;L;M;O;P;R;S;T;V;W;Y,u6110,愐,U+6110,,,PMWL,PL,min5,bashful; to consider,1,2,6,2,0.8,12,cj-355,10,
cj-356,cangjie,5,356,Lesson 356,第356課,P;M;R;W;K;O;A;E;Y;T;L;V;H;S,P;W;R;E;Y;L;V;H;A;S,A;E;H;K;L;M;O;P;R;S;T;V;W;Y,u6112,愒,U+6112,,,PAPV,PV,koi3,"rest, stop",1,2,6,2,0.8,12,cj-355,10,
cj-356,cangjie,5,356,Lesson 356,第356課,P;M;R;W;K;O;A;E;Y;T;L;V;H;S,P;W;R;E;Y;L;V;H;A;S,A;E;H;K;L;M;O;P;R;S;T;V;W;Y,u6113,愓,U+6113,,,PAMH,PH,dong6,profligate,1,2,6,2,0.8,12,cj-355,10,
cj-356,cangjie,5,356,Lesson 356,第356課,P;M;R;W;K;O;A;E;Y;T;L;V;H;S,P;W;R;E;Y;L;V;H;A;S,A;E;H;K;L;M;O;P;R;S;T;V;W;Y,u6114,愔,U+6114,,,PYTA,PA,jam1,"comfortable, contented, peaceful",1,2,6,2,0.8,12,cj-355,10,
cj-356,cangjie,5,356,Lesson 356,第356課,P;M;R;W;K;O;A;E;Y;T;L;V;H;S,P;W;R;E;Y;L;V;H;A;S,A;E;H;K;L;M;O;P;R;S;T;V;W;Y,u6115,愕,U+6115,,,PRRS,PS,ngok6,"startled, alarmed, astonished",1,2,6,2,0.8,12,cj-355,10,
cj-356,cangjie,5,356,Lesson 356,第356課,P;M;R;W;K;O;A;E;Y;T;L;V;H;S,P;W;R;E;Y;L;V;H;A;S,A;E;H;K;L;M;O;P;R;S;T;V;W;Y,u6116,愖,U+6116,,,PTMV,PV,sam4,to hesitate,1,2,6,2,0.8,12,cj-355,10,
cj-357,cangjie,5,357,Lesson 357,第357課,J;H;R;P;W;B;E;S;K;O;M;I;A;T;L,J;P;W;B;E;O;K;I;T;S,A;B;E;H;I;J;K;L;M;O;P;R;S;T;W,u6119,愙,U+6119,,,JHRP,JP,kok3,"respectful, reverent",1,2,6,2,0.8,12,cj-356,10,
cj-357,cangjie,5,357,Lesson 357,第357課,J;H;R;P;W;B;E;S;K;O;M;I;A;T;L,J;P;W;B;E;O;K;I;T;S,A;B;E;H;I;J;K;L;M;O;P;R;S;T;W,u611a,愚,U+611A,,,WBP,WP,jyu4,"stupid, doltish, foolish",1,2,6,2,0.8,12,cj-356,10,
cj-357,cangjie,5,357,Lesson 357,第357課,J;H;R;P;W;B;E;S;K;O;M;I;A;T;L,J;P;W;B;E;O;K;I;T;S,A;B;E;H;I;J;K;L;M;O;P;R;S;T;W,u611b,愛,U+611B,,,BBPE,BE,oi3,"love, be fond of, like",1,2,6,2,0.8,12,cj-356,10,
cj-357,cangjie,5,357,Lesson 357,第357課,J;H;R;P;W;B;E;S;K;O;M;I;A;T;L,J;P;W;B;E;O;K;I;T;S,A;B;E;H;I;J;K;L;M;O;P;R;S;T;W,u611c,愜,U+611C,,,PSKO,PO,hip3,"be satisfied, be comfortable",1,2,6,2,0.8,12,cj-356,10,
cj-357,cangjie,5,357,Lesson 357,第357課,J;H;R;P;W;B;E;S;K;O;M;I;A;T;L,J;P;W;B;E;O;K;I;T;S,A;B;E;H;I;J;K;L;M;O;P;R;S;T;W,u611e,愞,U+611E,,,PMBK,PK,no6,"timid, apprehensive",1,2,6,2,0.8,12,cj-356,10,
cj-357,cangjie,5,357,Lesson 357,第357課,J;H;R;P;W;B;E;S;K;O;M;I;A;T;L,J;P;W;B;E;O;K;I;T;S,A;B;E;H;I;J;K;L;M;O;P;R;S;T;W,u611f,感,U+611F,,,IRP,IP,gam2,"feel, perceive, emotion",1,2,6,2,0.8,12,cj-356,10,
cj-357,cangjie,5,357,Lesson 357,第357課,J;H;R;P;W;B;E;S;K;O;M;I;A;T;L,J;P;W;B;E;O;K;I;T;S,A;B;E;H;I;J;K;L;M;O;P;R;S;T;W,u6120,愠,U+6120,,,PABT,PT,wan3,angry,1,2,6,2,0.8,12,cj-356,10,
cj-357,cangjie,5,357,Lesson 357,第357課,J;H;R;P;W;B;E;S;K;O;M;I;A;T;L,J;P;W;B;E;O;K;I;T;S,A;B;E;H;I;J;K;L;M;O;P;R;S;T;W,u6121,愡,U+6121,,,PPKP,PP,zung2,"absent-minded, confused",1,2,6,2,0.8,12,cj-356,10,
cj-357,cangjie,5,357,Lesson 357,第357課,J;H;R;P;W;B;E;S;K;O;M;I;A;T;L,J;P;W;B;E;O;K;I;T;S,A;B;E;H;I;J;K;L;M;O;P;R;S;T;W,u6122,愢,U+6122,,,PWP,PP,soi1,hesitant; modest,1,2,6,2,0.8,12,cj-356,10,
cj-357,cangjie,5,357,Lesson 357,第357課,J;H;R;P;W;B;E;S;K;O;M;I;A;T;L,J;P;W;B;E;O;K;I;T;S,A;B;E;H;I;J;K;L;M;O;P;R;S;T;W,u6123,愣,U+6123,,,PWLS,PS,ling6,be in a daze,1,2,6,2,0.8,12,cj-356,10,
cj-358,cangjie,5,358,Lesson 358,第358課,P;J;T;O;L;M;H;U;I;G;E;R;B;C;Q;F;A,P;O;I;G;C;F;T;U;R,A;B;C;E;F;G;H;I;J;L;M;O;P;Q;R;T;U,u6124,愤,U+6124,,,PJTO,PO,fan5,"resent, hate; indignant",1,2,6,2,0.8,12,cj-357,10,
cj-358,cangjie,5,358,Lesson 358,第358課,P;J;T;O;L;M;H;U;I;G;E;R;B;C;Q;F;A,P;O;I;G;C;F;T;U;R,A;B;C;E;F;G;H;I;J;L;M;O;P;Q;R;T;U,u6126,愦,U+6126,,,PLMO,PO,kui2,"confused, troubled, muddle-headed",1,2,6,2,0.8,12,cj-357,10,
cj-358,cangjie,5,358,Lesson 358,第358課,P;J;T;O;L;M;H;U;I;G;E;R;B;C;Q;F;A,P;O;I;G;C;F;T;U;R,A;B;C;E;F;G;H;I;J;L;M;O;P;Q;R;T;U,u6127,愧,U+6127,,,PHUI,PI,kwai5,"ashamed, conscience-stricken",1,2,6,2,0.8,12,cj-357,10,
cj-358,cangjie,5,358,Lesson 358,第358課,P;J;T;O;L;M;H;U;I;G;E;R;B;C;Q;F;A,P;O;I;G;C;F;T;U;R,A;B;C;E;F;G;H;I;J;L;M;O;P;Q;R;T;U,u6128,愨,U+6128,,,GEP,GP,kok3,"sincerity, honesty; cautious",1,2,6,2,0.8,12,cj-357,10,
cj-358,cangjie,5,358,Lesson 358,第358課,P;J;T;O;L;M;H;U;I;G;E;R;B;C;Q;F;A,P;O;I;G;C;F;T;U;R,A;B;C;E;F;G;H;I;J;L;M;O;P;Q;R;T;U,u612a,愪,U+612A,,,PRBC,PC,wan4,"to be grieved, sad",1,2,6,2,0.8,12,cj-357,10,
cj-358,cangjie,5,358,Lesson 358,第358課,P;J;T;O;L;M;H;U;I;G;E;R;B;C;Q;F;A,P;O;I;G;C;F;T;U;R,A;B;C;E;F;G;H;I;J;L;M;O;P;Q;R;T;U,u612b,愫,U+612B,,,PQMF,PF,sou3,"guileless, sincere, honest",1,2,6,2,0.8,12,cj-357,10,
cj-358,cangjie,5,358,Lesson 358,第358課,P;J;T;O;L;M;H;U;I;G;E;R;B;C;Q;F;A,P;O;I;G;C;F;T;U;R,A;B;C;E;F;G;H;I;J;L;M;O;P;Q;R;T;U,u612c,愬,U+612C,,,TBP,TP,saak3,accuse; sue; inform; narrate,1,2,6,2,0.8,12,cj-357,10,
cj-358,cangjie,5,358,Lesson 358,第358課,P;J;T;O;L;M;H;U;I;G;E;R;B;C;Q;F;A,P;O;I;G;C;F;T;U;R,A;B;C;E;F;G;H;I;J;L;M;O;P;Q;R;T;U,u612e,愮,U+612E,,,PBOU,PU,jiu4,"distressed, agitated",1,2,6,2,0.8,12,cj-357,10,
cj-358,cangjie,5,358,Lesson 358,第358課,P;J;T;O;L;M;H;U;I;G;E;R;B;C;Q;F;A,P;O;I;G;C;F;T;U;R,A;B;C;E;F;G;H;I;J;L;M;O;P;Q;R;T;U,u6130,愰,U+6130,,,PAFU,PU,fong2,clearness of mind; doubtful; uncertain,1,2,6,2,0.8,12,cj-357,10,
cj-358,cangjie,5,358,Lesson 358,第358課,P;J;T;O;L;M;H;U;I;G;E;R;B;C;Q;F;A,P;O;I;G;C;F;T;U;R,A;B;C;E;F;G;H;I;J;L;M;O;P;Q;R;T;U,u6134,愴,U+6134,,,POIR,PR,cong3,"sad, broken-hearted, disconsolate",1,2,6,2,0.8,12,cj-357,10,
cj-359,cangjie,5,359,Lesson 359,第359課,P;U;M;T;N;F;B;C;I;O;D;W;E,P;T;N;C;I;D;M;W;E,B;C;D;E;F;I;M;N;O;P;T;U;W,u6137,愷,U+6137,,,PUMT,PT,hoi2,"enjoy, be contented, joyful",1,2,6,2,0.8,12,cj-358,10,
cj-359,cangjie,5,359,Lesson 359,第359課,P;U;M;T;N;F;B;C;I;O;D;W;E,P;T;N;C;I;D;M;W;E,B;C;D;E;F;I;M;N;O;P;T;U;W,u613b,愻,U+613B,,,NFP,NP,seon3,"to yield, accord; humble, modest",1,2,6,2,0.8,12,cj-358,10,
cj-359,cangjie,5,359,Lesson 359,第359課,P;U;M;T;N;F;B;C;I;O;D;W;E,P;T;N;C;I;D;M;W;E,B;C;D;E;F;I;M;N;O;P;T;U;W,u613c,愼,U+613C,,,PPBC,PC,san6,"act with care, be cautious",1,2,6,2,0.8,12,cj-358,10,
cj-359,cangjie,5,359,Lesson 359,第359課,P;U;M;T;N;F;B;C;I;O;D;W;E,P;T;N;C;I;D;M;W;E,B;C;D;E;F;I;M;N;O;P;T;U;W,u613d,愽,U+613D,,,PIBI,PI,bok3,"gamble, play games; wide, broad",1,2,6,2,0.8,12,cj-358,10,
cj-359,cangjie,5,359,Lesson 359,第359課,P;U;M;T;N;F;B;C;I;O;D;W;E,P;T;N;C;I;D;M;W;E,B;C;D;E;F;I;M;N;O;P;T;U;W,u613e,愾,U+613E,,,POND,PD,koi3,"anger, wrath, hatred, enmity",1,2,6,2,0.8,12,cj-358,10,
cj-359,cangjie,5,359,Lesson 359,第359課,P;U;M;T;N;F;B;C;I;O;D;W;E,P;T;N;C;I;D;M;W;E,B;C;D;E;F;I;M;N;O;P;T;U;W,u613f,愿,U+613F,,,MFP,MP,jyun6,"sincere, honest, virtuous",1,2,6,2,0.8,12,cj-358,10,
cj-359,cangjie,5,359,Lesson 359,第359課,P;U;M;T;N;F;B;C;I;O;D;W;E,P;T;N;C;I;D;M;W;E,B;C;D;E;F;I;M;N;O;P;T;U;W,u6141,慁,U+6141,,,WOP,WP,wan6,"dishonor, disobey; insult",1,2,6,2,0.8,12,cj-358,10,
cj-359,cangjie,5,359,Lesson 359,第359課,P;U;M;T;N;F;B;C;I;O;D;W;E,P;T;N;C;I;D;M;W;E,B;C;D;E;F;I;M;N;O;P;T;U;W,u6142,慂,U+6142,,,EBP,EP,jung2,"urge, incite, egg-on",1,2,6,2,0.8,12,cj-358,10,
cj-359,cangjie,5,359,Lesson 359,第359課,P;U;M;T;N;F;B;C;I;O;D;W;E,P;T;N;C;I;D;M;W;E,B;C;D;E;F;I;M;N;O;P;T;U;W,u6144,慄,U+6144,,,PMWD,PD,leot6,"shiver, shudder, tremble; tremble",1,2,6,2,0.8,12,cj-358,10,
cj-359,cangjie,5,359,Lesson 359,第359課,P;U;M;T;N;F;B;C;I;O;D;W;E,P;T;N;C;I;D;M;W;E,B;C;D;E;F;I;M;N;O;P;T;U;W,u6145,慅,U+6145,,,PEII,PI,cou2,agitated,1,2,6,2,0.8,12,cj-358,10,
cj-360,cangjie,5,360,Lesson 360,第360課,P;B;H;X;E;T;V;I;Y;W;C;U;O;J;S,P;X;H;T;W;C;I;U;E,B;C;E;H;I;J;O;P;S;T;U;V;W;X;Y,u6146,慆,U+6146,,,PBHX,PX,tou1,"excessive, dissolute; delighted",1,2,6,2,0.8,12,cj-359,10,
cj-360,cangjie,5,360,Lesson 360,第360課,P;B;H;X;E;T;V;I;Y;W;C;U;O;J;S,P;X;H;T;W;C;I;U;E,B;C;E;H;I;J;O;P;S;T;U;V;W;X;Y,u6147,慇,U+6147,,,HEP,HP,jan1,"careful, anxious, attentive",1,2,6,2,0.8,12,cj-359,10,
cj-360,cangjie,5,360,Lesson 360,第360課,P;B;H;X;E;T;V;I;Y;W;C;U;O;J;S,P;X;H;T;W;C;I;U;E,B;C;E;H;I;J;O;P;S;T;U;V;W;X;Y,u6148,慈,U+6148,,,TVIP,TP,ci4,"kind, charitable, benevolent",1,2,6,2,0.8,12,cj-359,10,
cj-360,cangjie,5,360,Lesson 360,第360課,P;B;H;X;E;T;V;I;Y;W;C;U;O;J;S,P;X;H;T;W;C;I;U;E,B;C;E;H;I;J;O;P;S;T;U;V;W;X;Y,u6149,慉,U+6149,,,PYVW,PW,cuk1,to bring up; to raise,1,2,6,2,0.8,12,cj-359,10,
cj-360,cangjie,5,360,Lesson 360,第360課,P;B;H;X;E;T;V;I;Y;W;C;U;O;J;S,P;X;H;T;W;C;I;U;E,B;C;E;H;I;J;O;P;S;T;U;V;W;X;Y,u614a,慊,U+614A,,,PTXC,PC,him3,to resent; contended; satisfied,1,2,6,2,0.8,12,cj-359,10,
cj-360,cangjie,5,360,Lesson 360,第360課,P;B;H;X;E;T;V;I;Y;W;C;U;O;J;S,P;X;H;T;W;C;I;U;E,B;C;E;H;I;J;O;P;S;T;U;V;W;X;Y,u614b,態,U+614B,,,IPP,IP,taai3,"manner, bearing, attitude",1,2,6,2,0.8,12,cj-359,10,
cj-360,cangjie,5,360,Lesson 360,第360課,P;B;H;X;E;T;V;I;Y;W;C;U;O;J;S,P;X;H;T;W;C;I;U;E,B;C;E;H;I;J;O;P;S;T;U;V;W;X;Y,u614c,慌,U+614C,,,PTYU,PU,fong1,"nervous, panicky, frantic",1,2,6,2,0.8,12,cj-359,10,
cj-360,cangjie,5,360,Lesson 360,第360課,P;B;H;X;E;T;V;I;Y;W;C;U;O;J;S,P;X;H;T;W;C;I;U;E,B;C;E;H;I;J;O;P;S;T;U;V;W;X;Y,u614d,慍,U+614D,,,PWOT,PT,wan3,"angry, indignant, resentful",1,2,6,2,0.8,12,cj-359,10,
cj-360,cangjie,5,360,Lesson 360,第360課,P;B;H;X;E;T;V;I;Y;W;C;U;O;J;S,P;X;H;T;W;C;I;U;E,B;C;E;H;I;J;O;P;S;T;U;V;W;X;Y,u614e,慎,U+614E,,,PJBC,PC,san6,"act with care, be cautious",1,2,6,2,0.8,12,cj-359,10,
cj-360,cangjie,5,360,Lesson 360,第360課,P;B;H;X;E;T;V;I;Y;W;C;U;O;J;S,P;X;H;T;W;C;I;U;E,B;C;E;H;I;J;O;P;S;T;U;V;W;X;Y,u6151,慑,U+6151,,,PSJE,PE,sip3,"afraid, scared, fearful",1,2,6,2,0.8,12,cj-359,10,
cj-361,cangjie,5,361,Lesson 361,第361課,P;M;W;F;T;A;K;I;H;J;L;O;S;R;Y;G;E,P;F;T;H;J;L;O;S;E,A;E;F;G;H;I;J;K;L;M;O;P;R;S;T;W;Y,u6153,慓,U+6153,,,PMWF,PF,piu5,nimble,1,2,6,2,0.8,12,cj-360,10,
cj-361,cangjie,5,361,Lesson 361,第361課,P;M;W;F;T;A;K;I;H;J;L;O;S;R;Y;G;E,P;F;T;H;J;L;O;S;E,A;E;F;G;H;I;J;K;L;M;O;P;R;S;T;W;Y,u6155,慕,U+6155,,,TAKP,TP,mou6,"long for, desire; admire",1,2,6,2,0.8,12,cj-360,10,
cj-361,cangjie,5,361,Lesson 361,第361課,P;M;W;F;T;A;K;I;H;J;L;O;S;R;Y;G;E,P;F;T;H;J;L;O;S;E,A;E;F;G;H;I;J;K;L;M;O;P;R;S;T;W;Y,u6158,慘,U+6158,,,PIIH,PH,caam2,"sad, pitiful, wretched; cruel",1,2,6,2,0.8,12,cj-360,10,
cj-361,cangjie,5,361,Lesson 361,第361課,P;M;W;F;T;A;K;I;H;J;L;O;S;R;Y;G;E,P;F;T;H;J;L;O;S;E,A;E;F;G;H;I;J;K;L;M;O;P;R;S;T;W;Y,u6159,慙,U+6159,,,JLP,JP,caam4,"ashamed, humiliated; shameful",1,2,6,2,0.8,12,cj-360,10,
cj-361,cangjie,5,361,Lesson 361,第361課,P;M;W;F;T;A;K;I;H;J;L;O;S;R;Y;G;E,P;F;T;H;J;L;O;S;E,A;E;F;G;H;I;J;K;L;M;O;P;R;S;T;W;Y,u615a,慚,U+615A,,,PJJL,PL,caam4,"ashamed, humiliated; shameful",1,2,6,2,0.8,12,cj-360,10,
cj-361,cangjie,5,361,Lesson 361,第361課,P;M;W;F;T;A;K;I;H;J;L;O;S;R;Y;G;E,P;F;T;H;J;L;O;S;E,A;E;F;G;H;I;J;K;L;M;O;P;R;S;T;W;Y,u615c,慜,U+615C,,,OKP,OP,man5,name of a monk in Tang dynasty,1,2,6,2,0.8,12,cj-360,10,
cj-361,cangjie,5,361,Lesson 361,第361課,P;M;W;F;T;A;K;I;H;J;L;O;S;R;Y;G;E,P;F;T;H;J;L;O;S;E,A;E;F;G;H;I;J;K;L;M;O;P;R;S;T;W;Y,u615d,慝,U+615D,,,SRP,SP,tik1,"do evil in secret; evil, vice",1,2,6,2,0.8,12,cj-360,10,
cj-361,cangjie,5,361,Lesson 361,第361課,P;M;W;F;T;A;K;I;H;J;L;O;S;R;Y;G;E,P;F;T;H;J;L;O;S;E,A;E;F;G;H;I;J;K;L;M;O;P;R;S;T;W;Y,u615e,慞,U+615E,,,PYTJ,PJ,zoeng1,"terrified, alarmed",1,2,6,2,0.8,12,cj-360,10,
cj-361,cangjie,5,361,Lesson 361,第361課,P;M;W;F;T;A;K;I;H;J;L;O;S;R;Y;G;E,P;F;T;H;J;L;O;S;E,A;E;F;G;H;I;J;K;L;M;O;P;R;S;T;W;Y,u615f,慟,U+615F,,,PHGS,PS,dung6,"sadness, grief; mourn; be moved",1,2,6,2,0.8,12,cj-360,10,
cj-361,cangjie,5,361,Lesson 361,第361課,P;M;W;F;T;A;K;I;H;J;L;O;S;R;Y;G;E,P;F;T;H;J;L;O;S;E,A;E;F;G;H;I;J;K;L;M;O;P;R;S;T;W;Y,u6162,慢,U+6162,,,PAWE,PE,maan6,"slow(ly), leisurely, sluggish",1,2,6,2,0.8,12,cj-360,10,
cj-362,cangjie,5,362,Lesson 362,第362課,P;W;J;C;G;E;Y;H;R;Q;S;M;A;I;U;O;T;L;D;K,P;C;G;R;Q;U;H;M;D;Y,A;C;D;E;G;H;I;J;K;L;M;O;P;Q;R;S;T;U;W;Y,u6163,慣,U+6163,,,PWJC,PC,gwaan3,"habit, custom; habitually, usually",1,2,6,2,0.8,12,cj-361,10,
cj-362,cangjie,5,362,Lesson 362,第362課,P;W;J;C;G;E;Y;H;R;Q;S;M;A;I;U;O;T;L;D;K,P;C;G;R;Q;U;H;M;D;Y,A;C;D;E;G;H;I;J;K;L;M;O;P;Q;R;S;T;U;W;Y,u6164,慤,U+6164,,,GEP,GP,kok3,"sincerity, honesty; modest",1,2,6,2,0.8,12,cj-361,10,
cj-362,cangjie,5,362,Lesson 362,第362課,P;W;J;C;G;E;Y;H;R;Q;S;M;A;I;U;O;T;L;D;K,P;C;G;R;Q;U;H;M;D;Y,A;C;D;E;G;H;I;J;K;L;M;O;P;Q;R;S;T;U;W;Y,u6165,慥,U+6165,,,PYHR,PR,zou6,"sincere, earnest",1,2,6,2,0.8,12,cj-361,10,
cj-362,cangjie,5,362,Lesson 362,第362課,P;W;J;C;G;E;Y;H;R;Q;S;M;A;I;U;O;T;L;D;K,P;C;G;R;Q;U;H;M;D;Y,A;C;D;E;G;H;I;J;K;L;M;O;P;Q;R;S;T;U;W;Y,u6167,慧,U+6167,,,QJSMP,QP,wai6,"bright, intelligent; intelligence",1,2,6,2,0.8,12,cj-361,10,
cj-362,cangjie,5,362,Lesson 362,第362課,P;W;J;C;G;E;Y;H;R;Q;S;M;A;I;U;O;T;L;D;K,P;C;G;R;Q;U;H;M;D;Y,A;C;D;E;G;H;I;J;K;L;M;O;P;Q;R;S;T;U;W;Y,u6168,慨,U+6168,,,PAIU,PU,koi3,"sigh, regret; generous",1,2,6,2,0.8,12,cj-361,10,
cj-362,cangjie,5,362,Lesson 362,第362課,P;W;J;C;G;E;Y;H;R;Q;S;M;A;I;U;O;T;L;D;K,P;C;G;R;Q;U;H;M;D;Y,A;C;D;E;G;H;I;J;K;L;M;O;P;Q;R;S;T;U;W;Y,u616a,慪,U+616A,,,PSRR,PR,au3,annoyed,1,2,6,2,0.8,12,cj-361,10,
cj-362,cangjie,5,362,Lesson 362,第362課,P;W;J;C;G;E;Y;H;R;Q;S;M;A;I;U;O;T;L;D;K,P;C;G;R;Q;U;H;M;D;Y,A;C;D;E;G;H;I;J;K;L;M;O;P;Q;R;S;T;U;W;Y,u616b,慫,U+616B,,,HOP,HP,sung2,"to alarm; to instigate, arouse, incite",1,2,6,2,0.8,12,cj-361,10,
cj-362,cangjie,5,362,Lesson 362,第362課,P;W;J;C;G;E;Y;H;R;Q;S;M;A;I;U;O;T;L;D;K,P;C;G;R;Q;U;H;M;D;Y,A;C;D;E;G;H;I;J;K;L;M;O;P;Q;R;S;T;U;W;Y,u616c,慬,U+616C,,,PTLM,PM,kan4,brave; cautious; sad,1,2,6,2,0.8,12,cj-361,10,
cj-362,cangjie,5,362,Lesson 362,第362課,P;W;J;C;G;E;Y;H;R;Q;S;M;A;I;U;O;T;L;D;K,P;C;G;R;Q;U;H;M;D;Y,A;C;D;E;G;H;I;J;K;L;M;O;P;Q;R;S;T;U;W;Y,u616d,慭,U+616D,,,DKP,DP,jan6,cautious; willing; but,1,2,6,2,0.8,12,cj-361,10,
cj-362,cangjie,5,362,Lesson 362,第362課,P;W;J;C;G;E;Y;H;R;Q;S;M;A;I;U;O;T;L;D;K,P;C;G;R;Q;U;H;M;D;Y,A;C;D;E;G;H;I;J;K;L;M;O;P;Q;R;S;T;U;W;Y,u616e,慮,U+616E,,,YPWP,YP,leoi6,"be concerned, worry about",1,2,6,2,0.8,12,cj-361,10,
cj-363,cangjie,5,363,Lesson 363,第363課,S;I;P;J;E;G;M;A;L;B;X;V;F;H,S;P;I;G;A;B;E;V;F,A;B;E;F;G;H;I;J;L;M;P;S;V;X,u6170,慰,U+6170,,,SIP,SP,wai3,"comfort, console, calm",1,2,6,2,0.8,12,cj-362,10,
cj-363,cangjie,5,363,Lesson 363,第363課,S;I;P;J;E;G;M;A;L;B;X;V;F;H,S;P;I;G;A;B;E;V;F,A;B;E;F;G;H;I;J;L;M;P;S;V;X,u6171,慱,U+6171,,,PJII,PI,tyun4,sad,1,2,6,2,0.8,12,cj-362,10,
cj-363,cangjie,5,363,Lesson 363,第363課,S;I;P;J;E;G;M;A;L;B;X;V;F;H,S;P;I;G;A;B;E;V;F,A;B;E;F;G;H;I;J;L;M;P;S;V;X,u6173,慳,U+6173,,,PSEG,PG,haan1,"miserly, parsimonious, stingy",1,2,6,2,0.8,12,cj-362,10,
cj-363,cangjie,5,363,Lesson 363,第363課,S;I;P;J;E;G;M;A;L;B;X;V;F;H,S;P;I;G;A;B;E;V;F,A;B;E;F;G;H;I;J;L;M;P;S;V;X,u6174,慴,U+6174,,,PSMA,PA,sip3,"fear; terrified, fearful; fear",1,2,6,2,0.8,12,cj-362,10,
cj-363,cangjie,5,363,Lesson 363,第363課,S;I;P;J;E;G;M;A;L;B;X;V;F;H,S;P;I;G;A;B;E;V;F,A;B;E;F;G;H;I;J;L;M;P;S;V;X,u6175,慵,U+6175,,,PILB,PB,jung4,"indolent, easy-going, lazy",1,2,6,2,0.8,12,cj-362,10,
cj-363,cangjie,5,363,Lesson 363,第363課,S;I;P;J;E;G;M;A;L;B;X;V;F;H,S;P;I;G;A;B;E;V;F,A;B;E;F;G;H;I;J;L;M;P;S;V;X,u6176,慶,U+6176,,,IXE,IE,hing3,"congratulate, celebrate",1,2,6,2,0.8,12,cj-362,10,
cj-363,cangjie,5,363,Lesson 363,第363課,S;I;P;J;E;G;M;A;L;B;X;V;F;H,S;P;I;G;A;B;E;V;F,A;B;E;F;G;H;I;J;L;M;P;S;V;X,u6177,慷,U+6177,,,PILE,PE,kong2,"ardent; generous, magnanimous",1,2,6,2,0.8,12,cj-362,10,
cj-363,cangjie,5,363,Lesson 363,第363課,S;I;P;J;E;G;M;A;L;B;X;V;F;H,S;P;I;G;A;B;E;V;F,A;B;E;F;G;H;I;J;L;M;P;S;V;X,u617a,慺,U+617A,,,PLLV,PV,lau4,"(simplified form of 慺) diligent; industrious; sedulous, to encourage; to make efforts",1,2,6,2,0.8,12,cj-362,10,
cj-363,cangjie,5,363,Lesson 363,第363課,S;I;P;J;E;G;M;A;L;B;X;V;F;H,S;P;I;G;A;B;E;V;F,A;B;E;F;G;H;I;J;L;M;P;S;V;X,u617c,慼,U+617C,,,IFP,IP,cik1,"sorrowful, mournful; sorrow",1,2,6,2,0.8,12,cj-362,10,
cj-363,cangjie,5,363,Lesson 363,第363課,S;I;P;J;E;G;M;A;L;B;X;V;F;H,S;P;I;G;A;B;E;V;F,A;B;E;F;G;H;I;J;L;M;P;S;V;X,u617d,慽,U+617D,,,PIHF,PF,cik1,"sorrowful, mournful; sorrow",1,2,6,2,0.8,12,cj-362,10,
cj-364,cangjie,5,364,Lesson 364,第364課,C;O;P;S;M;H;B;E;Q;X;T;F;K;W;A;D,C;P;H;M;E;Q;O;F;B;A,A;B;C;D;E;F;H;K;M;O;P;Q;S;T;W;X,u617e,慾,U+617E,,,COP,CP,juk6,"lust, desire, passion; appetite",1,2,6,2,0.8,12,cj-363,10,
cj-364,cangjie,5,364,Lesson 364,第364課,C;O;P;S;M;H;B;E;Q;X;T;F;K;W;A;D,C;P;H;M;E;Q;O;F;B;A,A;B;C;D;E;F;H;K;M;O;P;Q;S;T;W;X,u6180,憀,U+6180,,,PSMH,PH,liu4,to rely on,1,2,6,2,0.8,12,cj-363,10,
cj-364,cangjie,5,364,Lesson 364,第364課,C;O;P;S;M;H;B;E;Q;X;T;F;K;W;A;D,C;P;H;M;E;Q;O;F;B;A,A;B;C;D;E;F;H;K;M;O;P;Q;S;T;W;X,u6182,憂,U+6182,,,MBPHE,ME,jau1,"sad, grieved; grief, melancholy",1,2,6,2,0.8,12,cj-363,10,
cj-364,cangjie,5,364,Lesson 364,第364課,C;O;P;S;M;H;B;E;Q;X;T;F;K;W;A;D,C;P;H;M;E;Q;O;F;B;A,A;B;C;D;E;F;H;K;M;O;P;Q;S;T;W;X,u6183,憃,U+6183,,,QXP,QP,cung1,"foolish, stupid, dull, silly",1,2,6,2,0.8,12,cj-363,10,
cj-364,cangjie,5,364,Lesson 364,第364課,C;O;P;S;M;H;B;E;Q;X;T;F;K;W;A;D,C;P;H;M;E;Q;O;F;B;A,A;B;C;D;E;F;H;K;M;O;P;Q;S;T;W;X,u6187,憇,U+6187,,,HTP,HP,hei3,"rest, take rest",1,2,6,2,0.8,12,cj-363,10,
cj-364,cangjie,5,364,Lesson 364,第364課,C;O;P;S;M;H;B;E;Q;X;T;F;K;W;A;D,C;P;H;M;E;Q;O;F;B;A,A;B;C;D;E;F;H;K;M;O;P;Q;S;T;W;X,u618a,憊,U+618A,,,OBP,OP,bei6,"tired, weary, fatigued",1,2,6,2,0.8,12,cj-363,10,
cj-364,cangjie,5,364,Lesson 364,第364課,C;O;P;S;M;H;B;E;Q;X;T;F;K;W;A;D,C;P;H;M;E;Q;O;F;B;A,A;B;C;D;E;F;H;K;M;O;P;Q;S;T;W;X,u618b,憋,U+618B,,,FKP,FP,bit3,to suppress inner feelings; hasty,1,2,6,2,0.8,12,cj-363,10,
cj-364,cangjie,5,364,Lesson 364,第364課,C;O;P;S;M;H;B;E;Q;X;T;F;K;W;A;D,C;P;H;M;E;Q;O;F;B;A,A;B;C;D;E;F;H;K;M;O;P;Q;S;T;W;X,u618d,憍,U+618D,,,PHKB,PB,giu1,"be haughty, proud, arrogant",1,2,6,2,0.8,12,cj-363,10,
cj-364,cangjie,5,364,Lesson 364,第364課,C;O;P;S;M;H;B;E;Q;X;T;F;K;W;A;D,C;P;H;M;E;Q;O;F;B;A,A;B;C;D;E;F;H;K;M;O;P;Q;S;T;W;X,u618e,憎,U+618E,,,PCWA,PA,zang1,"hate, detest, abhor; hatred",1,2,6,2,0.8,12,cj-363,10,
cj-364,cangjie,5,364,Lesson 364,第364課,C;O;P;S;M;H;B;E;Q;X;T;F;K;W;A;D,C;P;H;M;E;Q;O;F;B;A,A;B;C;D;E;F;H;K;M;O;P;Q;S;T;W;X,u6190,憐,U+6190,,,PFDQ,PQ,lin4,"pity, sympathize",1,2,6,2,0.8,12,cj-363,10,
cj-365,cangjie,5,365,Lesson 365,第365課,I;F;P;L;M;C;J;O;G;D;K;R;T;Y,I;P;C;F;D;R;G;J;Y,C;D;F;G;I;J;K;L;M;O;P;R;T;Y,u6191,憑,U+6191,,,IFP,IP,pang4,"lean on, depend on, rely on",1,2,6,2,0.8,12,cj-364,10,
cj-365,cangjie,5,365,Lesson 365,第365課,I;F;P;L;M;C;J;O;G;D;K;R;T;Y,I;P;C;F;D;R;G;J;Y,C;D;F;G;I;J;K;L;M;O;P;R;T;Y,u6192,憒,U+6192,,,PLMC,PC,kui2,"confused, troubled, muddle-headed",1,2,6,2,0.8,12,cj-364,10,
cj-365,cangjie,5,365,Lesson 365,第365課,I;F;P;L;M;C;J;O;G;D;K;R;T;Y,I;P;C;F;D;R;G;J;Y,C;D;F;G;I;J;K;L;M;O;P;R;T;Y,u6193,憓,U+6193,,,PJIP,PP,wai6,"benefit, favor; follow, obey",1,2,6,2,0.8,12,cj-364,10,
cj-365,cangjie,5,365,Lesson 365,第365課,I;F;P;L;M;C;J;O;G;D;K;R;T;Y,I;P;C;F;D;R;G;J;Y,C;D;F;G;I;J;K;L;M;O;P;R;T;Y,u6194,憔,U+6194,,,POGF,PF,ciu4,"be worn-out, emaciated, haggard",1,2,6,2,0.8,12,cj-364,10,
cj-365,cangjie,5,365,Lesson 365,第365課,I;F;P;L;M;C;J;O;G;D;K;R;T;Y,I;P;C;F;D;R;G;J;Y,C;D;F;G;I;J;K;L;M;O;P;R;T;Y,u6196,憖,U+6196,,,DKP,DP,jan6,"cautious; willing; but, moreover",1,2,6,2,0.8,12,cj-364,10,
cj-365,cangjie,5,365,Lesson 365,第365課,I;F;P;L;M;C;J;O;G;D;K;R;T;Y,I;P;C;F;D;R;G;J;Y,C;D;F;G;I;J;K;L;M;O;P;R;T;Y,u6198,憘,U+6198,,,PGRR,PR,hei2,"like, love, enjoy; joyful thing",1,2,6,2,0.8,12,cj-364,10,
cj-365,cangjie,5,365,Lesson 365,第365課,I;F;P;L;M;C;J;O;G;D;K;R;T;Y,I;P;C;F;D;R;G;J;Y,C;D;F;G;I;J;K;L;M;O;P;R;T;Y,u6199,憙,U+6199,,,GRTP,GP,hei2,"like, love, enjoy; joyful thing",1,2,6,2,0.8,12,cj-364,10,
cj-365,cangjie,5,365,Lesson 365,第365課,I;F;P;L;M;C;J;O;G;D;K;R;T;Y,I;P;C;F;D;R;G;J;Y,C;D;F;G;I;J;K;L;M;O;P;R;T;Y,u619a,憚,U+619A,,,PRRJ,PJ,daan6,"dread, shrink from, shirk, fear",1,2,6,2,0.8,12,cj-364,10,
cj-365,cangjie,5,365,Lesson 365,第365課,I;F;P;L;M;C;J;O;G;D;K;R;T;Y,I;P;C;F;D;R;G;J;Y,C;D;F;G;I;J;K;L;M;O;P;R;T;Y,u619d,憝,U+619D,,,YKP,YP,deoi6,"to dislike, to abhor, to hate",1,2,6,2,0.8,12,cj-364,10,
cj-365,cangjie,5,365,Lesson 365,第365課,I;F;P;L;M;C;J;O;G;D;K;R;T;Y,I;P;C;F;D;R;G;J;Y,C;D;F;G;I;J;K;L;M;O;P;R;T;Y,u61a4,憤,U+61A4,,,PJTC,PC,fan5,"resent, hate; indignant",1,2,6,2,0.8,12,cj-364,10,
cj-366,cangjie,5,366,Lesson 366,第366課,P;F;S;Y;T;G;M;K;H;U;A;N;B;C;O,P;S;G;M;H;B;K;F;A,A;B;C;F;G;H;K;M;N;O;P;S;T;U;Y,u61a6,憦,U+61A6,,,PFFS,PS,lou6,regret,1,2,6,2,0.8,12,cj-365,10,
cj-366,cangjie,5,366,Lesson 366,第366課,P;F;S;Y;T;G;M;K;H;U;A;N;B;C;O,P;S;G;M;H;B;K;F;A,A;B;C;F;G;H;K;M;N;O;P;S;T;U;Y,u61a7,憧,U+61A7,,,PYTG,PG,cung1,"irresolute, indecisive; yearn for",1,2,6,2,0.8,12,cj-365,10,
cj-366,cangjie,5,366,Lesson 366,第366課,P;F;S;Y;T;G;M;K;H;U;A;N;B;C;O,P;S;G;M;H;B;K;F;A,A;B;C;F;G;H;K;M;N;O;P;S;T;U;Y,u61a8,憨,U+61A8,,,MKP,MP,ham1,"foolish, silly, coquettish",1,2,6,2,0.8,12,cj-365,10,
cj-366,cangjie,5,366,Lesson 366,第366課,P;F;S;Y;T;G;M;K;H;U;A;N;B;C;O,P;S;G;M;H;B;K;F;A,A;B;C;F;G;H;K;M;N;O;P;S;T;U;Y,u61a9,憩,U+61A9,,,HUP,HP,hei3,"rest, take rest",1,2,6,2,0.8,12,cj-365,10,
cj-366,cangjie,5,366,Lesson 366,第366課,P;F;S;Y;T;G;M;K;H;U;A;N;B;C;O,P;S;G;M;H;B;K;F;A,A;B;C;F;G;H;K;M;N;O;P;S;T;U;Y,u61aa,憪,U+61AA,,,PANB,PB,haan4,"composed, contented",1,2,6,2,0.8,12,cj-365,10,
cj-366,cangjie,5,366,Lesson 366,第366課,P;F;S;Y;T;G;M;K;H;U;A;N;B;C;O,P;S;G;M;H;B;K;F;A,A;B;C;F;G;H;K;M;N;O;P;S;T;U;Y,u61ab,憫,U+61AB,,,PANK,PK,man5,"pity, sympathize with, grieve for",1,2,6,2,0.8,12,cj-365,10,
cj-366,cangjie,5,366,Lesson 366,第366課,P;F;S;Y;T;G;M;K;H;U;A;N;B;C;O,P;S;G;M;H;B;K;F;A,A;B;C;F;G;H;K;M;N;O;P;S;T;U;Y,u61ac,憬,U+61AC,,,PAYF,PF,ging2,"rouse, awaken; become conscious",1,2,6,2,0.8,12,cj-365,10,
cj-366,cangjie,5,366,Lesson 366,第366課,P;F;S;Y;T;G;M;K;H;U;A;N;B;C;O,P;S;G;M;H;B;K;F;A,A;B;C;F;G;H;K;M;N;O;P;S;T;U;Y,u61ad,憭,U+61AD,,,PKCF,PF,liu5,clear; intelligible; severe; cold,1,2,6,2,0.8,12,cj-365,10,
cj-366,cangjie,5,366,Lesson 366,第366課,P;F;S;Y;T;G;M;K;H;U;A;N;B;C;O,P;S;G;M;H;B;K;F;A,A;B;C;F;G;H;K;M;N;O;P;S;T;U;Y,u61ae,憮,U+61AE,,,POTF,PF,mou5,"regretful, disappointed",1,2,6,2,0.8,12,cj-365,10,
cj-366,cangjie,5,366,Lesson 366,第366課,P;F;S;Y;T;G;M;K;H;U;A;N;B;C;O,P;S;G;M;H;B;K;F;A,A;B;C;F;G;H;K;M;N;O;P;S;T;U;Y,u61af,憯,U+61AF,,,PMUA,PA,caam2,"sorrowful, sad; already, nevertheless",1,2,6,2,0.8,12,cj-365,10,
cj-367,cangjie,5,367,Lesson 367,第367課,P;N;H;B;J;Q;M;S;Y;T;D;O;W;V;C;R;I;L,P;B;J;S;O;V;R,B;C;D;H;I;J;L;M;N;O;P;Q;R;S;T;V;W;Y,u61b0,憰,U+61B0,,,PNHB,PB,kyut3,"wily, time-serving; to feign, to act the hypocrite",1,2,6,2,0.8,12,cj-366,10,
cj-367,cangjie,5,367,Lesson 367,第367課,P;N;H;B;J;Q;M;S;Y;T;D;O;W;V;C;R;I;L,P;B;J;S;O;V;R,B;C;D;H;I;J;L;M;N;O;P;Q;R;S;T;V;W;Y,u61b2,憲,U+61B2,,,JQMP,JP,hin3,"constitution, statute, law",1,2,6,2,0.8,12,cj-366,10,
cj-367,cangjie,5,367,Lesson 367,第367課,P;N;H;B;J;Q;M;S;Y;T;D;O;W;V;C;R;I;L,P;B;J;S;O;V;R,B;C;D;H;I;J;L;M;N;O;P;Q;R;S;T;V;W;Y,u61b5,憵,U+61B5,,,SJP,SP,pik1,(Cant.) to rush,1,2,6,2,0.8,12,cj-366,10,
cj-367,cangjie,5,367,Lesson 367,第367課,P;N;H;B;J;Q;M;S;Y;T;D;O;W;V;C;R;I;L,P;B;J;S;O;V;R,B;C;D;H;I;J;L;M;N;O;P;Q;R;S;T;V;W;Y,u61b6,憶,U+61B6,,,PYTP,PP,jik1,"remember, reflect upon; memory",1,2,6,2,0.8,12,cj-366,10,
cj-367,cangjie,5,367,Lesson 367,第367課,P;N;H;B;J;Q;M;S;Y;T;D;O;W;V;C;R;I;L,P;B;J;S;O;V;R,B;C;D;H;I;J;L;M;N;O;P;Q;R;S;T;V;W;Y,u61b7,憷,U+61B7,,,PDDO,PO,co2,painful; suffering; privation,1,2,6,2,0.8,12,cj-366,10,
cj-367,cangjie,5,367,Lesson 367,第367課,P;N;H;B;J;Q;M;S;Y;T;D;O;W;V;C;R;I;L,P;B;J;S;O;V;R,B;C;D;H;I;J;L;M;N;O;P;Q;R;S;T;V;W;Y,u61b8,憸,U+61B8,,,POMO,PO,cim1,"to flatter; crafty, having a specious tongue",1,2,6,2,0.8,12,cj-366,10,
cj-367,cangjie,5,367,Lesson 367,第367課,P;N;H;B;J;Q;M;S;Y;T;D;O;W;V;C;R;I;L,P;B;J;S;O;V;R,B;C;D;H;I;J;L;M;N;O;P;Q;R;S;T;V;W;Y,u61b9,憹,U+61B9,,,PTWV,PV,nou4,upset; to regret,1,2,6,2,0.8,12,cj-366,10,
cj-367,cangjie,5,367,Lesson 367,第367課,P;N;H;B;J;Q;M;S;Y;T;D;O;W;V;C;R;I;L,P;B;J;S;O;V;R,B;C;D;H;I;J;L;M;N;O;P;Q;R;S;T;V;W;Y,u61ba,憺,U+61BA,,,PNCR,PR,daam6,peace,1,2,6,2,0.8,12,cj-366,10,
cj-367,cangjie,5,367,Lesson 367,第367課,P;N;H;B;J;Q;M;S;Y;T;D;O;W;V;C;R;I;L,P;B;J;S;O;V;R,B;C;D;H;I;J;L;M;N;O;P;Q;R;S;T;V;W;Y,u61be,憾,U+61BE,,,PIRP,PP,ham6,"to regret, remorse; dissatisfied",1,2,6,2,0.8,12,cj-366,10,
cj-367,cangjie,5,367,Lesson 367,第367課,P;N;H;B;J;Q;M;S;Y;T;D;O;W;V;C;R;I;L,P;B;J;S;O;V;R,B;C;D;H;I;J;L;M;N;O;P;Q;R;S;T;V;W;Y,u61c1,懁,U+61C1,,,PWLV,PV,hyun1,"anxious, distressed",1,2,6,2,0.8,12,cj-366,10,
cj-368,cangjie,5,368,Lesson 368,第368課,P;T;H;G;S;M;Y;O;R;D;B;V;N;Q;I;K,P;G;T;S;O;D;B;Q;I;K,B;D;G;H;I;K;M;N;O;P;Q;R;S;T;V;Y,u61c2,懂,U+61C2,,,PTHG,PG,dung2,"understand, comprehend",1,2,6,2,0.8,12,cj-367,10,
cj-368,cangjie,5,368,Lesson 368,第368課,P;T;H;G;S;M;Y;O;R;D;B;V;N;Q;I;K,P;G;T;S;O;D;B;Q;I;K,B;D;G;H;I;K;M;N;O;P;Q;R;S;T;V;Y,u61c3,懃,U+61C3,,,TSP,TP,kan4,"courteous, cordial; zealous",1,2,6,2,0.8,12,cj-367,10,
cj-368,cangjie,5,368,Lesson 368,第368課,P;T;H;G;S;M;Y;O;R;D;B;V;N;Q;I;K,P;G;T;S;O;D;B;Q;I;K,B;D;G;H;I;K;M;N;O;P;Q;R;S;T;V;Y,u61c4,懄,U+61C4,,,PTMS,PS,kan4,grief,1,2,6,2,0.8,12,cj-367,10,
cj-368,cangjie,5,368,Lesson 368,第368課,P;T;H;G;S;M;Y;O;R;D;B;V;N;Q;I;K,P;G;T;S;O;D;B;Q;I;K,B;D;G;H;I;K;M;N;O;P;Q;R;S;T;V;Y,u61c5,懅,U+61C5,,,PYPO,PO,keoi4,bashful; ashamed,1,2,6,2,0.8,12,cj-367,10,
cj-368,cangjie,5,368,Lesson 368,第368課,P;T;H;G;S;M;Y;O;R;D;B;V;N;Q;I;K,P;G;T;S;O;D;B;Q;I;K,B;D;G;H;I;K;M;N;O;P;Q;R;S;T;V;Y,u61c6,懆,U+61C6,,,PRRD,PD,cou2,"anxious, apprehensive",1,2,6,2,0.8,12,cj-367,10,
cj-368,cangjie,5,368,Lesson 368,第368課,P;T;H;G;S;M;Y;O;R;D;B;V;N;Q;I;K,P;G;T;S;O;D;B;Q;I;K,B;D;G;H;I;K;M;N;O;P;Q;R;S;T;V;Y,u61c7,懇,U+61C7,,,BVP,BP,han2,"sincere, earnest, cordial",1,2,6,2,0.8,12,cj-367,10,
cj-368,cangjie,5,368,Lesson 368,第368課,P;T;H;G;S;M;Y;O;R;D;B;V;N;Q;I;K,P;G;T;S;O;D;B;Q;I;K,B;D;G;H;I;K;M;N;O;P;Q;R;S;T;V;Y,u61c8,懈,U+61C8,,,PNBQ,PQ,haai6,"idle, relaxed, remiss",1,2,6,2,0.8,12,cj-367,10,
cj-368,cangjie,5,368,Lesson 368,第368課,P;T;H;G;S;M;Y;O;R;D;B;V;N;Q;I;K,P;G;T;S;O;D;B;Q;I;K,B;D;G;H;I;K;M;N;O;P;Q;R;S;T;V;Y,u61c9,應,U+61C9,,,IOGP,IP,jing3,"should, ought to, must",1,2,6,2,0.8,12,cj-367,10,
cj-368,cangjie,5,368,Lesson 368,第368課,P;T;H;G;S;M;Y;O;R;D;B;V;N;Q;I;K,P;G;T;S;O;D;B;Q;I;K,B;D;G;H;I;K;M;N;O;P;Q;R;S;T;V;Y,u61ca,懊,U+61CA,,,PHBK,PK,ou3,"vexed, worried, nervous; regret",1,2,6,2,0.8,12,cj-367,10,
cj-368,cangjie,5,368,Lesson 368,第368課,P;T;H;G;S;M;Y;O;R;D;B;V;N;Q;I;K,P;G;T;S;O;D;B;Q;I;K,B;D;G;H;I;K;M;N;O;P;Q;R;S;T;V;Y,u61cb,懋,U+61CB,,,DDP,DP,mau6,"splendid, grand, majestic",1,2,6,2,0.8,12,cj-367,10,
cj-369,cangjie,5,369,Lesson 369,第369課,P;W;L;J;Y;D;V;E;B;O;F;M;K;G;R;T;N,P;J;D;V;E;O;F;M;G;N,B;D;E;F;G;J;K;L;M;N;O;P;R;T;V;W;Y,u61cc,懌,U+61CC,,,PWLJ,PJ,jik6,"enjoy, be glad, be pleased",1,2,6,2,0.8,12,cj-368,10,
cj-369,cangjie,5,369,Lesson 369,第369課,P;W;L;J;Y;D;V;E;B;O;F;M;K;G;R;T;N,P;J;D;V;E;O;F;M;G;N,B;D;E;F;G;J;K;L;M;N;O;P;R;T;V;W;Y,u61cd,懍,U+61CD,,,PYWD,PD,lam5,"be afraid of, be awed by, be in awe",1,2,6,2,0.8,12,cj-368,10,
cj-369,cangjie,5,369,Lesson 369,第369課,P;W;L;J;Y;D;V;E;B;O;F;M;K;G;R;T;N,P;J;D;V;E;O;F;M;G;N,B;D;E;F;G;J;K;L;M;N;O;P;R;T;V;W;Y,u61d0,懐,U+61D0,,,PYWV,PV,waai4,"bosom, breast; carry in bosom",1,2,6,2,0.8,12,cj-368,10,
cj-369,cangjie,5,369,Lesson 369,第369課,P;W;L;J;Y;D;V;E;B;O;F;M;K;G;R;T;N,P;J;D;V;E;O;F;M;G;N,B;D;E;F;G;J;K;L;M;N;O;P;R;T;V;W;Y,u61d1,懑,U+61D1,,,EBP,EP,mun6,"be sick at heart, sorrowful, sad",1,2,6,2,0.8,12,cj-368,10,
cj-369,cangjie,5,369,Lesson 369,第369課,P;W;L;J;Y;D;V;E;B;O;F;M;K;G;R;T;N,P;J;D;V;E;O;F;M;G;N,B;D;E;F;G;J;K;L;M;N;O;P;R;T;V;W;Y,u61d2,懒,U+61D2,,,PDLO,PO,laan5,"lazy, languid, listless",1,2,6,2,0.8,12,cj-368,10,
cj-369,cangjie,5,369,Lesson 369,第369課,P;W;L;J;Y;D;V;E;B;O;F;M;K;G;R;T;N,P;J;D;V;E;O;F;M;G;N,B;D;E;F;G;J;K;L;M;N;O;P;R;T;V;W;Y,u61d4,懔,U+61D4,,,PYWF,PF,lam5,"be afraid of, to be in awe of",1,2,6,2,0.8,12,cj-368,10,
cj-369,cangjie,5,369,Lesson 369,第369課,P;W;L;J;Y;D;V;E;B;O;F;M;K;G;R;T;N,P;J;D;V;E;O;F;M;G;N,B;D;E;F;G;J;K;L;M;N;O;P;R;T;V;W;Y,u61d5,懕,U+61D5,,,MKP,MP,jim1,satiated; contented,1,2,6,2,0.8,12,cj-368,10,
cj-369,cangjie,5,369,Lesson 369,第369課,P;W;L;J;Y;D;V;E;B;O;F;M;K;G;R;T;N,P;J;D;V;E;O;F;M;G;N,B;D;E;F;G;J;K;L;M;N;O;P;R;T;V;W;Y,u61db,懛,U+61DB,,,PGRG,PG,daai1,"alarmed, scared; stupid",1,2,6,2,0.8,12,cj-368,10,
cj-369,cangjie,5,369,Lesson 369,第369課,P;W;L;J;Y;D;V;E;B;O;F;M;K;G;R;T;N,P;J;D;V;E;O;F;M;G;N,B;D;E;F;G;J;K;L;M;N;O;P;R;T;V;W;Y,u61dc,懜,U+61DC,,,PTWN,PN,mung1,"dull, stupid, doltish",1,2,6,2,0.8,12,cj-368,10,
cj-369,cangjie,5,369,Lesson 369,第369課,P;W;L;J;Y;D;V;E;B;O;F;M;K;G;R;T;N,P;J;D;V;E;O;F;M;G;N,B;D;E;F;G;J;K;L;M;N;O;P;R;T;V;W;Y,u61de,懞,U+61DE,,,PTBO,PO,mung4,(variant of 蒙),1,2,6,2,0.8,12,cj-368,10,
cj-370,cangjie,5,370,Lesson 370,第370課,T;I;P;Y;X;E;B;G;N;J;O;M;A;K;H;L;C,T;P;X;E;I;O;B;N;K;C,A;B;C;E;G;H;I;J;K;L;M;N;O;P;T;X;Y,u61df,懟,U+61DF,,,TIP,TP,deoi6,"hate, abhor; hatred, resentment",1,2,6,2,0.8,12,cj-369,10,
cj-370,cangjie,5,370,Lesson 370,第370課,T;I;P;Y;X;E;B;G;N;J;O;M;A;K;H;L;C,T;P;X;E;I;O;B;N;K;C,A;B;C;E;G;H;I;J;K;L;M;N;O;P;T;X;Y,u61e0,懠,U+61E0,,,PYX,PX,cai4,angry,1,2,6,2,0.8,12,cj-369,10,
cj-370,cangjie,5,370,Lesson 370,第370課,T;I;P;Y;X;E;B;G;N;J;O;M;A;K;H;L;C,T;P;X;E;I;O;B;N;K;C,A;B;C;E;G;H;I;J;K;L;M;N;O;P;T;X;Y,u61e3,懣,U+61E3,,,EBP,EP,mun6,"be sick at heart, sorrowful, sad",1,2,6,2,0.8,12,cj-369,10,
cj-370,cangjie,5,370,Lesson 370,第370課,T;I;P;Y;X;E;B;G;N;J;O;M;A;K;H;L;C,T;P;X;E;I;O;B;N;K;C,A;B;C;E;G;H;I;J;K;L;M;N;O;P;T;X;Y,u61e4,懤,U+61E4,,,PGNI,PI,cau4,"grieved, pained",1,2,6,2,0.8,12,cj-369,10,
cj-370,cangjie,5,370,Lesson 370,第370課,T;I;P;Y;X;E;B;G;N;J;O;M;A;K;H;L;C,T;P;X;E;I;O;B;N;K;C,A;B;C;E;G;H;I;J;K;L;M;N;O;P;T;X;Y,u61e5,懥,U+61E5,,,PJBO,PO,zi3,"angry, enraged, resentful; hate",1,2,6,2,0.8,12,cj-369,10,
cj-370,cangjie,5,370,Lesson 370,第370課,T;I;P;Y;X;E;B;G;N;J;O;M;A;K;H;L;C,T;P;X;E;I;O;B;N;K;C,A;B;C;E;G;H;I;J;K;L;M;N;O;P;T;X;Y,u61e6,懦,U+61E6,,,PMBB,PB,no6,"weak, timid, cowardly",1,2,6,2,0.8,12,cj-369,10,
cj-370,cangjie,5,370,Lesson 370,第370課,T;I;P;Y;X;E;B;G;N;J;O;M;A;K;H;L;C,T;P;X;E;I;O;B;N;K;C,A;B;C;E;G;H;I;J;K;L;M;N;O;P;T;X;Y,u61e7,懧,U+61E7,,,PJPN,PN,no6,to have wisdom; intelligent,1,2,6,2,0.8,12,cj-369,10,
cj-370,cangjie,5,370,Lesson 370,第370課,T;I;P;Y;X;E;B;G;N;J;O;M;A;K;H;L;C,T;P;X;E;I;O;B;N;K;C,A;B;C;E;G;H;I;J;K;L;M;N;O;P;T;X;Y,u61e8,懨,U+61E8,,,PMAK,PK,jim1,"feeble, sickly; tranquil, calm",1,2,6,2,0.8,12,cj-369,10,
cj-370,cangjie,5,370,Lesson 370,第370課,T;I;P;Y;X;E;B;G;N;J;O;M;A;K;H;L;C,T;P;X;E;I;O;B;N;K;C,A;B;C;E;G;H;I;J;K;L;M;N;O;P;T;X;Y,u61eb,懫,U+61EB,,,PHLC,PC,zi3,enraged; resentful.to hate. to desist,1,2,6,2,0.8,12,cj-369,10,
cj-370,cangjie,5,370,Lesson 370,第370課,T;I;P;Y;X;E;B;G;N;J;O;M;A;K;H;L;C,T;P;X;E;I;O;B;N;K;C,A;B;C;E;G;H;I;J;K;L;M;N;O;P;T;X;Y,u61ee,懮,U+61EE,,,PMBE,PE,jau1,"calm, leisurely; procrastinating",1,2,6,2,0.8,12,cj-369,10,
cj-371,cangjie,5,371,Lesson 371,第371課,P;H;C;N;K;J;I;M;T;W;U;D;L;Y;V;B;F;O;G,P;N;H;M;U;C;V;B;G,B;C;D;F;G;H;I;J;K;L;M;N;O;P;T;U;V;W;Y,u61f0,懰,U+61F0,,,PHCN,PN,lau4,"be glad, pleased, delighted",1,2,6,2,0.8,12,cj-370,10,
cj-371,cangjie,5,371,Lesson 371,第371課,P;H;C;N;K;J;I;M;T;W;U;D;L;Y;V;B;F;O;G,P;N;H;M;U;C;V;B;G,B;C;D;F;G;H;I;J;K;L;M;N;O;P;T;U;V;W;Y,u61f2,懲,U+61F2,,,HKP,HP,cing4,"punish, reprimand; warn",1,2,6,2,0.8,12,cj-370,10,
cj-371,cangjie,5,371,Lesson 371,第371課,P;H;C;N;K;J;I;M;T;W;U;D;L;Y;V;B;F;O;G,P;N;H;M;U;C;V;B;G,B;C;D;F;G;H;I;J;K;L;M;N;O;P;T;U;V;W;Y,u61f4,懴,U+61F4,,,PJIM,PM,caam3,"regret, repent; confess sins",1,2,6,2,0.8,12,cj-370,10,
cj-371,cangjie,5,371,Lesson 371,第371課,P;H;C;N;K;J;I;M;T;W;U;D;L;Y;V;B;F;O;G,P;N;H;M;U;C;V;B;G,B;C;D;F;G;H;I;J;K;L;M;N;O;P;T;U;V;W;Y,u61f5,懵,U+61F5,,,PTWU,PU,mung2,"stupid, ignorant, dull",1,2,6,2,0.8,12,cj-370,10,
cj-371,cangjie,5,371,Lesson 371,第371課,P;H;C;N;K;J;I;M;T;W;U;D;L;Y;V;B;F;O;G,P;N;H;M;U;C;V;B;G,B;C;D;F;G;H;I;J;K;L;M;N;O;P;T;U;V;W;Y,u61f6,懶,U+61F6,,,PDLC,PC,laan5,"lazy, languid, listless",1,2,6,2,0.8,12,cj-370,10,
cj-371,cangjie,5,371,Lesson 371,第371課,P;H;C;N;K;J;I;M;T;W;U;D;L;Y;V;B;F;O;G,P;N;H;M;U;C;V;B;G,B;C;D;F;G;H;I;J;K;L;M;N;O;P;T;U;V;W;Y,u61f7,懷,U+61F7,,,PYWV,PV,waai4,"bosom, breast; carry in bosom",1,2,6,2,0.8,12,cj-370,10,
cj-371,cangjie,5,371,Lesson 371,第371課,P;H;C;N;K;J;I;M;T;W;U;D;L;Y;V;B;F;O;G,P;N;H;M;U;C;V;B;G,B;C;D;F;G;H;I;J;K;L;M;N;O;P;T;U;V;W;Y,u61f8,懸,U+61F8,,,BFP,BP,jyun4,"hang, suspend, hoist; be hung",1,2,6,2,0.8,12,cj-370,10,
cj-371,cangjie,5,371,Lesson 371,第371課,P;H;C;N;K;J;I;M;T;W;U;D;L;Y;V;B;F;O;G,P;N;H;M;U;C;V;B;G,B;C;D;F;G;H;I;J;K;L;M;N;O;P;T;U;V;W;Y,u61fa,懺,U+61FA,,,POIM,PM,caam3,"regret, repent; confess sins",1,2,6,2,0.8,12,cj-370,10,
cj-371,cangjie,5,371,Lesson 371,第371課,P;H;C;N;K;J;I;M;T;W;U;D;L;Y;V;B;F;O;G,P;N;H;M;U;C;V;B;G,B;C;D;F;G;H;I;J;K;L;M;N;O;P;T;U;V;W;Y,u61fb,懻,U+61FB,,,PLPC,PC,gei3,"overbearing, crafty",1,2,6,2,0.8,12,cj-370,10,
cj-371,cangjie,5,371,Lesson 371,第371課,P;H;C;N;K;J;I;M;T;W;U;D;L;Y;V;B;F;O;G,P;N;H;M;U;C;V;B;G,B;C;D;F;G;H;I;J;K;L;M;N;O;P;T;U;V;W;Y,u61fc,懼,U+61FC,,,PBUG,PG,geoi6,"fear, be afraid of, dread",1,2,6,2,0.8,12,cj-370,10,
cj-372,cangjie,5,372,Lesson 372,第372課,P;T;R;G;S;J;I;O;V;F;B;U;E;Y;C,P;G;J;V;T;E;Y;I,B;C;E;F;G;I;J;O;P;R;S;T;U;V;Y,u61fd,懽,U+61FD,,,PTRG,PG,fun1,"happy, pleased, glad, joyous",1,2,6,2,0.8,12,cj-371,10,
cj-372,cangjie,5,372,Lesson 372,第372課,P;T;R;G;S;J;I;O;V;F;B;U;E;Y;C,P;G;J;V;T;E;Y;I,B;C;E;F;G;I;J;O;P;R;S;T;U;V;Y,u61fe,懾,U+61FE,,,PSJJ,PJ,sip3,"afraid, scared, fearful",1,2,6,2,0.8,12,cj-371,10,
cj-372,cangjie,5,372,Lesson 372,第372課,P;T;R;G;S;J;I;O;V;F;B;U;E;Y;C,P;G;J;V;T;E;Y;I,B;C;E;F;G;I;J;O;P;R;S;T;U;V;Y,u61ff,懿,U+61FF,,,GTIOP,GP,ji3,"virtuous, admirable, esteemed",1,2,6,2,0.8,12,cj-371,10,
cj-372,cangjie,5,372,Lesson 372,第372課,P;T;R;G;S;J;I;O;V;F;B;U;E;Y;C,P;G;J;V;T;E;Y;I,B;C;E;F;G;I;J;O;P;R;S;T;U;V;Y,u6200,戀,U+6200,,,VFP,VP,lyun2,"love; long for, yearn for; love",1,2,6,2,0.8,12,cj-371,10,
cj-372,cangjie,5,372,Lesson 372,第372課,P;T;R;G;S;J;I;O;V;F;B;U;E;Y;C,P;G;J;V;T;E;Y;I,B;C;E;F;G;I;J;O;P;R;S;T;U;V;Y,u6201,戁,U+6201,,,TGP,TP,naan5,fear,1,2,6,2,0.8,12,cj-371,10,
cj-372,cangjie,5,372,Lesson 372,第372課,P;T;R;G;S;J;I;O;V;F;B;U;E;Y;C,P;G;J;V;T;E;Y;I,B;C;E;F;G;I;J;O;P;R;S;T;U;V;Y,u6204,戄,U+6204,,,PBUE,PE,fok3,to be in awe of; to fear,1,2,6,2,0.8,12,cj-371,10,
cj-372,cangjie,5,372,Lesson 372,第372課,P;T;R;G;S;J;I;O;V;F;B;U;E;Y;C,P;G;J;V;T;E;Y;I,B;C;E;F;G;I;J;O;P;R;S;T;U;V;Y,u6205,戅,U+6205,,,YCP,YP,ngong6,"stupid, simple, foolish",1,2,6,2,0.8,12,cj-371,10,
cj-372,cangjie,5,372,Lesson 372,第372課,P;T;R;G;S;J;I;O;V;F;B;U;E;Y;C,P;G;J;V;T;E;Y;I,B;C;E;F;G;I;J;O;P;R;S;T;U;V;Y,u6206,戆,U+6206,,,YOP,YP,zong3,"stupid, simple, simple-minded",1,2,6,2,0.8,12,cj-371,10,
cj-372,cangjie,5,372,Lesson 372,第372課,P;T;R;G;S;J;I;O;V;F;B;U;E;Y;C,P;G;J;V;T;E;Y;I,B;C;E;F;G;I;J;O;P;R;S;T;U;V;Y,u6207,戇,U+6207,,,YCP,YP,zong3,"stupid, simple, simple-minded",1,2,6,2,0.8,12,cj-371,10,
cj-372,cangjie,5,372,Lesson 372,第372課,P;T;R;G;S;J;I;O;V;F;B;U;E;Y;C,P;G;J;V;T;E;Y;I,B;C;E;F;G;I;J;O;P;R;S;T;U;V;Y,u6208,戈,U+6208,,,I,I,gwo1,"halberd, spear, lance; rad. 62",1,2,6,2,0.8,12,cj-371,10,
cj-373,cangjie,5,373,Lesson 373,第373課,I;V;H;J;M;E;S;Q;T,I;V;H;J;M;E;S;T,E;H;I;J;M;Q;S;T;V,u6209,戉,U+6209,,,IV,IV,jyut6,"a battle-axe, a halberd",1,2,6,2,0.8,12,cj-372,10,
cj-373,cangjie,5,373,Lesson 373,第373課,I;V;H;J;M;E;S;Q;T,I;V;H;J;M;E;S;T,E;H;I;J;M;Q;S;T;V,u620a,戊,U+620A,,,IH,IH,mou6,5th heavenly stem,1,2,6,2,0.8,12,cj-372,10,
cj-373,cangjie,5,373,Lesson 373,第373課,I;V;H;J;M;E;S;Q;T,I;V;H;J;M;E;S;T,E;H;I;J;M;Q;S;T;V,u620b,戋,U+620B,,,IJ,IJ,zin1,"small, narrow, tiny, little",1,2,6,2,0.8,12,cj-372,10,
cj-373,cangjie,5,373,Lesson 373,第373課,I;V;H;J;M;E;S;Q;T,I;V;H;J;M;E;S;T,E;H;I;J;M;Q;S;T;V,u620c,戌,U+620C,,,IHM,IM,seot1,eleventh earthly branch,1,2,6,2,0.8,12,cj-372,10,
cj-373,cangjie,5,373,Lesson 373,第373課,I;V;H;J;M;E;S;Q;T,I;V;H;J;M;E;S;T,E;H;I;J;M;Q;S;T;V,u620d,戍,U+620D,,,IHI,II,syu3,"defend borders, guard frontiers",1,2,6,2,0.8,12,cj-372,10,
cj-373,cangjie,5,373,Lesson 373,第373課,I;V;H;J;M;E;S;Q;T,I;V;H;J;M;E;S;T,E;H;I;J;M;Q;S;T;V,u620e,戎,U+620E,,,IJ,IJ,jung4,"arms, armaments; military affair",1,2,6,2,0.8,12,cj-372,10,
cj-373,cangjie,5,373,Lesson 373,第373課,I;V;H;J;M;E;S;Q;T,I;V;H;J;M;E;S;T,E;H;I;J;M;Q;S;T;V,u620f,戏,U+620F,,,EI,EI,hei3,"theatrical play, show",1,2,6,2,0.8,12,cj-372,10,
cj-373,cangjie,5,373,Lesson 373,第373課,I;V;H;J;M;E;S;Q;T,I;V;H;J;M;E;S;T,E;H;I;J;M;Q;S;T;V,u6210,成,U+6210,,,IHS,IS,sing4,"completed, finished, fixed",1,2,6,2,0.8,12,cj-372,10,
cj-373,cangjie,5,373,Lesson 373,第373課,I;V;H;J;M;E;S;Q;T,I;V;H;J;M;E;S;T,E;H;I;J;M;Q;S;T;V,u6211,我,U+6211,,,HQI,HI,ngo5,"our, us, i, me, my, we",1,2,6,2,0.8,12,cj-372,10,
cj-373,cangjie,5,373,Lesson 373,第373課,I;V;H;J;M;E;S;Q;T,I;V;H;J;M;E;S;T,E;H;I;J;M;Q;S;T;V,u6212,戒,U+6212,,,IT,IT,gaai3,"warn, caution, admonish",1,2,6,2,0.8,12,cj-372,10,
cj-374,cangjie,5,374,Lesson 374,第374課,I;V;M;R;O;U;Y;B;H;F;G,I;V;M;O;Y;B;F;G,B;F;G;H;I;M;O;R;U;V;Y,u6214,戔,U+6214,,,II,II,zin1,"small, narrow, tiny, little",1,2,6,2,0.8,12,cj-373,10,
cj-374,cangjie,5,374,Lesson 374,第374課,I;V;M;R;O;U;Y;B;H;F;G,I;V;M;O;Y;B;F;G,B;F;G;H;I;M;O;R;U;V;Y,u6215,戕,U+6215,,,VMI,VI,coeng4,"kill, slay; wound, injure, hurt",1,2,6,2,0.8,12,cj-373,10,
cj-374,cangjie,5,374,Lesson 374,第374課,I;V;M;R;O;U;Y;B;H;F;G,I;V;M;O;Y;B;F;G,B;F;G;H;I;M;O;R;U;V;Y,u6216,或,U+6216,,,IRM,IM,waak6,"or, either, else; perhaps, maybe",1,2,6,2,0.8,12,cj-373,10,
cj-374,cangjie,5,374,Lesson 374,第374課,I;V;M;R;O;U;Y;B;H;F;G,I;V;M;O;Y;B;F;G,B;F;G;H;I;M;O;R;U;V;Y,u6217,戗,U+6217,,,OUI,OI,coeng1,support,1,2,6,2,0.8,12,cj-373,10,
cj-374,cangjie,5,374,Lesson 374,第374課,I;V;M;R;O;U;Y;B;H;F;G,I;V;M;O;Y;B;F;G,B;F;G;H;I;M;O;R;U;V;Y,u6218,战,U+6218,,,YRI,YI,zin3,"war, fighting, battle",1,2,6,2,0.8,12,cj-373,10,
cj-374,cangjie,5,374,Lesson 374,第374課,I;V;M;R;O;U;Y;B;H;F;G,I;V;M;O;Y;B;F;G,B;F;G;H;I;M;O;R;U;V;Y,u6219,戙,U+6219,,,BRI,BI,dung6,(Cant.) to trap; upright; a pile,1,2,6,2,0.8,12,cj-373,10,
cj-374,cangjie,5,374,Lesson 374,第374課,I;V;M;R;O;U;Y;B;H;F;G,I;V;M;O;Y;B;F;G,B;F;G;H;I;M;O;R;U;V;Y,u621a,戚,U+621A,,,IHYMF,IF,cik1,relative; be related to; sad,1,2,6,2,0.8,12,cj-373,10,
cj-374,cangjie,5,374,Lesson 374,第374課,I;V;M;R;O;U;Y;B;H;F;G,I;V;M;O;Y;B;F;G,B;F;G;H;I;M;O;R;U;V;Y,u621b,戛,U+621B,,,MUI,MI,gaat3,lance; tap or strike lightly,1,2,6,2,0.8,12,cj-373,10,
cj-374,cangjie,5,374,Lesson 374,第374課,I;V;M;R;O;U;Y;B;H;F;G,I;V;M;O;Y;B;F;G,B;F;G;H;I;M;O;R;U;V;Y,u621c,戜,U+621C,,,IRMG,IG,dit6,to scrape; advantageous,1,2,6,2,0.8,12,cj-373,10,
cj-374,cangjie,5,374,Lesson 374,第374課,I;V;M;R;O;U;Y;B;H;F;G,I;V;M;O;Y;B;F;G,B;F;G;H;I;M;O;R;U;V;Y,u621e,戞,U+621E,,,MBI,MI,gaat3,lance; tap or strike lightly,1,2,6,2,0.8,12,cj-373,10,
cj-375,cangjie,5,375,Lesson 375,第375課,J;I;Y;A;T;V;R;N;K;M;F;O,J;I;Y;T;R;N;A;F;O;M,A;F;I;J;K;M;N;O;R;T;V;Y,u621f,戟,U+621F,,,JJI,JI,gik1,halberd with crescent blade,1,2,6,2,0.8,12,cj-374,10,
cj-375,cangjie,5,375,Lesson 375,第375課,J;I;Y;A;T;V;R;N;K;M;F;O,J;I;Y;T;R;N;A;F;O;M,A;F;I;J;K;M;N;O;R;T;V;Y,u6220,戠,U+6220,,,YAI,YI,zik1,a sword; potter's clay; to gather,1,2,6,2,0.8,12,cj-374,10,
cj-375,cangjie,5,375,Lesson 375,第375課,J;I;Y;A;T;V;R;N;K;M;F;O,J;I;Y;T;R;N;A;F;O;M,A;F;I;J;K;M;N;O;R;T;V;Y,u6221,戡,U+6221,,,TVI,TI,ham1,"subjugate, subdue, quell; kill",1,2,6,2,0.8,12,cj-374,10,
cj-375,cangjie,5,375,Lesson 375,第375課,J;I;Y;A;T;V;R;N;K;M;F;O,J;I;Y;T;R;N;A;F;O;M,A;F;I;J;K;M;N;O;R;T;V;Y,u6222,戢,U+6222,,,RJI,RI,cap1,to put away; to cease; store up,1,2,6,2,0.8,12,cj-374,10,
cj-375,cangjie,5,375,Lesson 375,第375課,J;I;Y;A;T;V;R;N;K;M;F;O,J;I;Y;T;R;N;A;F;O;M,A;F;I;J;K;M;N;O;R;T;V;Y,u6223,戣,U+6223,,,NKI,NI,kwai4,lance,1,2,6,2,0.8,12,cj-374,10,
cj-375,cangjie,5,375,Lesson 375,第375課,J;I;Y;A;T;V;R;N;K;M;F;O,J;I;Y;T;R;N;A;F;O;M,A;F;I;J;K;M;N;O;R;T;V;Y,u6224,戤,U+6224,,,NTI,NI,koi3,to infringe a trade-mark to pledge an article,1,2,6,2,0.8,12,cj-374,10,
cj-375,cangjie,5,375,Lesson 375,第375課,J;I;Y;A;T;V;R;N;K;M;F;O,J;I;Y;T;R;N;A;F;O;M,A;F;I;J;K;M;N;O;R;T;V;Y,u6225,戥,U+6225,,,AMI,AI,dang2,"a small steelyard for weighing money, etc.",1,2,6,2,0.8,12,cj-374,10,
cj-375,cangjie,5,375,Lesson 375,第375課,J;I;Y;A;T;V;R;N;K;M;F;O,J;I;Y;T;R;N;A;F;O;M,A;F;I;J;K;M;N;O;R;T;V;Y,u6226,戦,U+6226,,,FJI,FI,zin3,"war, fighting, battle",1,2,6,2,0.8,12,cj-374,10,
cj-375,cangjie,5,375,Lesson 375,第375課,J;I;Y;A;T;V;R;N;K;M;F;O,J;I;Y;T;R;N;A;F;O;M,A;F;I;J;K;M;N;O;R;T;V;Y,u6227,戧,U+6227,,,ORI,OI,coeng1,support,1,2,6,2,0.8,12,cj-374,10,
cj-375,cangjie,5,375,Lesson 375,第375課,J;I;Y;A;T;V;R;N;K;M;F;O,J;I;Y;T;R;N;A;F;O;M,A;F;I;J;K;M;N;O;R;T;V;Y,u6229,戩,U+6229,,,MAI,MI,zin2,"exterminate, destroy; blessing",1,2,6,2,0.8,12,cj-374,10,
cj-376,cangjie,5,376,Lesson 376,第376課,J;I;O;G;M;A;C;S;H;Y;R;T;W,J;G;M;I;S;Y;R;C,A;C;G;H;I;J;M;O;R;S;T;W;Y,u622a,截,U+622A,,,JIOG,JG,zit6,"cut off, stop, obstruct, intersect",1,2,6,2,0.8,12,cj-375,10,
cj-376,cangjie,5,376,Lesson 376,第376課,J;I;O;G;M;A;C;S;H;Y;R;T;W,J;G;M;I;S;Y;R;C,A;C;G;H;I;J;M;O;R;S;T;W;Y,u622c,戬,U+622C,,,MAI,MI,zin2,"exterminate, destroy; blessing",1,2,6,2,0.8,12,cj-375,10,
cj-376,cangjie,5,376,Lesson 376,第376課,J;I;O;G;M;A;C;S;H;Y;R;T;W,J;G;M;I;S;Y;R;C,A;C;G;H;I;J;M;O;R;S;T;W;Y,u622d,戭,U+622D,,,JCI,JI,jan5,spear,1,2,6,2,0.8,12,cj-375,10,
cj-376,cangjie,5,376,Lesson 376,第376課,J;I;O;G;M;A;C;S;H;Y;R;T;W,J;G;M;I;S;Y;R;C,A;C;G;H;I;J;M;O;R;S;T;W;Y,u622e,戮,U+622E,,,SHI,SI,luk6,"kill, massacre; oppress",1,2,6,2,0.8,12,cj-375,10,
cj-376,cangjie,5,376,Lesson 376,第376課,J;I;O;G;M;A;C;S;H;Y;R;T;W,J;G;M;I;S;Y;R;C,A;C;G;H;I;J;M;O;R;S;T;W;Y,u622f,戯,U+622F,,,YCI,YI,hei3,"theatrical play, show",1,2,6,2,0.8,12,cj-375,10,
cj-376,cangjie,5,376,Lesson 376,第376課,J;I;O;G;M;A;C;S;H;Y;R;T;W,J;G;M;I;S;Y;R;C,A;C;G;H;I;J;M;O;R;S;T;W;Y,u6230,戰,U+6230,,,RJI,RI,zin3,"war, fighting, battle",1,2,6,2,0.8,12,cj-375,10,
cj-376,cangjie,5,376,Lesson 376,第376課,J;I;O;G;M;A;C;S;H;Y;R;T;W,J;G;M;I;S;Y;R;C,A;C;G;H;I;J;M;O;R;S;T;W;Y,u6231,戱,U+6231,,,YMI,YI,hei3,theatrical play,1,2,6,2,0.8,12,cj-375,10,
cj-376,cangjie,5,376,Lesson 376,第376課,J;I;O;G;M;A;C;S;H;Y;R;T;W,J;G;M;I;S;Y;R;C,A;C;G;H;I;J;M;O;R;S;T;W;Y,u6232,戲,U+6232,,,YTI,YI,hei3,"theatrical play, show",1,2,6,2,0.8,12,cj-375,10,
cj-376,cangjie,5,376,Lesson 376,第376課,J;I;O;G;M;A;C;S;H;Y;R;T;W,J;G;M;I;S;Y;R;C,A;C;G;H;I;J;M;O;R;S;T;W;Y,u6233,戳,U+6233,,,SGI,SI,coek3,"prick, stab; stamp, seal, chop",1,2,6,2,0.8,12,cj-375,10,
cj-376,cangjie,5,376,Lesson 376,第376課,J;I;O;G;M;A;C;S;H;Y;R;T;W,J;G;M;I;S;Y;R;C,A;C;G;H;I;J;M;O;R;S;T;W;Y,u6234,戴,U+6234,,,JIWTC,JC,daai3,wear on top; support,1,2,6,2,0.8,12,cj-375,10,
cj-377,cangjie,5,377,Lesson 377,第377課,B;G;I;H;S;M;N;R;U;K;L;Y;J,B;I;H;S;M;N;U;K;J,B;G;H;I;J;K;L;M;N;R;S;U;Y,u6235,戵,U+6235,,,BGI,BI,keoi4,a halberd,1,2,6,2,0.8,12,cj-376,10,
cj-377,cangjie,5,377,Lesson 377,第377課,B;G;I;H;S;M;N;R;U;K;L;Y;J,B;I;H;S;M;N;U;K;J,B;G;H;I;J;K;L;M;N;R;S;U;Y,u6236,戶,U+6236,,,HS,HS,wu6,"door; family, household",1,2,6,2,0.8,12,cj-376,10,
cj-377,cangjie,5,377,Lesson 377,第377課,B;G;I;H;S;M;N;R;U;K;L;Y;J,B;I;H;S;M;N;U;K;J,B;G;H;I;J;K;L;M;N;R;S;U;Y,u6237,户,U+6237,,,IS,IS,wu6,door; family,1,2,6,2,0.8,12,cj-376,10,
cj-377,cangjie,5,377,Lesson 377,第377課,B;G;I;H;S;M;N;R;U;K;L;Y;J,B;I;H;S;M;N;U;K;J,B;G;H;I;J;K;L;M;N;R;S;U;Y,u6238,戸,U+6238,,,MS,MS,wu6,door; family,1,2,6,2,0.8,12,cj-376,10,
cj-377,cangjie,5,377,Lesson 377,第377課,B;G;I;H;S;M;N;R;U;K;L;Y;J,B;I;H;S;M;N;U;K;J,B;G;H;I;J;K;L;M;N;R;S;U;Y,u6239,戹,U+6239,,,HSN,HN,ak1,"In difficulty, distressed",1,2,6,2,0.8,12,cj-376,10,
cj-377,cangjie,5,377,Lesson 377,第377課,B;G;I;H;S;M;N;R;U;K;L;Y;J,B;I;H;S;M;N;U;K;J,B;G;H;I;J;K;L;M;N;R;S;U;Y,u623a,戺,U+623A,,,HSRU,HU,si6,stone boarder; steps,1,2,6,2,0.8,12,cj-376,10,
cj-377,cangjie,5,377,Lesson 377,第377課,B;G;I;H;S;M;N;R;U;K;L;Y;J,B;I;H;S;M;N;U;K;J,B;G;H;I;J;K;L;M;N;R;S;U;Y,u623b,戻,U+623B,,,HSK,HK,dai6,perverse,1,2,6,2,0.8,12,cj-376,10,
cj-377,cangjie,5,377,Lesson 377,第377課,B;G;I;H;S;M;N;R;U;K;L;Y;J,B;I;H;S;M;N;U;K;J,B;G;H;I;J;K;L;M;N;R;S;U;Y,u623c,戼,U+623C,,,NSMLS,NS,maau5,fourth earthly branch,1,2,6,2,0.8,12,cj-376,10,
cj-377,cangjie,5,377,Lesson 377,第377課,B;G;I;H;S;M;N;R;U;K;L;Y;J,B;I;H;S;M;N;U;K;J,B;G;H;I;J;K;L;M;N;R;S;U;Y,u623d,戽,U+623D,,,HSYJ,HJ,fu3,to bale out water,1,2,6,2,0.8,12,cj-376,10,
cj-377,cangjie,5,377,Lesson 377,第377課,B;G;I;H;S;M;N;R;U;K;L;Y;J,B;I;H;S;M;N;U;K;J,B;G;H;I;J;K;L;M;N;R;S;U;Y,u623e,戾,U+623E,,,HSIK,HK,leoi6,"perverse, recalcitrant, rebellious",1,2,6,2,0.8,12,cj-376,10,
cj-378,cangjie,5,378,Lesson 378,第378課,H;S;Y;M;L;B;T;R;N;I;V;A;U,H;S;L;T;R;N;V;M;U;Y,A;B;H;I;L;M;N;R;S;T;U;V;Y,u623f,房,U+623F,,,HSYHS,HS,fong4,"house, building; room; 4th lunar mansion, determinative star π Scorpii",1,2,6,2,0.8,12,cj-377,10,
cj-378,cangjie,5,378,Lesson 378,第378課,H;S;Y;M;L;B;T;R;N;I;V;A;U,H;S;L;T;R;N;V;M;U;Y,A;B;H;I;L;M;N;R;S;T;U;V;Y,u6240,所,U+6240,,,HSHML,HL,so2,"place, location; numerary adjunct",1,2,6,2,0.8,12,cj-377,10,
cj-378,cangjie,5,378,Lesson 378,第378課,H;S;Y;M;L;B;T;R;N;I;V;A;U,H;S;L;T;R;N;V;M;U;Y,A;B;H;I;L;M;N;R;S;T;U;V;Y,u6241,扁,U+6241,,,HSBT,HT,bin2,"flat; tablet, signboard",1,2,6,2,0.8,12,cj-377,10,
cj-378,cangjie,5,378,Lesson 378,第378課,H;S;Y;M;L;B;T;R;N;I;V;A;U,H;S;L;T;R;N;V;M;U;Y,A;B;H;I;L;M;N;R;S;T;U;V;Y,u6243,扃,U+6243,,,HSBR,HR,gwing1,a door bar placed outside a door,1,2,6,2,0.8,12,cj-377,10,
cj-378,cangjie,5,378,Lesson 378,第378課,H;S;Y;M;L;B;T;R;N;I;V;A;U,H;S;L;T;R;N;V;M;U;Y,A;B;H;I;L;M;N;R;S;T;U;V;Y,u6244,扄,U+6244,,,HSHBR,HR,soeng2,large ring on a front door used as a knocker,1,2,6,2,0.8,12,cj-377,10,
cj-378,cangjie,5,378,Lesson 378,第378課,H;S;Y;M;L;B;T;R;N;I;V;A;U,H;S;L;T;R;N;V;M;U;Y,A;B;H;I;L;M;N;R;S;T;U;V;Y,u6245,扅,U+6245,,,HSNIN,HN,ji4,"gate bar, bolt",1,2,6,2,0.8,12,cj-377,10,
cj-378,cangjie,5,378,Lesson 378,第378課,H;S;Y;M;L;B;T;R;N;I;V;A;U,H;S;L;T;R;N;V;M;U;Y,A;B;H;I;L;M;N;R;S;T;U;V;Y,u6246,扆,U+6246,,,HSYHV,HV,ji2,screen,1,2,6,2,0.8,12,cj-377,10,
cj-378,cangjie,5,378,Lesson 378,第378課,H;S;Y;M;L;B;T;R;N;I;V;A;U,H;S;L;T;R;N;V;M;U;Y,A;B;H;I;L;M;N;R;S;T;U;V;Y,u6247,扇,U+6247,,,HSSMM,HM,sin3,fan; door panel,1,2,6,2,0.8,12,cj-377,10,
cj-378,cangjie,5,378,Lesson 378,第378課,H;S;Y;M;L;B;T;R;N;I;V;A;U,H;S;L;T;R;N;V;M;U;Y,A;B;H;I;L;M;N;R;S;T;U;V;Y,u6248,扈,U+6248,,,HSRAU,HU,wu6,"escort, retinue; insolent",1,2,6,2,0.8,12,cj-377,10,
cj-378,cangjie,5,378,Lesson 378,第378課,H;S;Y;M;L;B;T;R;N;I;V;A;U,H;S;L;T;R;N;V;M;U;Y,A;B;H;I;L;M;N;R;S;T;U;V;Y,u6249,扉,U+6249,,,HSLMY,HY,fei1,door panel,1,2,6,2,0.8,12,cj-377,10,
cj-379,cangjie,5,379,Lesson 379,第379課,H;S;F;Q;D;M;U;K;Y;C;N,H;F;Q;D;M;U;S;Y;C;N,C;D;F;H;K;M;N;Q;S;U;Y,u624a,扊,U+624A,,,HSFF,HF,jim5,upright bar for fastening door,1,2,6,2,0.8,12,cj-378,10,
cj-379,cangjie,5,379,Lesson 379,第379課,H;S;F;Q;D;M;U;K;Y;C;N,H;F;Q;D;M;U;S;Y;C;N,C;D;F;H;K;M;N;Q;S;U;Y,u624b,手,U+624B,,,Q,Q,sau2,hand,1,2,6,2,0.8,12,cj-378,10,
cj-379,cangjie,5,379,Lesson 379,第379課,H;S;F;Q;D;M;U;K;Y;C;N,H;F;Q;D;M;U;S;Y;C;N,C;D;F;H;K;M;N;Q;S;U;Y,u624c,扌,U+624C,,,DM,DM,sau2,hand; radical number 64,1,2,6,2,0.8,12,cj-378,10,
cj-379,cangjie,5,379,Lesson 379,第379課,H;S;F;Q;D;M;U;K;Y;C;N,H;F;Q;D;M;U;S;Y;C;N,C;D;F;H;K;M;N;Q;S;U;Y,u624d,才,U+624D,,,DH,DH,coi4,"talent, ability; just, only",1,2,6,2,0.8,12,cj-378,10,
cj-379,cangjie,5,379,Lesson 379,第379課,H;S;F;Q;D;M;U;K;Y;C;N,H;F;Q;D;M;U;S;Y;C;N,C;D;F;H;K;M;N;Q;S;U;Y,u624e,扎,U+624E,,,QU,QU,zaat3,pull up; pierce; struggle free,1,2,6,2,0.8,12,cj-378,10,
cj-379,cangjie,5,379,Lesson 379,第379課,H;S;F;Q;D;M;U;K;Y;C;N,H;F;Q;D;M;U;S;Y;C;N,C;D;F;H;K;M;N;Q;S;U;Y,u6250,扐,U+6250,,,QKS,QS,lak6,divine,1,2,6,2,0.8,12,cj-378,10,
cj-379,cangjie,5,379,Lesson 379,第379課,H;S;F;Q;D;M;U;K;Y;C;N,H;F;Q;D;M;U;S;Y;C;N,C;D;F;H;K;M;N;Q;S;U;Y,u6251,扑,U+6251,,,QY,QY,pok3,"pound, beat, strike; attack",1,2,6,2,0.8,12,cj-378,10,
cj-379,cangjie,5,379,Lesson 379,第379課,H;S;F;Q;D;M;U;K;Y;C;N,H;F;Q;D;M;U;S;Y;C;N,C;D;F;H;K;M;N;Q;S;U;Y,u6252,扒,U+6252,,,QC,QC,paa4,scratch; dig up; crawl; crouch,1,2,6,2,0.8,12,cj-378,10,
cj-379,cangjie,5,379,Lesson 379,第379課,H;S;F;Q;D;M;U;K;Y;C;N,H;F;Q;D;M;U;S;Y;C;N,C;D;F;H;K;M;N;Q;S;U;Y,u6253,打,U+6253,,,QMN,QN,daa2,"strike, hit, beat; fight; attack",1,2,6,2,0.8,12,cj-378,10,
cj-379,cangjie,5,379,Lesson 379,第379課,H;S;F;Q;D;M;U;K;Y;C;N,H;F;Q;D;M;U;S;Y;C;N,C;D;F;H;K;M;N;Q;S;U;Y,u6254,扔,U+6254,,,QNHS,QS,wing1,"throw, hurl; throw away, cast",1,2,6,2,0.8,12,cj-378,10,
cj-380,cangjie,5,380,Lesson 380,第380課,Q;I;H;P;M;J;E;D;O;N;R;U,Q;I;P;M;J;D;N;R;U,D;E;H;I;J;M;N;O;P;Q;R;U,u6255,払,U+6255,,,QI,QI,faan2,"shake off, brush away; dust",1,2,6,2,0.8,12,cj-379,10,
cj-380,cangjie,5,380,Lesson 380,第380課,Q;I;H;P;M;J;E;D;O;N;R;U,Q;I;P;M;J;D;N;R;U,D;E;H;I;J;M;N;O;P;Q;R;U,u6258,托,U+6258,,,QHP,QP,tok3,"to hold up with palm; to support, rely on",1,2,6,2,0.8,12,cj-379,10,
cj-380,cangjie,5,380,Lesson 380,第380課,Q;I;H;P;M;J;E;D;O;N;R;U,Q;I;P;M;J;D;N;R;U,D;E;H;I;J;M;N;O;P;Q;R;U,u625b,扛,U+625B,,,QM,QM,gong1,carry on shoulders; lift,1,2,6,2,0.8,12,cj-379,10,
cj-380,cangjie,5,380,Lesson 380,第380課,Q;I;H;P;M;J;E;D;O;N;R;U,Q;I;P;M;J;D;N;R;U,D;E;H;I;J;M;N;O;P;Q;R;U,u625e,扞,U+625E,,,QMJ,QJ,hon6,"ward off, withstand, resist",1,2,6,2,0.8,12,cj-379,10,
cj-380,cangjie,5,380,Lesson 380,第380課,Q;I;H;P;M;J;E;D;O;N;R;U,Q;I;P;M;J;D;N;R;U,D;E;H;I;J;M;N;O;P;Q;R;U,u6260,扠,U+6260,,,QEI,QI,caa1,pick up with fork or pincers,1,2,6,2,0.8,12,cj-379,10,
cj-380,cangjie,5,380,Lesson 380,第380課,Q;I;H;P;M;J;E;D;O;N;R;U,Q;I;P;M;J;D;N;R;U,D;E;H;I;J;M;N;O;P;Q;R;U,u6261,扡,U+6261,,,QPD,QD,ci2,drag along,1,2,6,2,0.8,12,cj-379,10,
cj-380,cangjie,5,380,Lesson 380,第380課,Q;I;H;P;M;J;E;D;O;N;R;U,Q;I;P;M;J;D;N;R;U,D;E;H;I;J;M;N;O;P;Q;R;U,u6262,扢,U+6262,,,QON,QN,gwat1,caper,1,2,6,2,0.8,12,cj-379,10,
cj-380,cangjie,5,380,Lesson 380,第380課,Q;I;H;P;M;J;E;D;O;N;R;U,Q;I;P;M;J;D;N;R;U,D;E;H;I;J;M;N;O;P;Q;R;U,u6263,扣,U+6263,,,QR,QR,kau3,"knock, strike, rap, tap; button",1,2,6,2,0.8,12,cj-379,10,
cj-380,cangjie,5,380,Lesson 380,第380課,Q;I;H;P;M;J;E;D;O;N;R;U,Q;I;P;M;J;D;N;R;U,D;E;H;I;J;M;N;O;P;Q;R;U,u6264,扤,U+6264,,,QMU,QU,ngaat6,to thrust; to move,1,2,6,2,0.8,12,cj-379,10,
cj-380,cangjie,5,380,Lesson 380,第380課,Q;I;H;P;M;J;E;D;O;N;R;U,Q;I;P;M;J;D;N;R;U,D;E;H;I;J;M;N;O;P;Q;R;U,u6266,扦,U+6266,,,QHJ,QJ,cin1,"probe, poke, prick, pierce",1,2,6,2,0.8,12,cj-379,10,
cj-381,cangjie,5,381,Lesson 381,第381課,Q;K;N;I;S;L;M;H;G;C;Y;U,Q;I;K;S;M;H;G;U,C;G;H;I;K;L;M;N;Q;S;U;Y,u6267,执,U+6267,,,QKNI,QI,zap1,hold in hand; keep; carry out,1,2,6,2,0.8,12,cj-380,10,
cj-381,cangjie,5,381,Lesson 381,第381課,Q;K;N;I;S;L;M;H;G;C;Y;U,Q;I;K;S;M;H;G;U,C;G;H;I;K;L;M;N;Q;S;U;Y,u6268,扨,U+6268,,,QSK,QK,jan6,pick up with fork or pincers,1,2,6,2,0.8,12,cj-380,10,
cj-381,cangjie,5,381,Lesson 381,第381課,Q;K;N;I;S;L;M;H;G;C;Y;U,Q;I;K;S;M;H;G;U,C;G;H;I;K;L;M;N;Q;S;U;Y,u6269,扩,U+6269,,,QI,QI,kwong3,"expand, enlarge, stretch",1,2,6,2,0.8,12,cj-380,10,
cj-381,cangjie,5,381,Lesson 381,第381課,Q;K;N;I;S;L;M;H;G;C;Y;U,Q;I;K;S;M;H;G;U,C;G;H;I;K;L;M;N;Q;S;U;Y,u626a,扪,U+626A,,,QLIS,QS,mun4,"stoke, pat, feel by hand, grope",1,2,6,2,0.8,12,cj-380,10,
cj-381,cangjie,5,381,Lesson 381,第381課,Q;K;N;I;S;L;M;H;G;C;Y;U,Q;I;K;S;M;H;G;U,C;G;H;I;K;L;M;N;Q;S;U;Y,u626b,扫,U+626B,,,QSM,QM,sou3,"sweep, clear away; exterminate",1,2,6,2,0.8,12,cj-380,10,
cj-381,cangjie,5,381,Lesson 381,第381課,Q;K;N;I;S;L;M;H;G;C;Y;U,Q;I;K;S;M;H;G;U,C;G;H;I;K;L;M;N;Q;S;U;Y,u626c,扬,U+626C,,,QNSH,QH,joeng4,"scatter, spread; praise",1,2,6,2,0.8,12,cj-380,10,
cj-381,cangjie,5,381,Lesson 381,第381課,Q;K;N;I;S;L;M;H;G;C;Y;U,Q;I;K;S;M;H;G;U,C;G;H;I;K;L;M;N;Q;S;U;Y,u626d,扭,U+626D,,,QNG,QG,nau2,"turn, twist, wrench; seize, grasp",1,2,6,2,0.8,12,cj-380,10,
cj-381,cangjie,5,381,Lesson 381,第381課,Q;K;N;I;S;L;M;H;G;C;Y;U,Q;I;K;S;M;H;G;U,C;G;H;I;K;L;M;N;Q;S;U;Y,u626e,扮,U+626E,,,QCSH,QH,baan6,dress up; dress up as,1,2,6,2,0.8,12,cj-380,10,
cj-381,cangjie,5,381,Lesson 381,第381課,Q;K;N;I;S;L;M;H;G;C;Y;U,Q;I;K;S;M;H;G;U,C;G;H;I;K;L;M;N;Q;S;U;Y,u626f,扯,U+626F,,,QYLM,QM,ce2,"rip up, tear down; raise; haul",1,2,6,2,0.8,12,cj-380,10,
cj-381,cangjie,5,381,Lesson 381,第381課,Q;K;N;I;S;L;M;H;G;C;Y;U,Q;I;K;S;M;H;G;U,C;G;H;I;K;L;M;N;Q;S;U;Y,u6270,扰,U+6270,,,QIKU,QU,jiu2,"disturb, annoy, agitate",1,2,6,2,0.8,12,cj-380,10,
cj-382,cangjie,5,382,Lesson 382,第382課,Q;N;H;E;O;I;Y;P;V;M;S;U,Q;E;N;Y;O;P;U,E;H;I;M;N;O;P;Q;S;U;V;Y,u6271,扱,U+6271,,,QNHE,QE,kap1,"collect, draw in, gather; receive",1,2,6,2,0.8,12,cj-381,10,
cj-382,cangjie,5,382,Lesson 382,第382課,Q;N;H;E;O;I;Y;P;V;M;S;U,Q;E;N;Y;O;P;U,E;H;I;M;N;O;P;Q;S;U;V;Y,u6272,扲,U+6272,,,QOIN,QN,ngam4,(Cant.) to pull out,1,2,6,2,0.8,12,cj-381,10,
cj-382,cangjie,5,382,Lesson 382,第382課,Q;N;H;E;O;I;Y;P;V;M;S;U,Q;E;N;Y;O;P;U,E;H;I;M;N;O;P;Q;S;U;V;Y,u6273,扳,U+6273,,,QHE,QE,paan1,pull; drag; right itself,1,2,6,2,0.8,12,cj-381,10,
cj-382,cangjie,5,382,Lesson 382,第382課,Q;N;H;E;O;I;Y;P;V;M;S;U,Q;E;N;Y;O;P;U,E;H;I;M;N;O;P;Q;S;U;V;Y,u6275,扵,U+6275,,,QOY,QY,jyu1,"in, on, at, by, from; than; with reference to; compared with",1,2,6,2,0.8,12,cj-381,10,
cj-382,cangjie,5,382,Lesson 382,第382課,Q;N;H;E;O;I;Y;P;V;M;S;U,Q;E;N;Y;O;P;U,E;H;I;M;N;O;P;Q;S;U;V;Y,u6276,扶,U+6276,,,QQO,QO,fu4,"support, help; protect; hold on",1,2,6,2,0.8,12,cj-381,10,
cj-382,cangjie,5,382,Lesson 382,第382課,Q;N;H;E;O;I;Y;P;V;M;S;U,Q;E;N;Y;O;P;U,E;H;I;M;N;O;P;Q;S;U;V;Y,u6279,批,U+6279,,,QPP,QP,pai1,"comment, criticize; wholesale",1,2,6,2,0.8,12,cj-381,10,
cj-382,cangjie,5,382,Lesson 382,第382課,Q;N;H;E;O;I;Y;P;V;M;S;U,Q;E;N;Y;O;P;U,E;H;I;M;N;O;P;Q;S;U;V;Y,u627a,扺,U+627A,,,QHVP,QP,zi2,to strike one's palm with one's fist,1,2,6,2,0.8,12,cj-381,10,
cj-382,cangjie,5,382,Lesson 382,第382課,Q;N;H;E;O;I;Y;P;V;M;S;U,Q;E;N;Y;O;P;U,E;H;I;M;N;O;P;Q;S;U;V;Y,u627b,扻,U+627B,,,QNO,QO,ham2,"to strike; to run against to throw, as a stone",1,2,6,2,0.8,12,cj-381,10,
cj-382,cangjie,5,382,Lesson 382,第382課,Q;N;H;E;O;I;Y;P;V;M;S;U,Q;E;N;Y;O;P;U,E;H;I;M;N;O;P;Q;S;U;V;Y,u627c,扼,U+627C,,,QMSU,QU,ak1,"grasp, clutch; choke, strangle",1,2,6,2,0.8,12,cj-381,10,
cj-382,cangjie,5,382,Lesson 382,第382課,Q;N;H;E;O;I;Y;P;V;M;S;U,Q;E;N;Y;O;P;U,E;H;I;M;N;O;P;Q;S;U;V;Y,u627d,扽,U+627D,,,QPU,QU,dan3,"to move, to shake",1,2,6,2,0.8,12,cj-381,10,
cj-383,cangjie,5,383,Lesson 383,第383課,Q;I;N;O;J;E;Y;F;H;P;K;B;D;A;U,Q;I;N;O;E;Y;H;K;B;U,A;B;D;E;F;H;I;J;K;N;O;P;Q;U;Y,u627e,找,U+627E,,,QI,QI,zaau2,"search, seek, look for; find",1,2,6,2,0.8,12,cj-382,10,
cj-383,cangjie,5,383,Lesson 383,第383課,Q;I;N;O;J;E;Y;F;H;P;K;B;D;A;U,Q;I;N;O;E;Y;H;K;B;U,A;B;D;E;F;H;I;J;K;N;O;P;Q;U;Y,u627f,承,U+627F,,,NNQO,NO,sing4,"inherit, receive; succeed",1,2,6,2,0.8,12,cj-382,10,
cj-383,cangjie,5,383,Lesson 383,第383課,Q;I;N;O;J;E;Y;F;H;P;K;B;D;A;U,Q;I;N;O;E;Y;H;K;B;U,A;B;D;E;F;H;I;J;K;N;O;P;Q;U;Y,u6280,技,U+6280,,,QJE,QE,gei6,"skill, ability, talent, ingenuity",1,2,6,2,0.8,12,cj-382,10,
cj-383,cangjie,5,383,Lesson 383,第383課,Q;I;N;O;J;E;Y;F;H;P;K;B;D;A;U,Q;I;N;O;E;Y;H;K;B;U,A;B;D;E;F;H;I;J;K;N;O;P;Q;U;Y,u6283,抃,U+6283,,,QYY,QY,bin6,to clap hands; to cheer,1,2,6,2,0.8,12,cj-382,10,
cj-383,cangjie,5,383,Lesson 383,第383課,Q;I;N;O;J;E;Y;F;H;P;K;B;D;A;U,Q;I;N;O;E;Y;H;K;B;U,A;B;D;E;F;H;I;J;K;N;O;P;Q;U;Y,u6284,抄,U+6284,,,QFH,QH,caau1,"copy, confiscate, seize",1,2,6,2,0.8,12,cj-382,10,
cj-383,cangjie,5,383,Lesson 383,第383課,Q;I;N;O;J;E;Y;F;H;P;K;B;D;A;U,Q;I;N;O;E;Y;H;K;B;U,A;B;D;E;F;H;I;J;K;N;O;P;Q;U;Y,u6285,抅,U+6285,,,QPI,QI,keoi1,to collect; to join together,1,2,6,2,0.8,12,cj-382,10,
cj-383,cangjie,5,383,Lesson 383,第383課,Q;I;N;O;J;E;Y;F;H;P;K;B;D;A;U,Q;I;N;O;E;Y;H;K;B;U,A;B;D;E;F;H;I;J;K;N;O;P;Q;U;Y,u6286,抆,U+6286,,,QYK,QK,man5,"wipe, rub off",1,2,6,2,0.8,12,cj-382,10,
cj-383,cangjie,5,383,Lesson 383,第383課,Q;I;N;O;J;E;Y;F;H;P;K;B;D;A;U,Q;I;N;O;E;Y;H;K;B;U,A;B;D;E;F;H;I;J;K;N;O;P;Q;U;Y,u6288,抈,U+6288,,,QB,QB,jyut6,to bend,1,2,6,2,0.8,12,cj-382,10,
cj-383,cangjie,5,383,Lesson 383,第383課,Q;I;N;O;J;E;Y;F;H;P;K;B;D;A;U,Q;I;N;O;E;Y;H;K;B;U,A;B;D;E;F;H;I;J;K;N;O;P;Q;U;Y,u6289,抉,U+6289,,,QDK,QK,kyut3,"choose, select; gouge, pluck out",1,2,6,2,0.8,12,cj-382,10,
cj-383,cangjie,5,383,Lesson 383,第383課,Q;I;N;O;J;E;Y;F;H;P;K;B;D;A;U,Q;I;N;O;E;Y;H;K;B;U,A;B;D;E;F;H;I;J;K;N;O;P;Q;U;Y,u628a,把,U+628A,,,QAU,QU,baa2,"hold, take; guard; regard as",1,2,6,2,0.8,12,cj-382,10,
cj-384,cangjie,5,384,Lesson 384,第384課,Q;L;B;U;H;T;V;N;I;O;M;F;E;Y;J,Q;U;T;L;N;O;F;E;J,B;E;F;H;I;J;L;M;N;O;Q;T;U;V;Y,u628c,抌,U+628C,,,QLBU,QU,dam2,"to bale out water, to dip",1,2,6,2,0.8,12,cj-383,10,
cj-384,cangjie,5,384,Lesson 384,第384課,Q;L;B;U;H;T;V;N;I;O;M;F;E;Y;J,Q;U;T;L;N;O;F;E;J,B;E;F;H;I;J;L;M;N;O;Q;T;U;V;Y,u628d,抍,U+628D,,,QHT,QT,sing1,"to lift up; to rescue, save",1,2,6,2,0.8,12,cj-383,10,
cj-384,cangjie,5,384,Lesson 384,第384課,Q;L;B;U;H;T;V;N;I;O;M;F;E;Y;J,Q;U;T;L;N;O;F;E;J,B;E;F;H;I;J;L;M;N;O;Q;T;U;V;Y,u6291,抑,U+6291,,,QHVL,QL,jik1,"press down, repress; curb, hinder",1,2,6,2,0.8,12,cj-383,10,
cj-384,cangjie,5,384,Lesson 384,第384課,Q;L;B;U;H;T;V;N;I;O;M;F;E;Y;J,Q;U;T;L;N;O;F;E;J,B;E;F;H;I;J;L;M;N;O;Q;T;U;V;Y,u6292,抒,U+6292,,,QNIN,QN,syu1,express; eliminate; relieve,1,2,6,2,0.8,12,cj-383,10,
cj-384,cangjie,5,384,Lesson 384,第384課,Q;L;B;U;H;T;V;N;I;O;M;F;E;Y;J,Q;U;T;L;N;O;F;E;J,B;E;F;H;I;J;L;M;N;O;Q;T;U;V;Y,u6293,抓,U+6293,,,QHLO,QO,zaau2,"scratch; clutch, seize, grab",1,2,6,2,0.8,12,cj-383,10,
cj-384,cangjie,5,384,Lesson 384,第384課,Q;L;B;U;H;T;V;N;I;O;M;F;E;Y;J,Q;U;T;L;N;O;F;E;J,B;E;F;H;I;J;L;M;N;O;Q;T;U;V;Y,u6294,抔,U+6294,,,QMF,QF,pau4,take or hold up in both hands,1,2,6,2,0.8,12,cj-383,10,
cj-384,cangjie,5,384,Lesson 384,第384課,Q;L;B;U;H;T;V;N;I;O;M;F;E;Y;J,Q;U;T;L;N;O;F;E;J,B;E;F;H;I;J;L;M;N;O;Q;T;U;V;Y,u6295,投,U+6295,,,QHNE,QE,tau4,"throw, cast, fling, pitch; jump",1,2,6,2,0.8,12,cj-383,10,
cj-384,cangjie,5,384,Lesson 384,第384課,Q;L;B;U;H;T;V;N;I;O;M;F;E;Y;J,Q;U;T;L;N;O;F;E;J,B;E;F;H;I;J;L;M;N;O;Q;T;U;V;Y,u6296,抖,U+6296,,,QYJ,QJ,dau2,"tremble, shake, rouse; give shake",1,2,6,2,0.8,12,cj-383,10,
cj-384,cangjie,5,384,Lesson 384,第384課,Q;L;B;U;H;T;V;N;I;O;M;F;E;Y;J,Q;U;T;L;N;O;F;E;J,B;E;F;H;I;J;L;M;N;O;Q;T;U;V;Y,u6297,抗,U+6297,,,QYHN,QN,kong3,"resist, oppose, defy, reject",1,2,6,2,0.8,12,cj-383,10,
cj-384,cangjie,5,384,Lesson 384,第384課,Q;L;B;U;H;T;V;N;I;O;M;F;E;Y;J,Q;U;T;L;N;O;F;E;J,B;E;F;H;I;J;L;M;N;O;Q;T;U;V;Y,u6298,折,U+6298,,,QHML,QL,zit3,"break off, snap; bend",1,2,6,2,0.8,12,cj-383,10,
cj-385,cangjie,5,385,Lesson 385,第385課,Q;M;K;U;N;S;E;V;I;O;P,Q;U;S;E;O;I;K;P,E;I;K;M;N;O;P;Q;S;U;V,u629a,抚,U+629A,,,QMKU,QU,fu2,"pat, console, comfort; pacify",1,2,6,2,0.8,12,cj-384,10,
cj-385,cangjie,5,385,Lesson 385,第385課,Q;M;K;U;N;S;E;V;I;O;P,Q;U;S;E;O;I;K;P,E;I;K;M;N;O;P;Q;S;U;V,u629b,抛,U+629B,,,QKNS,QS,paau1,throw (away),1,2,6,2,0.8,12,cj-384,10,
cj-385,cangjie,5,385,Lesson 385,第385課,Q;M;K;U;N;S;E;V;I;O;P,Q;U;S;E;O;I;K;P,E;I;K;M;N;O;P;Q;S;U;V,u629c,抜,U+629C,,,QKE,QE,bat6,"uproot, pull out",1,2,6,2,0.8,12,cj-384,10,
cj-385,cangjie,5,385,Lesson 385,第385課,Q;M;K;U;N;S;E;V;I;O;P,Q;U;S;E;O;I;K;P,E;I;K;M;N;O;P;Q;S;U;V,u629d,抝,U+629D,,,QVIS,QS,aau2,"to bend, break; to argue",1,2,6,2,0.8,12,cj-384,10,
cj-385,cangjie,5,385,Lesson 385,第385課,Q;M;K;U;N;S;E;V;I;O;P,Q;U;S;E;O;I;K;P,E;I;K;M;N;O;P;Q;S;U;V,u629e,択,U+629E,,,QSO,QO,zaak6,"select, choose, pick out",1,2,6,2,0.8,12,cj-384,10,
cj-385,cangjie,5,385,Lesson 385,第385課,Q;M;K;U;N;S;E;V;I;O;P,Q;U;S;E;O;I;K;P,E;I;K;M;N;O;P;Q;S;U;V,u629f,抟,U+629F,,,QQNI,QI,tyun4,roll around with hand; model,1,2,6,2,0.8,12,cj-384,10,
cj-385,cangjie,5,385,Lesson 385,第385課,Q;M;K;U;N;S;E;V;I;O;P,Q;U;S;E;O;I;K;P,E;I;K;M;N;O;P;Q;S;U;V,u62a0,抠,U+62A0,,,QSK,QK,kau1,"raise, lift up; tight-fisted",1,2,6,2,0.8,12,cj-384,10,
cj-385,cangjie,5,385,Lesson 385,第385課,Q;M;K;U;N;S;E;V;I;O;P,Q;U;S;E;O;I;K;P,E;I;K;M;N;O;P;Q;S;U;V,u62a1,抡,U+62A1,,,QOP,QP,leon4,"swing, brandish, flourish",1,2,6,2,0.8,12,cj-384,10,
cj-385,cangjie,5,385,Lesson 385,第385課,Q;M;K;U;N;S;E;V;I;O;P,Q;U;S;E;O;I;K;P,E;I;K;M;N;O;P;Q;S;U;V,u62a2,抢,U+62A2,,,QOSU,QU,coeng2,"plunder, rob, take by force",1,2,6,2,0.8,12,cj-384,10,
cj-385,cangjie,5,385,Lesson 385,第385課,Q;M;K;U;N;S;E;V;I;O;P,Q;U;S;E;O;I;K;P,E;I;K;M;N;O;P;Q;S;U;V,u62a4,护,U+62A4,,,QIS,QS,wu6,"protect, guard, defend, shelter",1,2,6,2,0.8,12,cj-384,10,
cj-386,cangjie,5,386,Lesson 386,第386課,Q;S;L;E;M;O;B;F;J;K;D;H;I;R;P;U,Q;E;B;J;R;H;M;K;U,B;D;E;F;H;I;J;K;L;M;O;P;Q;R;S;U,u62a5,报,U+62A5,,,QSLE,QE,bou3,"report, tell, announce",1,2,6,2,0.8,12,cj-385,10,
cj-386,cangjie,5,386,Lesson 386,第386課,Q;S;L;E;M;O;B;F;J;K;D;H;I;R;P;U,Q;E;B;J;R;H;M;K;U,B;D;E;F;H;I;J;K;L;M;O;P;Q;R;S;U,u62a6,抦,U+62A6,,,QMOB,QB,bing2,(Cant.) to beat,1,2,6,2,0.8,12,cj-385,10,
cj-386,cangjie,5,386,Lesson 386,第386課,Q;S;L;E;M;O;B;F;J;K;D;H;I;R;P;U,Q;E;B;J;R;H;M;K;U,B;D;E;F;H;I;J;K;L;M;O;P;Q;R;S;U,u62a8,抨,U+62A8,,,QMFJ,QJ,ping1,"impeach, censure; attack",1,2,6,2,0.8,12,cj-385,10,
cj-386,cangjie,5,386,Lesson 386,第386課,Q;S;L;E;M;O;B;F;J;K;D;H;I;R;P;U,Q;E;B;J;R;H;M;K;U,B;D;E;F;H;I;J;K;L;M;O;P;Q;R;S;U,u62aa,抪,U+62AA,,,QKLB,QB,bo3,"to scatter, spread",1,2,6,2,0.8,12,cj-385,10,
cj-386,cangjie,5,386,Lesson 386,第386課,Q;S;L;E;M;O;B;F;J;K;D;H;I;R;P;U,Q;E;B;J;R;H;M;K;U,B;D;E;F;H;I;J;K;L;M;O;P;Q;R;S;U,u62ab,披,U+62AB,,,QDHE,QE,pei1,wear; split; crack,1,2,6,2,0.8,12,cj-385,10,
cj-386,cangjie,5,386,Lesson 386,第386課,Q;S;L;E;M;O;B;F;J;K;D;H;I;R;P;U,Q;E;B;J;R;H;M;K;U,B;D;E;F;H;I;J;K;L;M;O;P;Q;R;S;U,u62ac,抬,U+62AC,,,QIR,QR,toi4,"lift, carry",1,2,6,2,0.8,12,cj-385,10,
cj-386,cangjie,5,386,Lesson 386,第386課,Q;S;L;E;M;O;B;F;J;K;D;H;I;R;P;U,Q;E;B;J;R;H;M;K;U,B;D;E;F;H;I;J;K;L;M;O;P;Q;R;S;U,u62ae,抮,U+62AE,,,QOHH,QH,zan2,"to revolve, rotate",1,2,6,2,0.8,12,cj-385,10,
cj-386,cangjie,5,386,Lesson 386,第386課,Q;S;L;E;M;O;B;F;J;K;D;H;I;R;P;U,Q;E;B;J;R;H;M;K;U,B;D;E;F;H;I;J;K;L;M;O;P;Q;R;S;U,u62af,抯,U+62AF,,,QBM,QM,zaa1,"(Cant.) to grasp, hold",1,2,6,2,0.8,12,cj-385,10,
cj-386,cangjie,5,386,Lesson 386,第386課,Q;S;L;E;M;O;B;F;J;K;D;H;I;R;P;U,Q;E;B;J;R;H;M;K;U,B;D;E;F;H;I;J;K;L;M;O;P;Q;R;S;U,u62b0,抰,U+62B0,,,QLBK,QK,joeng2,"to shake (clothes, etc.)",1,2,6,2,0.8,12,cj-385,10,
cj-386,cangjie,5,386,Lesson 386,第386課,Q;S;L;E;M;O;B;F;J;K;D;H;I;R;P;U,Q;E;B;J;R;H;M;K;U,B;D;E;F;H;I;J;K;L;M;O;P;Q;R;S;U,u62b1,抱,U+62B1,,,QPRU,QU,pou5,"embrace, hold in arms, enfold",1,2,6,2,0.8,12,cj-385,10,
cj-387,cangjie,5,387,Lesson 387,第387課,Q;S;P;T;H;M;O;D;J;L;W;R;V;N,Q;P;T;M;O;J;L;W;N,D;H;J;L;M;N;O;P;Q;R;S;T;V;W,u62b3,抳,U+62B3,,,QSP,QP,nei5,"(Cant.) to crush, mash, grind",1,2,6,2,0.8,12,cj-386,10,
cj-387,cangjie,5,387,Lesson 387,第387課,Q;S;P;T;H;M;O;D;J;L;W;R;V;N,Q;P;T;M;O;J;L;W;N,D;H;J;L;M;N;O;P;Q;R;S;T;V;W,u62b4,抴,U+62B4,,,QPT,QT,jit6,to drag; to join,1,2,6,2,0.8,12,cj-386,10,
cj-387,cangjie,5,387,Lesson 387,第387課,Q;S;P;T;H;M;O;D;J;L;W;R;V;N,Q;P;T;M;O;J;L;W;N,D;H;J;L;M;N;O;P;Q;R;S;T;V;W,u62b5,抵,U+62B5,,,QHPM,QM,dai2,"resist, oppose; deny; off-set",1,2,6,2,0.8,12,cj-386,10,
cj-387,cangjie,5,387,Lesson 387,第387課,Q;S;P;T;H;M;O;D;J;L;W;R;V;N,Q;P;T;M;O;J;L;W;N,D;H;J;L;M;N;O;P;Q;R;S;T;V;W,u62b6,抶,U+62B6,,,QHQO,QO,cik1,beat,1,2,6,2,0.8,12,cj-386,10,
cj-387,cangjie,5,387,Lesson 387,第387課,Q;S;P;T;H;M;O;D;J;L;W;R;V;N,Q;P;T;M;O;J;L;W;N,D;H;J;L;M;N;O;P;Q;R;S;T;V;W,u62b9,抹,U+62B9,,,QDJ,QJ,mut3,"smear, apply, wipe off, erase",1,2,6,2,0.8,12,cj-386,10,
cj-387,cangjie,5,387,Lesson 387,第387課,Q;S;P;T;H;M;O;D;J;L;W;R;V;N,Q;P;T;M;O;J;L;W;N,D;H;J;L;M;N;O;P;Q;R;S;T;V;W,u62bb,抻,U+62BB,,,QLWL,QL,can2,pull,1,2,6,2,0.8,12,cj-386,10,
cj-387,cangjie,5,387,Lesson 387,第387課,Q;S;P;T;H;M;O;D;J;L;W;R;V;N,Q;P;T;M;O;J;L;W;N,D;H;J;L;M;N;O;P;Q;R;S;T;V;W,u62bc,押,U+62BC,,,QWL,QL,aat3,"mortgage, pledge; deposit; to pawn; to arrest, detain, guard",1,2,6,2,0.8,12,cj-386,10,
cj-387,cangjie,5,387,Lesson 387,第387課,Q;S;P;T;H;M;O;D;J;L;W;R;V;N,Q;P;T;M;O;J;L;W;N,D;H;J;L;M;N;O;P;Q;R;S;T;V;W,u62bd,抽,U+62BD,,,QLW,QW,cau1,"draw out, pull out; sprout",1,2,6,2,0.8,12,cj-386,10,
cj-387,cangjie,5,387,Lesson 387,第387課,Q;S;P;T;H;M;O;D;J;L;W;R;V;N,Q;P;T;M;O;J;L;W;N,D;H;J;L;M;N;O;P;Q;R;S;T;V;W,u62bf,抿,U+62BF,,,QRVP,QP,man5,pucker up lips in smile; press,1,2,6,2,0.8,12,cj-386,10,
cj-387,cangjie,5,387,Lesson 387,第387課,Q;S;P;T;H;M;O;D;J;L;W;R;V;N,Q;P;T;M;O;J;L;W;N,D;H;J;L;M;N;O;P;Q;R;S;T;V;W,u62c2,拂,U+62C2,,,QLLN,QN,fat1,"shake off, brush away; dust",1,2,6,2,0.8,12,cj-386,10,
cj-388,cangjie,5,388,Lesson 388,第388課,Q;O;S;Y;G;A;M;H;W;I;R;T;D;K;U;F,Q;S;G;M;Y;I;R;T,A;D;F;G;H;I;K;M;O;Q;R;S;T;U;W;Y,u62c3,拃,U+62C3,,,QOS,QS,zaa3,"grope, press, span",1,2,6,2,0.8,12,cj-387,10,
cj-388,cangjie,5,388,Lesson 388,第388課,Q;O;S;Y;G;A;M;H;W;I;R;T;D;K;U;F,Q;S;G;M;Y;I;R;T,A;D;F;G;H;I;K;M;O;Q;R;S;T;U;W;Y,u62c4,拄,U+62C4,,,QYG,QG,zyu2,lean on; post; prod; ridicule,1,2,6,2,0.8,12,cj-387,10,
cj-388,cangjie,5,388,Lesson 388,第388課,Q;O;S;Y;G;A;M;H;W;I;R;T;D;K;U;F,Q;S;G;M;Y;I;R;T,A;D;F;G;H;I;K;M;O;Q;R;S;T;U;W;Y,u62c5,担,U+62C5,,,QAM,QM,daam1,"carry, bear, undertake",1,2,6,2,0.8,12,cj-387,10,
cj-388,cangjie,5,388,Lesson 388,第388課,Q;O;S;Y;G;A;M;H;W;I;R;T;D;K;U;F,Q;S;G;M;Y;I;R;T,A;D;F;G;H;I;K;M;O;Q;R;S;T;U;W;Y,u62c6,拆,U+62C6,,,QHMY,QY,caak3,"to break up, split apart, rip open; to destroy",1,2,6,2,0.8,12,cj-387,10,
cj-388,cangjie,5,388,Lesson 388,第388課,Q;O;S;Y;G;A;M;H;W;I;R;T;D;K;U;F,Q;S;G;M;Y;I;R;T,A;D;F;G;H;I;K;M;O;Q;R;S;T;U;W;Y,u62c7,拇,U+62C7,,,QWYI,QI,mou5,thumb; big toe,1,2,6,2,0.8,12,cj-387,10,
cj-388,cangjie,5,388,Lesson 388,第388課,Q;O;S;Y;G;A;M;H;W;I;R;T;D;K;U;F,Q;S;G;M;Y;I;R;T,A;D;F;G;H;I;K;M;O;Q;R;S;T;U;W;Y,u62c8,拈,U+62C8,,,QYR,QR,nim1,pick up with fingers; draw lots,1,2,6,2,0.8,12,cj-387,10,
cj-388,cangjie,5,388,Lesson 388,第388課,Q;O;S;Y;G;A;M;H;W;I;R;T;D;K;U;F,Q;S;G;M;Y;I;R;T,A;D;F;G;H;I;K;M;O;Q;R;S;T;U;W;Y,u62c9,拉,U+62C9,,,QYT,QT,laai1,"pull, drag; seize, hold; lengthen",1,2,6,2,0.8,12,cj-387,10,
cj-388,cangjie,5,388,Lesson 388,第388課,Q;O;S;Y;G;A;M;H;W;I;R;T;D;K;U;F,Q;S;G;M;Y;I;R;T,A;D;F;G;H;I;K;M;O;Q;R;S;T;U;W;Y,u62ca,拊,U+62CA,,,QODI,QI,fu2,slap; pat; tap; handle of a vessel,1,2,6,2,0.8,12,cj-387,10,
cj-388,cangjie,5,388,Lesson 388,第388課,Q;O;S;Y;G;A;M;H;W;I;R;T;D;K;U;F,Q;S;G;M;Y;I;R;T,A;D;F;G;H;I;K;M;O;Q;R;S;T;U;W;Y,u62cb,拋,U+62CB,,,QKUS,QS,paau1,"throw (away), abandon, reject",1,2,6,2,0.8,12,cj-387,10,
cj-388,cangjie,5,388,Lesson 388,第388課,Q;O;S;Y;G;A;M;H;W;I;R;T;D;K;U;F,Q;S;G;M;Y;I;R;T,A;D;F;G;H;I;K;M;O;Q;R;S;T;U;W;Y,u62cc,拌,U+62CC,,,QFQ,QQ,bun6,mix,1,2,6,2,0.8,12,cj-387,10,
cj-389,cangjie,5,389,Lesson 389,第389課,Q;H;A;O;I;V;E;R;K;S;T;M;J;P;D,Q;A;I;V;S;M;R;E;P;D,A;D;E;H;I;J;K;M;O;P;Q;R;S;T;V,u62cd,拍,U+62CD,,,QHA,QA,paak3,"clap, tap, beat; beat or rhythm",1,2,6,2,0.8,12,cj-388,10,
cj-389,cangjie,5,389,Lesson 389,第389課,Q;H;A;O;I;V;E;R;K;S;T;M;J;P;D,Q;A;I;V;S;M;R;E;P;D,A;D;E;H;I;J;K;M;O;P;Q;R;S;T;V,u62ce,拎,U+62CE,,,QOII,QI,ling1,to haul; to lift; to take,1,2,6,2,0.8,12,cj-388,10,
cj-389,cangjie,5,389,Lesson 389,第389課,Q;H;A;O;I;V;E;R;K;S;T;M;J;P;D,Q;A;I;V;S;M;R;E;P;D,A;D;E;H;I;J;K;M;O;P;Q;R;S;T;V,u62cf,拏,U+62CF,,,VEQ,VQ,naa4,"take; bring; grasp, hold; arrest",1,2,6,2,0.8,12,cj-388,10,
cj-389,cangjie,5,389,Lesson 389,第389課,Q;H;A;O;I;V;E;R;K;S;T;M;J;P;D,Q;A;I;V;S;M;R;E;P;D,A;D;E;H;I;J;K;M;O;P;Q;R;S;T;V,u62d0,拐,U+62D0,,,QRKS,QS,gwaai2,"kidnap, abduct; turn",1,2,6,2,0.8,12,cj-388,10,
cj-389,cangjie,5,389,Lesson 389,第389課,Q;H;A;O;I;V;E;R;K;S;T;M;J;P;D,Q;A;I;V;S;M;R;E;P;D,A;D;E;H;I;J;K;M;O;P;Q;R;S;T;V,u62d1,拑,U+62D1,,,QTM,QM,kim4,"to clamp, tie down or pin down",1,2,6,2,0.8,12,cj-388,10,
cj-389,cangjie,5,389,Lesson 389,第389課,Q;H;A;O;I;V;E;R;K;S;T;M;J;P;D,Q;A;I;V;S;M;R;E;P;D,A;D;E;H;I;J;K;M;O;P;Q;R;S;T;V,u62d2,拒,U+62D2,,,QSS,QS,keoi5,"ward off with hand, defend",1,2,6,2,0.8,12,cj-388,10,
cj-389,cangjie,5,389,Lesson 389,第389課,Q;H;A;O;I;V;E;R;K;S;T;M;J;P;D,Q;A;I;V;S;M;R;E;P;D,A;D;E;H;I;J;K;M;O;P;Q;R;S;T;V,u62d3,拓,U+62D3,,,QMR,QR,tok3,expand; open up; support or push,1,2,6,2,0.8,12,cj-388,10,
cj-389,cangjie,5,389,Lesson 389,第389課,Q;H;A;O;I;V;E;R;K;S;T;M;J;P;D,Q;A;I;V;S;M;R;E;P;D,A;D;E;H;I;J;K;M;O;P;Q;R;S;T;V,u62d4,拔,U+62D4,,,QIKE,QE,bat6,"uproot, pull out",1,2,6,2,0.8,12,cj-388,10,
cj-389,cangjie,5,389,Lesson 389,第389課,Q;H;A;O;I;V;E;R;K;S;T;M;J;P;D,Q;A;I;V;S;M;R;E;P;D,A;D;E;H;I;J;K;M;O;P;Q;R;S;T;V,u62d5,拕,U+62D5,,,QJP,QP,to1,"to drag after, to drag out, from which comes:to involve, to delay, to implicate",1,2,6,2,0.8,12,cj-388,10,
cj-389,cangjie,5,389,Lesson 389,第389課,Q;H;A;O;I;V;E;R;K;S;T;M;J;P;D,Q;A;I;V;S;M;R;E;P;D,A;D;E;H;I;J;K;M;O;P;Q;R;S;T;V,u62d6,拖,U+62D6,,,QOPD,QD,to1,"drag, tow, haul; delay, prolong",1,2,6,2,0.8,12,cj-388,10,
cj-390,cangjie,5,390,Lesson 390,第390課,Q;V;I;S;P;R;U;T;H;M;J;O;E;N,Q;S;R;U;T;H;J;O;N;I,E;H;I;J;M;N;O;P;Q;R;S;T;U;V,u62d7,拗,U+62D7,,,QVIS,QS,aau2,"to pull, drag, break off, to pluck (a flower); bent, warped; perverse, obstinate",1,2,6,2,0.8,12,cj-389,10,
cj-390,cangjie,5,390,Lesson 390,第390課,Q;V;I;S;P;R;U;T;H;M;J;O;E;N,Q;S;R;U;T;H;J;O;N;I,E;H;I;J;M;N;O;P;Q;R;S;T;U;V,u62d8,拘,U+62D8,,,QPR,QR,keoi1,"restrain, seize, detain",1,2,6,2,0.8,12,cj-389,10,
cj-390,cangjie,5,390,Lesson 390,第390課,Q;V;I;S;P;R;U;T;H;M;J;O;E;N,Q;S;R;U;T;H;J;O;N;I,E;H;I;J;M;N;O;P;Q;R;S;T;U;V,u62d9,拙,U+62D9,,,QUU,QU,zyut3,"stupid, clumsy, crude; convention",1,2,6,2,0.8,12,cj-389,10,
cj-390,cangjie,5,390,Lesson 390,第390課,Q;V;I;S;P;R;U;T;H;M;J;O;E;N,Q;S;R;U;T;H;J;O;N;I,E;H;I;J;M;N;O;P;Q;R;S;T;U;V,u62da,拚,U+62DA,,,QIT,QT,pun3,"risk, disregard; go all out for",1,2,6,2,0.8,12,cj-389,10,
cj-390,cangjie,5,390,Lesson 390,第390課,Q;V;I;S;P;R;U;T;H;M;J;O;E;N,Q;S;R;U;T;H;J;O;N;I,E;H;I;J;M;N;O;P;Q;R;S;T;U;V,u62db,招,U+62DB,,,QSHR,QR,ziu1,"beckon, summon; recruit, levy",1,2,6,2,0.8,12,cj-389,10,
cj-390,cangjie,5,390,Lesson 390,第390課,Q;V;I;S;P;R;U;T;H;M;J;O;E;N,Q;S;R;U;T;H;J;O;N;I,E;H;I;J;M;N;O;P;Q;R;S;T;U;V,u62dc,拜,U+62DC,,,HQMQJ,HJ,baai3,"do obeisance, bow, kowtow",1,2,6,2,0.8,12,cj-389,10,
cj-390,cangjie,5,390,Lesson 390,第390課,Q;V;I;S;P;R;U;T;H;M;J;O;E;N,Q;S;R;U;T;H;J;O;N;I,E;H;I;J;M;N;O;P;Q;R;S;T;U;V,u62dd,拝,U+62DD,,,QMQJ,QJ,baai3,"do obeisance, bow, kowtow",1,2,6,2,0.8,12,cj-389,10,
cj-390,cangjie,5,390,Lesson 390,第390課,Q;V;I;S;P;R;U;T;H;M;J;O;E;N,Q;S;R;U;T;H;J;O;N;I,E;H;I;J;M;N;O;P;Q;R;S;T;U;V,u62df,拟,U+62DF,,,QVIO,QO,ji5,"draft; intend, plan, propose",1,2,6,2,0.8,12,cj-389,10,
cj-390,cangjie,5,390,Lesson 390,第390課,Q;V;I;S;P;R;U;T;H;M;J;O;E;N,Q;S;R;U;T;H;J;O;N;I,E;H;I;J;M;N;O;P;Q;R;S;T;U;V,u62e0,拠,U+62E0,,,QHEN,QN,geoi3,"to occupy, take possession of; a base, position",1,2,6,2,0.8,12,cj-389,10,
cj-390,cangjie,5,390,Lesson 390,第390課,Q;V;I;S;P;R;U;T;H;M;J;O;E;N,Q;S;R;U;T;H;J;O;N;I,E;H;I;J;M;N;O;P;Q;R;S;T;U;V,u62e1,拡,U+62E1,,,QII,QI,kwok3,"expand, enlarge, stretch",1,2,6,2,0.8,12,cj-389,10,
cj-391,cangjie,6,391,Lesson 391,第391課,Q;I;K;P;V;C;B;T;M;J;N;E;A;H;R,Q;P;C;M;N;E;V;R,A;B;C;E;H;I;J;K;M;N;P;Q;R;T;V,u62e2,拢,U+62E2,,,QIKP,QP,lung5,"collect, bring together",1,2,6,2,0.8,12,cj-390,10,
cj-391,cangjie,6,391,Lesson 391,第391課,Q;I;K;P;V;C;B;T;M;J;N;E;A;H;R,Q;P;C;M;N;E;V;R,A;B;C;E;H;I;J;K;M;N;P;Q;R;T;V,u62e3,拣,U+62E3,,,QKVC,QC,gaan2,choose; select; pick up; gather,1,2,6,2,0.8,12,cj-390,10,
cj-391,cangjie,6,391,Lesson 391,第391課,Q;I;K;P;V;C;B;T;M;J;N;E;A;H;R,Q;P;C;M;N;E;V;R,A;B;C;E;H;I;J;K;M;N;P;Q;R;T;V,u62e5,拥,U+62E5,,,QBQ,QQ,jung2,"embrace, hug, squeeze; crowd",1,2,6,2,0.8,12,cj-390,10,
cj-391,cangjie,6,391,Lesson 391,第391課,Q;I;K;P;V;C;B;T;M;J;N;E;A;H;R,Q;P;C;M;N;E;V;R,A;B;C;E;H;I;J;K;M;N;P;Q;R;T;V,u62e6,拦,U+62E6,,,QTMM,QM,laan4,"obstruct, impede, bar, hinder",1,2,6,2,0.8,12,cj-390,10,
cj-391,cangjie,6,391,Lesson 391,第391課,Q;I;K;P;V;C;B;T;M;J;N;E;A;H;R,Q;P;C;M;N;E;V;R,A;B;C;E;H;I;J;K;M;N;P;Q;R;T;V,u62e7,拧,U+62E7,,,QJMN,QN,ning6,"pinch; twist, wring; determined",1,2,6,2,0.8,12,cj-390,10,
cj-391,cangjie,6,391,Lesson 391,第391課,Q;I;K;P;V;C;B;T;M;J;N;E;A;H;R,Q;P;C;M;N;E;V;R,A;B;C;E;H;I;J;K;M;N;P;Q;R;T;V,u62e8,拨,U+62E8,,,QIVE,QE,but6,move; dispel; distribute,1,2,6,2,0.8,12,cj-390,10,
cj-391,cangjie,6,391,Lesson 391,第391課,Q;I;K;P;V;C;B;T;M;J;N;E;A;H;R,Q;P;C;M;N;E;V;R,A;B;C;E;H;I;J;K;M;N;P;Q;R;T;V,u62e9,择,U+62E9,,,QEQ,QQ,zaak6,"select, choose, pick out",1,2,6,2,0.8,12,cj-390,10,
cj-391,cangjie,6,391,Lesson 391,第391課,Q;I;K;P;V;C;B;T;M;J;N;E;A;H;R,Q;P;C;M;N;E;V;R,A;B;C;E;H;I;J;K;M;N;P;Q;R;T;V,u62eb,拫,U+62EB,,,QAV,QV,hang4,to pull; to drag; to stop; (Cant.) to turn fast,1,2,6,2,0.8,12,cj-390,10,
cj-391,cangjie,6,391,Lesson 391,第391課,Q;I;K;P;V;C;B;T;M;J;N;E;A;H;R,Q;P;C;M;N;E;V;R,A;B;C;E;H;I;J;K;M;N;P;Q;R;T;V,u62ec,括,U+62EC,,,QHJR,QR,kut3,"include, embrace, enclose",1,2,6,2,0.8,12,cj-390,10,
cj-391,cangjie,6,391,Lesson 391,第391課,Q;I;K;P;V;C;B;T;M;J;N;E;A;H;R,Q;P;C;M;N;E;V;R,A;B;C;E;H;I;J;K;M;N;P;Q;R;T;V,u62ed,拭,U+62ED,,,QIPM,QM,sik1,wipe away stains with cloth,1,2,6,2,0.8,12,cj-390,10,
cj-392,cangjie,6,392,Lesson 392,第392課,Q;G;R;N;E;M;T;C;F;O;K;L;D;V;J;S;W;P,Q;R;M;C;F;G;D;N;S;T;P,C;D;E;F;G;J;K;L;M;N;O;P;Q;R;S;T;V;W,u62ee,拮,U+62EE,,,QGR,QR,git3,"laboring hard, occupied; pursue",1,2,6,2,0.8,12,cj-391,10,
cj-392,cangjie,6,392,Lesson 392,第392課,Q;G;R;N;E;M;T;C;F;O;K;L;D;V;J;S;W;P,Q;R;M;C;F;G;D;N;S;T;P,C;D;E;F;G;J;K;L;M;N;O;P;Q;R;S;T;V;W,u62ef,拯,U+62EF,,,QNEM,QM,cing2,"help, save, aid; lift, raise",1,2,6,2,0.8,12,cj-391,10,
cj-392,cangjie,6,392,Lesson 392,第392課,Q;G;R;N;E;M;T;C;F;O;K;L;D;V;J;S;W;P,Q;R;M;C;F;G;D;N;S;T;P,C;D;E;F;G;J;K;L;M;N;O;P;Q;R;S;T;V;W,u62f1,拱,U+62F1,,,QTC,QC,gung2,"fold hands on breast; bow, salute",1,2,6,2,0.8,12,cj-391,10,
cj-392,cangjie,6,392,Lesson 392,第392課,Q;G;R;N;E;M;T;C;F;O;K;L;D;V;J;S;W;P,Q;R;M;C;F;G;D;N;S;T;P,C;D;E;F;G;J;K;L;M;N;O;P;Q;R;S;T;V;W,u62f3,拳,U+62F3,,,FQQ,FQ,kyun4,fist; various forms of boxing,1,2,6,2,0.8,12,cj-391,10,
cj-392,cangjie,6,392,Lesson 392,第392課,Q;G;R;N;E;M;T;C;F;O;K;L;D;V;J;S;W;P,Q;R;M;C;F;G;D;N;S;T;P,C;D;E;F;G;J;K;L;M;N;O;P;Q;R;S;T;V;W,u62f4,拴,U+62F4,,,QOMG,QG,saan1,"bind with rope, fasten",1,2,6,2,0.8,12,cj-391,10,
cj-392,cangjie,6,392,Lesson 392,第392課,Q;G;R;N;E;M;T;C;F;O;K;L;D;V;J;S;W;P,Q;R;M;C;F;G;D;N;S;T;P,C;D;E;F;G;J;K;L;M;N;O;P;Q;R;S;T;V;W,u62f5,拵,U+62F5,,,QKLD,QD,cyun4,"to make, prepare, manufacture; workmanship; an arrangement",1,2,6,2,0.8,12,cj-391,10,
cj-392,cangjie,6,392,Lesson 392,第392課,Q;G;R;N;E;M;T;C;F;O;K;L;D;V;J;S;W;P,Q;R;M;C;F;G;D;N;S;T;P,C;D;E;F;G;J;K;L;M;N;O;P;Q;R;S;T;V;W,u62f6,拶,U+62F6,,,QVVN,QN,zaat3,"press, squeeze hard; force",1,2,6,2,0.8,12,cj-391,10,
cj-392,cangjie,6,392,Lesson 392,第392課,Q;G;R;N;E;M;T;C;F;O;K;L;D;V;J;S;W;P,Q;R;M;C;F;G;D;N;S;T;P,C;D;E;F;G;J;K;L;M;N;O;P;Q;R;S;T;V;W,u62f7,拷,U+62F7,,,QJKS,QS,haau2,torture and interrogate; hit,1,2,6,2,0.8,12,cj-391,10,
cj-392,cangjie,6,392,Lesson 392,第392課,Q;G;R;N;E;M;T;C;F;O;K;L;D;V;J;S;W;P,Q;R;M;C;F;G;D;N;S;T;P,C;D;E;F;G;J;K;L;M;N;O;P;Q;R;S;T;V;W,u62fc,拼,U+62FC,,,QTT,QT,ping1,"join together, link, incorporate",1,2,6,2,0.8,12,cj-391,10,
cj-392,cangjie,6,392,Lesson 392,第392課,Q;G;R;N;E;M;T;C;F;O;K;L;D;V;J;S;W;P,Q;R;M;C;F;G;D;N;S;T;P,C;D;E;F;G;J;K;L;M;N;O;P;Q;R;S;T;V;W,u62fd,拽,U+62FD,,,QLWP,QP,jai6,"drag, tow; throw; twist",1,2,6,2,0.8,12,cj-391,10,
cj-393,cangjie,6,393,Lesson 393,第393課,Q;O;M;R;G;D;I;P;A;H;J;V;E;Y;C;K,Q;R;O;I;G;A;V;K,A;C;D;E;G;H;I;J;K;M;O;P;Q;R;V;Y,u62fe,拾,U+62FE,,,QOMR,QR,sap6,"pick up, collect, tidy up; accounting form of the numeral ten",1,2,6,2,0.8,12,cj-392,10,
cj-393,cangjie,6,393,Lesson 393,第393課,Q;O;M;R;G;D;I;P;A;H;J;V;E;Y;C;K,Q;R;O;I;G;A;V;K,A;C;D;E;G;H;I;J;K;M;O;P;Q;R;V;Y,u62ff,拿,U+62FF,,,ORQ,OQ,naa4,"take, hold, grasp; bring; with",1,2,6,2,0.8,12,cj-392,10,
cj-393,cangjie,6,393,Lesson 393,第393課,Q;O;M;R;G;D;I;P;A;H;J;V;E;Y;C;K,Q;R;O;I;G;A;V;K,A;C;D;E;G;H;I;J;K;M;O;P;Q;R;V;Y,u6301,持,U+6301,,,QGDI,QI,ci4,"sustain, support; hold, grasp",1,2,6,2,0.8,12,cj-392,10,
cj-393,cangjie,6,393,Lesson 393,第393課,Q;O;M;R;G;D;I;P;A;H;J;V;E;Y;C;K,Q;R;O;I;G;A;V;K,A;C;D;E;G;H;I;J;K;M;O;P;Q;R;V;Y,u6302,挂,U+6302,,,QGG,QG,gwaa3,"hang, suspend; suspense",1,2,6,2,0.8,12,cj-392,10,
cj-393,cangjie,6,393,Lesson 393,第393課,Q;O;M;R;G;D;I;P;A;H;J;V;E;Y;C;K,Q;R;O;I;G;A;V;K,A;C;D;E;G;H;I;J;K;M;O;P;Q;R;V;Y,u6303,挃,U+6303,,,QMIG,QG,zat6,(Cant.) to beat,1,2,6,2,0.8,12,cj-392,10,
cj-393,cangjie,6,393,Lesson 393,第393課,Q;O;M;R;G;D;I;P;A;H;J;V;E;Y;C;K,Q;R;O;I;G;A;V;K,A;C;D;E;G;H;I;J;K;M;O;P;Q;R;V;Y,u6307,指,U+6307,,,QPA,QA,zi2,"finger, toe; point, indicate",1,2,6,2,0.8,12,cj-392,10,
cj-393,cangjie,6,393,Lesson 393,第393課,Q;O;M;R;G;D;I;P;A;H;J;V;E;Y;C;K,Q;R;O;I;G;A;V;K,A;C;D;E;G;H;I;J;K;M;O;P;Q;R;V;Y,u6308,挈,U+6308,,,QHQ,QQ,kit3,"assist, help, lead by hand",1,2,6,2,0.8,12,cj-392,10,
cj-393,cangjie,6,393,Lesson 393,第393課,Q;O;M;R;G;D;I;P;A;H;J;V;E;Y;C;K,Q;R;O;I;G;A;V;K,A;C;D;E;G;H;I;J;K;M;O;P;Q;R;V;Y,u6309,按,U+6309,,,QJV,QV,on3,"put hand on, press down with hand",1,2,6,2,0.8,12,cj-392,10,
cj-393,cangjie,6,393,Lesson 393,第393課,Q;O;M;R;G;D;I;P;A;H;J;V;E;Y;C;K,Q;R;O;I;G;A;V;K,A;C;D;E;G;H;I;J;K;M;O;P;Q;R;V;Y,u630c,挌,U+630C,,,QHER,QR,gaak3,fight,1,2,6,2,0.8,12,cj-392,10,
cj-393,cangjie,6,393,Lesson 393,第393課,Q;O;M;R;G;D;I;P;A;H;J;V;E;Y;C;K,Q;R;O;I;G;A;V;K,A;C;D;E;G;H;I;J;K;M;O;P;Q;R;V;Y,u630d,挍,U+630D,,,QYCK,QK,haau6,collate; (Cant.) to scratch,1,2,6,2,0.8,12,cj-392,10,
cj-394,cangjie,6,394,Lesson 394,第394課,Q;K;M;S;B;R;L;O;J;H;P;C;N;F;I;Y;T,Q;S;R;O;P;N;F;Y;C,B;C;F;H;I;J;K;L;M;N;O;P;Q;R;S;T;Y,u630e,挎,U+630E,,,QKMS,QS,kwaa3,carry,1,2,6,2,0.8,12,cj-393,10,
cj-394,cangjie,6,394,Lesson 394,第394課,Q;K;M;S;B;R;L;O;J;H;P;C;N;F;I;Y;T,Q;S;R;O;P;N;F;Y;C,B;C;F;H;I;J;K;L;M;N;O;P;Q;R;S;T;Y,u630f,挏,U+630F,,,QBMR,QR,dung6,(Cant.) to dredge or poke with a pole or stick,1,2,6,2,0.8,12,cj-393,10,
cj-394,cangjie,6,394,Lesson 394,第394課,Q;K;M;S;B;R;L;O;J;H;P;C;N;F;I;Y;T,Q;S;R;O;P;N;F;Y;C,B;C;F;H;I;J;K;L;M;N;O;P;Q;R;S;T;Y,u6311,挑,U+6311,,,QLMO,QO,tiu1,a load carried on the shoulders; to carry,1,2,6,2,0.8,12,cj-393,10,
cj-394,cangjie,6,394,Lesson 394,第394課,Q;K;M;S;B;R;L;O;J;H;P;C;N;F;I;Y;T,Q;S;R;O;P;N;F;Y;C,B;C;F;H;I;J;K;L;M;N;O;P;Q;R;S;T;Y,u6313,挓,U+6313,,,QJHP,QP,zaa1,to open out; to expand,1,2,6,2,0.8,12,cj-393,10,
cj-394,cangjie,6,394,Lesson 394,第394課,Q;K;M;S;B;R;L;O;J;H;P;C;N;F;I;Y;T,Q;S;R;O;P;N;F;Y;C,B;C;F;H;I;J;K;L;M;N;O;P;Q;R;S;T;Y,u6316,挖,U+6316,,,QJCN,QN,waat3,"dig, dig out, gouge out, scoop",1,2,6,2,0.8,12,cj-393,10,
cj-394,cangjie,6,394,Lesson 394,第394課,Q;K;M;S;B;R;L;O;J;H;P;C;N;F;I;Y;T,Q;S;R;O;P;N;F;Y;C,B;C;F;H;I;J;K;L;M;N;O;P;Q;R;S;T;Y,u6318,挘,U+6318,,,QFHS,QS,lyut3,"to pluck, pick, tear; (Cant.) rubbing action",1,2,6,2,0.8,12,cj-393,10,
cj-394,cangjie,6,394,Lesson 394,第394課,Q;K;M;S;B;R;L;O;J;H;P;C;N;F;I;Y;T,Q;S;R;O;P;N;F;Y;C,B;C;F;H;I;J;K;L;M;N;O;P;Q;R;S;T;Y,u6319,挙,U+6319,,,FCQ,FQ,geoi2,"raise, lift up; recommend",1,2,6,2,0.8,12,cj-393,10,
cj-394,cangjie,6,394,Lesson 394,第394課,Q;K;M;S;B;R;L;O;J;H;P;C;N;F;I;Y;T,Q;S;R;O;P;N;F;Y;C,B;C;F;H;I;J;K;L;M;N;O;P;Q;R;S;T;Y,u631a,挚,U+631A,,,QIQ,QQ,zi3,"sincere, warm, cordial; surname",1,2,6,2,0.8,12,cj-393,10,
cj-394,cangjie,6,394,Lesson 394,第394課,Q;K;M;S;B;R;L;O;J;H;P;C;N;F;I;Y;T,Q;S;R;O;P;N;F;Y;C,B;C;F;H;I;J;K;L;M;N;O;P;Q;R;S;T;Y,u631b,挛,U+631B,,,YCQ,YQ,lyun4,tangled; entwined; crooked,1,2,6,2,0.8,12,cj-393,10,
cj-394,cangjie,6,394,Lesson 394,第394課,Q;K;M;S;B;R;L;O;J;H;P;C;N;F;I;Y;T,Q;S;R;O;P;N;F;Y;C,B;C;F;H;I;J;K;L;M;N;O;P;Q;R;S;T;Y,u631c,挜,U+631C,,,QMTC,QC,aa3,take; hold; give forcefully,1,2,6,2,0.8,12,cj-393,10,
cj-395,cangjie,6,395,Lesson 395,第395課,Q;Y;D;I;K;T;J;P;U;F;S;M;H;L;N;B,Q;I;K;T;U;M;L;D,B;D;F;H;I;J;K;L;M;N;P;Q;S;T;U;Y,u631d,挝,U+631D,,,QYDI,QI,zaa1,to beat; to strike,1,2,6,2,0.8,12,cj-394,10,
cj-395,cangjie,6,395,Lesson 395,第395課,Q;Y;D;I;K;T;J;P;U;F;S;M;H;L;N;B,Q;I;K;T;U;M;L;D,B;D;F;H;I;J;K;L;M;N;P;Q;S;T;U;Y,u631e,挞,U+631E,,,QYK,QK,taat3,"flog, whip; chastise",1,2,6,2,0.8,12,cj-394,10,
cj-395,cangjie,6,395,Lesson 395,第395課,Q;Y;D;I;K;T;J;P;U;F;S;M;H;L;N;B,Q;I;K;T;U;M;L;D,B;D;F;H;I;J;K;L;M;N;P;Q;S;T;U;Y,u631f,挟,U+631F,,,QKT,QT,hip3,clasp under arm; hold to bosom,1,2,6,2,0.8,12,cj-394,10,
cj-395,cangjie,6,395,Lesson 395,第395課,Q;Y;D;I;K;T;J;P;U;F;S;M;H;L;N;B,Q;I;K;T;U;M;L;D,B;D;F;H;I;J;K;L;M;N;P;Q;S;T;U;Y,u6320,挠,U+6320,,,QJPU,QU,naau5,"scratch; disturb, bother; submit",1,2,6,2,0.8,12,cj-394,10,
cj-395,cangjie,6,395,Lesson 395,第395課,Q;Y;D;I;K;T;J;P;U;F;S;M;H;L;N;B,Q;I;K;T;U;M;L;D,B;D;F;H;I;J;K;L;M;N;P;Q;S;T;U;Y,u6321,挡,U+6321,,,QFSM,QM,dong2,"obstruct, impede; stop; resist",1,2,6,2,0.8,12,cj-394,10,
cj-395,cangjie,6,395,Lesson 395,第395課,Q;Y;D;I;K;T;J;P;U;F;S;M;H;L;N;B,Q;I;K;T;U;M;L;D,B;D;F;H;I;J;K;L;M;N;P;Q;S;T;U;Y,u6322,挢,U+6322,,,QHKL,QL,giu2,correct,1,2,6,2,0.8,12,cj-394,10,
cj-395,cangjie,6,395,Lesson 395,第395課,Q;Y;D;I;K;T;J;P;U;F;S;M;H;L;N;B,Q;I;K;T;U;M;L;D,B;D;F;H;I;J;K;L;M;N;P;Q;S;T;U;Y,u6323,挣,U+6323,,,QNSD,QD,zang1,"strive, endeavor, struggle",1,2,6,2,0.8,12,cj-394,10,
cj-395,cangjie,6,395,Lesson 395,第395課,Q;Y;D;I;K;T;J;P;U;F;S;M;H;L;N;B,Q;I;K;T;U;M;L;D,B;D;F;H;I;J;K;L;M;N;P;Q;S;T;U;Y,u6324,挤,U+6324,,,QYKL,QL,zai1,"crowd, squeeze, push against",1,2,6,2,0.8,12,cj-394,10,
cj-395,cangjie,6,395,Lesson 395,第395課,Q;Y;D;I;K;T;J;P;U;F;S;M;H;L;N;B,Q;I;K;T;U;M;L;D,B;D;F;H;I;J;K;L;M;N;P;Q;S;T;U;Y,u6325,挥,U+6325,,,QBKQ,QQ,fai1,direct; wipe away; squander,1,2,6,2,0.8,12,cj-394,10,
cj-395,cangjie,6,395,Lesson 395,第395課,Q;Y;D;I;K;T;J;P;U;F;S;M;H;L;N;B,Q;I;K;T;U;M;L;D,B;D;F;H;I;J;K;L;M;N;P;Q;S;T;U;Y,u6326,挦,U+6326,,,QSMI,QI,cam4,"pull out, pluck; take hold of",1,2,6,2,0.8,12,cj-394,10,
cj-396,cangjie,6,396,Lesson 396,第396課,Q;I;O;K;S;L;G;M;V;E;F;H;T;R;J,Q;K;L;G;V;H;E;T;R,E;F;G;H;I;J;K;L;M;O;Q;R;S;T;V,u6328,挨,U+6328,,,QIOK,QK,aai1,"near, close by, next to, towards, against; to wait; to lean on",1,2,6,2,0.8,12,cj-395,10,
cj-396,cangjie,6,396,Lesson 396,第396課,Q;I;O;K;S;L;G;M;V;E;F;H;T;R;J,Q;K;L;G;V;H;E;T;R,E;F;G;H;I;J;K;L;M;O;Q;R;S;T;V,u632a,挪,U+632A,,,QSQL,QL,no4,"move, shift on one side",1,2,6,2,0.8,12,cj-395,10,
cj-396,cangjie,6,396,Lesson 396,第396課,Q;I;O;K;S;L;G;M;V;E;F;H;T;R;J,Q;K;L;G;V;H;E;T;R,E;F;G;H;I;J;K;L;M;O;Q;R;S;T;V,u632b,挫,U+632B,,,QOOG,QG,co3,push down; chop down; grind,1,2,6,2,0.8,12,cj-395,10,
cj-396,cangjie,6,396,Lesson 396,第396課,Q;I;O;K;S;L;G;M;V;E;F;H;T;R;J,Q;K;L;G;V;H;E;T;R,E;F;G;H;I;J;K;L;M;O;Q;R;S;T;V,u632d,挭,U+632D,,,QMLK,QK,gaang3,"fish-bones, things that stick in the throat; unyielding, blunt of speech; (Cant.) to stir, mix, agitate; to wade",1,2,6,2,0.8,12,cj-395,10,
cj-396,cangjie,6,396,Lesson 396,第396課,Q;I;O;K;S;L;G;M;V;E;F;H;T;R;J,Q;K;L;G;V;H;E;T;R,E;F;G;H;I;J;K;L;M;O;Q;R;S;T;V,u632f,振,U+632F,,,QMMV,QV,zan3,"raise, excite, arouse action",1,2,6,2,0.8,12,cj-395,10,
cj-396,cangjie,6,396,Lesson 396,第396課,Q;I;O;K;S;L;G;M;V;E;F;H;T;R;J,Q;K;L;G;V;H;E;T;R,E;F;G;H;I;J;K;L;M;O;Q;R;S;T;V,u6331,挱,U+6331,,,QEFH,QH,so1,to feel or fondle with the fingers,1,2,6,2,0.8,12,cj-395,10,
cj-396,cangjie,6,396,Lesson 396,第396課,Q;I;O;K;S;L;G;M;V;E;F;H;T;R;J,Q;K;L;G;V;H;E;T;R,E;F;G;H;I;J;K;L;M;O;Q;R;S;T;V,u6332,挲,U+6332,,,EHQ,EQ,so1,to feel or fondle with the fingers,1,2,6,2,0.8,12,cj-395,10,
cj-396,cangjie,6,396,Lesson 396,第396課,Q;I;O;K;S;L;G;M;V;E;F;H;T;R;J,Q;K;L;G;V;H;E;T;R,E;F;G;H;I;J;K;L;M;O;Q;R;S;T;V,u6335,挵,U+6335,,,QMGT,QT,lung6,"to play with, handle things",1,2,6,2,0.8,12,cj-395,10,
cj-396,cangjie,6,396,Lesson 396,第396課,Q;I;O;K;S;L;G;M;V;E;F;H;T;R;J,Q;K;L;G;V;H;E;T;R,E;F;G;H;I;J;K;L;M;O;Q;R;S;T;V,u6336,挶,U+6336,,,QSSR,QR,guk6,hold in hands,1,2,6,2,0.8,12,cj-395,10,
cj-396,cangjie,6,396,Lesson 396,第396課,Q;I;O;K;S;L;G;M;V;E;F;H;T;R;J,Q;K;L;G;V;H;E;T;R,E;F;G;H;I;J;K;L;M;O;Q;R;S;T;V,u6337,挷,U+6337,,,QQJL,QL,pong3,to propel a boat; to beat,1,2,6,2,0.8,12,cj-395,10,
cj-397,cangjie,6,397,Lesson 397,第397課,Q;R;A;U;N;K;G;B;V;O;H;J;L;M;S;I;E,Q;U;G;V;O;L;R;E;B,A;B;E;G;H;I;J;K;L;M;N;O;Q;R;S;U;V,u6339,挹,U+6339,,,QRAU,QU,jap1,to bale out; to decant liquids,1,2,6,2,0.8,12,cj-396,10,
cj-397,cangjie,6,397,Lesson 397,第397課,Q;R;A;U;N;K;G;B;V;O;H;J;L;M;S;I;E,Q;U;G;V;O;L;R;E;B,A;B;E;G;H;I;J;K;L;M;N;O;Q;R;S;U;V,u633a,挺,U+633A,,,QNKG,QG,ting5,"to stand upright, straighten; rigid",1,2,6,2,0.8,12,cj-396,10,
cj-397,cangjie,6,397,Lesson 397,第397課,Q;R;A;U;N;K;G;B;V;O;H;J;L;M;S;I;E,Q;U;G;V;O;L;R;E;B,A;B;E;G;H;I;J;K;L;M;N;O;Q;R;S;U;V,u633c,挼,U+633C,,,QBV,QV,no4,"rub, stroke with hands; crumple",1,2,6,2,0.8,12,cj-396,10,
cj-397,cangjie,6,397,Lesson 397,第397課,Q;R;A;U;N;K;G;B;V;O;H;J;L;M;S;I;E,Q;U;G;V;O;L;R;E;B,A;B;E;G;H;I;J;K;L;M;N;O;Q;R;S;U;V,u633d,挽,U+633D,,,QNAU,QU,waan5,"pull; pull back, draw back",1,2,6,2,0.8,12,cj-396,10,
cj-397,cangjie,6,397,Lesson 397,第397課,Q;R;A;U;N;K;G;B;V;O;H;J;L;M;S;I;E,Q;U;G;V;O;L;R;E;B,A;B;E;G;H;I;J;K;L;M;N;O;Q;R;S;U;V,u633e,挾,U+633E,,,QKOO,QO,hip3,clasp under arm; hold to bosom,1,2,6,2,0.8,12,cj-396,10,
cj-397,cangjie,6,397,Lesson 397,第397課,Q;R;A;U;N;K;G;B;V;O;H;J;L;M;S;I;E,Q;U;G;V;O;L;R;E;B,A;B;E;G;H;I;J;K;L;M;N;O;Q;R;S;U;V,u633f,挿,U+633F,,,QHJL,QL,caap3,"insert, stick into; plant",1,2,6,2,0.8,12,cj-396,10,
cj-397,cangjie,6,397,Lesson 397,第397課,Q;R;A;U;N;K;G;B;V;O;H;J;L;M;S;I;E,Q;U;G;V;O;L;R;E;B,A;B;E;G;H;I;J;K;L;M;N;O;Q;R;S;U;V,u6342,捂,U+6342,,,QMMR,QR,wu2,resist,1,2,6,2,0.8,12,cj-396,10,
cj-397,cangjie,6,397,Lesson 397,第397課,Q;R;A;U;N;K;G;B;V;O;H;J;L;M;S;I;E,Q;U;G;V;O;L;R;E;B,A;B;E;G;H;I;J;K;L;M;N;O;Q;R;S;U;V,u6343,捃,U+6343,,,QSKR,QR,kwan2,"to pick up, collect",1,2,6,2,0.8,12,cj-396,10,
cj-397,cangjie,6,397,Lesson 397,第397課,Q;R;A;U;N;K;G;B;V;O;H;J;L;M;S;I;E,Q;U;G;V;O;L;R;E;B,A;B;E;G;H;I;J;K;L;M;N;O;Q;R;S;U;V,u6344,捄,U+6344,,,QIJE,QE,kau4,long and curved,1,2,6,2,0.8,12,cj-396,10,
cj-397,cangjie,6,397,Lesson 397,第397課,Q;R;A;U;N;K;G;B;V;O;H;J;L;M;S;I;E,Q;U;G;V;O;L;R;E;B,A;B;E;G;H;I;J;K;L;M;N;O;Q;R;S;U;V,u6345,捅,U+6345,,,QNIB,QB,tung2,jab,1,2,6,2,0.8,12,cj-396,10,
cj-398,cangjie,6,398,Lesson 398,第398課,Q;W;D;R;Y;O;B;I;S;N;A;M;J;F;G;H;L,Q;D;O;I;N;J;B;G;L,A;B;D;F;G;H;I;J;L;M;N;O;Q;R;S;W;Y,u6346,捆,U+6346,,,QWD,QD,kwan2,"tie up; bind, truss up; bundle",1,2,6,2,0.8,12,cj-397,10,
cj-398,cangjie,6,398,Lesson 398,第398課,Q;W;D;R;Y;O;B;I;S;N;A;M;J;F;G;H;L,Q;D;O;I;N;J;B;G;L,A;B;D;F;G;H;I;J;L;M;N;O;Q;R;S;W;Y,u6349,捉,U+6349,,,QRYO,QO,zuk1,"grasp, clutch; catch, seize",1,2,6,2,0.8,12,cj-397,10,
cj-398,cangjie,6,398,Lesson 398,第398課,Q;W;D;R;Y;O;B;I;S;N;A;M;J;F;G;H;L,Q;D;O;I;N;J;B;G;L,A;B;D;F;G;H;I;J;L;M;N;O;Q;R;S;W;Y,u634b,捋,U+634B,,,QBDI,QI,lyut3,to pluck; to gather in the fingers; to rub; to scrape off,1,2,6,2,0.8,12,cj-397,10,
cj-398,cangjie,6,398,Lesson 398,第398課,Q;W;D;R;Y;O;B;I;S;N;A;M;J;F;G;H;L,Q;D;O;I;N;J;B;G;L,A;B;D;F;G;H;I;J;L;M;N;O;Q;R;S;W;Y,u634c,捌,U+634C,,,QRSN,QN,baat3,"break open, split open; an accounting version of the numeral eight",1,2,6,2,0.8,12,cj-397,10,
cj-398,cangjie,6,398,Lesson 398,第398課,Q;W;D;R;Y;O;B;I;S;N;A;M;J;F;G;H;L,Q;D;O;I;N;J;B;G;L,A;B;D;F;G;H;I;J;L;M;N;O;Q;R;S;W;Y,u634d,捍,U+634D,,,QAMJ,QJ,hon6,"ward off, guard against, defend",1,2,6,2,0.8,12,cj-397,10,
cj-398,cangjie,6,398,Lesson 398,第398課,Q;W;D;R;Y;O;B;I;S;N;A;M;J;F;G;H;L,Q;D;O;I;N;J;B;G;L,A;B;D;F;G;H;I;J;L;M;N;O;Q;R;S;W;Y,u634e,捎,U+634E,,,QFB,QB,saau1,to select; to take; to carry,1,2,6,2,0.8,12,cj-397,10,
cj-398,cangjie,6,398,Lesson 398,第398課,Q;W;D;R;Y;O;B;I;S;N;A;M;J;F;G;H;L,Q;D;O;I;N;J;B;G;L,A;B;D;F;G;H;I;J;L;M;N;O;Q;R;S;W;Y,u634f,捏,U+634F,,,QAG,QG,nip6,pick with fingers; knead; mold,1,2,6,2,0.8,12,cj-397,10,
cj-398,cangjie,6,398,Lesson 398,第398課,Q;W;D;R;Y;O;B;I;S;N;A;M;J;F;G;H;L,Q;D;O;I;N;J;B;G;L,A;B;D;F;G;H;I;J;L;M;N;O;Q;R;S;W;Y,u6350,捐,U+6350,,,QRB,QB,gyun1,"contribute; give up, renounce",1,2,6,2,0.8,12,cj-397,10,
cj-398,cangjie,6,398,Lesson 398,第398課,Q;W;D;R;Y;O;B;I;S;N;A;M;J;F;G;H;L,Q;D;O;I;N;J;B;G;L,A;B;D;F;G;H;I;J;L;M;N;O;Q;R;S;W;Y,u6353,捓,U+6353,,,QMHL,QL,je4,"strive, endeavor",1,2,6,2,0.8,12,cj-397,10,
cj-398,cangjie,6,398,Lesson 398,第398課,Q;W;D;R;Y;O;B;I;S;N;A;M;J;F;G;H;L,Q;D;O;I;N;J;B;G;L,A;B;D;F;G;H;I;J;L;M;N;O;Q;R;S;W;Y,u6354,捔,U+6354,,,QNBG,QG,gok3,"to gore, stab",1,2,6,2,0.8,12,cj-397,10,
cj-399,cangjie,6,399,Lesson 399,第399課,Q;I;J;B;Y;L;H;C;E;W;T;S;R;O;M;N;K;P;U,Q;B;H;E;S;O;M;K;U,B;C;E;H;I;J;K;L;M;N;O;P;Q;R;S;T;U;W;Y,u6355,捕,U+6355,,,QIJB,QB,bou6,"arrest, catch, seize",1,2,6,2,0.8,12,cj-398,10,
cj-399,cangjie,6,399,Lesson 399,第399課,Q;I;J;B;Y;L;H;C;E;W;T;S;R;O;M;N;K;P;U,Q;B;H;E;S;O;M;K;U,B;C;E;H;I;J;K;L;M;N;O;P;Q;R;S;T;U;W;Y,u6357,捗,U+6357,,,QYLH,QH,bou6,make progress,1,2,6,2,0.8,12,cj-398,10,
cj-399,cangjie,6,399,Lesson 399,第399課,Q;I;J;B;Y;L;H;C;E;W;T;S;R;O;M;N;K;P;U,Q;B;H;E;S;O;M;K;U,B;C;E;H;I;J;K;L;M;N;O;P;Q;R;S;T;U;W;Y,u6358,捘,U+6358,,,QICE,QE,zyun3,push,1,2,6,2,0.8,12,cj-398,10,
cj-399,cangjie,6,399,Lesson 399,第399課,Q;I;J;B;Y;L;H;C;E;W;T;S;R;O;M;N;K;P;U,Q;B;H;E;S;O;M;K;U,B;C;E;H;I;J;K;L;M;N;O;P;Q;R;S;T;U;W;Y,u635c,捜,U+635C,,,QLWE,QE,sau1,"search, seek; investigate",1,2,6,2,0.8,12,cj-398,10,
cj-399,cangjie,6,399,Lesson 399,第399課,Q;I;J;B;Y;L;H;C;E;W;T;S;R;O;M;N;K;P;U,Q;B;H;E;S;O;M;K;U,B;C;E;H;I;J;K;L;M;N;O;P;Q;R;S;T;U;W;Y,u635e,捞,U+635E,,,QTBS,QS,laau4,"scoop out of water; dredge, fish",1,2,6,2,0.8,12,cj-398,10,
cj-399,cangjie,6,399,Lesson 399,第399課,Q;I;J;B;Y;L;H;C;E;W;T;S;R;O;M;N;K;P;U,Q;B;H;E;S;O;M;K;U,B;C;E;H;I;J;K;L;M;N;O;P;Q;R;S;T;U;W;Y,u635f,损,U+635F,,,QRBO,QO,syun2,diminish; impair; injure,1,2,6,2,0.8,12,cj-398,10,
cj-399,cangjie,6,399,Lesson 399,第399課,Q;I;J;B;Y;L;H;C;E;W;T;S;R;O;M;N;K;P;U,Q;B;H;E;S;O;M;K;U,B;C;E;H;I;J;K;L;M;N;O;P;Q;R;S;T;U;W;Y,u6361,捡,U+6361,,,QOMM,QM,gim2,to pick up,1,2,6,2,0.8,12,cj-398,10,
cj-399,cangjie,6,399,Lesson 399,第399課,Q;I;J;B;Y;L;H;C;E;W;T;S;R;O;M;N;K;P;U,Q;B;H;E;S;O;M;K;U,B;C;E;H;I;J;K;L;M;N;O;P;Q;R;S;T;U;W;Y,u6362,换,U+6362,,,QNBK,QK,wun6,change,1,2,6,2,0.8,12,cj-398,10,
cj-399,cangjie,6,399,Lesson 399,第399課,Q;I;J;B;Y;L;H;C;E;W;T;S;R;O;M;N;K;P;U,Q;B;H;E;S;O;M;K;U,B;C;E;H;I;J;K;L;M;N;O;P;Q;R;S;T;U;W;Y,u6363,捣,U+6363,,,QPYU,QU,dou2,"hull; thresh; beat, attack",1,2,6,2,0.8,12,cj-398,10,
cj-399,cangjie,6,399,Lesson 399,第399課,Q;I;J;B;Y;L;H;C;E;W;T;S;R;O;M;N;K;P;U,Q;B;H;E;S;O;M;K;U,B;C;E;H;I;J;K;L;M;N;O;P;Q;R;S;T;U;W;Y,u6365,捥,U+6365,,,QJNU,QU,wun2,to bend the wrist,1,2,6,2,0.8,12,cj-398,10,
cj-400,cangjie,6,400,Lesson 400,第400課,Q;C;K;O;M;R;H;S;A;N;I;W;J;G,Q;C;R;K;N;I;J;G,A;C;G;H;I;J;K;M;N;O;Q;R;S;W,u6366,捦,U+6366,,,QC,QC,kam4,to seize; to clutch; to arrest; to capture; (Cant.) to climb,1,2,6,2,0.8,12,cj-399,10,
cj-400,cangjie,6,400,Lesson 400,第400課,Q;C;K;O;M;R;H;S;A;N;I;W;J;G,Q;C;R;K;N;I;J;G,A;C;G;H;I;J;K;M;N;O;Q;R;S;W,u6367,捧,U+6367,,,QQKQ,QQ,pung2,hold up in two hands,1,2,6,2,0.8,12,cj-399,10,
cj-400,cangjie,6,400,Lesson 400,第400課,Q;C;K;O;M;R;H;S;A;N;I;W;J;G,Q;C;R;K;N;I;J;G,A;C;G;H;I;J;K;M;N;O;Q;R;S;W,u6368,捨,U+6368,,,QOMR,QR,se2,"discard, give up willingly; give alms",1,2,6,2,0.8,12,cj-399,10,
cj-400,cangjie,6,400,Lesson 400,第400課,Q;C;K;O;M;R;H;S;A;N;I;W;J;G,Q;C;R;K;N;I;J;G,A;C;G;H;I;J;K;M;N;O;Q;R;S;W,u6369,捩,U+6369,,,QHSK,QK,lit6,"twist with hands; snap, tear",1,2,6,2,0.8,12,cj-399,10,
cj-400,cangjie,6,400,Lesson 400,第400課,Q;C;K;O;M;R;H;S;A;N;I;W;J;G,Q;C;R;K;N;I;J;G,A;C;G;H;I;J;K;M;N;O;Q;R;S;W,u636b,捫,U+636B,,,QAN,QN,mun4,"stoke, pat, feel by hand, grope",1,2,6,2,0.8,12,cj-399,10,
cj-400,cangjie,6,400,Lesson 400,第400課,Q;C;K;O;M;R;H;S;A;N;I;W;J;G,Q;C;R;K;N;I;J;G,A;C;G;H;I;J;K;M;N;O;Q;R;S;W,u636c,捬,U+636C,,,QIOI,QI,fu2,press down heavily with hands,1,2,6,2,0.8,12,cj-399,10,
cj-400,cangjie,6,400,Lesson 400,第400課,Q;C;K;O;M;R;H;S;A;N;I;W;J;G,Q;C;R;K;N;I;J;G,A;C;G;H;I;J;K;M;N;O;Q;R;S;W,u636d,捭,U+636D,,,QHWJ,QJ,baai2,to open; to spread out,1,2,6,2,0.8,12,cj-399,10,
cj-400,cangjie,6,400,Lesson 400,第400課,Q;C;K;O;M;R;H;S;A;N;I;W;J;G,Q;C;R;K;N;I;J;G,A;C;G;H;I;J;K;M;N;O;Q;R;S;W,u636e,据,U+636E,,,QSJR,QR,geoi3,"to occupy, take possession of; a base, position",1,2,6,2,0.8,12,cj-399,10,
cj-400,cangjie,6,400,Lesson 400,第400課,Q;C;K;O;M;R;H;S;A;N;I;W;J;G,Q;C;R;K;N;I;J;G,A;C;G;H;I;J;K;M;N;O;Q;R;S;W,u636f,捯,U+636F,,,QMGN,QN,dou3,pull back continuously on a rope or line with both hands,1,2,6,2,0.8,12,cj-399,10,
cj-400,cangjie,6,400,Lesson 400,第400課,Q;C;K;O;M;R;H;S;A;N;I;W;J;G,Q;C;R;K;N;I;J;G,A;C;G;H;I;J;K;M;N;O;Q;R;S;W,u6371,捱,U+6371,,,QMGG,QG,ngaai4,"put off, procrastinate; endure",1,2,6,2,0.8,12,cj-399,10,
cj-401,cangjie,6,401,Lesson 401,第401課,Q;F;U;T;B;C;H;J;M;L;O;K;I;P;D;V;Y,Q;U;C;M;O;T;F;P;V;J,B;C;D;F;H;I;J;K;L;M;O;P;Q;T;U;V;Y,u6372,捲,U+6372,,,QFQU,QU,gyun2,"curl, roll up; curly, rolled up",1,2,6,2,0.8,12,cj-400,10,
cj-401,cangjie,6,401,Lesson 401,第401課,Q;F;U;T;B;C;H;J;M;L;O;K;I;P;D;V;Y,Q;U;C;M;O;T;F;P;V;J,B;C;D;F;H;I;J;K;L;M;O;P;Q;T;U;V;Y,u6375,捵,U+6375,,,QTBC,QC,tin2,(Cant.) to hold between the fingers and thumb,1,2,6,2,0.8,12,cj-400,10,
cj-401,cangjie,6,401,Lesson 401,第401課,Q;F;U;T;B;C;H;J;M;L;O;K;I;P;D;V;Y,Q;U;C;M;O;T;F;P;V;J,B;C;D;F;H;I;J;K;L;M;O;P;Q;T;U;V;Y,u6376,捶,U+6376,,,QHJM,QM,ceoi4,"strike with stick, lash, beat",1,2,6,2,0.8,12,cj-400,10,
cj-401,cangjie,6,401,Lesson 401,第401課,Q;F;U;T;B;C;H;J;M;L;O;K;I;P;D;V;Y,Q;U;C;M;O;T;F;P;V;J,B;C;D;F;H;I;J;K;L;M;O;P;Q;T;U;V;Y,u6377,捷,U+6377,,,QJLO,QO,zit6,"win, victory, triumph",1,2,6,2,0.8,12,cj-400,10,
cj-401,cangjie,6,401,Lesson 401,第401課,Q;F;U;T;B;C;H;J;M;L;O;K;I;P;D;V;Y,Q;U;C;M;O;T;F;P;V;J,B;C;D;F;H;I;J;K;L;M;O;P;Q;T;U;V;Y,u6379,捹,U+6379,,,QKJT,QT,ban3,"to fumble things over, mix up; (Cant.) to swing, fling; to flick off, throw off; to jerk",1,2,6,2,0.8,12,cj-400,10,
cj-401,cangjie,6,401,Lesson 401,第401課,Q;F;U;T;B;C;H;J;M;L;O;K;I;P;D;V;Y,Q;U;C;M;O;T;F;P;V;J,B;C;D;F;H;I;J;K;L;M;O;P;Q;T;U;V;Y,u637a,捺,U+637A,,,QKMF,QF,naat6,to press down heavily with the fingers,1,2,6,2,0.8,12,cj-400,10,
cj-401,cangjie,6,401,Lesson 401,第401課,Q;F;U;T;B;C;H;J;M;L;O;K;I;P;D;V;Y,Q;U;C;M;O;T;F;P;V;J,B;C;D;F;H;I;J;K;L;M;O;P;Q;T;U;V;Y,u637b,捻,U+637B,,,QOIP,QP,nip6,to twist or nip with the fingers,1,2,6,2,0.8,12,cj-400,10,
cj-401,cangjie,6,401,Lesson 401,第401課,Q;F;U;T;B;C;H;J;M;L;O;K;I;P;D;V;Y,Q;U;C;M;O;T;F;P;V;J,B;C;D;F;H;I;J;K;L;M;O;P;Q;T;U;V;Y,u637c,捼,U+637C,,,QHDV,QV,no4,to rub; to crumple,1,2,6,2,0.8,12,cj-400,10,
cj-401,cangjie,6,401,Lesson 401,第401課,Q;F;U;T;B;C;H;J;M;L;O;K;I;P;D;V;Y,Q;U;C;M;O;T;F;P;V;J,B;C;D;F;H;I;J;K;L;M;O;P;Q;T;U;V;Y,u637d,捽,U+637D,,,QYOJ,QJ,zeot1,"clutch, grasp; pull up; contradict",1,2,6,2,0.8,12,cj-400,10,
cj-401,cangjie,6,401,Lesson 401,第401課,Q;F;U;T;B;C;H;J;M;L;O;K;I;P;D;V;Y,Q;U;C;M;O;T;F;P;V;J,B;C;D;F;H;I;J;K;L;M;O;P;Q;T;U;V;Y,u637f,捿,U+637F,,,QJLV,QV,cai1,perch; roost; stay,1,2,6,2,0.8,12,cj-400,10,
cj-402,cangjie,6,402,Lesson 402,第402課,Q;H;L;O;I;Y;R;S;M;B;T;U;E;A;J,Q;O;R;B;U;E;J,A;B;E;H;I;J;L;M;O;Q;R;S;T;U;Y,u6380,掀,U+6380,,,QHLO,QO,hin1,"lift, raise; stir",1,2,6,2,0.8,12,cj-401,10,
cj-402,cangjie,6,402,Lesson 402,第402課,Q;H;L;O;I;Y;R;S;M;B;T;U;E;A;J,Q;O;R;B;U;E;J,A;B;E;H;I;J;L;M;O;Q;R;S;T;U;Y,u6382,掂,U+6382,,,QIYR,QR,dim1,"heft, hold or weigh in palm",1,2,6,2,0.8,12,cj-401,10,
cj-402,cangjie,6,402,Lesson 402,第402課,Q;H;L;O;I;Y;R;S;M;B;T;U;E;A;J,Q;O;R;B;U;E;J,A;B;E;H;I;J;L;M;O;Q;R;S;T;U;Y,u6383,掃,U+6383,,,QSMB,QB,sou3,"sweep, clear away; exterminate",1,2,6,2,0.8,12,cj-401,10,
cj-402,cangjie,6,402,Lesson 402,第402課,Q;H;L;O;I;Y;R;S;M;B;T;U;E;A;J,Q;O;R;B;U;E;J,A;B;E;H;I;J;L;M;O;Q;R;S;T;U;Y,u6384,掄,U+6384,,,QOMB,QB,leon4,"swing, brandish, flourish",1,2,6,2,0.8,12,cj-401,10,
cj-402,cangjie,6,402,Lesson 402,第402課,Q;H;L;O;I;Y;R;S;M;B;T;U;E;A;J,Q;O;R;B;U;E;J,A;B;E;H;I;J;L;M;O;Q;R;S;T;U;Y,u6385,掅,U+6385,,,QQMB,QB,cing3,"(Cant.) to lift up; to seize, grab",1,2,6,2,0.8,12,cj-401,10,
cj-402,cangjie,6,402,Lesson 402,第402課,Q;H;L;O;I;Y;R;S;M;B;T;U;E;A;J,Q;O;R;B;U;E;J,A;B;E;H;I;J;L;M;O;Q;R;S;T;U;Y,u6386,掆,U+6386,,,QBTU,QU,gong1,"(a simplified form of 掆) to carry on the shoulders of two or more men, to raise",1,2,6,2,0.8,12,cj-401,10,
cj-402,cangjie,6,402,Lesson 402,第402課,Q;H;L;O;I;Y;R;S;M;B;T;U;E;A;J,Q;O;R;B;U;E;J,A;B;E;H;I;J;L;M;O;Q;R;S;T;U;Y,u6387,掇,U+6387,,,QEEE,QE,zyut3,"collect, gather up, pick up",1,2,6,2,0.8,12,cj-401,10,
cj-402,cangjie,6,402,Lesson 402,第402課,Q;H;L;O;I;Y;R;S;M;B;T;U;E;A;J,Q;O;R;B;U;E;J,A;B;E;H;I;J;L;M;O;Q;R;S;T;U;Y,u6388,授,U+6388,,,QBBE,QE,sau6,"give to, transmit; confer",1,2,6,2,0.8,12,cj-401,10,
cj-402,cangjie,6,402,Lesson 402,第402課,Q;H;L;O;I;Y;R;S;M;B;T;U;E;A;J,Q;O;R;B;U;E;J,A;B;E;H;I;J;L;M;O;Q;R;S;T;U;Y,u6389,掉,U+6389,,,QYAJ,QJ,diu6,"turn, move; shake, wag; drop down",1,2,6,2,0.8,12,cj-401,10,
cj-402,cangjie,6,402,Lesson 402,第402課,Q;H;L;O;I;Y;R;S;M;B;T;U;E;A;J,Q;O;R;B;U;E;J,A;B;E;H;I;J;L;M;O;Q;R;S;T;U;Y,u638a,掊,U+638A,,,QYTR,QR,pau2,to extract; injure,1,2,6,2,0.8,12,cj-401,10,
cj-403,cangjie,6,403,Lesson 403,第403課,F;B;R;Q;K;M;P;O;U;N;H;X;L;Y;S;E;D,F;Q;R;U;X;Y;S;K;M;D,B;D;E;F;H;K;L;M;N;O;P;Q;R;S;U;X;Y,u638c,掌,U+638C,,,FBRQ,FQ,zoeng2,"palm of hand, sole of foot, paw",1,2,6,2,0.8,12,cj-402,10,
cj-403,cangjie,6,403,Lesson 403,第403課,F;B;R;Q;K;M;P;O;U;N;H;X;L;Y;S;E;D,F;Q;R;U;X;Y;S;K;M;D,B;D;E;F;H;K;L;M;N;O;P;Q;R;S;U;X;Y,u638e,掎,U+638E,,,QKMR,QR,gei2,"drag aside, pull; drag one foot",1,2,6,2,0.8,12,cj-402,10,
cj-403,cangjie,6,403,Lesson 403,第403課,F;B;R;Q;K;M;P;O;U;N;H;X;L;Y;S;E;D,F;Q;R;U;X;Y;S;K;M;D,B;D;E;F;H;K;L;M;N;O;P;Q;R;S;U;X;Y,u638f,掏,U+638F,,,QPOU,QU,tou4,take out; pull out; clean out,1,2,6,2,0.8,12,cj-402,10,
cj-403,cangjie,6,403,Lesson 403,第403課,F;B;R;Q;K;M;P;O;U;N;H;X;L;Y;S;E;D,F;Q;R;U;X;Y;S;K;M;D,B;D;E;F;H;K;L;M;N;O;P;Q;R;S;U;X;Y,u6390,掐,U+6390,,,QNHX,QX,haap3,hold; gather with hand; choke,1,2,6,2,0.8,12,cj-402,10,
cj-403,cangjie,6,403,Lesson 403,第403課,F;B;R;Q;K;M;P;O;U;N;H;X;L;Y;S;E;D,F;Q;R;U;X;Y;S;K;M;D,B;D;E;F;H;K;L;M;N;O;P;Q;R;S;U;X;Y,u6392,排,U+6392,,,QLMY,QY,paai4,"row, rank, line",1,2,6,2,0.8,12,cj-402,10,
cj-403,cangjie,6,403,Lesson 403,第403課,F;B;R;Q;K;M;P;O;U;N;H;X;L;Y;S;E;D,F;Q;R;U;X;Y;S;K;M;D,B;D;E;F;H;K;L;M;N;O;P;Q;R;S;U;X;Y,u6394,掔,U+6394,,,SEQ,SQ,haan1,sturdy,1,2,6,2,0.8,12,cj-402,10,
cj-403,cangjie,6,403,Lesson 403,第403課,F;B;R;Q;K;M;P;O;U;N;H;X;L;Y;S;E;D,F;Q;R;U;X;Y;S;K;M;D,B;D;E;F;H;K;L;M;N;O;P;Q;R;S;U;X;Y,u6396,掖,U+6396,,,QYOK,QK,jik6,"support with the arms; stick in, tuck in; fold up",1,2,6,2,0.8,12,cj-402,10,
cj-403,cangjie,6,403,Lesson 403,第403課,F;B;R;Q;K;M;P;O;U;N;H;X;L;Y;S;E;D,F;Q;R;U;X;Y;S;K;M;D,B;D;E;F;H;K;L;M;N;O;P;Q;R;S;U;X;Y,u6397,掗,U+6397,,,QMLM,QM,aa3,take; hold; give forcefully,1,2,6,2,0.8,12,cj-402,10,
cj-403,cangjie,6,403,Lesson 403,第403課,F;B;R;Q;K;M;P;O;U;N;H;X;L;Y;S;E;D,F;Q;R;U;X;Y;S;K;M;D,B;D;E;F;H;K;L;M;N;O;P;Q;R;S;U;X;Y,u6398,掘,U+6398,,,QSUU,QU,gwat6,"dig, excavate; excavate cave",1,2,6,2,0.8,12,cj-402,10,
cj-403,cangjie,6,403,Lesson 403,第403課,F;B;R;Q;K;M;P;O;U;N;H;X;L;Y;S;E;D,F;Q;R;U;X;Y;S;K;M;D,B;D;E;F;H;K;L;M;N;O;P;Q;R;S;U;X;Y,u6399,掙,U+6399,,,QBSD,QD,zang1,"to strive, endeavor, struggle; to earn; to pierce; to wedge in",1,2,6,2,0.8,12,cj-402,10,
cj-404,cangjie,6,404,Lesson 404,第404課,Q;G;Y;F;J;M;O;R;B;D;C;H;N;T;V;A;P,Q;Y;F;O;D;H;B;V,A;B;C;D;F;G;H;J;M;N;O;P;Q;R;T;V;Y,u639b,掛,U+639B,,,QGGY,QY,gwaa3,"hang, suspend; suspense",1,2,6,2,0.8,12,cj-403,10,
cj-404,cangjie,6,404,Lesson 404,第404課,Q;G;Y;F;J;M;O;R;B;D;C;H;N;T;V;A;P,Q;Y;F;O;D;H;B;V,A;B;C;D;F;G;H;J;M;N;O;P;Q;R;T;V;Y,u639e,掞,U+639E,,,QFF,QF,sim3,"easy, smooth; quiet; suave",1,2,6,2,0.8,12,cj-403,10,
cj-404,cangjie,6,404,Lesson 404,第404課,Q;G;Y;F;J;M;O;R;B;D;C;H;N;T;V;A;P,Q;Y;F;O;D;H;B;V,A;B;C;D;F;G;H;J;M;N;O;P;Q;R;T;V;Y,u639f,掟,U+639F,,,QJMO,QO,deng3,"law, commandments, regulations; (Cant.) to throw",1,2,6,2,0.8,12,cj-403,10,
cj-404,cangjie,6,404,Lesson 404,第404課,Q;G;Y;F;J;M;O;R;B;D;C;H;N;T;V;A;P,Q;Y;F;O;D;H;B;V,A;B;C;D;F;G;H;J;M;N;O;P;Q;R;T;V;Y,u63a0,掠,U+63A0,,,QYRF,QF,loek6,"rob, ransack, plunder; pass by",1,2,6,2,0.8,12,cj-403,10,
cj-404,cangjie,6,404,Lesson 404,第404課,Q;G;Y;F;J;M;O;R;B;D;C;H;N;T;V;A;P,Q;Y;F;O;D;H;B;V,A;B;C;D;F;G;H;J;M;N;O;P;Q;R;T;V;Y,u63a1,採,U+63A1,,,QBD,QD,coi2,"gather, collect; pick, select",1,2,6,2,0.8,12,cj-403,10,
cj-404,cangjie,6,404,Lesson 404,第404課,Q;G;Y;F;J;M;O;R;B;D;C;H;N;T;V;A;P,Q;Y;F;O;D;H;B;V,A;B;C;D;F;G;H;J;M;N;O;P;Q;R;T;V;Y,u63a2,探,U+63A2,,,QBCD,QD,taam3,"find, locate; search, grope for",1,2,6,2,0.8,12,cj-403,10,
cj-404,cangjie,6,404,Lesson 404,第404課,Q;G;Y;F;J;M;O;R;B;D;C;H;N;T;V;A;P,Q;Y;F;O;D;H;B;V,A;B;C;D;F;G;H;J;M;N;O;P;Q;R;T;V;Y,u63a3,掣,U+63A3,,,HNQ,HQ,zai3,"drag, pull; hinder by pulling back",1,2,6,2,0.8,12,cj-403,10,
cj-404,cangjie,6,404,Lesson 404,第404課,Q;G;Y;F;J;M;O;R;B;D;C;H;N;T;V;A;P,Q;Y;F;O;D;H;B;V,A;B;C;D;F;G;H;J;M;N;O;P;Q;R;T;V;Y,u63a4,掤,U+63A4,,,QBB,QB,bing1,quiver; (Cant.) to pull on something,1,2,6,2,0.8,12,cj-403,10,
cj-404,cangjie,6,404,Lesson 404,第404課,Q;G;Y;F;J;M;O;R;B;D;C;H;N;T;V;A;P,Q;Y;F;O;D;H;B;V,A;B;C;D;F;G;H;J;M;N;O;P;Q;R;T;V;Y,u63a5,接,U+63A5,,,QYTV,QV,zip3,receive; continue; catch; connect,1,2,6,2,0.8,12,cj-403,10,
cj-404,cangjie,6,404,Lesson 404,第404課,Q;G;Y;F;J;M;O;R;B;D;C;H;N;T;V;A;P,Q;Y;F;O;D;H;B;V,A;B;C;D;F;G;H;J;M;N;O;P;Q;R;T;V;Y,u63a6,掦,U+63A6,,,QAPH,QH,tik1,to take up; to put by,1,2,6,2,0.8,12,cj-403,10,
cj-405,cangjie,6,405,Lesson 405,第405課,Q;J;C;M;O;G;K;L;U;T;A;S;E;P;F;D;H;B;Y,Q;M;G;U;A;E;D;P;B,A;B;C;D;E;F;G;H;J;K;L;M;O;P;Q;S;T;U;Y,u63a7,控,U+63A7,,,QJCM,QM,hung3,"accuse, charge; control",1,2,6,2,0.8,12,cj-404,10,
cj-405,cangjie,6,405,Lesson 405,第405課,Q;J;C;M;O;G;K;L;U;T;A;S;E;P;F;D;H;B;Y,Q;M;G;U;A;E;D;P;B,A;B;C;D;E;F;G;H;J;K;L;M;O;P;Q;S;T;U;Y,u63a8,推,U+63A8,,,QOG,QG,teoi1,"push, expel; push forward",1,2,6,2,0.8,12,cj-404,10,
cj-405,cangjie,6,405,Lesson 405,第405課,Q;J;C;M;O;G;K;L;U;T;A;S;E;P;F;D;H;B;Y,Q;M;G;U;A;E;D;P;B,A;B;C;D;E;F;G;H;J;K;L;M;O;P;Q;S;T;U;Y,u63a9,掩,U+63A9,,,QKLU,QU,jim2,"to cover (with the hand); shut, conceal; ambush",1,2,6,2,0.8,12,cj-404,10,
cj-405,cangjie,6,405,Lesson 405,第405課,Q;J;C;M;O;G;K;L;U;T;A;S;E;P;F;D;H;B;Y,Q;M;G;U;A;E;D;P;B,A;B;C;D;E;F;G;H;J;K;L;M;O;P;Q;S;T;U;Y,u63aa,措,U+63AA,,,QTA,QA,cou3,"place; collect, arrange; employ",1,2,6,2,0.8,12,cj-404,10,
cj-405,cangjie,6,405,Lesson 405,第405課,Q;J;C;M;O;G;K;L;U;T;A;S;E;P;F;D;H;B;Y,Q;M;G;U;A;E;D;P;B,A;B;C;D;E;F;G;H;J;K;L;M;O;P;Q;S;T;U;Y,u63ab,掫,U+63AB,,,QSJE,QE,zau1,be on night watch; grasp,1,2,6,2,0.8,12,cj-404,10,
cj-405,cangjie,6,405,Lesson 405,第405課,Q;J;C;M;O;G;K;L;U;T;A;S;E;P;F;D;H;B;Y,Q;M;G;U;A;E;D;P;B,A;B;C;D;E;F;G;H;J;K;L;M;O;P;Q;S;T;U;Y,u63ac,掬,U+63AC,,,QPFD,QD,guk1,to grasp or hold with both hands,1,2,6,2,0.8,12,cj-404,10,
cj-405,cangjie,6,405,Lesson 405,第405課,Q;J;C;M;O;G;K;L;U;T;A;S;E;P;F;D;H;B;Y,Q;M;G;U;A;E;D;P;B,A;B;C;D;E;F;G;H;J;K;L;M;O;P;Q;S;T;U;Y,u63ad,掭,U+63AD,,,QHKP,QP,tim5,to manipulate; a pricker for a lamp-wick,1,2,6,2,0.8,12,cj-404,10,
cj-405,cangjie,6,405,Lesson 405,第405課,Q;J;C;M;O;G;K;L;U;T;A;S;E;P;F;D;H;B;Y,Q;M;G;U;A;E;D;P;B,A;B;C;D;E;F;G;H;J;K;L;M;O;P;Q;S;T;U;Y,u63ae,掮,U+63AE,,,QHSB,QB,kin4,to bear on the shoulders,1,2,6,2,0.8,12,cj-404,10,
cj-405,cangjie,6,405,Lesson 405,第405課,Q;J;C;M;O;G;K;L;U;T;A;S;E;P;F;D;H;B;Y,Q;M;G;U;A;E;D;P;B,A;B;C;D;E;F;G;H;J;K;L;M;O;P;Q;S;T;U;Y,u63af,掯,U+63AF,,,QYMB,QB,kang3,"oppress, extort, take by force",1,2,6,2,0.8,12,cj-404,10,
cj-405,cangjie,6,405,Lesson 405,第405課,Q;J;C;M;O;G;K;L;U;T;A;S;E;P;F;D;H;B;Y,Q;M;G;U;A;E;D;P;B,A;B;C;D;E;F;G;H;J;K;L;M;O;P;Q;S;T;U;Y,u63b0,掰,U+63B0,,,QCHQ,QQ,maak3,"(Cant.) to tear, to rip",1,2,6,2,0.8,12,cj-404,10,
cj-406,cangjie,6,406,Lesson 406,第406課,Q;A;P;Y;S;W;M;I;T;K;L;C;J;N;D;H;E;O,Q;P;S;I;L;J;T;H;O,A;C;D;E;H;I;J;K;L;M;N;O;P;Q;S;T;W;Y,u63b1,掱,U+63B1,,,QQQ,QQ,paa4,pickpocket,1,2,6,2,0.8,12,cj-405,10,
cj-406,cangjie,6,406,Lesson 406,第406課,Q;A;P;Y;S;W;M;I;T;K;L;C;J;N;D;H;E;O,Q;P;S;I;L;J;T;H;O,A;C;D;E;H;I;J;K;L;M;N;O;P;Q;S;T;W;Y,u63b2,掲,U+63B2,,,QAPP,QP,kit3,"to set (a table); to install, equip; to lay (a foundation)",1,2,6,2,0.8,12,cj-405,10,
cj-406,cangjie,6,406,Lesson 406,第406課,Q;A;P;Y;S;W;M;I;T;K;L;C;J;N;D;H;E;O,Q;P;S;I;L;J;T;H;O,A;C;D;E;H;I;J;K;L;M;N;O;P;Q;S;T;W;Y,u63b3,掳,U+63B3,,,QYPS,QS,lou5,"capture, seize",1,2,6,2,0.8,12,cj-405,10,
cj-406,cangjie,6,406,Lesson 406,第406課,Q;A;P;Y;S;W;M;I;T;K;L;C;J;N;D;H;E;O,Q;P;S;I;L;J;T;H;O,A;C;D;E;H;I;J;K;L;M;N;O;P;Q;S;T;W;Y,u63b4,掴,U+63B4,,,QWMI,QI,gwaak3,"box one's ears, slap",1,2,6,2,0.8,12,cj-405,10,
cj-406,cangjie,6,406,Lesson 406,第406課,Q;A;P;Y;S;W;M;I;T;K;L;C;J;N;D;H;E;O,Q;P;S;I;L;J;T;H;O,A;C;D;E;H;I;J;K;L;M;N;O;P;Q;S;T;W;Y,u63b7,掷,U+63B7,,,QTKL,QL,zaak6,"throw, hurl, cast, fling",1,2,6,2,0.8,12,cj-405,10,
cj-406,cangjie,6,406,Lesson 406,第406課,Q;A;P;Y;S;W;M;I;T;K;L;C;J;N;D;H;E;O,Q;P;S;I;L;J;T;H;O,A;C;D;E;H;I;J;K;L;M;N;O;P;Q;S;T;W;Y,u63b8,掸,U+63B8,,,QCWJ,QJ,daan6,to dust; a duster,1,2,6,2,0.8,12,cj-405,10,
cj-406,cangjie,6,406,Lesson 406,第406課,Q;A;P;Y;S;W;M;I;T;K;L;C;J;N;D;H;E;O,Q;P;S;I;L;J;T;H;O,A;C;D;E;H;I;J;K;L;M;N;O;P;Q;S;T;W;Y,u63b9,掹,U+63B9,,,QNDT,QT,mang1,"(Cant.) to pluck, to pull",1,2,6,2,0.8,12,cj-405,10,
cj-406,cangjie,6,406,Lesson 406,第406課,Q;A;P;Y;S;W;M;I;T;K;L;C;J;N;D;H;E;O,Q;P;S;I;L;J;T;H;O,A;C;D;E;H;I;J;K;L;M;N;O;P;Q;S;T;W;Y,u63ba,掺,U+63BA,,,QIKH,QH,caam1,"mix, blend, adulterate",1,2,6,2,0.8,12,cj-405,10,
cj-406,cangjie,6,406,Lesson 406,第406課,Q;A;P;Y;S;W;M;I;T;K;L;C;J;N;D;H;E;O,Q;P;S;I;L;J;T;H;O,A;C;D;E;H;I;J;K;L;M;N;O;P;Q;S;T;W;Y,u63bb,掻,U+63BB,,,QELI,QI,sou1,scratch lightly,1,2,6,2,0.8,12,cj-405,10,
cj-406,cangjie,6,406,Lesson 406,第406課,Q;A;P;Y;S;W;M;I;T;K;L;C;J;N;D;H;E;O,Q;P;S;I;L;J;T;H;O,A;C;D;E;H;I;J;K;L;M;N;O;P;Q;S;T;W;Y,u63bc,掼,U+63BC,,,QWJO,QO,gwaan3,"throw ground; know, be familiar",1,2,6,2,0.8,12,cj-405,10,
cj-407,cangjie,6,407,Lesson 407,第407課,Q;T;C;V;N;O;D;W;F;Y;B;M;K;J;P;R,Q;C;O;F;N;M;K;J;R,B;C;D;F;J;K;M;N;O;P;Q;R;T;V;W;Y,u63bd,掽,U+63BD,,,QTTC,QC,pung3,collide; meet unexpectedly,1,2,6,2,0.8,12,cj-406,10,
cj-407,cangjie,6,407,Lesson 407,第407課,Q;T;C;V;N;O;D;W;F;Y;B;M;K;J;P;R,Q;C;O;F;N;M;K;J;R,B;C;D;F;J;K;M;N;O;P;Q;R;T;V;W;Y,u63be,掾,U+63BE,,,QVNO,QO,jyun6,a general designation of officials,1,2,6,2,0.8,12,cj-406,10,
cj-407,cangjie,6,407,Lesson 407,第407課,Q;T;C;V;N;O;D;W;F;Y;B;M;K;J;P;R,Q;C;O;F;N;M;K;J;R,B;C;D;F;J;K;M;N;O;P;Q;R;T;V;W;Y,u63c0,揀,U+63C0,,,QDWF,QF,gaan2,choose; select; pick up; gather,1,2,6,2,0.8,12,cj-406,10,
cj-407,cangjie,6,407,Lesson 407,第407課,Q;T;C;V;N;O;D;W;F;Y;B;M;K;J;P;R,Q;C;O;F;N;M;K;J;R,B;C;D;F;J;K;M;N;O;P;Q;R;T;V;W;Y,u63c1,揁,U+63C1,,,QYBC,QC,zing1,sound of setting up a koto,1,2,6,2,0.8,12,cj-406,10,
cj-407,cangjie,6,407,Lesson 407,第407課,Q;T;C;V;N;O;D;W;F;Y;B;M;K;J;P;R,Q;C;O;F;N;M;K;J;R,B;C;D;F;J;K;M;N;O;P;Q;R;T;V;W;Y,u63c3,揃,U+63C3,,,QTBN,QN,zin2,shear; (Cant.) to skin an animal,1,2,6,2,0.8,12,cj-406,10,
cj-407,cangjie,6,407,Lesson 407,第407課,Q;T;C;V;N;O;D;W;F;Y;B;M;K;J;P;R,Q;C;O;F;N;M;K;J;R,B;C;D;F;J;K;M;N;O;P;Q;R;T;V;W;Y,u63c4,揄,U+63C4,,,QOMN,QN,jyu4,"lift, raise; praise; hang; flap",1,2,6,2,0.8,12,cj-406,10,
cj-407,cangjie,6,407,Lesson 407,第407課,Q;T;C;V;N;O;D;W;F;Y;B;M;K;J;P;R,Q;C;O;F;N;M;K;J;R,B;C;D;F;J;K;M;N;O;P;Q;R;T;V;W;Y,u63c5,揅,U+63C5,,,MTQ,MQ,jin4,"grind, rub; study, research; (Cant.) to play a stringed instrument",1,2,6,2,0.8,12,cj-406,10,
cj-407,cangjie,6,407,Lesson 407,第407課,Q;T;C;V;N;O;D;W;F;Y;B;M;K;J;P;R,Q;C;O;F;N;M;K;J;R,B;C;D;F;J;K;M;N;O;P;Q;R;T;V;W;Y,u63c6,揆,U+63C6,,,QNOK,QK,kwai4,"prime minister; to guess, estimate",1,2,6,2,0.8,12,cj-406,10,
cj-407,cangjie,6,407,Lesson 407,第407課,Q;T;C;V;N;O;D;W;F;Y;B;M;K;J;P;R,Q;C;O;F;N;M;K;J;R,B;C;D;F;J;K;M;N;O;P;Q;R;T;V;W;Y,u63c7,揇,U+63C7,,,QJBJ,QJ,naam4,(Cant.) to measure a distance with the extended thumb and forefinger or middle finger,1,2,6,2,0.8,12,cj-406,10,
cj-407,cangjie,6,407,Lesson 407,第407課,Q;T;C;V;N;O;D;W;F;Y;B;M;K;J;P;R,Q;C;O;F;N;M;K;J;R,B;C;D;F;J;K;M;N;O;P;Q;R;T;V;W;Y,u63c8,揈,U+63C8,,,QPYR,QR,fang4,to expel,1,2,6,2,0.8,12,cj-406,10,
cj-408,cangjie,6,408,Lesson 408,第408課,Q;N;H;D;W;P;K;J;M;T;A;O;X;V,Q;D;P;K;M;W;O;X;V,A;D;H;J;K;M;N;O;P;Q;T;V;W;X,u63c9,揉,U+63C9,,,QNHD,QD,jau4,"rub, massage; crush by hand",1,2,6,2,0.8,12,cj-407,10,
cj-408,cangjie,6,408,Lesson 408,第408課,Q;N;H;D;W;P;K;J;M;T;A;O;X;V,Q;D;P;K;M;W;O;X;V,A;D;H;J;K;M;N;O;P;Q;T;V;W;X,u63cc,揌,U+63CC,,,QWP,QP,sak1,to shake,1,2,6,2,0.8,12,cj-407,10,
cj-408,cangjie,6,408,Lesson 408,第408課,Q;N;H;D;W;P;K;J;M;T;A;O;X;V,Q;D;P;K;M;W;O;X;V,A;D;H;J;K;M;N;O;P;Q;T;V;W;X,u63cd,揍,U+63CD,,,QQKK,QK,zau3,"hit, beat; smash, break",1,2,6,2,0.8,12,cj-407,10,
cj-408,cangjie,6,408,Lesson 408,第408課,Q;N;H;D;W;P;K;J;M;T;A;O;X;V,Q;D;P;K;M;W;O;X;V,A;D;H;J;K;M;N;O;P;Q;T;V;W;X,u63ce,揎,U+63CE,,,QJMM,QM,syun1,to pull up the sleeves and stretch out the arms; to strike with bare fists,1,2,6,2,0.8,12,cj-407,10,
cj-408,cangjie,6,408,Lesson 408,第408課,Q;N;H;D;W;P;K;J;M;T;A;O;X;V,Q;D;P;K;M;W;O;X;V,A;D;H;J;K;M;N;O;P;Q;T;V;W;X,u63cf,描,U+63CF,,,QTW,QW,miu4,"copy, trace, sketch; depict",1,2,6,2,0.8,12,cj-407,10,
cj-408,cangjie,6,408,Lesson 408,第408課,Q;N;H;D;W;P;K;J;M;T;A;O;X;V,Q;D;P;K;M;W;O;X;V,A;D;H;J;K;M;N;O;P;Q;T;V;W;X,u63d0,提,U+63D0,,,QAMO,QO,tai4,hold in hand; lift in hand,1,2,6,2,0.8,12,cj-407,10,
cj-408,cangjie,6,408,Lesson 408,第408課,Q;N;H;D;W;P;K;J;M;T;A;O;X;V,Q;D;P;K;M;W;O;X;V,A;D;H;J;K;M;N;O;P;Q;T;V;W;X,u63d1,揑,U+63D1,,,QHXM,QM,nip6,to fabricate; to trump up,1,2,6,2,0.8,12,cj-407,10,
cj-408,cangjie,6,408,Lesson 408,第408課,Q;N;H;D;W;P;K;J;M;T;A;O;X;V,Q;D;P;K;M;W;O;X;V,A;D;H;J;K;M;N;O;P;Q;T;V;W;X,u63d2,插,U+63D2,,,QHJX,QX,caap3,"insert, stick into; plant",1,2,6,2,0.8,12,cj-407,10,
cj-408,cangjie,6,408,Lesson 408,第408課,Q;N;H;D;W;P;K;J;M;T;A;O;X;V,Q;D;P;K;M;W;O;X;V,A;D;H;J;K;M;N;O;P;Q;T;V;W;X,u63d4,揔,U+63D4,,,QPKP,QP,zung2,"collect; overall, altogether",1,2,6,2,0.8,12,cj-407,10,
cj-408,cangjie,6,408,Lesson 408,第408課,Q;N;H;D;W;P;K;J;M;T;A;O;X;V,Q;D;P;K;M;W;O;X;V,A;D;H;J;K;M;N;O;P;Q;T;V;W;X,u63d5,揕,U+63D5,,,QTMV,QV,zam3,"roll up the sleeves; fight bare-fisted; strike, stab",1,2,6,2,0.8,12,cj-407,10,
cj-409,cangjie,6,409,Lesson 409,第409課,Q;R;S;J;H;U;A;M;N;B;K;O;T;Y;V;G,Q;J;U;H;K;T;A;V;G;R,A;B;G;H;J;K;M;N;O;Q;R;S;T;U;V;Y,u63d6,揖,U+63D6,,,QRSJ,QJ,jap1,"salute, bow; defer to, yield",1,2,6,2,0.8,12,cj-408,10,
cj-409,cangjie,6,409,Lesson 409,第409課,Q;R;S;J;H;U;A;M;N;B;K;O;T;Y;V;G,Q;J;U;H;K;T;A;V;G;R,A;B;G;H;J;K;M;N;O;Q;R;S;T;U;V;Y,u63d7,揗,U+63D7,,,QHJU,QU,tan4,"strike, hit with hand; tap; (Cant.) to be frightened; to move to and fro",1,2,6,2,0.8,12,cj-408,10,
cj-409,cangjie,6,409,Lesson 409,第409課,Q;R;S;J;H;U;A;M;N;B;K;O;T;Y;V;G,Q;J;U;H;K;T;A;V;G;R,A;B;G;H;J;K;M;N;O;Q;R;S;T;U;V;Y,u63da,揚,U+63DA,,,QAMH,QH,joeng4,"scatter, spread; praise",1,2,6,2,0.8,12,cj-408,10,
cj-409,cangjie,6,409,Lesson 409,第409課,Q;R;S;J;H;U;A;M;N;B;K;O;T;Y;V;G,Q;J;U;H;K;T;A;V;G;R,A;B;G;H;J;K;M;N;O;Q;R;S;T;U;V;Y,u63db,換,U+63DB,,,QNBK,QK,wun6,"change, exchange; substitute",1,2,6,2,0.8,12,cj-408,10,
cj-409,cangjie,6,409,Lesson 409,第409課,Q;R;S;J;H;U;A;M;N;B;K;O;T;Y;V;G,Q;J;U;H;K;T;A;V;G;R,A;B;G;H;J;K;M;N;O;Q;R;S;T;U;V;Y,u63dc,揜,U+63DC,,,QORT,QT,jim2,"cover up; take by force, shut",1,2,6,2,0.8,12,cj-408,10,
cj-409,cangjie,6,409,Lesson 409,第409課,Q;R;S;J;H;U;A;M;N;B;K;O;T;Y;V;G,Q;J;U;H;K;T;A;V;G;R,A;B;G;H;J;K;M;N;O;Q;R;S;T;U;V;Y,u63dd,揝,U+63DD,,,QHOA,QA,zaan2,"to hold in the hand, to grasp; to wring",1,2,6,2,0.8,12,cj-408,10,
cj-409,cangjie,6,409,Lesson 409,第409課,Q;R;S;J;H;U;A;M;N;B;K;O;T;Y;V;G,Q;J;U;H;K;T;A;V;G;R,A;B;G;H;J;K;M;N;O;Q;R;S;T;U;V;Y,u63de,揞,U+63DE,,,QYTA,QA,am2,to cover (with the hand),1,2,6,2,0.8,12,cj-408,10,
cj-409,cangjie,6,409,Lesson 409,第409課,Q;R;S;J;H;U;A;M;N;B;K;O;T;Y;V;G,Q;J;U;H;K;T;A;V;G;R,A;B;G;H;J;K;M;N;O;Q;R;S;T;U;V;Y,u63e0,揠,U+63E0,,,QSAV,QV,aat3,"to pull up, to eradicate",1,2,6,2,0.8,12,cj-408,10,
cj-409,cangjie,6,409,Lesson 409,第409課,Q;R;S;J;H;U;A;M;N;B;K;O;T;Y;V;G,Q;J;U;H;K;T;A;V;G;R,A;B;G;H;J;K;M;N;O;Q;R;S;T;U;V;Y,u63e1,握,U+63E1,,,QSMG,QG,ak1,"grasp, hold fast, take by hand",1,2,6,2,0.8,12,cj-408,10,
cj-409,cangjie,6,409,Lesson 409,第409課,Q;R;S;J;H;U;A;M;N;B;K;O;T;Y;V;G,Q;J;U;H;K;T;A;V;G;R,A;B;G;H;J;K;M;N;O;Q;R;S;T;U;V;Y,u63e2,揢,U+63E2,,,QJHR,QR,kak1,"to seize; (Cant.) to block, obstruct",1,2,6,2,0.8,12,cj-408,10,
cj-410,cangjie,6,410,Lesson 410,第410課,Q;U;M;B;Y;D;L;N;P;A;H;F;J;C;K;V,Q;B;N;A;F;H;K;V;J;M,A;B;C;D;F;H;J;K;L;M;N;P;Q;U;V;Y,u63e3,揣,U+63E3,,,QUMB,QB,ceoi2,put things under clothes,1,2,6,2,0.8,12,cj-409,10,
cj-410,cangjie,6,410,Lesson 410,第410課,Q;U;M;B;Y;D;L;N;P;A;H;F;J;C;K;V,Q;B;N;A;F;H;K;V;J;M,A;B;C;D;F;H;J;K;L;M;N;P;Q;U;V;Y,u63e5,揥,U+63E5,,,QYBB,QB,dai3,scratcher,1,2,6,2,0.8,12,cj-409,10,
cj-410,cangjie,6,410,Lesson 410,第410課,Q;U;M;B;Y;D;L;N;P;A;H;F;J;C;K;V,Q;B;N;A;F;H;K;V;J;M,A;B;C;D;F;H;J;K;L;M;N;P;Q;U;V;Y,u63e6,揦,U+63E6,,,QDLN,QN,laa2,to clutch; to grab at; to rub or scrape; to tear; (Cant.) to scratch; to feel around with the hand,1,2,6,2,0.8,12,cj-409,10,
cj-410,cangjie,6,410,Lesson 410,第410課,Q;U;M;B;Y;D;L;N;P;A;H;F;J;C;K;V,Q;B;N;A;F;H;K;V;J;M,A;B;C;D;F;H;J;K;L;M;N;P;Q;U;V;Y,u63e9,揩,U+63E9,,,QPPA,QA,haai1,"rub and wipe, dust, clean",1,2,6,2,0.8,12,cj-409,10,
cj-410,cangjie,6,410,Lesson 410,第410課,Q;U;M;B;Y;D;L;N;P;A;H;F;J;C;K;V,Q;B;N;A;F;H;K;V;J;M,A;B;C;D;F;H;J;K;L;M;N;P;Q;U;V;Y,u63ea,揪,U+63EA,,,QHDF,QF,zau1,"grasp with hand, pinch",1,2,6,2,0.8,12,cj-409,10,
cj-410,cangjie,6,410,Lesson 410,第410課,Q;U;M;B;Y;D;L;N;P;A;H;F;J;C;K;V,Q;B;N;A;F;H;K;V;J;M,A;B;C;D;F;H;J;K;L;M;N;P;Q;U;V;Y,u63eb,揫,U+63EB,,,HFQ,HQ,zau1,"grasp with hand, pinch",1,2,6,2,0.8,12,cj-409,10,
cj-410,cangjie,6,410,Lesson 410,第410課,Q;U;M;B;Y;D;L;N;P;A;H;F;J;C;K;V,Q;B;N;A;F;H;K;V;J;M,A;B;C;D;F;H;J;K;L;M;N;P;Q;U;V;Y,u63ec,揬,U+63EC,,,QJCK,QK,dat6,(Cant.) lay up; sit,1,2,6,2,0.8,12,cj-409,10,
cj-410,cangjie,6,410,Lesson 410,第410課,Q;U;M;B;Y;D;L;N;P;A;H;F;J;C;K;V,Q;B;N;A;F;H;K;V;J;M,A;B;C;D;F;H;J;K;L;M;N;P;Q;U;V;Y,u63ed,揭,U+63ED,,,QAPV,QV,kit3,"raise, lift up; surname",1,2,6,2,0.8,12,cj-409,10,
cj-410,cangjie,6,410,Lesson 410,第410課,Q;U;M;B;Y;D;L;N;P;A;H;F;J;C;K;V,Q;B;N;A;F;H;K;V;J;M,A;B;C;D;F;H;J;K;L;M;N;P;Q;U;V;Y,u63ee,揮,U+63EE,,,QBJJ,QJ,fai1,direct; wipe away; squander,1,2,6,2,0.8,12,cj-409,10,
cj-410,cangjie,6,410,Lesson 410,第410課,Q;U;M;B;Y;D;L;N;P;A;H;F;J;C;K;V,Q;B;N;A;F;H;K;V;J;M,A;B;C;D;F;H;J;K;L;M;N;P;Q;U;V;Y,u63ef,揯,U+63EF,,,QPMM,QM,gang1,"(Cant.) tight, distended",1,2,6,2,0.8,12,cj-409,10,
cj-411,cangjie,6,411,Lesson 411,第411課,Q;H;J;G;P;T;D;K;B;M;E;N;S;L;A;U,Q;G;D;K;E;L;M;B;U,A;B;D;E;G;H;J;K;L;M;N;P;Q;S;T;U,u63f0,揰,U+63F0,,,QHJG,QG,cung3,to push in or poke out; a punch; (Cant.) to collide,1,2,6,2,0.8,12,cj-410,10,
cj-411,cangjie,6,411,Lesson 411,第411課,Q;H;J;G;P;T;D;K;B;M;E;N;S;L;A;U,Q;G;D;K;E;L;M;B;U,A;B;D;E;G;H;J;K;L;M;N;P;Q;S;T;U,u63f2,揲,U+63F2,,,QPTD,QD,sit3,to sort out the stalks used in divination; to fold,1,2,6,2,0.8,12,cj-410,10,
cj-411,cangjie,6,411,Lesson 411,第411課,Q;H;J;G;P;T;D;K;B;M;E;N;S;L;A;U,Q;G;D;K;E;L;M;B;U,A;B;D;E;G;H;J;K;L;M;N;P;Q;S;T;U,u63f3,揳,U+63F3,,,QQHK,QK,sit3,wipe; estimate,1,2,6,2,0.8,12,cj-410,10,
cj-411,cangjie,6,411,Lesson 411,第411課,Q;H;J;G;P;T;D;K;B;M;E;N;S;L;A;U,Q;G;D;K;E;L;M;B;U,A;B;D;E;G;H;J;K;L;M;N;P;Q;S;T;U,u63f4,援,U+63F4,,,QBME,QE,wun4,"aid, assist; lead; cite",1,2,6,2,0.8,12,cj-410,10,
cj-411,cangjie,6,411,Lesson 411,第411課,Q;H;J;G;P;T;D;K;B;M;E;N;S;L;A;U,Q;G;D;K;E;L;M;B;U,A;B;D;E;G;H;J;K;L;M;N;P;Q;S;T;U,u63f5,揵,U+63F5,,,QNKQ,QQ,kin4,carry,1,2,6,2,0.8,12,cj-410,10,
cj-411,cangjie,6,411,Lesson 411,第411課,Q;H;J;G;P;T;D;K;B;M;E;N;S;L;A;U,Q;G;D;K;E;L;M;B;U,A;B;D;E;G;H;J;K;L;M;N;P;Q;S;T;U,u63f6,揶,U+63F6,,,QSJL,QL,je4,"make fun of, ridicule",1,2,6,2,0.8,12,cj-410,10,
cj-411,cangjie,6,411,Lesson 411,第411課,Q;H;J;G;P;T;D;K;B;M;E;N;S;L;A;U,Q;G;D;K;E;L;M;B;U,A;B;D;E;G;H;J;K;L;M;N;P;Q;S;T;U,u63f7,揷,U+63F7,,,QHJL,QL,caap3,insert,1,2,6,2,0.8,12,cj-410,10,
cj-411,cangjie,6,411,Lesson 411,第411課,Q;H;J;G;P;T;D;K;B;M;E;N;S;L;A;U,Q;G;D;K;E;L;M;B;U,A;B;D;E;G;H;J;K;L;M;N;P;Q;S;T;U,u63f8,揸,U+63F8,,,QDAM,QM,zaa1,"handful; to grasp, seize, pick up with fingers; (Cant.) to take, carry",1,2,6,2,0.8,12,cj-410,10,
cj-411,cangjie,6,411,Lesson 411,第411課,Q;H;J;G;P;T;D;K;B;M;E;N;S;L;A;U,Q;G;D;K;E;L;M;B;U,A;B;D;E;G;H;J;K;L;M;N;P;Q;S;T;U,u63f9,揹,U+63F9,,,QLPB,QB,bui3,carry things on one's back,1,2,6,2,0.8,12,cj-410,10,
cj-411,cangjie,6,411,Lesson 411,第411課,Q;H;J;G;P;T;D;K;B;M;E;N;S;L;A;U,Q;G;D;K;E;L;M;B;U,A;B;D;E;G;H;J;K;L;M;N;P;Q;S;T;U,u63fa,揺,U+63FA,,,QBMU,QU,jiu4,"wag, swing, wave; shake; scull",1,2,6,2,0.8,12,cj-410,10,
cj-412,cangjie,6,412,Lesson 412,第412課,Q;M;R;E;L;I;U;A;B;T;O;P;N;Y;S;F;D;V;C,Q;E;U;T;O;Y;R;V;P;B,A;B;C;D;E;F;I;L;M;N;O;P;Q;R;S;T;U;V;Y,u63fc,揼,U+63FC,,,QMRE,QE,dam2,"(Cant.) to delay, waste time; to throw down, beat; to hang down",1,2,6,2,0.8,12,cj-411,10,
cj-412,cangjie,6,412,Lesson 412,第412課,Q;M;R;E;L;I;U;A;B;T;O;P;N;Y;S;F;D;V;C,Q;E;U;T;O;Y;R;V;P;B,A;B;C;D;E;F;I;L;M;N;O;P;Q;R;S;T;U;V;Y,u63fd,揽,U+63FD,,,QLIU,QU,laam5,"grasp, take hold of; monopolize",1,2,6,2,0.8,12,cj-411,10,
cj-412,cangjie,6,412,Lesson 412,第412課,Q;M;R;E;L;I;U;A;B;T;O;P;N;Y;S;F;D;V;C,Q;E;U;T;O;Y;R;V;P;B,A;B;C;D;E;F;I;L;M;N;O;P;Q;R;S;T;U;V;Y,u63fe,揾,U+63FE,,,QABT,QT,wan2,wipe off; press down with knuckle,1,2,6,2,0.8,12,cj-411,10,
cj-412,cangjie,6,412,Lesson 412,第412課,Q;M;R;E;L;I;U;A;B;T;O;P;N;Y;S;F;D;V;C,Q;E;U;T;O;Y;R;V;P;B,A;B;C;D;E;F;I;L;M;N;O;P;Q;R;S;T;U;V;Y,u63ff,揿,U+63FF,,,QOPO,QO,gam6,press,1,2,6,2,0.8,12,cj-411,10,
cj-412,cangjie,6,412,Lesson 412,第412課,Q;M;R;E;L;I;U;A;B;T;O;P;N;Y;S;F;D;V;C,Q;E;U;T;O;Y;R;V;P;B,A;B;C;D;E;F;I;L;M;N;O;P;Q;R;S;T;U;V;Y,u6400,搀,U+6400,,,QNUY,QY,caam1,give helping hand,1,2,6,2,0.8,12,cj-411,10,
cj-412,cangjie,6,412,Lesson 412,第412課,Q;M;R;E;L;I;U;A;B;T;O;P;N;Y;S;F;D;V;C,Q;E;U;T;O;Y;R;V;P;B,A;B;C;D;E;F;I;L;M;N;O;P;Q;R;S;T;U;V;Y,u6401,搁,U+6401,,,QLSR,QR,gok3,"place, put, lay down; delay",1,2,6,2,0.8,12,cj-411,10,
cj-412,cangjie,6,412,Lesson 412,第412課,Q;M;R;E;L;I;U;A;B;T;O;P;N;Y;S;F;D;V;C,Q;E;U;T;O;Y;R;V;P;B,A;B;C;D;E;F;I;L;M;N;O;P;Q;R;S;T;U;V;Y,u6402,搂,U+6402,,,QFDV,QV,lau1,"hug, embrace; drag, pull",1,2,6,2,0.8,12,cj-411,10,
cj-412,cangjie,6,412,Lesson 412,第412課,Q;M;R;E;L;I;U;A;B;T;O;P;N;Y;S;F;D;V;C,Q;E;U;T;O;Y;R;V;P;B,A;B;C;D;E;F;I;L;M;N;O;P;Q;R;S;T;U;V;Y,u6403,搃,U+6403,,,QCRP,QP,zung2,"all, general; to summarize; the chief; to manage",1,2,6,2,0.8,12,cj-411,10,
cj-412,cangjie,6,412,Lesson 412,第412課,Q;M;R;E;L;I;U;A;B;T;O;P;N;Y;S;F;D;V;C,Q;E;U;T;O;Y;R;V;P;B,A;B;C;D;E;F;I;L;M;N;O;P;Q;R;S;T;U;V;Y,u6405,搅,U+6405,,,QFBU,QU,gaau2,"disturb, agitate, stir up",1,2,6,2,0.8,12,cj-411,10,
cj-412,cangjie,6,412,Lesson 412,第412課,Q;M;R;E;L;I;U;A;B;T;O;P;N;Y;S;F;D;V;C,Q;E;U;T;O;Y;R;V;P;B,A;B;C;D;E;F;I;L;M;N;O;P;Q;R;S;T;U;V;Y,u6406,搆,U+6406,,,QTTB,QB,kau3,"pull, drag; reach; implicate",1,2,6,2,0.8,12,cj-411,10,
cj-413,cangjie,6,413,Lesson 413,第413課,Q;O;I;V;B;G;P;U;H;Y;N;S;T;R;C;D;F;W,Q;V;G;U;N;C;F;I;W;S,B;C;D;F;G;H;I;N;O;P;Q;R;S;T;U;V;W;Y,u6407,搇,U+6407,,,QOIV,QV,kam2,"to press down with the hand; to lead on; (Cant.) to cover, close up",1,2,6,2,0.8,12,cj-412,10,
cj-413,cangjie,6,413,Lesson 413,第413課,Q;O;I;V;B;G;P;U;H;Y;N;S;T;R;C;D;F;W,Q;V;G;U;N;C;F;I;W;S,B;C;D;F;G;H;I;N;O;P;Q;R;S;T;U;V;W;Y,u6409,搉,U+6409,,,QOBG,QG,kok3,knock; pick out; ridicule,1,2,6,2,0.8,12,cj-412,10,
cj-413,cangjie,6,413,Lesson 413,第413課,Q;O;I;V;B;G;P;U;H;Y;N;S;T;R;C;D;F;W,Q;V;G;U;N;C;F;I;W;S,B;C;D;F;G;H;I;N;O;P;Q;R;S;T;U;V;W;Y,u640a,搊,U+640A,,,QPUU,QU,cau1,pluck,1,2,6,2,0.8,12,cj-412,10,
cj-413,cangjie,6,413,Lesson 413,第413課,Q;O;I;V;B;G;P;U;H;Y;N;S;T;R;C;D;F;W,Q;V;G;U;N;C;F;I;W;S,B;C;D;F;G;H;I;N;O;P;Q;R;S;T;U;V;W;Y,u640b,搋,U+640B,,,QHYN,QN,caai1,to thump,1,2,6,2,0.8,12,cj-412,10,
cj-413,cangjie,6,413,Lesson 413,第413課,Q;O;I;V;B;G;P;U;H;Y;N;S;T;R;C;D;F;W,Q;V;G;U;N;C;F;I;W;S,B;C;D;F;G;H;I;N;O;P;Q;R;S;T;U;V;W;Y,u640c,搌,U+640C,,,QSTV,QV,zin2,to wipe tears; to bind,1,2,6,2,0.8,12,cj-412,10,
cj-413,cangjie,6,413,Lesson 413,第413課,Q;O;I;V;B;G;P;U;H;Y;N;S;T;R;C;D;F;W,Q;V;G;U;N;C;F;I;W;S,B;C;D;F;G;H;I;N;O;P;Q;R;S;T;U;V;W;Y,u640d,損,U+640D,,,QRBC,QC,syun2,diminish; impair; injure; hexagram ䷨,1,2,6,2,0.8,12,cj-412,10,
cj-413,cangjie,6,413,Lesson 413,第413課,Q;O;I;V;B;G;P;U;H;Y;N;S;T;R;C;D;F;W,Q;V;G;U;N;C;F;I;W;S,B;C;D;F;G;H;I;N;O;P;Q;R;S;T;U;V;W;Y,u640e,搎,U+640E,,,QNDF,QF,syun1,to rub with the hand; to stroke,1,2,6,2,0.8,12,cj-412,10,
cj-413,cangjie,6,413,Lesson 413,第413課,Q;O;I;V;B;G;P;U;H;Y;N;S;T;R;C;D;F;W,Q;V;G;U;N;C;F;I;W;S,B;C;D;F;G;H;I;N;O;P;Q;R;S;T;U;V;W;Y,u640f,搏,U+640F,,,QIBI,QI,bok3,seize; spring upon; strike,1,2,6,2,0.8,12,cj-412,10,
cj-413,cangjie,6,413,Lesson 413,第413課,Q;O;I;V;B;G;P;U;H;Y;N;S;T;R;C;D;F;W,Q;V;G;U;N;C;F;I;W;S,B;C;D;F;G;H;I;N;O;P;Q;R;S;T;U;V;W;Y,u6410,搐,U+6410,,,QYVW,QW,cuk1,"cramp, spasm, convulsion; twitch",1,2,6,2,0.8,12,cj-412,10,
cj-413,cangjie,6,413,Lesson 413,第413課,Q;O;I;V;B;G;P;U;H;Y;N;S;T;R;C;D;F;W,Q;V;G;U;N;C;F;I;W;S,B;C;D;F;G;H;I;N;O;P;Q;R;S;T;U;V;W;Y,u6412,搒,U+6412,,,QYBS,QS,pong3,pole; beat,1,2,6,2,0.8,12,cj-412,10,
cj-414,cangjie,6,414,Lesson 414,第414課,Q;T;M;E;I;G;B;O;U;H;A;J;P;V;X;C;Y;R,Q;M;I;T;U;A;C;E;B,A;B;C;E;G;H;I;J;M;O;P;Q;R;T;U;V;X;Y,u6413,搓,U+6413,,,QTQM,QM,co1,to rub or roll between the hands,1,2,6,2,0.8,12,cj-413,10,
cj-414,cangjie,6,414,Lesson 414,第414課,Q;T;M;E;I;G;B;O;U;H;A;J;P;V;X;C;Y;R,Q;M;I;T;U;A;C;E;B,A;B;C;E;G;H;I;J;M;O;P;Q;R;T;U;V;X;Y,u6414,搔,U+6414,,,QEII,QI,sou1,to scratch,1,2,6,2,0.8,12,cj-413,10,
cj-414,cangjie,6,414,Lesson 414,第414課,Q;T;M;E;I;G;B;O;U;H;A;J;P;V;X;C;Y;R,Q;M;I;T;U;A;C;E;B,A;B;C;E;G;H;I;J;M;O;P;Q;R;T;U;V;X;Y,u6415,搕,U+6415,,,QGIT,QT,hap6,to strike; to take in the hand,1,2,6,2,0.8,12,cj-413,10,
cj-414,cangjie,6,414,Lesson 414,第414課,Q;T;M;E;I;G;B;O;U;H;A;J;P;V;X;C;Y;R,Q;M;I;T;U;A;C;E;B,A;B;C;E;G;H;I;J;M;O;P;Q;R;T;U;V;X;Y,u6416,搖,U+6416,,,QBOU,QU,jiu4,"wag, swing, wave; shake; scull",1,2,6,2,0.8,12,cj-413,10,
cj-414,cangjie,6,414,Lesson 414,第414課,Q;T;M;E;I;G;B;O;U;H;A;J;P;V;X;C;Y;R,Q;M;I;T;U;A;C;E;B,A;B;C;E;G;H;I;J;M;O;P;Q;R;T;U;V;X;Y,u6417,搗,U+6417,,,QHAU,QU,dou2,"hull; thresh; beat, attack",1,2,6,2,0.8,12,cj-413,10,
cj-414,cangjie,6,414,Lesson 414,第414課,Q;T;M;E;I;G;B;O;U;H;A;J;P;V;X;C;Y;R,Q;M;I;T;U;A;C;E;B,A;B;C;E;G;H;I;J;M;O;P;Q;R;T;U;V;X;Y,u6418,搘,U+6418,,,QJPA,QA,zi1,prop,1,2,6,2,0.8,12,cj-413,10,
cj-414,cangjie,6,414,Lesson 414,第414課,Q;T;M;E;I;G;B;O;U;H;A;J;P;V;X;C;Y;R,Q;M;I;T;U;A;C;E;B,A;B;C;E;G;H;I;J;M;O;P;Q;R;T;U;V;X;Y,u6419,搙,U+6419,,,QMVI,QI,nuk6,to handle; to play with,1,2,6,2,0.8,12,cj-413,10,
cj-414,cangjie,6,414,Lesson 414,第414課,Q;T;M;E;I;G;B;O;U;H;A;J;P;V;X;C;Y;R,Q;M;I;T;U;A;C;E;B,A;B;C;E;G;H;I;J;M;O;P;Q;R;T;U;V;X;Y,u641b,搛,U+641B,,,QTXC,QC,gim1,to pick up with chopsticks,1,2,6,2,0.8,12,cj-413,10,
cj-414,cangjie,6,414,Lesson 414,第414課,Q;T;M;E;I;G;B;O;U;H;A;J;P;V;X;C;Y;R,Q;M;I;T;U;A;C;E;B,A;B;C;E;G;H;I;J;M;O;P;Q;R;T;U;V;X;Y,u641c,搜,U+641C,,,QHXE,QE,sau1,"search, seek; investigate",1,2,6,2,0.8,12,cj-413,10,
cj-414,cangjie,6,414,Lesson 414,第414課,Q;T;M;E;I;G;B;O;U;H;A;J;P;V;X;C;Y;R,Q;M;I;T;U;A;C;E;B,A;B;C;E;G;H;I;J;M;O;P;Q;R;T;U;V;X;Y,u641e,搞,U+641E,,,QYRB,QB,gaau2,"to clear, clarify",1,2,6,2,0.8,12,cj-413,10,
cj-415,cangjie,6,415,Lesson 415,第415課,Q;T;U;B;E;D;M;C;A;I;H;F;Y;R;N;S;L,Q;B;D;A;F;T;R;M,A;B;C;D;E;F;H;I;L;M;N;Q;R;S;T;U;Y,u6420,搠,U+6420,,,QTUB,QB,sok3,to daub; to thrust,1,2,6,2,0.8,12,cj-414,10,
cj-415,cangjie,6,415,Lesson 415,第415課,Q;T;U;B;E;D;M;C;A;I;H;F;Y;R;N;S;L,Q;B;D;A;F;T;R;M,A;B;C;D;E;F;H;I;L;M;N;Q;R;S;T;U;Y,u6421,搡,U+6421,,,QEED,QD,song2,to push over or push back,1,2,6,2,0.8,12,cj-414,10,
cj-415,cangjie,6,415,Lesson 415,第415課,Q;T;U;B;E;D;M;C;A;I;H;F;Y;R;N;S;L,Q;B;D;A;F;T;R;M,A;B;C;D;E;F;H;I;L;M;N;Q;R;S;T;U;Y,u6422,搢,U+6422,,,QMCA,QA,zeon3,to stick into; to shake,1,2,6,2,0.8,12,cj-414,10,
cj-415,cangjie,6,415,Lesson 415,第415課,Q;T;U;B;E;D;M;C;A;I;H;F;Y;R;N;S;L,Q;B;D;A;F;T;R;M,A;B;C;D;E;F;H;I;L;M;N;Q;R;S;T;U;Y,u6423,搣,U+6423,,,QIHF,QF,mit1,"(Cant.) to tear, peel, twist with the fingers",1,2,6,2,0.8,12,cj-414,10,
cj-415,cangjie,6,415,Lesson 415,第415課,Q;T;U;B;E;D;M;C;A;I;H;F;Y;R;N;S;L,Q;B;D;A;F;T;R;M,A;B;C;D;E;F;H;I;L;M;N;Q;R;S;T;U;Y,u6424,搤,U+6424,,,QTCT,QT,ak1,seize,1,2,6,2,0.8,12,cj-414,10,
cj-415,cangjie,6,415,Lesson 415,第415課,Q;T;U;B;E;D;M;C;A;I;H;F;Y;R;N;S;L,Q;B;D;A;F;T;R;M,A;B;C;D;E;F;H;I;L;M;N;Q;R;S;T;U;Y,u6425,搥,U+6425,,,QYHR,QR,ceoi4,"beat, pound, strike, throw; shampoo",1,2,6,2,0.8,12,cj-414,10,
cj-415,cangjie,6,415,Lesson 415,第415課,Q;T;U;B;E;D;M;C;A;I;H;F;Y;R;N;S;L,Q;B;D;A;F;T;R;M,A;B;C;D;E;F;H;I;L;M;N;Q;R;S;T;U;Y,u6426,搦,U+6426,,,QNMM,QM,nik1,"grasp, seize, take in hand",1,2,6,2,0.8,12,cj-414,10,
cj-415,cangjie,6,415,Lesson 415,第415課,Q;T;U;B;E;D;M;C;A;I;H;F;Y;R;N;S;L,Q;B;D;A;F;T;R;M,A;B;C;D;E;F;H;I;L;M;N;Q;R;S;T;U;Y,u6427,搧,U+6427,,,QHSM,QM,sin3,fan; strike on face; stir up,1,2,6,2,0.8,12,cj-414,10,
cj-415,cangjie,6,415,Lesson 415,第415課,Q;T;U;B;E;D;M;C;A;I;H;F;Y;R;N;S;L,Q;B;D;A;F;T;R;M,A;B;C;D;E;F;H;I;L;M;N;Q;R;S;T;U;Y,u6428,搨,U+6428,,,QASM,QM,taap3,"rub, make rubbings of inscription",1,2,6,2,0.8,12,cj-414,10,
cj-415,cangjie,6,415,Lesson 415,第415課,Q;T;U;B;E;D;M;C;A;I;H;F;Y;R;N;S;L,Q;B;D;A;F;T;R;M,A;B;C;D;E;F;H;I;L;M;N;Q;R;S;T;U;Y,u642a,搪,U+642A,,,QILR,QR,tong4,"ward off, evade; parry; block",1,2,6,2,0.8,12,cj-414,10,
cj-416,cangjie,6,416,Lesson 416,第416課,H;E;Q;Y;T;O;R;B;X;J;C;W;I,H;Q;E;R;X;B;O;J;T,B;C;E;H;I;J;O;Q;R;T;W;X;Y,u642b,搫,U+642B,,,HEQ,HQ,pun4,"to move, remove, transport",1,2,6,2,0.8,12,cj-415,10,
cj-416,cangjie,6,416,Lesson 416,第416課,H;E;Q;Y;T;O;R;B;X;J;C;W;I,H;Q;E;R;X;B;O;J;T,B;C;E;H;I;J;O;Q;R;T;W;X;Y,u642c,搬,U+642C,,,QHYE,QE,bun1,"transfer, move, remove, shift",1,2,6,2,0.8,12,cj-415,10,
cj-416,cangjie,6,416,Lesson 416,第416課,H;E;Q;Y;T;O;R;B;X;J;C;W;I,H;Q;E;R;X;B;O;J;T,B;C;E;H;I;J;O;Q;R;T;W;X;Y,u642d,搭,U+642D,,,QTOR,QR,daap3,"join together, attach to; add to",1,2,6,2,0.8,12,cj-415,10,
cj-416,cangjie,6,416,Lesson 416,第416課,H;E;Q;Y;T;O;R;B;X;J;C;W;I,H;Q;E;R;X;B;O;J;T,B;C;E;H;I;J;O;Q;R;T;W;X;Y,u642f,搯,U+642F,,,QBHX,QX,tou1,"take out, pull out",1,2,6,2,0.8,12,cj-415,10,
cj-416,cangjie,6,416,Lesson 416,第416課,H;E;Q;Y;T;O;R;B;X;J;C;W;I,H;Q;E;R;X;B;O;J;T,B;C;E;H;I;J;O;Q;R;T;W;X;Y,u6430,搰,U+6430,,,QBBB,QB,wat6,dig; turbid; exert; (Cant.) to shake,1,2,6,2,0.8,12,cj-415,10,
cj-416,cangjie,6,416,Lesson 416,第416課,H;E;Q;Y;T;O;R;B;X;J;C;W;I,H;Q;E;R;X;B;O;J;T,B;C;E;H;I;J;O;Q;R;T;W;X;Y,u6432,搲,U+6432,,,QJCO,QO,waa2,"to seize, to grasp",1,2,6,2,0.8,12,cj-415,10,
cj-416,cangjie,6,416,Lesson 416,第416課,H;E;Q;Y;T;O;R;B;X;J;C;W;I,H;Q;E;R;X;B;O;J;T,B;C;E;H;I;J;O;Q;R;T;W;X;Y,u6433,搳,U+6433,,,QJQR,QR,waak6,boxing; a finger-guessing game,1,2,6,2,0.8,12,cj-415,10,
cj-416,cangjie,6,416,Lesson 416,第416課,H;E;Q;Y;T;O;R;B;X;J;C;W;I,H;Q;E;R;X;B;O;J;T,B;C;E;H;I;J;O;Q;R;T;W;X;Y,u6434,搴,U+6434,,,JTCQ,JQ,hin1,extract; seize; pluck up,1,2,6,2,0.8,12,cj-415,10,
cj-416,cangjie,6,416,Lesson 416,第416課,H;E;Q;Y;T;O;R;B;X;J;C;W;I,H;Q;E;R;X;B;O;J;T,B;C;E;H;I;J;O;Q;R;T;W;X;Y,u6435,搵,U+6435,,,QWOT,QT,wan2,"wipe off; press down with knuckle; to immerse; (Cant.) to search, look for",1,2,6,2,0.8,12,cj-415,10,
cj-416,cangjie,6,416,Lesson 416,第416課,H;E;Q;Y;T;O;R;B;X;J;C;W;I,H;Q;E;R;X;B;O;J;T,B;C;E;H;I;J;O;Q;R;T;W;X;Y,u6436,搶,U+6436,,,QOIR,QR,coeng2,"plunder, rob, take by force",1,2,6,2,0.8,12,cj-415,10,
cj-417,cangjie,6,417,Lesson 417,第417課,Q;J;B;C;O;G;S;T;D;H;R;F;W;K;P;E;Y;L;I,Q;C;S;D;F;P;O;E;I,B;C;D;E;F;G;H;I;J;K;L;O;P;Q;R;S;T;W;Y,u6437,搷,U+6437,,,QJBC,QC,tin4,to beat; to winnow,1,2,6,2,0.8,12,cj-416,10,
cj-417,cangjie,6,417,Lesson 417,第417課,Q;J;B;C;O;G;S;T;D;H;R;F;W;K;P;E;Y;L;I,Q;C;S;D;F;P;O;E;I,B;C;D;E;F;G;H;I;J;K;L;O;P;Q;R;S;T;W;Y,u643a,携,U+643A,,,QOGS,QS,kwai4,"lead by hand, take with; carry",1,2,6,2,0.8,12,cj-416,10,
cj-417,cangjie,6,417,Lesson 417,第417課,Q;J;B;C;O;G;S;T;D;H;R;F;W;K;P;E;Y;L;I,Q;C;S;D;F;P;O;E;I,B;C;D;E;F;G;H;I;J;K;L;O;P;Q;R;S;T;W;Y,u643d,搽,U+643D,,,QTOD,QD,caa4,"smear; rub, wipe; anoint",1,2,6,2,0.8,12,cj-416,10,
cj-417,cangjie,6,417,Lesson 417,第417課,Q;J;B;C;O;G;S;T;D;H;R;F;W;K;P;E;Y;L;I,Q;C;S;D;F;P;O;E;I,B;C;D;E;F;G;H;I;J;K;L;O;P;Q;R;S;T;W;Y,u643e,搾,U+643E,,,QJCS,QS,zaa3,"to crush with the hand, press, squeeze, extract",1,2,6,2,0.8,12,cj-416,10,
cj-417,cangjie,6,417,Lesson 417,第417課,Q;J;B;C;O;G;S;T;D;H;R;F;W;K;P;E;Y;L;I,Q;C;S;D;F;P;O;E;I,B;C;D;E;F;G;H;I;J;K;L;O;P;Q;R;S;T;W;Y,u6440,摀,U+6440,,,QHRF,QF,wu2,to cover with the hand; to hide,1,2,6,2,0.8,12,cj-416,10,
cj-417,cangjie,6,417,Lesson 417,第417課,Q;J;B;C;O;G;S;T;D;H;R;F;W;K;P;E;Y;L;I,Q;C;S;D;F;P;O;E;I,B;C;D;E;F;G;H;I;J;K;L;O;P;Q;R;S;T;W;Y,u6441,摁,U+6441,,,QWKP,QP,on3,to press with the hand,1,2,6,2,0.8,12,cj-416,10,
cj-417,cangjie,6,417,Lesson 417,第417課,Q;J;B;C;O;G;S;T;D;H;R;F;W;K;P;E;Y;L;I,Q;C;S;D;F;P;O;E;I,B;C;D;E;F;G;H;I;J;K;L;O;P;Q;R;S;T;W;Y,u6442,摂,U+6442,,,QSJO,QO,sip3,"take in, absorb; act as deputy",1,2,6,2,0.8,12,cj-416,10,
cj-417,cangjie,6,417,Lesson 417,第417課,Q;J;B;C;O;G;S;T;D;H;R;F;W;K;P;E;Y;L;I,Q;C;S;D;F;P;O;E;I,B;C;D;E;F;G;H;I;J;K;L;O;P;Q;R;S;T;W;Y,u6444,摄,U+6444,,,QSJE,QE,sip3,"take in, absorb; act as deputy",1,2,6,2,0.8,12,cj-416,10,
cj-417,cangjie,6,417,Lesson 417,第417課,Q;J;B;C;O;G;S;T;D;H;R;F;W;K;P;E;Y;L;I,Q;C;S;D;F;P;O;E;I,B;C;D;E;F;G;H;I;J;K;L;O;P;Q;R;S;T;W;Y,u6445,摅,U+6445,,,QYPP,QP,syu1,"spread, disperse; vent, set forth",1,2,6,2,0.8,12,cj-416,10,
cj-417,cangjie,6,417,Lesson 417,第417課,Q;J;B;C;O;G;S;T;D;H;R;F;W;K;P;E;Y;L;I,Q;C;S;D;F;P;O;E;I,B;C;D;E;F;G;H;I;J;K;L;O;P;Q;R;S;T;W;Y,u6446,摆,U+6446,,,QWLI,QI,baai2,"put, place; display; swing, sway",1,2,6,2,0.8,12,cj-416,10,
cj-418,cangjie,6,418,Lesson 418,第418課,Q;B;O;U;J;C;E;G;K;S;M;H;X;W;I;T;Y,Q;U;C;G;E;H;X;O;M;T;J,B;C;E;G;H;I;J;K;M;O;Q;S;T;U;W;X;Y,u6447,摇,U+6447,,,QBOU,QU,jiu4,"wag, swing, wave; shake; scull",1,2,6,2,0.8,12,cj-417,10,
cj-418,cangjie,6,418,Lesson 418,第418課,Q;B;O;U;J;C;E;G;K;S;M;H;X;W;I;T;Y,Q;U;C;G;E;H;X;O;M;T;J,B;C;E;G;H;I;J;K;M;O;Q;S;T;U;W;X;Y,u6448,摈,U+6448,,,QJOC,QC,ban3,"exclude, expel, reject; usher",1,2,6,2,0.8,12,cj-417,10,
cj-418,cangjie,6,418,Lesson 418,第418課,Q;B;O;U;J;C;E;G;K;S;M;H;X;W;I;T;Y,Q;U;C;G;E;H;X;O;M;T;J,B;C;E;G;H;I;J;K;M;O;Q;S;T;U;W;X;Y,u644a,摊,U+644A,,,QEOG,QG,taan1,"spread out, open; apportion",1,2,6,2,0.8,12,cj-417,10,
cj-418,cangjie,6,418,Lesson 418,第418課,Q;B;O;U;J;C;E;G;K;S;M;H;X;W;I;T;Y,Q;U;C;G;E;H;X;O;M;T;J,B;C;E;G;H;I;J;K;M;O;Q;S;T;U;W;X;Y,u644b,摋,U+644B,,,QKCE,QE,saat3,to strike with the hand,1,2,6,2,0.8,12,cj-417,10,
cj-418,cangjie,6,418,Lesson 418,第418課,Q;B;O;U;J;C;E;G;K;S;M;H;X;W;I;T;Y,Q;U;C;G;E;H;X;O;M;T;J,B;C;E;G;H;I;J;K;M;O;Q;S;T;U;W;X;Y,u644e,摎,U+644E,,,QSMH,QH,gau1,to strangle; to inquire into,1,2,6,2,0.8,12,cj-417,10,
cj-418,cangjie,6,418,Lesson 418,第418課,Q;B;O;U;J;C;E;G;K;S;M;H;X;W;I;T;Y,Q;U;C;G;E;H;X;O;M;T;J,B;C;E;G;H;I;J;K;M;O;Q;S;T;U;W;X;Y,u644f,摏,U+644F,,,QQKX,QX,zung1,pound; strike against; ram; (Cant.) to hit with the elbow,1,2,6,2,0.8,12,cj-417,10,
cj-418,cangjie,6,418,Lesson 418,第418課,Q;B;O;U;J;C;E;G;K;S;M;H;X;W;I;T;Y,Q;U;C;G;E;H;X;O;M;T;J,B;C;E;G;H;I;J;K;M;O;Q;S;T;U;W;X;Y,u6450,摐,U+6450,,,QHOO,QO,cung1,to hit (a bell or drum),1,2,6,2,0.8,12,cj-417,10,
cj-418,cangjie,6,418,Lesson 418,第418課,Q;B;O;U;J;C;E;G;K;S;M;H;X;W;I;T;Y,Q;U;C;G;E;H;X;O;M;T;J,B;C;E;G;H;I;J;K;M;O;Q;S;T;U;W;X;Y,u6451,摑,U+6451,,,QWIM,QM,gwaak3,"box one's ears, slap",1,2,6,2,0.8,12,cj-417,10,
cj-418,cangjie,6,418,Lesson 418,第418課,Q;B;O;U;J;C;E;G;K;S;M;H;X;W;I;T;Y,Q;U;C;G;E;H;X;O;M;T;J,B;C;E;G;H;I;J;K;M;O;Q;S;T;U;W;X;Y,u6452,摒,U+6452,,,QSTT,QT,bing3,"expel, cast off; arrange",1,2,6,2,0.8,12,cj-417,10,
cj-418,cangjie,6,418,Lesson 418,第418課,Q;B;O;U;J;C;E;G;K;S;M;H;X;W;I;T;Y,Q;U;C;G;E;H;X;O;M;T;J,B;C;E;G;H;I;J;K;M;O;Q;S;T;U;W;X;Y,u6454,摔,U+6454,,,QYIJ,QJ,seot1,"fall to the ground; stumble, trip",1,2,6,2,0.8,12,cj-417,10,
cj-419,cangjie,6,419,Lesson 419,第419課,Q;K;P;B;Y;C;J;F;G;U;W;I;X;V;L;H,Q;B;J;G;C;P;F;V,B;C;F;G;H;I;J;K;L;P;Q;U;V;W;X;Y,u6455,摕,U+6455,,,QKPB,QB,dai3,(Cant.) to hit,1,2,6,2,0.8,12,cj-418,10,
cj-419,cangjie,6,419,Lesson 419,第419課,Q;K;P;B;Y;C;J;F;G;U;W;I;X;V;L;H,Q;B;J;G;C;P;F;V,B;C;F;G;H;I;J;K;L;P;Q;U;V;W;X;Y,u6458,摘,U+6458,,,QYCB,QB,zaak6,"pluck, pick; select; specify",1,2,6,2,0.8,12,cj-418,10,
cj-419,cangjie,6,419,Lesson 419,第419課,Q;K;P;B;Y;C;J;F;G;U;W;I;X;V;L;H,Q;B;J;G;C;P;F;V,B;C;F;G;H;I;J;K;L;P;Q;U;V;W;X;Y,u6459,摙,U+6459,,,QYJJ,QJ,lin5,to transport; to remove to take; (Cant.) to pinch; to tidy up,1,2,6,2,0.8,12,cj-418,10,
cj-419,cangjie,6,419,Lesson 419,第419課,Q;K;P;B;Y;C;J;F;G;U;W;I;X;V;L;H,Q;B;J;G;C;P;F;V,B;C;F;G;H;I;J;K;L;P;Q;U;V;W;X;Y,u645a,摚,U+645A,,,QFBG,QG,tong3,(Cant.) to pull open (a drawer),1,2,6,2,0.8,12,cj-418,10,
cj-419,cangjie,6,419,Lesson 419,第419課,Q;K;P;B;Y;C;J;F;G;U;W;I;X;V;L;H,Q;B;J;G;C;P;F;V,B;C;F;G;H;I;J;K;L;P;Q;U;V;W;X;Y,u645b,摛,U+645B,,,QYUB,QB,ci1,"to spread (name, news); to be known",1,2,6,2,0.8,12,cj-418,10,
cj-419,cangjie,6,419,Lesson 419,第419課,Q;K;P;B;Y;C;J;F;G;U;W;I;X;V;L;H,Q;B;J;G;C;P;F;V,B;C;F;G;H;I;J;K;L;P;Q;U;V;W;X;Y,u645c,摜,U+645C,,,QWJC,QC,gwaan3,"throw ground; know, be familiar",1,2,6,2,0.8,12,cj-418,10,
cj-419,cangjie,6,419,Lesson 419,第419課,Q;K;P;B;Y;C;J;F;G;U;W;I;X;V;L;H,Q;B;J;G;C;P;F;V,B;C;F;G;H;I;J;K;L;P;Q;U;V;W;X;Y,u645d,摝,U+645D,,,QIXP,QP,luk6,"to move, roll, rattle, shake",1,2,6,2,0.8,12,cj-418,10,
cj-419,cangjie,6,419,Lesson 419,第419課,Q;K;P;B;Y;C;J;F;G;U;W;I;X;V;L;H,Q;B;J;G;C;P;F;V,B;C;F;G;H;I;J;K;L;P;Q;U;V;W;X;Y,u645e,摞,U+645E,,,QWVF,QF,lo6,to pile up,1,2,6,2,0.8,12,cj-418,10,
cj-419,cangjie,6,419,Lesson 419,第419課,Q;K;P;B;Y;C;J;F;G;U;W;I;X;V;L;H,Q;B;J;G;C;P;F;V,B;C;F;G;H;I;J;K;L;P;Q;U;V;W;X;Y,u645f,摟,U+645F,,,QLLV,QV,lau1,"hug, embrace; drag, pull",1,2,6,2,0.8,12,cj-418,10,
cj-419,cangjie,6,419,Lesson 419,第419課,Q;K;P;B;Y;C;J;F;G;U;W;I;X;V;L;H,Q;B;J;G;C;P;F;V,B;C;F;G;H;I;J;K;L;P;Q;U;V;W;X;Y,u6460,摠,U+6460,,,QHWP,QP,zung2,general,1,2,6,2,0.8,12,cj-418,10,
cj-420,cangjie,6,420,Lesson 420,第420課,Q;A;I;U;Y;P;M;K;S;O;G;C;T;F;W;E,Q;U;M;O;G;I;F;E,A;C;E;F;G;I;K;M;O;P;Q;S;T;U;W;Y,u6461,摡,U+6461,,,QAIU,QU,goi3,to irrigate; to flood water flowing; to scour,1,2,6,2,0.8,12,cj-419,10,
cj-420,cangjie,6,420,Lesson 420,第420課,Q;A;I;U;Y;P;M;K;S;O;G;C;T;F;W;E,Q;U;M;O;G;I;F;E,A;C;E;F;G;I;K;M;O;P;Q;S;T;U;W;Y,u6463,摣,U+6463,,,QYPM,QM,zaa1,a handful. to pick up with the fingers. to seize,1,2,6,2,0.8,12,cj-419,10,
cj-420,cangjie,6,420,Lesson 420,第420課,Q;A;I;U;Y;P;M;K;S;O;G;C;T;F;W;E,Q;U;M;O;G;I;F;E,A;C;E;F;G;I;K;M;O;P;Q;S;T;U;W;Y,u6466,摦,U+6466,,,QKSO,QO,waa6,wide,1,2,6,2,0.8,12,cj-419,10,
cj-420,cangjie,6,420,Lesson 420,第420課,Q;A;I;U;Y;P;M;K;S;O;G;C;T;F;W;E,Q;U;M;O;G;I;F;E,A;C;E;F;G;I;K;M;O;P;Q;S;T;U;W;Y,u6467,摧,U+6467,,,QUOG,QG,ceoi1,"destroy, break, injure",1,2,6,2,0.8,12,cj-419,10,
cj-420,cangjie,6,420,Lesson 420,第420課,Q;A;I;U;Y;P;M;K;S;O;G;C;T;F;W;E,Q;U;M;O;G;I;F;E,A;C;E;F;G;I;K;M;O;P;Q;S;T;U;W;Y,u6469,摩,U+6469,,,ICQ,IQ,mo1,"rub, scour, grind; friction",1,2,6,2,0.8,12,cj-419,10,
cj-420,cangjie,6,420,Lesson 420,第420課,Q;A;I;U;Y;P;M;K;S;O;G;C;T;F;W;E,Q;U;M;O;G;I;F;E,A;C;E;F;G;I;K;M;O;P;Q;S;T;U;W;Y,u646d,摭,U+646D,,,QITF,QF,zek3,"pick up, gather",1,2,6,2,0.8,12,cj-419,10,
cj-420,cangjie,6,420,Lesson 420,第420課,Q;A;I;U;Y;P;M;K;S;O;G;C;T;F;W;E,Q;U;M;O;G;I;F;E,A;C;E;F;G;I;K;M;O;P;Q;S;T;U;W;Y,u646e,摮,U+646E,,,GKQ,GQ,ngou4,to rattle; to shake. to smite,1,2,6,2,0.8,12,cj-419,10,
cj-420,cangjie,6,420,Lesson 420,第420課,Q;A;I;U;Y;P;M;K;S;O;G;C;T;F;W;E,Q;U;M;O;G;I;F;E,A;C;E;F;G;I;K;M;O;P;Q;S;T;U;W;Y,u646f,摯,U+646F,,,GIQ,GQ,zi3,"sincere, warm, cordial; surname",1,2,6,2,0.8,12,cj-419,10,
cj-420,cangjie,6,420,Lesson 420,第420課,Q;A;I;U;Y;P;M;K;S;O;G;C;T;F;W;E,Q;U;M;O;G;I;F;E,A;C;E;F;G;I;K;M;O;P;Q;S;T;U;W;Y,u6470,摰,U+6470,,,GIQ,GQ,jit6,to seize with the hand; to grasp; to advance; to break down,1,2,6,2,0.8,12,cj-419,10,
cj-420,cangjie,6,420,Lesson 420,第420課,Q;A;I;U;Y;P;M;K;S;O;G;C;T;F;W;E,Q;U;M;O;G;I;F;E,A;C;E;F;G;I;K;M;O;P;Q;S;T;U;W;Y,u6471,摱,U+6471,,,QAWE,QE,maan1,"(Cant.) to climb, hold on to, cling to; to pull the trigger on a gun",1,2,6,2,0.8,12,cj-419,10,
cj-421,cangjie,6,421,Lesson 421,第421課,Q;J;L;S;R;M;B;I;H;F;V;D;T;A;K,Q;L;R;S;F;I;D;K;T;A;H,A;B;D;F;H;I;J;K;L;M;Q;R;S;T;V,u6472,摲,U+6472,,,QJJL,QL,saam3,raze,1,2,6,2,0.8,12,cj-420,10,
cj-421,cangjie,6,421,Lesson 421,第421課,Q;J;L;S;R;M;B;I;H;F;V;D;T;A;K,Q;L;R;S;F;I;D;K;T;A;H,A;B;D;F;H;I;J;K;L;M;Q;R;S;T;V,u6473,摳,U+6473,,,QSRR,QR,kau1,"raise, lift up; tight-fisted",1,2,6,2,0.8,12,cj-420,10,
cj-421,cangjie,6,421,Lesson 421,第421課,Q;J;L;S;R;M;B;I;H;F;V;D;T;A;K,Q;L;R;S;F;I;D;K;T;A;H,A;B;D;F;H;I;J;K;L;M;Q;R;S;T;V,u6474,摴,U+6474,,,QMBS,QS,syu1,"to stretch out, to unroll; comfortable, easy (same as 舒); 摴蒲 is the name of a traditional play",1,2,6,2,0.8,12,cj-420,10,
cj-421,cangjie,6,421,Lesson 421,第421課,Q;J;L;S;R;M;B;I;H;F;V;D;T;A;K,Q;L;R;S;F;I;D;K;T;A;H,A;B;D;F;H;I;J;K;L;M;Q;R;S;T;V,u6475,摵,U+6475,,,QIHF,QF,saak3,"(Cant.) to pull, lift up",1,2,6,2,0.8,12,cj-420,10,
cj-421,cangjie,6,421,Lesson 421,第421課,Q;J;L;S;R;M;B;I;H;F;V;D;T;A;K,Q;L;R;S;F;I;D;K;T;A;H,A;B;D;F;H;I;J;K;L;M;Q;R;S;T;V,u6476,摶,U+6476,,,QJII,QI,tyun4,roll around with hand; model,1,2,6,2,0.8,12,cj-420,10,
cj-421,cangjie,6,421,Lesson 421,第421課,Q;J;L;S;R;M;B;I;H;F;V;D;T;A;K,Q;L;R;S;F;I;D;K;T;A;H,A;B;D;F;H;I;J;K;L;M;Q;R;S;T;V,u6477,摷,U+6477,,,QVVD,QD,ziu6,"(Cant.) to search for, look for; to beat up",1,2,6,2,0.8,12,cj-420,10,
cj-421,cangjie,6,421,Lesson 421,第421課,Q;J;L;S;R;M;B;I;H;F;V;D;T;A;K,Q;L;R;S;F;I;D;K;T;A;H,A;B;D;F;H;I;J;K;L;M;Q;R;S;T;V,u6478,摸,U+6478,,,QTAK,QK,mo2,gently touch with hand; caress,1,2,6,2,0.8,12,cj-420,10,
cj-421,cangjie,6,421,Lesson 421,第421課,Q;J;L;S;R;M;B;I;H;F;V;D;T;A;K,Q;L;R;S;F;I;D;K;T;A;H,A;B;D;F;H;I;J;K;L;M;Q;R;S;T;V,u6479,摹,U+6479,,,TAKQ,TQ,mou4,"trace, copy, duplicate; pattern",1,2,6,2,0.8,12,cj-420,10,
cj-421,cangjie,6,421,Lesson 421,第421課,Q;J;L;S;R;M;B;I;H;F;V;D;T;A;K,Q;L;R;S;F;I;D;K;T;A;H,A;B;D;F;H;I;J;K;L;M;Q;R;S;T;V,u647a,摺,U+647A,,,QSMA,QA,zip3,"fold, bend; twisted, curved",1,2,6,2,0.8,12,cj-420,10,
cj-421,cangjie,6,421,Lesson 421,第421課,Q;J;L;S;R;M;B;I;H;F;V;D;T;A;K,Q;L;R;S;F;I;D;K;T;A;H,A;B;D;F;H;I;J;K;L;M;Q;R;S;T;V,u647b,摻,U+647B,,,QIIH,QH,caam1,"a delicate hand; mix, blend, adulterate",1,2,6,2,0.8,12,cj-420,10,
cj-422,cangjie,6,422,Lesson 422,第422課,Q;S;E;G;M;W;F;H;R;J;B;O;V;T;K;Y,Q;G;F;R;J;V;O;K;S;Y,B;E;F;G;H;J;K;M;O;Q;R;S;T;V;W;Y,u647c,摼,U+647C,,,QSEG,QG,hang1,"(Cant.) to knock, hit",1,2,6,2,0.8,12,cj-421,10,
cj-422,cangjie,6,422,Lesson 422,第422課,Q;S;E;G;M;W;F;H;R;J;B;O;V;T;K;Y,Q;G;F;R;J;V;O;K;S;Y,B;E;F;G;H;J;K;M;O;Q;R;S;T;V;W;Y,u647d,摽,U+647D,,,QMWF,QF,biu1,throw out; push out; strike,1,2,6,2,0.8,12,cj-421,10,
cj-422,cangjie,6,422,Lesson 422,第422課,Q;S;E;G;M;W;F;H;R;J;B;O;V;T;K;Y,Q;G;F;R;J;V;O;K;S;Y,B;E;F;G;H;J;K;M;O;Q;R;S;T;V;W;Y,u6482,撂,U+6482,,,QWHR,QR,liu1,"put down, put aside; drop",1,2,6,2,0.8,12,cj-421,10,
cj-422,cangjie,6,422,Lesson 422,第422課,Q;S;E;G;M;W;F;H;R;J;B;O;V;T;K;Y,Q;G;F;R;J;V;O;K;S;Y,B;E;F;G;H;J;K;M;O;Q;R;S;T;V;W;Y,u6483,撃,U+6483,,,JEQ,JQ,gik1,"strike, hit, beat; attack, fight",1,2,6,2,0.8,12,cj-421,10,
cj-422,cangjie,6,422,Lesson 422,第422課,Q;S;E;G;M;W;F;H;R;J;B;O;V;T;K;Y,Q;G;F;R;J;V;O;K;S;Y,B;E;F;G;H;J;K;M;O;Q;R;S;T;V;W;Y,u6484,撄,U+6484,,,QBOV,QV,jing1,"oppose, offend, run counter to",1,2,6,2,0.8,12,cj-421,10,
cj-422,cangjie,6,422,Lesson 422,第422課,Q;S;E;G;M;W;F;H;R;J;B;O;V;T;K;Y,Q;G;F;R;J;V;O;K;S;Y,B;E;F;G;H;J;K;M;O;Q;R;S;T;V;W;Y,u6485,撅,U+6485,,,QMTO,QO,kyut3,"protrude; snap, break; dig",1,2,6,2,0.8,12,cj-421,10,
cj-422,cangjie,6,422,Lesson 422,第422課,Q;S;E;G;M;W;F;H;R;J;B;O;V;T;K;Y,Q;G;F;R;J;V;O;K;S;Y,B;E;F;G;H;J;K;M;O;Q;R;S;T;V;W;Y,u6486,撆,U+6486,,,FKQ,FQ,pit3,"to skim off, cast away",1,2,6,2,0.8,12,cj-421,10,
cj-422,cangjie,6,422,Lesson 422,第422課,Q;S;E;G;M;W;F;H;R;J;B;O;V;T;K;Y,Q;G;F;R;J;V;O;K;S;Y,B;E;F;G;H;J;K;M;O;Q;R;S;T;V;W;Y,u6487,撇,U+6487,,,QFBK,QK,pit3,"discard, abandon, throw away",1,2,6,2,0.8,12,cj-421,10,
cj-422,cangjie,6,422,Lesson 422,第422課,Q;S;E;G;M;W;F;H;R;J;B;O;V;T;K;Y,Q;G;F;R;J;V;O;K;S;Y,B;E;F;G;H;J;K;M;O;Q;R;S;T;V;W;Y,u6488,撈,U+6488,,,QFFS,QS,laau4,"scoop out of water; dredge, fish",1,2,6,2,0.8,12,cj-421,10,
cj-422,cangjie,6,422,Lesson 422,第422課,Q;S;E;G;M;W;F;H;R;J;B;O;V;T;K;Y,Q;G;F;R;J;V;O;K;S;Y,B;E;F;G;H;J;K;M;O;Q;R;S;T;V;W;Y,u6489,撉,U+6489,,,YKQ,YQ,dan3,"to squat, crouch",1,2,6,2,0.8,12,cj-421,10,
cj-423,cangjie,6,423,Lesson 423,第423課,Q;A;N;B;M;U;S;I;F;H;T;K;G;C;L;J;O;R,Q;B;A;I;H;K;U;L;R,A;B;C;F;G;H;I;J;K;L;M;N;O;Q;R;S;T;U,u648a,撊,U+648A,,,QANB,QB,haan6,fierce; wrathful,1,2,6,2,0.8,12,cj-422,10,
cj-423,cangjie,6,423,Lesson 423,第423課,Q;A;N;B;M;U;S;I;F;H;T;K;G;C;L;J;O;R,Q;B;A;I;H;K;U;L;R,A;B;C;F;G;H;I;J;K;L;M;N;O;Q;R;S;T;U,u648d,撍,U+648D,,,QMUA,QA,zaan2,"to hold in the hand, to grasp; to wring; (Cant.) to pull out",1,2,6,2,0.8,12,cj-422,10,
cj-423,cangjie,6,423,Lesson 423,第423課,Q;A;N;B;M;U;S;I;F;H;T;K;G;C;L;J;O;R,Q;B;A;I;H;K;U;L;R,A;B;C;F;G;H;I;J;K;L;M;N;O;Q;R;S;T;U,u648f,撏,U+648F,,,QSMI,QI,cam4,"pull out, pluck; take hold of",1,2,6,2,0.8,12,cj-422,10,
cj-423,cangjie,6,423,Lesson 423,第423課,Q;A;N;B;M;U;S;I;F;H;T;K;G;C;L;J;O;R,Q;B;A;I;H;K;U;L;R,A;B;C;F;G;H;I;J;K;L;M;N;O;Q;R;S;T;U,u6490,撐,U+6490,,,QFBH,QH,caang1,"prop up, support; brace; to push off (with a pole)",1,2,6,2,0.8,12,cj-422,10,
cj-423,cangjie,6,423,Lesson 423,第423課,Q;A;N;B;M;U;S;I;F;H;T;K;G;C;L;J;O;R,Q;B;A;I;H;K;U;L;R,A;B;C;F;G;H;I;J;K;L;M;N;O;Q;R;S;T;U,u6491,撑,U+6491,,,QFBQ,QQ,caang1,"prop up, support; brace",1,2,6,2,0.8,12,cj-422,10,
cj-423,cangjie,6,423,Lesson 423,第423課,Q;A;N;B;M;U;S;I;F;H;T;K;G;C;L;J;O;R,Q;B;A;I;H;K;U;L;R,A;B;C;F;G;H;I;J;K;L;M;N;O;Q;R;S;T;U,u6492,撒,U+6492,,,QTBK,QK,saat3,"release, cast away, let go; disperse; relax",1,2,6,2,0.8,12,cj-422,10,
cj-423,cangjie,6,423,Lesson 423,第423課,Q;A;N;B;M;U;S;I;F;H;T;K;G;C;L;J;O;R,Q;B;A;I;H;K;U;L;R,A;B;C;F;G;H;I;J;K;L;M;N;O;Q;R;S;T;U,u6493,撓,U+6493,,,QGGU,QU,naau5,"scratch; disturb, bother; submit",1,2,6,2,0.8,12,cj-422,10,
cj-423,cangjie,6,423,Lesson 423,第423課,Q;A;N;B;M;U;S;I;F;H;T;K;G;C;L;J;O;R,Q;B;A;I;H;K;U;L;R,A;B;C;F;G;H;I;J;K;L;M;N;O;Q;R;S;T;U,u6495,撕,U+6495,,,QTCL,QL,si1,"rip, tear; buy cloth",1,2,6,2,0.8,12,cj-422,10,
cj-423,cangjie,6,423,Lesson 423,第423課,Q;A;N;B;M;U;S;I;F;H;T;K;G;C;L;J;O;R,Q;B;A;I;H;K;U;L;R,A;B;C;F;G;H;I;J;K;L;M;N;O;Q;R;S;T;U,u6496,撖,U+6496,,,QMJK,QK,hon6,surname,1,2,6,2,0.8,12,cj-422,10,
cj-423,cangjie,6,423,Lesson 423,第423課,Q;A;N;B;M;U;S;I;F;H;T;K;G;C;L;J;O;R,Q;B;A;I;H;K;U;L;R,A;B;C;F;G;H;I;J;K;L;M;N;O;Q;R;S;T;U,u6498,撘,U+6498,,,QHOR,QR,daap3,"(Cant.) to strike, pound",1,2,6,2,0.8,12,cj-422,10,
cj-424,cangjie,6,424,Lesson 424,第424課,Q;T;W;I;B;K;F;H;Y;G;M;J;R;N;O;E;A,Q;I;F;G;B;J;K;E;A,A;B;E;F;G;H;I;J;K;M;N;O;Q;R;T;W;Y,u6499,撙,U+6499,,,QTWI,QI,zyun2,"economize; abide by, comply with",1,2,6,2,0.8,12,cj-423,10,
cj-424,cangjie,6,424,Lesson 424,第424課,Q;T;W;I;B;K;F;H;Y;G;M;J;R;N;O;E;A,Q;I;F;G;B;J;K;E;A,A;B;E;F;G;H;I;J;K;M;N;O;Q;R;T;W;Y,u649a,撚,U+649A,,,QBKF,QF,nan2,"twirl in fingers, tease, toy with",1,2,6,2,0.8,12,cj-423,10,
cj-424,cangjie,6,424,Lesson 424,第424課,Q;T;W;I;B;K;F;H;Y;G;M;J;R;N;O;E;A,Q;I;F;G;B;J;K;E;A,A;B;E;F;G;H;I;J;K;M;N;O;Q;R;T;W;Y,u649d,撝,U+649D,,,QBHF,QF,fai1,"wave, brandish; modest, humble",1,2,6,2,0.8,12,cj-423,10,
cj-424,cangjie,6,424,Lesson 424,第424課,Q;T;W;I;B;K;F;H;Y;G;M;J;R;N;O;E;A,Q;I;F;G;B;J;K;E;A,A;B;E;F;G;H;I;J;K;M;N;O;Q;R;T;W;Y,u649e,撞,U+649E,,,QYTG,QG,zong6,"knock against, bump into, collide",1,2,6,2,0.8,12,cj-423,10,
cj-424,cangjie,6,424,Lesson 424,第424課,Q;T;W;I;B;K;F;H;Y;G;M;J;R;N;O;E;A,Q;I;F;G;B;J;K;E;A,A;B;E;F;G;H;I;J;K;M;N;O;Q;R;T;W;Y,u649f,撟,U+649F,,,QHKB,QB,giu2,correct; to bend or twist; to feign; to raise (the hand),1,2,6,2,0.8,12,cj-423,10,
cj-424,cangjie,6,424,Lesson 424,第424課,Q;T;W;I;B;K;F;H;Y;G;M;J;R;N;O;E;A,Q;I;F;G;B;J;K;E;A,A;B;E;F;G;H;I;J;K;M;N;O;Q;R;T;W;Y,u64a2,撢,U+64A2,,,QMWJ,QJ,taam3,to dust; a duster,1,2,6,2,0.8,12,cj-423,10,
cj-424,cangjie,6,424,Lesson 424,第424課,Q;T;W;I;B;K;F;H;Y;G;M;J;R;N;O;E;A,Q;I;F;G;B;J;K;E;A,A;B;E;F;G;H;I;J;K;M;N;O;Q;R;T;W;Y,u64a3,撣,U+64A3,,,QRRJ,QJ,daan2,to dust; a duster,1,2,6,2,0.8,12,cj-423,10,
cj-424,cangjie,6,424,Lesson 424,第424課,Q;T;W;I;B;K;F;H;Y;G;M;J;R;N;O;E;A,Q;I;F;G;B;J;K;E;A,A;B;E;F;G;H;I;J;K;M;N;O;Q;R;T;W;Y,u64a4,撤,U+64A4,,,QYBK,QK,cit3,omit; remove; withdraw,1,2,6,2,0.8,12,cj-423,10,
cj-424,cangjie,6,424,Lesson 424,第424課,Q;T;W;I;B;K;F;H;Y;G;M;J;R;N;O;E;A,Q;I;F;G;B;J;K;E;A,A;B;E;F;G;H;I;J;K;M;N;O;Q;R;T;W;Y,u64a5,撥,U+64A5,,,QNOE,QE,but6,"move; dispel; distribute; plectrum, play stringed instrument",1,2,6,2,0.8,12,cj-423,10,
cj-424,cangjie,6,424,Lesson 424,第424課,Q;T;W;I;B;K;F;H;Y;G;M;J;R;N;O;E;A,Q;I;F;G;B;J;K;E;A,A;B;E;F;G;H;I;J;K;M;N;O;Q;R;T;W;Y,u64a6,撦,U+64A6,,,QKJA,QA,ce2,"rip up, tear down; raise; haul",1,2,6,2,0.8,12,cj-423,10,
cj-425,cangjie,6,425,Lesson 425,第425課,Q;K;C;F;O;T;H;U;D;W;A;S;E;R;N;L;B;Y,Q;F;U;W;E;C;B;O;K,A;B;C;D;E;F;H;K;L;N;O;Q;R;S;T;U;W;Y,u64a9,撩,U+64A9,,,QKCF,QF,liu4,"lift up, raise; leave, depart",1,2,6,2,0.8,12,cj-424,10,
cj-425,cangjie,6,425,Lesson 425,第425課,Q;K;C;F;O;T;H;U;D;W;A;S;E;R;N;L;B;Y,Q;F;U;W;E;C;B;O;K,A;B;C;D;E;F;H;K;L;N;O;Q;R;S;T;U;W;Y,u64ab,撫,U+64AB,,,QOTF,QF,fu2,"pat, console, comfort; pacify",1,2,6,2,0.8,12,cj-424,10,
cj-425,cangjie,6,425,Lesson 425,第425課,Q;K;C;F;O;T;H;U;D;W;A;S;E;R;N;L;B;Y,Q;F;U;W;E;C;B;O;K,A;B;C;D;E;F;H;K;L;N;O;Q;R;S;T;U;W;Y,u64ac,撬,U+64AC,,,QHUU,QU,giu6,"lift, raise; pry open",1,2,6,2,0.8,12,cj-424,10,
cj-425,cangjie,6,425,Lesson 425,第425課,Q;K;C;F;O;T;H;U;D;W;A;S;E;R;N;L;B;Y,Q;F;U;W;E;C;B;O;K,A;B;C;D;E;F;H;K;L;N;O;Q;R;S;T;U;W;Y,u64ad,播,U+64AD,,,QHDW,QW,bo3,"sow, spread; broadcast; cast away, reject",1,2,6,2,0.8,12,cj-424,10,
cj-425,cangjie,6,425,Lesson 425,第425課,Q;K;C;F;O;T;H;U;D;W;A;S;E;R;N;L;B;Y,Q;F;U;W;E;C;B;O;K,A;B;C;D;E;F;H;K;L;N;O;Q;R;S;T;U;W;Y,u64ae,撮,U+64AE,,,QASE,QE,cyut3,"little bit, small amount, pinch",1,2,6,2,0.8,12,cj-424,10,
cj-425,cangjie,6,425,Lesson 425,第425課,Q;K;C;F;O;T;H;U;D;W;A;S;E;R;N;L;B;Y,Q;F;U;W;E;C;B;O;K,A;B;C;D;E;F;H;K;L;N;O;Q;R;S;T;U;W;Y,u64b0,撰,U+64B0,,,QRUC,QC,zaan6,"compose, write, compile",1,2,6,2,0.8,12,cj-424,10,
cj-425,cangjie,6,425,Lesson 425,第425課,Q;K;C;F;O;T;H;U;D;W;A;S;E;R;N;L;B;Y,Q;F;U;W;E;C;B;O;K,A;B;C;D;E;F;H;K;L;N;O;Q;R;S;T;U;W;Y,u64b1,撱,U+64B1,,,QNLB,QB,wai5,"to shorten, to clip; to throw away",1,2,6,2,0.8,12,cj-424,10,
cj-425,cangjie,6,425,Lesson 425,第425課,Q;K;C;F;O;T;H;U;D;W;A;S;E;R;N;L;B;Y,Q;F;U;W;E;C;B;O;K,A;B;C;D;E;F;H;K;L;N;O;Q;R;S;T;U;W;Y,u64b2,撲,U+64B2,,,QTCO,QO,pok3,"pound, beat, strike; attack",1,2,6,2,0.8,12,cj-424,10,
cj-425,cangjie,6,425,Lesson 425,第425課,Q;K;C;F;O;T;H;U;D;W;A;S;E;R;N;L;B;Y,Q;F;U;W;E;C;B;O;K,A;B;C;D;E;F;H;K;L;N;O;Q;R;S;T;U;W;Y,u64b3,撳,U+64B3,,,QCNO,QO,gam6,press; push,1,2,6,2,0.8,12,cj-424,10,
cj-425,cangjie,6,425,Lesson 425,第425課,Q;K;C;F;O;T;H;U;D;W;A;S;E;R;N;L;B;Y,Q;F;U;W;E;C;B;O;K,A;B;C;D;E;F;H;K;L;N;O;Q;R;S;T;U;W;Y,u64b4,撴,U+64B4,,,QYDK,QK,deon1,to jolt; to thump,1,2,6,2,0.8,12,cj-424,10,
cj-426,cangjie,6,426,Lesson 426,第426課,Q;O;G;R;F;B;U;J;C;L;Y;I;P;H;S;K;M,Q;O;U;L;P;K;B;J,B;C;F;G;H;I;J;K;L;M;O;P;Q;R;S;U;Y,u64b5,撵,U+64B5,,,QQOQ,QQ,lin5,"drive away, expel, oust",1,2,6,2,0.8,12,cj-425,10,
cj-426,cangjie,6,426,Lesson 426,第426課,Q;O;G;R;F;B;U;J;C;L;Y;I;P;H;S;K;M,Q;O;U;L;P;K;B;J,B;C;F;G;H;I;J;K;L;M;O;P;Q;R;S;U;Y,u64b7,撷,U+64B7,,,QGRO,QO,kit3,"pick up, gather up; hold in lap",1,2,6,2,0.8,12,cj-425,10,
cj-426,cangjie,6,426,Lesson 426,第426課,Q;O;G;R;F;B;U;J;C;L;Y;I;P;H;S;K;M,Q;O;U;L;P;K;B;J,B;C;F;G;H;I;J;K;L;M;O;P;Q;R;S;U;Y,u64b9,撹,U+64B9,,,QFBU,QU,gaau2,"disturb, agitate, stir up",1,2,6,2,0.8,12,cj-425,10,
cj-426,cangjie,6,426,Lesson 426,第426課,Q;O;G;R;F;B;U;J;C;L;Y;I;P;H;S;K;M,Q;O;U;L;P;K;B;J,B;C;F;G;H;I;J;K;L;M;O;P;Q;R;S;U;Y,u64ba,撺,U+64BA,,,QJCL,QL,cyun3,hurry; to throw; to urge,1,2,6,2,0.8,12,cj-425,10,
cj-426,cangjie,6,426,Lesson 426,第426課,Q;O;G;R;F;B;U;J;C;L;Y;I;P;H;S;K;M,Q;O;U;L;P;K;B;J,B;C;F;G;H;I;J;K;L;M;O;P;Q;R;S;U;Y,u64bb,撻,U+64BB,,,QYGQ,QQ,taat3,"flog, whip; chastise; (Cant.) classifier for places; a tart (from the English 'tart')",1,2,6,2,0.8,12,cj-425,10,
cj-426,cangjie,6,426,Lesson 426,第426課,Q;O;G;R;F;B;U;J;C;L;Y;I;P;H;S;K;M,Q;O;U;L;P;K;B;J,B;C;F;G;H;I;J;K;L;M;O;P;Q;R;S;U;Y,u64bc,撼,U+64BC,,,QIRP,QP,ham6,"move, shake; (Cant.) to fight",1,2,6,2,0.8,12,cj-425,10,
cj-426,cangjie,6,426,Lesson 426,第426課,Q;O;G;R;F;B;U;J;C;L;Y;I;P;H;S;K;M,Q;O;U;L;P;K;B;J,B;C;F;G;H;I;J;K;L;M;O;P;Q;R;S;U;Y,u64bd,撽,U+64BD,,,QHSK,QK,gik1,"to strike, attack",1,2,6,2,0.8,12,cj-425,10,
cj-426,cangjie,6,426,Lesson 426,第426課,Q;O;G;R;F;B;U;J;C;L;Y;I;P;H;S;K;M,Q;O;U;L;P;K;B;J,B;C;F;G;H;I;J;K;L;M;O;P;Q;R;S;U;Y,u64be,撾,U+64BE,,,QYBB,QB,zaa1,to beat; to strike,1,2,6,2,0.8,12,cj-425,10,
cj-426,cangjie,6,426,Lesson 426,第426課,Q;O;G;R;F;B;U;J;C;L;Y;I;P;H;S;K;M,Q;O;U;L;P;K;B;J,B;C;F;G;H;I;J;K;L;M;O;P;Q;R;S;U;Y,u64bf,撿,U+64BF,,,QOMO,QO,gim2,to pick up,1,2,6,2,0.8,12,cj-425,10,
cj-426,cangjie,6,426,Lesson 426,第426課,Q;O;G;R;F;B;U;J;C;L;Y;I;P;H;S;K;M,Q;O;U;L;P;K;B;J,B;C;F;G;H;I;J;K;L;M;O;P;Q;R;S;U;Y,u64c0,擀,U+64C0,,,QJJJ,QJ,gon2,roll flat,1,2,6,2,0.8,12,cj-425,10,
cj-427,cangjie,6,427,Lesson 427,第427課,Q;Y;V;G;M;B;W;T;P;S;L;J;I;E;F;R;D,Q;G;W;V;S;M;J;I;D,B;D;E;F;G;I;J;L;M;P;Q;R;S;T;V;W;Y,u64c1,擁,U+64C1,,,QYVG,QG,jung2,"embrace, hug, squeeze; crowd",1,2,6,2,0.8,12,cj-426,10,
cj-427,cangjie,6,427,Lesson 427,第427課,Q;Y;V;G;M;B;W;T;P;S;L;J;I;E;F;R;D,Q;G;W;V;S;M;J;I;D,B;D;E;F;G;I;J;L;M;P;Q;R;S;T;V;W;Y,u64c2,擂,U+64C2,,,QMBW,QW,leoi4,"rub, grind; grind with a mortar and pestle; triturate",1,2,6,2,0.8,12,cj-426,10,
cj-427,cangjie,6,427,Lesson 427,第427課,Q;Y;V;G;M;B;W;T;P;S;L;J;I;E;F;R;D,Q;G;W;V;S;M;J;I;D,B;D;E;F;G;I;J;L;M;P;Q;R;S;T;V;W;Y,u64c3,擃,U+64C3,,,QTWV,QV,nong5,"to ward off; to stab, prick",1,2,6,2,0.8,12,cj-426,10,
cj-427,cangjie,6,427,Lesson 427,第427課,Q;Y;V;G;M;B;W;T;P;S;L;J;I;E;F;R;D,Q;G;W;V;S;M;J;I;D,B;D;E;F;G;I;J;L;M;P;Q;R;S;T;V;W;Y,u64c4,擄,U+64C4,,,QYPS,QS,lou5,"capture, seize",1,2,6,2,0.8,12,cj-426,10,
cj-427,cangjie,6,427,Lesson 427,第427課,Q;Y;V;G;M;B;W;T;P;S;L;J;I;E;F;R;D,Q;G;W;V;S;M;J;I;D,B;D;E;F;G;I;J;L;M;P;Q;R;S;T;V;W;Y,u64c5,擅,U+64C5,,,QYWM,QM,sin6,monopolize; claim; arbitrarily; to dare,1,2,6,2,0.8,12,cj-426,10,
cj-427,cangjie,6,427,Lesson 427,第427課,Q;Y;V;G;M;B;W;T;P;S;L;J;I;E;F;R;D,Q;G;W;V;S;M;J;I;D,B;D;E;F;G;I;J;L;M;P;Q;R;S;T;V;W;Y,u64c7,擇,U+64C7,,,QWLJ,QJ,zaak6,"select, choose, pick out",1,2,6,2,0.8,12,cj-426,10,
cj-427,cangjie,6,427,Lesson 427,第427課,Q;Y;V;G;M;B;W;T;P;S;L;J;I;E;F;R;D,Q;G;W;V;S;M;J;I;D,B;D;E;F;G;I;J;L;M;P;Q;R;S;T;V;W;Y,u64c9,擉,U+64C9,,,QWLI,QI,cok3,to pierce; to break through,1,2,6,2,0.8,12,cj-426,10,
cj-427,cangjie,6,427,Lesson 427,第427課,Q;Y;V;G;M;B;W;T;P;S;L;J;I;E;F;R;D,Q;G;W;V;S;M;J;I;D,B;D;E;F;G;I;J;L;M;P;Q;R;S;T;V;W;Y,u64ca,擊,U+64CA,,,JEQ,JQ,gik1,"strike, hit, beat; attack, fight",1,2,6,2,0.8,12,cj-426,10,
cj-427,cangjie,6,427,Lesson 427,第427課,Q;Y;V;G;M;B;W;T;P;S;L;J;I;E;F;R;D,Q;G;W;V;S;M;J;I;D,B;D;E;F;G;I;J;L;M;P;Q;R;S;T;V;W;Y,u64cb,擋,U+64CB,,,QFBW,QW,dong2,to obstruct; shut out; shelter from; keep off; stop; resist,1,2,6,2,0.8,12,cj-426,10,
cj-427,cangjie,6,427,Lesson 427,第427課,Q;Y;V;G;M;B;W;T;P;S;L;J;I;E;F;R;D,Q;G;W;V;S;M;J;I;D,B;D;E;F;G;I;J;L;M;P;Q;R;S;T;V;W;Y,u64cd,操,U+64CD,,,QRRD,QD,cou1,"conduct, run, control, manage",1,2,6,2,0.8,12,cj-426,10,
cj-428,cangjie,6,428,Lesson 428,第428課,T;K;Q;R;W;L;V;O;Y;B;S;E;G;N;C;A;J,T;Q;K;V;B;G;R;S;J,A;B;C;E;G;J;K;L;N;O;Q;R;S;T;V;W;Y,u64ce,擎,U+64CE,,,TKQ,TQ,king4,"lift up, hold up, support",1,2,6,2,0.8,12,cj-427,10,
cj-428,cangjie,6,428,Lesson 428,第428課,T;K;Q;R;W;L;V;O;Y;B;S;E;G;N;C;A;J,T;Q;K;V;B;G;R;S;J,A;B;C;E;G;J;K;L;N;O;Q;R;S;T;V;W;Y,u64cf,擏,U+64CF,,,QTRK,QK,king4,"(Cant.) to guard against, take precautions",1,2,6,2,0.8,12,cj-427,10,
cj-428,cangjie,6,428,Lesson 428,第428課,T;K;Q;R;W;L;V;O;Y;B;S;E;G;N;C;A;J,T;Q;K;V;B;G;R;S;J,A;B;C;E;G;J;K;L;N;O;Q;R;S;T;V;W;Y,u64d0,擐,U+64D0,,,QWLV,QV,gwaan3,to put on,1,2,6,2,0.8,12,cj-427,10,
cj-428,cangjie,6,428,Lesson 428,第428課,T;K;Q;R;W;L;V;O;Y;B;S;E;G;N;C;A;J,T;Q;K;V;B;G;R;S;J,A;B;C;E;G;J;K;L;N;O;Q;R;S;T;V;W;Y,u64d2,擒,U+64D2,,,QOYB,QB,kam4,"catch, capture, seize, arrest",1,2,6,2,0.8,12,cj-427,10,
cj-428,cangjie,6,428,Lesson 428,第428課,T;K;Q;R;W;L;V;O;Y;B;S;E;G;N;C;A;J,T;Q;K;V;B;G;R;S;J,A;B;C;E;G;J;K;L;N;O;Q;R;S;T;V;W;Y,u64d3,擓,U+64D3,,,QSEG,QG,kwaai5,"to rub, to scratch",1,2,6,2,0.8,12,cj-427,10,
cj-428,cangjie,6,428,Lesson 428,第428課,T;K;Q;R;W;L;V;O;Y;B;S;E;G;N;C;A;J,T;Q;K;V;B;G;R;S;J,A;B;C;E;G;J;K;L;N;O;Q;R;S;T;V;W;Y,u64d4,擔,U+64D4,,,QNCR,QR,daam1,"carry, bear, undertake",1,2,6,2,0.8,12,cj-427,10,
cj-428,cangjie,6,428,Lesson 428,第428課,T;K;Q;R;W;L;V;O;Y;B;S;E;G;N;C;A;J,T;Q;K;V;B;G;R;S;J,A;B;C;E;G;J;K;L;N;O;Q;R;S;T;V;W;Y,u64d5,擕,U+64D5,,,QOGS,QS,kwai4,"to lead by the hand; take, carry",1,2,6,2,0.8,12,cj-427,10,
cj-428,cangjie,6,428,Lesson 428,第428課,T;K;Q;R;W;L;V;O;Y;B;S;E;G;N;C;A;J,T;Q;K;V;B;G;R;S;J,A;B;C;E;G;J;K;L;N;O;Q;R;S;T;V;W;Y,u64d6,擖,U+64D6,,,QTAV,QV,kaa1,scrape,1,2,6,2,0.8,12,cj-427,10,
cj-428,cangjie,6,428,Lesson 428,第428課,T;K;Q;R;W;L;V;O;Y;B;S;E;G;N;C;A;J,T;Q;K;V;B;G;R;S;J,A;B;C;E;G;J;K;L;N;O;Q;R;S;T;V;W;Y,u64d7,擗,U+64D7,,,QSRJ,QJ,pik1,to beat the breast,1,2,6,2,0.8,12,cj-427,10,
cj-428,cangjie,6,428,Lesson 428,第428課,T;K;Q;R;W;L;V;O;Y;B;S;E;G;N;C;A;J,T;Q;K;V;B;G;R;S;J,A;B;C;E;G;J;K;L;N;O;Q;R;S;T;V;W;Y,u64d8,擘,U+64D8,,,SJQ,SQ,maak3,"thumb; break, tear open, rip",1,2,6,2,0.8,12,cj-427,10,
cj-429,cangjie,6,429,Lesson 429,第429課,Q;H;B;K;Y;P;O;J;A;T;F;V;X;G;R;S;M;N;I;U;L,Q;K;O;T;X;G;I;L,A;B;F;G;H;I;J;K;L;M;N;O;P;Q;R;S;T;U;V;X;Y,u64d9,擙,U+64D9,,,QHBK,QK,ngou1,to reach,1,2,6,2,0.8,12,cj-428,10,
cj-429,cangjie,6,429,Lesson 429,第429課,Q;H;B;K;Y;P;O;J;A;T;F;V;X;G;R;S;M;N;I;U;L,Q;K;O;T;X;G;I;L,A;B;F;G;H;I;J;K;L;M;N;O;P;Q;R;S;T;U;V;X;Y,u64da,據,U+64DA,,,QYPO,QO,geoi3,"to occupy, take possession of; a base",1,2,6,2,0.8,12,cj-428,10,
cj-429,cangjie,6,429,Lesson 429,第429課,Q;H;B;K;Y;P;O;J;A;T;F;V;X;G;R;S;M;N;I;U;L,Q;K;O;T;X;G;I;L,A;B;F;G;H;I;J;K;L;M;N;O;P;Q;R;S;T;U;V;X;Y,u64dc,擜,U+64DC,,,QJBK,QK,ngaat6,to beat; to strike; to attack,1,2,6,2,0.8,12,cj-428,10,
cj-429,cangjie,6,429,Lesson 429,第429課,Q;H;B;K;Y;P;O;J;A;T;F;V;X;G;R;S;M;N;I;U;L,Q;K;O;T;X;G;I;L,A;B;F;G;H;I;J;K;L;M;N;O;P;Q;R;S;T;U;V;X;Y,u64dd,擝,U+64DD,,,QABT,QT,mang1,(Cant.) to pull; to stretch; to pluck,1,2,6,2,0.8,12,cj-428,10,
cj-429,cangjie,6,429,Lesson 429,第429課,Q;H;B;K;Y;P;O;J;A;T;F;V;X;G;R;S;M;N;I;U;L,Q;K;O;T;X;G;I;L,A;B;F;G;H;I;J;K;L;M;N;O;P;Q;R;S;T;U;V;X;Y,u64de,擞,U+64DE,,,QFVK,QK,sau2,"shake, tremble, quake; flutter",1,2,6,2,0.8,12,cj-428,10,
cj-429,cangjie,6,429,Lesson 429,第429課,Q;H;B;K;Y;P;O;J;A;T;F;V;X;G;R;S;M;N;I;U;L,Q;K;O;T;X;G;I;L,A;B;F;G;H;I;J;K;L;M;N;O;P;Q;R;S;T;U;V;X;Y,u64e0,擠,U+64E0,,,QYX,QX,zai1,"crowd, squeeze, push against",1,2,6,2,0.8,12,cj-428,10,
cj-429,cangjie,6,429,Lesson 429,第429課,Q;H;B;K;Y;P;O;J;A;T;F;V;X;G;R;S;M;N;I;U;L,Q;K;O;T;X;G;I;L,A;B;F;G;H;I;J;K;L;M;N;O;P;Q;R;S;T;U;V;X;Y,u64e1,擡,U+64E1,,,QGRG,QG,toi4,"carry, raise, lift",1,2,6,2,0.8,12,cj-428,10,
cj-429,cangjie,6,429,Lesson 429,第429課,Q;H;B;K;Y;P;O;J;A;T;F;V;X;G;R;S;M;N;I;U;L,Q;K;O;T;X;G;I;L,A;B;F;G;H;I;J;K;L;M;N;O;P;Q;R;S;T;U;V;X;Y,u64e2,擢,U+64E2,,,QSMG,QG,zok6,"pull up, draw up; select",1,2,6,2,0.8,12,cj-428,10,
cj-429,cangjie,6,429,Lesson 429,第429課,Q;H;B;K;Y;P;O;J;A;T;F;V;X;G;R;S;M;N;I;U;L,Q;K;O;T;X;G;I;L,A;B;F;G;H;I;J;K;L;M;N;O;P;Q;R;S;T;U;V;X;Y,u64e3,擣,U+64E3,,,QGNI,QI,dou2,"hull; thresh; beat, attack",1,2,6,2,0.8,12,cj-428,10,
cj-429,cangjie,6,429,Lesson 429,第429課,Q;H;B;K;Y;P;O;J;A;T;F;V;X;G;R;S;M;N;I;U;L,Q;K;O;T;X;G;I;L,A;B;F;G;H;I;J;K;L;M;N;O;P;Q;R;S;T;U;V;X;Y,u64e4,擤,U+64E4,,,QHUL,QL,sang3,to blow the nose with fingers,1,2,6,2,0.8,12,cj-428,10,
cj-430,cangjie,6,430,Lesson 430,第430課,S;W;Q;J;B;F;H;C;M;K;A;P;O;T;E;N,S;Q;F;H;B;M;K;O;E;C;N,A;B;C;E;F;H;J;K;M;N;O;P;Q;S;T;W,u64e5,擥,U+64E5,,,SWQ,SQ,laam5,"drive away, expel, oust",1,2,6,2,0.8,12,cj-429,10,
cj-430,cangjie,6,430,Lesson 430,第430課,S;W;Q;J;B;F;H;C;M;K;A;P;O;T;E;N,S;Q;F;H;B;M;K;O;E;C;N,A;B;C;E;F;H;J;K;M;N;O;P;Q;S;T;W,u64e6,擦,U+64E6,,,QJBF,QF,caat3,"wipe, scrub, rub, scour; brush",1,2,6,2,0.8,12,cj-429,10,
cj-430,cangjie,6,430,Lesson 430,第430課,S;W;Q;J;B;F;H;C;M;K;A;P;O;T;E;N,S;Q;F;H;B;M;K;O;E;C;N,A;B;C;E;F;H;J;K;M;N;O;P;Q;S;T;W,u64e7,擧,U+64E7,,,HCQ,HQ,geoi2,"raise, lift up; recommend",1,2,6,2,0.8,12,cj-429,10,
cj-430,cangjie,6,430,Lesson 430,第430課,S;W;Q;J;B;F;H;C;M;K;A;P;O;T;E;N,S;Q;F;H;B;M;K;O;E;C;N,A;B;C;E;F;H;J;K;M;N;O;P;Q;S;T;W,u64e9,擩,U+64E9,,,QMBB,QB,jyu5,"to stain, to dye",1,2,6,2,0.8,12,cj-429,10,
cj-430,cangjie,6,430,Lesson 430,第430課,S;W;Q;J;B;F;H;C;M;K;A;P;O;T;E;N,S;Q;F;H;B;M;K;O;E;C;N,A;B;C;E;F;H;J;K;M;N;O;P;Q;S;T;W,u64ea,擪,U+64EA,,,MKQ,MQ,jip3,"to tuck in, to put the finger into, to put in, to stow away",1,2,6,2,0.8,12,cj-429,10,
cj-430,cangjie,6,430,Lesson 430,第430課,S;W;Q;J;B;F;H;C;M;K;A;P;O;T;E;N,S;Q;F;H;B;M;K;O;E;C;N,A;B;C;E;F;H;J;K;M;N;O;P;Q;S;T;W,u64eb,擫,U+64EB,,,QMAK,QK,jip3,tuck; hold,1,2,6,2,0.8,12,cj-429,10,
cj-430,cangjie,6,430,Lesson 430,第430課,S;W;Q;J;B;F;H;C;M;K;A;P;O;T;E;N,S;Q;F;H;B;M;K;O;E;C;N,A;B;C;E;F;H;J;K;M;N;O;P;Q;S;T;W,u64ec,擬,U+64EC,,,QPKO,QO,ji5,"draft; intend, plan, propose",1,2,6,2,0.8,12,cj-429,10,
cj-430,cangjie,6,430,Lesson 430,第430課,S;W;Q;J;B;F;H;C;M;K;A;P;O;T;E;N,S;Q;F;H;B;M;K;O;E;C;N,A;B;C;E;F;H;J;K;M;N;O;P;Q;S;T;W,u64ed,擭,U+64ED,,,QTOE,QE,wok6,"trap catch animals, snare; seize",1,2,6,2,0.8,12,cj-429,10,
cj-430,cangjie,6,430,Lesson 430,第430課,S;W;Q;J;B;F;H;C;M;K;A;P;O;T;E;N,S;Q;F;H;B;M;K;O;E;C;N,A;B;C;E;F;H;J;K;M;N;O;P;Q;S;T;W,u64ef,擯,U+64EF,,,QJMC,QC,ban3,"exclude, expel, reject; usher",1,2,6,2,0.8,12,cj-429,10,
cj-430,cangjie,6,430,Lesson 430,第430課,S;W;Q;J;B;F;H;C;M;K;A;P;O;T;E;N,S;Q;F;H;B;M;K;O;E;C;N,A;B;C;E;F;H;J;K;M;N;O;P;Q;S;T;W,u64f0,擰,U+64F0,,,QJPN,QN,ning6,"pinch; twist, wring; determined",1,2,6,2,0.8,12,cj-429,10,
cj-431,cangjie,6,431,Lesson 431,第431課,Q;A;N;R;T;K;L;H;I;C;D;G;V;W;P,Q;R;L;C;V;P;K;D,A;C;D;G;H;I;K;L;N;P;Q;R;T;V;W,u64f1,擱,U+64F1,,,QANR,QR,gok3,"place, put, lay down; delay",1,2,6,2,0.8,12,cj-430,10,
cj-431,cangjie,6,431,Lesson 431,第431課,Q;A;N;R;T;K;L;H;I;C;D;G;V;W;P,Q;R;L;C;V;P;K;D,A;C;D;G;H;I;K;L;N;P;Q;R;T;V;W,u64f2,擲,U+64F2,,,QTKL,QL,zaak6,"throw (down), hurl, cast, fling",1,2,6,2,0.8,12,cj-430,10,
cj-431,cangjie,6,431,Lesson 431,第431課,Q;A;N;R;T;K;L;H;I;C;D;G;V;W;P,Q;R;L;C;V;P;K;D,A;C;D;G;H;I;K;L;N;P;Q;R;T;V;W,u64f3,擳,U+64F3,,,QHAL,QL,zit1,(Cant.) to squeeze out; tickle,1,2,6,2,0.8,12,cj-430,10,
cj-431,cangjie,6,431,Lesson 431,第431課,Q;A;N;R;T;K;L;H;I;C;D;G;V;W;P,Q;R;L;C;V;P;K;D,A;C;D;G;H;I;K;L;N;P;Q;R;T;V;W,u64f4,擴,U+64F4,,,QITC,QC,kwok3,"expand, enlarge, stretch",1,2,6,2,0.8,12,cj-430,10,
cj-431,cangjie,6,431,Lesson 431,第431課,Q;A;N;R;T;K;L;H;I;C;D;G;V;W;P,Q;R;L;C;V;P;K;D,A;C;D;G;H;I;K;L;N;P;Q;R;T;V;W,u64f5,擵,U+64F5,,,QIDQ,QQ,mo1,"to touch, feel with the hand",1,2,6,2,0.8,12,cj-430,10,
cj-431,cangjie,6,431,Lesson 431,第431課,Q;A;N;R;T;K;L;H;I;C;D;G;V;W;P,Q;R;L;C;V;P;K;D,A;C;D;G;H;I;K;L;N;P;Q;R;T;V;W,u64f7,擷,U+64F7,,,QGRC,QC,kit3,"pick up, gather up; hold in lap",1,2,6,2,0.8,12,cj-430,10,
cj-431,cangjie,6,431,Lesson 431,第431課,Q;A;N;R;T;K;L;H;I;C;D;G;V;W;P,Q;R;L;C;V;P;K;D,A;C;D;G;H;I;K;L;N;P;Q;R;T;V;W,u64f8,擸,U+64F8,,,QVVV,QV,laap3,"to hold, to grasp; to hold the hair; to pull at; (Cant.) to glance",1,2,6,2,0.8,12,cj-430,10,
cj-431,cangjie,6,431,Lesson 431,第431課,Q;A;N;R;T;K;L;H;I;C;D;G;V;W;P,Q;R;L;C;V;P;K;D,A;C;D;G;H;I;K;L;N;P;Q;R;T;V;W,u64fa,擺,U+64FA,,,QWLP,QP,baai2,"put, place; display; swing, sway",1,2,6,2,0.8,12,cj-430,10,
cj-431,cangjie,6,431,Lesson 431,第431課,Q;A;N;R;T;K;L;H;I;C;D;G;V;W;P,Q;R;L;C;V;P;K;D,A;C;D;G;H;I;K;L;N;P;Q;R;T;V;W,u64fb,擻,U+64FB,,,QLVK,QK,sau2,"shake, tremble, quake; flutter",1,2,6,2,0.8,12,cj-430,10,
cj-431,cangjie,6,431,Lesson 431,第431課,Q;A;N;R;T;K;L;H;I;C;D;G;V;W;P,Q;R;L;C;V;P;K;D,A;C;D;G;H;I;K;L;N;P;Q;R;T;V;W,u64fd,擽,U+64FD,,,QVID,QD,lik6,"tickle; ticklish, funny",1,2,6,2,0.8,12,cj-430,10,
cj-432,cangjie,6,432,Lesson 432,第432課,Q;M;B;E;Y;D;K;W;T;F;P;O;C;J;G;L,Q;E;B;D;W;F;P;C;J;G,B;C;D;E;F;G;J;K;L;M;O;P;Q;T;W;Y,u64fe,擾,U+64FE,,,QMBE,QE,jiu2,"disturb, annoy, agitate",1,2,6,2,0.8,12,cj-431,10,
cj-432,cangjie,6,432,Lesson 432,第432課,Q;M;B;E;Y;D;K;W;T;F;P;O;C;J;G;L,Q;E;B;D;W;F;P;C;J;G,B;C;D;E;F;G;J;K;L;M;O;P;Q;T;W;Y,u64ff,擿,U+64FF,,,QYYB,QB,tik1,"to select, to pick out from, to discard",1,2,6,2,0.8,12,cj-431,10,
cj-432,cangjie,6,432,Lesson 432,第432課,Q;M;B;E;Y;D;K;W;T;F;P;O;C;J;G;L,Q;E;B;D;W;F;P;C;J;G,B;C;D;E;F;G;J;K;L;M;O;P;Q;T;W;Y,u6500,攀,U+6500,,,DDKQ,DQ,paan1,climb; pull; hang on to,1,2,6,2,0.8,12,cj-431,10,
cj-432,cangjie,6,432,Lesson 432,第432課,Q;M;B;E;Y;D;K;W;T;F;P;O;C;J;G;L,Q;E;B;D;W;F;P;C;J;G,B;C;D;E;F;G;J;K;L;M;O;P;Q;T;W;Y,u6502,攂,U+6502,,,QWWW,QW,leoi4,to beat a drum,1,2,6,2,0.8,12,cj-431,10,
cj-432,cangjie,6,432,Lesson 432,第432課,Q;M;B;E;Y;D;K;W;T;F;P;O;C;J;G;L,Q;E;B;D;W;F;P;C;J;G,B;C;D;E;F;G;J;K;L;M;O;P;Q;T;W;Y,u6503,攃,U+6503,,,QTBF,QF,caat3,preceding,1,2,6,2,0.8,12,cj-431,10,
cj-432,cangjie,6,432,Lesson 432,第432課,Q;M;B;E;Y;D;K;W;T;F;P;O;C;J;G;L,Q;E;B;D;W;F;P;C;J;G,B;C;D;E;F;G;J;K;L;M;O;P;Q;T;W;Y,u6504,攄,U+6504,,,QYPP,QP,syu1,"spread, disperse; vent, set forth",1,2,6,2,0.8,12,cj-431,10,
cj-432,cangjie,6,432,Lesson 432,第432課,Q;M;B;E;Y;D;K;W;T;F;P;O;C;J;G;L,Q;E;B;D;W;F;P;C;J;G,B;C;D;E;F;G;J;K;L;M;O;P;Q;T;W;Y,u6505,攅,U+6505,,,QQOC,QC,cyun4,"save, hoard",1,2,6,2,0.8,12,cj-431,10,
cj-432,cangjie,6,432,Lesson 432,第432課,Q;M;B;E;Y;D;K;W;T;F;P;O;C;J;G;L,Q;E;B;D;W;F;P;C;J;G,B;C;D;E;F;G;J;K;L;M;O;P;Q;T;W;Y,u6506,攆,U+6506,,,QQOJ,QJ,lin5,"drive away, expel, oust",1,2,6,2,0.8,12,cj-431,10,
cj-432,cangjie,6,432,Lesson 432,第432課,Q;M;B;E;Y;D;K;W;T;F;P;O;C;J;G;L,Q;E;B;D;W;F;P;C;J;G,B;C;D;E;F;G;J;K;L;M;O;P;Q;T;W;Y,u6509,攉,U+6509,,,QMBG,QG,fok3,to beckon; to urge,1,2,6,2,0.8,12,cj-431,10,
cj-432,cangjie,6,432,Lesson 432,第432課,Q;M;B;E;Y;D;K;W;T;F;P;O;C;J;G;L,Q;E;B;D;W;F;P;C;J;G,B;C;D;E;F;G;J;K;L;M;O;P;Q;T;W;Y,u650b,攋,U+650B,,,QDLC,QC,laai6,"to clutch; to grab at; to rub or scrape; to tear; (Cant.) to leave behind, omit",1,2,6,2,0.8,12,cj-431,10,
cj-433,cangjie,6,433,Lesson 433,第433課,Q;Y;B;P;H;U;O;A;N;W;C;V;R;I;J;S;L;G,Q;P;O;W;V;I;B;J;G,A;B;C;G;H;I;J;L;N;O;P;Q;R;S;U;V;W;Y,u650f,攏,U+650F,,,QYBP,QP,lung5,"collect, bring together",1,2,6,2,0.8,12,cj-432,10,
cj-433,cangjie,6,433,Lesson 433,第433課,Q;Y;B;P;H;U;O;A;N;W;C;V;R;I;J;S;L;G,Q;P;O;W;V;I;B;J;G,A;B;C;G;H;I;J;L;N;O;P;Q;R;S;U;V;W;Y,u6512,攒,U+6512,,,QHUO,QO,cyun4,"save, hoard",1,2,6,2,0.8,12,cj-432,10,
cj-433,cangjie,6,433,Lesson 433,第433課,Q;Y;B;P;H;U;O;A;N;W;C;V;R;I;J;S;L;G,Q;P;O;W;V;I;B;J;G,A;B;C;G;H;I;J;L;N;O;P;Q;R;S;U;V;W;Y,u6514,攔,U+6514,,,QANW,QW,laan4,"obstruct, impede, bar, hinder",1,2,6,2,0.8,12,cj-432,10,
cj-433,cangjie,6,433,Lesson 433,第433課,Q;Y;B;P;H;U;O;A;N;W;C;V;R;I;J;S;L;G,Q;P;O;W;V;I;B;J;G,A;B;C;G;H;I;J;L;N;O;P;Q;R;S;U;V;W;Y,u6516,攖,U+6516,,,QBCV,QV,jing1,"oppose, offend, run counter to",1,2,6,2,0.8,12,cj-432,10,
cj-433,cangjie,6,433,Lesson 433,第433課,Q;Y;B;P;H;U;O;A;N;W;C;V;R;I;J;S;L;G,Q;P;O;W;V;I;B;J;G,A;B;C;G;H;I;J;L;N;O;P;Q;R;S;U;V;W;Y,u6518,攘,U+6518,,,QYRV,QV,joeng4,"seize, take by force; repel",1,2,6,2,0.8,12,cj-432,10,
cj-433,cangjie,6,433,Lesson 433,第433課,Q;Y;B;P;H;U;O;A;N;W;C;V;R;I;J;S;L;G,Q;P;O;W;V;I;B;J;G,A;B;C;G;H;I;J;L;N;O;P;Q;R;S;U;V;W;Y,u6519,攙,U+6519,,,QNRI,QI,caam1,"to give a helping hand; to support, hold up",1,2,6,2,0.8,12,cj-432,10,
cj-433,cangjie,6,433,Lesson 433,第433課,Q;Y;B;P;H;U;O;A;N;W;C;V;R;I;J;S;L;G,Q;P;O;W;V;I;B;J;G,A;B;C;G;H;I;J;L;N;O;P;Q;R;S;U;V;W;Y,u651b,攛,U+651B,,,QJCV,QV,cyun3,hurry; to throw; to urge; (Cant.) to seduce,1,2,6,2,0.8,12,cj-432,10,
cj-433,cangjie,6,433,Lesson 433,第433課,Q;Y;B;P;H;U;O;A;N;W;C;V;R;I;J;S;L;G,Q;P;O;W;V;I;B;J;G,A;B;C;G;H;I;J;L;N;O;P;Q;R;S;U;V;W;Y,u651c,攜,U+651C,,,QUOB,QB,kwai4,"lead by hand, take with; carry",1,2,6,2,0.8,12,cj-432,10,
cj-433,cangjie,6,433,Lesson 433,第433課,Q;Y;B;P;H;U;O;A;N;W;C;V;R;I;J;S;L;G,Q;P;O;W;V;I;B;J;G,A;B;C;G;H;I;J;L;N;O;P;Q;R;S;U;V;W;Y,u651d,攝,U+651D,,,QSJJ,QJ,sip3,"take in, absorb; act as deputy; administer, assist",1,2,6,2,0.8,12,cj-432,10,
cj-433,cangjie,6,433,Lesson 433,第433課,Q;Y;B;P;H;U;O;A;N;W;C;V;R;I;J;S;L;G,Q;P;O;W;V;I;B;J;G,A;B;C;G;H;I;J;L;N;O;P;Q;R;S;U;V;W;Y,u651e,攞,U+651E,,,QWLG,QG,lyut3,"to split, to rend; to choose to rub, to wipe",1,2,6,2,0.8,12,cj-432,10,
cj-434,cangjie,6,434,Lesson 434,第434課,Q;I;P;W;H;U;C;V;F;T;O;G;B;J;E;S,Q;W;C;V;G;F;U;E,B;C;E;F;G;H;I;J;O;P;Q;S;T;U;V;W,u651f,攟,U+651F,,,QIPW,QW,kwan2,"to pick up, collect",1,2,6,2,0.8,12,cj-433,10,
cj-434,cangjie,6,434,Lesson 434,第434課,Q;I;P;W;H;U;C;V;F;T;O;G;B;J;E;S,Q;W;C;V;G;F;U;E,B;C;E;F;G;H;I;J;O;P;Q;S;T;U;V;W,u6522,攢,U+6522,,,QHUC,QC,cyun4,"save, hoard",1,2,6,2,0.8,12,cj-433,10,
cj-434,cangjie,6,434,Lesson 434,第434課,Q;I;P;W;H;U;C;V;F;T;O;G;B;J;E;S,Q;W;C;V;G;F;U;E,B;C;E;F;G;H;I;J;O;P;Q;S;T;U;V;W,u6523,攣,U+6523,,,VFQ,VQ,lyun4,tangled; entwined; crooked,1,2,6,2,0.8,12,cj-433,10,
cj-434,cangjie,6,434,Lesson 434,第434課,Q;I;P;W;H;U;C;V;F;T;O;G;B;J;E;S,Q;W;C;V;G;F;U;E,B;C;E;F;G;H;I;J;O;P;Q;S;T;U;V;W,u6524,攤,U+6524,,,QTOG,QG,taan1,"spread out, open; apportion",1,2,6,2,0.8,12,cj-433,10,
cj-434,cangjie,6,434,Lesson 434,第434課,Q;I;P;W;H;U;C;V;F;T;O;G;B;J;E;S,Q;W;C;V;G;F;U;E,B;C;E;F;G;H;I;J;O;P;Q;S;T;U;V;W,u6525,攥,U+6525,,,QHBF,QF,zaan6,(coll.) hold; grip; grasp,1,2,6,2,0.8,12,cj-433,10,
cj-434,cangjie,6,434,Lesson 434,第434課,Q;I;P;W;H;U;C;V;F;T;O;G;B;J;E;S,Q;W;C;V;G;F;U;E,B;C;E;F;G;H;I;J;O;P;Q;S;T;U;V;W,u6527,攧,U+6527,,,QJCC,QC,din1,"to stumble, slip, fall down",1,2,6,2,0.8,12,cj-433,10,
cj-434,cangjie,6,434,Lesson 434,第434課,Q;I;P;W;H;U;C;V;F;T;O;G;B;J;E;S,Q;W;C;V;G;F;U;E,B;C;E;F;G;H;I;J;O;P;Q;S;T;U;V;W,u6529,攩,U+6529,,,QFBF,QF,dong2,to obstruct; shut out; shelter from; keep off; stop; resist,1,2,6,2,0.8,12,cj-433,10,
cj-434,cangjie,6,434,Lesson 434,第434課,Q;I;P;W;H;U;C;V;F;T;O;G;B;J;E;S,Q;W;C;V;G;F;U;E,B;C;E;F;G;H;I;J;O;P;Q;S;T;U;V;W,u652a,攪,U+652A,,,QHBU,QU,gaau2,"disturb, agitate, stir up",1,2,6,2,0.8,12,cj-433,10,
cj-434,cangjie,6,434,Lesson 434,第434課,Q;I;P;W;H;U;C;V;F;T;O;G;B;J;E;S,Q;W;C;V;G;F;U;E,B;C;E;F;G;H;I;J;O;P;Q;S;T;U;V;W,u652b,攫,U+652B,,,QBUE,QE,fok3,"snatch away, seize; catch with",1,2,6,2,0.8,12,cj-433,10,
cj-434,cangjie,6,434,Lesson 434,第434課,Q;I;P;W;H;U;C;V;F;T;O;G;B;J;E;S,Q;W;C;V;G;F;U;E,B;C;E;F;G;H;I;J;O;P;Q;S;T;U;V;W,u652c,攬,U+652C,,,QSWU,QU,laam5,"grasp, take hold of; monopolize",1,2,6,2,0.8,12,cj-433,10,
cj-435,cangjie,6,435,Lesson 435,第435課,Q;J;B;V;E;K;S;R;Y;O;L;M;U,Q;V;J;E;S;K;Y;O;M,B;E;J;K;L;M;O;Q;R;S;U;V;Y,u652e,攮,U+652E,,,QJBV,QV,nong5,to fend off; to stab,1,2,6,2,0.8,12,cj-434,10,
cj-435,cangjie,6,435,Lesson 435,第435課,Q;J;B;V;E;K;S;R;Y;O;L;M;U,Q;V;J;E;S;K;Y;O;M,B;E;J;K;L;M;O;Q;R;S;U;V;Y,u652f,支,U+652F,,,JE,JE,zi1,"disperse, pay; support; branch",1,2,6,2,0.8,12,cj-434,10,
cj-435,cangjie,6,435,Lesson 435,第435課,Q;J;B;V;E;K;S;R;Y;O;L;M;U,Q;V;J;E;S;K;Y;O;M,B;E;J;K;L;M;O;Q;R;S;U;V;Y,u6530,攰,U+6530,,,JEKS,JS,gui6,totally exhausted,1,2,6,2,0.8,12,cj-434,10,
cj-435,cangjie,6,435,Lesson 435,第435課,Q;J;B;V;E;K;S;R;Y;O;L;M;U,Q;V;J;E;S;K;Y;O;M,B;E;J;K;L;M;O;Q;R;S;U;V;Y,u6532,攲,U+6532,,,KRJE,KE,kei1,up; uneven,1,2,6,2,0.8,12,cj-434,10,
cj-435,cangjie,6,435,Lesson 435,第435課,Q;J;B;V;E;K;S;R;Y;O;L;M;U,Q;V;J;E;S;K;Y;O;M,B;E;J;K;L;M;O;Q;R;S;U;V;Y,u6534,攴,U+6534,,,YE,YE,pok3,"rap, tap lightly; Kangxi radical 66",1,2,6,2,0.8,12,cj-434,10,
cj-435,cangjie,6,435,Lesson 435,第435課,Q;J;B;V;E;K;S;R;Y;O;L;M;U,Q;V;J;E;S;K;Y;O;M,B;E;J;K;L;M;O;Q;R;S;U;V;Y,u6535,攵,U+6535,,,OK,OK,pok3,"rap, tap; radical number 66",1,2,6,2,0.8,12,cj-434,10,
cj-435,cangjie,6,435,Lesson 435,第435課,Q;J;B;V;E;K;S;R;Y;O;L;M;U,Q;V;J;E;S;K;Y;O;M,B;E;J;K;L;M;O;Q;R;S;U;V;Y,u6536,收,U+6536,,,VLOK,VK,sau1,"gather together, collect; harvest",1,2,6,2,0.8,12,cj-434,10,
cj-435,cangjie,6,435,Lesson 435,第435課,Q;J;B;V;E;K;S;R;Y;O;L;M;U,Q;V;J;E;S;K;Y;O;M,B;E;J;K;L;M;O;Q;R;S;U;V;Y,u6537,攷,U+6537,,,MSOK,MK,haau2,"examine, test; investigate",1,2,6,2,0.8,12,cj-434,10,
cj-435,cangjie,6,435,Lesson 435,第435課,Q;J;B;V;E;K;S;R;Y;O;L;M;U,Q;V;J;E;S;K;Y;O;M,B;E;J;K;L;M;O;Q;R;S;U;V;Y,u6538,攸,U+6538,,,OLOK,OK,jau4,"distant, far; adverbial prefix",1,2,6,2,0.8,12,cj-434,10,
cj-435,cangjie,6,435,Lesson 435,第435課,Q;J;B;V;E;K;S;R;Y;O;L;M;U,Q;V;J;E;S;K;Y;O;M,B;E;J;K;L;M;O;Q;R;S;U;V;Y,u6539,改,U+6539,,,SUOK,SK,goi2,"change, alter; improve, remodel",1,2,6,2,0.8,12,cj-434,10,
cj-436,cangjie,6,436,Lesson 436,第436課,M;O;K;C;H;Y;S;R;E;P;N;J,M;K;C;Y;E;P;R;N;J,C;E;H;J;K;M;N;O;P;R;S;Y,u653b,攻,U+653B,,,MOK,MK,gung1,"attack, assault; criticize",1,2,6,2,0.8,12,cj-435,10,
cj-436,cangjie,6,436,Lesson 436,第436課,M;O;K;C;H;Y;S;R;E;P;N;J,M;K;C;Y;E;P;R;N;J,C;E;H;J;K;M;N;O;P;R;S;Y,u653d,攽,U+653D,,,CHOK,CK,baan1,"to divide, allot; to send to",1,2,6,2,0.8,12,cj-435,10,
cj-436,cangjie,6,436,Lesson 436,第436課,M;O;K;C;H;Y;S;R;E;P;N;J,M;K;C;Y;E;P;R;N;J,C;E;H;J;K;M;N;O;P;R;S;Y,u653e,放,U+653E,,,YSOK,YK,fong3,"put, release, free, liberate",1,2,6,2,0.8,12,cj-435,10,
cj-436,cangjie,6,436,Lesson 436,第436課,M;O;K;C;H;Y;S;R;E;P;N;J,M;K;C;Y;E;P;R;N;J,C;E;H;J;K;M;N;O;P;R;S;Y,u653f,政,U+653F,,,MMOK,MK,zing3,"government, political affairs",1,2,6,2,0.8,12,cj-435,10,
cj-436,cangjie,6,436,Lesson 436,第436課,M;O;K;C;H;Y;S;R;E;P;N;J,M;K;C;Y;E;P;R;N;J,C;E;H;J;K;M;N;O;P;R;S;Y,u6541,敁,U+6541,,,YRYE,YE,dim1,"to weigh in the hand, to estimate; to shake",1,2,6,2,0.8,12,cj-435,10,
cj-436,cangjie,6,436,Lesson 436,第436課,M;O;K;C;H;Y;S;R;E;P;N;J,M;K;C;Y;E;P;R;N;J,C;E;H;J;K;M;N;O;P;R;S;Y,u6542,敂,U+6542,,,PROK,PK,kau3,deduct,1,2,6,2,0.8,12,cj-435,10,
cj-436,cangjie,6,436,Lesson 436,第436課,M;O;K;C;H;Y;S;R;E;P;N;J,M;K;C;Y;E;P;R;N;J,C;E;H;J;K;M;N;O;P;R;S;Y,u6543,敃,U+6543,,,RPOK,RK,man5,strong; robust; vigorous,1,2,6,2,0.8,12,cj-435,10,
cj-436,cangjie,6,436,Lesson 436,第436課,M;O;K;C;H;Y;S;R;E;P;N;J,M;K;C;Y;E;P;R;N;J,C;E;H;J;K;M;N;O;P;R;S;Y,u6544,敄,U+6544,,,NHOK,NK,mou6,to put forth effort,1,2,6,2,0.8,12,cj-435,10,
cj-436,cangjie,6,436,Lesson 436,第436課,M;O;K;C;H;Y;S;R;E;P;N;J,M;K;C;Y;E;P;R;N;J,C;E;H;J;K;M;N;O;P;R;S;Y,u6545,故,U+6545,,,JROK,JK,gu3,"ancient, old; reason, because",1,2,6,2,0.8,12,cj-435,10,
cj-436,cangjie,6,436,Lesson 436,第436課,M;O;K;C;H;Y;S;R;E;P;N;J,M;K;C;Y;E;P;R;N;J,C;E;H;J;K;M;N;O;P;R;S;Y,u6548,效,U+6548,,,YKOK,YK,haau6,"result, effect; effectiveness",1,2,6,2,0.8,12,cj-435,10,
cj-437,cangjie,6,437,Lesson 437,第437課,F;D;O;K;H;R;Y;E;I;M;L;G;S,F;K;H;O;E;I;M;D;G,D;E;F;G;H;I;K;L;M;O;R;S;Y,u6549,敉,U+6549,,,FDOK,FK,mei5,"pacify, soothe, stabilize",1,2,6,2,0.8,12,cj-436,10,
cj-437,cangjie,6,437,Lesson 437,第437課,F;D;O;K;H;R;Y;E;I;M;L;G;S,F;K;H;O;E;I;M;D;G,D;E;F;G;H;I;K;L;M;O;R;S;Y,u654b,敋,U+654B,,,HROK,HK,gok3,to strike,1,2,6,2,0.8,12,cj-436,10,
cj-437,cangjie,6,437,Lesson 437,第437課,F;D;O;K;H;R;Y;E;I;M;L;G;S,F;K;H;O;E;I;M;D;G,D;E;F;G;H;I;K;L;M;O;R;S;Y,u654c,敌,U+654C,,,HROK,HK,dik6,"enemy, foe, rival; resist",1,2,6,2,0.8,12,cj-436,10,
cj-437,cangjie,6,437,Lesson 437,第437課,F;D;O;K;H;R;Y;E;I;M;L;G;S,F;K;H;O;E;I;M;D;G,D;E;F;G;H;I;K;L;M;O;R;S;Y,u654d,敍,U+654D,,,ODYE,OE,zeoi6,"express, state, relate, narrate",1,2,6,2,0.8,12,cj-436,10,
cj-437,cangjie,6,437,Lesson 437,第437課,F;D;O;K;H;R;Y;E;I;M;L;G;S,F;K;H;O;E;I;M;D;G,D;E;F;G;H;I;K;L;M;O;R;S;Y,u654e,敎,U+654E,,,KDOK,KK,gaau3,teach,1,2,6,2,0.8,12,cj-436,10,
cj-437,cangjie,6,437,Lesson 437,第437課,F;D;O;K;H;R;Y;E;I;M;L;G;S,F;K;H;O;E;I;M;D;G,D;E;F;G;H;I;K;L;M;O;R;S;Y,u654f,敏,U+654F,,,OYOK,OK,man5,"fast, quick, clever, smart",1,2,6,2,0.8,12,cj-436,10,
cj-437,cangjie,6,437,Lesson 437,第437課,F;D;O;K;H;R;Y;E;I;M;L;G;S,F;K;H;O;E;I;M;D;G,D;E;F;G;H;I;K;L;M;O;R;S;Y,u6551,救,U+6551,,,IEOK,IK,gau3,"save, rescue, relieve; help, aid",1,2,6,2,0.8,12,cj-436,10,
cj-437,cangjie,6,437,Lesson 437,第437課,F;D;O;K;H;R;Y;E;I;M;L;G;S,F;K;H;O;E;I;M;D;G,D;E;F;G;H;I;K;L;M;O;R;S;Y,u6554,敔,U+6554,,,MROK,MK,jyu5,gavel,1,2,6,2,0.8,12,cj-436,10,
cj-437,cangjie,6,437,Lesson 437,第437課,F;D;O;K;H;R;Y;E;I;M;L;G;S,F;K;H;O;E;I;M;D;G,D;E;F;G;H;I;K;L;M;O;R;S;Y,u6555,敕,U+6555,,,DLOK,DK,cik1,an imperial order or decree,1,2,6,2,0.8,12,cj-436,10,
cj-437,cangjie,6,437,Lesson 437,第437課,F;D;O;K;H;R;Y;E;I;M;L;G;S,F;K;H;O;E;I;M;D;G,D;E;F;G;H;I;K;L;M;O;R;S;Y,u6556,敖,U+6556,,,GSOK,GK,ngou4,"ramble, play about; leisurely; surname",1,2,6,2,0.8,12,cj-436,10,
cj-438,cangjie,6,438,Lesson 438,第438課,B;C;O;K;D;J;U;M;P;F;E;A;H;Y,B;K;O;J;C;F;E;A,A;B;C;D;E;F;H;J;K;M;O;P;U;Y,u6557,敗,U+6557,,,BCOK,BK,baai6,"be defeated, decline, fail",1,2,6,2,0.8,12,cj-437,10,
cj-438,cangjie,6,438,Lesson 438,第438課,B;C;O;K;D;J;U;M;P;F;E;A;H;Y,B;K;O;J;C;F;E;A,A;B;C;D;E;F;H;J;K;M;O;P;U;Y,u6558,敘,U+6558,,,ODOK,OK,zeoi6,"express, state, relate, narrate",1,2,6,2,0.8,12,cj-437,10,
cj-438,cangjie,6,438,Lesson 438,第438課,B;C;O;K;D;J;U;M;P;F;E;A;H;Y,B;K;O;J;C;F;E;A,A;B;C;D;E;F;H;J;K;M;O;P;U;Y,u6559,教,U+6559,,,JDOK,JK,gaau3,"teach, class",1,2,6,2,0.8,12,cj-437,10,
cj-438,cangjie,6,438,Lesson 438,第438課,B;C;O;K;D;J;U;M;P;F;E;A;H;Y,B;K;O;J;C;F;E;A,A;B;C;D;E;F;H;J;K;M;O;P;U;Y,u655a,敚,U+655A,,,CUOK,CK,dyut6,"take by force, rob",1,2,6,2,0.8,12,cj-437,10,
cj-438,cangjie,6,438,Lesson 438,第438課,B;C;O;K;D;J;U;M;P;F;E;A;H;Y,B;K;O;J;C;F;E;A,A;B;C;D;E;F;H;J;K;M;O;P;U;Y,u655b,敛,U+655B,,,OMOK,OK,lim5,"draw back, fold back; collect",1,2,6,2,0.8,12,cj-437,10,
cj-438,cangjie,6,438,Lesson 438,第438課,B;C;O;K;D;J;U;M;P;F;E;A;H;Y,B;K;O;J;C;F;E;A,A;B;C;D;E;F;H;J;K;M;O;P;U;Y,u655c,敜,U+655C,,,OPOK,OK,nip6,fill up,1,2,6,2,0.8,12,cj-437,10,
cj-438,cangjie,6,438,Lesson 438,第438課,B;C;O;K;D;J;U;M;P;F;E;A;H;Y,B;K;O;J;C;F;E;A,A;B;C;D;E;F;H;J;K;M;O;P;U;Y,u655d,敝,U+655D,,,FBOK,FK,bai6,"break, destroy; broken, tattered",1,2,6,2,0.8,12,cj-437,10,
cj-438,cangjie,6,438,Lesson 438,第438課,B;C;O;K;D;J;U;M;P;F;E;A;H;Y,B;K;O;J;C;F;E;A,A;B;C;D;E;F;H;J;K;M;O;P;U;Y,u655e,敞,U+655E,,,FBOK,FK,cong2,"roomy, spacious, open, broad",1,2,6,2,0.8,12,cj-437,10,
cj-438,cangjie,6,438,Lesson 438,第438課,B;C;O;K;D;J;U;M;P;F;E;A;H;Y,B;K;O;J;C;F;E;A,A;B;C;D;E;F;H;J;K;M;O;P;U;Y,u6560,敠,U+6560,,,EEEEE,EE,zyut3,to weigh; cut; come without being invited,1,2,6,2,0.8,12,cj-437,10,
cj-438,cangjie,6,438,Lesson 438,第438課,B;C;O;K;D;J;U;M;P;F;E;A;H;Y,B;K;O;J;C;F;E;A,A;B;C;D;E;F;H;J;K;M;O;P;U;Y,u6561,敡,U+6561,,,AHYE,AE,ji6,rebuke,1,2,6,2,0.8,12,cj-437,10,
cj-439,cangjie,6,439,Lesson 439,第439課,M;J;O;K;T;B;Y;D;R;E;F;H;S;A,M;K;T;Y;E;F;H;A;R,A;B;D;E;F;H;J;K;M;O;R;S;T;Y,u6562,敢,U+6562,,,MJOK,MK,gam2,"to dare, venture; bold, brave",1,2,6,2,0.8,12,cj-438,10,
cj-439,cangjie,6,439,Lesson 439,第439課,M;J;O;K;T;B;Y;D;R;E;F;H;S;A,M;K;T;Y;E;F;H;A;R,A;B;D;E;F;H;J;K;M;O;R;S;T;Y,u6563,散,U+6563,,,TBOK,TK,saan3,"scatter, disperse, break up",1,2,6,2,0.8,12,cj-438,10,
cj-439,cangjie,6,439,Lesson 439,第439課,M;J;O;K;T;B;Y;D;R;E;F;H;S;A,M;K;T;Y;E;F;H;A;R,A;B;D;E;F;H;J;K;M;O;R;S;T;Y,u6566,敦,U+6566,,,YDOK,YK,deon1,"esteem; honest, candid, sincere",1,2,6,2,0.8,12,cj-438,10,
cj-439,cangjie,6,439,Lesson 439,第439課,M;J;O;K;T;B;Y;D;R;E;F;H;S;A,M;K;T;Y;E;F;H;A;R,A;B;D;E;F;H;J;K;M;O;R;S;T;Y,u6567,敧,U+6567,,,KRYE,KE,gei1,to pick up thing with chopsticks or pincers.,1,2,6,2,0.8,12,cj-438,10,
cj-439,cangjie,6,439,Lesson 439,第439課,M;J;O;K;T;B;Y;D;R;E;F;H;S;A,M;K;T;Y;E;F;H;A;R,A;B;D;E;F;H;J;K;M;O;R;S;T;Y,u6569,敩,U+6569,,,FDOK,FK,haau6,"teach, instruct; be aroused; awake; intelligent",1,2,6,2,0.8,12,cj-438,10,
cj-439,cangjie,6,439,Lesson 439,第439課,M;J;O;K;T;B;Y;D;R;E;F;H;S;A,M;K;T;Y;E;F;H;A;R,A;B;D;E;F;H;J;K;M;O;R;S;T;Y,u656a,敪,U+656A,,,EEEEK,EK,zyut3,to weigh; cut; come without being invited,1,2,6,2,0.8,12,cj-438,10,
cj-439,cangjie,6,439,Lesson 439,第439課,M;J;O;K;T;B;Y;D;R;E;F;H;S;A,M;K;T;Y;E;F;H;A;R,A;B;D;E;F;H;J;K;M;O;R;S;T;Y,u656b,敫,U+656B,,,HSOK,HK,giu3,ancient musical instrument,1,2,6,2,0.8,12,cj-438,10,
cj-439,cangjie,6,439,Lesson 439,第439課,M;J;O;K;T;B;Y;D;R;E;F;H;S;A,M;K;T;Y;E;F;H;A;R,A;B;D;E;F;H;J;K;M;O;R;S;T;Y,u656c,敬,U+656C,,,TROK,TK,ging3,"respect, honor; respectfully",1,2,6,2,0.8,12,cj-438,10,
cj-439,cangjie,6,439,Lesson 439,第439課,M;J;O;K;T;B;Y;D;R;E;F;H;S;A,M;K;T;Y;E;F;H;A;R,A;B;D;E;F;H;J;K;M;O;R;S;T;Y,u656d,敭,U+656D,,,AHOK,AK,joeng4,"scatter, spread; praise; raise",1,2,6,2,0.8,12,cj-438,10,
cj-439,cangjie,6,439,Lesson 439,第439課,M;J;O;K;T;B;Y;D;R;E;F;H;S;A,M;K;T;Y;E;F;H;A;R,A;B;D;E;F;H;J;K;M;O;R;S;T;Y,u656f,敯,U+656F,,,RAYE,RE,man5,"to defy, dare; strong; to suffocate",1,2,6,2,0.8,12,cj-438,10,
cj-440,cangjie,6,440,Lesson 440,第440課,F;V;O;K;Y;B;E;U;T;D;M;I;S;L;R;N,F;K;Y;E;U;D;M;I;L;S;N,B;D;E;F;I;K;L;M;N;O;R;S;T;U;V;Y,u6570,数,U+6570,,,FVOK,FK,sou3,"number; several, count; fate",1,2,6,2,0.8,12,cj-439,10,
cj-440,cangjie,6,440,Lesson 440,第440課,F;V;O;K;Y;B;E;U;T;D;M;I;S;L;R;N,F;K;Y;E;U;D;M;I;L;S;N,B;D;E;F;I;K;L;M;N;O;R;S;T;U;V;Y,u6572,敲,U+6572,,,YBYE,YE,haau1,"strike, beat, pound, hammer; rap",1,2,6,2,0.8,12,cj-439,10,
cj-440,cangjie,6,440,Lesson 440,第440課,F;V;O;K;Y;B;E;U;T;D;M;I;S;L;R;N,F;K;Y;E;U;D;M;I;L;S;N,B;D;E;F;I;K;L;M;N;O;R;S;T;U;V;Y,u6573,敳,U+6573,,,UTOK,UK,ngoi4,to govern forcefully,1,2,6,2,0.8,12,cj-439,10,
cj-440,cangjie,6,440,Lesson 440,第440課,F;V;O;K;Y;B;E;U;T;D;M;I;S;L;R;N,F;K;Y;E;U;D;M;I;L;S;N,B;D;E;F;I;K;L;M;N;O;R;S;T;U;V;Y,u6574,整,U+6574,,,DKMYM,DM,zing2,"orderly, neat, tidy; whole",1,2,6,2,0.8,12,cj-439,10,
cj-440,cangjie,6,440,Lesson 440,第440課,F;V;O;K;Y;B;E;U;T;D;M;I;S;L;R;N,F;K;Y;E;U;D;M;I;L;S;N,B;D;E;F;I;K;L;M;N;O;R;S;T;U;V;Y,u6575,敵,U+6575,,,YBOK,YK,dik6,"enemy, foe, rival; resist",1,2,6,2,0.8,12,cj-439,10,
cj-440,cangjie,6,440,Lesson 440,第440課,F;V;O;K;Y;B;E;U;T;D;M;I;S;L;R;N,F;K;Y;E;U;D;M;I;L;S;N,B;D;E;F;I;K;L;M;N;O;R;S;T;U;V;Y,u6577,敷,U+6577,,,ISOK,IK,fu1,"spread, diffuse; apply, paint",1,2,6,2,0.8,12,cj-439,10,
cj-440,cangjie,6,440,Lesson 440,第440課,F;V;O;K;Y;B;E;U;T;D;M;I;S;L;R;N,F;K;Y;E;U;D;M;I;L;S;N,B;D;E;F;I;K;L;M;N;O;R;S;T;U;V;Y,u6578,數,U+6578,,,LVOK,LK,sou3,number; several; count; fate,1,2,6,2,0.8,12,cj-439,10,
cj-440,cangjie,6,440,Lesson 440,第440課,F;V;O;K;Y;B;E;U;T;D;M;I;S;L;R;N,F;K;Y;E;U;D;M;I;L;S;N,B;D;E;F;I;K;L;M;N;O;R;S;T;U;V;Y,u6579,敹,U+6579,,,YDOK,YK,liu4,to sew; keep tidy and repaired,1,2,6,2,0.8,12,cj-439,10,
cj-440,cangjie,6,440,Lesson 440,第440課,F;V;O;K;Y;B;E;U;T;D;M;I;S;L;R;N,F;K;Y;E;U;D;M;I;L;S;N,B;D;E;F;I;K;L;M;N;O;R;S;T;U;V;Y,u657a,敺,U+657A,,,SRYE,SE,keoi1,"expel, drive away; beat, assault",1,2,6,2,0.8,12,cj-439,10,
cj-440,cangjie,6,440,Lesson 440,第440課,F;V;O;K;Y;B;E;U;T;D;M;I;S;L;R;N,F;K;Y;E;U;D;M;I;L;S;N,B;D;E;F;I;K;L;M;N;O;R;S;T;U;V;Y,u657b,敻,U+657B,,,NBBUK,NK,hing3,"long, faraway; pre-eminent",1,2,6,2,0.8,12,cj-439,10,
cj-441,cangjie,6,441,Lesson 441,第441課,H;B;Y;E;T;R;O;K;W;J;F;M;N;P;D,H;E;T;K;W;O;F;P;Y;D,B;D;E;F;H;J;K;M;N;O;P;R;T;W;Y,u657d,敽,U+657D,,,HBYE,HE,giu2,bind,1,2,6,2,0.8,12,cj-440,10,
cj-441,cangjie,6,441,Lesson 441,第441課,H;B;Y;E;T;R;O;K;W;J;F;M;N;P;D,H;E;T;K;W;O;F;P;Y;D,B;D;E;F;H;J;K;M;N;O;P;R;T;W;Y,u657e,敾,U+657E,,,TROK,TK,sin6,to rule,1,2,6,2,0.8,12,cj-440,10,
cj-441,cangjie,6,441,Lesson 441,第441課,H;B;Y;E;T;R;O;K;W;J;F;M;N;P;D,H;E;T;K;W;O;F;P;Y;D,B;D;E;F;H;J;K;M;N;O;P;R;T;W;Y,u657f,敿,U+657F,,,HBOK,HK,giu2,bind,1,2,6,2,0.8,12,cj-440,10,
cj-441,cangjie,6,441,Lesson 441,第441課,H;B;Y;E;T;R;O;K;W;J;F;M;N;P;D,H;E;T;K;W;O;F;P;Y;D,B;D;E;F;H;J;K;M;N;O;P;R;T;W;Y,u6581,斁,U+6581,,,WJOK,WK,jik6,dislike; be weary of; explain,1,2,6,2,0.8,12,cj-440,10,
cj-441,cangjie,6,441,Lesson 441,第441課,H;B;Y;E;T;R;O;K;W;J;F;M;N;P;D,H;E;T;K;W;O;F;P;Y;D,B;D;E;F;H;J;K;M;N;O;P;R;T;W;Y,u6582,斂,U+6582,,,OOOK,OK,lim5,"draw back, fold back; collect",1,2,6,2,0.8,12,cj-440,10,
cj-441,cangjie,6,441,Lesson 441,第441課,H;B;Y;E;T;R;O;K;W;J;F;M;N;P;D,H;E;T;K;W;O;F;P;Y;D,B;D;E;F;H;J;K;M;N;O;P;R;T;W;Y,u6583,斃,U+6583,,,FKMNP,FP,bai6,kill; die violent death,1,2,6,2,0.8,12,cj-440,10,
cj-441,cangjie,6,441,Lesson 441,第441課,H;B;Y;E;T;R;O;K;W;J;F;M;N;P;D,H;E;T;K;W;O;F;P;Y;D,B;D;E;F;H;J;K;M;N;O;P;R;T;W;Y,u6585,斅,U+6585,,,HDYE,HE,haau6,"teach, instruct; be aroused; awake; intelligent",1,2,6,2,0.8,12,cj-440,10,
cj-441,cangjie,6,441,Lesson 441,第441課,H;B;Y;E;T;R;O;K;W;J;F;M;N;P;D,H;E;T;K;W;O;F;P;Y;D,B;D;E;F;H;J;K;M;N;O;P;R;T;W;Y,u6586,斆,U+6586,,,HDOK,HK,haau6,"teach, instruct; be aroused; awake; intelligent",1,2,6,2,0.8,12,cj-440,10,
cj-441,cangjie,6,441,Lesson 441,第441課,H;B;Y;E;T;R;O;K;W;J;F;M;N;P;D,H;E;T;K;W;O;F;P;Y;D,B;D;E;F;H;J;K;M;N;O;P;R;T;W;Y,u6587,文,U+6587,,,YK,YK,man4,"literature, culture, writing",1,2,6,2,0.8,12,cj-440,10,
cj-441,cangjie,6,441,Lesson 441,第441課,H;B;Y;E;T;R;O;K;W;J;F;M;N;P;D,H;E;T;K;W;O;F;P;Y;D,B;D;E;F;H;J;K;M;N;O;P;R;T;W;Y,u6588,斈,U+6588,,,YKND,YD,hok6,"learning, knowledge; school",1,2,6,2,0.8,12,cj-440,10,
cj-442,cangjie,6,442,Lesson 442,第442課,Y;K;S;L;M;B;P;U;G;H;W;A;N,Y;L;M;U;K;G;B;W,A;B;G;H;K;L;M;N;P;S;U;W;Y,u6589,斉,U+6589,,,YKSL,YL,cai4,"even, uniform, of equal length",1,2,6,2,0.8,12,cj-441,10,
cj-442,cangjie,6,442,Lesson 442,第442課,Y;K;S;L;M;B;P;U;G;H;W;A;N,Y;L;M;U;K;G;B;W,A;B;G;H;K;L;M;N;P;S;U;W;Y,u658b,斋,U+658B,,,YKMBL,YL,zaai1,vegetarian diet; study,1,2,6,2,0.8,12,cj-441,10,
cj-442,cangjie,6,442,Lesson 442,第442課,Y;K;S;L;M;B;P;U;G;H;W;A;N,Y;L;M;U;K;G;B;W,A;B;G;H;K;L;M;N;P;S;U;W;Y,u658c,斌,U+658C,,,YKMPM,YM,ban1,"refined, having both appearance",1,2,6,2,0.8,12,cj-441,10,
cj-442,cangjie,6,442,Lesson 442,第442課,Y;K;S;L;M;B;P;U;G;H;W;A;N,Y;L;M;U;K;G;B;W,A;B;G;H;K;L;M;N;P;S;U;W;Y,u658d,斍,U+658D,,,YKBUU,YU,gok3,"to perceive, feel",1,2,6,2,0.8,12,cj-441,10,
cj-442,cangjie,6,442,Lesson 442,第442課,Y;K;S;L;M;B;P;U;G;H;W;A;N,Y;L;M;U;K;G;B;W,A;B;G;H;K;L;M;N;P;S;U;W;Y,u658e,斎,U+658E,,,YKLML,YL,zaai1,vegetarian diet; study,1,2,6,2,0.8,12,cj-441,10,
cj-442,cangjie,6,442,Lesson 442,第442課,Y;K;S;L;M;B;P;U;G;H;W;A;N,Y;L;M;U;K;G;B;W,A;B;G;H;K;L;M;N;P;S;U;W;Y,u6590,斐,U+6590,,,LYYK,LK,fei2,"graceful, elegant, beautiful",1,2,6,2,0.8,12,cj-441,10,
cj-442,cangjie,6,442,Lesson 442,第442課,Y;K;S;L;M;B;P;U;G;H;W;A;N,Y;L;M;U;K;G;B;W,A;B;G;H;K;L;M;N;P;S;U;W;Y,u6591,斑,U+6591,,,MGYKG,MG,baan1,"mottled, striped, freckle",1,2,6,2,0.8,12,cj-441,10,
cj-442,cangjie,6,442,Lesson 442,第442課,Y;K;S;L;M;B;P;U;G;H;W;A;N,Y;L;M;U;K;G;B;W,A;B;G;H;K;L;M;N;P;S;U;W;Y,u6592,斒,U+6592,,,YKHSB,YB,baan1,variegated; striped; marbled,1,2,6,2,0.8,12,cj-441,10,
cj-442,cangjie,6,442,Lesson 442,第442課,Y;K;S;L;M;B;P;U;G;H;W;A;N,Y;L;M;U;K;G;B;W,A;B;G;H;K;L;M;N;P;S;U;W;Y,u6593,斓,U+6593,,,YKLSW,YW,laan4,multicolored,1,2,6,2,0.8,12,cj-441,10,
cj-442,cangjie,6,442,Lesson 442,第442課,Y;K;S;L;M;B;P;U;G;H;W;A;N,Y;L;M;U;K;G;B;W,A;B;G;H;K;L;M;N;P;S;U;W;Y,u6595,斕,U+6595,,,YKANW,YW,laan4,multicolored,1,2,6,2,0.8,12,cj-441,10,
cj-443,cangjie,6,443,Lesson 443,第443課,Y;J;F;D;I;B;N;O;R;H;T;V,Y;J;F;I;N;O;R;H;T,B;D;F;H;I;J;N;O;R;T;V;Y,u6597,斗,U+6597,,,YJ,YJ,dau3,"a dipper; unit of volume (ten 升 or litres); Kangxi radical 68; 8th lunar mansion, determinative star φ Sagittarii",1,2,6,2,0.8,12,cj-442,10,
cj-443,cangjie,6,443,Lesson 443,第443課,Y;J;F;D;I;B;N;O;R;H;T;V,Y;J;F;I;N;O;R;H;T,B;D;F;H;I;J;N;O;R;T;V;Y,u6599,料,U+6599,,,FDYJ,FJ,liu6,"consider, conjecture; materials, ingredients",1,2,6,2,0.8,12,cj-442,10,
cj-443,cangjie,6,443,Lesson 443,第443課,Y;J;F;D;I;B;N;O;R;H;T;V,Y;J;F;I;N;O;R;H;T,B;D;F;H;I;J;N;O;R;T;V;Y,u659a,斚,U+659A,,,IIBYJ,IJ,gaa2,"a small cup of stone with ears, used in ancient times for libations",1,2,6,2,0.8,12,cj-442,10,
cj-443,cangjie,6,443,Lesson 443,第443課,Y;J;F;D;I;B;N;O;R;H;T;V,Y;J;F;I;N;O;R;H;T,B;D;F;H;I;J;N;O;R;T;V;Y,u659b,斛,U+659B,,,NBYJ,NJ,huk6,dry measure equal to some five or ten dou (see 舒),1,2,6,2,0.8,12,cj-442,10,
cj-443,cangjie,6,443,Lesson 443,第443課,Y;J;F;D;I;B;N;O;R;H;T;V,Y;J;F;I;N;O;R;H;T,B;D;F;H;I;J;N;O;R;T;V;Y,u659c,斜,U+659C,,,ODYJ,OJ,ce4,"slanting, sloping, inclined",1,2,6,2,0.8,12,cj-442,10,
cj-443,cangjie,6,443,Lesson 443,第443課,Y;J;F;D;I;B;N;O;R;H;T;V,Y;J;F;I;N;O;R;H;T,B;D;F;H;I;J;N;O;R;T;V;Y,u659d,斝,U+659D,,,RRBYJ,RJ,gaa2,small jade wine cup,1,2,6,2,0.8,12,cj-442,10,
cj-443,cangjie,6,443,Lesson 443,第443課,Y;J;F;D;I;B;N;O;R;H;T;V,Y;J;F;I;N;O;R;H;T,B;D;F;H;I;J;N;O;R;T;V;Y,u659e,斞,U+659E,,,HOYJ,HJ,jyu4,a stack of grain; a measure of 16 dou3,1,2,6,2,0.8,12,cj-442,10,
cj-443,cangjie,6,443,Lesson 443,第443課,Y;J;F;D;I;B;N;O;R;H;T;V,Y;J;F;I;N;O;R;H;T,B;D;F;H;I;J;N;O;R;T;V;Y,u659f,斟,U+659F,,,TVYJ,TJ,zam1,to pour wine or tea into a cup; to gauge,1,2,6,2,0.8,12,cj-442,10,
cj-443,cangjie,6,443,Lesson 443,第443課,Y;J;F;D;I;B;N;O;R;H;T;V,Y;J;F;I;N;O;R;H;T,B;D;F;H;I;J;N;O;R;T;V;Y,u65a0,斠,U+65A0,,,TBYJ,TJ,gaau3,measure,1,2,6,2,0.8,12,cj-442,10,
cj-443,cangjie,6,443,Lesson 443,第443課,Y;J;F;D;I;B;N;O;R;H;T;V,Y;J;F;I;N;O;R;H;T,B;D;F;H;I;J;N;O;R;T;V;Y,u65a1,斡,U+65A1,,,JJOYJ,JJ,waat3,"revolve, rotate, turn",1,2,6,2,0.8,12,cj-442,10,
cj-444,cangjie,6,444,Lesson 444,第444課,H;M;L;Y;C;K;V;Q;R;J;D;T;A,H;L;Y;C;V;K;M;J;T,A;C;D;H;J;K;L;M;Q;R;T;V;Y,u65a4,斤,U+65A4,,,HML,HL,gan1,"a catty (approximately 600 g); an axe; keen, shrewd; Kangxi radical 69",1,2,6,2,0.8,12,cj-443,10,
cj-444,cangjie,6,444,Lesson 444,第444課,H;M;L;Y;C;K;V;Q;R;J;D;T;A,H;L;Y;C;V;K;M;J;T,A;C;D;H;J;K;L;M;Q;R;T;V;Y,u65a5,斥,U+65A5,,,HMY,HY,cik1,"to scold, upbraid, accuse, reproach",1,2,6,2,0.8,12,cj-443,10,
cj-444,cangjie,6,444,Lesson 444,第444課,H;M;L;Y;C;K;V;Q;R;J;D;T;A,H;L;Y;C;V;K;M;J;T,A;C;D;H;J;K;L;M;Q;R;T;V;Y,u65a7,斧,U+65A7,,,CKHML,CL,fu2,"axe, hatchet; chop, hew",1,2,6,2,0.8,12,cj-443,10,
cj-444,cangjie,6,444,Lesson 444,第444課,H;M;L;Y;C;K;V;Q;R;J;D;T;A,H;L;Y;C;V;K;M;J;T,A;C;D;H;J;K;L;M;Q;R;T;V;Y,u65a8,斨,U+65A8,,,VMHML,VL,coeng1,axe,1,2,6,2,0.8,12,cj-443,10,
cj-444,cangjie,6,444,Lesson 444,第444課,H;M;L;Y;C;K;V;Q;R;J;D;T;A,H;L;Y;C;V;K;M;J;T,A;C;D;H;J;K;L;M;Q;R;T;V;Y,u65a9,斩,U+65A9,,,KQHML,KL,zaam2,"cut, chop, sever; behead",1,2,6,2,0.8,12,cj-443,10,
cj-444,cangjie,6,444,Lesson 444,第444課,H;M;L;Y;C;K;V;Q;R;J;D;T;A,H;L;Y;C;V;K;M;J;T,A;C;D;H;J;K;L;M;Q;R;T;V;Y,u65ab,斫,U+65AB,,,MRHML,ML,zoek3,"cut, chop, lop off",1,2,6,2,0.8,12,cj-443,10,
cj-444,cangjie,6,444,Lesson 444,第444課,H;M;L;Y;C;K;V;Q;R;J;D;T;A,H;L;Y;C;V;K;M;J;T,A;C;D;H;J;K;L;M;Q;R;T;V;Y,u65ac,斬,U+65AC,,,JJHML,JL,zaam2,"cut, chop, sever; behead",1,2,6,2,0.8,12,cj-443,10,
cj-444,cangjie,6,444,Lesson 444,第444課,H;M;L;Y;C;K;V;Q;R;J;D;T;A,H;L;Y;C;V;K;M;J;T,A;C;D;H;J;K;L;M;Q;R;T;V;Y,u65ad,断,U+65AD,,,VDHML,VL,dyun6,"sever, cut off; interrupt",1,2,6,2,0.8,12,cj-443,10,
cj-444,cangjie,6,444,Lesson 444,第444課,H;M;L;Y;C;K;V;Q;R;J;D;T;A,H;L;Y;C;V;K;M;J;T,A;C;D;H;J;K;L;M;Q;R;T;V;Y,u65ae,斮,U+65AE,,,TAHML,TL,zoek3,cut off,1,2,6,2,0.8,12,cj-443,10,
cj-444,cangjie,6,444,Lesson 444,第444課,H;M;L;Y;C;K;V;Q;R;J;D;T;A,H;L;Y;C;V;K;M;J;T,A;C;D;H;J;K;L;M;Q;R;T;V;Y,u65af,斯,U+65AF,,,TCHML,TL,si1,"this, thus, such; to lop off; emphatic particle",1,2,6,2,0.8,12,cj-443,10,
cj-445,cangjie,6,445,Lesson 445,第445課,Y;D;H;M;L;R;F;Q;W;I;V;S;O;P,Y;L;R;F;H;I;V;S;D,D;F;H;I;L;M;O;P;Q;R;S;V;W;Y,u65b0,新,U+65B0,,,YDHML,YL,san1,"new, recent, fresh, modern",1,2,6,2,0.8,12,cj-444,10,
cj-445,cangjie,6,445,Lesson 445,第445課,Y;D;H;M;L;R;F;Q;W;I;V;S;O;P,Y;L;R;F;H;I;V;S;D,D;F;H;I;L;M;O;P;Q;R;S;V;W;Y,u65b2,斲,U+65B2,,,RMHML,RL,doek3,"cut, chop, hack",1,2,6,2,0.8,12,cj-444,10,
cj-445,cangjie,6,445,Lesson 445,第445課,Y;D;H;M;L;R;F;Q;W;I;V;S;O;P,Y;L;R;F;H;I;V;S;D,D;F;H;I;L;M;O;P;Q;R;S;V;W;Y,u65b4,斴,U+65B4,,,FQHML,FL,leon4,the sound of water flowing among rocks,1,2,6,2,0.8,12,cj-444,10,
cj-445,cangjie,6,445,Lesson 445,第445課,Y;D;H;M;L;R;F;Q;W;I;V;S;O;P,Y;L;R;F;H;I;V;S;D,D;F;H;I;L;M;O;P;Q;R;S;V;W;Y,u65b5,斵,U+65B5,,,HMHML,HL,zoek3,to cut to pieces; to hack; to chop or hew; to carve for ornaments,1,2,6,2,0.8,12,cj-444,10,
cj-445,cangjie,6,445,Lesson 445,第445課,Y;D;H;M;L;R;F;Q;W;I;V;S;O;P,Y;L;R;F;H;I;V;S;D,D;F;H;I;L;M;O;P;Q;R;S;V;W;Y,u65b6,斶,U+65B6,,,HLWLI,HI,cuk1,used in personal names,1,2,6,2,0.8,12,cj-444,10,
cj-445,cangjie,6,445,Lesson 445,第445課,Y;D;H;M;L;R;F;Q;W;I;V;S;O;P,Y;L;R;F;H;I;V;S;D,D;F;H;I;L;M;O;P;Q;R;S;V;W;Y,u65b7,斷,U+65B7,,,VIHML,VL,dyun6,"sever, cut off; interrupt",1,2,6,2,0.8,12,cj-444,10,
cj-445,cangjie,6,445,Lesson 445,第445課,Y;D;H;M;L;R;F;Q;W;I;V;S;O;P,Y;L;R;F;H;I;V;S;D,D;F;H;I;L;M;O;P;Q;R;S;V;W;Y,u65b8,斸,U+65B8,,,SIHML,SL,zuk1,cut,1,2,6,2,0.8,12,cj-444,10,
cj-445,cangjie,6,445,Lesson 445,第445課,Y;D;H;M;L;R;F;Q;W;I;V;S;O;P,Y;L;R;F;H;I;V;S;D,D;F;H;I;L;M;O;P;Q;R;S;V;W;Y,u65b9,方,U+65B9,,,YHS,YS,fong1,"a square, rectangle; a region; local",1,2,6,2,0.8,12,cj-444,10,
cj-445,cangjie,6,445,Lesson 445,第445課,Y;D;H;M;L;R;F;Q;W;I;V;S;O;P,Y;L;R;F;H;I;V;S;D,D;F;H;I;L;M;O;P;Q;R;S;V;W;Y,u65bc,於,U+65BC,,,YSOY,YY,jyu1,"in, at, on; interjection alas!",1,2,6,2,0.8,12,cj-444,10,
cj-445,cangjie,6,445,Lesson 445,第445課,Y;D;H;M;L;R;F;Q;W;I;V;S;O;P,Y;L;R;F;H;I;V;S;D,D;F;H;I;L;M;O;P;Q;R;S;V;W;Y,u65bd,施,U+65BD,,,YSOPD,YD,si1,"grant, bestow; give; act; name",1,2,6,2,0.8,12,cj-444,10,
cj-446,cangjie,6,446,Lesson 446,第446課,Y;S;O;L;B;N;D;I;F;H;U;V;J,Y;B;D;F;S;L;U;V,B;D;F;H;I;J;L;N;O;S;U;V;Y,u65be,斾,U+65BE,,,YSOLB,YB,pui3,a pennon; a streamer,1,2,6,2,0.8,12,cj-445,10,
cj-446,cangjie,6,446,Lesson 446,第446課,Y;S;O;L;B;N;D;I;F;H;U;V;J,Y;B;D;F;S;L;U;V,B;D;F;H;I;J;L;N;O;S;U;V;Y,u65bf,斿,U+65BF,,,YSOND,YD,jau4,to swim; to move or rove freely,1,2,6,2,0.8,12,cj-445,10,
cj-446,cangjie,6,446,Lesson 446,第446課,Y;S;O;L;B;N;D;I;F;H;U;V;J,Y;B;D;F;S;L;U;V,B;D;F;H;I;J;L;N;O;S;U;V;Y,u65c0,旀,U+65C0,,,YSIF,YF,ji5,place name,1,2,6,2,0.8,12,cj-445,10,
cj-446,cangjie,6,446,Lesson 446,第446課,Y;S;O;L;B;N;D;I;F;H;U;V;J,Y;B;D;F;S;L;U;V,B;D;F;H;I;J;L;N;O;S;U;V;Y,u65c1,旁,U+65C1,,,YBYHS,YS,pong4,"side; by side, close by, near",1,2,6,2,0.8,12,cj-445,10,
cj-446,cangjie,6,446,Lesson 446,第446課,Y;S;O;L;B;N;D;I;F;H;U;V;J,Y;B;D;F;S;L;U;V,B;D;F;H;I;J;L;N;O;S;U;V;Y,u65c2,旂,U+65C2,,,YSOHL,YL,kei4,flag,1,2,6,2,0.8,12,cj-445,10,
cj-446,cangjie,6,446,Lesson 446,第446課,Y;S;O;L;B;N;D;I;F;H;U;V;J,Y;B;D;F;S;L;U;V,B;D;F;H;I;J;L;N;O;S;U;V;Y,u65c3,旃,U+65C3,,,YSOBY,YY,zin1,silk banner with bent pole,1,2,6,2,0.8,12,cj-445,10,
cj-446,cangjie,6,446,Lesson 446,第446課,Y;S;O;L;B;N;D;I;F;H;U;V;J,Y;B;D;F;S;L;U;V,B;D;F;H;I;J;L;N;O;S;U;V;Y,u65c4,旄,U+65C4,,,YSOHU,YU,mou4,a kind of ancient flag; old,1,2,6,2,0.8,12,cj-445,10,
cj-446,cangjie,6,446,Lesson 446,第446課,Y;S;O;L;B;N;D;I;F;H;U;V;J,Y;B;D;F;S;L;U;V,B;D;F;H;I;J;L;N;O;S;U;V;Y,u65c5,旅,U+65C5,,,YSOHV,YV,leoi5,"trip, journey; travel; traveler; hexagram ䷷",1,2,6,2,0.8,12,cj-445,10,
cj-446,cangjie,6,446,Lesson 446,第446課,Y;S;O;L;B;N;D;I;F;H;U;V;J,Y;B;D;F;S;L;U;V,B;D;F;H;I;J;L;N;O;S;U;V;Y,u65c6,旆,U+65C6,,,YSOJB,YB,pui3,"flag ornament; flags, banners",1,2,6,2,0.8,12,cj-445,10,
cj-446,cangjie,6,446,Lesson 446,第446課,Y;S;O;L;B;N;D;I;F;H;U;V;J,Y;B;D;F;S;L;U;V,B;D;F;H;I;J;L;N;O;S;U;V;Y,u65c8,旈,U+65C8,,,YSYIU,YU,lau4,fringes of pearls on crowns; a pennant,1,2,6,2,0.8,12,cj-445,10,
cj-447,cangjie,6,447,Lesson 447,第447課,I;B;Y;H;S;O;N;M;P;K;L;U;F;R,I;S;Y;O;M;P;K;U;B,B;F;H;I;K;L;M;N;O;P;R;S;U;Y,u65c9,旉,U+65C9,,,IBYHS,IS,fu1,"to state to, to announce",1,2,6,2,0.8,12,cj-446,10,
cj-447,cangjie,6,447,Lesson 447,第447課,I;B;Y;H;S;O;N;M;P;K;L;U;F;R,I;S;Y;O;M;P;K;U;B,B;F;H;I;K;L;M;N;O;P;R;S;U;Y,u65cb,旋,U+65CB,,,YSONO,YO,syun4,"revolve, move in orbit; return",1,2,6,2,0.8,12,cj-446,10,
cj-447,cangjie,6,447,Lesson 447,第447課,I;B;Y;H;S;O;N;M;P;K;L;U;F;R,I;S;Y;O;M;P;K;U;B,B;F;H;I;K;L;M;N;O;P;R;S;U;Y,u65cc,旌,U+65CC,,,YSOHM,YM,zing1,banner or flag adorned with feathers; to signal,1,2,6,2,0.8,12,cj-446,10,
cj-447,cangjie,6,447,Lesson 447,第447課,I;B;Y;H;S;O;N;M;P;K;L;U;F;R,I;S;Y;O;M;P;K;U;B,B;F;H;I;K;L;M;N;O;P;R;S;U;Y,u65cd,旍,U+65CD,,,YSOOI,YI,zing1,banner or flag adorned with feathers; to signal,1,2,6,2,0.8,12,cj-446,10,
cj-447,cangjie,6,447,Lesson 447,第447課,I;B;Y;H;S;O;N;M;P;K;L;U;F;R,I;S;Y;O;M;P;K;U;B,B;F;H;I;K;L;M;N;O;P;R;S;U;Y,u65ce,旎,U+65CE,,,YSOSP,YP,nei5,fluttering of flag; romantic,1,2,6,2,0.8,12,cj-446,10,
cj-447,cangjie,6,447,Lesson 447,第447課,I;B;Y;H;S;O;N;M;P;K;L;U;F;R,I;S;Y;O;M;P;K;U;B,B;F;H;I;K;L;M;N;O;P;R;S;U;Y,u65cf,族,U+65CF,,,YSOOK,YK,zuk6,"a family clan, ethnic group, tribe",1,2,6,2,0.8,12,cj-446,10,
cj-447,cangjie,6,447,Lesson 447,第447課,I;B;Y;H;S;O;N;M;P;K;L;U;F;R,I;S;Y;O;M;P;K;U;B,B;F;H;I;K;L;M;N;O;P;R;S;U;Y,u65d0,旐,U+65D0,,,YSOLO,YO,siu6,an embroidered pennant,1,2,6,2,0.8,12,cj-446,10,
cj-447,cangjie,6,447,Lesson 447,第447課,I;B;Y;H;S;O;N;M;P;K;L;U;F;R,I;S;Y;O;M;P;K;U;B,B;F;H;I;K;L;M;N;O;P;R;S;U;Y,u65d2,旒,U+65D2,,,YSOYU,YU,lau4,fringes of pearls on crowns,1,2,6,2,0.8,12,cj-446,10,
cj-447,cangjie,6,447,Lesson 447,第447課,I;B;Y;H;S;O;N;M;P;K;L;U;F;R,I;S;Y;O;M;P;K;U;B,B;F;H;I;K;L;M;N;O;P;R;S;U;Y,u65d3,旓,U+65D3,,,YSOFB,YB,saau1,serrated edges on a Chinese flag,1,2,6,2,0.8,12,cj-446,10,
cj-447,cangjie,6,447,Lesson 447,第447課,I;B;Y;H;S;O;N;M;P;K;L;U;F;R,I;S;Y;O;M;P;K;U;B,B;F;H;I;K;L;M;N;O;P;R;S;U;Y,u65d5,旕,U+65D5,,,YYRP,YP,jyu1,place name,1,2,6,2,0.8,12,cj-446,10,
cj-448,cangjie,6,448,Lesson 448,第448課,Y;S;O;K;R;T;C;I;A;H;D;W;M;U;V,Y;R;C;A;W;M;U,A;C;D;H;I;K;M;O;R;S;T;U;V;W;Y,u65d6,旖,U+65D6,,,YSOKR,YR,ji2,romantic; tender; charming,1,2,6,2,0.8,12,cj-447,10,
cj-448,cangjie,6,448,Lesson 448,第448課,Y;S;O;K;R;T;C;I;A;H;D;W;M;U;V,Y;R;C;A;W;M;U,A;C;D;H;I;K;M;O;R;S;T;U;V;W;Y,u65d7,旗,U+65D7,,,YSOTC,YC,kei4,"banner, flag, streamer",1,2,6,2,0.8,12,cj-447,10,
cj-448,cangjie,6,448,Lesson 448,第448課,Y;S;O;K;R;T;C;I;A;H;D;W;M;U;V,Y;R;C;A;W;M;U,A;C;D;H;I;K;M;O;R;S;T;U;V;W;Y,u65d8,旘,U+65D8,,,YSYIA,YA,ci3,a pennon; a flag. to fasten,1,2,6,2,0.8,12,cj-447,10,
cj-448,cangjie,6,448,Lesson 448,第448課,Y;S;O;K;R;T;C;I;A;H;D;W;M;U;V,Y;R;C;A;W;M;U,A;C;D;H;I;K;M;O;R;S;T;U;V;W;Y,u65d9,旙,U+65D9,,,YSHDW,YW,faan1,"a pennant, a banner",1,2,6,2,0.8,12,cj-447,10,
cj-448,cangjie,6,448,Lesson 448,第448課,Y;S;O;K;R;T;C;I;A;H;D;W;M;U;V,Y;R;C;A;W;M;U,A;C;D;H;I;K;M;O;R;S;T;U;V;W;Y,u65db,旛,U+65DB,,,YSOHW,YW,faan1,"a pennant, a banner",1,2,6,2,0.8,12,cj-447,10,
cj-448,cangjie,6,448,Lesson 448,第448課,Y;S;O;K;R;T;C;I;A;H;D;W;M;U;V,Y;R;C;A;W;M;U,A;C;D;H;I;K;M;O;R;S;T;U;V;W;Y,u65dc,旜,U+65DC,,,YSOYM,YM,zin1,flag,1,2,6,2,0.8,12,cj-447,10,
cj-448,cangjie,6,448,Lesson 448,第448課,Y;S;O;K;R;T;C;I;A;H;D;W;M;U;V,Y;R;C;A;W;M;U,A;C;D;H;I;K;M;O;R;S;T;U;V;W;Y,u65dd,旝,U+65DD,,,YSOOA,YA,kui2,"banner, flag, streamer; insignia",1,2,6,2,0.8,12,cj-447,10,
cj-448,cangjie,6,448,Lesson 448,第448課,Y;S;O;K;R;T;C;I;A;H;D;W;M;U;V,Y;R;C;A;W;M;U,A;C;D;H;I;K;M;O;R;S;T;U;V;W;Y,u65df,旟,U+65DF,,,YSOHC,YC,jyu4,an military flag or standard,1,2,6,2,0.8,12,cj-447,10,
cj-448,cangjie,6,448,Lesson 448,第448課,Y;S;O;K;R;T;C;I;A;H;D;W;M;U;V,Y;R;C;A;W;M;U,A;C;D;H;I;K;M;O;R;S;T;U;V;W;Y,u65e0,无,U+65E0,,,MKU,MU,mou4,"negative, no, not; Kangxi radical 71",1,2,6,2,0.8,12,cj-447,10,
cj-448,cangjie,6,448,Lesson 448,第448課,Y;S;O;K;R;T;C;I;A;H;D;W;M;U;V,Y;R;C;A;W;M;U,A;C;D;H;I;K;M;O;R;S;T;U;V;W;Y,u65e1,旡,U+65E1,,,MVKU,MU,gei3,choke on something eaten,1,2,6,2,0.8,12,cj-447,10,
cj-449,cangjie,6,449,Lesson 449,第449課,A;I;M;V;U;H;P;L;J;K;N,A;U;H;M;L;P;J;K,A;H;I;J;K;L;M;N;P;U;V,u65e2,既,U+65E2,,,AIMVU,AU,gei3,already; de facto; since; then,1,2,6,2,0.8,12,cj-448,10,
cj-449,cangjie,6,449,Lesson 449,第449課,A;I;M;V;U;H;P;L;J;K;N,A;U;H;M;L;P;J;K,A;H;I;J;K;L;M;N;P;U;V,u65e3,旣,U+65E3,,,HPMVU,HU,gei3,already; de facto; since; then,1,2,6,2,0.8,12,cj-448,10,
cj-449,cangjie,6,449,Lesson 449,第449課,A;I;M;V;U;H;P;L;J;K;N,A;U;H;M;L;P;J;K,A;H;I;J;K;L;M;N;P;U;V,u65e5,日,U+65E5,,,A,A,jat6,sun; day; daytime,1,2,6,2,0.8,12,cj-448,10,
cj-449,cangjie,6,449,Lesson 449,第449課,A;I;M;V;U;H;P;L;J;K;N,A;U;H;M;L;P;J;K,A;H;I;J;K;L;M;N;P;U;V,u65e6,旦,U+65E6,,,AM,AM,daan3,dawn; morning; day,1,2,6,2,0.8,12,cj-448,10,
cj-449,cangjie,6,449,Lesson 449,第449課,A;I;M;V;U;H;P;L;J;K;N,A;U;H;M;L;P;J;K,A;H;I;J;K;L;M;N;P;U;V,u65e7,旧,U+65E7,,,LA,LA,gau6,"old, ancient; former, past",1,2,6,2,0.8,12,cj-448,10,
cj-449,cangjie,6,449,Lesson 449,第449課,A;I;M;V;U;H;P;L;J;K;N,A;U;H;M;L;P;J;K,A;H;I;J;K;L;M;N;P;U;V,u65e8,旨,U+65E8,,,PA,PA,zi2,"purpose, aim; excellent",1,2,6,2,0.8,12,cj-448,10,
cj-449,cangjie,6,449,Lesson 449,第449課,A;I;M;V;U;H;P;L;J;K;N,A;U;H;M;L;P;J;K,A;H;I;J;K;L;M;N;P;U;V,u65e9,早,U+65E9,,,AJ,AJ,zou2,early; soon; morning,1,2,6,2,0.8,12,cj-448,10,
cj-449,cangjie,6,449,Lesson 449,第449課,A;I;M;V;U;H;P;L;J;K;N,A;U;H;M;L;P;J;K,A;H;I;J;K;L;M;N;P;U;V,u65ea,旪,U+65EA,,,AJ,AJ,hip3,united in; agreement; mutual aid,1,2,6,2,0.8,12,cj-448,10,
cj-449,cangjie,6,449,Lesson 449,第449課,A;I;M;V;U;H;P;L;J;K;N,A;U;H;M;L;P;J;K,A;H;I;J;K;L;M;N;P;U;V,u65ec,旬,U+65EC,,,PA,PA,ceon4,ten-day period; period of time,1,2,6,2,0.8,12,cj-448,10,
cj-449,cangjie,6,449,Lesson 449,第449課,A;I;M;V;U;H;P;L;J;K;N,A;U;H;M;L;P;J;K,A;H;I;J;K;L;M;N;P;U;V,u65ed,旭,U+65ED,,,KNA,KA,juk1,rising sun; brilliance; radiant,1,2,6,2,0.8,12,cj-448,10,
cj-450,cangjie,6,450,Lesson 450,第450課,K;N;A;M;J;P;I;D;S;H;U,K;A;N;J;I;D;H;U,A;D;H;I;J;K;M;N;P;S;U,u65ee,旮,U+65EE,,,KNA,KA,go1,"nook, corner",1,2,6,2,0.8,12,cj-449,10,
cj-450,cangjie,6,450,Lesson 450,第450課,K;N;A;M;J;P;I;D;S;H;U,K;A;N;J;I;D;H;U,A;D;H;I;J;K;M;N;P;S;U,u65ef,旯,U+65EF,,,AKN,AN,lo1,"nook, corner",1,2,6,2,0.8,12,cj-449,10,
cj-450,cangjie,6,450,Lesson 450,第450課,K;N;A;M;J;P;I;D;S;H;U,K;A;N;J;I;D;H;U,A;D;H;I;J;K;M;N;P;S;U,u65f0,旰,U+65F0,,,AMJ,AJ,gon3,"sunset, dusk; evening",1,2,6,2,0.8,12,cj-449,10,
cj-450,cangjie,6,450,Lesson 450,第450課,K;N;A;M;J;P;I;D;S;H;U,K;A;N;J;I;D;H;U,A;D;H;I;J;K;M;N;P;S;U,u65f1,旱,U+65F1,,,AMJ,AJ,hon5,drought; dry; dry land,1,2,6,2,0.8,12,cj-449,10,
cj-450,cangjie,6,450,Lesson 450,第450課,K;N;A;M;J;P;I;D;S;H;U,K;A;N;J;I;D;H;U,A;D;H;I;J;K;M;N;P;S;U,u65f3,旳,U+65F3,,,API,AI,dik1,"possessive, adjectival suffix",1,2,6,2,0.8,12,cj-449,10,
cj-450,cangjie,6,450,Lesson 450,第450課,K;N;A;M;J;P;I;D;S;H;U,K;A;N;J;I;D;H;U,A;D;H;I;J;K;M;N;P;S;U,u65f4,旴,U+65F4,,,AMD,AD,heoi1,dawn,1,2,6,2,0.8,12,cj-449,10,
cj-450,cangjie,6,450,Lesson 450,第450課,K;N;A;M;J;P;I;D;S;H;U,K;A;N;J;I;D;H;U,A;D;H;I;J;K;M;N;P;S;U,u65f6,时,U+65F6,,,ADI,AI,si4,"time, season; era, age, period",1,2,6,2,0.8,12,cj-449,10,
cj-450,cangjie,6,450,Lesson 450,第450課,K;N;A;M;J;P;I;D;S;H;U,K;A;N;J;I;D;H;U,A;D;H;I;J;K;M;N;P;S;U,u65f7,旷,U+65F7,,,AI,AI,kwong3,"extensive, wide, broad; empty",1,2,6,2,0.8,12,cj-449,10,
cj-450,cangjie,6,450,Lesson 450,第450課,K;N;A;M;J;P;I;D;S;H;U,K;A;N;J;I;D;H;U,A;D;H;I;J;K;M;N;P;S;U,u65f8,旸,U+65F8,,,ANSH,AH,joeng4,rising sun; sunshine,1,2,6,2,0.8,12,cj-449,10,
cj-450,cangjie,6,450,Lesson 450,第450課,K;N;A;M;J;P;I;D;S;H;U,K;A;N;J;I;D;H;U,A;D;H;I;J;K;M;N;P;S;U,u65f9,旹,U+65F9,,,UMA,UA,si4,"time, season; era, age, period",1,2,6,2,0.8,12,cj-449,10,
cj-451,cangjie,6,451,Lesson 451,第451課,A;M;G;Y;K;P;U;I;H;V;L;O;E,A;G;K;U;P;M;L;O;E,A;E;G;H;I;K;L;M;O;P;U;V;Y,u65fa,旺,U+65FA,,,AMG,AG,wong6,prosper; prosperous; increase,1,2,6,2,0.8,12,cj-450,10,
cj-451,cangjie,6,451,Lesson 451,第451課,A;M;G;Y;K;P;U;I;H;V;L;O;E,A;G;K;U;P;M;L;O;E,A;E;G;H;I;K;L;M;O;P;U;V;Y,u65fb,旻,U+65FB,,,AYK,AK,man4,heaven,1,2,6,2,0.8,12,cj-450,10,
cj-451,cangjie,6,451,Lesson 451,第451課,A;M;G;Y;K;P;U;I;H;V;L;O;E,A;G;K;U;P;M;L;O;E,A;E;G;H;I;K;L;M;O;P;U;V;Y,u65fc,旼,U+65FC,,,AYK,AK,man4,gentle and affable,1,2,6,2,0.8,12,cj-450,10,
cj-451,cangjie,6,451,Lesson 451,第451課,A;M;G;Y;K;P;U;I;H;V;L;O;E,A;G;K;U;P;M;L;O;E,A;E;G;H;I;K;L;M;O;P;U;V;Y,u65fd,旽,U+65FD,,,APU,AU,tan1,"morning sun, sunrise",1,2,6,2,0.8,12,cj-450,10,
cj-451,cangjie,6,451,Lesson 451,第451課,A;M;G;Y;K;P;U;I;H;V;L;O;E,A;G;K;U;P;M;L;O;E,A;E;G;H;I;K;L;M;O;P;U;V;Y,u65fe,旾,U+65FE,,,PUA,PA,ceon1,spring; wanton,1,2,6,2,0.8,12,cj-450,10,
cj-451,cangjie,6,451,Lesson 451,第451課,A;M;G;Y;K;P;U;I;H;V;L;O;E,A;G;K;U;P;M;L;O;E,A;E;G;H;I;K;L;M;O;P;U;V;Y,u6600,昀,U+6600,,,APIM,AM,wan4,sun light; used in personal names,1,2,6,2,0.8,12,cj-450,10,
cj-451,cangjie,6,451,Lesson 451,第451課,A;M;G;Y;K;P;U;I;H;V;L;O;E,A;G;K;U;P;M;L;O;E,A;E;G;H;I;K;L;M;O;P;U;V;Y,u6602,昂,U+6602,,,AHVL,AL,ngong4,"rise, raise; proud, bold; upright",1,2,6,2,0.8,12,cj-450,10,
cj-451,cangjie,6,451,Lesson 451,第451課,A;M;G;Y;K;P;U;I;H;V;L;O;E,A;G;K;U;P;M;L;O;E,A;E;G;H;I;K;L;M;O;P;U;V;Y,u6603,昃,U+6603,,,AMO,AO,zak1,afternoon; the sun in the afternoon sky; to decline,1,2,6,2,0.8,12,cj-450,10,
cj-451,cangjie,6,451,Lesson 451,第451課,A;M;G;Y;K;P;U;I;H;V;L;O;E,A;G;K;U;P;M;L;O;E,A;E;G;H;I;K;L;M;O;P;U;V;Y,u6604,昄,U+6604,,,AHE,AE,baan2,big,1,2,6,2,0.8,12,cj-450,10,
cj-451,cangjie,6,451,Lesson 451,第451課,A;M;G;Y;K;P;U;I;H;V;L;O;E,A;G;K;U;P;M;L;O;E,A;E;G;H;I;K;L;M;O;P;U;V;Y,u6606,昆,U+6606,,,APP,AP,kwan1,elder brother; descendants,1,2,6,2,0.8,12,cj-450,10,
cj-452,cangjie,6,452,Lesson 452,第452課,A;H;T;Y;S;M;K;B;P;O;I;N,A;T;S;K;B;H;N,A;B;H;I;K;M;N;O;P;S;T;Y,u6607,昇,U+6607,,,AHT,AT,sing1,"rise, ascent; peaceful; peace",1,2,6,2,0.8,12,cj-451,10,
cj-452,cangjie,6,452,Lesson 452,第452課,A;H;T;Y;S;M;K;B;P;O;I;N,A;T;S;K;B;H;N,A;B;H;I;K;M;N;O;P;S;T;Y,u6609,昉,U+6609,,,AYHS,AS,fong2,"bright dawn, daybreak; appear",1,2,6,2,0.8,12,cj-451,10,
cj-452,cangjie,6,452,Lesson 452,第452課,A;H;T;Y;S;M;K;B;P;O;I;N,A;T;S;K;B;H;N,A;B;H;I;K;M;N;O;P;S;T;Y,u660a,昊,U+660A,,,AMK,AK,hou6,summer time; sky; heaven,1,2,6,2,0.8,12,cj-451,10,
cj-452,cangjie,6,452,Lesson 452,第452課,A;H;T;Y;S;M;K;B;P;O;I;N,A;T;S;K;B;H;N,A;B;H;I;K;M;N;O;P;S;T;Y,u660c,昌,U+660C,,,AA,AA,coeng1,"light of sun; good, proper",1,2,6,2,0.8,12,cj-451,10,
cj-452,cangjie,6,452,Lesson 452,第452課,A;H;T;Y;S;M;K;B;P;O;I;N,A;T;S;K;B;H;N,A;B;H;I;K;M;N;O;P;S;T;Y,u660e,明,U+660E,,,AB,AB,ming4,"bright, light, brilliant; clear",1,2,6,2,0.8,12,cj-451,10,
cj-452,cangjie,6,452,Lesson 452,第452課,A;H;T;Y;S;M;K;B;P;O;I;N,A;T;S;K;B;H;N,A;B;H;I;K;M;N;O;P;S;T;Y,u660f,昏,U+660F,,,HPA,HA,fan1,"dusk, nightfall, twilight, dark",1,2,6,2,0.8,12,cj-451,10,
cj-452,cangjie,6,452,Lesson 452,第452課,A;H;T;Y;S;M;K;B;P;O;I;N,A;T;S;K;B;H;N,A;B;H;I;K;M;N;O;P;S;T;Y,u6611,昑,U+6611,,,AOIN,AN,jam2,bright,1,2,6,2,0.8,12,cj-451,10,
cj-452,cangjie,6,452,Lesson 452,第452課,A;H;T;Y;S;M;K;B;P;O;I;N,A;T;S;K;B;H;N,A;B;H;I;K;M;N;O;P;S;T;Y,u6612,昒,U+6612,,,APHH,AH,fat1,"daybreak, dawn",1,2,6,2,0.8,12,cj-451,10,
cj-452,cangjie,6,452,Lesson 452,第452課,A;H;T;Y;S;M;K;B;P;O;I;N,A;T;S;K;B;H;N,A;B;H;I;K;M;N;O;P;S;T;Y,u6613,易,U+6613,,,APHH,AH,ji6,change; easy,1,2,6,2,0.8,12,cj-451,10,
cj-452,cangjie,6,452,Lesson 452,第452課,A;H;T;Y;S;M;K;B;P;O;I;N,A;T;S;K;B;H;N,A;B;H;I;K;M;N;O;P;S;T;Y,u6614,昔,U+6614,,,TA,TA,sik1,formerly; ancient; in beginning,1,2,6,2,0.8,12,cj-451,10,
cj-453,cangjie,6,453,Lesson 453,第453課,A;H;M;L;I;K;C;S;O;B;Q;Y;V,A;L;I;K;H;B;M,A;B;C;H;I;K;L;M;O;Q;S;V;Y,u6615,昕,U+6615,,,AHML,AL,jan1,dawn; early morning; day,1,2,6,2,0.8,12,cj-452,10,
cj-453,cangjie,6,453,Lesson 453,第453課,A;H;M;L;I;K;C;S;O;B;Q;Y;V,A;L;I;K;H;B;M,A;B;C;H;I;K;L;M;O;Q;S;V;Y,u6619,昙,U+6619,,,AMMI,AI,taam4,"become cloudy, overcast",1,2,6,2,0.8,12,cj-452,10,
cj-453,cangjie,6,453,Lesson 453,第453課,A;H;M;L;I;K;C;S;O;B;Q;Y;V,A;L;I;K;H;B;M,A;B;C;H;I;K;L;M;O;Q;S;V;Y,u661a,昚,U+661A,,,KCA,KA,san6,to be cautious,1,2,6,2,0.8,12,cj-452,10,
cj-453,cangjie,6,453,Lesson 453,第453課,A;H;M;L;I;K;C;S;O;B;Q;Y;V,A;L;I;K;H;B;M,A;B;C;H;I;K;L;M;O;Q;S;V;Y,u661c,昜,U+661C,,,AMSH,AH,joeng4,"to open out, to expand; bright, glorious",1,2,6,2,0.8,12,cj-452,10,
cj-453,cangjie,6,453,Lesson 453,第453課,A;H;M;L;I;K;C;S;O;B;Q;Y;V,A;L;I;K;H;B;M,A;B;C;H;I;K;L;M;O;Q;S;V;Y,u661d,昝,U+661D,,,HOA,HA,zaan2,"a dual pronoun, I, you and me, we two",1,2,6,2,0.8,12,cj-452,10,
cj-453,cangjie,6,453,Lesson 453,第453課,A;H;M;L;I;K;C;S;O;B;Q;Y;V,A;L;I;K;H;B;M,A;B;C;H;I;K;L;M;O;Q;S;V;Y,u661e,昞,U+661E,,,AMOB,AB,bing2,"bright, luminous; glorious",1,2,6,2,0.8,12,cj-452,10,
cj-453,cangjie,6,453,Lesson 453,第453課,A;H;M;L;I;K;C;S;O;B;Q;Y;V,A;L;I;K;H;B;M,A;B;C;H;I;K;L;M;O;Q;S;V;Y,u661f,星,U+661F,,,AHQM,AM,sing1,"a star, planet; any point of light; 25th lunar mansion, determinative star α Hydrae (Alphard)",1,2,6,2,0.8,12,cj-452,10,
cj-453,cangjie,6,453,Lesson 453,第453課,A;H;M;L;I;K;C;S;O;B;Q;Y;V,A;L;I;K;H;B;M,A;B;C;H;I;K;L;M;O;Q;S;V;Y,u6620,映,U+6620,,,ALBK,AK,jing2,project; reflect light,1,2,6,2,0.8,12,cj-452,10,
cj-453,cangjie,6,453,Lesson 453,第453課,A;H;M;L;I;K;C;S;O;B;Q;Y;V,A;L;I;K;H;B;M,A;B;C;H;I;K;L;M;O;Q;S;V;Y,u6621,昡,U+6621,,,AYVI,AI,jyun6,long day; extended; relaxed,1,2,6,2,0.8,12,cj-452,10,
cj-453,cangjie,6,453,Lesson 453,第453課,A;H;M;L;I;K;C;S;O;B;Q;Y;V,A;L;I;K;H;B;M,A;B;C;H;I;K;L;M;O;Q;S;V;Y,u6624,昤,U+6624,,,AOII,AI,ling4,sunshine,1,2,6,2,0.8,12,cj-452,10,
cj-454,cangjie,6,454,Lesson 454,第454課,Q;K;A;J;D;O;S;I;T;P;R;H;M;Y,Q;A;D;S;T;R;O;M,A;D;H;I;J;K;M;O;P;Q;R;S;T;Y,u6625,春,U+6625,,,QKA,QA,ceon1,spring; wanton,1,2,6,2,0.8,12,cj-453,10,
cj-454,cangjie,6,454,Lesson 454,第454課,Q;K;A;J;D;O;S;I;T;P;R;H;M;Y,Q;A;D;S;T;R;O;M,A;D;H;I;J;K;M;O;P;Q;R;S;T;Y,u6627,昧,U+6627,,,AJD,AD,mui6,"obscure, dark; darken",1,2,6,2,0.8,12,cj-453,10,
cj-454,cangjie,6,454,Lesson 454,第454課,Q;K;A;J;D;O;S;I;T;P;R;H;M;Y,Q;A;D;S;T;R;O;M,A;D;H;I;J;K;M;O;P;Q;R;S;T;Y,u6628,昨,U+6628,,,AOS,AS,zok6,"yesterday; in former times, past",1,2,6,2,0.8,12,cj-453,10,
cj-454,cangjie,6,454,Lesson 454,第454課,Q;K;A;J;D;O;S;I;T;P;R;H;M;Y,Q;A;D;S;T;R;O;M,A;D;H;I;J;K;M;O;P;Q;R;S;T;Y,u662a,昪,U+662A,,,AIT,AT,bin6,delighted; pleased,1,2,6,2,0.8,12,cj-453,10,
cj-454,cangjie,6,454,Lesson 454,第454課,Q;K;A;J;D;O;S;I;T;P;R;H;M;Y,Q;A;D;S;T;R;O;M,A;D;H;I;J;K;M;O;P;Q;R;S;T;Y,u662b,昫,U+662B,,,APR,AR,heoi2,warm,1,2,6,2,0.8,12,cj-453,10,
cj-454,cangjie,6,454,Lesson 454,第454課,Q;K;A;J;D;O;S;I;T;P;R;H;M;Y,Q;A;D;S;T;R;O;M,A;D;H;I;J;K;M;O;P;Q;R;S;T;Y,u662c,昬,U+662C,,,RPA,RA,fan1,"dusk, dark confused; stupid",1,2,6,2,0.8,12,cj-453,10,
cj-454,cangjie,6,454,Lesson 454,第454課,Q;K;A;J;D;O;S;I;T;P;R;H;M;Y,Q;A;D;S;T;R;O;M,A;D;H;I;J;K;M;O;P;Q;R;S;T;Y,u662d,昭,U+662D,,,ASHR,AR,ciu1,"bright, luminous; illustrious",1,2,6,2,0.8,12,cj-453,10,
cj-454,cangjie,6,454,Lesson 454,第454課,Q;K;A;J;D;O;S;I;T;P;R;H;M;Y,Q;A;D;S;T;R;O;M,A;D;H;I;J;K;M;O;P;Q;R;S;T;Y,u662f,是,U+662F,,,AMYO,AO,si6,"indeed, yes, right; to be; demonstrative pronoun, this, that",1,2,6,2,0.8,12,cj-453,10,
cj-454,cangjie,6,454,Lesson 454,第454課,Q;K;A;J;D;O;S;I;T;P;R;H;M;Y,Q;A;D;S;T;R;O;M,A;D;H;I;J;K;M;O;P;Q;R;S;T;Y,u6630,昰,U+6630,,,AMYM,AM,haa6,variant of 'to be'; summer; name,1,2,6,2,0.8,12,cj-453,10,
cj-454,cangjie,6,454,Lesson 454,第454課,Q;K;A;J;D;O;S;I;T;P;R;H;M;Y,Q;A;D;S;T;R;O;M,A;D;H;I;J;K;M;O;P;Q;R;S;T;Y,u6631,昱,U+6631,,,AYT,AT,juk1,"bright light, sunlight; dazzling",1,2,6,2,0.8,12,cj-453,10,
cj-455,cangjie,6,455,Lesson 455,第455課,A;L;N;H;Q;O;S;P;I;E;B;T;M;K,A;N;O;L;P;I;T;B;S;M,A;B;E;H;I;K;L;M;N;O;P;Q;S;T,u6632,昲,U+6632,,,ALLN,AN,fai3,sun-dried,1,2,6,2,0.8,12,cj-454,10,
cj-455,cangjie,6,455,Lesson 455,第455課,A;L;N;H;Q;O;S;P;I;E;B;T;M;K,A;N;O;L;P;I;T;B;S;M,A;B;E;H;I;K;L;M;N;O;P;Q;S;T,u6633,昳,U+6633,,,AHQO,AO,dit6,the declining sun in the west,1,2,6,2,0.8,12,cj-454,10,
cj-455,cangjie,6,455,Lesson 455,第455課,A;L;N;H;Q;O;S;P;I;E;B;T;M;K,A;N;O;L;P;I;T;B;S;M,A;B;E;H;I;K;L;M;N;O;P;Q;S;T,u6634,昴,U+6634,,,AHHL,AL,maau5,"18th lunar mansion, determinative star 17 Tauri (Electra)",1,2,6,2,0.8,12,cj-454,10,
cj-455,cangjie,6,455,Lesson 455,第455課,A;L;N;H;Q;O;S;P;I;E;B;T;M;K,A;N;O;L;P;I;T;B;S;M,A;B;E;H;I;K;L;M;N;O;P;Q;S;T,u6635,昵,U+6635,,,ASP,AP,nik1,"intimate, close; approach",1,2,6,2,0.8,12,cj-454,10,
cj-455,cangjie,6,455,Lesson 455,第455課,A;L;N;H;Q;O;S;P;I;E;B;T;M;K,A;N;O;L;P;I;T;B;S;M,A;B;E;H;I;K;L;M;N;O;P;Q;S;T,u6636,昶,U+6636,,,IEA,IA,cong2,a long day. bright. extended. clear,1,2,6,2,0.8,12,cj-454,10,
cj-455,cangjie,6,455,Lesson 455,第455課,A;L;N;H;Q;O;S;P;I;E;B;T;M;K,A;N;O;L;P;I;T;B;S;M,A;B;E;H;I;K;L;M;N;O;P;Q;S;T,u6637,昷,U+6637,,,ABT,AT,wan1,to feed a prisoner,1,2,6,2,0.8,12,cj-454,10,
cj-455,cangjie,6,455,Lesson 455,第455課,A;L;N;H;Q;O;S;P;I;E;B;T;M;K,A;N;O;L;P;I;T;B;S;M,A;B;E;H;I;K;L;M;N;O;P;Q;S;T,u663a,昺,U+663A,,,AMOB,AB,bing2,"bright, glorious; brilliant",1,2,6,2,0.8,12,cj-454,10,
cj-455,cangjie,6,455,Lesson 455,第455課,A;L;N;H;Q;O;S;P;I;E;B;T;M;K,A;N;O;L;P;I;T;B;S;M,A;B;E;H;I;K;L;M;N;O;P;Q;S;T,u663b,昻,U+663B,,,AMSL,AL,ngong4,rise,1,2,6,2,0.8,12,cj-454,10,
cj-455,cangjie,6,455,Lesson 455,第455課,A;L;N;H;Q;O;S;P;I;E;B;T;M;K,A;N;O;L;P;I;T;B;S;M,A;B;E;H;I;K;L;M;N;O;P;Q;S;T,u663c,昼,U+663C,,,SOAM,SM,zau3,"daytime, daylight",1,2,6,2,0.8,12,cj-454,10,
cj-455,cangjie,6,455,Lesson 455,第455課,A;L;N;H;Q;O;S;P;I;E;B;T;M;K,A;N;O;L;P;I;T;B;S;M,A;B;E;H;I;K;L;M;N;O;P;Q;S;T,u663d,昽,U+663D,,,AIKP,AP,lung4,"vague, dim; twilight",1,2,6,2,0.8,12,cj-454,10,
cj-456,cangjie,6,456,Lesson 456,第456課,A;T;C;I;L;M;O;G;D;F;U;H;B;R,A;C;I;O;U;M;R,A;B;C;D;F;G;H;I;L;M;O;R;T;U,u663e,显,U+663E,,,ATC,AC,hin2,"manifest, display; evident, clear",1,2,6,2,0.8,12,cj-455,10,
cj-456,cangjie,6,456,Lesson 456,第456課,A;T;C;I;L;M;O;G;D;F;U;H;B;R,A;C;I;O;U;M;R,A;B;C;D;F;G;H;I;L;M;O;R;T;U,u663f,昿,U+663F,,,AII,AI,kwong3,"extensive, wide, broad; empty",1,2,6,2,0.8,12,cj-455,10,
cj-456,cangjie,6,456,Lesson 456,第456課,A;T;C;I;L;M;O;G;D;F;U;H;B;R,A;C;I;O;U;M;R,A;B;C;D;F;G;H;I;L;M;O;R;T;U,u6641,晁,U+6641,,,ALMO,AO,ciu4,"morning, dawn; surname",1,2,6,2,0.8,12,cj-455,10,
cj-456,cangjie,6,456,Lesson 456,第456課,A;T;C;I;L;M;O;G;D;F;U;H;B;R,A;C;I;O;U;M;R,A;B;C;D;F;G;H;I;L;M;O;R;T;U,u6642,時,U+6642,,,AGDI,AI,si4,"time, season; era, age, period",1,2,6,2,0.8,12,cj-455,10,
cj-456,cangjie,6,456,Lesson 456,第456課,A;T;C;I;L;M;O;G;D;F;U;H;B;R,A;C;I;O;U;M;R,A;B;C;D;F;G;H;I;L;M;O;R;T;U,u6643,晃,U+6643,,,AFMU,AU,fong2,"bright, dazzling; to sway, shake",1,2,6,2,0.8,12,cj-455,10,
cj-456,cangjie,6,456,Lesson 456,第456課,A;T;C;I;L;M;O;G;D;F;U;H;B;R,A;C;I;O;U;M;R,A;B;C;D;F;G;H;I;L;M;O;R;T;U,u6644,晄,U+6644,,,AFMU,AU,fong2,"bright, dazzling; to sway, shake",1,2,6,2,0.8,12,cj-455,10,
cj-456,cangjie,6,456,Lesson 456,第456課,A;T;C;I;L;M;O;G;D;F;U;H;B;R,A;C;I;O;U;M;R,A;B;C;D;F;G;H;I;L;M;O;R;T;U,u6645,晅,U+6645,,,AMAM,AM,hyun1,light of the sun; to dry in the sun,1,2,6,2,0.8,12,cj-455,10,
cj-456,cangjie,6,456,Lesson 456,第456課,A;T;C;I;L;M;O;G;D;F;U;H;B;R,A;C;I;O;U;M;R,A;B;C;D;F;G;H;I;L;M;O;R;T;U,u6649,晉,U+6649,,,MIIA,MA,zeon3,"advance, increase; promote; hexagram ䷢",1,2,6,2,0.8,12,cj-455,10,
cj-456,cangjie,6,456,Lesson 456,第456課,A;T;C;I;L;M;O;G;D;F;U;H;B;R,A;C;I;O;U;M;R,A;B;C;D;F;G;H;I;L;M;O;R;T;U,u664b,晋,U+664B,,,MCA,MA,zeon3,"advance, increase; promote",1,2,6,2,0.8,12,cj-455,10,
cj-456,cangjie,6,456,Lesson 456,第456課,A;T;C;I;L;M;O;G;D;F;U;H;B;R,A;C;I;O;U;M;R,A;B;C;D;F;G;H;I;L;M;O;R;T;U,u664c,晌,U+664C,,,AHBR,AR,hoeng2,"noon, midday; moment; unit land measurement equal to seven mou (see 畝), or the area that can be sown in one day",1,2,6,2,0.8,12,cj-455,10,
cj-457,cangjie,6,457,Lesson 457,第457課,A;J;V;M;C;W;P;U;O;B;K;Q;I;R;E;N,A;V;W;U;J;Q;R;E,A;B;C;E;I;J;K;M;N;O;P;Q;R;U;V;W,u664f,晏,U+664F,,,AJV,AV,aan3,"peaceful, quiet; clear; late in the day",1,2,6,2,0.8,12,cj-456,10,
cj-457,cangjie,6,457,Lesson 457,第457課,A;J;V;M;C;W;P;U;O;B;K;Q;I;R;E;N,A;V;W;U;J;Q;R;E,A;B;C;E;I;J;K;M;N;O;P;Q;R;U;V;W,u6652,晒,U+6652,,,AMCW,AW,saai3,"dry in sun, expose to sun",1,2,6,2,0.8,12,cj-456,10,
cj-457,cangjie,6,457,Lesson 457,第457課,A;J;V;M;C;W;P;U;O;B;K;Q;I;R;E;N,A;V;W;U;J;Q;R;E,A;B;C;E;I;J;K;M;N;O;P;Q;R;U;V;W,u6653,晓,U+6653,,,AJPU,AU,hiu2,"dawn, daybreak; clear, explicit",1,2,6,2,0.8,12,cj-456,10,
cj-457,cangjie,6,457,Lesson 457,第457課,A;J;V;M;C;W;P;U;O;B;K;Q;I;R;E;N,A;V;W;U;J;Q;R;E,A;B;C;E;I;J;K;M;N;O;P;Q;R;U;V;W,u6654,晔,U+6654,,,AOPJ,AJ,jip6,bright; radiant; thriving,1,2,6,2,0.8,12,cj-456,10,
cj-457,cangjie,6,457,Lesson 457,第457課,A;J;V;M;C;W;P;U;O;B;K;Q;I;R;E;N,A;V;W;U;J;Q;R;E,A;B;C;E;I;J;K;M;N;O;P;Q;R;U;V;W,u6655,晕,U+6655,,,ABKQ,AQ,wan4,"halo in sky; fog; dizzy, faint",1,2,6,2,0.8,12,cj-456,10,
cj-457,cangjie,6,457,Lesson 457,第457課,A;J;V;M;C;W;P;U;O;B;K;Q;I;R;E;N,A;V;W;U;J;Q;R;E,A;B;C;E;I;J;K;M;N;O;P;Q;R;U;V;W,u6656,晖,U+6656,,,ABKQ,AQ,fai1,"sunshine; light, bright, radiant",1,2,6,2,0.8,12,cj-456,10,
cj-457,cangjie,6,457,Lesson 457,第457課,A;J;V;M;C;W;P;U;O;B;K;Q;I;R;E;N,A;V;W;U;J;Q;R;E,A;B;C;E;I;J;K;M;N;O;P;Q;R;U;V;W,u6657,晗,U+6657,,,AOIR,AR,ham4,pre-dawn,1,2,6,2,0.8,12,cj-456,10,
cj-457,cangjie,6,457,Lesson 457,第457課,A;J;V;M;C;W;P;U;O;B;K;Q;I;R;E;N,A;V;W;U;J;Q;R;E,A;B;C;E;I;J;K;M;N;O;P;Q;R;U;V;W,u6659,晙,U+6659,,,AICE,AE,zeon3,early; bright; respect,1,2,6,2,0.8,12,cj-456,10,
cj-457,cangjie,6,457,Lesson 457,第457課,A;J;V;M;C;W;P;U;O;B;K;Q;I;R;E;N,A;V;W;U;J;Q;R;E,A;B;C;E;I;J;K;M;N;O;P;Q;R;U;V;W,u665a,晚,U+665A,,,ANAU,AU,maan5,"night, evening; late",1,2,6,2,0.8,12,cj-456,10,
cj-457,cangjie,6,457,Lesson 457,第457課,A;J;V;M;C;W;P;U;O;B;K;Q;I;R;E;N,A;V;W;U;J;Q;R;E,A;B;C;E;I;J;K;M;N;O;P;Q;R;U;V;W,u665b,晛,U+665B,,,ABUU,AU,jin5,sunlight,1,2,6,2,0.8,12,cj-456,10,
cj-458,cangjie,6,458,Lesson 458,第458課,A;C;N;H;L;G;M;K;B;I;S;J;Q;R;U;O;W;Y,A;H;L;M;B;S;Q;R;U;Y,A;B;C;G;H;I;J;K;L;M;N;O;Q;R;S;U;W;Y,u665c,晜,U+665C,,,ACNH,AH,kwan1,insect,1,2,6,2,0.8,12,cj-457,10,
cj-458,cangjie,6,458,Lesson 458,第458課,A;C;N;H;L;G;M;K;B;I;S;J;Q;R;U;O;W;Y,A;H;L;M;B;S;Q;R;U;Y,A;B;C;G;H;I;J;K;L;M;N;O;Q;R;S;U;W;Y,u665d,晝,U+665D,,,LGAM,LM,zau3,"daytime, daylight",1,2,6,2,0.8,12,cj-457,10,
cj-458,cangjie,6,458,Lesson 458,第458課,A;C;N;H;L;G;M;K;B;I;S;J;Q;R;U;O;W;Y,A;H;L;M;B;S;Q;R;U;Y,A;B;C;G;H;I;J;K;L;M;N;O;Q;R;S;U;W;Y,u665e,晞,U+665E,,,AKKB,AB,hei1,"dry, expose sun; dawn",1,2,6,2,0.8,12,cj-457,10,
cj-458,cangjie,6,458,Lesson 458,第458課,A;C;N;H;L;G;M;K;B;I;S;J;Q;R;U;O;W;Y,A;H;L;M;B;S;Q;R;U;Y,A;B;C;G;H;I;J;K;L;M;N;O;Q;R;S;U;W;Y,u665f,晟,U+665F,,,AIHS,AS,sing4,"clear, bright; splendor, brightness",1,2,6,2,0.8,12,cj-457,10,
cj-458,cangjie,6,458,Lesson 458,第458課,A;C;N;H;L;G;M;K;B;I;S;J;Q;R;U;O;W;Y,A;H;L;M;B;S;Q;R;U;Y,A;B;C;G;H;I;J;K;L;M;N;O;Q;R;S;U;W;Y,u6661,晡,U+6661,,,AIJB,AB,bou1,late afternoon,1,2,6,2,0.8,12,cj-457,10,
cj-458,cangjie,6,458,Lesson 458,第458課,A;C;N;H;L;G;M;K;B;I;S;J;Q;R;U;O;W;Y,A;H;L;M;B;S;Q;R;U;Y,A;B;C;G;H;I;J;K;L;M;N;O;Q;R;S;U;W;Y,u6662,晢,U+6662,,,QLA,QA,zit3,light of stars; shine,1,2,6,2,0.8,12,cj-457,10,
cj-458,cangjie,6,458,Lesson 458,第458課,A;C;N;H;L;G;M;K;B;I;S;J;Q;R;U;O;W;Y,A;H;L;M;B;S;Q;R;U;Y,A;B;C;G;H;I;J;K;L;M;N;O;Q;R;S;U;W;Y,u6664,晤,U+6664,,,AMMR,AR,ng6,have interview with; meet,1,2,6,2,0.8,12,cj-457,10,
cj-458,cangjie,6,458,Lesson 458,第458課,A;C;N;H;L;G;M;K;B;I;S;J;Q;R;U;O;W;Y,A;H;L;M;B;S;Q;R;U;Y,A;B;C;G;H;I;J;K;L;M;N;O;Q;R;S;U;W;Y,u6665,晥,U+6665,,,AJMU,AU,wun5,Anhui province,1,2,6,2,0.8,12,cj-457,10,
cj-458,cangjie,6,458,Lesson 458,第458課,A;C;N;H;L;G;M;K;B;I;S;J;Q;R;U;O;W;Y,A;H;L;M;B;S;Q;R;U;Y,A;B;C;G;H;I;J;K;L;M;N;O;Q;R;S;U;W;Y,u6666,晦,U+6666,,,AOWY,AY,fui3,"dark, unclear, obscure; night",1,2,6,2,0.8,12,cj-457,10,
cj-458,cangjie,6,458,Lesson 458,第458課,A;C;N;H;L;G;M;K;B;I;S;J;Q;R;U;O;W;Y,A;H;L;M;B;S;Q;R;U;Y,A;B;C;G;H;I;J;K;L;M;N;O;Q;R;S;U;W;Y,u6667,晧,U+6667,,,AHGR,AR,hou6,daybreak; bright and brilliant,1,2,6,2,0.8,12,cj-457,10,
cj-459,cangjie,6,459,Lesson 459,第459課,A;M;V;N;U;Y;J;O;T;C;R;F;D;H;L;Q;B,A;V;U;J;T;F;L;D;B,A;B;C;D;F;H;J;L;M;N;O;Q;R;T;U;V;Y,u6668,晨,U+6668,,,AMMV,AV,san4,"early morning, daybreak",1,2,6,2,0.8,12,cj-458,10,
cj-459,cangjie,6,459,Lesson 459,第459課,A;M;V;N;U;Y;J;O;T;C;R;F;D;H;L;Q;B,A;V;U;J;T;F;L;D;B,A;B;C;D;F;H;J;L;M;N;O;Q;R;T;U;V;Y,u6669,晩,U+6669,,,ANAU,AU,maan5,night,1,2,6,2,0.8,12,cj-458,10,
cj-459,cangjie,6,459,Lesson 459,第459課,A;M;V;N;U;Y;J;O;T;C;R;F;D;H;L;Q;B,A;V;U;J;T;F;L;D;B,A;B;C;D;F;H;J;L;M;N;O;Q;R;T;U;V;Y,u666b,晫,U+666B,,,AYAJ,AJ,zoek3,bright,1,2,6,2,0.8,12,cj-458,10,
cj-459,cangjie,6,459,Lesson 459,第459課,A;M;V;N;U;Y;J;O;T;C;R;F;D;H;L;Q;B,A;V;U;J;T;F;L;D;B,A;B;C;D;F;H;J;L;M;N;O;Q;R;T;U;V;Y,u666c,晬,U+666C,,,AYOJ,AJ,zeoi3,first birthday of a child,1,2,6,2,0.8,12,cj-458,10,
cj-459,cangjie,6,459,Lesson 459,第459課,A;M;V;N;U;Y;J;O;T;C;R;F;D;H;L;Q;B,A;V;U;J;T;F;L;D;B,A;B;C;D;F;H;J;L;M;N;O;Q;R;T;U;V;Y,u666e,普,U+666E,,,TCA,TA,pou2,"universal, general, widespread",1,2,6,2,0.8,12,cj-458,10,
cj-459,cangjie,6,459,Lesson 459,第459課,A;M;V;N;U;Y;J;O;T;C;R;F;D;H;L;Q;B,A;V;U;J;T;F;L;D;B,A;B;C;D;F;H;J;L;M;N;O;Q;R;T;U;V;Y,u666f,景,U+666F,,,AYRF,AF,ging2,"scenery, view; conditions",1,2,6,2,0.8,12,cj-458,10,
cj-459,cangjie,6,459,Lesson 459,第459課,A;M;V;N;U;Y;J;O;T;C;R;F;D;H;L;Q;B,A;V;U;J;T;F;L;D;B,A;B;C;D;F;H;J;L;M;N;O;Q;R;T;U;V;Y,u6670,晰,U+6670,,,ADHL,AL,sik1,"clear, evident; clearly",1,2,6,2,0.8,12,cj-458,10,
cj-459,cangjie,6,459,Lesson 459,第459課,A;M;V;N;U;Y;J;O;T;C;R;F;D;H;L;Q;B,A;V;U;J;T;F;L;D;B,A;B;C;D;F;H;J;L;M;N;O;Q;R;T;U;V;Y,u6673,晳,U+6673,,,DLA,DA,sik1,fair; white; clear; discriminate,1,2,6,2,0.8,12,cj-458,10,
cj-459,cangjie,6,459,Lesson 459,第459課,A;M;V;N;U;Y;J;O;T;C;R;F;D;H;L;Q;B,A;V;U;J;T;F;L;D;B,A;B;C;D;F;H;J;L;M;N;O;Q;R;T;U;V;Y,u6674,晴,U+6674,,,AQMB,AB,cing4,"clear weather, fine weather",1,2,6,2,0.8,12,cj-458,10,
cj-459,cangjie,6,459,Lesson 459,第459課,A;M;V;N;U;Y;J;O;T;C;R;F;D;H;L;Q;B,A;V;U;J;T;F;L;D;B,A;B;C;D;F;H;J;L;M;N;O;Q;R;T;U;V;Y,u6676,晶,U+6676,,,AAA,AA,zing1,"crystal; clear, bright; radiant",1,2,6,2,0.8,12,cj-458,10,
cj-460,cangjie,6,460,Lesson 460,第460課,A;H;O;R;M;K;P;L;U;J;N;Y;F;T,A;R;K;H;O;U;F;M,A;F;H;J;K;L;M;N;O;P;R;T;U;Y,u6677,晷,U+6677,,,AHOR,AR,gwai2,shadows of sun; time; sundial,1,2,6,2,0.8,12,cj-459,10,
cj-460,cangjie,6,460,Lesson 460,第460課,A;H;O;R;M;K;P;L;U;J;N;Y;F;T,A;R;K;H;O;U;F;M,A;F;H;J;K;L;M;N;O;P;R;T;U;Y,u6678,晸,U+6678,,,AMMK,AK,zing2,appearance of the sun,1,2,6,2,0.8,12,cj-459,10,
cj-460,cangjie,6,460,Lesson 460,第460課,A;H;O;R;M;K;P;L;U;J;N;Y;F;T,A;R;K;H;O;U;F;M,A;F;H;J;K;L;M;N;O;P;R;T;U;Y,u6679,晹,U+6679,,,AAPH,AH,sik1,the sun going behind and out from behind clouds,1,2,6,2,0.8,12,cj-459,10,
cj-460,cangjie,6,460,Lesson 460,第460課,A;H;O;R;M;K;P;L;U;J;N;Y;F;T,A;R;K;H;O;U;F;M,A;F;H;J;K;L;M;N;O;P;R;T;U;Y,u667a,智,U+667A,,,ORA,OA,zi3,"wisdom, knowledge, intelligence",1,2,6,2,0.8,12,cj-459,10,
cj-460,cangjie,6,460,Lesson 460,第460課,A;H;O;R;M;K;P;L;U;J;N;Y;F;T,A;R;K;H;O;U;F;M,A;F;H;J;K;L;M;N;O;P;R;T;U;Y,u667b,晻,U+667B,,,AKLU,AU,am2,unclear,1,2,6,2,0.8,12,cj-459,10,
cj-460,cangjie,6,460,Lesson 460,第460課,A;H;O;R;M;K;P;L;U;J;N;Y;F;T,A;R;K;H;O;U;F;M,A;F;H;J;K;L;M;N;O;P;R;T;U;Y,u667c,晼,U+667C,,,AJNU,AU,jyun2,sunset,1,2,6,2,0.8,12,cj-459,10,
cj-460,cangjie,6,460,Lesson 460,第460課,A;H;O;R;M;K;P;L;U;J;N;Y;F;T,A;R;K;H;O;U;F;M,A;F;H;J;K;L;M;N;O;P;R;T;U;Y,u667e,晾,U+667E,,,AYRF,AF,long6,air-dry; sun-dry,1,2,6,2,0.8,12,cj-459,10,
cj-460,cangjie,6,460,Lesson 460,第460課,A;H;O;R;M;K;P;L;U;J;N;Y;F;T,A;R;K;H;O;U;F;M,A;F;H;J;K;L;M;N;O;P;R;T;U;Y,u6681,暁,U+6681,,,AJTU,AU,hiu2,"dawn, daybreak; clear, explicit",1,2,6,2,0.8,12,cj-459,10,
cj-460,cangjie,6,460,Lesson 460,第460課,A;H;O;R;M;K;P;L;U;J;N;Y;F;T,A;R;K;H;O;U;F;M,A;F;H;J;K;L;M;N;O;P;R;T;U;Y,u6682,暂,U+6682,,,KLA,KA,zaam6,temporary,1,2,6,2,0.8,12,cj-459,10,
cj-460,cangjie,6,460,Lesson 460,第460課,A;H;O;R;M;K;P;L;U;J;N;Y;F;T,A;R;K;H;O;U;F;M,A;F;H;J;K;L;M;N;O;P;R;T;U;Y,u6684,暄,U+6684,,,AJMM,AM,hyun1,"warm, comfortable; warm, genial",1,2,6,2,0.8,12,cj-459,10,
cj-461,cangjie,6,461,Lesson 461,第461課,A;R;S;E;B;J;K;N;O;P;V;T;L;D;M;Q,A;E;J;R;K;V;Q,A;B;D;E;J;K;L;M;N;O;P;Q;R;S;T;V,u6687,暇,U+6687,,,ARSE,AE,haa6,"leisure, relaxation, spare time",1,2,6,2,0.8,12,cj-460,10,
cj-461,cangjie,6,461,Lesson 461,第461課,A;R;S;E;B;J;K;N;O;P;V;T;L;D;M;Q,A;E;J;R;K;V;Q,A;B;D;E;J;K;L;M;N;O;P;Q;R;S;T;V,u6688,暈,U+6688,,,ABJJ,AJ,wan4,"halo in sky; fog; dizzy, faint",1,2,6,2,0.8,12,cj-460,10,
cj-461,cangjie,6,461,Lesson 461,第461課,A;R;S;E;B;J;K;N;O;P;V;T;L;D;M;Q,A;E;J;R;K;V;Q,A;B;D;E;J;K;L;M;N;O;P;Q;R;S;T;V,u6689,暉,U+6689,,,ABJJ,AJ,fai1,"sunshine; light, bright, radiant",1,2,6,2,0.8,12,cj-460,10,
cj-461,cangjie,6,461,Lesson 461,第461課,A;R;S;E;B;J;K;N;O;P;V;T;L;D;M;Q,A;E;J;R;K;V;Q,A;B;D;E;J;K;L;M;N;O;P;Q;R;S;T;V,u668b,暋,U+668B,,,RKA,RA,man5,"strong, robust, tough",1,2,6,2,0.8,12,cj-460,10,
cj-461,cangjie,6,461,Lesson 461,第461課,A;R;S;E;B;J;K;N;O;P;V;T;L;D;M;Q,A;E;J;R;K;V;Q,A;B;D;E;J;K;L;M;N;O;P;Q;R;S;T;V,u668c,暌,U+668C,,,ANOK,AK,kwai4,in opposition; distant from; separated,1,2,6,2,0.8,12,cj-460,10,
cj-461,cangjie,6,461,Lesson 461,第461課,A;R;S;E;B;J;K;N;O;P;V;T;L;D;M;Q,A;E;J;R;K;V;Q,A;B;D;E;J;K;L;M;N;O;P;Q;R;S;T;V,u668d,暍,U+668D,,,AAPV,AV,hot3,sunstroke,1,2,6,2,0.8,12,cj-460,10,
cj-461,cangjie,6,461,Lesson 461,第461課,A;R;S;E;B;J;K;N;O;P;V;T;L;D;M;Q,A;E;J;R;K;V;Q,A;B;D;E;J;K;L;M;N;O;P;Q;R;S;T;V,u668e,暎,U+668E,,,ATLK,AK,jing2,sun beginning decline; reflect,1,2,6,2,0.8,12,cj-460,10,
cj-461,cangjie,6,461,Lesson 461,第461課,A;R;S;E;B;J;K;N;O;P;V;T;L;D;M;Q,A;E;J;R;K;V;Q,A;B;D;E;J;K;L;M;N;O;P;Q;R;S;T;V,u668f,暏,U+668F,,,AJKA,AA,syu6,(variant of 暑) summer heat; hot,1,2,6,2,0.8,12,cj-460,10,
cj-461,cangjie,6,461,Lesson 461,第461課,A;R;S;E;B;J;K;N;O;P;V;T;L;D;M;Q,A;E;J;R;K;V;Q,A;B;D;E;J;K;L;M;N;O;P;Q;R;S;T;V,u6690,暐,U+6690,,,ADMQ,AQ,wai5,the bright shining of the sun,1,2,6,2,0.8,12,cj-460,10,
cj-461,cangjie,6,461,Lesson 461,第461課,A;R;S;E;B;J;K;N;O;P;V;T;L;D;M;Q,A;E;J;R;K;V;Q,A;B;D;E;J;K;L;M;N;O;P;Q;R;S;T;V,u6691,暑,U+6691,,,AJKA,AA,syu2,hot,1,2,6,2,0.8,12,cj-460,10,
cj-462,cangjie,6,462,Lesson 462,第462課,A;B;M;E;Y;T;H;C;R;L;D;U;J,A;E;H;C;B;L;M;J,A;B;C;D;E;H;J;L;M;R;T;U;Y,u6696,暖,U+6696,,,ABME,AE,nyun5,"warm, genial",1,2,6,2,0.8,12,cj-461,10,
cj-462,cangjie,6,462,Lesson 462,第462課,A;B;M;E;Y;T;H;C;R;L;D;U;J,A;E;H;C;B;L;M;J,A;B;C;D;E;H;J;L;M;R;T;U;Y,u6697,暗,U+6697,,,AYTA,AA,am3,"dark; obscure; in secret, covert",1,2,6,2,0.8,12,cj-461,10,
cj-462,cangjie,6,462,Lesson 462,第462課,A;B;M;E;Y;T;H;C;R;L;D;U;J,A;E;H;C;B;L;M;J,A;B;C;D;E;H;J;L;M;R;T;U;Y,u6698,暘,U+6698,,,AAMH,AH,joeng4,rising sun; sunshine,1,2,6,2,0.8,12,cj-461,10,
cj-462,cangjie,6,462,Lesson 462,第462課,A;B;M;E;Y;T;H;C;R;L;D;U;J,A;E;H;C;B;L;M;J,A;B;C;D;E;H;J;L;M;R;T;U;Y,u669d,暝,U+669D,,,ABAC,AC,ming4,"dark, obscure",1,2,6,2,0.8,12,cj-461,10,
cj-462,cangjie,6,462,Lesson 462,第462課,A;B;M;E;Y;T;H;C;R;L;D;U;J,A;E;H;C;B;L;M;J,A;B;C;D;E;H;J;L;M;R;T;U;Y,u66a0,暠,U+66A0,,,AYRB,AB,gou2,daybreak; bright and brilliant,1,2,6,2,0.8,12,cj-461,10,
cj-462,cangjie,6,462,Lesson 462,第462課,A;B;M;E;Y;T;H;C;R;L;D;U;J,A;E;H;C;B;L;M;J,A;B;C;D;E;H;J;L;M;R;T;U;Y,u66a2,暢,U+66A2,,,LLAMH,LH,coeng3,"smoothly, freely, unrestrained",1,2,6,2,0.8,12,cj-461,10,
cj-462,cangjie,6,462,Lesson 462,第462課,A;B;M;E;Y;T;H;C;R;L;D;U;J,A;E;H;C;B;L;M;J,A;B;C;D;E;H;J;L;M;R;T;U;Y,u66a6,暦,U+66A6,,,MDDA,MA,lik6,"calendar, era",1,2,6,2,0.8,12,cj-461,10,
cj-462,cangjie,6,462,Lesson 462,第462課,A;B;M;E;Y;T;H;C;R;L;D;U;J,A;E;H;C;B;L;M;J,A;B;C;D;E;H;J;L;M;R;T;U;Y,u66a7,暧,U+66A7,,,ABBE,AE,oi3,"obscure, dim, ambiguous, vague",1,2,6,2,0.8,12,cj-461,10,
cj-462,cangjie,6,462,Lesson 462,第462課,A;B;M;E;Y;T;H;C;R;L;D;U;J,A;E;H;C;B;L;M;J,A;B;C;D;E;H;J;L;M;R;T;U;Y,u66a8,暨,U+66A8,,,AUAM,AM,kei3,"and; attain, reach; confines",1,2,6,2,0.8,12,cj-461,10,
cj-462,cangjie,6,462,Lesson 462,第462課,A;B;M;E;Y;T;H;C;R;L;D;U;J,A;E;H;C;B;L;M;J,A;B;C;D;E;H;J;L;M;R;T;U;Y,u66ab,暫,U+66AB,,,JLA,JA,zaam6,temporary,1,2,6,2,0.8,12,cj-461,10,
cj-463,cangjie,6,463,Lesson 463,第463課,T;A;K;S;R;Y;J;C;E;L;O;F;G;D,T;A;R;J;E;O;F;Y;G;K,A;C;D;E;F;G;J;K;L;O;R;S;T;Y,u66ae,暮,U+66AE,,,TAKA,TA,mou6,"evening, dusk, sunset; ending",1,2,6,2,0.8,12,cj-462,10,
cj-463,cangjie,6,463,Lesson 463,第463課,T;A;K;S;R;Y;J;C;E;L;O;F;G;D,T;A;R;J;E;O;F;Y;G;K,A;C;D;E;F;G;J;K;L;O;R;S;T;Y,u66b1,暱,U+66B1,,,ASTR,AR,nik1,"intimate, close; approach",1,2,6,2,0.8,12,cj-462,10,
cj-463,cangjie,6,463,Lesson 463,第463課,T;A;K;S;R;Y;J;C;E;L;O;F;G;D,T;A;R;J;E;O;F;Y;G;K,A;C;D;E;F;G;J;K;L;O;R;S;T;Y,u66b2,暲,U+66B2,,,AYTJ,AJ,zoeng1,bright; to rise (of sun),1,2,6,2,0.8,12,cj-462,10,
cj-463,cangjie,6,463,Lesson 463,第463課,T;A;K;S;R;Y;J;C;E;L;O;F;G;D,T;A;R;J;E;O;F;Y;G;K,A;C;D;E;F;G;J;K;L;O;R;S;T;Y,u66b4,暴,U+66B4,,,ATCE,AE,bou6,"violent, brutal, tyrannical",1,2,6,2,0.8,12,cj-462,10,
cj-463,cangjie,6,463,Lesson 463,第463課,T;A;K;S;R;Y;J;C;E;L;O;F;G;D,T;A;R;J;E;O;F;Y;G;K,A;C;D;E;F;G;J;K;L;O;R;S;T;Y,u66b5,暵,U+66B5,,,ATLO,AO,hon3,dry by exposing sun,1,2,6,2,0.8,12,cj-462,10,
cj-463,cangjie,6,463,Lesson 463,第463課,T;A;K;S;R;Y;J;C;E;L;O;F;G;D,T;A;R;J;E;O;F;Y;G;K,A;C;D;E;F;G;J;K;L;O;R;S;T;Y,u66b8,暸,U+66B8,,,AKCF,AF,liu4,"bright, clear",1,2,6,2,0.8,12,cj-462,10,
cj-463,cangjie,6,463,Lesson 463,第463課,T;A;K;S;R;Y;J;C;E;L;O;F;G;D,T;A;R;J;E;O;F;Y;G;K,A;C;D;E;F;G;J;K;L;O;R;S;T;Y,u66b9,暹,U+66B9,,,YAOG,YG,cim3,"rise; advance, go forward",1,2,6,2,0.8,12,cj-462,10,
cj-463,cangjie,6,463,Lesson 463,第463課,T;A;K;S;R;Y;J;C;E;L;O;F;G;D,T;A;R;J;E;O;F;Y;G;K,A;C;D;E;F;G;J;K;L;O;R;S;T;Y,u66bb,暻,U+66BB,,,AAYF,AF,ging2,bright,1,2,6,2,0.8,12,cj-462,10,
cj-463,cangjie,6,463,Lesson 463,第463課,T;A;K;S;R;Y;J;C;E;L;O;F;G;D,T;A;R;J;E;O;F;Y;G;K,A;C;D;E;F;G;J;K;L;O;R;S;T;Y,u66bc,暼,U+66BC,,,FKA,FA,pit3,take fleeting glance at,1,2,6,2,0.8,12,cj-462,10,
cj-463,cangjie,6,463,Lesson 463,第463課,T;A;K;S;R;Y;J;C;E;L;O;F;G;D,T;A;R;J;E;O;F;Y;G;K,A;C;D;E;F;G;J;K;L;O;R;S;T;Y,u66be,暾,U+66BE,,,AYDK,AK,tan1,"morning sun, sunrise",1,2,6,2,0.8,12,cj-462,10,
cj-464,cangjie,6,464,Lesson 464,第464課,A;G;B;T;H;U;M;J;D;I;Y;C,A;T;H;M;J;I;G;U,A;B;C;D;G;H;I;J;M;T;U;Y,u66c0,曀,U+66C0,,,AGBT,AT,ai3,"stormy; cloudy, misty; dim; (Cant.) sultry",1,2,6,2,0.8,12,cj-463,10,
cj-464,cangjie,6,464,Lesson 464,第464課,A;G;B;T;H;U;M;J;D;I;Y;C,A;T;H;M;J;I;G;U,A;B;C;D;G;H;I;J;M;T;U;Y,u66c1,曁,U+66C1,,,HUAM,HM,kei3,and; attain,1,2,6,2,0.8,12,cj-463,10,
cj-464,cangjie,6,464,Lesson 464,第464課,A;G;B;T;H;U;M;J;D;I;Y;C,A;T;H;M;J;I;G;U,A;B;C;D;G;H;I;J;M;T;U;Y,u66c4,曄,U+66C4,,,ATMJ,AJ,jip6,bright; radiant; thriving,1,2,6,2,0.8,12,cj-463,10,
cj-464,cangjie,6,464,Lesson 464,第464課,A;G;B;T;H;U;M;J;D;I;Y;C,A;T;H;M;J;I;G;U,A;B;C;D;G;H;I;J;M;T;U;Y,u66c5,曅,U+66C5,,,ATMJ,AJ,jip6,bright; flourishing,1,2,6,2,0.8,12,cj-463,10,
cj-464,cangjie,6,464,Lesson 464,第464課,A;G;B;T;H;U;M;J;D;I;Y;C,A;T;H;M;J;I;G;U,A;B;C;D;G;H;I;J;M;T;U;Y,u66c6,曆,U+66C6,,,MHDA,MA,lik6,"calendar, era",1,2,6,2,0.8,12,cj-463,10,
cj-464,cangjie,6,464,Lesson 464,第464課,A;G;B;T;H;U;M;J;D;I;Y;C,A;T;H;M;J;I;G;U,A;B;C;D;G;H;I;J;M;T;U;Y,u66c7,曇,U+66C7,,,AMBI,AI,taam4,"become cloudy, overcast",1,2,6,2,0.8,12,cj-463,10,
cj-464,cangjie,6,464,Lesson 464,第464課,A;G;B;T;H;U;M;J;D;I;Y;C,A;T;H;M;J;I;G;U,A;B;C;D;G;H;I;J;M;T;U;Y,u66c8,曈,U+66C8,,,AYTG,AG,tung4,twilight just before sunrise,1,2,6,2,0.8,12,cj-463,10,
cj-464,cangjie,6,464,Lesson 464,第464課,A;G;B;T;H;U;M;J;D;I;Y;C,A;T;H;M;J;I;G;U,A;B;C;D;G;H;I;J;M;T;U;Y,u66c9,曉,U+66C9,,,AGGU,AU,hiu2,"dawn, daybreak; clear, explicit",1,2,6,2,0.8,12,cj-463,10,
cj-464,cangjie,6,464,Lesson 464,第464課,A;G;B;T;H;U;M;J;D;I;Y;C,A;T;H;M;J;I;G;U,A;B;C;D;G;H;I;J;M;T;U;Y,u66cc,曌,U+66CC,,,ABJCM,AM,ziu3,Wǔ Zétiān (a self-coined name),1,2,6,2,0.8,12,cj-463,10,
cj-464,cangjie,6,464,Lesson 464,第464課,A;G;B;T;H;U;M;J;D;I;Y;C,A;T;H;M;J;I;G;U,A;B;C;D;G;H;I;J;M;T;U;Y,u66cd,曍,U+66CD,,,AHUJ,AJ,hou6,"bright, brilliant",1,2,6,2,0.8,12,cj-463,10,
cj-465,cangjie,6,465,Lesson 465,第465課,A;V;H;L;S;K;N;C;R;B;E;W;T;O;G;F;M;I,A;L;K;R;E;O;F;G;C,A;B;C;E;F;G;H;I;K;L;M;N;O;R;S;T;V;W,u66cf,曏,U+66CF,,,AVHL,AL,hoeng2,once upon time; period of time,1,2,6,2,0.8,12,cj-464,10,
cj-465,cangjie,6,465,Lesson 465,第465課,A;V;H;L;S;K;N;C;R;B;E;W;T;O;G;F;M;I,A;L;K;R;E;O;F;G;C,A;B;C;E;F;G;H;I;K;L;M;N;O;R;S;T;V;W,u66d2,曒,U+66D2,,,AHSK,AK,giu2,bright; clear appearance,1,2,6,2,0.8,12,cj-464,10,
cj-465,cangjie,6,465,Lesson 465,第465課,A;V;H;L;S;K;N;C;R;B;E;W;T;O;G;F;M;I,A;L;K;R;E;O;F;G;C,A;B;C;E;F;G;H;I;K;L;M;N;O;R;S;T;V;W,u66d5,曕,U+66D5,,,ANCR,AR,jim6,to dry or cook in the sun,1,2,6,2,0.8,12,cj-464,10,
cj-465,cangjie,6,465,Lesson 465,第465課,A;V;H;L;S;K;N;C;R;B;E;W;T;O;G;F;M;I,A;L;K;R;E;O;F;G;C,A;B;C;E;F;G;H;I;K;L;M;N;O;R;S;T;V;W,u66d6,曖,U+66D6,,,ABBE,AE,oi3,"obscure, dim, ambiguous, vague",1,2,6,2,0.8,12,cj-464,10,
cj-465,cangjie,6,465,Lesson 465,第465課,A;V;H;L;S;K;N;C;R;B;E;W;T;O;G;F;M;I,A;L;K;R;E;O;F;G;C,A;B;C;E;F;G;H;I;K;L;M;N;O;R;S;T;V;W,u66d9,曙,U+66D9,,,AWLA,AA,cyu5,"bright, light of rising sun",1,2,6,2,0.8,12,cj-464,10,
cj-465,cangjie,6,465,Lesson 465,第465課,A;V;H;L;S;K;N;C;R;B;E;W;T;O;G;F;M;I,A;L;K;R;E;O;F;G;C,A;B;C;E;F;G;H;I;K;L;M;N;O;R;S;T;V;W,u66da,曚,U+66DA,,,ATBO,AO,mung4,twilight just before sun rises,1,2,6,2,0.8,12,cj-464,10,
cj-465,cangjie,6,465,Lesson 465,第465課,A;V;H;L;S;K;N;C;R;B;E;W;T;O;G;F;M;I,A;L;K;R;E;O;F;G;C,A;B;C;E;F;G;H;I;K;L;M;N;O;R;S;T;V;W,u66db,曛,U+66DB,,,AHGF,AF,fan1,twilight; sunset,1,2,6,2,0.8,12,cj-464,10,
cj-465,cangjie,6,465,Lesson 465,第465課,A;V;H;L;S;K;N;C;R;B;E;W;T;O;G;F;M;I,A;L;K;R;E;O;F;G;C,A;B;C;E;F;G;H;I;K;L;M;N;O;R;S;T;V;W,u66dc,曜,U+66DC,,,ASMG,AG,jiu6,"glorious, as sun; daylight, sunlight; one of the seven planets of pre-modern astronomy (the sun, the moon, Mercury, Venus, Mars, Jupiter, and Saturn)",1,2,6,2,0.8,12,cj-464,10,
cj-465,cangjie,6,465,Lesson 465,第465課,A;V;H;L;S;K;N;C;R;B;E;W;T;O;G;F;M;I,A;L;K;R;E;O;F;G;C,A;B;C;E;F;G;H;I;K;L;M;N;O;R;S;T;V;W,u66dd,曝,U+66DD,,,AATE,AE,buk6,"sun, air in sun, expose or dry in the sun",1,2,6,2,0.8,12,cj-464,10,
cj-465,cangjie,6,465,Lesson 465,第465課,A;V;H;L;S;K;N;C;R;B;E;W;T;O;G;F;M;I,A;L;K;R;E;O;F;G;C,A;B;C;E;F;G;H;I;K;L;M;N;O;R;S;T;V;W,u66e0,曠,U+66E0,,,AITC,AC,kwong3,"extensive, wide, broad; empty",1,2,6,2,0.8,12,cj-464,10,
cj-466,cangjie,6,466,Lesson 466,第466課,A;M;T;L;F;G;S;Y;B;P;R;V;W,A;M;F;S;P;V;W;L;T,A;B;F;G;L;M;P;R;S;T;V;W;Y,u66e1,曡,U+66E1,,,AAAM,AM,dip6,"repeat, duplicate; repetitious",1,2,6,2,0.8,12,cj-465,10,
cj-466,cangjie,6,466,Lesson 466,第466課,A;M;T;L;F;G;S;Y;B;P;R;V;W,A;M;F;S;P;V;W;L;T,A;B;F;G;L;M;P;R;S;T;V;W;Y,u66e3,曣,U+66E3,,,ATLF,AF,jin3,fair weather; warm,1,2,6,2,0.8,12,cj-465,10,
cj-466,cangjie,6,466,Lesson 466,第466課,A;M;T;L;F;G;S;Y;B;P;R;V;W,A;M;F;S;P;V;W;L;T,A;B;F;G;L;M;P;R;S;T;V;W;Y,u66e6,曦,U+66E6,,,ATGS,AS,hei1,"sunlight, sunshine, early dawn",1,2,6,2,0.8,12,cj-465,10,
cj-466,cangjie,6,466,Lesson 466,第466課,A;M;T;L;F;G;S;Y;B;P;R;V;W,A;M;F;S;P;V;W;L;T,A;B;F;G;L;M;P;R;S;T;V;W;Y,u66e8,曨,U+66E8,,,AYBP,AP,lung4,"vague, dim; twilight",1,2,6,2,0.8,12,cj-465,10,
cj-466,cangjie,6,466,Lesson 466,第466課,A;M;T;L;F;G;S;Y;B;P;R;V;W,A;M;F;S;P;V;W;L;T,A;B;F;G;L;M;P;R;S;T;V;W;Y,u66e9,曩,U+66E9,,,AYRV,AV,nong5,"in ancient times, of old, former",1,2,6,2,0.8,12,cj-465,10,
cj-466,cangjie,6,466,Lesson 466,第466課,A;M;T;L;F;G;S;Y;B;P;R;V;W,A;M;F;S;P;V;W;L;T,A;B;F;G;L;M;P;R;S;T;V;W;Y,u66ec,曬,U+66EC,,,AMMP,AP,saai3,"dry in sun, expose to sun",1,2,6,2,0.8,12,cj-465,10,
cj-466,cangjie,6,466,Lesson 466,第466課,A;M;T;L;F;G;S;Y;B;P;R;V;W,A;M;F;S;P;V;W;L;T,A;B;F;G;L;M;P;R;S;T;V;W;Y,u66ed,曭,U+66ED,,,AFBF,AF,tong2,overcast day,1,2,6,2,0.8,12,cj-465,10,
cj-466,cangjie,6,466,Lesson 466,第466課,A;M;T;L;F;G;S;Y;B;P;R;V;W,A;M;F;S;P;V;W;L;T,A;B;F;G;L;M;P;R;S;T;V;W;Y,u66f0,曰,U+66F0,,,A,A,joek6,say; Kangxi radical 73,1,2,6,2,0.8,12,cj-465,10,
cj-466,cangjie,6,466,Lesson 466,第466課,A;M;T;L;F;G;S;Y;B;P;R;V;W,A;M;F;S;P;V;W;L;T,A;B;F;G;L;M;P;R;S;T;V;W;Y,u66f1,曱,U+66F1,,,WMLL,WL,gaat6,(Cant.) cockroach,1,2,6,2,0.8,12,cj-465,10,
cj-466,cangjie,6,466,Lesson 466,第466課,A;M;T;L;F;G;S;Y;B;P;R;V;W,A;M;F;S;P;V;W;L;T,A;B;F;G;L;M;P;R;S;T;V;W;Y,u66f2,曲,U+66F2,,,TW,TW,kuk1,"crooked, bent; wrong, false",1,2,6,2,0.8,12,cj-465,10,
cj-467,cangjie,6,467,Lesson 467,第467課,L;W;P;M;K;I;H;A;V;O;G;T;E;C,L;P;M;K;I;A;O;T;E;C,A;C;E;G;H;I;K;L;M;O;P;T;V;W,u66f3,曳,U+66F3,,,LWP,LP,jai6,"trail, tow, drag, pull",1,2,6,2,0.8,12,cj-466,10,
cj-467,cangjie,6,467,Lesson 467,第467課,L;W;P;M;K;I;H;A;V;O;G;T;E;C,L;P;M;K;I;A;O;T;E;C,A;C;E;G;H;I;K;L;M;O;P;T;V;W,u66f4,更,U+66F4,,,MLWK,MK,gang1,"more, still further, much more; to change, alter",1,2,6,2,0.8,12,cj-466,10,
cj-467,cangjie,6,467,Lesson 467,第467課,L;W;P;M;K;I;H;A;V;O;G;T;E;C,L;P;M;K;I;A;O;T;E;C,A;C;E;G;H;I;K;L;M;O;P;T;V;W,u66f5,曵,U+66F5,,,ILWP,IP,jai6,"trail, tow, drag, pull",1,2,6,2,0.8,12,cj-466,10,
cj-467,cangjie,6,467,Lesson 467,第467課,L;W;P;M;K;I;H;A;V;O;G;T;E;C,L;P;M;K;I;A;O;T;E;C,A;C;E;G;H;I;K;L;M;O;P;T;V;W,u66f6,曶,U+66F6,,,PHA,PA,fat1,used in personal names,1,2,6,2,0.8,12,cj-466,10,
cj-467,cangjie,6,467,Lesson 467,第467課,L;W;P;M;K;I;H;A;V;O;G;T;E;C,L;P;M;K;I;A;O;T;E;C,A;C;E;G;H;I;K;L;M;O;P;T;V;W,u66f7,曷,U+66F7,,,APVO,AO,hot3,why? what? where?,1,2,6,2,0.8,12,cj-466,10,
cj-467,cangjie,6,467,Lesson 467,第467課,L;W;P;M;K;I;H;A;V;O;G;T;E;C,L;P;M;K;I;A;O;T;E;C,A;C;E;G;H;I;K;L;M;O;P;T;V;W,u66f8,書,U+66F8,,,LGA,LA,syu1,"book, letter, document; writings",1,2,6,2,0.8,12,cj-466,10,
cj-467,cangjie,6,467,Lesson 467,第467課,L;W;P;M;K;I;H;A;V;O;G;T;E;C,L;P;M;K;I;A;O;T;E;C,A;C;E;G;H;I;K;L;M;O;P;T;V;W,u66f9,曹,U+66F9,,,TWA,TA,cou4,ministry officials; surname,1,2,6,2,0.8,12,cj-466,10,
cj-467,cangjie,6,467,Lesson 467,第467課,L;W;P;M;K;I;H;A;V;O;G;T;E;C,L;P;M;K;I;A;O;T;E;C,A;C;E;G;H;I;K;L;M;O;P;T;V;W,u66fc,曼,U+66FC,,,AWLE,AE,maan6,"long, extended, vast; beautiful",1,2,6,2,0.8,12,cj-466,10,
cj-467,cangjie,6,467,Lesson 467,第467課,L;W;P;M;K;I;H;A;V;O;G;T;E;C,L;P;M;K;I;A;O;T;E;C,A;C;E;G;H;I;K;L;M;O;P;T;V;W,u66fd,曽,U+66FD,,,CWA,CA,zang1,already; sign of past,1,2,6,2,0.8,12,cj-466,10,
cj-467,cangjie,6,467,Lesson 467,第467課,L;W;P;M;K;I;H;A;V;O;G;T;E;C,L;P;M;K;I;A;O;T;E;C,A;C;E;G;H;I;K;L;M;O;P;T;V;W,u66fe,曾,U+66FE,,,CWA,CA,zang1,already; sign of past,1,2,6,2,0.8,12,cj-466,10,
cj-468,cangjie,6,468,Lesson 468,第468課,Q;O;A;S;J;E;M;U;W;G;I;P;V;C;H;B;K,Q;A;E;M;O;G;V;C;H;B;K,A;B;C;E;G;H;I;J;K;M;O;P;Q;S;U;V;W,u66ff,替,U+66FF,,,QOA,QA,tai3,"change, replace, substitute for",1,2,6,2,0.8,12,cj-467,10,
cj-468,cangjie,6,468,Lesson 468,第468課,Q;O;A;S;J;E;M;U;W;G;I;P;V;C;H;B;K,Q;A;E;M;O;G;V;C;H;B;K,A;B;C;E;G;H;I;J;K;M;O;P;Q;S;U;V;W,u6700,最,U+6700,,,ASJE,AE,zeoi3,"most, extremely, exceedingly",1,2,6,2,0.8,12,cj-467,10,
cj-468,cangjie,6,468,Lesson 468,第468課,Q;O;A;S;J;E;M;U;W;G;I;P;V;C;H;B;K,Q;A;E;M;O;G;V;C;H;B;K,A;B;C;E;G;H;I;J;K;M;O;P;Q;S;U;V;W,u6701,朁,U+6701,,,MUA,MA,caam2,"if, supposing, nevertheless",1,2,6,2,0.8,12,cj-467,10,
cj-468,cangjie,6,468,Lesson 468,第468課,Q;O;A;S;J;E;M;U;W;G;I;P;V;C;H;B;K,Q;A;E;M;O;G;V;C;H;B;K,A;B;C;E;G;H;I;J;K;M;O;P;Q;S;U;V;W,u6703,會,U+6703,,,OMWA,OA,wui6,"to assemble, meet together; a meeting; an organization",1,2,6,2,0.8,12,cj-467,10,
cj-468,cangjie,6,468,Lesson 468,第468課,Q;O;A;S;J;E;M;U;W;G;I;P;V;C;H;B;K,Q;A;E;M;O;G;V;C;H;B;K,A;B;C;E;G;H;I;J;K;M;O;P;Q;S;U;V;W,u6705,朅,U+6705,,,GIAPV,GV,kit3,brave,1,2,6,2,0.8,12,cj-467,10,
cj-468,cangjie,6,468,Lesson 468,第468課,Q;O;A;S;J;E;M;U;W;G;I;P;V;C;H;B;K,Q;A;E;M;O;G;V;C;H;B;K,A;B;C;E;G;H;I;J;K;M;O;P;Q;S;U;V;W,u6706,朆,U+6706,,,CAPHH,CH,fan1,(Wu) not yet,1,2,6,2,0.8,12,cj-467,10,
cj-468,cangjie,6,468,Lesson 468,第468課,Q;O;A;S;J;E;M;U;W;G;I;P;V;C;H;B;K,Q;A;E;M;O;G;V;C;H;B;K,A;B;C;E;G;H;I;J;K;M;O;P;Q;S;U;V;W,u6708,月,U+6708,,,B,B,jyut6,moon; month; Kangxi radical 74,1,2,6,2,0.8,12,cj-467,10,
cj-468,cangjie,6,468,Lesson 468,第468課,Q;O;A;S;J;E;M;U;W;G;I;P;V;C;H;B;K,Q;A;E;M;O;G;V;C;H;B;K,A;B;C;E;G;H;I;J;K;M;O;P;Q;S;U;V;W,u6709,有,U+6709,,,KB,KB,jau5,"have, own, possess; exist",1,2,6,2,0.8,12,cj-467,10,
cj-468,cangjie,6,468,Lesson 468,第468課,Q;O;A;S;J;E;M;U;W;G;I;P;V;C;H;B;K,Q;A;E;M;O;G;V;C;H;B;K,A;B;C;E;G;H;I;J;K;M;O;P;Q;S;U;V;W,u670b,朋,U+670B,,,BB,BB,pang4,"friend, pal, acquaintance",1,2,6,2,0.8,12,cj-467,10,
cj-468,cangjie,6,468,Lesson 468,第468課,Q;O;A;S;J;E;M;U;W;G;I;P;V;C;H;B;K,Q;A;E;M;O;G;V;C;H;B;K,A;B;C;E;G;H;I;J;K;M;O;P;Q;S;U;V;W,u670c,朌,U+670C,,,BCSH,BH,fan4,"distribute, large head",1,2,6,2,0.8,12,cj-467,10,
cj-469,cangjie,6,469,Lesson 469,第469課,B;S;L;E;U;P;R;O;M;T;K;I;A;V;W,B;E;U;R;O;T;K;V;I;W,A;B;E;I;K;L;M;O;P;R;S;T;U;V;W,u670d,服,U+670D,,,BSLE,BE,fuk6,"clothes; wear, dress",1,2,6,2,0.8,12,cj-468,10,
cj-469,cangjie,6,469,Lesson 469,第469課,B;S;L;E;U;P;R;O;M;T;K;I;A;V;W,B;E;U;R;O;T;K;V;I;W,A;B;E;I;K;L;M;O;P;R;S;T;U;V;W,u670f,朏,U+670F,,,BUU,BU,fei2,light of crescent moon,1,2,6,2,0.8,12,cj-468,10,
cj-469,cangjie,6,469,Lesson 469,第469課,B;S;L;E;U;P;R;O;M;T;K;I;A;V;W,B;E;U;R;O;T;K;V;I;W,A;B;E;I;K;L;M;O;P;R;S;T;U;V;W,u6710,朐,U+6710,,,BPR,BR,keoi4,warm,1,2,6,2,0.8,12,cj-468,10,
cj-469,cangjie,6,469,Lesson 469,第469課,B;S;L;E;U;P;R;O;M;T;K;I;A;V;W,B;E;U;R;O;T;K;V;I;W,A;B;E;I;K;L;M;O;P;R;S;T;U;V;W,u6712,朒,U+6712,,,BOBO,BO,nuk6,new moon on the eastern horizon,1,2,6,2,0.8,12,cj-468,10,
cj-469,cangjie,6,469,Lesson 469,第469課,B;S;L;E;U;P;R;O;M;T;K;I;A;V;W,B;E;U;R;O;T;K;V;I;W,A;B;E;I;K;L;M;O;P;R;S;T;U;V;W,u6713,朓,U+6713,,,BLMO,BO,tiu3,sacrifice,1,2,6,2,0.8,12,cj-468,10,
cj-469,cangjie,6,469,Lesson 469,第469課,B;S;L;E;U;P;R;O;M;T;K;I;A;V;W,B;E;U;R;O;T;K;V;I;W,A;B;E;I;K;L;M;O;P;R;S;T;U;V;W,u6714,朔,U+6714,,,TUB,TB,sok3,first day of lunar month; the north,1,2,6,2,0.8,12,cj-468,10,
cj-469,cangjie,6,469,Lesson 469,第469課,B;S;L;E;U;P;R;O;M;T;K;I;A;V;W,B;E;U;R;O;T;K;V;I;W,A;B;E;I;K;L;M;O;P;R;S;T;U;V;W,u6715,朕,U+6715,,,BTK,BK,zam6,pronoun 'I',1,2,6,2,0.8,12,cj-468,10,
cj-469,cangjie,6,469,Lesson 469,第469課,B;S;L;E;U;P;R;O;M;T;K;I;A;V;W,B;E;U;R;O;T;K;V;I;W,A;B;E;I;K;L;M;O;P;R;S;T;U;V;W,u6716,朖,U+6716,,,BIAV,BV,long5,"clear, bright; distinct",1,2,6,2,0.8,12,cj-468,10,
cj-469,cangjie,6,469,Lesson 469,第469課,B;S;L;E;U;P;R;O;M;T;K;I;A;V;W,B;E;U;R;O;T;K;V;I;W,A;B;E;I;K;L;M;O;P;R;S;T;U;V;W,u6717,朗,U+6717,,,IIB,IB,long5,"clear, bright; distinct",1,2,6,2,0.8,12,cj-468,10,
cj-469,cangjie,6,469,Lesson 469,第469課,B;S;L;E;U;P;R;O;M;T;K;I;A;V;W,B;E;U;R;O;T;K;V;I;W,A;B;E;I;K;L;M;O;P;R;S;T;U;V;W,u6719,朙,U+6719,,,WBB,WB,ming4,"bright, clear, intelligent; light, brilliant; to understand; to illustrate",1,2,6,2,0.8,12,cj-468,10,
cj-470,cangjie,6,470,Lesson 470,第470課,Y;B;H;G;J;T;C;L;K;S;O;P;D,Y;G;J;B;T;K;S;O;P;D,B;C;D;G;H;J;K;L;O;P;S;T;Y,u671b,望,U+671B,,,YBHG,YG,mong6,"to look at, look forward; to hope, expect",1,2,6,2,0.8,12,cj-469,10,
cj-470,cangjie,6,470,Lesson 470,第470課,Y;B;H;G;J;T;C;L;K;S;O;P;D,Y;G;J;B;T;K;S;O;P;D,B;C;D;G;H;J;K;L;O;P;S;T;Y,u671d,朝,U+671D,,,JJB,JB,ciu4,dynasty; morning,1,2,6,2,0.8,12,cj-469,10,
cj-470,cangjie,6,470,Lesson 470,第470課,Y;B;H;G;J;T;C;L;K;S;O;P;D,Y;G;J;B;T;K;S;O;P;D,B;C;D;G;H;J;K;L;O;P;S;T;Y,u671e,朞,U+671E,,,TCB,TB,gei1,"full year, anniversary",1,2,6,2,0.8,12,cj-469,10,
cj-470,cangjie,6,470,Lesson 470,第470課,Y;B;H;G;J;T;C;L;K;S;O;P;D,Y;G;J;B;T;K;S;O;P;D,B;C;D;G;H;J;K;L;O;P;S;T;Y,u671f,期,U+671F,,,TCB,TB,kei4,period of time; date; time limit,1,2,6,2,0.8,12,cj-469,10,
cj-470,cangjie,6,470,Lesson 470,第470課,Y;B;H;G;J;T;C;L;K;S;O;P;D,Y;G;J;B;T;K;S;O;P;D,B;C;D;G;H;J;K;L;O;P;S;T;Y,u6720,朠,U+6720,,,BTLK,BK,jing1,color of the moon,1,2,6,2,0.8,12,cj-469,10,
cj-470,cangjie,6,470,Lesson 470,第470課,Y;B;H;G;J;T;C;L;K;S;O;P;D,Y;G;J;B;T;K;S;O;P;D,B;C;D;G;H;J;K;L;O;P;S;T;Y,u6722,朢,U+6722,,,SBHG,SG,mong6,"look at, gaze at; hope, expect",1,2,6,2,0.8,12,cj-469,10,
cj-470,cangjie,6,470,Lesson 470,第470課,Y;B;H;G;J;T;C;L;K;S;O;P;D,Y;G;J;B;T;K;S;O;P;D,B;C;D;G;H;J;K;L;O;P;S;T;Y,u6723,朣,U+6723,,,BYTG,BG,tung4,the rising moon,1,2,6,2,0.8,12,cj-469,10,
cj-470,cangjie,6,470,Lesson 470,第470課,Y;B;H;G;J;T;C;L;K;S;O;P;D,Y;G;J;B;T;K;S;O;P;D,B;C;D;G;H;J;K;L;O;P;S;T;Y,u6726,朦,U+6726,,,BTBO,BO,mung4,condition or appearance of moon,1,2,6,2,0.8,12,cj-469,10,
cj-470,cangjie,6,470,Lesson 470,第470課,Y;B;H;G;J;T;C;L;K;S;O;P;D,Y;G;J;B;T;K;S;O;P;D,B;C;D;G;H;J;K;L;O;P;S;T;Y,u6727,朧,U+6727,,,BYBP,BP,lung4,condition or appearance of moon,1,2,6,2,0.8,12,cj-469,10,
cj-470,cangjie,6,470,Lesson 470,第470課,Y;B;H;G;J;T;C;L;K;S;O;P;D,Y;G;J;B;T;K;S;O;P;D,B;C;D;G;H;J;K;L;O;P;S;T;Y,u6728,木,U+6728,,,D,D,muk6,"tree; wood, lumber; wooden",1,2,6,2,0.8,12,cj-469,10,
cj-471,cangjie,6,471,Lesson 471,第471課,D;C;J;M;U;I;N;H,D;C;J;M;U;I;N;H,C;D;H;I;J;M;N;U,u6729,朩,U+6729,,,DC,DC,muk6,"kwukyel: rank, grade; wait; equal; 'etc.'",1,2,6,2,0.8,12,cj-470,10,
cj-471,cangjie,6,471,Lesson 471,第471課,D;C;J;M;U;I;N;H,D;C;J;M;U;I;N;H,C;D;H;I;J;M;N;U,u672a,未,U+672A,,,JD,JD,mei6,not yet; eighth earthly branch,1,2,6,2,0.8,12,cj-470,10,
cj-471,cangjie,6,471,Lesson 471,第471課,D;C;J;M;U;I;N;H,D;C;J;M;U;I;N;H,C;D;H;I;J;M;N;U,u672b,末,U+672B,,,DJ,DJ,mut6,"final, last, end; insignificant",1,2,6,2,0.8,12,cj-470,10,
cj-471,cangjie,6,471,Lesson 471,第471課,D;C;J;M;U;I;N;H,D;C;J;M;U;I;N;H,C;D;H;I;J;M;N;U,u672c,本,U+672C,,,DM,DM,bun2,"root, origin, source; basis",1,2,6,2,0.8,12,cj-470,10,
cj-471,cangjie,6,471,Lesson 471,第471課,D;C;J;M;U;I;N;H,D;C;J;M;U;I;N;H,C;D;H;I;J;M;N;U,u672d,札,U+672D,,,DU,DU,zaat3,"letter, note; correspondence",1,2,6,2,0.8,12,cj-470,10,
cj-471,cangjie,6,471,Lesson 471,第471課,D;C;J;M;U;I;N;H,D;C;J;M;U;I;N;H,C;D;H;I;J;M;N;U,u672e,朮,U+672E,,,IJC,IC,seot6,"skill, art; method; trick, device",1,2,6,2,0.8,12,cj-470,10,
cj-471,cangjie,6,471,Lesson 471,第471課,D;C;J;M;U;I;N;H,D;C;J;M;U;I;N;H,C;D;H;I;J;M;N;U,u672f,术,U+672F,,,ID,ID,seot6,"art, skill, special feat; method, technique",1,2,6,2,0.8,12,cj-470,10,
cj-471,cangjie,6,471,Lesson 471,第471課,D;C;J;M;U;I;N;H,D;C;J;M;U;I;N;H,C;D;H;I;J;M;N;U,u6730,朰,U+6730,,,DN,DN,zaat3,kwukyel,1,2,6,2,0.8,12,cj-470,10,
cj-471,cangjie,6,471,Lesson 471,第471課,D;C;J;M;U;I;N;H,D;C;J;M;U;I;N;H,C;D;H;I;J;M;N;U,u6731,朱,U+6731,,,HJD,HD,zyu1,"cinnabar, vermilion; surname",1,2,6,2,0.8,12,cj-470,10,
cj-471,cangjie,6,471,Lesson 471,第471課,D;C;J;M;U;I;N;H,D;C;J;M;U;I;N;H,C;D;H;I;J;M;N;U,u6733,朳,U+6733,,,DC,DC,baat3,tree,1,2,6,2,0.8,12,cj-470,10,
