character,ids,top_level_operator,structure,ordered_component_occurrences,ordered_component_ids,unique_components,component_occurrence_count,unique_component_count,source,source_commit,confidence,review_status,license
的,⿰白勺,⿰,left-right,白|勺,component-767d|component-52fa,白|勺,2,2,chise-ids-ucs-basic,352e13378e411c322cfa16bfd7a6d21d670d7eca,source-attested,unreviewed,GPL-2.0-or-later
一,一,,single,一,component-4e00,一,1,1,chise-ids-ucs-basic,352e13378e411c322cfa16bfd7a6d21d670d7eca,source-attested,unreviewed,GPL-2.0-or-later
是,⿱旦龰,⿱,top-bottom,旦|龰,component-65e6|component-9fb0,旦|龰,2,2,chise-ids-ucs-basic,352e13378e411c322cfa16bfd7a6d21d670d7eca,source-attested,unreviewed,GPL-2.0-or-later
了,了,,single,了,component-4e86,了,1,1,chise-ids-ucs-basic,352e13378e411c322cfa16bfd7a6d21d670d7eca,source-attested,unreviewed,GPL-2.0-or-later
個,⿰亻固,⿰,left-right,亻|固,component-4ebb|component-56fa,亻|固,2,2,chise-ids-ucs-basic,352e13378e411c322cfa16bfd7a6d21d670d7eca,source-attested,unreviewed,GPL-2.0-or-later
小,小,,single,小,component-5c0f,小,1,1,chise-ids-ucs-basic,352e13378e411c322cfa16bfd7a6d21d670d7eca,source-attested,unreviewed,GPL-2.0-or-later
有,⿸𠂇月,⿸,surround,𠂇|月,component-20087|component-6708,𠂇|月,2,2,chise-ids-ucs-basic,352e13378e411c322cfa16bfd7a6d21d670d7eca,source-attested,unreviewed,GPL-2.0-or-later
數,⿰婁攵,⿰,left-right,婁|攵,component-5a41|component-6535,婁|攵,2,2,chise-ids-ucs-basic,352e13378e411c322cfa16bfd7a6d21d670d7eca,source-attested,unreviewed,GPL-2.0-or-later
在,⿸&CDP-88F1;土,⿸,surround,&CDP-88F1;|土,component-CDP-88F1|component-571f,&CDP-88F1;|土,2,2,chise-ids-ucs-basic,352e13378e411c322cfa16bfd7a6d21d670d7eca,source-attested,unreviewed,GPL-2.0-or-later
多,⿱夕夕,⿱,top-bottom,夕|夕,component-5915|component-5915,夕,2,1,chise-ids-ucs-basic,352e13378e411c322cfa16bfd7a6d21d670d7eca,source-attested,unreviewed,GPL-2.0-or-later
我,我,,single,我,component-6211,我,1,1,chise-ids-ucs-basic,352e13378e411c322cfa16bfd7a6d21d670d7eca,source-attested,unreviewed,GPL-2.0-or-later
上,上,,single,上,component-4e0a,上,1,1,chise-ids-ucs-basic,352e13378e411c322cfa16bfd7a6d21d670d7eca,source-attested,unreviewed,GPL-2.0-or-later
人,人,,single,人,component-4eba,人,1,1,chise-ids-ucs-basic,352e13378e411c322cfa16bfd7a6d21d670d7eca,source-attested,unreviewed,GPL-2.0-or-later
不,不,,single,不,component-4e0d,不,1,1,chise-ids-ucs-basic,352e13378e411c322cfa16bfd7a6d21d670d7eca,source-attested,unreviewed,GPL-2.0-or-later
來,來,,single,來,component-4f86,來,1,1,chise-ids-ucs-basic,352e13378e411c322cfa16bfd7a6d21d670d7eca,source-attested,unreviewed,GPL-2.0-or-later
少,⿱小丿,⿱,top-bottom,小|丿,component-5c0f|component-4e3f,小|丿,2,2,chise-ids-ucs-basic,352e13378e411c322cfa16bfd7a6d21d670d7eca,source-attested,unreviewed,GPL-2.0-or-later
這,⿺辶言,⿺,surround,辶|言,component-8fb6|component-8a00,辶|言,2,2,chise-ids-ucs-basic,352e13378e411c322cfa16bfd7a6d21d670d7eca,source-attested,unreviewed,GPL-2.0-or-later
下,⿱一卜,⿱,top-bottom,一|卜,component-4e00|component-535c,一|卜,2,2,chise-ids-ucs-basic,352e13378e411c322cfa16bfd7a6d21d670d7eca,source-attested,unreviewed,GPL-2.0-or-later
米,米,,single,米,component-7c73,米,1,1,chise-ids-ucs-basic,352e13378e411c322cfa16bfd7a6d21d670d7eca,source-attested,unreviewed,GPL-2.0-or-later
地,⿰土也,⿰,left-right,土|也,component-571f|component-4e5f,土|也,2,2,chise-ids-ucs-basic,352e13378e411c322cfa16bfd7a6d21d670d7eca,source-attested,unreviewed,GPL-2.0-or-later
面,面,,single,面,component-9762,面,1,1,chise-ids-ucs-basic,352e13378e411c322cfa16bfd7a6d21d670d7eca,source-attested,unreviewed,GPL-2.0-or-later
大,大,,single,大,component-5927,大,1,1,chise-ids-ucs-basic,352e13378e411c322cfa16bfd7a6d21d670d7eca,source-attested,unreviewed,GPL-2.0-or-later
分,⿱八刀,⿱,top-bottom,八|刀,component-516b|component-5200,八|刀,2,2,chise-ids-ucs-basic,352e13378e411c322cfa16bfd7a6d21d670d7eca,source-attested,unreviewed,GPL-2.0-or-later
們,⿰亻門,⿰,left-right,亻|門,component-4ebb|component-9580,亻|門,2,2,chise-ids-ucs-basic,352e13378e411c322cfa16bfd7a6d21d670d7eca,source-attested,unreviewed,GPL-2.0-or-later
用,用,,single,用,component-7528,用,1,1,chise-ids-ucs-basic,352e13378e411c322cfa16bfd7a6d21d670d7eca,source-attested,unreviewed,GPL-2.0-or-later
中,中,,single,中,component-4e2d,中,1,1,chise-ids-ucs-basic,352e13378e411c322cfa16bfd7a6d21d670d7eca,source-attested,unreviewed,GPL-2.0-or-later
出,⿱屮凵,⿱,top-bottom,屮|凵,component-5c6e|component-51f5,屮|凵,2,2,chise-ids-ucs-basic,352e13378e411c322cfa16bfd7a6d21d670d7eca,source-attested,unreviewed,GPL-2.0-or-later
和,⿰禾口,⿰,left-right,禾|口,component-79be|component-53e3,禾|口,2,2,chise-ids-ucs-basic,352e13378e411c322cfa16bfd7a6d21d670d7eca,source-attested,unreviewed,GPL-2.0-or-later
說,⿰言兌,⿰,left-right,言|兌,component-8a00|component-514c,言|兌,2,2,chise-ids-ucs-basic,352e13378e411c322cfa16bfd7a6d21d670d7eca,source-attested,unreviewed,GPL-2.0-or-later
麼,⿸麻幺,⿸,surround,麻|幺,component-9ebb|component-5e7a,麻|幺,2,2,chise-ids-ucs-basic,352e13378e411c322cfa16bfd7a6d21d670d7eca,source-attested,unreviewed,GPL-2.0-or-later
子,子,,single,子,component-5b50,子,1,1,chise-ids-ucs-basic,352e13378e411c322cfa16bfd7a6d21d670d7eca,source-attested,unreviewed,GPL-2.0-or-later
到,⿰至刂,⿰,left-right,至|刂,component-81f3|component-5202,至|刂,2,2,chise-ids-ucs-basic,352e13378e411c322cfa16bfd7a6d21d670d7eca,source-attested,unreviewed,GPL-2.0-or-later
時,⿰日寺,⿰,left-right,日|寺,component-65e5|component-5bfa,日|寺,2,2,chise-ids-ucs-basic,352e13378e411c322cfa16bfd7a6d21d670d7eca,source-attested,unreviewed,GPL-2.0-or-later
著,⿱艹者,⿱,top-bottom,艹|者,component-8279|component-8005,艹|者,2,2,chise-ids-ucs-basic,352e13378e411c322cfa16bfd7a6d21d670d7eca,source-attested,unreviewed,GPL-2.0-or-later
天,⿱一大,⿱,top-bottom,一|大,component-4e00|component-5927,一|大,2,2,chise-ids-ucs-basic,352e13378e411c322cfa16bfd7a6d21d670d7eca,source-attested,unreviewed,GPL-2.0-or-later
要,⿱覀女,⿱,top-bottom,覀|女,component-8980|component-5973,覀|女,2,2,chise-ids-ucs-basic,352e13378e411c322cfa16bfd7a6d21d670d7eca,source-attested,unreviewed,GPL-2.0-or-later
他,⿰亻也,⿰,left-right,亻|也,component-4ebb|component-4e5f,亻|也,2,2,chise-ids-ucs-basic,352e13378e411c322cfa16bfd7a6d21d670d7eca,source-attested,unreviewed,GPL-2.0-or-later
學,⿱𦥯子,⿱,top-bottom,𦥯|子,component-2696f|component-5b50,𦥯|子,2,2,chise-ids-ucs-basic,352e13378e411c322cfa16bfd7a6d21d670d7eca,source-attested,unreviewed,GPL-2.0-or-later
把,⿰扌巴,⿰,left-right,扌|巴,component-624c|component-5df4,扌|巴,2,2,chise-ids-ucs-basic,352e13378e411c322cfa16bfd7a6d21d670d7eca,source-attested,unreviewed,GPL-2.0-or-later
方,方,,single,方,component-65b9,方,1,1,chise-ids-ucs-basic,352e13378e411c322cfa16bfd7a6d21d670d7eca,source-attested,unreviewed,GPL-2.0-or-later
想,⿱相心,⿱,top-bottom,相|心,component-76f8|component-5fc3,相|心,2,2,chise-ids-ucs-basic,352e13378e411c322cfa16bfd7a6d21d670d7eca,source-attested,unreviewed,GPL-2.0-or-later
你,⿰亻尔,⿰,left-right,亻|尔,component-4ebb|component-5c14,亻|尔,2,2,chise-ids-ucs-basic,352e13378e411c322cfa16bfd7a6d21d670d7eca,source-attested,unreviewed,GPL-2.0-or-later
每,⿱𠂉母,⿱,top-bottom,𠂉|母,component-20089|component-6bcd,𠂉|母,2,2,chise-ids-ucs-basic,352e13378e411c322cfa16bfd7a6d21d670d7eca,source-attested,unreviewed,GPL-2.0-or-later
看,⿱龵目,⿱,top-bottom,龵|目,component-9fb5|component-76ee,龵|目,2,2,chise-ids-ucs-basic,352e13378e411c322cfa16bfd7a6d21d670d7eca,source-attested,unreviewed,GPL-2.0-or-later
長,長,,single,長,component-9577,長,1,1,chise-ids-ucs-basic,352e13378e411c322cfa16bfd7a6d21d670d7eca,source-attested,unreviewed,GPL-2.0-or-later
國,⿴囗或,⿴,surround,囗|或,component-56d7|component-6216,囗|或,2,2,chise-ids-ucs-basic,352e13378e411c322cfa16bfd7a6d21d670d7eca,source-attested,unreviewed,GPL-2.0-or-later
以,⿰&CDP-89EB;人,⿰,left-right,&CDP-89EB;|人,component-CDP-89EB|component-4eba,&CDP-89EB;|人,2,2,chise-ids-ucs-basic,352e13378e411c322cfa16bfd7a6d21d670d7eca,source-attested,unreviewed,GPL-2.0-or-later
算,⿳竹目廾,⿳,top-bottom,竹|目|廾,component-7af9|component-76ee|component-5efe,竹|目|廾,3,3,chise-ids-ucs-basic,352e13378e411c322cfa16bfd7a6d21d670d7eca,source-attested,unreviewed,GPL-2.0-or-later
什,⿰亻十,⿰,left-right,亻|十,component-4ebb|component-5341,亻|十,2,2,chise-ids-ucs-basic,352e13378e411c322cfa16bfd7a6d21d670d7eca,source-attested,unreviewed,GPL-2.0-or-later
成,⿵戊𠃌,⿵,surround,戊|𠃌,component-620a|component-200cc,戊|𠃌,2,2,chise-ids-ucs-basic,352e13378e411c322cfa16bfd7a6d21d670d7eca,source-attested,unreviewed,GPL-2.0-or-later
年,年,,single,年,component-5e74,年,1,1,chise-ids-ucs-basic,352e13378e411c322cfa16bfd7a6d21d670d7eca,source-attested,unreviewed,GPL-2.0-or-later
千,千,,single,千,component-5343,千,1,1,chise-ids-ucs-basic,352e13378e411c322cfa16bfd7a6d21d670d7eca,source-attested,unreviewed,GPL-2.0-or-later
生,生,,single,生,component-751f,生,1,1,chise-ids-ucs-basic,352e13378e411c322cfa16bfd7a6d21d670d7eca,source-attested,unreviewed,GPL-2.0-or-later
就,⿰京尤,⿰,left-right,京|尤,component-4eac|component-5c24,京|尤,2,2,chise-ids-ucs-basic,352e13378e411c322cfa16bfd7a6d21d670d7eca,source-attested,unreviewed,GPL-2.0-or-later
樣,⿰木羕,⿰,left-right,木|羕,component-6728|component-7f95,木|羕,2,2,chise-ids-ucs-basic,352e13378e411c322cfa16bfd7a6d21d670d7eca,source-attested,unreviewed,GPL-2.0-or-later
同,⿵𠔼口,⿵,surround,𠔼|口,component-2053c|component-53e3,𠔼|口,2,2,chise-ids-ucs-basic,352e13378e411c322cfa16bfd7a6d21d670d7eca,source-attested,unreviewed,GPL-2.0-or-later
兩,⿱一&CDP-8C62;,⿱,top-bottom,一|&CDP-8C62;,component-4e00|component-CDP-8C62,一|&CDP-8C62;,2,2,chise-ids-ucs-basic,352e13378e411c322cfa16bfd7a6d21d670d7eca,source-attested,unreviewed,GPL-2.0-or-later
得,⿰彳㝵,⿰,left-right,彳|㝵,component-5f73|component-3775,彳|㝵,2,2,chise-ids-ucs-basic,352e13378e411c322cfa16bfd7a6d21d670d7eca,source-attested,unreviewed,GPL-2.0-or-later
去,⿱土厶,⿱,top-bottom,土|厶,component-571f|component-53b6,土|厶,2,2,chise-ids-ucs-basic,352e13378e411c322cfa16bfd7a6d21d670d7eca,source-attested,unreviewed,GPL-2.0-or-later
三,⿱一𠄞,⿱,top-bottom,一|𠄞,component-4e00|component-2011e,一|𠄞,2,2,chise-ids-ucs-basic,352e13378e411c322cfa16bfd7a6d21d670d7eca,source-attested,unreviewed,GPL-2.0-or-later
二,二,,single,二,component-4e8c,二,1,1,chise-ids-ucs-basic,352e13378e411c322cfa16bfd7a6d21d670d7eca,source-attested,unreviewed,GPL-2.0-or-later
為,為,,single,為,component-70ba,為,1,1,chise-ids-ucs-basic,352e13378e411c322cfa16bfd7a6d21d670d7eca,source-attested,unreviewed,GPL-2.0-or-later
可,⿹&CDP-8974;口,⿹,surround,&CDP-8974;|口,component-CDP-8974|component-53e3,&CDP-8974;|口,2,2,chise-ids-ucs-basic,352e13378e411c322cfa16bfd7a6d21d670d7eca,source-attested,unreviewed,GPL-2.0-or-later
讀,⿰言賣,⿰,left-right,言|賣,component-8a00|component-8ce3,言|賣,2,2,chise-ids-ucs-basic,352e13378e411c322cfa16bfd7a6d21d670d7eca,source-attested,unreviewed,GPL-2.0-or-later
起,⿺走巳,⿺,surround,走|巳,component-8d70|component-5df3,走|巳,2,2,chise-ids-ucs-basic,352e13378e411c322cfa16bfd7a6d21d670d7eca,source-attested,unreviewed,GPL-2.0-or-later
寫,⿱宀舄,⿱,top-bottom,宀|舄,component-5b80|component-8204,宀|舄,2,2,chise-ids-ucs-basic,352e13378e411c322cfa16bfd7a6d21d670d7eca,source-attested,unreviewed,GPL-2.0-or-later
幾,&U-i002+2FF1;𢆶戍,,single,&U-i002+2FF1;|𢆶|戍,component-U-i002-2FF1|component-221b6|component-620d,&U-i002+2FF1;|𢆶|戍,3,3,chise-ids-ucs-basic,352e13378e411c322cfa16bfd7a6d21d670d7eca,source-attested,unreviewed,GPL-2.0-or-later
做,⿰亻故,⿰,left-right,亻|故,component-4ebb|component-6545,亻|故,2,2,chise-ids-ucs-basic,352e13378e411c322cfa16bfd7a6d21d670d7eca,source-attested,unreviewed,GPL-2.0-or-later
十,十,,single,十,component-5341,十,1,1,chise-ids-ucs-basic,352e13378e411c322cfa16bfd7a6d21d670d7eca,source-attested,unreviewed,GPL-2.0-or-later
第,⿱竹⿹丿弔,⿱,top-bottom,竹|丿|弔,component-7af9|component-4e3f|component-5f14,竹|丿|弔,3,3,chise-ids-ucs-basic,352e13378e411c322cfa16bfd7a6d21d670d7eca,source-attested,unreviewed,GPL-2.0-or-later
好,⿰女子,⿰,left-right,女|子,component-5973|component-5b50,女|子,2,2,chise-ids-ucs-basic,352e13378e411c322cfa16bfd7a6d21d670d7eca,source-attested,unreviewed,GPL-2.0-or-later
動,⿰重力,⿰,left-right,重|力,component-91cd|component-529b,重|力,2,2,chise-ids-ucs-basic,352e13378e411c322cfa16bfd7a6d21d670d7eca,source-attested,unreviewed,GPL-2.0-or-later
作,⿰亻乍,⿰,left-right,亻|乍,component-4ebb|component-4e4d,亻|乍,2,2,chise-ids-ucs-basic,352e13378e411c322cfa16bfd7a6d21d670d7eca,source-attested,unreviewed,GPL-2.0-or-later
家,⿱宀豕,⿱,top-bottom,宀|豕,component-5b80|component-8c55,宀|豕,2,2,chise-ids-ucs-basic,352e13378e411c322cfa16bfd7a6d21d670d7eca,source-attested,unreviewed,GPL-2.0-or-later
比,比,,single,比,component-6bd4,比,1,1,chise-ids-ucs-basic,352e13378e411c322cfa16bfd7a6d21d670d7eca,source-attested,unreviewed,GPL-2.0-or-later
後,⿰彳&CDP-8B7B;,⿰,left-right,彳|&CDP-8B7B;,component-5f73|component-CDP-8B7B,彳|&CDP-8B7B;,2,2,chise-ids-ucs-basic,352e13378e411c322cfa16bfd7a6d21d670d7eca,source-attested,unreviewed,GPL-2.0-or-later
還,⿺辶睘,⿺,surround,辶|睘,component-8fb6|component-7758,辶|睘,2,2,chise-ids-ucs-basic,352e13378e411c322cfa16bfd7a6d21d670d7eca,source-attested,unreviewed,GPL-2.0-or-later
過,⿺辶咼,⿺,surround,辶|咼,component-8fb6|component-54bc,辶|咼,2,2,chise-ids-ucs-basic,352e13378e411c322cfa16bfd7a6d21d670d7eca,source-attested,unreviewed,GPL-2.0-or-later
位,⿰亻立,⿰,left-right,亻|立,component-4ebb|component-7acb,亻|立,2,2,chise-ids-ucs-basic,352e13378e411c322cfa16bfd7a6d21d670d7eca,source-attested,unreviewed,GPL-2.0-or-later
水,水,,single,水,component-6c34,水,1,1,chise-ids-ucs-basic,352e13378e411c322cfa16bfd7a6d21d670d7eca,source-attested,unreviewed,GPL-2.0-or-later
行,⿰彳亍,⿰,left-right,彳|亍,component-5f73|component-4e8d,彳|亍,2,2,chise-ids-ucs-basic,352e13378e411c322cfa16bfd7a6d21d670d7eca,source-attested,unreviewed,GPL-2.0-or-later
能,⿰䏍𫧇,⿰,left-right,䏍|𫧇,component-43cd|component-2b9c7,䏍|𫧇,2,2,chise-ids-ucs-basic,352e13378e411c322cfa16bfd7a6d21d670d7eca,source-attested,unreviewed,GPL-2.0-or-later
它,⿱宀匕,⿱,top-bottom,宀|匕,component-5b80|component-5315,宀|匕,2,2,chise-ids-ucs-basic,352e13378e411c322cfa16bfd7a6d21d670d7eca,source-attested,unreviewed,GPL-2.0-or-later
題,⿺是頁,⿺,surround,是|頁,component-662f|component-9801,是|頁,2,2,chise-ids-ucs-basic,352e13378e411c322cfa16bfd7a6d21d670d7eca,source-attested,unreviewed,GPL-2.0-or-later
平,平,,single,平,component-5e73,平,1,1,chise-ids-ucs-basic,352e13378e411c322cfa16bfd7a6d21d670d7eca,source-attested,unreviewed,GPL-2.0-or-later
計,⿰言十,⿰,left-right,言|十,component-8a00|component-5341,言|十,2,2,chise-ids-ucs-basic,352e13378e411c322cfa16bfd7a6d21d670d7eca,source-attested,unreviewed,GPL-2.0-or-later
各,⿱夂口,⿱,top-bottom,夂|口,component-5902|component-53e3,夂|口,2,2,chise-ids-ucs-basic,352e13378e411c322cfa16bfd7a6d21d670d7eca,source-attested,unreviewed,GPL-2.0-or-later
練,⿰糸柬,⿰,left-right,糸|柬,component-7cf8|component-67ec,糸|柬,2,2,chise-ids-ucs-basic,352e13378e411c322cfa16bfd7a6d21d670d7eca,source-attested,unreviewed,GPL-2.0-or-later
那,⿰&CDP-89FA;⻏,⿰,left-right,&CDP-89FA;|⻏,component-CDP-89FA|component-2ecf,&CDP-89FA;|⻏,2,2,chise-ids-ucs-basic,352e13378e411c322cfa16bfd7a6d21d670d7eca,source-attested,unreviewed,GPL-2.0-or-later
體,⿰骨豊,⿰,left-right,骨|豊,component-9aa8|component-8c4a,骨|豊,2,2,chise-ids-ucs-basic,352e13378e411c322cfa16bfd7a6d21d670d7eca,source-attested,unreviewed,GPL-2.0-or-later
文,文,,single,文,component-6587,文,1,1,chise-ids-ucs-basic,352e13378e411c322cfa16bfd7a6d21d670d7eca,source-attested,unreviewed,GPL-2.0-or-later
自,自,,single,自,component-81ea,自,1,1,chise-ids-ucs-basic,352e13378e411c322cfa16bfd7a6d21d670d7eca,source-attested,unreviewed,GPL-2.0-or-later
曲,曲,,single,曲,component-66f2,曲,1,1,chise-ids-ucs-basic,352e13378e411c322cfa16bfd7a6d21d670d7eca,source-attested,unreviewed,GPL-2.0-or-later
法,⿰氵去,⿰,left-right,氵|去,component-6c35|component-53bb,氵|去,2,2,chise-ids-ucs-basic,352e13378e411c322cfa16bfd7a6d21d670d7eca,source-attested,unreviewed,GPL-2.0-or-later
也,也,,single,也,component-4e5f,也,1,1,chise-ids-ucs-basic,352e13378e411c322cfa16bfd7a6d21d670d7eca,source-attested,unreviewed,GPL-2.0-or-later
形,⿰开彡,⿰,left-right,开|彡,component-5f00|component-5f61,开|彡,2,2,chise-ids-ucs-basic,352e13378e411c322cfa16bfd7a6d21d670d7eca,source-attested,unreviewed,GPL-2.0-or-later
會,⿱亼&CDP-8B63;,⿱,top-bottom,亼|&CDP-8B63;,component-4ebc|component-CDP-8B63,亼|&CDP-8B63;,2,2,chise-ids-ucs-basic,352e13378e411c322cfa16bfd7a6d21d670d7eca,source-attested,unreviewed,GPL-2.0-or-later
種,⿰禾重,⿰,left-right,禾|重,component-79be|component-91cd,禾|重,2,2,chise-ids-ucs-basic,352e13378e411c322cfa16bfd7a6d21d670d7eca,source-attested,unreviewed,GPL-2.0-or-later
課,⿰言果,⿰,left-right,言|果,component-8a00|component-679c,言|果,2,2,chise-ids-ucs-basic,352e13378e411c322cfa16bfd7a6d21d670d7eca,source-attested,unreviewed,GPL-2.0-or-later
聽,⿰&CDP-8BD1;𢛳,⿰,left-right,&CDP-8BD1;|𢛳,component-CDP-8BD1|component-226f3,&CDP-8BD1;|𢛳,2,2,chise-ids-ucs-basic,352e13378e411c322cfa16bfd7a6d21d670d7eca,source-attested,unreviewed,GPL-2.0-or-later
從,⿰彳&CDP-8BB0;,⿰,left-right,彳|&CDP-8BB0;,component-5f73|component-CDP-8BB0,彳|&CDP-8BB0;,2,2,chise-ids-ucs-basic,352e13378e411c322cfa16bfd7a6d21d670d7eca,source-attested,unreviewed,GPL-2.0-or-later
高,⿵⿳亠口冂口,⿵,surround,亠|口|冂|口,component-4ea0|component-53e3|component-5182|component-53e3,亠|口|冂,4,3,chise-ids-ucs-basic,352e13378e411c322cfa16bfd7a6d21d670d7eca,source-attested,unreviewed,GPL-2.0-or-later
歌,⿰哥欠,⿰,left-right,哥|欠,component-54e5|component-6b20,哥|欠,2,2,chise-ids-ucs-basic,352e13378e411c322cfa16bfd7a6d21d670d7eca,source-attested,unreviewed,GPL-2.0-or-later
表,⿱龶𧘇,⿱,top-bottom,龶|𧘇,component-9fb6|component-27607,龶|𧘇,2,2,chise-ids-ucs-basic,352e13378e411c322cfa16bfd7a6d21d670d7eca,source-attested,unreviewed,GPL-2.0-or-later
邊,⿺辶臱,⿺,surround,辶|臱,component-8fb6|component-81f1,辶|臱,2,2,chise-ids-ucs-basic,352e13378e411c322cfa16bfd7a6d21d670d7eca,source-attested,unreviewed,GPL-2.0-or-later
克,⿱古儿,⿱,top-bottom,古|儿,component-53e4|component-513f,古|儿,2,2,chise-ids-ucs-basic,352e13378e411c322cfa16bfd7a6d21d670d7eca,source-attested,unreviewed,GPL-2.0-or-later
都,⿰者⻏,⿰,left-right,者|⻏,component-8005|component-2ecf,者|⻏,2,2,chise-ids-ucs-basic,352e13378e411c322cfa16bfd7a6d21d670d7eca,source-attested,unreviewed,GPL-2.0-or-later
對,⿰&CDP-8BBD;寸,⿰,left-right,&CDP-8BBD;|寸,component-CDP-8BBD|component-5bf8,&CDP-8BBD;|寸,2,2,chise-ids-ucs-basic,352e13378e411c322cfa16bfd7a6d21d670d7eca,source-attested,unreviewed,GPL-2.0-or-later
習,⿱羽白,⿱,top-bottom,羽|白,component-7fbd|component-767d,羽|白,2,2,chise-ids-ucs-basic,352e13378e411c322cfa16bfd7a6d21d670d7eca,source-attested,unreviewed,GPL-2.0-or-later
怎,⿱乍心,⿱,top-bottom,乍|心,component-4e4d|component-5fc3,乍|心,2,2,chise-ids-ucs-basic,352e13378e411c322cfa16bfd7a6d21d670d7eca,source-attested,unreviewed,GPL-2.0-or-later
兒,⿱臼儿,⿱,top-bottom,臼|儿,component-81fc|component-513f,臼|儿,2,2,chise-ids-ucs-basic,352e13378e411c322cfa16bfd7a6d21d670d7eca,source-attested,unreviewed,GPL-2.0-or-later
又,又,,single,又,component-53c8,又,1,1,chise-ids-ucs-basic,352e13378e411c322cfa16bfd7a6d21d670d7eca,source-attested,unreviewed,GPL-2.0-or-later
花,⿱艹化,⿱,top-bottom,艹|化,component-8279|component-5316,艹|化,2,2,chise-ids-ucs-basic,352e13378e411c322cfa16bfd7a6d21d670d7eca,source-attested,unreviewed,GPL-2.0-or-later
四,四,,single,四,component-56db,四,1,1,chise-ids-ucs-basic,352e13378e411c322cfa16bfd7a6d21d670d7eca,source-attested,unreviewed,GPL-2.0-or-later
心,心,,single,心,component-5fc3,心,1,1,chise-ids-ucs-basic,352e13378e411c322cfa16bfd7a6d21d670d7eca,source-attested,unreviewed,GPL-2.0-or-later
工,工,,single,工,component-5de5,工,1,1,chise-ids-ucs-basic,352e13378e411c322cfa16bfd7a6d21d670d7eca,source-attested,unreviewed,GPL-2.0-or-later
加,⿰力口,⿰,left-right,力|口,component-529b|component-53e3,力|口,2,2,chise-ids-ucs-basic,352e13378e411c322cfa16bfd7a6d21d670d7eca,source-attested,unreviewed,GPL-2.0-or-later
些,⿱此二,⿱,top-bottom,此|二,component-6b64|component-4e8c,此|二,2,2,chise-ids-ucs-basic,352e13378e411c322cfa16bfd7a6d21d670d7eca,source-attested,unreviewed,GPL-2.0-or-later
老,⿸耂匕,⿸,surround,耂|匕,component-8002|component-5315,耂|匕,2,2,chise-ids-ucs-basic,352e13378e411c322cfa16bfd7a6d21d670d7eca,source-attested,unreviewed,GPL-2.0-or-later
再,⿱一冉,⿱,top-bottom,一|冉,component-4e00|component-5189,一|冉,2,2,chise-ids-ucs-basic,352e13378e411c322cfa16bfd7a6d21d670d7eca,source-attested,unreviewed,GPL-2.0-or-later
音,音,,single,音,component-97f3,音,1,1,chise-ids-ucs-basic,352e13378e411c322cfa16bfd7a6d21d670d7eca,source-attested,unreviewed,GPL-2.0-or-later
發,⿹癹弓,⿹,surround,癹|弓,component-7679|component-5f13,癹|弓,2,2,chise-ids-ucs-basic,352e13378e411c322cfa16bfd7a6d21d670d7eca,source-attested,unreviewed,GPL-2.0-or-later
車,車,,single,車,component-8eca,車,1,1,chise-ids-ucs-basic,352e13378e411c322cfa16bfd7a6d21d670d7eca,source-attested,unreviewed,GPL-2.0-or-later
共,⿱卄𬺢,⿱,top-bottom,卄|𬺢,component-5344|component-2cea2,卄|𬺢,2,2,chise-ids-ucs-basic,352e13378e411c322cfa16bfd7a6d21d670d7eca,source-attested,unreviewed,GPL-2.0-or-later
意,⿱音心,⿱,top-bottom,音|心,component-97f3|component-5fc3,音|心,2,2,chise-ids-ucs-basic,352e13378e411c322cfa16bfd7a6d21d670d7eca,source-attested,unreviewed,GPL-2.0-or-later
月,月,,single,月,component-6708,月,1,1,chise-ids-ucs-basic,352e13378e411c322cfa16bfd7a6d21d670d7eca,source-attested,unreviewed,GPL-2.0-or-later
圖,⿴囗啚,⿴,surround,囗|啚,component-56d7|component-555a,囗|啚,2,2,chise-ids-ucs-basic,352e13378e411c322cfa16bfd7a6d21d670d7eca,source-attested,unreviewed,GPL-2.0-or-later
相,⿰木目,⿰,left-right,木|目,component-6728|component-76ee,木|目,2,2,chise-ids-ucs-basic,352e13378e411c322cfa16bfd7a6d21d670d7eca,source-attested,unreviewed,GPL-2.0-or-later
哪,⿰口那,⿰,left-right,口|那,component-53e3|component-90a3,口|那,2,2,chise-ids-ucs-basic,352e13378e411c322cfa16bfd7a6d21d670d7eca,source-attested,unreviewed,GPL-2.0-or-later
唱,⿰口昌,⿰,left-right,口|昌,component-53e3|component-660c,口|昌,2,2,chise-ids-ucs-basic,352e13378e411c322cfa16bfd7a6d21d670d7eca,source-attested,unreviewed,GPL-2.0-or-later
物,⿰牜勿,⿰,left-right,牜|勿,component-725c|component-52ff,牜|勿,2,2,chise-ids-ucs-basic,352e13378e411c322cfa16bfd7a6d21d670d7eca,source-attested,unreviewed,GPL-2.0-or-later
聲,⿱殸耳,⿱,top-bottom,殸|耳,component-6bb8|component-8033,殸|耳,2,2,chise-ids-ucs-basic,352e13378e411c322cfa16bfd7a6d21d670d7eca,source-attested,unreviewed,GPL-2.0-or-later
開,⿵門开,⿵,surround,門|开,component-9580|component-5f00,門|开,2,2,chise-ids-ucs-basic,352e13378e411c322cfa16bfd7a6d21d670d7eca,source-attested,unreviewed,GPL-2.0-or-later
事,事,,single,事,component-4e8b,事,1,1,chise-ids-ucs-basic,352e13378e411c322cfa16bfd7a6d21d670d7eca,source-attested,unreviewed,GPL-2.0-or-later
本,本,,single,本,component-672c,本,1,1,chise-ids-ucs-basic,352e13378e411c322cfa16bfd7a6d21d670d7eca,source-attested,unreviewed,GPL-2.0-or-later
果,果,,single,果,component-679c,果,1,1,chise-ids-ucs-basic,352e13378e411c322cfa16bfd7a6d21d670d7eca,source-attested,unreviewed,GPL-2.0-or-later
進,⿺辶隹,⿺,surround,辶|隹,component-8fb6|component-96b9,辶|隹,2,2,chise-ids-ucs-basic,352e13378e411c322cfa16bfd7a6d21d670d7eca,source-attested,unreviewed,GPL-2.0-or-later
點,⿰黑占,⿰,left-right,黑|占,component-9ed1|component-5360,黑|占,2,2,chise-ids-ucs-basic,352e13378e411c322cfa16bfd7a6d21d670d7eca,source-attested,unreviewed,GPL-2.0-or-later
樹,⿰木尌,⿰,left-right,木|尌,component-6728|component-5c0c,木|尌,2,2,chise-ids-ucs-basic,352e13378e411c322cfa16bfd7a6d21d670d7eca,source-attested,unreviewed,GPL-2.0-or-later
現,⿰𤣩見,⿰,left-right,𤣩|見,component-248e9|component-898b,𤣩|見,2,2,chise-ids-ucs-basic,352e13378e411c322cfa16bfd7a6d21d670d7eca,source-attested,unreviewed,GPL-2.0-or-later
然,⿱&CDP-8BB5;灬,⿱,top-bottom,&CDP-8BB5;|灬,component-CDP-8BB5|component-706c,&CDP-8BB5;|灬,2,2,chise-ids-ucs-basic,352e13378e411c322cfa16bfd7a6d21d670d7eca,source-attested,unreviewed,GPL-2.0-or-later
合,⿱亼口,⿱,top-bottom,亼|口,component-4ebc|component-53e3,亼|口,2,2,chise-ids-ucs-basic,352e13378e411c322cfa16bfd7a6d21d670d7eca,source-attested,unreviewed,GPL-2.0-or-later
積,⿰禾責,⿰,left-right,禾|責,component-79be|component-8cac,禾|責,2,2,chise-ids-ucs-basic,352e13378e411c322cfa16bfd7a6d21d670d7eca,source-attested,unreviewed,GPL-2.0-or-later
產,⿱文&CDP-8C45;,⿱,top-bottom,文|&CDP-8C45;,component-6587|component-CDP-8C45,文|&CDP-8C45;,2,2,chise-ids-ucs-basic,352e13378e411c322cfa16bfd7a6d21d670d7eca,source-attested,unreviewed,GPL-2.0-or-later
前,⿸⿱䒑&CDP-8958;刂,⿸,surround,䒑|&CDP-8958;|刂,component-4491|component-CDP-8958|component-5202,䒑|&CDP-8958;|刂,3,3,chise-ids-ucs-basic,352e13378e411c322cfa16bfd7a6d21d670d7eca,source-attested,unreviewed,GPL-2.0-or-later
沒,⿰氵&CDP-8BA1;,⿰,left-right,氵|&CDP-8BA1;,component-6c35|component-CDP-8BA1,氵|&CDP-8BA1;,2,2,chise-ids-ucs-basic,352e13378e411c322cfa16bfd7a6d21d670d7eca,source-attested,unreviewed,GPL-2.0-or-later
山,山,,single,山,component-5c71,山,1,1,chise-ids-ucs-basic,352e13378e411c322cfa16bfd7a6d21d670d7eca,source-attested,unreviewed,GPL-2.0-or-later
條,⿸攸朩,⿸,surround,攸|朩,component-6538|component-6729,攸|朩,2,2,chise-ids-ucs-basic,352e13378e411c322cfa16bfd7a6d21d670d7eca,source-attested,unreviewed,GPL-2.0-or-later
頭,⿰豆頁,⿰,left-right,豆|頁,component-8c46|component-9801,豆|頁,2,2,chise-ids-ucs-basic,352e13378e411c322cfa16bfd7a6d21d670d7eca,source-attested,unreviewed,GPL-2.0-or-later
走,⿱土龰,⿱,top-bottom,土|龰,component-571f|component-9fb0,土|龰,2,2,chise-ids-ucs-basic,352e13378e411c322cfa16bfd7a6d21d670d7eca,source-attested,unreviewed,GPL-2.0-or-later
民,民,,single,民,component-6c11,民,1,1,chise-ids-ucs-basic,352e13378e411c322cfa16bfd7a6d21d670d7eca,source-attested,unreviewed,GPL-2.0-or-later
求,求,,single,求,component-6c42,求,1,1,chise-ids-ucs-basic,352e13378e411c322cfa16bfd7a6d21d670d7eca,source-attested,unreviewed,GPL-2.0-or-later
道,⿺辶首,⿺,surround,辶|首,component-8fb6|component-9996,辶|首,2,2,chise-ids-ucs-basic,352e13378e411c322cfa16bfd7a6d21d670d7eca,source-attested,unreviewed,GPL-2.0-or-later
組,⿰糸且,⿰,left-right,糸|且,component-7cf8|component-4e14,糸|且,2,2,chise-ids-ucs-basic,352e13378e411c322cfa16bfd7a6d21d670d7eca,source-attested,unreviewed,GPL-2.0-or-later
給,⿰糸合,⿰,left-right,糸|合,component-7cf8|component-5408,糸|合,2,2,chise-ids-ucs-basic,352e13378e411c322cfa16bfd7a6d21d670d7eca,source-attested,unreviewed,GPL-2.0-or-later
正,⿱一止,⿱,top-bottom,一|止,component-4e00|component-6b62,一|止,2,2,chise-ids-ucs-basic,352e13378e411c322cfa16bfd7a6d21d670d7eca,source-attested,unreviewed,GPL-2.0-or-later
快,⿰忄夬,⿰,left-right,忄|夬,component-5fc4|component-592c,忄|夬,2,2,chise-ids-ucs-basic,352e13378e411c322cfa16bfd7a6d21d670d7eca,source-attested,unreviewed,GPL-2.0-or-later
媽,⿰女馬,⿰,left-right,女|馬,component-5973|component-99ac,女|馬,2,2,chise-ids-ucs-basic,352e13378e411c322cfa16bfd7a6d21d670d7eca,source-attested,unreviewed,GPL-2.0-or-later
書,⿱聿曰,⿱,top-bottom,聿|曰,component-807f|component-66f0,聿|曰,2,2,chise-ids-ucs-basic,352e13378e411c322cfa16bfd7a6d21d670d7eca,source-attested,unreviewed,GPL-2.0-or-later
口,口,,single,口,component-53e3,口,1,1,chise-ids-ucs-basic,352e13378e411c322cfa16bfd7a6d21d670d7eca,source-attested,unreviewed,GPL-2.0-or-later
段,⿰&CDP-8CE4;殳,⿰,left-right,&CDP-8CE4;|殳,component-CDP-8CE4|component-6bb3,&CDP-8CE4;|殳,2,2,chise-ids-ucs-basic,352e13378e411c322cfa16bfd7a6d21d670d7eca,source-attested,unreviewed,GPL-2.0-or-later
重,重,,single,重,component-91cd,重,1,1,chise-ids-ucs-basic,352e13378e411c322cfa16bfd7a6d21d670d7eca,source-attested,unreviewed,GPL-2.0-or-later
明,⿰日月,⿰,left-right,日|月,component-65e5|component-6708,日|月,2,2,chise-ids-ucs-basic,352e13378e411c322cfa16bfd7a6d21d670d7eca,source-attested,unreviewed,GPL-2.0-or-later
公,⿱八厶,⿱,top-bottom,八|厶,component-516b|component-53b6,八|厶,2,2,chise-ids-ucs-basic,352e13378e411c322cfa16bfd7a6d21d670d7eca,source-attested,unreviewed,GPL-2.0-or-later
向,⿵𰃦口,⿵,surround,𰃦|口,component-300e6|component-53e3,𰃦|口,2,2,chise-ids-ucs-basic,352e13378e411c322cfa16bfd7a6d21d670d7eca,source-attested,unreviewed,GPL-2.0-or-later
路,⿰𧾷各,⿰,left-right,𧾷|各,component-27fb7|component-5404,𧾷|各,2,2,chise-ids-ucs-basic,352e13378e411c322cfa16bfd7a6d21d670d7eca,source-attested,unreviewed,GPL-2.0-or-later
紅,⿰糸工,⿰,left-right,糸|工,component-7cf8|component-5de5,糸|工,2,2,chise-ids-ucs-basic,352e13378e411c322cfa16bfd7a6d21d670d7eca,source-attested,unreviewed,GPL-2.0-or-later
樂,⿶⿱𢆶木白,⿶,surround,𢆶|木|白,component-221b6|component-6728|component-767d,𢆶|木|白,3,3,chise-ids-ucs-basic,352e13378e411c322cfa16bfd7a6d21d670d7eca,source-attested,unreviewed,GPL-2.0-or-later
手,手,,single,手,component-624b,手,1,1,chise-ids-ucs-basic,352e13378e411c322cfa16bfd7a6d21d670d7eca,source-attested,unreviewed,GPL-2.0-or-later
先,⿱⺧儿,⿱,top-bottom,⺧|儿,component-2ea7|component-513f,⺧|儿,2,2,chise-ids-ucs-basic,352e13378e411c322cfa16bfd7a6d21d670d7eca,source-attested,unreviewed,GPL-2.0-or-later
字,⿱宀子,⿱,top-bottom,宀|子,component-5b80|component-5b50,宀|子,2,2,chise-ids-ucs-basic,352e13378e411c322cfa16bfd7a6d21d670d7eca,source-attested,unreviewed,GPL-2.0-or-later
除,⿰⻖余,⿰,left-right,⻖|余,component-2ed6|component-4f59,⻖|余,2,2,chise-ids-ucs-basic,352e13378e411c322cfa16bfd7a6d21d670d7eca,source-attested,unreviewed,GPL-2.0-or-later
全,⿱𠆢王,⿱,top-bottom,𠆢|王,component-201a2|component-738b,𠆢|王,2,2,chise-ids-ucs-basic,352e13378e411c322cfa16bfd7a6d21d670d7eca,source-attested,unreviewed,GPL-2.0-or-later
五,五,,single,五,component-4e94,五,1,1,chise-ids-ucs-basic,352e13378e411c322cfa16bfd7a6d21d670d7eca,source-attested,unreviewed,GPL-2.0-or-later
百,⿱一白,⿱,top-bottom,一|白,component-4e00|component-767d,一|白,2,2,chise-ids-ucs-basic,352e13378e411c322cfa16bfd7a6d21d670d7eca,source-attested,unreviewed,GPL-2.0-or-later
部,⿰咅⻏,⿰,left-right,咅|⻏,component-5485|component-2ecf,咅|⻏,2,2,chise-ids-ucs-basic,352e13378e411c322cfa16bfd7a6d21d670d7eca,source-attested,unreviewed,GPL-2.0-or-later
叫,⿰口丩,⿰,left-right,口|丩,component-53e3|component-4e29,口|丩,2,2,chise-ids-ucs-basic,352e13378e411c322cfa16bfd7a6d21d670d7eca,source-attested,unreviewed,GPL-2.0-or-later
啦,⿰口拉,⿰,left-right,口|拉,component-53e3|component-62c9,口|拉,2,2,chise-ids-ucs-basic,352e13378e411c322cfa16bfd7a6d21d670d7eca,source-attested,unreviewed,GPL-2.0-or-later
主,⿱丶王,⿱,top-bottom,丶|王,component-4e36|component-738b,丶|王,2,2,chise-ids-ucs-basic,352e13378e411c322cfa16bfd7a6d21d670d7eca,source-attested,unreviewed,GPL-2.0-or-later
思,⿱田心,⿱,top-bottom,田|心,component-7530|component-5fc3,田|心,2,2,chise-ids-ucs-basic,352e13378e411c322cfa16bfd7a6d21d670d7eca,source-attested,unreviewed,GPL-2.0-or-later
回,⿴囗口,⿴,surround,囗|口,component-56d7|component-53e3,囗|口,2,2,chise-ids-ucs-basic,352e13378e411c322cfa16bfd7a6d21d670d7eca,source-attested,unreviewed,GPL-2.0-or-later
畫,⿳聿田一,⿳,top-bottom,聿|田|一,component-807f|component-7530|component-4e00,聿|田|一,3,3,chise-ids-ucs-basic,352e13378e411c322cfa16bfd7a6d21d670d7eca,source-attested,unreviewed,GPL-2.0-or-later
答,⿱竹合,⿱,top-bottom,竹|合,component-7af9|component-5408,竹|合,2,2,chise-ids-ucs-basic,352e13378e411c322cfa16bfd7a6d21d670d7eca,source-attested,unreviewed,GPL-2.0-or-later
機,⿰木幾,⿰,left-right,木|幾,component-6728|component-5e7e,木|幾,2,2,chise-ids-ucs-basic,352e13378e411c322cfa16bfd7a6d21d670d7eca,source-attested,unreviewed,GPL-2.0-or-later
氣,⿹气米,⿹,surround,气|米,component-6c14|component-7c73,气|米,2,2,chise-ids-ucs-basic,352e13378e411c322cfa16bfd7a6d21d670d7eca,source-attested,unreviewed,GPL-2.0-or-later
元,⿱一兀,⿱,top-bottom,一|兀,component-4e00|component-5140,一|兀,2,2,chise-ids-ucs-basic,352e13378e411c322cfa16bfd7a6d21d670d7eca,source-attested,unreviewed,GPL-2.0-or-later
當,⿱𫩠田,⿱,top-bottom,𫩠|田,component-2ba60|component-7530,𫩠|田,2,2,chise-ids-ucs-basic,352e13378e411c322cfa16bfd7a6d21d670d7eca,source-attested,unreviewed,GPL-2.0-or-later
師,⿰𠂤帀,⿰,left-right,𠂤|帀,component-200a4|component-5e00,𠂤|帀,2,2,chise-ids-ucs-basic,352e13378e411c322cfa16bfd7a6d21d670d7eca,source-attested,unreviewed,GPL-2.0-or-later
像,⿰亻象,⿰,left-right,亻|象,component-4ebb|component-8c61,亻|象,2,2,chise-ids-ucs-basic,352e13378e411c322cfa16bfd7a6d21d670d7eca,source-attested,unreviewed,GPL-2.0-or-later
間,⿵門日,⿵,surround,門|日,component-9580|component-65e5,門|日,2,2,chise-ids-ucs-basic,352e13378e411c322cfa16bfd7a6d21d670d7eca,source-attested,unreviewed,GPL-2.0-or-later
例,⿰亻列,⿰,left-right,亻|列,component-4ebb|component-5217,亻|列,2,2,chise-ids-ucs-basic,352e13378e411c322cfa16bfd7a6d21d670d7eca,source-attested,unreviewed,GPL-2.0-or-later
實,⿱宀貫,⿱,top-bottom,宀|貫,component-5b80|component-8cab,宀|貫,2,2,chise-ids-ucs-basic,352e13378e411c322cfa16bfd7a6d21d670d7eca,source-attested,unreviewed,GPL-2.0-or-later
放,⿰方攵,⿰,left-right,方|攵,component-65b9|component-6535,方|攵,2,2,chise-ids-ucs-basic,352e13378e411c322cfa16bfd7a6d21d670d7eca,source-attested,unreviewed,GPL-2.0-or-later
最,⿱日取,⿱,top-bottom,日|取,component-65e5|component-53d6,日|取,2,2,chise-ids-ucs-basic,352e13378e411c322cfa16bfd7a6d21d670d7eca,source-attested,unreviewed,GPL-2.0-or-later
萬,⿱艹禺,⿱,top-bottom,艹|禺,component-8279|component-79ba,艹|禺,2,2,chise-ids-ucs-basic,352e13378e411c322cfa16bfd7a6d21d670d7eca,source-attested,unreviewed,GPL-2.0-or-later
情,⿰忄青,⿰,left-right,忄|青,component-5fc4|component-9752,忄|青,2,2,chise-ids-ucs-basic,352e13378e411c322cfa16bfd7a6d21d670d7eca,source-attested,unreviewed,GPL-2.0-or-later
知,⿰矢口,⿰,left-right,矢|口,component-77e2|component-53e3,矢|口,2,2,chise-ids-ucs-basic,352e13378e411c322cfa16bfd7a6d21d670d7eca,source-attested,unreviewed,GPL-2.0-or-later
解,⿺𧣈刀,⿺,surround,𧣈|刀,component-278c8|component-5200,𧣈|刀,2,2,chise-ids-ucs-basic,352e13378e411c322cfa16bfd7a6d21d670d7eca,source-attested,unreviewed,GPL-2.0-or-later
角,角,,single,角,component-89d2,角,1,1,chise-ids-ucs-basic,352e13378e411c322cfa16bfd7a6d21d670d7eca,source-attested,unreviewed,GPL-2.0-or-later
隊,⿰⻖㒸,⿰,left-right,⻖|㒸,component-2ed6|component-34b8,⻖|㒸,2,2,chise-ids-ucs-basic,352e13378e411c322cfa16bfd7a6d21d670d7eca,source-attested,unreviewed,GPL-2.0-or-later
很,⿰彳艮,⿰,left-right,彳|艮,component-5f73|component-826e,彳|艮,2,2,chise-ids-ucs-basic,352e13378e411c322cfa16bfd7a6d21d670d7eca,source-attested,unreviewed,GPL-2.0-or-later
白,白,,single,白,component-767d,白,1,1,chise-ids-ucs-basic,352e13378e411c322cfa16bfd7a6d21d670d7eca,source-attested,unreviewed,GPL-2.0-or-later
運,⿺辶軍,⿺,surround,辶|軍,component-8fb6|component-8ecd,辶|軍,2,2,chise-ids-ucs-basic,352e13378e411c322cfa16bfd7a6d21d670d7eca,source-attested,unreviewed,GPL-2.0-or-later
次,⿰冫欠,⿰,left-right,冫|欠,component-51ab|component-6b20,冫|欠,2,2,chise-ids-ucs-basic,352e13378e411c322cfa16bfd7a6d21d670d7eca,source-attested,unreviewed,GPL-2.0-or-later
隻,⿱隹又,⿱,top-bottom,隹|又,component-96b9|component-53c8,隹|又,2,2,chise-ids-ucs-basic,352e13378e411c322cfa16bfd7a6d21d670d7eca,source-attested,unreviewed,GPL-2.0-or-later
化,⿰亻𠤎,⿰,left-right,亻|𠤎,component-4ebb|component-2090e,亻|𠤎,2,2,chise-ids-ucs-basic,352e13378e411c322cfa16bfd7a6d21d670d7eca,source-attested,unreviewed,GPL-2.0-or-later
活,⿰氵舌,⿰,left-right,氵|舌,component-6c35|component-820c,氵|舌,2,2,chise-ids-ucs-basic,352e13378e411c322cfa16bfd7a6d21d670d7eca,source-attested,unreviewed,GPL-2.0-or-later
句,⿹勹口,⿹,surround,勹|口,component-52f9|component-53e3,勹|口,2,2,chise-ids-ucs-basic,352e13378e411c322cfa16bfd7a6d21d670d7eca,source-attested,unreviewed,GPL-2.0-or-later
電,⿱雨&CDP-8BE8;,⿱,top-bottom,雨|&CDP-8BE8;,component-96e8|component-CDP-8BE8,雨|&CDP-8BE8;,2,2,chise-ids-ucs-basic,352e13378e411c322cfa16bfd7a6d21d670d7eca,source-attested,unreviewed,GPL-2.0-or-later
釐,⿸𠩺里,⿸,surround,𠩺|里,component-20a7a|component-91cc,𠩺|里,2,2,chise-ids-ucs-basic,352e13378e411c322cfa16bfd7a6d21d670d7eca,source-attested,unreviewed,GPL-2.0-or-later
日,日,,single,日,component-65e5,日,1,1,chise-ids-ucs-basic,352e13378e411c322cfa16bfd7a6d21d670d7eca,source-attested,unreviewed,GPL-2.0-or-later
等,⿱竹寺,⿱,top-bottom,竹|寺,component-7af9|component-5bfa,竹|寺,2,2,chise-ids-ucs-basic,352e13378e411c322cfa16bfd7a6d21d670d7eca,source-attested,unreviewed,GPL-2.0-or-later
美,⿱𦍌大,⿱,top-bottom,𦍌|大,component-2634c|component-5927,𦍌|大,2,2,chise-ids-ucs-basic,352e13378e411c322cfa16bfd7a6d21d670d7eca,source-attested,unreviewed,GPL-2.0-or-later
倍,⿰亻咅,⿰,left-right,亻|咅,component-4ebb|component-5485,亻|咅,2,2,chise-ids-ucs-basic,352e13378e411c322cfa16bfd7a6d21d670d7eca,source-attested,unreviewed,GPL-2.0-or-later
經,⿰糸巠,⿰,left-right,糸|巠,component-7cf8|component-5de0,糸|巠,2,2,chise-ids-ucs-basic,352e13378e411c322cfa16bfd7a6d21d670d7eca,source-attested,unreviewed,GPL-2.0-or-later
完,⿱宀元,⿱,top-bottom,宀|元,component-5b80|component-5143,宀|元,2,2,chise-ids-ucs-basic,352e13378e411c322cfa16bfd7a6d21d670d7eca,source-attested,unreviewed,GPL-2.0-or-later
量,⿱旦里,⿱,top-bottom,旦|里,component-65e6|component-91cc,旦|里,2,2,chise-ids-ucs-basic,352e13378e411c322cfa16bfd7a6d21d670d7eca,source-attested,unreviewed,GPL-2.0-or-later
球,⿰𤣩求,⿰,left-right,𤣩|求,component-248e9|component-6c42,𤣩|求,2,2,chise-ids-ucs-basic,352e13378e411c322cfa16bfd7a6d21d670d7eca,source-attested,unreviewed,GPL-2.0-or-later
飛,飛,,single,飛,component-98db,飛,1,1,chise-ids-ucs-basic,352e13378e411c322cfa16bfd7a6d21d670d7eca,source-attested,unreviewed,GPL-2.0-or-later
軍,⿱冖車,⿱,top-bottom,冖|車,component-5196|component-8eca,冖|車,2,2,chise-ids-ucs-basic,352e13378e411c322cfa16bfd7a6d21d670d7eca,source-attested,unreviewed,GPL-2.0-or-later
之,之,,single,之,component-4e4b,之,1,1,chise-ids-ucs-basic,352e13378e411c322cfa16bfd7a6d21d670d7eca,source-attested,unreviewed,GPL-2.0-or-later
詞,⿰言司,⿰,left-right,言|司,component-8a00|component-53f8,言|司,2,2,chise-ids-ucs-basic,352e13378e411c322cfa16bfd7a6d21d670d7eca,source-attested,unreviewed,GPL-2.0-or-later
色,色,,single,色,component-8272,色,1,1,chise-ids-ucs-basic,352e13378e411c322cfa16bfd7a6d21d670d7eca,source-attested,unreviewed,GPL-2.0-or-later
度,⿸广&CDP-8C46;,⿸,surround,广|&CDP-8C46;,component-5e7f|component-CDP-8C46,广|&CDP-8C46;,2,2,chise-ids-ucs-basic,352e13378e411c322cfa16bfd7a6d21d670d7eca,source-attested,unreviewed,GPL-2.0-or-later
根,⿰木艮,⿰,left-right,木|艮,component-6728|component-826e,木|艮,2,2,chise-ids-ucs-basic,352e13378e411c322cfa16bfd7a6d21d670d7eca,source-attested,unreviewed,GPL-2.0-or-later
問,⿵門口,⿵,surround,門|口,component-9580|component-53e3,門|口,2,2,chise-ids-ucs-basic,352e13378e411c322cfa16bfd7a6d21d670d7eca,source-attested,unreviewed,GPL-2.0-or-later
呀,⿰口牙,⿰,left-right,口|牙,component-53e3|component-7259,口|牙,2,2,chise-ids-ucs-basic,352e13378e411c322cfa16bfd7a6d21d670d7eca,source-attested,unreviewed,GPL-2.0-or-later
打,⿰扌丁,⿰,left-right,扌|丁,component-624c|component-4e01,扌|丁,2,2,chise-ids-ucs-basic,352e13378e411c322cfa16bfd7a6d21d670d7eca,source-attested,unreviewed,GPL-2.0-or-later
光,⿱⿱⺌一儿,⿱,top-bottom,⺌|一|儿,component-2e8c|component-4e00|component-513f,⺌|一|儿,3,3,chise-ids-ucs-basic,352e13378e411c322cfa16bfd7a6d21d670d7eca,source-attested,unreviewed,GPL-2.0-or-later
空,⿱穴工,⿱,top-bottom,穴|工,component-7a74|component-5de5,穴|工,2,2,chise-ids-ucs-basic,352e13378e411c322cfa16bfd7a6d21d670d7eca,source-attested,unreviewed,GPL-2.0-or-later
如,⿰女口,⿰,left-right,女|口,component-5973|component-53e3,女|口,2,2,chise-ids-ucs-basic,352e13378e411c322cfa16bfd7a6d21d670d7eca,source-attested,unreviewed,GPL-2.0-or-later
她,⿰女也,⿰,left-right,女|也,component-5973|component-4e5f,女|也,2,2,chise-ids-ucs-basic,352e13378e411c322cfa16bfd7a6d21d670d7eca,source-attested,unreviewed,GPL-2.0-or-later
見,見,,single,見,component-898b,見,1,1,chise-ids-ucs-basic,352e13378e411c322cfa16bfd7a6d21d670d7eca,source-attested,unreviewed,GPL-2.0-or-later
原,⿸厂&CDP-8BC4;,⿸,surround,厂|&CDP-8BC4;,component-5382|component-CDP-8BC4,厂|&CDP-8BC4;,2,2,chise-ids-ucs-basic,352e13378e411c322cfa16bfd7a6d21d670d7eca,source-attested,unreviewed,GPL-2.0-or-later
節,⿱竹即,⿱,top-bottom,竹|即,component-7af9|component-5373,竹|即,2,2,chise-ids-ucs-basic,352e13378e411c322cfa16bfd7a6d21d670d7eca,source-attested,unreviewed,GPL-2.0-or-later
身,身,,single,身,component-8eab,身,1,1,chise-ids-ucs-basic,352e13378e411c322cfa16bfd7a6d21d670d7eca,source-attested,unreviewed,GPL-2.0-or-later
爸,⿱父巴,⿱,top-bottom,父|巴,component-7236|component-5df4,父|巴,2,2,chise-ids-ucs-basic,352e13378e411c322cfa16bfd7a6d21d670d7eca,source-attested,unreviewed,GPL-2.0-or-later
線,⿰糸泉,⿰,left-right,糸|泉,component-7cf8|component-6cc9,糸|泉,2,2,chise-ids-ucs-basic,352e13378e411c322cfa16bfd7a6d21d670d7eca,source-attested,unreviewed,GPL-2.0-or-later
己,己,,single,己,component-5df1,己,1,1,chise-ids-ucs-basic,352e13378e411c322cfa16bfd7a6d21d670d7eca,source-attested,unreviewed,GPL-2.0-or-later
乘,乘,,single,乘,component-4e58,乘,1,1,chise-ids-ucs-basic,352e13378e411c322cfa16bfd7a6d21d670d7eca,source-attested,unreviewed,GPL-2.0-or-later
嗎,⿰口馬,⿰,left-right,口|馬,component-53e3|component-99ac,口|馬,2,2,chise-ids-ucs-basic,352e13378e411c322cfa16bfd7a6d21d670d7eca,source-attested,unreviewed,GPL-2.0-or-later
只,⿱口&GT-K00059;,⿱,top-bottom,口|&GT-K00059;,component-53e3|component-GT-K00059,口|&GT-K00059;,2,2,chise-ids-ucs-basic,352e13378e411c322cfa16bfd7a6d21d670d7eca,source-attested,unreviewed,GPL-2.0-or-later
內,內,,single,內,component-5167,內,1,1,chise-ids-ucs-basic,352e13378e411c322cfa16bfd7a6d21d670d7eca,source-attested,unreviewed,GPL-2.0-or-later
填,⿰土真,⿰,left-right,土|真,component-571f|component-771f,土|真,2,2,chise-ids-ucs-basic,352e13378e411c322cfa16bfd7a6d21d670d7eca,source-attested,unreviewed,GPL-2.0-or-later
變,⿱䜌攵,⿱,top-bottom,䜌|攵,component-470c|component-6535,䜌|攵,2,2,chise-ids-ucs-basic,352e13378e411c322cfa16bfd7a6d21d670d7eca,source-attested,unreviewed,GPL-2.0-or-later
星,⿱日生,⿱,top-bottom,日|生,component-65e5|component-751f,日|生,2,2,chise-ids-ucs-basic,352e13378e411c322cfa16bfd7a6d21d670d7eca,source-attested,unreviewed,GPL-2.0-or-later
別,⿰𠮠刂,⿰,left-right,𠮠|刂,component-20ba0|component-5202,𠮠|刂,2,2,chise-ids-ucs-basic,352e13378e411c322cfa16bfd7a6d21d670d7eca,source-attested,unreviewed,GPL-2.0-or-later
外,⿰夕卜,⿰,left-right,夕|卜,component-5915|component-535c,夕|卜,2,2,chise-ids-ucs-basic,352e13378e411c322cfa16bfd7a6d21d670d7eca,source-attested,unreviewed,GPL-2.0-or-later
件,⿰亻牛,⿰,left-right,亻|牛,component-4ebb|component-725b,亻|牛,2,2,chise-ids-ucs-basic,352e13378e411c322cfa16bfd7a6d21d670d7eca,source-attested,unreviewed,GPL-2.0-or-later
愛,⿱⿱&CDP-8BB8;心夂,⿱,top-bottom,&CDP-8BB8;|心|夂,component-CDP-8BB8|component-5fc3|component-5902,&CDP-8BB8;|心|夂,3,3,chise-ids-ucs-basic,352e13378e411c322cfa16bfd7a6d21d670d7eca,source-attested,unreviewed,GPL-2.0-or-later
連,⿺辶車,⿺,surround,辶|車,component-8fb6|component-8eca,辶|車,2,2,chise-ids-ucs-basic,352e13378e411c322cfa16bfd7a6d21d670d7eca,source-attested,unreviewed,GPL-2.0-or-later
級,⿰糸及,⿰,left-right,糸|及,component-7cf8|component-53ca,糸|及,2,2,chise-ids-ucs-basic,352e13378e411c322cfa16bfd7a6d21d670d7eca,source-attested,unreviewed,GPL-2.0-or-later
式,⿹弋工,⿹,surround,弋|工,component-5f0b|component-5de5,弋|工,2,2,chise-ids-ucs-basic,352e13378e411c322cfa16bfd7a6d21d670d7eca,source-attested,unreviewed,GPL-2.0-or-later
於,⿰方仒,⿰,left-right,方|仒,component-65b9|component-4ed2,方|仒,2,2,chise-ids-ucs-basic,352e13378e411c322cfa16bfd7a6d21d670d7eca,source-attested,unreviewed,GPL-2.0-or-later
力,力,,single,力,component-529b,力,1,1,chise-ids-ucs-basic,352e13378e411c322cfa16bfd7a6d21d670d7eca,source-attested,unreviewed,GPL-2.0-or-later
直,⿱十&CDP-8BA5;,⿱,top-bottom,十|&CDP-8BA5;,component-5341|component-CDP-8BA5,十|&CDP-8BA5;,2,2,chise-ids-ucs-basic,352e13378e411c322cfa16bfd7a6d21d670d7eca,source-attested,unreviewed,GPL-2.0-or-later
張,⿰弓長,⿰,left-right,弓|長,component-5f13|component-9577,弓|長,2,2,chise-ids-ucs-basic,352e13378e411c322cfa16bfd7a6d21d670d7eca,source-attested,unreviewed,GPL-2.0-or-later
均,⿰土匀,⿰,left-right,土|匀,component-571f|component-5300,土|匀,2,2,chise-ids-ucs-basic,352e13378e411c322cfa16bfd7a6d21d670d7eca,source-attested,unreviewed,GPL-2.0-or-later
班,⿴玨&CDP-8BEA;,⿴,surround,玨|&CDP-8BEA;,component-73a8|component-CDP-8BEA,玨|&CDP-8BEA;,2,2,chise-ids-ucs-basic,352e13378e411c322cfa16bfd7a6d21d670d7eca,source-attested,unreviewed,GPL-2.0-or-later
被,⿰衤皮,⿰,left-right,衤|皮,component-8864|component-76ae,衤|皮,2,2,chise-ids-ucs-basic,352e13378e411c322cfa16bfd7a6d21d670d7eca,source-attested,unreviewed,GPL-2.0-or-later
噸,⿰口頓,⿰,left-right,口|頓,component-53e3|component-9813,口|頓,2,2,chise-ids-ucs-basic,352e13378e411c322cfa16bfd7a6d21d670d7eca,source-attested,unreviewed,GPL-2.0-or-later
帶,⿱⿱&CDP-8C4B;冖巾,⿱,top-bottom,&CDP-8C4B;|冖|巾,component-CDP-8C4B|component-5196|component-5dfe,&CDP-8C4B;|冖|巾,3,3,chise-ids-ucs-basic,352e13378e411c322cfa16bfd7a6d21d670d7eca,source-attested,unreviewed,GPL-2.0-or-later
話,⿰言舌,⿰,left-right,言|舌,component-8a00|component-820c,言|舌,2,2,chise-ids-ucs-basic,352e13378e411c322cfa16bfd7a6d21d670d7eca,source-attested,unreviewed,GPL-2.0-or-later
應,⿸䧹心,⿸,surround,䧹|心,component-49f9|component-5fc3,䧹|心,2,2,chise-ids-ucs-basic,352e13378e411c322cfa16bfd7a6d21d670d7eca,source-attested,unreviewed,GPL-2.0-or-later
已,已,,single,已,component-5df2,已,1,1,chise-ids-ucs-basic,352e13378e411c322cfa16bfd7a6d21d670d7eca,source-attested,unreviewed,GPL-2.0-or-later
理,⿰𤣩里,⿰,left-right,𤣩|里,component-248e9|component-91cc,𤣩|里,2,2,chise-ids-ucs-basic,352e13378e411c322cfa16bfd7a6d21d670d7eca,source-attested,unreviewed,GPL-2.0-or-later
火,火,,single,火,component-706b,火,1,1,chise-ids-ucs-basic,352e13378e411c322cfa16bfd7a6d21d670d7eca,source-attested,unreviewed,GPL-2.0-or-later
風,風,,single,風,component-98a8,風,1,1,chise-ids-ucs-basic,352e13378e411c322cfa16bfd7a6d21d670d7eca,source-attested,unreviewed,GPL-2.0-or-later
奏,⿱𡗗天,⿱,top-bottom,𡗗|天,component-215d7|component-5929,𡗗|天,2,2,chise-ids-ucs-basic,352e13378e411c322cfa16bfd7a6d21d670d7eca,source-attested,unreviewed,GPL-2.0-or-later
照,⿱昭灬,⿱,top-bottom,昭|灬,component-662d|component-706c,昭|灬,2,2,chise-ids-ucs-basic,352e13378e411c322cfa16bfd7a6d21d670d7eca,source-attested,unreviewed,GPL-2.0-or-later
立,立,,single,立,component-7acb,立,1,1,chise-ids-ucs-basic,352e13378e411c322cfa16bfd7a6d21d670d7eca,source-attested,unreviewed,GPL-2.0-or-later
常,⿱𫩠巾,⿱,top-bottom,𫩠|巾,component-2ba60|component-5dfe,𫩠|巾,2,2,chise-ids-ucs-basic,352e13378e411c322cfa16bfd7a6d21d670d7eca,source-attested,unreviewed,GPL-2.0-or-later
西,西,,single,西,component-897f,西,1,1,chise-ids-ucs-basic,352e13378e411c322cfa16bfd7a6d21d670d7eca,source-attested,unreviewed,GPL-2.0-or-later
結,⿰糸吉,⿰,left-right,糸|吉,component-7cf8|component-5409,糸|吉,2,2,chise-ids-ucs-basic,352e13378e411c322cfa16bfd7a6d21d670d7eca,source-attested,unreviewed,GPL-2.0-or-later
或,⿹戈&CDP-8BE2;,⿹,surround,戈|&CDP-8BE2;,component-6208|component-CDP-8BE2,戈|&CDP-8BE2;,2,2,chise-ids-ucs-basic,352e13378e411c322cfa16bfd7a6d21d670d7eca,source-attested,unreviewed,GPL-2.0-or-later
真,⿱十具,⿱,top-bottom,十|具,component-5341|component-5177,十|具,2,2,chise-ids-ucs-basic,352e13378e411c322cfa16bfd7a6d21d670d7eca,source-attested,unreviewed,GPL-2.0-or-later
總,⿰糸悤,⿰,left-right,糸|悤,component-7cf8|component-60a4,糸|悤,2,2,chise-ids-ucs-basic,352e13378e411c322cfa16bfd7a6d21d670d7eca,source-attested,unreviewed,GPL-2.0-or-later
新,⿰亲斤,⿰,left-right,亲|斤,component-4eb2|component-65a4,亲|斤,2,2,chise-ids-ucs-basic,352e13378e411c322cfa16bfd7a6d21d670d7eca,source-attested,unreviewed,GPL-2.0-or-later
約,⿰糸勺,⿰,left-right,糸|勺,component-7cf8|component-52fa,糸|勺,2,2,chise-ids-ucs-basic,352e13378e411c322cfa16bfd7a6d21d670d7eca,source-attested,unreviewed,GPL-2.0-or-later
示,示,,single,示,component-793a,示,1,1,chise-ids-ucs-basic,352e13378e411c322cfa16bfd7a6d21d670d7eca,source-attested,unreviewed,GPL-2.0-or-later
塊,⿰土鬼,⿰,left-right,土|鬼,component-571f|component-9b3c,土|鬼,2,2,chise-ids-ucs-basic,352e13378e411c322cfa16bfd7a6d21d670d7eca,source-attested,unreviewed,GPL-2.0-or-later
請,⿰言青,⿰,left-right,言|青,component-8a00|component-9752,言|青,2,2,chise-ids-ucs-basic,352e13378e411c322cfa16bfd7a6d21d670d7eca,source-attested,unreviewed,GPL-2.0-or-later
整,⿱敕正,⿱,top-bottom,敕|正,component-6555|component-6b63,敕|正,2,2,chise-ids-ucs-basic,352e13378e411c322cfa16bfd7a6d21d670d7eca,source-attested,unreviewed,GPL-2.0-or-later
圓,⿴囗員,⿴,surround,囗|員,component-56d7|component-54e1,囗|員,2,2,chise-ids-ucs-basic,352e13378e411c322cfa16bfd7a6d21d670d7eca,source-attested,unreviewed,GPL-2.0-or-later
買,⿱⺫貝,⿱,top-bottom,⺫|貝,component-2eab|component-8c9d,⺫|貝,2,2,chise-ids-ucs-basic,352e13378e411c322cfa16bfd7a6d21d670d7eca,source-attested,unreviewed,GPL-2.0-or-later
號,⿰号虎,⿰,left-right,号|虎,component-53f7|component-864e,号|虎,2,2,chise-ids-ucs-basic,352e13378e411c322cfa16bfd7a6d21d670d7eca,source-attested,unreviewed,GPL-2.0-or-later
海,⿰氵每,⿰,left-right,氵|每,component-6c35|component-6bcf,氵|每,2,2,chise-ids-ucs-basic,352e13378e411c322cfa16bfd7a6d21d670d7eca,source-attested,unreviewed,GPL-2.0-or-later
並,⿱䒑业,⿱,top-bottom,䒑|业,component-4491|component-4e1a,䒑|业,2,2,chise-ids-ucs-basic,352e13378e411c322cfa16bfd7a6d21d670d7eca,source-attested,unreviewed,GPL-2.0-or-later
而,而,,single,而,component-800c,而,1,1,chise-ids-ucs-basic,352e13378e411c322cfa16bfd7a6d21d670d7eca,source-attested,unreviewed,GPL-2.0-or-later
所,⿰戶斤,⿰,left-right,戶|斤,component-6236|component-65a4,戶|斤,2,2,chise-ids-ucs-basic,352e13378e411c322cfa16bfd7a6d21d670d7eca,source-attested,unreviewed,GPL-2.0-or-later
商,⿱&CDP-8BAE;冏,⿱,top-bottom,&CDP-8BAE;|冏,component-CDP-8BAE|component-518f,&CDP-8BAE;|冏,2,2,chise-ids-ucs-basic,352e13378e411c322cfa16bfd7a6d21d670d7eca,source-attested,unreviewed,GPL-2.0-or-later
河,⿰氵可,⿰,left-right,氵|可,component-6c35|component-53ef,氵|可,2,2,chise-ids-ucs-basic,352e13378e411c322cfa16bfd7a6d21d670d7eca,source-attested,unreviewed,GPL-2.0-or-later
馬,馬,,single,馬,component-99ac,馬,1,1,chise-ids-ucs-basic,352e13378e411c322cfa16bfd7a6d21d670d7eca,source-attested,unreviewed,GPL-2.0-or-later
東,東,,single,東,component-6771,東,1,1,chise-ids-ucs-basic,352e13378e411c322cfa16bfd7a6d21d670d7eca,source-attested,unreviewed,GPL-2.0-or-later
列,⿰歹刂,⿰,left-right,歹|刂,component-6b79|component-5202,歹|刂,2,2,chise-ids-ucs-basic,352e13378e411c322cfa16bfd7a6d21d670d7eca,source-attested,unreviewed,GPL-2.0-or-later
吃,⿰口乞,⿰,left-right,口|乞,component-53e3|component-4e5e,口|乞,2,2,chise-ids-ucs-basic,352e13378e411c322cfa16bfd7a6d21d670d7eca,source-attested,unreviewed,GPL-2.0-or-later
陽,⿰⻖昜,⿰,left-right,⻖|昜,component-2ed6|component-661c,⻖|昜,2,2,chise-ids-ucs-basic,352e13378e411c322cfa16bfd7a6d21d670d7eca,source-attested,unreviewed,GPL-2.0-or-later
按,⿰扌安,⿰,left-right,扌|安,component-624c|component-5b89,扌|安,2,2,chise-ids-ucs-basic,352e13378e411c322cfa16bfd7a6d21d670d7eca,source-attested,unreviewed,GPL-2.0-or-later
其,⿱&CDP-88C8;𬺢,⿱,top-bottom,&CDP-88C8;|𬺢,component-CDP-88C8|component-2cea2,&CDP-88C8;|𬺢,2,2,chise-ids-ucs-basic,352e13378e411c322cfa16bfd7a6d21d670d7eca,source-attested,unreviewed,GPL-2.0-or-later
定,⿱宀𤴓,⿱,top-bottom,宀|𤴓,component-5b80|component-24d13,宀|𤴓,2,2,chise-ids-ucs-basic,352e13378e411c322cfa16bfd7a6d21d670d7eca,source-attested,unreviewed,GPL-2.0-or-later
眼,⿰目艮,⿰,left-right,目|艮,component-76ee|component-826e,目|艮,2,2,chise-ids-ucs-basic,352e13378e411c322cfa16bfd7a6d21d670d7eca,source-attested,unreviewed,GPL-2.0-or-later
孩,⿰子亥,⿰,left-right,子|亥,component-5b50|component-4ea5,子|亥,2,2,chise-ids-ucs-basic,352e13378e411c322cfa16bfd7a6d21d670d7eca,source-attested,unreviewed,GPL-2.0-or-later
感,⿱咸心,⿱,top-bottom,咸|心,component-54b8|component-5fc3,咸|心,2,2,chise-ids-ucs-basic,352e13378e411c322cfa16bfd7a6d21d670d7eca,source-attested,unreviewed,GPL-2.0-or-later
候,⿰亻⿰丨&CDP-8BC7;,⿰,left-right,亻|丨|&CDP-8BC7;,component-4ebb|component-4e28|component-CDP-8BC7,亻|丨|&CDP-8BC7;,3,3,chise-ids-ucs-basic,352e13378e411c322cfa16bfd7a6d21d670d7eca,source-attested,unreviewed,GPL-2.0-or-later
棵,⿰木果,⿰,left-right,木|果,component-6728|component-679c,木|果,2,2,chise-ids-ucs-basic,352e13378e411c322cfa16bfd7a6d21d670d7eca,source-attested,unreviewed,GPL-2.0-or-later
義,⿱𦍌我,⿱,top-bottom,𦍌|我,component-2634c|component-6211,𦍌|我,2,2,chise-ids-ucs-basic,352e13378e411c322cfa16bfd7a6d21d670d7eca,source-attested,unreviewed,GPL-2.0-or-later
份,⿰亻分,⿰,left-right,亻|分,component-4ebb|component-5206,亻|分,2,2,chise-ids-ucs-basic,352e13378e411c322cfa16bfd7a6d21d670d7eca,source-attested,unreviewed,GPL-2.0-or-later
裝,⿱壯衣,⿱,top-bottom,壯|衣,component-58ef|component-8863,壯|衣,2,2,chise-ids-ucs-basic,352e13378e411c322cfa16bfd7a6d21d670d7eca,source-attested,unreviewed,GPL-2.0-or-later
呢,⿰口尼,⿰,left-right,口|尼,component-53e3|component-5c3c,口|尼,2,2,chise-ids-ucs-basic,352e13378e411c322cfa16bfd7a6d21d670d7eca,source-attested,unreviewed,GPL-2.0-or-later
業,⿳业䒑未,⿳,top-bottom,业|䒑|未,component-4e1a|component-4491|component-672a,业|䒑|未,3,3,chise-ids-ucs-basic,352e13378e411c322cfa16bfd7a6d21d670d7eca,source-attested,unreviewed,GPL-2.0-or-later
劃,⿰畫刂,⿰,left-right,畫|刂,component-756b|component-5202,畫|刂,2,2,chise-ids-ucs-basic,352e13378e411c322cfa16bfd7a6d21d670d7eca,source-attested,unreviewed,GPL-2.0-or-later
周,⿵用口,⿵,surround,用|口,component-7528|component-53e3,用|口,2,2,chise-ids-ucs-basic,352e13378e411c322cfa16bfd7a6d21d670d7eca,source-attested,unreviewed,GPL-2.0-or-later
驗,⿰馬僉,⿰,left-right,馬|僉,component-99ac|component-50c9,馬|僉,2,2,chise-ids-ucs-basic,352e13378e411c322cfa16bfd7a6d21d670d7eca,source-attested,unreviewed,GPL-2.0-or-later
王,王,,single,王,component-738b,王,1,1,chise-ids-ucs-basic,352e13378e411c322cfa16bfd7a6d21d670d7eca,source-attested,unreviewed,GPL-2.0-or-later
太,⿵大丶,⿵,surround,大|丶,component-5927|component-4e36,大|丶,2,2,chise-ids-ucs-basic,352e13378e411c322cfa16bfd7a6d21d670d7eca,source-attested,unreviewed,GPL-2.0-or-later
校,⿰木交,⿰,left-right,木|交,component-6728|component-4ea4,木|交,2,2,chise-ids-ucs-basic,352e13378e411c322cfa16bfd7a6d21d670d7eca,source-attested,unreviewed,GPL-2.0-or-later
指,⿰扌旨,⿰,left-right,扌|旨,component-624c|component-65e8,扌|旨,2,2,chise-ids-ucs-basic,352e13378e411c322cfa16bfd7a6d21d670d7eca,source-attested,unreviewed,GPL-2.0-or-later
單,⿱吅&CDP-8BD9;,⿱,top-bottom,吅|&CDP-8BD9;,component-5405|component-CDP-8BD9,吅|&CDP-8BD9;,2,2,chise-ids-ucs-basic,352e13378e411c322cfa16bfd7a6d21d670d7eca,source-attested,unreviewed,GPL-2.0-or-later
容,⿱宀谷,⿱,top-bottom,宀|谷,component-5b80|component-8c37,宀|谷,2,2,chise-ids-ucs-basic,352e13378e411c322cfa16bfd7a6d21d670d7eca,source-attested,unreviewed,GPL-2.0-or-later
語,⿰言吾,⿰,left-right,言|吾,component-8a00|component-543e,言|吾,2,2,chise-ids-ucs-basic,352e13378e411c322cfa16bfd7a6d21d670d7eca,source-attested,unreviewed,GPL-2.0-or-later
六,⿱亠&GT-K00059;,⿱,top-bottom,亠|&GT-K00059;,component-4ea0|component-GT-K00059,亠|&GT-K00059;,2,2,chise-ids-ucs-basic,352e13378e411c322cfa16bfd7a6d21d670d7eca,source-attested,unreviewed,GPL-2.0-or-later
甲,甲,,single,甲,component-7532,甲,1,1,chise-ids-ucs-basic,352e13378e411c322cfa16bfd7a6d21d670d7eca,source-attested,unreviewed,GPL-2.0-or-later
準,⿽隼氵,,single,⿽|隼|氵,component-2ffd|component-96bc|component-6c35,⿽|隼|氵,3,3,chise-ids-ucs-basic,352e13378e411c322cfa16bfd7a6d21d670d7eca,source-attested,unreviewed,GPL-2.0-or-later
修,⿸攸彡,⿸,surround,攸|彡,component-6538|component-5f61,攸|彡,2,2,chise-ids-ucs-basic,352e13378e411c322cfa16bfd7a6d21d670d7eca,source-attested,unreviewed,GPL-2.0-or-later
輕,⿰車巠,⿰,left-right,車|巠,component-8eca|component-5de0,車|巠,2,2,chise-ids-ucs-basic,352e13378e411c322cfa16bfd7a6d21d670d7eca,source-attested,unreviewed,GPL-2.0-or-later
住,⿰亻主,⿰,left-right,亻|主,component-4ebb|component-4e3b,亻|主,2,2,chise-ids-ucs-basic,352e13378e411c322cfa16bfd7a6d21d670d7eca,source-attested,unreviewed,GPL-2.0-or-later
親,⿰亲見,⿰,left-right,亲|見,component-4eb2|component-898b,亲|見,2,2,chise-ids-ucs-basic,352e13378e411c322cfa16bfd7a6d21d670d7eca,source-attested,unreviewed,GPL-2.0-or-later
戰,⿰單戈,⿰,left-right,單|戈,component-55ae|component-6208,單|戈,2,2,chise-ids-ucs-basic,352e13378e411c322cfa16bfd7a6d21d670d7eca,source-attested,unreviewed,GPL-2.0-or-later
使,⿰亻吏,⿰,left-right,亻|吏,component-4ebb|component-540f,亻|吏,2,2,chise-ids-ucs-basic,352e13378e411c322cfa16bfd7a6d21d670d7eca,source-attested,unreviewed,GPL-2.0-or-later
吸,⿰口及,⿰,left-right,口|及,component-53e3|component-53ca,口|及,2,2,chise-ids-ucs-basic,352e13378e411c322cfa16bfd7a6d21d670d7eca,source-attested,unreviewed,GPL-2.0-or-later
因,⿴囗大,⿴,surround,囗|大,component-56d7|component-5927,囗|大,2,2,chise-ids-ucs-basic,352e13378e411c322cfa16bfd7a6d21d670d7eca,source-attested,unreviewed,GPL-2.0-or-later
律,⿰彳聿,⿰,left-right,彳|聿,component-5f73|component-807f,彳|聿,2,2,chise-ids-ucs-basic,352e13378e411c322cfa16bfd7a6d21d670d7eca,source-attested,unreviewed,GPL-2.0-or-later
北,⿰&CDP-8BC5;匕,⿰,left-right,&CDP-8BC5;|匕,component-CDP-8BC5|component-5315,&CDP-8BC5;|匕,2,2,chise-ids-ucs-basic,352e13378e411c322cfa16bfd7a6d21d670d7eca,source-attested,unreviewed,GPL-2.0-or-later
拍,⿰扌白,⿰,left-right,扌|白,component-624c|component-767d,扌|白,2,2,chise-ids-ucs-basic,352e13378e411c322cfa16bfd7a6d21d670d7eca,source-attested,unreviewed,GPL-2.0-or-later
跳,⿰𧾷兆,⿰,left-right,𧾷|兆,component-27fb7|component-5146,𧾷|兆,2,2,chise-ids-ucs-basic,352e13378e411c322cfa16bfd7a6d21d670d7eca,source-attested,unreviewed,GPL-2.0-or-later
清,⿰氵青,⿰,left-right,氵|青,component-6c35|component-9752,氵|青,2,2,chise-ids-ucs-basic,352e13378e411c322cfa16bfd7a6d21d670d7eca,source-attested,unreviewed,GPL-2.0-or-later
記,⿰言己,⿰,left-right,言|己,component-8a00|component-5df1,言|己,2,2,chise-ids-ucs-basic,352e13378e411c322cfa16bfd7a6d21d670d7eca,source-attested,unreviewed,GPL-2.0-or-later
黃,黃,,single,黃,component-9ec3,黃,1,1,chise-ids-ucs-basic,352e13378e411c322cfa16bfd7a6d21d670d7eca,source-attested,unreviewed,GPL-2.0-or-later
船,⿰舟⿱𠘧口,⿰,left-right,舟|𠘧|口,component-821f|component-20627|component-53e3,舟|𠘧|口,3,3,chise-ids-ucs-basic,352e13378e411c322cfa16bfd7a6d21d670d7eca,source-attested,unreviewed,GPL-2.0-or-later
減,⿰氵咸,⿰,left-right,氵|咸,component-6c35|component-54b8,氵|咸,2,2,chise-ids-ucs-basic,352e13378e411c322cfa16bfd7a6d21d670d7eca,source-attested,unreviewed,GPL-2.0-or-later
由,由,,single,由,component-7531,由,1,1,chise-ids-ucs-basic,352e13378e411c322cfa16bfd7a6d21d670d7eca,source-attested,unreviewed,GPL-2.0-or-later
友,⿸𠂇又,⿸,surround,𠂇|又,component-20087|component-53c8,𠂇|又,2,2,chise-ids-ucs-basic,352e13378e411c322cfa16bfd7a6d21d670d7eca,source-attested,unreviewed,GPL-2.0-or-later
笑,⿱竹夭,⿱,top-bottom,竹|夭,component-7af9|component-592d,竹|夭,2,2,chise-ids-ucs-basic,352e13378e411c322cfa16bfd7a6d21d670d7eca,source-attested,unreviewed,GPL-2.0-or-later
接,⿰扌妾,⿰,left-right,扌|妾,component-624c|component-59be,扌|妾,2,2,chise-ids-ucs-basic,352e13378e411c322cfa16bfd7a6d21d670d7eca,source-attested,unreviewed,GPL-2.0-or-later
通,⿺辶甬,⿺,surround,辶|甬,component-8fb6|component-752c,辶|甬,2,2,chise-ids-ucs-basic,352e13378e411c322cfa16bfd7a6d21d670d7eca,source-attested,unreviewed,GPL-2.0-or-later
步,⿱止𣥂,⿱,top-bottom,止|𣥂,component-6b62|component-23942,止|𣥂,2,2,chise-ids-ucs-basic,352e13378e411c322cfa16bfd7a6d21d670d7eca,source-attested,unreviewed,GPL-2.0-or-later
誰,⿰言隹,⿰,left-right,言|隹,component-8a00|component-96b9,言|隹,2,2,chise-ids-ucs-basic,352e13378e411c322cfa16bfd7a6d21d670d7eca,source-attested,unreviewed,GPL-2.0-or-later
女,女,,single,女,component-5973,女,1,1,chise-ids-ucs-basic,352e13378e411c322cfa16bfd7a6d21d670d7eca,source-attested,unreviewed,GPL-2.0-or-later
利,⿰禾刂,⿰,left-right,禾|刂,component-79be|component-5202,禾|刂,2,2,chise-ids-ucs-basic,352e13378e411c322cfa16bfd7a6d21d670d7eca,source-attested,unreviewed,GPL-2.0-or-later
鐵,⿰金𢧜,⿰,left-right,金|𢧜,component-91d1|component-229dc,金|𢧜,2,2,chise-ids-ucs-basic,352e13378e411c322cfa16bfd7a6d21d670d7eca,source-attested,unreviewed,GPL-2.0-or-later
觀,⿰雚見,⿰,left-right,雚|見,component-96da|component-898b,雚|見,2,2,chise-ids-ucs-basic,352e13378e411c322cfa16bfd7a6d21d670d7eca,source-attested,unreviewed,GPL-2.0-or-later
乙,乙,,single,乙,component-4e59,乙,1,1,chise-ids-ucs-basic,352e13378e411c322cfa16bfd7a6d21d670d7eca,source-attested,unreviewed,GPL-2.0-or-later
象,⿱&GT-K02380;𧰨,⿱,top-bottom,&GT-K02380;|𧰨,component-GT-K02380|component-27c28,&GT-K02380;|𧰨,2,2,chise-ids-ucs-basic,352e13378e411c322cfa16bfd7a6d21d670d7eca,source-attested,unreviewed,GPL-2.0-or-later
名,⿱夕口,⿱,top-bottom,夕|口,component-5915|component-53e3,夕|口,2,2,chise-ids-ucs-basic,352e13378e411c322cfa16bfd7a6d21d670d7eca,source-attested,unreviewed,GPL-2.0-or-later
草,⿱艹早,⿱,top-bottom,艹|早,component-8279|component-65e9,艹|早,2,2,chise-ids-ucs-basic,352e13378e411c322cfa16bfd7a6d21d670d7eca,source-attested,unreviewed,GPL-2.0-or-later
與,⿶&CDP-8BA8;&CDP-8BC2;,⿶,surround,&CDP-8BA8;|&CDP-8BC2;,component-CDP-8BA8|component-CDP-8BC2,&CDP-8BA8;|&CDP-8BC2;,2,2,chise-ids-ucs-basic,352e13378e411c322cfa16bfd7a6d21d670d7eca,source-attested,unreviewed,GPL-2.0-or-later
入,入,,single,入,component-5165,入,1,1,chise-ids-ucs-basic,352e13378e411c322cfa16bfd7a6d21d670d7eca,source-attested,unreviewed,GPL-2.0-or-later
亮,⿱⿳亠口冖几,⿱,top-bottom,亠|口|冖|几,component-4ea0|component-53e3|component-5196|component-51e0,亠|口|冖|几,4,4,chise-ids-ucs-basic,352e13378e411c322cfa16bfd7a6d21d670d7eca,source-attested,unreviewed,GPL-2.0-or-later
排,⿰扌非,⿰,left-right,扌|非,component-624c|component-975e,扌|非,2,2,chise-ids-ucs-basic,352e13378e411c322cfa16bfd7a6d21d670d7eca,source-attested,unreviewed,GPL-2.0-or-later
關,⿵門𢇇,⿵,surround,門|𢇇,component-9580|component-221c7,門|𢇇,2,2,chise-ids-ucs-basic,352e13378e411c322cfa16bfd7a6d21d670d7eca,source-attested,unreviewed,GPL-2.0-or-later
認,⿰言忍,⿰,left-right,言|忍,component-8a00|component-5fcd,言|忍,2,2,chise-ids-ucs-basic,352e13378e411c322cfa16bfd7a6d21d670d7eca,source-attested,unreviewed,GPL-2.0-or-later
員,⿱口貝,⿱,top-bottom,口|貝,component-53e3|component-8c9d,口|貝,2,2,chise-ids-ucs-basic,352e13378e411c322cfa16bfd7a6d21d670d7eca,source-attested,unreviewed,GPL-2.0-or-later
速,⿺辶束,⿺,surround,辶|束,component-8fb6|component-675f,辶|束,2,2,chise-ids-ucs-basic,352e13378e411c322cfa16bfd7a6d21d670d7eca,source-attested,unreviewed,GPL-2.0-or-later
啊,⿰口阿,⿰,left-right,口|阿,component-53e3|component-963f,口|阿,2,2,chise-ids-ucs-basic,352e13378e411c322cfa16bfd7a6d21d670d7eca,source-attested,unreviewed,GPL-2.0-or-later
廠,⿸广敞,⿸,surround,广|敞,component-5e7f|component-655e,广|敞,2,2,chise-ids-ucs-basic,352e13378e411c322cfa16bfd7a6d21d670d7eca,source-attested,unreviewed,GPL-2.0-or-later
跑,⿰𧾷包,⿰,left-right,𧾷|包,component-27fb7|component-5305,𧾷|包,2,2,chise-ids-ucs-basic,352e13378e411c322cfa16bfd7a6d21d670d7eca,source-attested,unreviewed,GPL-2.0-or-later
提,⿰扌是,⿰,left-right,扌|是,component-624c|component-662f,扌|是,2,2,chise-ids-ucs-basic,352e13378e411c322cfa16bfd7a6d21d670d7eca,source-attested,unreviewed,GPL-2.0-or-later
吹,⿰口欠,⿰,left-right,口|欠,component-53e3|component-6b20,口|欠,2,2,chise-ids-ucs-basic,352e13378e411c322cfa16bfd7a6d21d670d7eca,source-attested,unreviewed,GPL-2.0-or-later
才,才,,single,才,component-624d,才,1,1,chise-ids-ucs-basic,352e13378e411c322cfa16bfd7a6d21d670d7eca,source-attested,unreviewed,GPL-2.0-or-later
魚,魚,,single,魚,component-9b5a,魚,1,1,chise-ids-ucs-basic,352e13378e411c322cfa16bfd7a6d21d670d7eca,source-attested,unreviewed,GPL-2.0-or-later
考,⿱耂丂,⿱,top-bottom,耂|丂,component-8002|component-4e02,耂|丂,2,2,chise-ids-ucs-basic,352e13378e411c322cfa16bfd7a6d21d670d7eca,source-attested,unreviewed,GPL-2.0-or-later
試,⿰言式,⿰,left-right,言|式,component-8a00|component-5f0f,言|式,2,2,chise-ids-ucs-basic,352e13378e411c322cfa16bfd7a6d21d670d7eca,source-attested,unreviewed,GPL-2.0-or-later
青,⿱龶月,⿱,top-bottom,龶|月,component-9fb6|component-6708,龶|月,2,2,chise-ids-ucs-basic,352e13378e411c322cfa16bfd7a6d21d670d7eca,source-attested,unreviewed,GPL-2.0-or-later
滿,⿰氵㒼,⿰,left-right,氵|㒼,component-6c35|component-34bc,氵|㒼,2,2,chise-ids-ucs-basic,352e13378e411c322cfa16bfd7a6d21d670d7eca,source-attested,unreviewed,GPL-2.0-or-later
講,⿰言冓,⿰,left-right,言|冓,component-8a00|component-5193,言|冓,2,2,chise-ids-ucs-basic,352e13378e411c322cfa16bfd7a6d21d670d7eca,source-attested,unreviewed,GPL-2.0-or-later
門,門,,single,門,component-9580,門,1,1,chise-ids-ucs-basic,352e13378e411c322cfa16bfd7a6d21d670d7eca,source-attested,unreviewed,GPL-2.0-or-later
歡,⿰雚欠,⿰,left-right,雚|欠,component-96da|component-6b20,雚|欠,2,2,chise-ids-ucs-basic,352e13378e411c322cfa16bfd7a6d21d670d7eca,source-attested,unreviewed,GPL-2.0-or-later
毛,毛,,single,毛,component-6bdb,毛,1,1,chise-ids-ucs-basic,352e13378e411c322cfa16bfd7a6d21d670d7eca,source-attested,unreviewed,GPL-2.0-or-later
便,⿰亻更,⿰,left-right,亻|更,component-4ebb|component-66f4,亻|更,2,2,chise-ids-ucs-basic,352e13378e411c322cfa16bfd7a6d21d670d7eca,source-attested,unreviewed,GPL-2.0-or-later
布,⿸𠂇巾,⿸,surround,𠂇|巾,component-20087|component-5dfe,𠂇|巾,2,2,chise-ids-ucs-basic,352e13378e411c322cfa16bfd7a6d21d670d7eca,source-attested,unreviewed,GPL-2.0-or-later
選,⿺辶巽,⿺,surround,辶|巽,component-8fb6|component-5dfd,辶|巽,2,2,chise-ids-ucs-basic,352e13378e411c322cfa16bfd7a6d21d670d7eca,source-attested,unreviewed,GPL-2.0-or-later
備,⿰亻𤰇,⿰,left-right,亻|𤰇,component-4ebb|component-24c07,亻|𤰇,2,2,chise-ids-ucs-basic,352e13378e411c322cfa16bfd7a6d21d670d7eca,source-attested,unreviewed,GPL-2.0-or-later
代,⿰亻弋,⿰,left-right,亻|弋,component-4ebb|component-5f0b,亻|弋,2,2,chise-ids-ucs-basic,352e13378e411c322cfa16bfd7a6d21d670d7eca,source-attested,unreviewed,GPL-2.0-or-later
程,⿰禾呈,⿰,left-right,禾|呈,component-79be|component-5448,禾|呈,2,2,chise-ids-ucs-basic,352e13378e411c322cfa16bfd7a6d21d670d7eca,source-attested,unreviewed,GPL-2.0-or-later
據,⿰扌豦,⿰,left-right,扌|豦,component-624c|component-8c66,扌|豦,2,2,chise-ids-ucs-basic,352e13378e411c322cfa16bfd7a6d21d670d7eca,source-attested,unreviewed,GPL-2.0-or-later
無,⿱&CDP-8BBE;灬,⿱,top-bottom,&CDP-8BBE;|灬,component-CDP-8BBE|component-706c,&CDP-8BBE;|灬,2,2,chise-ids-ucs-basic,352e13378e411c322cfa16bfd7a6d21d670d7eca,source-attested,unreviewed,GPL-2.0-or-later
半,半,,single,半,component-534a,半,1,1,chise-ids-ucs-basic,352e13378e411c322cfa16bfd7a6d21d670d7eca,source-attested,unreviewed,GPL-2.0-or-later
林,⿰木木,⿰,left-right,木|木,component-6728|component-6728,木,2,1,chise-ids-ucs-basic,352e13378e411c322cfa16bfd7a6d21d670d7eca,source-attested,unreviewed,GPL-2.0-or-later
處,⿸虍処,⿸,surround,虍|処,component-864d|component-51e6,虍|処,2,2,chise-ids-ucs-basic,352e13378e411c322cfa16bfd7a6d21d670d7eca,source-attested,unreviewed,GPL-2.0-or-later
八,八,,single,八,component-516b,八,1,1,chise-ids-ucs-basic,352e13378e411c322cfa16bfd7a6d21d670d7eca,source-attested,unreviewed,GPL-2.0-or-later
找,⿰扌戈,⿰,left-right,扌|戈,component-624c|component-6208,扌|戈,2,2,chise-ids-ucs-basic,352e13378e411c322cfa16bfd7a6d21d670d7eca,source-attested,unreviewed,GPL-2.0-or-later
木,木,,single,木,component-6728,木,1,1,chise-ids-ucs-basic,352e13378e411c322cfa16bfd7a6d21d670d7eca,source-attested,unreviewed,GPL-2.0-or-later
石,石,,single,石,component-77f3,石,1,1,chise-ids-ucs-basic,352e13378e411c322cfa16bfd7a6d21d670d7eca,source-attested,unreviewed,GPL-2.0-or-later
金,金,,single,金,component-91d1,金,1,1,chise-ids-ucs-basic,352e13378e411c322cfa16bfd7a6d21d670d7eca,source-attested,unreviewed,GPL-2.0-or-later
剩,⿰乘刂,⿰,left-right,乘|刂,component-4e58|component-5202,乘|刂,2,2,chise-ids-ucs-basic,352e13378e411c322cfa16bfd7a6d21d670d7eca,source-attested,unreviewed,GPL-2.0-or-later
熱,⿱埶灬,⿱,top-bottom,埶|灬,component-57f6|component-706c,埶|灬,2,2,chise-ids-ucs-basic,352e13378e411c322cfa16bfd7a6d21d670d7eca,source-attested,unreviewed,GPL-2.0-or-later
囉,⿰口羅,⿰,left-right,口|羅,component-53e3|component-7f85,口|羅,2,2,chise-ids-ucs-basic,352e13378e411c322cfa16bfd7a6d21d670d7eca,source-attested,unreviewed,GPL-2.0-or-later
命,⿹令口,⿹,surround,令|口,component-4ee4|component-53e3,令|口,2,2,chise-ids-ucs-basic,352e13378e411c322cfa16bfd7a6d21d670d7eca,source-attested,unreviewed,GPL-2.0-or-later
倒,⿰亻到,⿰,left-right,亻|到,component-4ebb|component-5230,亻|到,2,2,chise-ids-ucs-basic,352e13378e411c322cfa16bfd7a6d21d670d7eca,source-attested,unreviewed,GPL-2.0-or-later
造,⿺辶告,⿺,surround,辶|告,component-8fb6|component-544a,辶|告,2,2,chise-ids-ucs-basic,352e13378e411c322cfa16bfd7a6d21d670d7eca,source-attested,unreviewed,GPL-2.0-or-later
器,⿴㗊犬,⿴,surround,㗊|犬,component-35ca|component-72ac,㗊|犬,2,2,chise-ids-ucs-basic,352e13378e411c322cfa16bfd7a6d21d670d7eca,source-attested,unreviewed,GPL-2.0-or-later
特,⿰牜寺,⿰,left-right,牜|寺,component-725c|component-5bfa,牜|寺,2,2,chise-ids-ucs-basic,352e13378e411c322cfa16bfd7a6d21d670d7eca,source-attested,unreviewed,GPL-2.0-or-later
收,⿰丩攵,⿰,left-right,丩|攵,component-4e29|component-6535,丩|攵,2,2,chise-ids-ucs-basic,352e13378e411c322cfa16bfd7a6d21d670d7eca,source-attested,unreviewed,GPL-2.0-or-later
改,⿰己攵,⿰,left-right,己|攵,component-5df1|component-6535,己|攵,2,2,chise-ids-ucs-basic,352e13378e411c322cfa16bfd7a6d21d670d7eca,source-attested,unreviewed,GPL-2.0-or-later
筆,⿱竹聿,⿱,top-bottom,竹|聿,component-7af9|component-807f,竹|聿,2,2,chise-ids-ucs-basic,352e13378e411c322cfa16bfd7a6d21d670d7eca,source-attested,unreviewed,GPL-2.0-or-later
教,⿰孝攵,⿰,left-right,孝|攵,component-5b5d|component-6535,孝|攵,2,2,chise-ids-ucs-basic,352e13378e411c322cfa16bfd7a6d21d670d7eca,source-attested,unreviewed,GPL-2.0-or-later
母,母,,single,母,component-6bcd,母,1,1,chise-ids-ucs-basic,352e13378e411c322cfa16bfd7a6d21d670d7eca,source-attested,unreviewed,GPL-2.0-or-later
紙,⿰糸氏,⿰,left-right,糸|氏,component-7cf8|component-6c0f,糸|氏,2,2,chise-ids-ucs-basic,352e13378e411c322cfa16bfd7a6d21d670d7eca,source-attested,unreviewed,GPL-2.0-or-later
站,⿰立占,⿰,left-right,立|占,component-7acb|component-5360,立|占,2,2,chise-ids-ucs-basic,352e13378e411c322cfa16bfd7a6d21d670d7eca,source-attested,unreviewed,GPL-2.0-or-later
吧,⿰口巴,⿰,left-right,口|巴,component-53e3|component-5df4,口|巴,2,2,chise-ids-ucs-basic,352e13378e411c322cfa16bfd7a6d21d670d7eca,source-attested,unreviewed,GPL-2.0-or-later
雨,雨,,single,雨,component-96e8,雨,1,1,chise-ids-ucs-basic,352e13378e411c322cfa16bfd7a6d21d670d7eca,source-attested,unreviewed,GPL-2.0-or-later
強,⿰弓𧈧,⿰,left-right,弓|𧈧,component-5f13|component-27227,弓|𧈧,2,2,chise-ids-ucs-basic,352e13378e411c322cfa16bfd7a6d21d670d7eca,source-attested,unreviewed,GPL-2.0-or-later
爺,⿱父耶,⿱,top-bottom,父|耶,component-7236|component-8036,父|耶,2,2,chise-ids-ucs-basic,352e13378e411c322cfa16bfd7a6d21d670d7eca,source-attested,unreviewed,GPL-2.0-or-later
安,⿱宀女,⿱,top-bottom,宀|女,component-5b80|component-5973,宀|女,2,2,chise-ids-ucs-basic,352e13378e411c322cfa16bfd7a6d21d670d7eca,source-attested,unreviewed,GPL-2.0-or-later
科,⿰禾斗,⿰,left-right,禾|斗,component-79be|component-6597,禾|斗,2,2,chise-ids-ucs-basic,352e13378e411c322cfa16bfd7a6d21d670d7eca,source-attested,unreviewed,GPL-2.0-or-later
望,⿱⿰亡月王,⿱,top-bottom,亡|月|王,component-4ea1|component-6708|component-738b,亡|月|王,3,3,chise-ids-ucs-basic,352e13378e411c322cfa16bfd7a6d21d670d7eca,source-attested,unreviewed,GPL-2.0-or-later
演,⿰氵寅,⿰,left-right,氵|寅,component-6c35|component-5bc5,氵|寅,2,2,chise-ids-ucs-basic,352e13378e411c322cfa16bfd7a6d21d670d7eca,source-attested,unreviewed,GPL-2.0-or-later
南,⿱十&CDP-8BDC;,⿱,top-bottom,十|&CDP-8BDC;,component-5341|component-CDP-8BDC,十|&CDP-8BDC;,2,2,chise-ids-ucs-basic,352e13378e411c322cfa16bfd7a6d21d670d7eca,source-attested,unreviewed,GPL-2.0-or-later
建,⿺廴聿,⿺,surround,廴|聿,component-5ef4|component-807f,廴|聿,2,2,chise-ids-ucs-basic,352e13378e411c322cfa16bfd7a6d21d670d7eca,source-attested,unreviewed,GPL-2.0-or-later
春,⿱𡗗日,⿱,top-bottom,𡗗|日,component-215d7|component-65e5,𡗗|日,2,2,chise-ids-ucs-basic,352e13378e411c322cfa16bfd7a6d21d670d7eca,source-attested,unreviewed,GPL-2.0-or-later
但,⿰亻旦,⿰,left-right,亻|旦,component-4ebb|component-65e6,亻|旦,2,2,chise-ids-ucs-basic,352e13378e411c322cfa16bfd7a6d21d670d7eca,source-attested,unreviewed,GPL-2.0-or-later
往,⿰彳主,⿰,left-right,彳|主,component-5f73|component-4e3b,彳|主,2,2,chise-ids-ucs-basic,352e13378e411c322cfa16bfd7a6d21d670d7eca,source-attested,unreviewed,GPL-2.0-or-later
較,⿰車交,⿰,left-right,車|交,component-8eca|component-4ea4,車|交,2,2,chise-ids-ucs-basic,352e13378e411c322cfa16bfd7a6d21d670d7eca,source-attested,unreviewed,GPL-2.0-or-later
流,⿰氵㐬,⿰,left-right,氵|㐬,component-6c35|component-342c,氵|㐬,2,2,chise-ids-ucs-basic,352e13378e411c322cfa16bfd7a6d21d670d7eca,source-attested,unreviewed,GPL-2.0-or-later
遠,⿺辶袁,⿺,surround,辶|袁,component-8fb6|component-8881,辶|袁,2,2,chise-ids-ucs-basic,352e13378e411c322cfa16bfd7a6d21d670d7eca,source-attested,unreviewed,GPL-2.0-or-later
需,⿱雨而,⿱,top-bottom,雨|而,component-96e8|component-800c,雨|而,2,2,chise-ids-ucs-basic,352e13378e411c322cfa16bfd7a6d21d670d7eca,source-attested,unreviewed,GPL-2.0-or-later
世,世,,single,世,component-4e16,世,1,1,chise-ids-ucs-basic,352e13378e411c322cfa16bfd7a6d21d670d7eca,source-attested,unreviewed,GPL-2.0-or-later
近,⿺辶斤,⿺,surround,辶|斤,component-8fb6|component-65a4,辶|斤,2,2,chise-ids-ucs-basic,352e13378e411c322cfa16bfd7a6d21d670d7eca,source-attested,unreviewed,GPL-2.0-or-later
集,⿱隹木,⿱,top-bottom,隹|木,component-96b9|component-6728,隹|木,2,2,chise-ids-ucs-basic,352e13378e411c322cfa16bfd7a6d21d670d7eca,source-attested,unreviewed,GPL-2.0-or-later
察,⿱宀祭,⿱,top-bottom,宀|祭,component-5b80|component-796d,宀|祭,2,2,chise-ids-ucs-basic,352e13378e411c322cfa16bfd7a6d21d670d7eca,source-attested,unreviewed,GPL-2.0-or-later
場,⿰土昜,⿰,left-right,土|昜,component-571f|component-661c,土|昜,2,2,chise-ids-ucs-basic,352e13378e411c322cfa16bfd7a6d21d670d7eca,source-attested,unreviewed,GPL-2.0-or-later
簡,⿱竹間,⿱,top-bottom,竹|間,component-7af9|component-9593,竹|間,2,2,chise-ids-ucs-basic,352e13378e411c322cfa16bfd7a6d21d670d7eca,source-attested,unreviewed,GPL-2.0-or-later
順,⿰川頁,⿰,left-right,川|頁,component-5ddd|component-9801,川|頁,2,2,chise-ids-ucs-basic,352e13378e411c322cfa16bfd7a6d21d670d7eca,source-attested,unreviewed,GPL-2.0-or-later
今,⿱亼㇇,⿱,top-bottom,亼|㇇,component-4ebc|component-31c7,亼|㇇,2,2,chise-ids-ucs-basic,352e13378e411c322cfa16bfd7a6d21d670d7eca,source-attested,unreviewed,GPL-2.0-or-later
故,⿰古攵,⿰,left-right,古|攵,component-53e4|component-6535,古|攵,2,2,chise-ids-ucs-basic,352e13378e411c322cfa16bfd7a6d21d670d7eca,source-attested,unreviewed,GPL-2.0-or-later
深,⿰氵罙,⿰,left-right,氵|罙,component-6c35|component-7f59,氵|罙,2,2,chise-ids-ucs-basic,352e13378e411c322cfa16bfd7a6d21d670d7eca,source-attested,unreviewed,GPL-2.0-or-later
七,七,,single,七,component-4e03,七,1,1,chise-ids-ucs-basic,352e13378e411c322cfa16bfd7a6d21d670d7eca,source-attested,unreviewed,GPL-2.0-or-later
具,⿱目𬺢,⿱,top-bottom,目|𬺢,component-76ee|component-2cea2,目|𬺢,2,2,chise-ids-ucs-basic,352e13378e411c322cfa16bfd7a6d21d670d7eca,source-attested,unreviewed,GPL-2.0-or-later
拉,⿰扌立,⿰,left-right,扌|立,component-624c|component-7acb,扌|立,2,2,chise-ids-ucs-basic,352e13378e411c322cfa16bfd7a6d21d670d7eca,source-attested,unreviewed,GPL-2.0-or-later
雞,⿰奚隹,⿰,left-right,奚|隹,component-595a|component-96b9,奚|隹,2,2,chise-ids-ucs-basic,352e13378e411c322cfa16bfd7a6d21d670d7eca,source-attested,unreviewed,GPL-2.0-or-later
讓,⿰言襄,⿰,left-right,言|襄,component-8a00|component-8944,言|襄,2,2,chise-ids-ucs-basic,352e13378e411c322cfa16bfd7a6d21d670d7eca,source-attested,unreviewed,GPL-2.0-or-later
片,片,,single,片,component-7247,片,1,1,chise-ids-ucs-basic,352e13378e411c322cfa16bfd7a6d21d670d7eca,source-attested,unreviewed,GPL-2.0-or-later
江,⿰氵工,⿰,left-right,氵|工,component-6c35|component-5de5,氵|工,2,2,chise-ids-ucs-basic,352e13378e411c322cfa16bfd7a6d21d670d7eca,source-attested,unreviewed,GPL-2.0-or-later
汽,⿰氵气,⿰,left-right,氵|气,component-6c35|component-6c14,氵|气,2,2,chise-ids-ucs-basic,352e13378e411c322cfa16bfd7a6d21d670d7eca,source-attested,unreviewed,GPL-2.0-or-later
油,⿰氵由,⿰,left-right,氵|由,component-6c35|component-7531,氵|由,2,2,chise-ids-ucs-basic,352e13378e411c322cfa16bfd7a6d21d670d7eca,source-attested,unreviewed,GPL-2.0-or-later
華,⿱艹&CDP-8BF8;,⿱,top-bottom,艹|&CDP-8BF8;,component-8279|component-CDP-8BF8,艹|&CDP-8BF8;,2,2,chise-ids-ucs-basic,352e13378e411c322cfa16bfd7a6d21d670d7eca,source-attested,unreviewed,GPL-2.0-or-later
展,⿸尸&CDP-8CE5;,⿸,surround,尸|&CDP-8CE5;,component-5c38|component-CDP-8CE5,尸|&CDP-8CE5;,2,2,chise-ids-ucs-basic,352e13378e411c322cfa16bfd7a6d21d670d7eca,source-attested,unreviewed,GPL-2.0-or-later
零,⿱雨令,⿱,top-bottom,雨|令,component-96e8|component-4ee4,雨|令,2,2,chise-ids-ucs-basic,352e13378e411c322cfa16bfd7a6d21d670d7eca,source-attested,unreviewed,GPL-2.0-or-later
服,⿰月𠬝,⿰,left-right,月|𠬝,component-6708|component-20b1d,月|𠬝,2,2,chise-ids-ucs-basic,352e13378e411c322cfa16bfd7a6d21d670d7eca,source-attested,unreviewed,GPL-2.0-or-later
黑,黑,,single,黑,component-9ed1,黑,1,1,chise-ids-ucs-basic,352e13378e411c322cfa16bfd7a6d21d670d7eca,source-attested,unreviewed,GPL-2.0-or-later
養,⿱𦍌食,⿱,top-bottom,𦍌|食,component-2634c|component-98df,𦍌|食,2,2,chise-ids-ucs-basic,352e13378e411c322cfa16bfd7a6d21d670d7eca,source-attested,unreviewed,GPL-2.0-or-later
更,更,,single,更,component-66f4,更,1,1,chise-ids-ucs-basic,352e13378e411c322cfa16bfd7a6d21d670d7eca,source-attested,unreviewed,GPL-2.0-or-later
衣,衣,,single,衣,component-8863,衣,1,1,chise-ids-ucs-basic,352e13378e411c322cfa16bfd7a6d21d670d7eca,source-attested,unreviewed,GPL-2.0-or-later
者,⿱耂日,⿱,top-bottom,耂|日,component-8002|component-65e5,耂|日,2,2,chise-ids-ucs-basic,352e13378e411c322cfa16bfd7a6d21d670d7eca,source-attested,unreviewed,GPL-2.0-or-later
皮,皮,,single,皮,component-76ae,皮,1,1,chise-ids-ucs-basic,352e13378e411c322cfa16bfd7a6d21d670d7eca,source-attested,unreviewed,GPL-2.0-or-later
興,⿶&CDP-8BA8;同,⿶,surround,&CDP-8BA8;|同,component-CDP-8BA8|component-540c,&CDP-8BA8;|同,2,2,chise-ids-ucs-basic,352e13378e411c322cfa16bfd7a6d21d670d7eca,source-attested,unreviewed,GPL-2.0-or-later
包,⿻勹巳,⿻,overlay,勹|巳,component-52f9|component-5df3,勹|巳,2,2,chise-ids-ucs-basic,352e13378e411c322cfa16bfd7a6d21d670d7eca,source-attested,unreviewed,GPL-2.0-or-later
落,⿱艹洛,⿱,top-bottom,艹|洛,component-8279|component-6d1b,艹|洛,2,2,chise-ids-ucs-basic,352e13378e411c322cfa16bfd7a6d21d670d7eca,source-attested,unreviewed,GPL-2.0-or-later
錢,⿰金戔,⿰,left-right,金|戔,component-91d1|component-6214,金|戔,2,2,chise-ids-ucs-basic,352e13378e411c322cfa16bfd7a6d21d670d7eca,source-attested,unreviewed,GPL-2.0-or-later
跟,⿰𧾷艮,⿰,left-right,𧾷|艮,component-27fb7|component-826e,𧾷|艮,2,2,chise-ids-ucs-basic,352e13378e411c322cfa16bfd7a6d21d670d7eca,source-attested,unreviewed,GPL-2.0-or-later
保,⿰亻呆,⿰,left-right,亻|呆,component-4ebb|component-5446,亻|呆,2,2,chise-ids-ucs-basic,352e13378e411c322cfa16bfd7a6d21d670d7eca,source-attested,unreviewed,GPL-2.0-or-later
領,⿰令頁,⿰,left-right,令|頁,component-4ee4|component-9801,令|頁,2,2,chise-ids-ucs-basic,352e13378e411c322cfa16bfd7a6d21d670d7eca,source-attested,unreviewed,GPL-2.0-or-later
際,⿰⻖祭,⿰,left-right,⻖|祭,component-2ed6|component-796d,⻖|祭,2,2,chise-ids-ucs-basic,352e13378e411c322cfa16bfd7a6d21d670d7eca,source-attested,unreviewed,GPL-2.0-or-later
黨,⿱𫩠黑,⿱,top-bottom,𫩠|黑,component-2ba60|component-9ed1,𫩠|黑,2,2,chise-ids-ucs-basic,352e13378e411c322cfa16bfd7a6d21d670d7eca,source-attested,unreviewed,GPL-2.0-or-later
注,⿰氵主,⿰,left-right,氵|主,component-6c35|component-4e3b,氵|主,2,2,chise-ids-ucs-basic,352e13378e411c322cfa16bfd7a6d21d670d7eca,source-attested,unreviewed,GPL-2.0-or-later
首,首,,single,首,component-9996,首,1,1,chise-ids-ucs-basic,352e13378e411c322cfa16bfd7a6d21d670d7eca,source-attested,unreviewed,GPL-2.0-or-later
拿,⿱合手,⿱,top-bottom,合|手,component-5408|component-624b,合|手,2,2,chise-ids-ucs-basic,352e13378e411c322cfa16bfd7a6d21d670d7eca,source-attested,unreviewed,GPL-2.0-or-later
童,⿱立里,⿱,top-bottom,立|里,component-7acb|component-91cc,立|里,2,2,chise-ids-ucs-basic,352e13378e411c322cfa16bfd7a6d21d670d7eca,source-attested,unreviewed,GPL-2.0-or-later
受,⿴𠬪冖,⿴,surround,𠬪|冖,component-20b2a|component-5196,𠬪|冖,2,2,chise-ids-ucs-basic,352e13378e411c322cfa16bfd7a6d21d670d7eca,source-attested,unreviewed,GPL-2.0-or-later
奶,⿰女乃,⿰,left-right,女|乃,component-5973|component-4e43,女|乃,2,2,chise-ids-ucs-basic,352e13378e411c322cfa16bfd7a6d21d670d7eca,source-attested,unreviewed,GPL-2.0-or-later
識,⿰言戠,⿰,left-right,言|戠,component-8a00|component-6220,言|戠,2,2,chise-ids-ucs-basic,352e13378e411c322cfa16bfd7a6d21d670d7eca,source-attested,unreviewed,GPL-2.0-or-later
綠,⿰糸彔,⿰,left-right,糸|彔,component-7cf8|component-5f54,糸|彔,2,2,chise-ids-ucs-basic,352e13378e411c322cfa16bfd7a6d21d670d7eca,source-attested,unreviewed,GPL-2.0-or-later
覺,⿱𦥯見,⿱,top-bottom,𦥯|見,component-2696f|component-898b,𦥯|見,2,2,chise-ids-ucs-basic,352e13378e411c322cfa16bfd7a6d21d670d7eca,source-attested,unreviewed,GPL-2.0-or-later
橋,⿰木喬,⿰,left-right,木|喬,component-6728|component-55ac,木|喬,2,2,chise-ids-ucs-basic,352e13378e411c322cfa16bfd7a6d21d670d7eca,source-attested,unreviewed,GPL-2.0-or-later
神,⿰示申,⿰,left-right,示|申,component-793a|component-7533,示|申,2,2,chise-ids-ucs-basic,352e13378e411c322cfa16bfd7a6d21d670d7eca,source-attested,unreviewed,GPL-2.0-or-later
期,⿰其月,⿰,left-right,其|月,component-5176|component-6708,其|月,2,2,chise-ids-ucs-basic,352e13378e411c322cfa16bfd7a6d21d670d7eca,source-attested,unreviewed,GPL-2.0-or-later
葉,⿱艹枼,⿱,top-bottom,艹|枼,component-8279|component-67bc,艹|枼,2,2,chise-ids-ucs-basic,352e13378e411c322cfa16bfd7a6d21d670d7eca,source-attested,unreviewed,GPL-2.0-or-later
序,⿸广予,⿸,surround,广|予,component-5e7f|component-4e88,广|予,2,2,chise-ids-ucs-basic,352e13378e411c322cfa16bfd7a6d21d670d7eca,source-attested,unreviewed,GPL-2.0-or-later
朋,⿰月月,⿰,left-right,月|月,component-6708|component-6708,月,2,1,chise-ids-ucs-basic,352e13378e411c322cfa16bfd7a6d21d670d7eca,source-attested,unreviewed,GPL-2.0-or-later
轉,⿰車專,⿰,left-right,車|專,component-8eca|component-5c08,車|專,2,2,chise-ids-ucs-basic,352e13378e411c322cfa16bfd7a6d21d670d7eca,source-attested,unreviewed,GPL-2.0-or-later
玩,⿰𤣩元,⿰,left-right,𤣩|元,component-248e9|component-5143,𤣩|元,2,2,chise-ids-ucs-basic,352e13378e411c322cfa16bfd7a6d21d670d7eca,source-attested,unreviewed,GPL-2.0-or-later
咚,⿰口冬,⿰,left-right,口|冬,component-53e3|component-51ac,口|冬,2,2,chise-ids-ucs-basic,352e13378e411c322cfa16bfd7a6d21d670d7eca,source-attested,unreviewed,GPL-2.0-or-later
擺,⿰扌罷,⿰,left-right,扌|罷,component-624c|component-7f77,扌|罷,2,2,chise-ids-ucs-basic,352e13378e411c322cfa16bfd7a6d21d670d7eca,source-attested,unreviewed,GPL-2.0-or-later
士,士,,single,士,component-58eb,士,1,1,chise-ids-ucs-basic,352e13378e411c322cfa16bfd7a6d21d670d7eca,source-attested,unreviewed,GPL-2.0-or-later
細,⿰糸田,⿰,left-right,糸|田,component-7cf8|component-7530,糸|田,2,2,chise-ids-ucs-basic,352e13378e411c322cfa16bfd7a6d21d670d7eca,source-attested,unreviewed,GPL-2.0-or-later
輛,⿰車兩,⿰,left-right,車|兩,component-8eca|component-5169,車|兩,2,2,chise-ids-ucs-basic,352e13378e411c322cfa16bfd7a6d21d670d7eca,source-attested,unreviewed,GPL-2.0-or-later
早,⿱日十,⿱,top-bottom,日|十,component-65e5|component-5341,日|十,2,2,chise-ids-ucs-basic,352e13378e411c322cfa16bfd7a6d21d670d7eca,source-attested,unreviewed,GPL-2.0-or-later
支,⿱十又,⿱,top-bottom,十|又,component-5341|component-53c8,十|又,2,2,chise-ids-ucs-basic,352e13378e411c322cfa16bfd7a6d21d670d7eca,source-attested,unreviewed,GPL-2.0-or-later
鳥,⿹&CDP-8CBB;灬,⿹,surround,&CDP-8CBB;|灬,component-CDP-8CBB|component-706c,&CDP-8CBB;|灬,2,2,chise-ids-ucs-basic,352e13378e411c322cfa16bfd7a6d21d670d7eca,source-attested,unreviewed,GPL-2.0-or-later
訓,⿰言川,⿰,left-right,言|川,component-8a00|component-5ddd,言|川,2,2,chise-ids-ucs-basic,352e13378e411c322cfa16bfd7a6d21d670d7eca,source-attested,unreviewed,GPL-2.0-or-later
寬,⿱宀萈,⿱,top-bottom,宀|萈,component-5b80|component-8408,宀|萈,2,2,chise-ids-ucs-basic,352e13378e411c322cfa16bfd7a6d21d670d7eca,source-attested,unreviewed,GPL-2.0-or-later
麗,⿱丽鹿,⿱,top-bottom,丽|鹿,component-4e3d|component-9e7f,丽|鹿,2,2,chise-ids-ucs-basic,352e13378e411c322cfa16bfd7a6d21d670d7eca,source-attested,unreviewed,GPL-2.0-or-later
九,九,,single,九,component-4e5d,九,1,1,chise-ids-ucs-basic,352e13378e411c322cfa16bfd7a6d21d670d7eca,source-attested,unreviewed,GPL-2.0-or-later
界,⿱田介,⿱,top-bottom,田|介,component-7530|component-4ecb,田|介,2,2,chise-ids-ucs-basic,352e13378e411c322cfa16bfd7a6d21d670d7eca,source-attested,unreviewed,GPL-2.0-or-later
將,⿰爿&GT-09333;,⿰,left-right,爿|&GT-09333;,component-723f|component-GT-09333,爿|&GT-09333;,2,2,chise-ids-ucs-basic,352e13378e411c322cfa16bfd7a6d21d670d7eca,source-attested,unreviewed,GPL-2.0-or-later
響,⿱鄉音,⿱,top-bottom,鄉|音,component-9109|component-97f3,鄉|音,2,2,chise-ids-ucs-basic,352e13378e411c322cfa16bfd7a6d21d670d7eca,source-attested,unreviewed,GPL-2.0-or-later
景,⿱日京,⿱,top-bottom,日|京,component-65e5|component-4eac,日|京,2,2,chise-ids-ucs-basic,352e13378e411c322cfa16bfd7a6d21d670d7eca,source-attested,unreviewed,GPL-2.0-or-later
管,⿱竹官,⿱,top-bottom,竹|官,component-7af9|component-5b98,竹|官,2,2,chise-ids-ucs-basic,352e13378e411c322cfa16bfd7a6d21d670d7eca,source-attested,unreviewed,GPL-2.0-or-later
祖,⿰示且,⿰,left-right,示|且,component-793a|component-4e14,示|且,2,2,chise-ids-ucs-basic,352e13378e411c322cfa16bfd7a6d21d670d7eca,source-attested,unreviewed,GPL-2.0-or-later
農,⿱曲辰,⿱,top-bottom,曲|辰,component-66f2|component-8fb0,曲|辰,2,2,chise-ids-ucs-basic,352e13378e411c322cfa16bfd7a6d21d670d7eca,source-attested,unreviewed,GPL-2.0-or-later
敵,⿰啇攵,⿰,left-right,啇|攵,component-5547|component-6535,啇|攵,2,2,chise-ids-ucs-basic,352e13378e411c322cfa16bfd7a6d21d670d7eca,source-attested,unreviewed,GPL-2.0-or-later
底,⿸广氐,⿸,surround,广|氐,component-5e7f|component-6c10,广|氐,2,2,chise-ids-ucs-basic,352e13378e411c322cfa16bfd7a6d21d670d7eca,source-attested,unreviewed,GPL-2.0-or-later
質,⿱斦貝,⿱,top-bottom,斦|貝,component-65a6|component-8c9d,斦|貝,2,2,chise-ids-ucs-basic,352e13378e411c322cfa16bfd7a6d21d670d7eca,source-attested,unreviewed,GPL-2.0-or-later
志,⿱士心,⿱,top-bottom,士|心,component-58eb|component-5fc3,士|心,2,2,chise-ids-ucs-basic,352e13378e411c322cfa16bfd7a6d21d670d7eca,source-attested,unreviewed,GPL-2.0-or-later
夜,⿸⿱亠亻&CDP-89F3;,⿸,surround,亠|亻|&CDP-89F3;,component-4ea0|component-4ebb|component-CDP-89F3,亠|亻|&CDP-89F3;,3,3,chise-ids-ucs-basic,352e13378e411c322cfa16bfd7a6d21d670d7eca,source-attested,unreviewed,GPL-2.0-or-later
許,⿰言午,⿰,left-right,言|午,component-8a00|component-5348,言|午,2,2,chise-ids-ucs-basic,352e13378e411c322cfa16bfd7a6d21d670d7eca,source-attested,unreviewed,GPL-2.0-or-later
喜,⿱壴口,⿱,top-bottom,壴|口,component-58f4|component-53e3,壴|口,2,2,chise-ids-ucs-basic,352e13378e411c322cfa16bfd7a6d21d670d7eca,source-attested,unreviewed,GPL-2.0-or-later
難,⿰𦰩隹,⿰,left-right,𦰩|隹,component-26c29|component-96b9,𦰩|隹,2,2,chise-ids-ucs-basic,352e13378e411c322cfa16bfd7a6d21d670d7eca,source-attested,unreviewed,GPL-2.0-or-later
傳,⿰亻專,⿰,left-right,亻|專,component-4ebb|component-5c08,亻|專,2,2,chise-ids-ucs-basic,352e13378e411c322cfa16bfd7a6d21d670d7eca,source-attested,unreviewed,GPL-2.0-or-later
綜,⿰糸宗,⿰,left-right,糸|宗,component-7cf8|component-5b97,糸|宗,2,2,chise-ids-ucs-basic,352e13378e411c322cfa16bfd7a6d21d670d7eca,source-attested,unreviewed,GPL-2.0-or-later
李,⿱木子,⿱,top-bottom,木|子,component-6728|component-5b50,木|子,2,2,chise-ids-ucs-basic,352e13378e411c322cfa16bfd7a6d21d670d7eca,source-attested,unreviewed,GPL-2.0-or-later
頁,頁,,single,頁,component-9801,頁,1,1,chise-ids-ucs-basic,352e13378e411c322cfa16bfd7a6d21d670d7eca,source-attested,unreviewed,GPL-2.0-or-later
園,⿴囗袁,⿴,surround,囗|袁,component-56d7|component-8881,囗|袁,2,2,chise-ids-ucs-basic,352e13378e411c322cfa16bfd7a6d21d670d7eca,source-attested,unreviewed,GPL-2.0-or-later
製,⿱制衣,⿱,top-bottom,制|衣,component-5236|component-8863,制|衣,2,2,chise-ids-ucs-basic,352e13378e411c322cfa16bfd7a6d21d670d7eca,source-attested,unreviewed,GPL-2.0-or-later
剛,⿰岡刂,⿰,left-right,岡|刂,component-5ca1|component-5202,岡|刂,2,2,chise-ids-ucs-basic,352e13378e411c322cfa16bfd7a6d21d670d7eca,source-attested,unreviewed,GPL-2.0-or-later
食,⿱亽艮,⿱,top-bottom,亽|艮,component-4ebd|component-826e,亽|艮,2,2,chise-ids-ucs-basic,352e13378e411c322cfa16bfd7a6d21d670d7eca,source-attested,unreviewed,GPL-2.0-or-later
越,⿺走戉,⿺,surround,走|戉,component-8d70|component-6209,走|戉,2,2,chise-ids-ucs-basic,352e13378e411c322cfa16bfd7a6d21d670d7eca,source-attested,unreviewed,GPL-2.0-or-later
腳,⿰⺼卻,⿰,left-right,⺼|卻,component-2ebc|component-537b,⺼|卻,2,2,chise-ids-ucs-basic,352e13378e411c322cfa16bfd7a6d21d670d7eca,source-attested,unreviewed,GPL-2.0-or-later
留,⿱&CDP-8C69;田,⿱,top-bottom,&CDP-8C69;|田,component-CDP-8C69|component-7530,&CDP-8C69;|田,2,2,chise-ids-ucs-basic,352e13378e411c322cfa16bfd7a6d21d670d7eca,source-attested,unreviewed,GPL-2.0-or-later
任,⿰亻壬,⿰,left-right,亻|壬,component-4ebb|component-58ec,亻|壬,2,2,chise-ids-ucs-basic,352e13378e411c322cfa16bfd7a6d21d670d7eca,source-attested,unreviewed,GPL-2.0-or-later
適,⿺辶啇,⿺,surround,辶|啇,component-8fb6|component-5547,辶|啇,2,2,chise-ids-ucs-basic,352e13378e411c322cfa16bfd7a6d21d670d7eca,source-attested,unreviewed,GPL-2.0-or-later
反,⿸𠂆又,⿸,surround,𠂆|又,component-20086|component-53c8,𠂆|又,2,2,chise-ids-ucs-basic,352e13378e411c322cfa16bfd7a6d21d670d7eca,source-attested,unreviewed,GPL-2.0-or-later
城,⿰土成,⿰,left-right,土|成,component-571f|component-6210,土|成,2,2,chise-ids-ucs-basic,352e13378e411c322cfa16bfd7a6d21d670d7eca,source-attested,unreviewed,GPL-2.0-or-later
占,⿱⺊口,⿱,top-bottom,⺊|口,component-2e8a|component-53e3,⺊|口,2,2,chise-ids-ucs-basic,352e13378e411c322cfa16bfd7a6d21d670d7eca,source-attested,unreviewed,GPL-2.0-or-later
緊,⿱臤糸,⿱,top-bottom,臤|糸,component-81e4|component-7cf8,臤|糸,2,2,chise-ids-ucs-basic,352e13378e411c322cfa16bfd7a6d21d670d7eca,source-attested,unreviewed,GPL-2.0-or-later
料,⿰米斗,⿰,left-right,米|斗,component-7c73|component-6597,米|斗,2,2,chise-ids-ucs-basic,352e13378e411c322cfa16bfd7a6d21d670d7eca,source-attested,unreviewed,GPL-2.0-or-later
雪,⿱雨彐,⿱,top-bottom,雨|彐,component-96e8|component-5f50,雨|彐,2,2,chise-ids-ucs-basic,352e13378e411c322cfa16bfd7a6d21d670d7eca,source-attested,unreviewed,GPL-2.0-or-later
圍,⿴囗韋,⿴,surround,囗|韋,component-56d7|component-97cb,囗|韋,2,2,chise-ids-ucs-basic,352e13378e411c322cfa16bfd7a6d21d670d7eca,source-attested,unreviewed,GPL-2.0-or-later
低,⿰亻氐,⿰,left-right,亻|氐,component-4ebb|component-6c10,亻|氐,2,2,chise-ids-ucs-basic,352e13378e411c322cfa16bfd7a6d21d670d7eca,source-attested,unreviewed,GPL-2.0-or-later
送,⿺辶关,⿺,surround,辶|关,component-8fb6|component-5173,辶|关,2,2,chise-ids-ucs-basic,352e13378e411c322cfa16bfd7a6d21d670d7eca,source-attested,unreviewed,GPL-2.0-or-later
朵,⿱𠘧木,⿱,top-bottom,𠘧|木,component-20627|component-6728,𠘧|木,2,2,chise-ids-ucs-basic,352e13378e411c322cfa16bfd7a6d21d670d7eca,source-attested,unreviewed,GPL-2.0-or-later
店,⿸广占,⿸,surround,广|占,component-5e7f|component-5360,广|占,2,2,chise-ids-ucs-basic,352e13378e411c322cfa16bfd7a6d21d670d7eca,source-attested,unreviewed,GPL-2.0-or-later
設,⿰言殳,⿰,left-right,言|殳,component-8a00|component-6bb3,言|殳,2,2,chise-ids-ucs-basic,352e13378e411c322cfa16bfd7a6d21d670d7eca,source-attested,unreviewed,GPL-2.0-or-later
錯,⿰金昔,⿰,left-right,金|昔,component-91d1|component-6614,金|昔,2,2,chise-ids-ucs-basic,352e13378e411c322cfa16bfd7a6d21d670d7eca,source-attested,unreviewed,GPL-2.0-or-later
背,⿱北&CDP-8958;,⿱,top-bottom,北|&CDP-8958;,component-5317|component-CDP-8958,北|&CDP-8958;,2,2,chise-ids-ucs-basic,352e13378e411c322cfa16bfd7a6d21d670d7eca,source-attested,unreviewed,GPL-2.0-or-later
舞,⿱&CDP-8BBE;舛,⿱,top-bottom,&CDP-8BBE;|舛,component-CDP-8BBE|component-821b,&CDP-8BBE;|舛,2,2,chise-ids-ucs-basic,352e13378e411c322cfa16bfd7a6d21d670d7eca,source-attested,unreviewed,GPL-2.0-or-later
板,⿰木反,⿰,left-right,木|反,component-6728|component-53cd,木|反,2,2,chise-ids-ucs-basic,352e13378e411c322cfa16bfd7a6d21d670d7eca,source-attested,unreviewed,GPL-2.0-or-later
參,⿱𠫯彡,⿱,top-bottom,𠫯|彡,component-20aef|component-5f61,𠫯|彡,2,2,chise-ids-ucs-basic,352e13378e411c322cfa16bfd7a6d21d670d7eca,source-attested,unreviewed,GPL-2.0-or-later
植,⿰木直,⿰,left-right,木|直,component-6728|component-76f4,木|直,2,2,chise-ids-ucs-basic,352e13378e411c322cfa16bfd7a6d21d670d7eca,source-attested,unreviewed,GPL-2.0-or-later
確,⿰石隺,⿰,left-right,石|隺,component-77f3|component-96ba,石|隺,2,2,chise-ids-ucs-basic,352e13378e411c322cfa16bfd7a6d21d670d7eca,source-attested,unreviewed,GPL-2.0-or-later
品,⿱口吅,⿱,top-bottom,口|吅,component-53e3|component-5405,口|吅,2,2,chise-ids-ucs-basic,352e13378e411c322cfa16bfd7a6d21d670d7eca,source-attested,unreviewed,GPL-2.0-or-later
格,⿰木各,⿰,left-right,木|各,component-6728|component-5404,木|各,2,2,chise-ids-ucs-basic,352e13378e411c322cfa16bfd7a6d21d670d7eca,source-attested,unreviewed,GPL-2.0-or-later
慢,⿰忄曼,⿰,left-right,忄|曼,component-5fc4|component-66fc,忄|曼,2,2,chise-ids-ucs-basic,352e13378e411c322cfa16bfd7a6d21d670d7eca,source-attested,unreviewed,GPL-2.0-or-later
此,⿰止匕,⿰,left-right,止|匕,component-6b62|component-5315,止|匕,2,2,chise-ids-ucs-basic,352e13378e411c322cfa16bfd7a6d21d670d7eca,source-attested,unreviewed,GPL-2.0-or-later
斷,⿰㡭斤,⿰,left-right,㡭|斤,component-386d|component-65a4,㡭|斤,2,2,chise-ids-ucs-basic,352e13378e411c322cfa16bfd7a6d21d670d7eca,source-attested,unreviewed,GPL-2.0-or-later
叔,⿰尗又,⿰,left-right,尗|又,component-5c17|component-53c8,尗|又,2,2,chise-ids-ucs-basic,352e13378e411c322cfa16bfd7a6d21d670d7eca,source-attested,unreviewed,GPL-2.0-or-later
離,⿰离隹,⿰,left-right,离|隹,component-79bb|component-96b9,离|隹,2,2,chise-ids-ucs-basic,352e13378e411c322cfa16bfd7a6d21d670d7eca,source-attested,unreviewed,GPL-2.0-or-later
牛,牛,,single,牛,component-725b,牛,1,1,chise-ids-ucs-basic,352e13378e411c322cfa16bfd7a6d21d670d7eca,source-attested,unreviewed,GPL-2.0-or-later
信,⿰亻言,⿰,left-right,亻|言,component-4ebb|component-8a00,亻|言,2,2,chise-ids-ucs-basic,352e13378e411c322cfa16bfd7a6d21d670d7eca,source-attested,unreviewed,GPL-2.0-or-later
您,⿱你心,⿱,top-bottom,你|心,component-4f60|component-5fc3,你|心,2,2,chise-ids-ucs-basic,352e13378e411c322cfa16bfd7a6d21d670d7eca,source-attested,unreviewed,GPL-2.0-or-later
袋,⿱代衣,⿱,top-bottom,代|衣,component-4ee3|component-8863,代|衣,2,2,chise-ids-ucs-basic,352e13378e411c322cfa16bfd7a6d21d670d7eca,source-attested,unreviewed,GPL-2.0-or-later
達,⿺辶𦍒,⿺,surround,辶|𦍒,component-8fb6|component-26352,辶|𦍒,2,2,chise-ids-ucs-basic,352e13378e411c322cfa16bfd7a6d21d670d7eca,source-attested,unreviewed,GPL-2.0-or-later
男,⿱田力,⿱,top-bottom,田|力,component-7530|component-529b,田|力,2,2,chise-ids-ucs-basic,352e13378e411c322cfa16bfd7a6d21d670d7eca,source-attested,unreviewed,GPL-2.0-or-later
村,⿰木寸,⿰,left-right,木|寸,component-6728|component-5bf8,木|寸,2,2,chise-ids-ucs-basic,352e13378e411c322cfa16bfd7a6d21d670d7eca,source-attested,unreviewed,GPL-2.0-or-later
英,⿱艹央,⿱,top-bottom,艹|央,component-8279|component-592e,艹|央,2,2,chise-ids-ucs-basic,352e13378e411c322cfa16bfd7a6d21d670d7eca,source-attested,unreviewed,GPL-2.0-or-later
欣,⿰斤欠,⿰,left-right,斤|欠,component-65a4|component-6b20,斤|欠,2,2,chise-ids-ucs-basic,352e13378e411c322cfa16bfd7a6d21d670d7eca,source-attested,unreviewed,GPL-2.0-or-later
億,⿰亻意,⿰,left-right,亻|意,component-4ebb|component-610f,亻|意,2,2,chise-ids-ucs-basic,352e13378e411c322cfa16bfd7a6d21d670d7eca,source-attested,unreviewed,GPL-2.0-or-later
目,目,,single,目,component-76ee,目,1,1,chise-ids-ucs-basic,352e13378e411c322cfa16bfd7a6d21d670d7eca,source-attested,unreviewed,GPL-2.0-or-later
取,⿰耳又,⿰,left-right,耳|又,component-8033|component-53c8,耳|又,2,2,chise-ids-ucs-basic,352e13378e411c322cfa16bfd7a6d21d670d7eca,source-attested,unreviewed,GPL-2.0-or-later
彈,⿰弓單,⿰,left-right,弓|單,component-5f13|component-55ae,弓|單,2,2,chise-ids-ucs-basic,352e13378e411c322cfa16bfd7a6d21d670d7eca,source-attested,unreviewed,GPL-2.0-or-later
革,革,,single,革,component-9769,革,1,1,chise-ids-ucs-basic,352e13378e411c322cfa16bfd7a6d21d670d7eca,source-attested,unreviewed,GPL-2.0-or-later
稱,⿰禾爯,⿰,left-right,禾|爯,component-79be|component-722f,禾|爯,2,2,chise-ids-ucs-basic,352e13378e411c322cfa16bfd7a6d21d670d7eca,source-attested,unreviewed,GPL-2.0-or-later
旋,⿸𭤨疋,⿸,surround,𭤨|疋,component-2d928|component-758b,𭤨|疋,2,2,chise-ids-ucs-basic,352e13378e411c322cfa16bfd7a6d21d670d7eca,source-attested,unreviewed,GPL-2.0-or-later
巴,巴,,single,巴,component-5df4,巴,1,1,chise-ids-ucs-basic,352e13378e411c322cfa16bfd7a6d21d670d7eca,source-attested,unreviewed,GPL-2.0-or-later
坐,&U-i002+2FF1;从土,,single,&U-i002+2FF1;|从|土,component-U-i002-2FF1|component-4ece|component-571f,&U-i002+2FF1;|从|土,3,3,chise-ids-ucs-basic,352e13378e411c322cfa16bfd7a6d21d670d7eca,source-attested,unreviewed,GPL-2.0-or-later
交,⿱亠父,⿱,top-bottom,亠|父,component-4ea0|component-7236,亠|父,2,2,chise-ids-ucs-basic,352e13378e411c322cfa16bfd7a6d21d670d7eca,source-attested,unreviewed,GPL-2.0-or-later
午,⿱𠂉十,⿱,top-bottom,𠂉|十,component-20089|component-5341,𠂉|十,2,2,chise-ids-ucs-basic,352e13378e411c322cfa16bfd7a6d21d670d7eca,source-attested,unreviewed,GPL-2.0-or-later
父,父,,single,父,component-7236,父,1,1,chise-ids-ucs-basic,352e13378e411c322cfa16bfd7a6d21d670d7eca,source-attested,unreviewed,GPL-2.0-or-later
遊,⿺辶斿,⿺,surround,辶|斿,component-8fb6|component-65bf,辶|斿,2,2,chise-ids-ucs-basic,352e13378e411c322cfa16bfd7a6d21d670d7eca,source-attested,unreviewed,GPL-2.0-or-later
箱,⿱竹相,⿱,top-bottom,竹|相,component-7af9|component-76f8,竹|相,2,2,chise-ids-ucs-basic,352e13378e411c322cfa16bfd7a6d21d670d7eca,source-attested,unreviewed,GPL-2.0-or-later
松,⿰木公,⿰,left-right,木|公,component-6728|component-516c,木|公,2,2,chise-ids-ucs-basic,352e13378e411c322cfa16bfd7a6d21d670d7eca,source-attested,unreviewed,GPL-2.0-or-later
靜,⿰青爭,⿰,left-right,青|爭,component-9752|component-722d,青|爭,2,2,chise-ids-ucs-basic,352e13378e411c322cfa16bfd7a6d21d670d7eca,source-attested,unreviewed,GPL-2.0-or-later
右,⿸𠂇口,⿸,surround,𠂇|口,component-20087|component-53e3,𠂇|口,2,2,chise-ids-ucs-basic,352e13378e411c322cfa16bfd7a6d21d670d7eca,source-attested,unreviewed,GPL-2.0-or-later
彩,⿰采彡,⿰,left-right,采|彡,component-91c7|component-5f61,采|彡,2,2,chise-ids-ucs-basic,352e13378e411c322cfa16bfd7a6d21d670d7eca,source-attested,unreviewed,GPL-2.0-or-later
似,⿰亻以,⿰,left-right,亻|以,component-4ebb|component-4ee5,亻|以,2,2,chise-ids-ucs-basic,352e13378e411c322cfa16bfd7a6d21d670d7eca,source-attested,unreviewed,GPL-2.0-or-later
里,⿱田土,⿱,top-bottom,田|土,component-7530|component-571f,田|土,2,2,chise-ids-ucs-basic,352e13378e411c322cfa16bfd7a6d21d670d7eca,source-attested,unreviewed,GPL-2.0-or-later
晚,⿰日免,⿰,left-right,日|免,component-65e5|component-514d,日|免,2,2,chise-ids-ucs-basic,352e13378e411c322cfa16bfd7a6d21d670d7eca,source-attested,unreviewed,GPL-2.0-or-later
報,⿰幸𠬝,⿰,left-right,幸|𠬝,component-5e78|component-20b1d,幸|𠬝,2,2,chise-ids-ucs-basic,352e13378e411c322cfa16bfd7a6d21d670d7eca,source-attested,unreviewed,GPL-2.0-or-later
雙,⿱雔又,⿱,top-bottom,雔|又,component-96d4|component-53c8,雔|又,2,2,chise-ids-ucs-basic,352e13378e411c322cfa16bfd7a6d21d670d7eca,source-attested,unreviewed,GPL-2.0-or-later
死,⿸歹匕,⿸,surround,歹|匕,component-6b79|component-5315,歹|匕,2,2,chise-ids-ucs-basic,352e13378e411c322cfa16bfd7a6d21d670d7eca,source-attested,unreviewed,GPL-2.0-or-later
羊,羊,,single,羊,component-7f8a,羊,1,1,chise-ids-ucs-basic,352e13378e411c322cfa16bfd7a6d21d670d7eca,source-attested,unreviewed,GPL-2.0-or-later
奇,⿱大可,⿱,top-bottom,大|可,component-5927|component-53ef,大|可,2,2,chise-ids-ucs-basic,352e13378e411c322cfa16bfd7a6d21d670d7eca,source-attested,unreviewed,GPL-2.0-or-later
哎,⿰口艾,⿰,left-right,口|艾,component-53e3|component-827e,口|艾,2,2,chise-ids-ucs-basic,352e13378e411c322cfa16bfd7a6d21d670d7eca,source-attested,unreviewed,GPL-2.0-or-later
土,土,,single,土,component-571f,土,1,1,chise-ids-ucs-basic,352e13378e411c322cfa16bfd7a6d21d670d7eca,source-attested,unreviewed,GPL-2.0-or-later
雲,⿱雨云,⿱,top-bottom,雨|云,component-96e8|component-4e91,雨|云,2,2,chise-ids-ucs-basic,352e13378e411c322cfa16bfd7a6d21d670d7eca,source-attested,unreviewed,GPL-2.0-or-later
哈,⿰口合,⿰,left-right,口|合,component-53e3|component-5408,口|合,2,2,chise-ids-ucs-basic,352e13378e411c322cfa16bfd7a6d21d670d7eca,source-attested,unreviewed,GPL-2.0-or-later
鼓,⿰壴支,⿰,left-right,壴|支,component-58f4|component-652f,壴|支,2,2,chise-ids-ucs-basic,352e13378e411c322cfa16bfd7a6d21d670d7eca,source-attested,unreviewed,GPL-2.0-or-later
短,⿰矢豆,⿰,left-right,矢|豆,component-77e2|component-8c46,矢|豆,2,2,chise-ids-ucs-basic,352e13378e411c322cfa16bfd7a6d21d670d7eca,source-attested,unreviewed,GPL-2.0-or-later
菜,⿱艹采,⿱,top-bottom,艹|采,component-8279|component-91c7,艹|采,2,2,chise-ids-ucs-basic,352e13378e411c322cfa16bfd7a6d21d670d7eca,source-attested,unreviewed,GPL-2.0-or-later
視,⿰示見,⿰,left-right,示|見,component-793a|component-898b,示|見,2,2,chise-ids-ucs-basic,352e13378e411c322cfa16bfd7a6d21d670d7eca,source-attested,unreviewed,GPL-2.0-or-later
該,⿰言亥,⿰,left-right,言|亥,component-8a00|component-4ea5,言|亥,2,2,chise-ids-ucs-basic,352e13378e411c322cfa16bfd7a6d21d670d7eca,source-attested,unreviewed,GPL-2.0-or-later
嘀,⿰口啇,⿰,left-right,口|啇,component-53e3|component-5547,口|啇,2,2,chise-ids-ucs-basic,352e13378e411c322cfa16bfd7a6d21d670d7eca,source-attested,unreviewed,GPL-2.0-or-later
獨,⿰犭蜀,⿰,left-right,犭|蜀,component-72ad|component-8700,犭|蜀,2,2,chise-ids-ucs-basic,352e13378e411c322cfa16bfd7a6d21d670d7eca,source-attested,unreviewed,GPL-2.0-or-later
夫,夫,,single,夫,component-592b,夫,1,1,chise-ids-ucs-basic,352e13378e411c322cfa16bfd7a6d21d670d7eca,source-attested,unreviewed,GPL-2.0-or-later
導,⿱道寸,⿱,top-bottom,道|寸,component-9053|component-5bf8,道|寸,2,2,chise-ids-ucs-basic,352e13378e411c322cfa16bfd7a6d21d670d7eca,source-attested,unreviewed,GPL-2.0-or-later
舉,⿵與𰀁,⿵,surround,與|𰀁,component-8207|component-30001,與|𰀁,2,2,chise-ids-ucs-basic,352e13378e411c322cfa16bfd7a6d21d670d7eca,source-attested,unreviewed,GPL-2.0-or-later
賣,⿱士買,⿱,top-bottom,士|買,component-58eb|component-8cb7,士|買,2,2,chise-ids-ucs-basic,352e13378e411c322cfa16bfd7a6d21d670d7eca,source-attested,unreviewed,GPL-2.0-or-later
卻,⿰谷卩,⿰,left-right,谷|卩,component-8c37|component-5369,谷|卩,2,2,chise-ids-ucs-basic,352e13378e411c322cfa16bfd7a6d21d670d7eca,source-attested,unreviewed,GPL-2.0-or-later
喲,⿰口約,⿰,left-right,口|約,component-53e3|component-7d04,口|約,2,2,chise-ids-ucs-basic,352e13378e411c322cfa16bfd7a6d21d670d7eca,source-attested,unreviewed,GPL-2.0-or-later
價,⿰亻賈,⿰,left-right,亻|賈,component-4ebb|component-8cc8,亻|賈,2,2,chise-ids-ucs-basic,352e13378e411c322cfa16bfd7a6d21d670d7eca,source-attested,unreviewed,GPL-2.0-or-later
勞,⿱𤇾力,⿱,top-bottom,𤇾|力,component-241fe|component-529b,𤇾|力,2,2,chise-ids-ucs-basic,352e13378e411c322cfa16bfd7a6d21d670d7eca,source-attested,unreviewed,GPL-2.0-or-later
鋼,⿰金岡,⿰,left-right,金|岡,component-91d1|component-5ca1,金|岡,2,2,chise-ids-ucs-basic,352e13378e411c322cfa16bfd7a6d21d670d7eca,source-attested,unreviewed,GPL-2.0-or-later
睛,⿰目青,⿰,left-right,目|青,component-76ee|component-9752,目|青,2,2,chise-ids-ucs-basic,352e13378e411c322cfa16bfd7a6d21d670d7eca,source-attested,unreviewed,GPL-2.0-or-later
搖,⿰扌&JX2-7461;,⿰,left-right,扌|&JX2-7461;,component-624c|component-JX2-7461,扌|&JX2-7461;,2,2,chise-ids-ucs-basic,352e13378e411c322cfa16bfd7a6d21d670d7eca,source-attested,unreviewed,GPL-2.0-or-later
旗,⿸𭤨其,⿸,surround,𭤨|其,component-2d928|component-5176,𭤨|其,2,2,chise-ids-ucs-basic,352e13378e411c322cfa16bfd7a6d21d670d7eca,source-attested,unreviewed,GPL-2.0-or-later
田,田,,single,田,component-7530,田,1,1,chise-ids-ucs-basic,352e13378e411c322cfa16bfd7a6d21d670d7eca,source-attested,unreviewed,GPL-2.0-or-later
弟,⿹丿弚,⿹,surround,丿|弚,component-4e3f|component-5f1a,丿|弚,2,2,chise-ids-ucs-basic,352e13378e411c322cfa16bfd7a6d21d670d7eca,source-attested,unreviewed,GPL-2.0-or-later
賞,⿱𫩠貝,⿱,top-bottom,𫩠|貝,component-2ba60|component-8c9d,𫩠|貝,2,2,chise-ids-ucs-basic,352e13378e411c322cfa16bfd7a6d21d670d7eca,source-attested,unreviewed,GPL-2.0-or-later
爭,⿱爫&CDP-8BFE;,⿱,top-bottom,爫|&CDP-8BFE;,component-722b|component-CDP-8BFE,爫|&CDP-8BFE;,2,2,chise-ids-ucs-basic,352e13378e411c322cfa16bfd7a6d21d670d7eca,source-attested,unreviewed,GPL-2.0-or-later
歲,⿱止&CDP-8CB3;,⿱,top-bottom,止|&CDP-8CB3;,component-6b62|component-CDP-8CB3,止|&CDP-8CB3;,2,2,chise-ids-ucs-basic,352e13378e411c322cfa16bfd7a6d21d670d7eca,source-attested,unreviewed,GPL-2.0-or-later
幫,⿱封帛,⿱,top-bottom,封|帛,component-5c01|component-5e1b,封|帛,2,2,chise-ids-ucs-basic,352e13378e411c322cfa16bfd7a6d21d670d7eca,source-attested,unreviewed,GPL-2.0-or-later
團,⿴囗專,⿴,surround,囗|專,component-56d7|component-5c08,囗|專,2,2,chise-ids-ucs-basic,352e13378e411c322cfa16bfd7a6d21d670d7eca,source-attested,unreviewed,GPL-2.0-or-later
臉,⿰⺼僉,⿰,left-right,⺼|僉,component-2ebc|component-50c9,⺼|僉,2,2,chise-ids-ucs-basic,352e13378e411c322cfa16bfd7a6d21d670d7eca,source-attested,unreviewed,GPL-2.0-or-later
忙,⿰忄亡,⿰,left-right,忄|亡,component-5fc4|component-4ea1,忄|亡,2,2,chise-ids-ucs-basic,352e13378e411c322cfa16bfd7a6d21d670d7eca,source-attested,unreviewed,GPL-2.0-or-later
沙,⿰氵少,⿰,left-right,氵|少,component-6c35|component-5c11,氵|少,2,2,chise-ids-ucs-basic,352e13378e411c322cfa16bfd7a6d21d670d7eca,source-attested,unreviewed,GPL-2.0-or-later
燒,⿰火堯,⿰,left-right,火|堯,component-706b|component-582f,火|堯,2,2,chise-ids-ucs-basic,352e13378e411c322cfa16bfd7a6d21d670d7eca,source-attested,unreviewed,GPL-2.0-or-later
兵,⿱斤𬺢,⿱,top-bottom,斤|𬺢,component-65a4|component-2cea2,斤|𬺢,2,2,chise-ids-ucs-basic,352e13378e411c322cfa16bfd7a6d21d670d7eca,source-attested,unreviewed,GPL-2.0-or-later
告,⿱⺧口,⿱,top-bottom,⺧|口,component-2ea7|component-53e3,⺧|口,2,2,chise-ids-ucs-basic,352e13378e411c322cfa16bfd7a6d21d670d7eca,source-attested,unreviewed,GPL-2.0-or-later
編,⿰糸扁,⿰,left-right,糸|扁,component-7cf8|component-6241,糸|扁,2,2,chise-ids-ucs-basic,352e13378e411c322cfa16bfd7a6d21d670d7eca,source-attested,unreviewed,GPL-2.0-or-later
類,⿰类頁,⿰,left-right,类|頁,component-7c7b|component-9801,类|頁,2,2,chise-ids-ucs-basic,352e13378e411c322cfa16bfd7a6d21d670d7eca,source-attested,unreviewed,GPL-2.0-or-later
斯,⿰其斤,⿰,left-right,其|斤,component-5176|component-65a4,其|斤,2,2,chise-ids-ucs-basic,352e13378e411c322cfa16bfd7a6d21d670d7eca,source-attested,unreviewed,GPL-2.0-or-later
影,⿰景彡,⿰,left-right,景|彡,component-666f|component-5f61,景|彡,2,2,chise-ids-ucs-basic,352e13378e411c322cfa16bfd7a6d21d670d7eca,source-attested,unreviewed,GPL-2.0-or-later
辦,⿴辡力,⿴,surround,辡|力,component-8fa1|component-529b,辡|力,2,2,chise-ids-ucs-basic,352e13378e411c322cfa16bfd7a6d21d670d7eca,source-attested,unreviewed,GPL-2.0-or-later
室,⿱宀至,⿱,top-bottom,宀|至,component-5b80|component-81f3,宀|至,2,2,chise-ids-ucs-basic,352e13378e411c322cfa16bfd7a6d21d670d7eca,source-attested,unreviewed,GPL-2.0-or-later
害,⿱𫲸口,⿱,top-bottom,𫲸|口,component-2bcb8|component-53e3,𫲸|口,2,2,chise-ids-ucs-basic,352e13378e411c322cfa16bfd7a6d21d670d7eca,source-attested,unreviewed,GPL-2.0-or-later
始,⿰女台,⿰,left-right,女|台,component-5973|component-53f0,女|台,2,2,chise-ids-ucs-basic,352e13378e411c322cfa16bfd7a6d21d670d7eca,source-attested,unreviewed,GPL-2.0-or-later
座,⿸广坐,⿸,surround,广|坐,component-5e7f|component-5750,广|坐,2,2,chise-ids-ucs-basic,352e13378e411c322cfa16bfd7a6d21d670d7eca,source-attested,unreviewed,GPL-2.0-or-later
琴,⿱玨今,⿱,top-bottom,玨|今,component-73a8|component-4eca,玨|今,2,2,chise-ids-ucs-basic,352e13378e411c322cfa16bfd7a6d21d670d7eca,source-attested,unreviewed,GPL-2.0-or-later
切,⿰七刀,⿰,left-right,七|刀,component-4e03|component-5200,七|刀,2,2,chise-ids-ucs-basic,352e13378e411c322cfa16bfd7a6d21d670d7eca,source-attested,unreviewed,GPL-2.0-or-later
京,⿱⿱亠口小,⿱,top-bottom,亠|口|小,component-4ea0|component-53e3|component-5c0f,亠|口|小,3,3,chise-ids-ucs-basic,352e13378e411c322cfa16bfd7a6d21d670d7eca,source-attested,unreviewed,GPL-2.0-or-later
刻,⿰亥刂,⿰,left-right,亥|刂,component-4ea5|component-5202,亥|刂,2,2,chise-ids-ucs-basic,352e13378e411c322cfa16bfd7a6d21d670d7eca,source-attested,unreviewed,GPL-2.0-or-later
性,⿰忄生,⿰,left-right,忄|生,component-5fc4|component-751f,忄|生,2,2,chise-ids-ucs-basic,352e13378e411c322cfa16bfd7a6d21d670d7eca,source-attested,unreviewed,GPL-2.0-or-later
距,⿰𧾷巨,⿰,left-right,𧾷|巨,component-27fb7|component-5de8,𧾷|巨,2,2,chise-ids-ucs-basic,352e13378e411c322cfa16bfd7a6d21d670d7eca,source-attested,unreviewed,GPL-2.0-or-later
社,⿰示土,⿰,left-right,示|土,component-793a|component-571f,示|土,2,2,chise-ids-ucs-basic,352e13378e411c322cfa16bfd7a6d21d670d7eca,source-attested,unreviewed,GPL-2.0-or-later
病,⿸疒丙,⿸,surround,疒|丙,component-7592|component-4e19,疒|丙,2,2,chise-ids-ucs-basic,352e13378e411c322cfa16bfd7a6d21d670d7eca,source-attested,unreviewed,GPL-2.0-or-later
鄉,⿴𨙵&CDP-8C42;,⿴,surround,𨙵|&CDP-8C42;,component-28675|component-CDP-8C42,𨙵|&CDP-8C42;,2,2,chise-ids-ucs-basic,352e13378e411c322cfa16bfd7a6d21d670d7eca,source-attested,unreviewed,GPL-2.0-or-later
廣,⿸广黃,⿸,surround,广|黃,component-5e7f|component-9ec3,广|黃,2,2,chise-ids-ucs-basic,352e13378e411c322cfa16bfd7a6d21d670d7eca,source-attested,unreviewed,GPL-2.0-or-later
德,⿰彳𢛳,⿰,left-right,彳|𢛳,component-5f73|component-226f3,彳|𢛳,2,2,chise-ids-ucs-basic,352e13378e411c322cfa16bfd7a6d21d670d7eca,source-attested,unreviewed,GPL-2.0-or-later
批,⿰扌比,⿰,left-right,扌|比,component-624c|component-6bd4,扌|比,2,2,chise-ids-ucs-basic,352e13378e411c322cfa16bfd7a6d21d670d7eca,source-attested,unreviewed,GPL-2.0-or-later
呼,⿰口乎,⿰,left-right,口|乎,component-53e3|component-4e4e,口|乎,2,2,chise-ids-ucs-basic,352e13378e411c322cfa16bfd7a6d21d670d7eca,source-attested,unreviewed,GPL-2.0-or-later
區,⿷匚品,⿷,surround,匚|品,component-531a|component-54c1,匚|品,2,2,chise-ids-ucs-basic,352e13378e411c322cfa16bfd7a6d21d670d7eca,source-attested,unreviewed,GPL-2.0-or-later
括,⿰扌舌,⿰,left-right,扌|舌,component-624c|component-820c,扌|舌,2,2,chise-ids-ucs-basic,352e13378e411c322cfa16bfd7a6d21d670d7eca,source-attested,unreviewed,GPL-2.0-or-later
架,⿱加木,⿱,top-bottom,加|木,component-52a0|component-6728,加|木,2,2,chise-ids-ucs-basic,352e13378e411c322cfa16bfd7a6d21d670d7eca,source-attested,unreviewed,GPL-2.0-or-later
哩,⿰口里,⿰,left-right,口|里,component-53e3|component-91cc,口|里,2,2,chise-ids-ucs-basic,352e13378e411c322cfa16bfd7a6d21d670d7eca,source-attested,unreviewed,GPL-2.0-or-later
粉,⿰米分,⿰,left-right,米|分,component-7c73|component-5206,米|分,2,2,chise-ids-ucs-basic,352e13378e411c322cfa16bfd7a6d21d670d7eca,source-attested,unreviewed,GPL-2.0-or-later
閃,⿵門人,⿵,surround,門|人,component-9580|component-4eba,門|人,2,2,chise-ids-ucs-basic,352e13378e411c322cfa16bfd7a6d21d670d7eca,source-attested,unreviewed,GPL-2.0-or-later
頃,⿰&CDP-895F;頁,⿰,left-right,&CDP-895F;|頁,component-CDP-895F|component-9801,&CDP-895F;|頁,2,2,chise-ids-ucs-basic,352e13378e411c322cfa16bfd7a6d21d670d7eca,source-attested,unreviewed,GPL-2.0-or-later
燈,⿰火登,⿰,left-right,火|登,component-706b|component-767b,火|登,2,2,chise-ids-ucs-basic,352e13378e411c322cfa16bfd7a6d21d670d7eca,source-attested,unreviewed,GPL-2.0-or-later
尾,⿸尸毛,⿸,surround,尸|毛,component-5c38|component-6bdb,尸|毛,2,2,chise-ids-ucs-basic,352e13378e411c322cfa16bfd7a6d21d670d7eca,source-attested,unreviewed,GPL-2.0-or-later
查,⿱木旦,⿱,top-bottom,木|旦,component-6728|component-65e6,木|旦,2,2,chise-ids-ucs-basic,352e13378e411c322cfa16bfd7a6d21d670d7eca,source-attested,unreviewed,GPL-2.0-or-later
穿,⿱穴牙,⿱,top-bottom,穴|牙,component-7a74|component-7259,穴|牙,2,2,chise-ids-ucs-basic,352e13378e411c322cfa16bfd7a6d21d670d7eca,source-attested,unreviewed,GPL-2.0-or-later
停,⿰亻亭,⿰,left-right,亻|亭,component-4ebb|component-4ead,亻|亭,2,2,chise-ids-ucs-basic,352e13378e411c322cfa16bfd7a6d21d670d7eca,source-attested,unreviewed,GPL-2.0-or-later
務,⿸敄力,⿸,surround,敄|力,component-6544|component-529b,敄|力,2,2,chise-ids-ucs-basic,352e13378e411c322cfa16bfd7a6d21d670d7eca,source-attested,unreviewed,GPL-2.0-or-later
精,⿰米青,⿰,left-right,米|青,component-7c73|component-9752,米|青,2,2,chise-ids-ucs-basic,352e13378e411c322cfa16bfd7a6d21d670d7eca,source-attested,unreviewed,GPL-2.0-or-later
擊,⿱𣪠手,⿱,top-bottom,𣪠|手,component-23aa0|component-624b,𣪠|手,2,2,chise-ids-ucs-basic,352e13378e411c322cfa16bfd7a6d21d670d7eca,source-attested,unreviewed,GPL-2.0-or-later
蘋,⿱艹頻,⿱,top-bottom,艹|頻,component-8279|component-983b,艹|頻,2,2,chise-ids-ucs-basic,352e13378e411c322cfa16bfd7a6d21d670d7eca,source-attested,unreviewed,GPL-2.0-or-later
古,⿱十口,⿱,top-bottom,十|口,component-5341|component-53e3,十|口,2,2,chise-ids-ucs-basic,352e13378e411c322cfa16bfd7a6d21d670d7eca,source-attested,unreviewed,GPL-2.0-or-later
材,⿰木才,⿰,left-right,木|才,component-6728|component-624d,木|才,2,2,chise-ids-ucs-basic,352e13378e411c322cfa16bfd7a6d21d670d7eca,source-attested,unreviewed,GPL-2.0-or-later
差,⿸⺶工,⿸,surround,⺶|工,component-2eb6|component-5de5,⺶|工,2,2,chise-ids-ucs-basic,352e13378e411c322cfa16bfd7a6d21d670d7eca,source-attested,unreviewed,GPL-2.0-or-later
默,⿰黑犬,⿰,left-right,黑|犬,component-9ed1|component-72ac,黑|犬,2,2,chise-ids-ucs-basic,352e13378e411c322cfa16bfd7a6d21d670d7eca,source-attested,unreviewed,GPL-2.0-or-later
左,⿸𠂇工,⿸,surround,𠂇|工,component-20087|component-5de5,𠂇|工,2,2,chise-ids-ucs-basic,352e13378e411c322cfa16bfd7a6d21d670d7eca,source-attested,unreviewed,GPL-2.0-or-later
朗,⿰良月,⿰,left-right,良|月,component-826f|component-6708,良|月,2,2,chise-ids-ucs-basic,352e13378e411c322cfa16bfd7a6d21d670d7eca,source-attested,unreviewed,GPL-2.0-or-later
眾,⿱⺫𫡑,⿱,top-bottom,⺫|𫡑,component-2eab|component-2b851,⺫|𫡑,2,2,chise-ids-ucs-basic,352e13378e411c322cfa16bfd7a6d21d670d7eca,source-attested,unreviewed,GPL-2.0-or-later
係,⿰亻系,⿰,left-right,亻|系,component-4ebb|component-7cfb,亻|系,2,2,chise-ids-ucs-basic,352e13378e411c322cfa16bfd7a6d21d670d7eca,source-attested,unreviewed,GPL-2.0-or-later
苦,⿱艹古,⿱,top-bottom,艹|古,component-8279|component-53e4,艹|古,2,2,chise-ids-ucs-basic,352e13378e411c322cfa16bfd7a6d21d670d7eca,source-attested,unreviewed,GPL-2.0-or-later
聯,⿰耳𢇇,⿰,left-right,耳|𢇇,component-8033|component-221c7,耳|𢇇,2,2,chise-ids-ucs-basic,352e13378e411c322cfa16bfd7a6d21d670d7eca,source-attested,unreviewed,GPL-2.0-or-later
急,⿱刍心,⿱,top-bottom,刍|心,component-520d|component-5fc3,刍|心,2,2,chise-ids-ucs-basic,352e13378e411c322cfa16bfd7a6d21d670d7eca,source-attested,unreviewed,GPL-2.0-or-later
擇,⿰扌睪,⿰,left-right,扌|睪,component-624c|component-776a,扌|睪,2,2,chise-ids-ucs-basic,352e13378e411c322cfa16bfd7a6d21d670d7eca,source-attested,unreviewed,GPL-2.0-or-later
齊,&U-i001+2FF1;⿱亠丫⿱⿰刀𱍸&CDP-89C6;,,single,&U-i001+2FF1;|亠|丫|刀|𱍸|&CDP-89C6;,component-U-i001-2FF1|component-4ea0|component-4e2b|component-5200|component-31378|component-CDP-89C6,&U-i001+2FF1;|亠|丫|刀|𱍸|&CDP-89C6;,6,6,chise-ids-ucs-basic,352e13378e411c322cfa16bfd7a6d21d670d7eca,source-attested,unreviewed,GPL-2.0-or-later
複,⿰衤复,⿰,left-right,衤|复,component-8864|component-590d,衤|复,2,2,chise-ids-ucs-basic,352e13378e411c322cfa16bfd7a6d21d670d7eca,source-attested,unreviewed,GPL-2.0-or-later
珠,⿰𤣩朱,⿰,left-right,𤣩|朱,component-248e9|component-6731,𤣩|朱,2,2,chise-ids-ucs-basic,352e13378e411c322cfa16bfd7a6d21d670d7eca,source-attested,unreviewed,GPL-2.0-or-later
極,⿰木亟,⿰,left-right,木|亟,component-6728|component-4e9f,木|亟,2,2,chise-ids-ucs-basic,352e13378e411c322cfa16bfd7a6d21d670d7eca,source-attested,unreviewed,GPL-2.0-or-later
模,⿰木莫,⿰,left-right,木|莫,component-6728|component-83ab,木|莫,2,2,chise-ids-ucs-basic,352e13378e411c322cfa16bfd7a6d21d670d7eca,source-attested,unreviewed,GPL-2.0-or-later
筐,⿱竹匡,⿱,top-bottom,竹|匡,component-7af9|component-5321,竹|匡,2,2,chise-ids-ucs-basic,352e13378e411c322cfa16bfd7a6d21d670d7eca,source-attested,unreviewed,GPL-2.0-or-later
泥,⿰氵尼,⿰,left-right,氵|尼,component-6c35|component-5c3c,氵|尼,2,2,chise-ids-ucs-basic,352e13378e411c322cfa16bfd7a6d21d670d7eca,source-attested,unreviewed,GPL-2.0-or-later
採,⿰扌采,⿰,left-right,扌|采,component-624c|component-91c7,扌|采,2,2,chise-ids-ucs-basic,352e13378e411c322cfa16bfd7a6d21d670d7eca,source-attested,unreviewed,GPL-2.0-or-later
幹,⿸倝干,⿸,surround,倝|干,component-501d|component-5e72,倝|干,2,2,chise-ids-ucs-basic,352e13378e411c322cfa16bfd7a6d21d670d7eca,source-attested,unreviewed,GPL-2.0-or-later
嘴,⿰口觜,⿰,left-right,口|觜,component-53e3|component-89dc,口|觜,2,2,chise-ids-ucs-basic,352e13378e411c322cfa16bfd7a6d21d670d7eca,source-attested,unreviewed,GPL-2.0-or-later
飄,⿰票風,⿰,left-right,票|風,component-7968|component-98a8,票|風,2,2,chise-ids-ucs-basic,352e13378e411c322cfa16bfd7a6d21d670d7eca,source-attested,unreviewed,GPL-2.0-or-later
勇,⿱甬力,⿱,top-bottom,甬|力,component-752c|component-529b,甬|力,2,2,chise-ids-ucs-basic,352e13378e411c322cfa16bfd7a6d21d670d7eca,source-attested,unreviewed,GPL-2.0-or-later
寶,⿷𡪓缶,⿷,surround,𡪓|缶,component-21a93|component-7f36,𡪓|缶,2,2,chise-ids-ucs-basic,352e13378e411c322cfa16bfd7a6d21d670d7eca,source-attested,unreviewed,GPL-2.0-or-later
掉,⿰扌卓,⿰,left-right,扌|卓,component-624c|component-5353,扌|卓,2,2,chise-ids-ucs-basic,352e13378e411c322cfa16bfd7a6d21d670d7eca,source-attested,unreviewed,GPL-2.0-or-later
朝,⿰𠦝月,⿰,left-right,𠦝|月,component-2099d|component-6708,𠦝|月,2,2,chise-ids-ucs-basic,352e13378e411c322cfa16bfd7a6d21d670d7eca,source-attested,unreviewed,GPL-2.0-or-later
織,⿰糸戠,⿰,left-right,糸|戠,component-7cf8|component-6220,糸|戠,2,2,chise-ids-ucs-basic,352e13378e411c322cfa16bfd7a6d21d670d7eca,source-attested,unreviewed,GPL-2.0-or-later
技,⿰扌支,⿰,left-right,扌|支,component-624c|component-652f,扌|支,2,2,chise-ids-ucs-basic,352e13378e411c322cfa16bfd7a6d21d670d7eca,source-attested,unreviewed,GPL-2.0-or-later
盒,⿱合皿,⿱,top-bottom,合|皿,component-5408|component-76bf,合|皿,2,2,chise-ids-ucs-basic,352e13378e411c322cfa16bfd7a6d21d670d7eca,source-attested,unreviewed,GPL-2.0-or-later
蟲,⿱虫䖵,⿱,top-bottom,虫|䖵,component-866b|component-45b5,虫|䖵,2,2,chise-ids-ucs-basic,352e13378e411c322cfa16bfd7a6d21d670d7eca,source-attested,unreviewed,GPL-2.0-or-later
嚴,⿸⿱吅厂敢,⿸,surround,吅|厂|敢,component-5405|component-5382|component-6562,吅|厂|敢,3,3,chise-ids-ucs-basic,352e13378e411c322cfa16bfd7a6d21d670d7eca,source-attested,unreviewed,GPL-2.0-or-later
優,⿰亻憂,⿰,left-right,亻|憂,component-4ebb|component-6182,亻|憂,2,2,chise-ids-ucs-basic,352e13378e411c322cfa16bfd7a6d21d670d7eca,source-attested,unreviewed,GPL-2.0-or-later
鮮,⿰魚羊,⿰,left-right,魚|羊,component-9b5a|component-7f8a,魚|羊,2,2,chise-ids-ucs-basic,352e13378e411c322cfa16bfd7a6d21d670d7eca,source-attested,unreviewed,GPL-2.0-or-later
徑,⿰彳巠,⿰,left-right,彳|巠,component-5f73|component-5de0,彳|巠,2,2,chise-ids-ucs-basic,352e13378e411c322cfa16bfd7a6d21d670d7eca,source-attested,unreviewed,GPL-2.0-or-later
乾,⿸⿰𠦝𠂉乙,⿸,surround,𠦝|𠂉|乙,component-2099d|component-20089|component-4e59,𠦝|𠂉|乙,3,3,chise-ids-ucs-basic,352e13378e411c322cfa16bfd7a6d21d670d7eca,source-attested,unreviewed,GPL-2.0-or-later
野,⿰里予,⿰,left-right,里|予,component-91cc|component-4e88,里|予,2,2,chise-ids-ucs-basic,352e13378e411c322cfa16bfd7a6d21d670d7eca,source-attested,unreviewed,GPL-2.0-or-later
頂,⿰丁頁,⿰,left-right,丁|頁,component-4e01|component-9801,丁|頁,2,2,chise-ids-ucs-basic,352e13378e411c322cfa16bfd7a6d21d670d7eca,source-attested,unreviewed,GPL-2.0-or-later
漸,⿰氵斬,⿰,left-right,氵|斬,component-6c35|component-65ac,氵|斬,2,2,chise-ids-ucs-basic,352e13378e411c322cfa16bfd7a6d21d670d7eca,source-attested,unreviewed,GPL-2.0-or-later
叮,⿰口丁,⿰,left-right,口|丁,component-53e3|component-4e01,口|丁,2,2,chise-ids-ucs-basic,352e13378e411c322cfa16bfd7a6d21d670d7eca,source-attested,unreviewed,GPL-2.0-or-later
瓶,⿰并瓦,⿰,left-right,并|瓦,component-5e76|component-74e6,并|瓦,2,2,chise-ids-ucs-basic,352e13378e411c322cfa16bfd7a6d21d670d7eca,source-attested,unreviewed,GPL-2.0-or-later
另,⿱口力,⿱,top-bottom,口|力,component-53e3|component-529b,口|力,2,2,chise-ids-ucs-basic,352e13378e411c322cfa16bfd7a6d21d670d7eca,source-attested,unreviewed,GPL-2.0-or-later
率,率,,single,率,component-7387,率,1,1,chise-ids-ucs-basic,352e13378e411c322cfa16bfd7a6d21d670d7eca,source-attested,unreviewed,GPL-2.0-or-later
睡,⿰目垂,⿰,left-right,目|垂,component-76ee|component-5782,目|垂,2,2,chise-ids-ucs-basic,352e13378e411c322cfa16bfd7a6d21d670d7eca,source-attested,unreviewed,GPL-2.0-or-later
言,言,,single,言,component-8a00,言,1,1,chise-ids-ucs-basic,352e13378e411c322cfa16bfd7a6d21d670d7eca,source-attested,unreviewed,GPL-2.0-or-later
房,⿸户方,⿸,surround,户|方,component-6237|component-65b9,户|方,2,2,chise-ids-ucs-basic,352e13378e411c322cfa16bfd7a6d21d670d7eca,source-attested,unreviewed,GPL-2.0-or-later
餘,⿰飠余,⿰,left-right,飠|余,component-98e0|component-4f59,飠|余,2,2,chise-ids-ucs-basic,352e13378e411c322cfa16bfd7a6d21d670d7eca,source-attested,unreviewed,GPL-2.0-or-later
鈴,⿰金令,⿰,left-right,金|令,component-91d1|component-4ee4,金|令,2,2,chise-ids-ucs-basic,352e13378e411c322cfa16bfd7a6d21d670d7eca,source-attested,unreviewed,GPL-2.0-or-later
推,⿰扌隹,⿰,left-right,扌|隹,component-624c|component-96b9,扌|隹,2,2,chise-ids-ucs-basic,352e13378e411c322cfa16bfd7a6d21d670d7eca,source-attested,unreviewed,GPL-2.0-or-later
族,⿸𭤨矢,⿸,surround,𭤨|矢,component-2d928|component-77e2,𭤨|矢,2,2,chise-ids-ucs-basic,352e13378e411c322cfa16bfd7a6d21d670d7eca,source-attested,unreviewed,GPL-2.0-or-later
季,⿱禾子,⿱,top-bottom,禾|子,component-79be|component-5b50,禾|子,2,2,chise-ids-ucs-basic,352e13378e411c322cfa16bfd7a6d21d670d7eca,source-attested,unreviewed,GPL-2.0-or-later
趕,⿺走旱,⿺,surround,走|旱,component-8d70|component-65f1,走|旱,2,2,chise-ids-ucs-basic,352e13378e411c322cfa16bfd7a6d21d670d7eca,source-attested,unreviewed,GPL-2.0-or-later
增,⿰土曾,⿰,left-right,土|曾,component-571f|component-66fe,土|曾,2,2,chise-ids-ucs-basic,352e13378e411c322cfa16bfd7a6d21d670d7eca,source-attested,unreviewed,GPL-2.0-or-later
層,⿸尸曾,⿸,surround,尸|曾,component-5c38|component-66fe,尸|曾,2,2,chise-ids-ucs-basic,352e13378e411c322cfa16bfd7a6d21d670d7eca,source-attested,unreviewed,GPL-2.0-or-later
怕,⿰忄白,⿰,left-right,忄|白,component-5fc4|component-767d,忄|白,2,2,chise-ids-ucs-basic,352e13378e411c322cfa16bfd7a6d21d670d7eca,source-attested,unreviewed,GPL-2.0-or-later
桌,⿱⺊杲,⿱,top-bottom,⺊|杲,component-2e8a|component-6772,⺊|杲,2,2,chise-ids-ucs-basic,352e13378e411c322cfa16bfd7a6d21d670d7eca,source-attested,unreviewed,GPL-2.0-or-later
冬,⿱夂冫,⿱,top-bottom,夂|冫,component-5902|component-51ab,夂|冫,2,2,chise-ids-ucs-basic,352e13378e411c322cfa16bfd7a6d21d670d7eca,source-attested,unreviewed,GPL-2.0-or-later
升,⿱丿廾,⿱,top-bottom,丿|廾,component-4e3f|component-5efe,丿|廾,2,2,chise-ids-ucs-basic,352e13378e411c322cfa16bfd7a6d21d670d7eca,source-attested,unreviewed,GPL-2.0-or-later
賽,⿱𡨄貝,⿱,top-bottom,𡨄|貝,component-21a04|component-8c9d,𡨄|貝,2,2,chise-ids-ucs-basic,352e13378e411c322cfa16bfd7a6d21d670d7eca,source-attested,unreviewed,GPL-2.0-or-later
洋,⿰氵羊,⿰,left-right,氵|羊,component-6c35|component-7f8a,氵|羊,2,2,chise-ids-ucs-basic,352e13378e411c322cfa16bfd7a6d21d670d7eca,source-attested,unreviewed,GPL-2.0-or-later
敲,⿰高攴,⿰,left-right,高|攴,component-9ad8|component-6534,高|攴,2,2,chise-ids-ucs-basic,352e13378e411c322cfa16bfd7a6d21d670d7eca,source-attested,unreviewed,GPL-2.0-or-later
調,⿰言周,⿰,left-right,言|周,component-8a00|component-5468,言|周,2,2,chise-ids-ucs-basic,352e13378e411c322cfa16bfd7a6d21d670d7eca,source-attested,unreviewed,GPL-2.0-or-later
隨,⿰⻖遀,⿰,left-right,⻖|遀,component-2ed6|component-9040,⻖|遀,2,2,chise-ids-ucs-basic,352e13378e411c322cfa16bfd7a6d21d670d7eca,source-attested,unreviewed,GPL-2.0-or-later
紀,⿰糸己,⿰,left-right,糸|己,component-7cf8|component-5df1,糸|己,2,2,chise-ids-ucs-basic,352e13378e411c322cfa16bfd7a6d21d670d7eca,source-attested,unreviewed,GPL-2.0-or-later
旁,⿱&CDP-8BEC;方,⿱,top-bottom,&CDP-8BEC;|方,component-CDP-8BEC|component-65b9,&CDP-8BEC;|方,2,2,chise-ids-ucs-basic,352e13378e411c322cfa16bfd7a6d21d670d7eca,source-attested,unreviewed,GPL-2.0-or-later
腦,⿰⺼𡿺,⿰,left-right,⺼|𡿺,component-2ebc|component-21ffa,⺼|𡿺,2,2,chise-ids-ucs-basic,352e13378e411c322cfa16bfd7a6d21d670d7eca,source-attested,unreviewed,GPL-2.0-or-later
鴨,⿰甲鳥,⿰,left-right,甲|鳥,component-7532|component-9ce5,甲|鳥,2,2,chise-ids-ucs-basic,352e13378e411c322cfa16bfd7a6d21d670d7eca,source-attested,unreviewed,GPL-2.0-or-later
爬,⿺爪巴,⿺,surround,爪|巴,component-722a|component-5df4,爪|巴,2,2,chise-ids-ucs-basic,352e13378e411c322cfa16bfd7a6d21d670d7eca,source-attested,unreviewed,GPL-2.0-or-later
決,⿰氵夬,⿰,left-right,氵|夬,component-6c35|component-592c,氵|夬,2,2,chise-ids-ucs-basic,352e13378e411c322cfa16bfd7a6d21d670d7eca,source-attested,unreviewed,GPL-2.0-or-later
遇,⿺辶禺,⿺,surround,辶|禺,component-8fb6|component-79ba,辶|禺,2,2,chise-ids-ucs-basic,352e13378e411c322cfa16bfd7a6d21d670d7eca,source-attested,unreviewed,GPL-2.0-or-later
伯,⿰亻白,⿰,left-right,亻|白,component-4ebb|component-767d,亻|白,2,2,chise-ids-ucs-basic,352e13378e411c322cfa16bfd7a6d21d670d7eca,source-attested,unreviewed,GPL-2.0-or-later
沉,⿰氵冗,⿰,left-right,氵|冗,component-6c35|component-5197,氵|冗,2,2,chise-ids-ucs-basic,352e13378e411c322cfa16bfd7a6d21d670d7eca,source-attested,unreviewed,GPL-2.0-or-later
套,⿱大镸,⿱,top-bottom,大|镸,component-5927|component-9578,大|镸,2,2,chise-ids-ucs-basic,352e13378e411c322cfa16bfd7a6d21d670d7eca,source-attested,unreviewed,GPL-2.0-or-later
敢,⿹攻𤮺,⿹,surround,攻|𤮺,component-653b|component-24bba,攻|𤮺,2,2,chise-ids-ucs-basic,352e13378e411c322cfa16bfd7a6d21d670d7eca,source-attested,unreviewed,GPL-2.0-or-later
略,⿰田各,⿰,left-right,田|各,component-7530|component-5404,田|各,2,2,chise-ids-ucs-basic,352e13378e411c322cfa16bfd7a6d21d670d7eca,source-attested,unreviewed,GPL-2.0-or-later
論,⿰言侖,⿰,left-right,言|侖,component-8a00|component-4f96,言|侖,2,2,chise-ids-ucs-basic,352e13378e411c322cfa16bfd7a6d21d670d7eca,source-attested,unreviewed,GPL-2.0-or-later
助,⿰且力,⿰,left-right,且|力,component-4e14|component-529b,且|力,2,2,chise-ids-ucs-basic,352e13378e411c322cfa16bfd7a6d21d670d7eca,source-attested,unreviewed,GPL-2.0-or-later
兔,⿷免丶,⿷,surround,免|丶,component-514d|component-4e36,免|丶,2,2,chise-ids-ucs-basic,352e13378e411c322cfa16bfd7a6d21d670d7eca,source-attested,unreviewed,GPL-2.0-or-later
驚,⿱敬馬,⿱,top-bottom,敬|馬,component-656c|component-99ac,敬|馬,2,2,chise-ids-ucs-basic,352e13378e411c322cfa16bfd7a6d21d670d7eca,source-attested,unreviewed,GPL-2.0-or-later
令,⿱亽龴,⿱,top-bottom,亽|龴,component-4ebd|component-9fb4,亽|龴,2,2,chise-ids-ucs-basic,352e13378e411c322cfa16bfd7a6d21d670d7eca,source-attested,unreviewed,GPL-2.0-or-later
武,⿹&CDP-8CB8;止,⿹,surround,&CDP-8CB8;|止,component-CDP-8CB8|component-6b62,&CDP-8CB8;|止,2,2,chise-ids-ucs-basic,352e13378e411c322cfa16bfd7a6d21d670d7eca,source-attested,unreviewed,GPL-2.0-or-later
香,⿱禾日,⿱,top-bottom,禾|日,component-79be|component-65e5,禾|日,2,2,chise-ids-ucs-basic,352e13378e411c322cfa16bfd7a6d21d670d7eca,source-attested,unreviewed,GPL-2.0-or-later
游,⿰氵斿,⿰,left-right,氵|斿,component-6c35|component-65bf,氵|斿,2,2,chise-ids-ucs-basic,352e13378e411c322cfa16bfd7a6d21d670d7eca,source-attested,unreviewed,GPL-2.0-or-later
藍,⿱艹監,⿱,top-bottom,艹|監,component-8279|component-76e3,艹|監,2,2,chise-ids-ucs-basic,352e13378e411c322cfa16bfd7a6d21d670d7eca,source-attested,unreviewed,GPL-2.0-or-later
護,⿰言蒦,⿰,left-right,言|蒦,component-8a00|component-84a6,言|蒦,2,2,chise-ids-ucs-basic,352e13378e411c322cfa16bfd7a6d21d670d7eca,source-attested,unreviewed,GPL-2.0-or-later
引,⿰弓丨,⿰,left-right,弓|丨,component-5f13|component-4e28,弓|丨,2,2,chise-ids-ucs-basic,352e13378e411c322cfa16bfd7a6d21d670d7eca,source-attested,unreviewed,GPL-2.0-or-later
屋,⿸尸至,⿸,surround,尸|至,component-5c38|component-81f3,尸|至,2,2,chise-ids-ucs-basic,352e13378e411c322cfa16bfd7a6d21d670d7eca,source-attested,unreviewed,GPL-2.0-or-later
烈,⿱列灬,⿱,top-bottom,列|灬,component-5217|component-706c,列|灬,2,2,chise-ids-ucs-basic,352e13378e411c322cfa16bfd7a6d21d670d7eca,source-attested,unreviewed,GPL-2.0-or-later
環,⿰𤣩睘,⿰,left-right,𤣩|睘,component-248e9|component-7758,𤣩|睘,2,2,chise-ids-ucs-basic,352e13378e411c322cfa16bfd7a6d21d670d7eca,source-attested,unreviewed,GPL-2.0-or-later
鐘,⿰金童,⿰,left-right,金|童,component-91d1|component-7ae5,金|童,2,2,chise-ids-ucs-basic,352e13378e411c322cfa16bfd7a6d21d670d7eca,source-attested,unreviewed,GPL-2.0-or-later
政,⿰正攵,⿰,left-right,正|攵,component-6b63|component-6535,正|攵,2,2,chise-ids-ucs-basic,352e13378e411c322cfa16bfd7a6d21d670d7eca,source-attested,unreviewed,GPL-2.0-or-later
符,⿱竹付,⿱,top-bottom,竹|付,component-7af9|component-4ed8,竹|付,2,2,chise-ids-ucs-basic,352e13378e411c322cfa16bfd7a6d21d670d7eca,source-attested,unreviewed,GPL-2.0-or-later
蛋,⿱疋虫,⿱,top-bottom,疋|虫,component-758b|component-866b,疋|虫,2,2,chise-ids-ucs-basic,352e13378e411c322cfa16bfd7a6d21d670d7eca,source-attested,unreviewed,GPL-2.0-or-later
爾,⿱一&CDP-88D6;,⿱,top-bottom,一|&CDP-88D6;,component-4e00|component-CDP-88D6,一|&CDP-88D6;,2,2,chise-ids-ucs-basic,352e13378e411c322cfa16bfd7a6d21d670d7eca,source-attested,unreviewed,GPL-2.0-or-later
揚,⿰扌昜,⿰,left-right,扌|昜,component-624c|component-661c,扌|昜,2,2,chise-ids-ucs-basic,352e13378e411c322cfa16bfd7a6d21d670d7eca,source-attested,unreviewed,GPL-2.0-or-later
標,⿰木票,⿰,left-right,木|票,component-6728|component-7968,木|票,2,2,chise-ids-ucs-basic,352e13378e411c322cfa16bfd7a6d21d670d7eca,source-attested,unreviewed,GPL-2.0-or-later
持,⿰扌寺,⿰,left-right,扌|寺,component-624c|component-5bfa,扌|寺,2,2,chise-ids-ucs-basic,352e13378e411c322cfa16bfd7a6d21d670d7eca,source-attested,unreviewed,GPL-2.0-or-later
陣,⿰⻖車,⿰,left-right,⻖|車,component-2ed6|component-8eca,⻖|車,2,2,chise-ids-ucs-basic,352e13378e411c322cfa16bfd7a6d21d670d7eca,source-attested,unreviewed,GPL-2.0-or-later
密,⿱宓山,⿱,top-bottom,宓|山,component-5b93|component-5c71,宓|山,2,2,chise-ids-ucs-basic,352e13378e411c322cfa16bfd7a6d21d670d7eca,source-attested,unreviewed,GPL-2.0-or-later
勝,⿸𰮤力,⿸,surround,𰮤|力,component-30ba4|component-529b,𰮤|力,2,2,chise-ids-ucs-basic,352e13378e411c322cfa16bfd7a6d21d670d7eca,source-attested,unreviewed,GPL-2.0-or-later
傷,⿰亻𬀷,⿰,left-right,亻|𬀷,component-4ebb|component-2c037,亻|𬀷,2,2,chise-ids-ucs-basic,352e13378e411c322cfa16bfd7a6d21d670d7eca,source-attested,unreviewed,GPL-2.0-or-later
貓,⿰豸苗,⿰,left-right,豸|苗,component-8c78|component-82d7,豸|苗,2,2,chise-ids-ucs-basic,352e13378e411c322cfa16bfd7a6d21d670d7eca,source-attested,unreviewed,GPL-2.0-or-later
議,⿰言義,⿰,left-right,言|義,component-8a00|component-7fa9,言|義,2,2,chise-ids-ucs-basic,352e13378e411c322cfa16bfd7a6d21d670d7eca,source-attested,unreviewed,GPL-2.0-or-later
瓜,瓜,,single,瓜,component-74dc,瓜,1,1,chise-ids-ucs-basic,352e13378e411c322cfa16bfd7a6d21d670d7eca,source-attested,unreviewed,GPL-2.0-or-later
竹,竹,,single,竹,component-7af9,竹,1,1,chise-ids-ucs-basic,352e13378e411c322cfa16bfd7a6d21d670d7eca,source-attested,unreviewed,GPL-2.0-or-later
錄,⿰金彔,⿰,left-right,金|彔,component-91d1|component-5f54,金|彔,2,2,chise-ids-ucs-basic,352e13378e411c322cfa16bfd7a6d21d670d7eca,source-attested,unreviewed,GPL-2.0-or-later
續,⿰糸賣,⿰,left-right,糸|賣,component-7cf8|component-8ce3,糸|賣,2,2,chise-ids-ucs-basic,352e13378e411c322cfa16bfd7a6d21d670d7eca,source-attested,unreviewed,GPL-2.0-or-later
育,⿱𠫓&CDP-8958;,⿱,top-bottom,𠫓|&CDP-8958;,component-20ad3|component-CDP-8958,𠫓|&CDP-8958;,2,2,chise-ids-ucs-basic,352e13378e411c322cfa16bfd7a6d21d670d7eca,source-attested,unreviewed,GPL-2.0-or-later
足,⿱口龰,⿱,top-bottom,口|龰,component-53e3|component-9fb0,口|龰,2,2,chise-ids-ucs-basic,352e13378e411c322cfa16bfd7a6d21d670d7eca,source-attested,unreviewed,GPL-2.0-or-later
呱,⿰口瓜,⿰,left-right,口|瓜,component-53e3|component-74dc,口|瓜,2,2,chise-ids-ucs-basic,352e13378e411c322cfa16bfd7a6d21d670d7eca,source-attested,unreviewed,GPL-2.0-or-later
息,⿱自心,⿱,top-bottom,自|心,component-81ea|component-5fc3,自|心,2,2,chise-ids-ucs-basic,352e13378e411c322cfa16bfd7a6d21d670d7eca,source-attested,unreviewed,GPL-2.0-or-later
煤,⿰火某,⿰,left-right,火|某,component-706b|component-67d0,火|某,2,2,chise-ids-ucs-basic,352e13378e411c322cfa16bfd7a6d21d670d7eca,source-attested,unreviewed,GPL-2.0-or-later
耳,耳,,single,耳,component-8033,耳,1,1,chise-ids-ucs-basic,352e13378e411c322cfa16bfd7a6d21d670d7eca,source-attested,unreviewed,GPL-2.0-or-later
及,及,,single,及,component-53ca,及,1,1,chise-ids-ucs-basic,352e13378e411c322cfa16bfd7a6d21d670d7eca,source-attested,unreviewed,GPL-2.0-or-later
鬥,⿰𩰋𩰊,⿰,left-right,𩰋|𩰊,component-29c0b|component-29c0a,𩰋|𩰊,2,2,chise-ids-ucs-basic,352e13378e411c322cfa16bfd7a6d21d670d7eca,source-attested,unreviewed,GPL-2.0-or-later
挖,⿰扌穵,⿰,left-right,扌|穵,component-624c|component-7a75,扌|穵,2,2,chise-ids-ucs-basic,352e13378e411c322cfa16bfd7a6d21d670d7eca,source-attested,unreviewed,GPL-2.0-or-later
術,⿴行术,⿴,surround,行|术,component-884c|component-672f,行|术,2,2,chise-ids-ucs-basic,352e13378e411c322cfa16bfd7a6d21d670d7eca,source-attested,unreviewed,GPL-2.0-or-later
盤,⿱般皿,⿱,top-bottom,般|皿,component-822c|component-76bf,般|皿,2,2,chise-ids-ucs-basic,352e13378e411c322cfa16bfd7a6d21d670d7eca,source-attested,unreviewed,GPL-2.0-or-later
易,⿱日勿,⿱,top-bottom,日|勿,component-65e5|component-52ff,日|勿,2,2,chise-ids-ucs-basic,352e13378e411c322cfa16bfd7a6d21d670d7eca,source-attested,unreviewed,GPL-2.0-or-later
客,⿱宀各,⿱,top-bottom,宀|各,component-5b80|component-5404,宀|各,2,2,chise-ids-ucs-basic,352e13378e411c322cfa16bfd7a6d21d670d7eca,source-attested,unreviewed,GPL-2.0-or-later
破,⿰石皮,⿰,left-right,石|皮,component-77f3|component-76ae,石|皮,2,2,chise-ids-ucs-basic,352e13378e411c322cfa16bfd7a6d21d670d7eca,source-attested,unreviewed,GPL-2.0-or-later
端,⿰立耑,⿰,left-right,立|耑,component-7acb|component-8011,立|耑,2,2,chise-ids-ucs-basic,352e13378e411c322cfa16bfd7a6d21d670d7eca,source-attested,unreviewed,GPL-2.0-or-later
況,⿰氵兄,⿰,left-right,氵|兄,component-6c35|component-5144,氵|兄,2,2,chise-ids-ucs-basic,352e13378e411c322cfa16bfd7a6d21d670d7eca,source-attested,unreviewed,GPL-2.0-or-later
莊,⿱艹壯,⿱,top-bottom,艹|壯,component-8279|component-58ef,艹|壯,2,2,chise-ids-ucs-basic,352e13378e411c322cfa16bfd7a6d21d670d7eca,source-attested,unreviewed,GPL-2.0-or-later
雷,⿱雨田,⿱,top-bottom,雨|田,component-96e8|component-7530,雨|田,2,2,chise-ids-ucs-basic,352e13378e411c322cfa16bfd7a6d21d670d7eca,source-attested,unreviewed,GPL-2.0-or-later
籃,⿱竹監,⿱,top-bottom,竹|監,component-7af9|component-76e3,竹|監,2,2,chise-ids-ucs-basic,352e13378e411c322cfa16bfd7a6d21d670d7eca,source-attested,unreviewed,GPL-2.0-or-later
某,⿱甘木,⿱,top-bottom,甘|木,component-7518|component-6728,甘|木,2,2,chise-ids-ucs-basic,352e13378e411c322cfa16bfd7a6d21d670d7eca,source-attested,unreviewed,GPL-2.0-or-later
描,⿰扌苗,⿰,left-right,扌|苗,component-624c|component-82d7,扌|苗,2,2,chise-ids-ucs-basic,352e13378e411c322cfa16bfd7a6d21d670d7eca,source-attested,unreviewed,GPL-2.0-or-later
測,⿰氵則,⿰,left-right,氵|則,component-6c35|component-5247,氵|則,2,2,chise-ids-ucs-basic,352e13378e411c322cfa16bfd7a6d21d670d7eca,source-attested,unreviewed,GPL-2.0-or-later
談,⿰言炎,⿰,left-right,言|炎,component-8a00|component-708e,言|炎,2,2,chise-ids-ucs-basic,352e13378e411c322cfa16bfd7a6d21d670d7eca,source-attested,unreviewed,GPL-2.0-or-later
且,且,,single,且,component-4e14,且,1,1,chise-ids-ucs-basic,352e13378e411c322cfa16bfd7a6d21d670d7eca,source-attested,unreviewed,GPL-2.0-or-later
伴,⿰亻半,⿰,left-right,亻|半,component-4ebb|component-534a,亻|半,2,2,chise-ids-ucs-basic,352e13378e411c322cfa16bfd7a6d21d670d7eca,source-attested,unreviewed,GPL-2.0-or-later
狀,⿰爿犬,⿰,left-right,爿|犬,component-723f|component-72ac,爿|犬,2,2,chise-ids-ucs-basic,352e13378e411c322cfa16bfd7a6d21d670d7eca,source-attested,unreviewed,GPL-2.0-or-later
研,⿰石开,⿰,left-right,石|开,component-77f3|component-5f00,石|开,2,2,chise-ids-ucs-basic,352e13378e411c322cfa16bfd7a6d21d670d7eca,source-attested,unreviewed,GPL-2.0-or-later
般,⿰舟殳,⿰,left-right,舟|殳,component-821f|component-6bb3,舟|殳,2,2,chise-ids-ucs-basic,352e13378e411c322cfa16bfd7a6d21d670d7eca,source-attested,unreviewed,GPL-2.0-or-later
院,⿰⻖完,⿰,left-right,⻖|完,component-2ed6|component-5b8c,⻖|完,2,2,chise-ids-ucs-basic,352e13378e411c322cfa16bfd7a6d21d670d7eca,source-attested,unreviewed,GPL-2.0-or-later
詩,⿰言寺,⿰,left-right,言|寺,component-8a00|component-5bfa,言|寺,2,2,chise-ids-ucs-basic,352e13378e411c322cfa16bfd7a6d21d670d7eca,source-attested,unreviewed,GPL-2.0-or-later
譜,⿰言普,⿰,left-right,言|普,component-8a00|component-666e,言|普,2,2,chise-ids-ucs-basic,352e13378e411c322cfa16bfd7a6d21d670d7eca,source-attested,unreviewed,GPL-2.0-or-later
市,⿱亠巾,⿱,top-bottom,亠|巾,component-4ea0|component-5dfe,亠|巾,2,2,chise-ids-ucs-basic,352e13378e411c322cfa16bfd7a6d21d670d7eca,source-attested,unreviewed,GPL-2.0-or-later
非,非,,single,非,component-975e,非,1,1,chise-ids-ucs-basic,352e13378e411c322cfa16bfd7a6d21d670d7eca,source-attested,unreviewed,GPL-2.0-or-later
帝,⿱&CDP-8BEC;巾,⿱,top-bottom,&CDP-8BEC;|巾,component-CDP-8BEC|component-5dfe,&CDP-8BEC;|巾,2,2,chise-ids-ucs-basic,352e13378e411c322cfa16bfd7a6d21d670d7eca,source-attested,unreviewed,GPL-2.0-or-later
突,⿱穴犬,⿱,top-bottom,穴|犬,component-7a74|component-72ac,穴|犬,2,2,chise-ids-ucs-basic,352e13378e411c322cfa16bfd7a6d21d670d7eca,source-attested,unreviewed,GPL-2.0-or-later
規,⿰夫見,⿰,left-right,夫|見,component-592b|component-898b,夫|見,2,2,chise-ids-ucs-basic,352e13378e411c322cfa16bfd7a6d21d670d7eca,source-attested,unreviewed,GPL-2.0-or-later
雄,⿰厷隹,⿰,left-right,厷|隹,component-53b7|component-96b9,厷|隹,2,2,chise-ids-ucs-basic,352e13378e411c322cfa16bfd7a6d21d670d7eca,source-attested,unreviewed,GPL-2.0-or-later
劉,⿰𨥫刂,⿰,left-right,𨥫|刂,component-2896b|component-5202,𨥫|刂,2,2,chise-ids-ucs-basic,352e13378e411c322cfa16bfd7a6d21d670d7eca,source-attested,unreviewed,GPL-2.0-or-later
顆,⿰果頁,⿰,left-right,果|頁,component-679c|component-9801,果|頁,2,2,chise-ids-ucs-basic,352e13378e411c322cfa16bfd7a6d21d670d7eca,source-attested,unreviewed,GPL-2.0-or-later
互,互,,single,互,component-4e92,互,1,1,chise-ids-ucs-basic,352e13378e411c322cfa16bfd7a6d21d670d7eca,source-attested,unreviewed,GPL-2.0-or-later
枝,⿰木支,⿰,left-right,木|支,component-6728|component-652f,木|支,2,2,chise-ids-ucs-basic,352e13378e411c322cfa16bfd7a6d21d670d7eca,source-attested,unreviewed,GPL-2.0-or-later
哥,⿱可可,⿱,top-bottom,可|可,component-53ef|component-53ef,可,2,1,chise-ids-ucs-basic,352e13378e411c322cfa16bfd7a6d21d670d7eca,source-attested,unreviewed,GPL-2.0-or-later
願,⿰原頁,⿰,left-right,原|頁,component-539f|component-9801,原|頁,2,2,chise-ids-ucs-basic,352e13378e411c322cfa16bfd7a6d21d670d7eca,source-attested,unreviewed,GPL-2.0-or-later
洗,⿰氵先,⿰,left-right,氵|先,component-6c35|component-5148,氵|先,2,2,chise-ids-ucs-basic,352e13378e411c322cfa16bfd7a6d21d670d7eca,source-attested,unreviewed,GPL-2.0-or-later
折,⿰扌斤,⿰,left-right,扌|斤,component-624c|component-65a4,扌|斤,2,2,chise-ids-ucs-basic,352e13378e411c322cfa16bfd7a6d21d670d7eca,source-attested,unreviewed,GPL-2.0-or-later
射,⿰身寸,⿰,left-right,身|寸,component-8eab|component-5bf8,身|寸,2,2,chise-ids-ucs-basic,352e13378e411c322cfa16bfd7a6d21d670d7eca,source-attested,unreviewed,GPL-2.0-or-later
圈,⿴囗卷,⿴,surround,囗|卷,component-56d7|component-5377,囗|卷,2,2,chise-ids-ucs-basic,352e13378e411c322cfa16bfd7a6d21d670d7eca,source-attested,unreviewed,GPL-2.0-or-later
置,⿱罒直,⿱,top-bottom,罒|直,component-7f52|component-76f4,罒|直,2,2,chise-ids-ucs-basic,352e13378e411c322cfa16bfd7a6d21d670d7eca,source-attested,unreviewed,GPL-2.0-or-later
戲,⿰䖒戈,⿰,left-right,䖒|戈,component-4592|component-6208,䖒|戈,2,2,chise-ids-ucs-basic,352e13378e411c322cfa16bfd7a6d21d670d7eca,source-attested,unreviewed,GPL-2.0-or-later
失,⿰丿夫,⿰,left-right,丿|夫,component-4e3f|component-592b,丿|夫,2,2,chise-ids-ucs-basic,352e13378e411c322cfa16bfd7a6d21d670d7eca,source-attested,unreviewed,GPL-2.0-or-later
冷,⿰冫令,⿰,left-right,冫|令,component-51ab|component-4ee4,冫|令,2,2,chise-ids-ucs-basic,352e13378e411c322cfa16bfd7a6d21d670d7eca,source-attested,unreviewed,GPL-2.0-or-later
福,⿰示畐,⿰,left-right,示|畐,component-793a|component-7550,示|畐,2,2,chise-ids-ucs-basic,352e13378e411c322cfa16bfd7a6d21d670d7eca,source-attested,unreviewed,GPL-2.0-or-later
砍,⿰石欠,⿰,left-right,石|欠,component-77f3|component-6b20,石|欠,2,2,chise-ids-ucs-basic,352e13378e411c322cfa16bfd7a6d21d670d7eca,source-attested,unreviewed,GPL-2.0-or-later
弱,⿰𢎥𢎥,⿰,left-right,𢎥|𢎥,component-223a5|component-223a5,𢎥,2,1,chise-ids-ucs-basic,352e13378e411c322cfa16bfd7a6d21d670d7eca,source-attested,unreviewed,GPL-2.0-or-later
喊,⿰口咸,⿰,left-right,口|咸,component-53e3|component-54b8,口|咸,2,2,chise-ids-ucs-basic,352e13378e411c322cfa16bfd7a6d21d670d7eca,source-attested,unreviewed,GPL-2.0-or-later
寧,⿱寍丁,⿱,top-bottom,寍|丁,component-5bcd|component-4e01,寍|丁,2,2,chise-ids-ucs-basic,352e13378e411c322cfa16bfd7a6d21d670d7eca,source-attested,unreviewed,GPL-2.0-or-later
存,⿸&CDP-88F1;子,⿸,surround,&CDP-88F1;|子,component-CDP-88F1|component-5b50,&CDP-88F1;|子,2,2,chise-ids-ucs-basic,352e13378e411c322cfa16bfd7a6d21d670d7eca,source-attested,unreviewed,GPL-2.0-or-later
幅,⿰巾畐,⿰,left-right,巾|畐,component-5dfe|component-7550,巾|畐,2,2,chise-ids-ucs-basic,352e13378e411c322cfa16bfd7a6d21d670d7eca,source-attested,unreviewed,GPL-2.0-or-later
統,⿰糸充,⿰,left-right,糸|充,component-7cf8|component-5145,糸|充,2,2,chise-ids-ucs-basic,352e13378e411c322cfa16bfd7a6d21d670d7eca,source-attested,unreviewed,GPL-2.0-or-later
絲,⿰糸糸,⿰,left-right,糸|糸,component-7cf8|component-7cf8,糸,2,1,chise-ids-ucs-basic,352e13378e411c322cfa16bfd7a6d21d670d7eca,source-attested,unreviewed,GPL-2.0-or-later
秋,⿰禾火,⿰,left-right,禾|火,component-79be|component-706b,禾|火,2,2,chise-ids-ucs-basic,352e13378e411c322cfa16bfd7a6d21d670d7eca,source-attested,unreviewed,GPL-2.0-or-later
富,⿱宀畐,⿱,top-bottom,宀|畐,component-5b80|component-7550,宀|畐,2,2,chise-ids-ucs-basic,352e13378e411c322cfa16bfd7a6d21d670d7eca,source-attested,unreviewed,GPL-2.0-or-later
銀,⿰金艮,⿰,left-right,金|艮,component-91d1|component-826e,金|艮,2,2,chise-ids-ucs-basic,352e13378e411c322cfa16bfd7a6d21d670d7eca,source-attested,unreviewed,GPL-2.0-or-later
良,⿱丶艮,⿱,top-bottom,丶|艮,component-4e36|component-826e,丶|艮,2,2,chise-ids-ucs-basic,352e13378e411c322cfa16bfd7a6d21d670d7eca,source-attested,unreviewed,GPL-2.0-or-later
楊,⿰木昜,⿰,left-right,木|昜,component-6728|component-661c,木|昜,2,2,chise-ids-ucs-basic,352e13378e411c322cfa16bfd7a6d21d670d7eca,source-attested,unreviewed,GPL-2.0-or-later
摘,⿰扌啇,⿰,left-right,扌|啇,component-624c|component-5547,扌|啇,2,2,chise-ids-ucs-basic,352e13378e411c322cfa16bfd7a6d21d670d7eca,source-attested,unreviewed,GPL-2.0-or-later
功,⿰工力,⿰,left-right,工|力,component-5de5|component-529b,工|力,2,2,chise-ids-ucs-basic,352e13378e411c322cfa16bfd7a6d21d670d7eca,source-attested,unreviewed,GPL-2.0-or-later
至,⿱𠫔土,⿱,top-bottom,𠫔|土,component-20ad4|component-571f,𠫔|土,2,2,chise-ids-ucs-basic,352e13378e411c322cfa16bfd7a6d21d670d7eca,source-attested,unreviewed,GPL-2.0-or-later
堅,⿱臤土,⿱,top-bottom,臤|土,component-81e4|component-571f,臤|土,2,2,chise-ids-ucs-basic,352e13378e411c322cfa16bfd7a6d21d670d7eca,source-attested,unreviewed,GPL-2.0-or-later
換,⿰扌奐,⿰,left-right,扌|奐,component-624c|component-5950,扌|奐,2,2,chise-ids-ucs-basic,352e13378e411c322cfa16bfd7a6d21d670d7eca,source-attested,unreviewed,GPL-2.0-or-later
槍,⿰木倉,⿰,left-right,木|倉,component-6728|component-5009,木|倉,2,2,chise-ids-ucs-basic,352e13378e411c322cfa16bfd7a6d21d670d7eca,source-attested,unreviewed,GPL-2.0-or-later
懂,⿰忄董,⿰,left-right,忄|董,component-5fc4|component-8463,忄|董,2,2,chise-ids-ucs-basic,352e13378e411c322cfa16bfd7a6d21d670d7eca,source-attested,unreviewed,GPL-2.0-or-later
繩,⿰糸黽,⿰,left-right,糸|黽,component-7cf8|component-9efd,糸|黽,2,2,chise-ids-ucs-basic,352e13378e411c322cfa16bfd7a6d21d670d7eca,source-attested,unreviewed,GPL-2.0-or-later
露,⿱雨路,⿱,top-bottom,雨|路,component-96e8|component-8def,雨|路,2,2,chise-ids-ucs-basic,352e13378e411c322cfa16bfd7a6d21d670d7eca,source-attested,unreviewed,GPL-2.0-or-later
售,⿱隹口,⿱,top-bottom,隹|口,component-96b9|component-53e3,隹|口,2,2,chise-ids-ucs-basic,352e13378e411c322cfa16bfd7a6d21d670d7eca,source-attested,unreviewed,GPL-2.0-or-later
插,⿰扌臿,⿰,left-right,扌|臿,component-624c|component-81ff,扌|臿,2,2,chise-ids-ucs-basic,352e13378e411c322cfa16bfd7a6d21d670d7eca,source-attested,unreviewed,GPL-2.0-or-later
補,⿰衤甫,⿰,left-right,衤|甫,component-8864|component-752b,衤|甫,2,2,chise-ids-ucs-basic,352e13378e411c322cfa16bfd7a6d21d670d7eca,source-attested,unreviewed,GPL-2.0-or-later
牆,⿰爿嗇,⿰,left-right,爿|嗇,component-723f|component-55c7,爿|嗇,2,2,chise-ids-ucs-basic,352e13378e411c322cfa16bfd7a6d21d670d7eca,source-attested,unreviewed,GPL-2.0-or-later
壞,⿰土褱,⿰,left-right,土|褱,component-571f|component-8931,土|褱,2,2,chise-ids-ucs-basic,352e13378e411c322cfa16bfd7a6d21d670d7eca,source-attested,unreviewed,GPL-2.0-or-later
配,⿰酉己,⿰,left-right,酉|己,component-9149|component-5df1,酉|己,2,2,chise-ids-ucs-basic,352e13378e411c322cfa16bfd7a6d21d670d7eca,source-attested,unreviewed,GPL-2.0-or-later
陳,⿰⻖東,⿰,left-right,⻖|東,component-2ed6|component-6771,⻖|東,2,2,chise-ids-ucs-basic,352e13378e411c322cfa16bfd7a6d21d670d7eca,source-attested,unreviewed,GPL-2.0-or-later
資,⿱次貝,⿱,top-bottom,次|貝,component-6b21|component-8c9d,次|貝,2,2,chise-ids-ucs-basic,352e13378e411c322cfa16bfd7a6d21d670d7eca,source-attested,unreviewed,GPL-2.0-or-later
靠,⿱告非,⿱,top-bottom,告|非,component-544a|component-975e,告|非,2,2,chise-ids-ucs-basic,352e13378e411c322cfa16bfd7a6d21d670d7eca,source-attested,unreviewed,GPL-2.0-or-later
繼,⿰糸㡭,⿰,left-right,糸|㡭,component-7cf8|component-386d,糸|㡭,2,2,chise-ids-ucs-basic,352e13378e411c322cfa16bfd7a6d21d670d7eca,source-attested,unreviewed,GPL-2.0-or-later
卡,⿱上卜,⿱,top-bottom,上|卜,component-4e0a|component-535c,上|卜,2,2,chise-ids-ucs-basic,352e13378e411c322cfa16bfd7a6d21d670d7eca,source-attested,unreviewed,GPL-2.0-or-later
含,⿱今口,⿱,top-bottom,今|口,component-4eca|component-53e3,今|口,2,2,chise-ids-ucs-basic,352e13378e411c322cfa16bfd7a6d21d670d7eca,source-attested,unreviewed,GPL-2.0-or-later
毫,⿱⿳亠口冖毛,⿱,top-bottom,亠|口|冖|毛,component-4ea0|component-53e3|component-5196|component-6bdb,亠|口|冖|毛,4,4,chise-ids-ucs-basic,352e13378e411c322cfa16bfd7a6d21d670d7eca,source-attested,unreviewed,GPL-2.0-or-later
楚,⿱林疋,⿱,top-bottom,林|疋,component-6797|component-758b,林|疋,2,2,chise-ids-ucs-basic,352e13378e411c322cfa16bfd7a6d21d670d7eca,source-attested,unreviewed,GPL-2.0-or-later
堆,⿰土隹,⿰,left-right,土|隹,component-571f|component-96b9,土|隹,2,2,chise-ids-ucs-basic,352e13378e411c322cfa16bfd7a6d21d670d7eca,source-attested,unreviewed,GPL-2.0-or-later
潑,⿰氵發,⿰,left-right,氵|發,component-6c35|component-767c,氵|發,2,2,chise-ids-ucs-basic,352e13378e411c322cfa16bfd7a6d21d670d7eca,source-attested,unreviewed,GPL-2.0-or-later
輪,⿰車侖,⿰,left-right,車|侖,component-8eca|component-4f96,車|侖,2,2,chise-ids-ucs-basic,352e13378e411c322cfa16bfd7a6d21d670d7eca,source-attested,unreviewed,GPL-2.0-or-later
懷,⿰忄褱,⿰,left-right,忄|褱,component-5fc4|component-8931,忄|褱,2,2,chise-ids-ucs-basic,352e13378e411c322cfa16bfd7a6d21d670d7eca,source-attested,unreviewed,GPL-2.0-or-later
肥,⿰⺼巴,⿰,left-right,⺼|巴,component-2ebc|component-5df4,⺼|巴,2,2,chise-ids-ucs-basic,352e13378e411c322cfa16bfd7a6d21d670d7eca,source-attested,unreviewed,GPL-2.0-or-later
假,⿰亻叚,⿰,left-right,亻|叚,component-4ebb|component-53da,亻|叚,2,2,chise-ids-ucs-basic,352e13378e411c322cfa16bfd7a6d21d670d7eca,source-attested,unreviewed,GPL-2.0-or-later
血,⿱丿皿,⿱,top-bottom,丿|皿,component-4e3f|component-76bf,丿|皿,2,2,chise-ids-ucs-basic,352e13378e411c322cfa16bfd7a6d21d670d7eca,source-attested,unreviewed,GPL-2.0-or-later
悄,⿰忄肖,⿰,left-right,忄|肖,component-5fc4|component-8096,忄|肖,2,2,chise-ids-ucs-basic,352e13378e411c322cfa16bfd7a6d21d670d7eca,source-attested,unreviewed,GPL-2.0-or-later
剪,⿱前刀,⿱,top-bottom,前|刀,component-524d|component-5200,前|刀,2,2,chise-ids-ucs-basic,352e13378e411c322cfa16bfd7a6d21d670d7eca,source-attested,unreviewed,GPL-2.0-or-later
掌,⿱𫩠手,⿱,top-bottom,𫩠|手,component-2ba60|component-624b,𫩠|手,2,2,chise-ids-ucs-basic,352e13378e411c322cfa16bfd7a6d21d670d7eca,source-attested,unreviewed,GPL-2.0-or-later
必,必,,single,必,component-5fc5,必,1,1,chise-ids-ucs-basic,352e13378e411c322cfa16bfd7a6d21d670d7eca,source-attested,unreviewed,GPL-2.0-or-later
守,⿱宀寸,⿱,top-bottom,宀|寸,component-5b80|component-5bf8,宀|寸,2,2,chise-ids-ucs-basic,352e13378e411c322cfa16bfd7a6d21d670d7eca,source-attested,unreviewed,GPL-2.0-or-later
波,⿰氵皮,⿰,left-right,氵|皮,component-6c35|component-76ae,氵|皮,2,2,chise-ids-ucs-basic,352e13378e411c322cfa16bfd7a6d21d670d7eca,source-attested,unreviewed,GPL-2.0-or-later
省,⿱少目,⿱,top-bottom,少|目,component-5c11|component-76ee,少|目,2,2,chise-ids-ucs-basic,352e13378e411c322cfa16bfd7a6d21d670d7eca,source-attested,unreviewed,GPL-2.0-or-later
腿,⿰⺼退,⿰,left-right,⺼|退,component-2ebc|component-9000,⺼|退,2,2,chise-ids-ucs-basic,352e13378e411c322cfa16bfd7a6d21d670d7eca,source-attested,unreviewed,GPL-2.0-or-later
餅,⿰飠并,⿰,left-right,飠|并,component-98e0|component-5e76,飠|并,2,2,chise-ids-ucs-basic,352e13378e411c322cfa16bfd7a6d21d670d7eca,source-attested,unreviewed,GPL-2.0-or-later
幸,⿱土𢆉,⿱,top-bottom,土|𢆉,component-571f|component-22189,土|𢆉,2,2,chise-ids-ucs-basic,352e13378e411c322cfa16bfd7a6d21d670d7eca,source-attested,unreviewed,GPL-2.0-or-later
夠,⿰多句,⿰,left-right,多|句,component-591a|component-53e5,多|句,2,2,chise-ids-ucs-basic,352e13378e411c322cfa16bfd7a6d21d670d7eca,source-attested,unreviewed,GPL-2.0-or-later
晨,⿱日辰,⿱,top-bottom,日|辰,component-65e5|component-8fb0,日|辰,2,2,chise-ids-ucs-basic,352e13378e411c322cfa16bfd7a6d21d670d7eca,source-attested,unreviewed,GPL-2.0-or-later
橫,⿰木黃,⿰,left-right,木|黃,component-6728|component-9ec3,木|黃,2,2,chise-ids-ucs-basic,352e13378e411c322cfa16bfd7a6d21d670d7eca,source-attested,unreviewed,GPL-2.0-or-later
姐,⿰女且,⿰,left-right,女|且,component-5973|component-4e14,女|且,2,2,chise-ids-ucs-basic,352e13378e411c322cfa16bfd7a6d21d670d7eca,source-attested,unreviewed,GPL-2.0-or-later
撥,⿰扌發,⿰,left-right,扌|發,component-624c|component-767c,扌|發,2,2,chise-ids-ucs-basic,352e13378e411c322cfa16bfd7a6d21d670d7eca,source-attested,unreviewed,GPL-2.0-or-later
依,⿰亻衣,⿰,left-right,亻|衣,component-4ebb|component-8863,亻|衣,2,2,chise-ids-ucs-basic,352e13378e411c322cfa16bfd7a6d21d670d7eca,source-attested,unreviewed,GPL-2.0-or-later
姑,⿰女古,⿰,left-right,女|古,component-5973|component-53e4,女|古,2,2,chise-ids-ucs-basic,352e13378e411c322cfa16bfd7a6d21d670d7eca,source-attested,unreviewed,GPL-2.0-or-later
糖,⿰米唐,⿰,left-right,米|唐,component-7c73|component-5510,米|唐,2,2,chise-ids-ucs-basic,352e13378e411c322cfa16bfd7a6d21d670d7eca,source-attested,unreviewed,GPL-2.0-or-later
蘭,⿱艹闌,⿱,top-bottom,艹|闌,component-8279|component-95cc,艹|闌,2,2,chise-ids-ucs-basic,352e13378e411c322cfa16bfd7a6d21d670d7eca,source-attested,unreviewed,GPL-2.0-or-later
久,久,,single,久,component-4e45,久,1,1,chise-ids-ucs-basic,352e13378e411c322cfa16bfd7a6d21d670d7eca,source-attested,unreviewed,GPL-2.0-or-later
究,⿱穴九,⿱,top-bottom,穴|九,component-7a74|component-4e5d,穴|九,2,2,chise-ids-ucs-basic,352e13378e411c322cfa16bfd7a6d21d670d7eca,source-attested,unreviewed,GPL-2.0-or-later
虎,⿸虍儿,⿸,surround,虍|儿,component-864d|component-513f,虍|儿,2,2,chise-ids-ucs-basic,352e13378e411c322cfa16bfd7a6d21d670d7eca,source-attested,unreviewed,GPL-2.0-or-later
橡,⿰木象,⿰,left-right,木|象,component-6728|component-8c61,木|象,2,2,chise-ids-ucs-basic,352e13378e411c322cfa16bfd7a6d21d670d7eca,source-attested,unreviewed,GPL-2.0-or-later
司,⿹𠃌𠮛,⿹,surround,𠃌|𠮛,component-200cc|component-20b9b,𠃌|𠮛,2,2,chise-ids-ucs-basic,352e13378e411c322cfa16bfd7a6d21d670d7eca,source-attested,unreviewed,GPL-2.0-or-later
冰,⿰冫水,⿰,left-right,冫|水,component-51ab|component-6c34,冫|水,2,2,chise-ids-ucs-basic,352e13378e411c322cfa16bfd7a6d21d670d7eca,source-attested,unreviewed,GPL-2.0-or-later
稍,⿰禾肖,⿰,left-right,禾|肖,component-79be|component-8096,禾|肖,2,2,chise-ids-ucs-basic,352e13378e411c322cfa16bfd7a6d21d670d7eca,source-attested,unreviewed,GPL-2.0-or-later
盡,⿱𭴘皿,⿱,top-bottom,𭴘|皿,component-2dd18|component-76bf,𭴘|皿,2,2,chise-ids-ucs-basic,352e13378e411c322cfa16bfd7a6d21d670d7eca,source-attested,unreviewed,GPL-2.0-or-later
湖,⿰氵胡,⿰,left-right,氵|胡,component-6c35|component-80e1,氵|胡,2,2,chise-ids-ucs-basic,352e13378e411c322cfa16bfd7a6d21d670d7eca,source-attested,unreviewed,GPL-2.0-or-later
訴,⿰言斥,⿰,left-right,言|斥,component-8a00|component-65a5,言|斥,2,2,chise-ids-ucs-basic,352e13378e411c322cfa16bfd7a6d21d670d7eca,source-attested,unreviewed,GPL-2.0-or-later
玉,玉,,single,玉,component-7389,玉,1,1,chise-ids-ucs-basic,352e13378e411c322cfa16bfd7a6d21d670d7eca,source-attested,unreviewed,GPL-2.0-or-later
值,⿰亻直,⿰,left-right,亻|直,component-4ebb|component-76f4,亻|直,2,2,chise-ids-ucs-basic,352e13378e411c322cfa16bfd7a6d21d670d7eca,source-attested,unreviewed,GPL-2.0-or-later
席,⿸广&CDP-8D40;,⿸,surround,广|&CDP-8D40;,component-5e7f|component-CDP-8D40,广|&CDP-8D40;,2,2,chise-ids-ucs-basic,352e13378e411c322cfa16bfd7a6d21d670d7eca,source-attested,unreviewed,GPL-2.0-or-later
基,⿱其土,⿱,top-bottom,其|土,component-5176|component-571f,其|土,2,2,chise-ids-ucs-basic,352e13378e411c322cfa16bfd7a6d21d670d7eca,source-attested,unreviewed,GPL-2.0-or-later
勢,⿱埶力,⿱,top-bottom,埶|力,component-57f6|component-529b,埶|力,2,2,chise-ids-ucs-basic,352e13378e411c322cfa16bfd7a6d21d670d7eca,source-attested,unreviewed,GPL-2.0-or-later
繞,⿰糸堯,⿰,left-right,糸|堯,component-7cf8|component-582f,糸|堯,2,2,chise-ids-ucs-basic,352e13378e411c322cfa16bfd7a6d21d670d7eca,source-attested,unreviewed,GPL-2.0-or-later
顏,⿰彥頁,⿰,left-right,彥|頁,component-5f65|component-9801,彥|頁,2,2,chise-ids-ucs-basic,352e13378e411c322cfa16bfd7a6d21d670d7eca,source-attested,unreviewed,GPL-2.0-or-later
夏,⿱𦣻夂,⿱,top-bottom,𦣻|夂,component-268fb|component-5902,𦣻|夂,2,2,chise-ids-ucs-basic,352e13378e411c322cfa16bfd7a6d21d670d7eca,source-attested,unreviewed,GPL-2.0-or-later
構,⿰木冓,⿰,left-right,木|冓,component-6728|component-5193,木|冓,2,2,chise-ids-ucs-basic,352e13378e411c322cfa16bfd7a6d21d670d7eca,source-attested,unreviewed,GPL-2.0-or-later
介,⿱𠆢&CDP-89AB;,⿱,top-bottom,𠆢|&CDP-89AB;,component-201a2|component-CDP-89AB,𠆢|&CDP-89AB;,2,2,chise-ids-ucs-basic,352e13378e411c322cfa16bfd7a6d21d670d7eca,source-attested,unreviewed,GPL-2.0-or-later
岸,⿱山厈,⿱,top-bottom,山|厈,component-5c71|component-5388,山|厈,2,2,chise-ids-ucs-basic,352e13378e411c322cfa16bfd7a6d21d670d7eca,source-attested,unreviewed,GPL-2.0-or-later
鏡,⿰金竟,⿰,left-right,金|竟,component-91d1|component-7adf,金|竟,2,2,chise-ids-ucs-basic,352e13378e411c322cfa16bfd7a6d21d670d7eca,source-attested,unreviewed,GPL-2.0-or-later
狗,⿰犭句,⿰,left-right,犭|句,component-72ad|component-53e5,犭|句,2,2,chise-ids-ucs-basic,352e13378e411c322cfa16bfd7a6d21d670d7eca,source-attested,unreviewed,GPL-2.0-or-later
棒,⿰木奉,⿰,left-right,木|奉,component-6728|component-5949,木|奉,2,2,chise-ids-ucs-basic,352e13378e411c322cfa16bfd7a6d21d670d7eca,source-attested,unreviewed,GPL-2.0-or-later
微,⿲彳𡵉攵,⿲,left-right,彳|𡵉|攵,component-5f73|component-21d49|component-6535,彳|𡵉|攵,3,3,chise-ids-ucs-basic,352e13378e411c322cfa16bfd7a6d21d670d7eca,source-attested,unreviewed,GPL-2.0-or-later
浪,⿰氵良,⿰,left-right,氵|良,component-6c35|component-826f,氵|良,2,2,chise-ids-ucs-basic,352e13378e411c322cfa16bfd7a6d21d670d7eca,source-attested,unreviewed,GPL-2.0-or-later
梨,⿱利木,⿱,top-bottom,利|木,component-5229|component-6728,利|木,2,2,chise-ids-ucs-basic,352e13378e411c322cfa16bfd7a6d21d670d7eca,source-attested,unreviewed,GPL-2.0-or-later
蛙,⿰虫圭,⿰,left-right,虫|圭,component-866b|component-572d,虫|圭,2,2,chise-ids-ucs-basic,352e13378e411c322cfa16bfd7a6d21d670d7eca,source-attested,unreviewed,GPL-2.0-or-later
永,永,,single,永,component-6c38,永,1,1,chise-ids-ucs-basic,352e13378e411c322cfa16bfd7a6d21d670d7eca,source-attested,unreviewed,GPL-2.0-or-later
阿,⿰⻖可,⿰,left-right,⻖|可,component-2ed6|component-53ef,⻖|可,2,2,chise-ids-ucs-basic,352e13378e411c322cfa16bfd7a6d21d670d7eca,source-attested,unreviewed,GPL-2.0-or-later
甜,⿰舌甘,⿰,left-right,舌|甘,component-820c|component-7518,舌|甘,2,2,chise-ids-ucs-basic,352e13378e411c322cfa16bfd7a6d21d670d7eca,source-attested,unreviewed,GPL-2.0-or-later
評,⿰言平,⿰,left-right,言|平,component-8a00|component-5e73,言|平,2,2,chise-ids-ucs-basic,352e13378e411c322cfa16bfd7a6d21d670d7eca,source-attested,unreviewed,GPL-2.0-or-later
樓,⿰木婁,⿰,left-right,木|婁,component-6728|component-5a41,木|婁,2,2,chise-ids-ucs-basic,352e13378e411c322cfa16bfd7a6d21d670d7eca,source-attested,unreviewed,GPL-2.0-or-later
禮,⿰示豊,⿰,left-right,示|豊,component-793a|component-8c4a,示|豊,2,2,chise-ids-ucs-basic,352e13378e411c322cfa16bfd7a6d21d670d7eca,source-attested,unreviewed,GPL-2.0-or-later
顯,⿰㬎頁,⿰,left-right,㬎|頁,component-3b0e|component-9801,㬎|頁,2,2,chise-ids-ucs-basic,352e13378e411c322cfa16bfd7a6d21d670d7eca,source-attested,unreviewed,GPL-2.0-or-later
抗,⿰扌亢,⿰,left-right,扌|亢,component-624c|component-4ea2,扌|亢,2,2,chise-ids-ucs-basic,352e13378e411c322cfa16bfd7a6d21d670d7eca,source-attested,unreviewed,GPL-2.0-or-later
趣,⿺走取,⿺,surround,走|取,component-8d70|component-53d6,走|取,2,2,chise-ids-ucs-basic,352e13378e411c322cfa16bfd7a6d21d670d7eca,source-attested,unreviewed,GPL-2.0-or-later
羅,⿱罒維,⿱,top-bottom,罒|維,component-7f52|component-7dad,罒|維,2,2,chise-ids-ucs-basic,352e13378e411c322cfa16bfd7a6d21d670d7eca,source-attested,unreviewed,GPL-2.0-or-later
灰,⿸𠂇火,⿸,surround,𠂇|火,component-20087|component-706b,𠂇|火,2,2,chise-ids-ucs-basic,352e13378e411c322cfa16bfd7a6d21d670d7eca,source-attested,unreviewed,GPL-2.0-or-later
柴,⿱此木,⿱,top-bottom,此|木,component-6b64|component-6728,此|木,2,2,chise-ids-ucs-basic,352e13378e411c322cfa16bfd7a6d21d670d7eca,source-attested,unreviewed,GPL-2.0-or-later
桃,⿰木兆,⿰,left-right,木|兆,component-6728|component-5146,木|兆,2,2,chise-ids-ucs-basic,352e13378e411c322cfa16bfd7a6d21d670d7eca,source-attested,unreviewed,GPL-2.0-or-later
窗,⿱穴囱,⿱,top-bottom,穴|囱,component-7a74|component-56f1,穴|囱,2,2,chise-ids-ucs-basic,352e13378e411c322cfa16bfd7a6d21d670d7eca,source-attested,unreviewed,GPL-2.0-or-later
池,⿰氵也,⿰,left-right,氵|也,component-6c35|component-4e5f,氵|也,2,2,chise-ids-ucs-basic,352e13378e411c322cfa16bfd7a6d21d670d7eca,source-attested,unreviewed,GPL-2.0-or-later
判,⿰半刂,⿰,left-right,半|刂,component-534a|component-5202,半|刂,2,2,chise-ids-ucs-basic,352e13378e411c322cfa16bfd7a6d21d670d7eca,source-attested,unreviewed,GPL-2.0-or-later
忽,⿱勿心,⿱,top-bottom,勿|心,component-52ff|component-5fc3,勿|心,2,2,chise-ids-ucs-basic,352e13378e411c322cfa16bfd7a6d21d670d7eca,source-attested,unreviewed,GPL-2.0-or-later
厚,⿸厂㫗,⿸,surround,厂|㫗,component-5382|component-3ad7,厂|㫗,2,2,chise-ids-ucs-basic,352e13378e411c322cfa16bfd7a6d21d670d7eca,source-attested,unreviewed,GPL-2.0-or-later
創,⿰倉刂,⿰,left-right,倉|刂,component-5009|component-5202,倉|刂,2,2,chise-ids-ucs-basic,352e13378e411c322cfa16bfd7a6d21d670d7eca,source-attested,unreviewed,GPL-2.0-or-later
預,⿰予頁,⿰,left-right,予|頁,component-4e88|component-9801,予|頁,2,2,chise-ids-ucs-basic,352e13378e411c322cfa16bfd7a6d21d670d7eca,source-attested,unreviewed,GPL-2.0-or-later
鋒,⿰金夆,⿰,left-right,金|夆,component-91d1|component-5906,金|夆,2,2,chise-ids-ucs-basic,352e13378e411c322cfa16bfd7a6d21d670d7eca,source-attested,unreviewed,GPL-2.0-or-later
妹,⿰女未,⿰,left-right,女|未,component-5973|component-672a,女|未,2,2,chise-ids-ucs-basic,352e13378e411c322cfa16bfd7a6d21d670d7eca,source-attested,unreviewed,GPL-2.0-or-later
娘,⿰女良,⿰,left-right,女|良,component-5973|component-826f,女|良,2,2,chise-ids-ucs-basic,352e13378e411c322cfa16bfd7a6d21d670d7eca,source-attested,unreviewed,GPL-2.0-or-later
章,⿴辛日,⿴,surround,辛|日,component-8f9b|component-65e5,辛|日,2,2,chise-ids-ucs-basic,352e13378e411c322cfa16bfd7a6d21d670d7eca,source-attested,unreviewed,GPL-2.0-or-later
暖,⿰日爰,⿰,left-right,日|爰,component-65e5|component-7230,日|爰,2,2,chise-ids-ucs-basic,352e13378e411c322cfa16bfd7a6d21d670d7eca,source-attested,unreviewed,GPL-2.0-or-later
彎,⿱䜌弓,⿱,top-bottom,䜌|弓,component-470c|component-5f13,䜌|弓,2,2,chise-ids-ucs-basic,352e13378e411c322cfa16bfd7a6d21d670d7eca,source-attested,unreviewed,GPL-2.0-or-later
飯,⿰飠反,⿰,left-right,飠|反,component-98e0|component-53cd,飠|反,2,2,chise-ids-ucs-basic,352e13378e411c322cfa16bfd7a6d21d670d7eca,source-attested,unreviewed,GPL-2.0-or-later
僅,⿰亻堇,⿰,left-right,亻|堇,component-4ebb|component-5807,亻|堇,2,2,chise-ids-ucs-basic,352e13378e411c322cfa16bfd7a6d21d670d7eca,source-attested,unreviewed,GPL-2.0-or-later
箭,⿱竹前,⿱,top-bottom,竹|前,component-7af9|component-524d,竹|前,2,2,chise-ids-ucs-basic,352e13378e411c322cfa16bfd7a6d21d670d7eca,source-attested,unreviewed,GPL-2.0-or-later
鵝,⿰我鳥,⿰,left-right,我|鳥,component-6211|component-9ce5,我|鳥,2,2,chise-ids-ucs-basic,352e13378e411c322cfa16bfd7a6d21d670d7eca,source-attested,unreviewed,GPL-2.0-or-later
即,⿰&CDP-8B7C;卩,⿰,left-right,&CDP-8B7C;|卩,component-CDP-8B7C|component-5369,&CDP-8B7C;|卩,2,2,chise-ids-ucs-basic,352e13378e411c322cfa16bfd7a6d21d670d7eca,source-attested,unreviewed,GPL-2.0-or-later
玻,⿰𤣩皮,⿰,left-right,𤣩|皮,component-248e9|component-76ae,𤣩|皮,2,2,chise-ids-ucs-basic,352e13378e411c322cfa16bfd7a6d21d670d7eca,source-attested,unreviewed,GPL-2.0-or-later
麻,⿸广林,⿸,surround,广|林,component-5e7f|component-6797,广|林,2,2,chise-ids-ucs-basic,352e13378e411c322cfa16bfd7a6d21d670d7eca,source-attested,unreviewed,GPL-2.0-or-later
絕,⿰糸&CDP-8CEA;,⿰,left-right,糸|&CDP-8CEA;,component-7cf8|component-CDP-8CEA,糸|&CDP-8CEA;,2,2,chise-ids-ucs-basic,352e13378e411c322cfa16bfd7a6d21d670d7eca,source-attested,unreviewed,GPL-2.0-or-later
嗨,⿰口海,⿰,left-right,口|海,component-53e3|component-6d77,口|海,2,2,chise-ids-ucs-basic,352e13378e411c322cfa16bfd7a6d21d670d7eca,source-attested,unreviewed,GPL-2.0-or-later
敬,⿰苟攵,⿰,left-right,苟|攵,component-82df|component-6535,苟|攵,2,2,chise-ids-ucs-basic,352e13378e411c322cfa16bfd7a6d21d670d7eca,source-attested,unreviewed,GPL-2.0-or-later
璃,⿰𤣩离,⿰,left-right,𤣩|离,component-248e9|component-79bb,𤣩|离,2,2,chise-ids-ucs-basic,352e13378e411c322cfa16bfd7a6d21d670d7eca,source-attested,unreviewed,GPL-2.0-or-later
洞,⿰氵同,⿰,left-right,氵|同,component-6c35|component-540c,氵|同,2,2,chise-ids-ucs-basic,352e13378e411c322cfa16bfd7a6d21d670d7eca,source-attested,unreviewed,GPL-2.0-or-later
述,⿺辶术,⿺,surround,辶|术,component-8fb6|component-672f,辶|术,2,2,chise-ids-ucs-basic,352e13378e411c322cfa16bfd7a6d21d670d7eca,source-attested,unreviewed,GPL-2.0-or-later
鼠,鼠,,single,鼠,component-9f20,鼠,1,1,chise-ids-ucs-basic,352e13378e411c322cfa16bfd7a6d21d670d7eca,source-attested,unreviewed,GPL-2.0-or-later
壁,⿱辟土,⿱,top-bottom,辟|土,component-8f9f|component-571f,辟|土,2,2,chise-ids-ucs-basic,352e13378e411c322cfa16bfd7a6d21d670d7eca,source-attested,unreviewed,GPL-2.0-or-later
檢,⿰木僉,⿰,left-right,木|僉,component-6728|component-50c9,木|僉,2,2,chise-ids-ucs-basic,352e13378e411c322cfa16bfd7a6d21d670d7eca,source-attested,unreviewed,GPL-2.0-or-later
翻,⿰番羽,⿰,left-right,番|羽,component-756a|component-7fbd,番|羽,2,2,chise-ids-ucs-basic,352e13378e411c322cfa16bfd7a6d21d670d7eca,source-attested,unreviewed,GPL-2.0-or-later
顧,⿰雇頁,⿰,left-right,雇|頁,component-96c7|component-9801,雇|頁,2,2,chise-ids-ucs-basic,352e13378e411c322cfa16bfd7a6d21d670d7eca,source-attested,unreviewed,GPL-2.0-or-later
巾,巾,,single,巾,component-5dfe,巾,1,1,chise-ids-ucs-basic,352e13378e411c322cfa16bfd7a6d21d670d7eca,source-attested,unreviewed,GPL-2.0-or-later
充,⿱亠允,⿱,top-bottom,亠|允,component-4ea0|component-5141,亠|允,2,2,chise-ids-ucs-basic,352e13378e411c322cfa16bfd7a6d21d670d7eca,source-attested,unreviewed,GPL-2.0-or-later
抓,⿰扌爪,⿰,left-right,扌|爪,component-624c|component-722a,扌|爪,2,2,chise-ids-ucs-basic,352e13378e411c322cfa16bfd7a6d21d670d7eca,source-attested,unreviewed,GPL-2.0-or-later
篇,⿱竹扁,⿱,top-bottom,竹|扁,component-7af9|component-6241,竹|扁,2,2,chise-ids-ucs-basic,352e13378e411c322cfa16bfd7a6d21d670d7eca,source-attested,unreviewed,GPL-2.0-or-later
謝,⿰言射,⿰,left-right,言|射,component-8a00|component-5c04,言|射,2,2,chise-ids-ucs-basic,352e13378e411c322cfa16bfd7a6d21d670d7eca,source-attested,unreviewed,GPL-2.0-or-later
糧,⿰米量,⿰,left-right,米|量,component-7c73|component-91cf,米|量,2,2,chise-ids-ucs-basic,352e13378e411c322cfa16bfd7a6d21d670d7eca,source-attested,unreviewed,GPL-2.0-or-later
騎,⿰馬奇,⿰,left-right,馬|奇,component-99ac|component-5947,馬|奇,2,2,chise-ids-ucs-basic,352e13378e411c322cfa16bfd7a6d21d670d7eca,source-attested,unreviewed,GPL-2.0-or-later
蘇,⿱艹穌,⿱,top-bottom,艹|穌,component-8279|component-7a4c,艹|穌,2,2,chise-ids-ucs-basic,352e13378e411c322cfa16bfd7a6d21d670d7eca,source-attested,unreviewed,GPL-2.0-or-later
官,⿱宀㠯,⿱,top-bottom,宀|㠯,component-5b80|component-382f,宀|㠯,2,2,chise-ids-ucs-basic,352e13378e411c322cfa16bfd7a6d21d670d7eca,source-attested,unreviewed,GPL-2.0-or-later
偉,⿰亻韋,⿰,left-right,亻|韋,component-4ebb|component-97cb,亻|韋,2,2,chise-ids-ucs-basic,352e13378e411c322cfa16bfd7a6d21d670d7eca,source-attested,unreviewed,GPL-2.0-or-later
婆,⿱波女,⿱,top-bottom,波|女,component-6ce2|component-5973,波|女,2,2,chise-ids-ucs-basic,352e13378e411c322cfa16bfd7a6d21d670d7eca,source-attested,unreviewed,GPL-2.0-or-later
摸,⿰扌莫,⿰,left-right,扌|莫,component-624c|component-83ab,扌|莫,2,2,chise-ids-ucs-basic,352e13378e411c322cfa16bfd7a6d21d670d7eca,source-attested,unreviewed,GPL-2.0-or-later
伸,⿰亻申,⿰,left-right,亻|申,component-4ebb|component-7533,亻|申,2,2,chise-ids-ucs-basic,352e13378e411c322cfa16bfd7a6d21d670d7eca,source-attested,unreviewed,GPL-2.0-or-later
豆,⿱一⿱口䒑,⿱,top-bottom,一|口|䒑,component-4e00|component-53e3|component-4491,一|口|䒑,3,3,chise-ids-ucs-basic,352e13378e411c322cfa16bfd7a6d21d670d7eca,source-attested,unreviewed,GPL-2.0-or-later
沿,⿰氵⿱几口,⿰,left-right,氵|几|口,component-6c35|component-51e0|component-53e3,氵|几|口,3,3,chise-ids-ucs-basic,352e13378e411c322cfa16bfd7a6d21d670d7eca,source-attested,unreviewed,GPL-2.0-or-later
貨,⿱化貝,⿱,top-bottom,化|貝,component-5316|component-8c9d,化|貝,2,2,chise-ids-ucs-basic,352e13378e411c322cfa16bfd7a6d21d670d7eca,source-attested,unreviewed,GPL-2.0-or-later
壓,⿱厭土,⿱,top-bottom,厭|土,component-53ad|component-571f,厭|土,2,2,chise-ids-ucs-basic,352e13378e411c322cfa16bfd7a6d21d670d7eca,source-attested,unreviewed,GPL-2.0-or-later
礦,⿰石廣,⿰,left-right,石|廣,component-77f3|component-5ee3,石|廣,2,2,chise-ids-ucs-basic,352e13378e411c322cfa16bfd7a6d21d670d7eca,source-attested,unreviewed,GPL-2.0-or-later
宇,⿱宀于,⿱,top-bottom,宀|于,component-5b80|component-4e8e,宀|于,2,2,chise-ids-ucs-basic,352e13378e411c322cfa16bfd7a6d21d670d7eca,source-attested,unreviewed,GPL-2.0-or-later
移,⿰禾多,⿰,left-right,禾|多,component-79be|component-591a,禾|多,2,2,chise-ids-ucs-basic,352e13378e411c322cfa16bfd7a6d21d670d7eca,source-attested,unreviewed,GPL-2.0-or-later
止,止,,single,止,component-6b62,止,1,1,chise-ids-ucs-basic,352e13378e411c322cfa16bfd7a6d21d670d7eca,source-attested,unreviewed,GPL-2.0-or-later
居,⿸尸古,⿸,surround,尸|古,component-5c38|component-53e4,尸|古,2,2,chise-ids-ucs-basic,352e13378e411c322cfa16bfd7a6d21d670d7eca,source-attested,unreviewed,GPL-2.0-or-later
拖,⿰扌㐌,⿰,left-right,扌|㐌,component-624c|component-340c,扌|㐌,2,2,chise-ids-ucs-basic,352e13378e411c322cfa16bfd7a6d21d670d7eca,source-attested,unreviewed,GPL-2.0-or-later
境,⿰土竟,⿰,left-right,土|竟,component-571f|component-7adf,土|竟,2,2,chise-ids-ucs-basic,352e13378e411c322cfa16bfd7a6d21d670d7eca,source-attested,unreviewed,GPL-2.0-or-later
豐,⿱𠁳豆,⿱,top-bottom,𠁳|豆,component-20073|component-8c46,𠁳|豆,2,2,chise-ids-ucs-basic,352e13378e411c322cfa16bfd7a6d21d670d7eca,source-attested,unreviewed,GPL-2.0-or-later
刀,刀,,single,刀,component-5200,刀,1,1,chise-ids-ucs-basic,352e13378e411c322cfa16bfd7a6d21d670d7eca,source-attested,unreviewed,GPL-2.0-or-later
壯,⿰爿士,⿰,left-right,爿|士,component-723f|component-58eb,爿|士,2,2,chise-ids-ucs-basic,352e13378e411c322cfa16bfd7a6d21d670d7eca,source-attested,unreviewed,GPL-2.0-or-later
迎,⿺辶卬,⿺,surround,辶|卬,component-8fb6|component-536c,辶|卬,2,2,chise-ids-ucs-basic,352e13378e411c322cfa16bfd7a6d21d670d7eca,source-attested,unreviewed,GPL-2.0-or-later
降,⿰⻖夅,⿰,left-right,⻖|夅,component-2ed6|component-5905,⻖|夅,2,2,chise-ids-ucs-basic,352e13378e411c322cfa16bfd7a6d21d670d7eca,source-attested,unreviewed,GPL-2.0-or-later
退,⿺辶艮,⿺,surround,辶|艮,component-8fb6|component-826e,辶|艮,2,2,chise-ids-ucs-basic,352e13378e411c322cfa16bfd7a6d21d670d7eca,source-attested,unreviewed,GPL-2.0-or-later
搬,⿰扌般,⿰,left-right,扌|般,component-624c|component-822c,扌|般,2,2,chise-ids-ucs-basic,352e13378e411c322cfa16bfd7a6d21d670d7eca,source-attested,unreviewed,GPL-2.0-or-later
播,⿰扌番,⿰,left-right,扌|番,component-624c|component-756a,扌|番,2,2,chise-ids-ucs-basic,352e13378e411c322cfa16bfd7a6d21d670d7eca,source-attested,unreviewed,GPL-2.0-or-later
掛,⿰扌卦,⿰,left-right,扌|卦,component-624c|component-5366,扌|卦,2,2,chise-ids-ucs-basic,352e13378e411c322cfa16bfd7a6d21d670d7eca,source-attested,unreviewed,GPL-2.0-or-later
傅,⿰亻尃,⿰,left-right,亻|尃,component-4ebb|component-5c03,亻|尃,2,2,chise-ids-ucs-basic,352e13378e411c322cfa16bfd7a6d21d670d7eca,source-attested,unreviewed,GPL-2.0-or-later
趙,⿺走肖,⿺,surround,走|肖,component-8d70|component-8096,走|肖,2,2,chise-ids-ucs-basic,352e13378e411c322cfa16bfd7a6d21d670d7eca,source-attested,unreviewed,GPL-2.0-or-later
激,⿰氵敫,⿰,left-right,氵|敫,component-6c35|component-656b,氵|敫,2,2,chise-ids-ucs-basic,352e13378e411c322cfa16bfd7a6d21d670d7eca,source-attested,unreviewed,GPL-2.0-or-later
磨,⿸麻石,⿸,surround,麻|石,component-9ebb|component-77f3,麻|石,2,2,chise-ids-ucs-basic,352e13378e411c322cfa16bfd7a6d21d670d7eca,source-attested,unreviewed,GPL-2.0-or-later
擦,⿰扌察,⿰,left-right,扌|察,component-624c|component-5bdf,扌|察,2,2,chise-ids-ucs-basic,352e13378e411c322cfa16bfd7a6d21d670d7eca,source-attested,unreviewed,GPL-2.0-or-later
藝,⿱蓺云,⿱,top-bottom,蓺|云,component-84fa|component-4e91,蓺|云,2,2,chise-ids-ucs-basic,352e13378e411c322cfa16bfd7a6d21d670d7eca,source-attested,unreviewed,GPL-2.0-or-later
仿,⿰亻方,⿰,left-right,亻|方,component-4ebb|component-65b9,亻|方,2,2,chise-ids-ucs-basic,352e13378e411c322cfa16bfd7a6d21d670d7eca,source-attested,unreviewed,GPL-2.0-or-later
何,⿰亻可,⿰,left-right,亻|可,component-4ebb|component-53ef,亻|可,2,2,chise-ids-ucs-basic,352e13378e411c322cfa16bfd7a6d21d670d7eca,source-attested,unreviewed,GPL-2.0-or-later
衝,⿴行重,⿴,surround,行|重,component-884c|component-91cd,行|重,2,2,chise-ids-ucs-basic,352e13378e411c322cfa16bfd7a6d21d670d7eca,source-attested,unreviewed,GPL-2.0-or-later
狼,⿰犭良,⿰,left-right,犭|良,component-72ad|component-826f,犭|良,2,2,chise-ids-ucs-basic,352e13378e411c322cfa16bfd7a6d21d670d7eca,source-attested,unreviewed,GPL-2.0-or-later
堂,⿱𫩠土,⿱,top-bottom,𫩠|土,component-2ba60|component-571f,𫩠|土,2,2,chise-ids-ucs-basic,352e13378e411c322cfa16bfd7a6d21d670d7eca,source-attested,unreviewed,GPL-2.0-or-later
猴,⿰犭侯,⿰,left-right,犭|侯,component-72ad|component-4faf,犭|侯,2,2,chise-ids-ucs-basic,352e13378e411c322cfa16bfd7a6d21d670d7eca,source-attested,unreviewed,GPL-2.0-or-later
稜,⿰禾夌,⿰,left-right,禾|夌,component-79be|component-590c,禾|夌,2,2,chise-ids-ucs-basic,352e13378e411c322cfa16bfd7a6d21d670d7eca,source-attested,unreviewed,GPL-2.0-or-later
拼,⿰扌并,⿰,left-right,扌|并,component-624c|component-5e76,扌|并,2,2,chise-ids-ucs-basic,352e13378e411c322cfa16bfd7a6d21d670d7eca,source-attested,unreviewed,GPL-2.0-or-later
耕,⿰耒井,⿰,left-right,耒|井,component-8012|component-4e95,耒|井,2,2,chise-ids-ucs-basic,352e13378e411c322cfa16bfd7a6d21d670d7eca,source-attested,unreviewed,GPL-2.0-or-later
航,⿰舟亢,⿰,left-right,舟|亢,component-821f|component-4ea2,舟|亢,2,2,chise-ids-ucs-basic,352e13378e411c322cfa16bfd7a6d21d670d7eca,source-attested,unreviewed,GPL-2.0-or-later
專,⿱&CDP-8BD0;寸,⿱,top-bottom,&CDP-8BD0;|寸,component-CDP-8BD0|component-5bf8,&CDP-8BD0;|寸,2,2,chise-ids-ucs-basic,352e13378e411c322cfa16bfd7a6d21d670d7eca,source-attested,unreviewed,GPL-2.0-or-later
麥,⿱來&GT-K00207;,⿱,top-bottom,來|&GT-K00207;,component-4f86|component-GT-K00207,來|&GT-K00207;,2,2,chise-ids-ucs-basic,352e13378e411c322cfa16bfd7a6d21d670d7eca,source-attested,unreviewed,GPL-2.0-or-later
亂,⿰𤔔乚,⿰,left-right,𤔔|乚,component-24514|component-4e5a,𤔔|乚,2,2,chise-ids-ucs-basic,352e13378e411c322cfa16bfd7a6d21d670d7eca,source-attested,unreviewed,GPL-2.0-or-later
誦,⿰言甬,⿰,left-right,言|甬,component-8a00|component-752c,言|甬,2,2,chise-ids-ucs-basic,352e13378e411c322cfa16bfd7a6d21d670d7eca,source-attested,unreviewed,GPL-2.0-or-later
鼻,⿱自畀,⿱,top-bottom,自|畀,component-81ea|component-7540,自|畀,2,2,chise-ids-ucs-basic,352e13378e411c322cfa16bfd7a6d21d670d7eca,source-attested,unreviewed,GPL-2.0-or-later
雖,⿰虽隹,⿰,left-right,虽|隹,component-867d|component-96b9,虽|隹,2,2,chise-ids-ucs-basic,352e13378e411c322cfa16bfd7a6d21d670d7eca,source-attested,unreviewed,GPL-2.0-or-later
攻,⿰工攵,⿰,left-right,工|攵,component-5de5|component-6535,工|攵,2,2,chise-ids-ucs-basic,352e13378e411c322cfa16bfd7a6d21d670d7eca,source-attested,unreviewed,GPL-2.0-or-later
封,⿰圭寸,⿰,left-right,圭|寸,component-572d|component-5bf8,圭|寸,2,2,chise-ids-ucs-basic,352e13378e411c322cfa16bfd7a6d21d670d7eca,source-attested,unreviewed,GPL-2.0-or-later
梯,⿰木弟,⿰,left-right,木|弟,component-6728|component-5f1f,木|弟,2,2,chise-ids-ucs-basic,352e13378e411c322cfa16bfd7a6d21d670d7eca,source-attested,unreviewed,GPL-2.0-or-later
殺,⿰杀殳,⿰,left-right,杀|殳,component-6740|component-6bb3,杀|殳,2,2,chise-ids-ucs-basic,352e13378e411c322cfa16bfd7a6d21d670d7eca,source-attested,unreviewed,GPL-2.0-or-later
透,⿺辶秀,⿺,surround,辶|秀,component-8fb6|component-79c0,辶|秀,2,2,chise-ids-ucs-basic,352e13378e411c322cfa16bfd7a6d21d670d7eca,source-attested,unreviewed,GPL-2.0-or-later
滅,⿰氵烕,⿰,left-right,氵|烕,component-6c35|component-70d5,氵|烕,2,2,chise-ids-ucs-basic,352e13378e411c322cfa16bfd7a6d21d670d7eca,source-attested,unreviewed,GPL-2.0-or-later
頓,⿰屯頁,⿰,left-right,屯|頁,component-5c6f|component-9801,屯|頁,2,2,chise-ids-ucs-basic,352e13378e411c322cfa16bfd7a6d21d670d7eca,source-attested,unreviewed,GPL-2.0-or-later
窩,⿱穴咼,⿱,top-bottom,穴|咼,component-7a74|component-54bc,穴|咼,2,2,chise-ids-ucs-basic,352e13378e411c322cfa16bfd7a6d21d670d7eca,source-attested,unreviewed,GPL-2.0-or-later
蓋,⿱艹盍,⿱,top-bottom,艹|盍,component-8279|component-76cd,艹|盍,2,2,chise-ids-ucs-basic,352e13378e411c322cfa16bfd7a6d21d670d7eca,source-attested,unreviewed,GPL-2.0-or-later
劇,⿰豦刂,⿰,left-right,豦|刂,component-8c66|component-5202,豦|刂,2,2,chise-ids-ucs-basic,352e13378e411c322cfa16bfd7a6d21d670d7eca,source-attested,unreviewed,GPL-2.0-or-later
鞋,⿰革圭,⿰,left-right,革|圭,component-9769|component-572d,革|圭,2,2,chise-ids-ucs-basic,352e13378e411c322cfa16bfd7a6d21d670d7eca,source-attested,unreviewed,GPL-2.0-or-later
仔,⿰亻子,⿰,left-right,亻|子,component-4ebb|component-5b50,亻|子,2,2,chise-ids-ucs-basic,352e13378e411c322cfa16bfd7a6d21d670d7eca,source-attested,unreviewed,GPL-2.0-or-later
困,⿴囗木,⿴,surround,囗|木,component-56d7|component-6728,囗|木,2,2,chise-ids-ucs-basic,352e13378e411c322cfa16bfd7a6d21d670d7eca,source-attested,unreviewed,GPL-2.0-or-later
初,⿰衤刀,⿰,left-right,衤|刀,component-8864|component-5200,衤|刀,2,2,chise-ids-ucs-basic,352e13378e411c322cfa16bfd7a6d21d670d7eca,source-attested,unreviewed,GPL-2.0-or-later
消,⿰氵肖,⿰,left-right,氵|肖,component-6c35|component-8096,氵|肖,2,2,chise-ids-ucs-basic,352e13378e411c322cfa16bfd7a6d21d670d7eca,source-attested,unreviewed,GPL-2.0-or-later
嘰,⿰口幾,⿰,left-right,口|幾,component-53e3|component-5e7e,口|幾,2,2,chise-ids-ucs-basic,352e13378e411c322cfa16bfd7a6d21d670d7eca,source-attested,unreviewed,GPL-2.0-or-later
魯,⿱魚日,⿱,top-bottom,魚|日,component-9b5a|component-65e5,魚|日,2,2,chise-ids-ucs-basic,352e13378e411c322cfa16bfd7a6d21d670d7eca,source-attested,unreviewed,GPL-2.0-or-later
未,未,,single,未,component-672a,未,1,1,chise-ids-ucs-basic,352e13378e411c322cfa16bfd7a6d21d670d7eca,source-attested,unreviewed,GPL-2.0-or-later
穀,⿰&CDP-8D78;殳,⿰,left-right,&CDP-8D78;|殳,component-CDP-8D78|component-6bb3,&CDP-8D78;|殳,2,2,chise-ids-ucs-basic,352e13378e411c322cfa16bfd7a6d21d670d7eca,source-attested,unreviewed,GPL-2.0-or-later
掃,⿰扌帚,⿰,left-right,扌|帚,component-624c|component-5e1a,扌|帚,2,2,chise-ids-ucs-basic,352e13378e411c322cfa16bfd7a6d21d670d7eca,source-attested,unreviewed,GPL-2.0-or-later
鉛,⿰金⿱𠘧口,⿰,left-right,金|𠘧|口,component-91d1|component-20627|component-53e3,金|𠘧|口,3,3,chise-ids-ucs-basic,352e13378e411c322cfa16bfd7a6d21d670d7eca,source-attested,unreviewed,GPL-2.0-or-later
漁,⿰氵魚,⿰,left-right,氵|魚,component-6c35|component-9b5a,氵|魚,2,2,chise-ids-ucs-basic,352e13378e411c322cfa16bfd7a6d21d670d7eca,source-attested,unreviewed,GPL-2.0-or-later
誤,⿰言吳,⿰,left-right,言|吳,component-8a00|component-5433,言|吳,2,2,chise-ids-ucs-basic,352e13378e411c322cfa16bfd7a6d21d670d7eca,source-attested,unreviewed,GPL-2.0-or-later
職,⿰耳戠,⿰,left-right,耳|戠,component-8033|component-6220,耳|戠,2,2,chise-ids-ucs-basic,352e13378e411c322cfa16bfd7a6d21d670d7eca,source-attested,unreviewed,GPL-2.0-or-later
藥,⿱艹樂,⿱,top-bottom,艹|樂,component-8279|component-6a02,艹|樂,2,2,chise-ids-ucs-basic,352e13378e411c322cfa16bfd7a6d21d670d7eca,source-attested,unreviewed,GPL-2.0-or-later
制,⿰&CDP-89EC;刂,⿰,left-right,&CDP-89EC;|刂,component-CDP-89EC|component-5202,&CDP-89EC;|刂,2,2,chise-ids-ucs-basic,352e13378e411c322cfa16bfd7a6d21d670d7eca,source-attested,unreviewed,GPL-2.0-or-later
杯,⿰木不,⿰,left-right,木|不,component-6728|component-4e0d,木|不,2,2,chise-ids-ucs-basic,352e13378e411c322cfa16bfd7a6d21d670d7eca,source-attested,unreviewed,GPL-2.0-or-later
針,⿰金十,⿰,left-right,金|十,component-91d1|component-5341,金|十,2,2,chise-ids-ucs-basic,352e13378e411c322cfa16bfd7a6d21d670d7eca,source-attested,unreviewed,GPL-2.0-or-later
揮,⿰扌軍,⿰,left-right,扌|軍,component-624c|component-8ecd,扌|軍,2,2,chise-ids-ucs-basic,352e13378e411c322cfa16bfd7a6d21d670d7eca,source-attested,unreviewed,GPL-2.0-or-later
蒙,⿱艹冡,⿱,top-bottom,艹|冡,component-8279|component-51a1,艹|冡,2,2,chise-ids-ucs-basic,352e13378e411c322cfa16bfd7a6d21d670d7eca,source-attested,unreviewed,GPL-2.0-or-later
醫,⿱殹酉,⿱,top-bottom,殹|酉,component-6bb9|component-9149,殹|酉,2,2,chise-ids-ucs-basic,352e13378e411c322cfa16bfd7a6d21d670d7eca,source-attested,unreviewed,GPL-2.0-or-later
孔,⿰子乚,⿰,left-right,子|乚,component-5b50|component-4e5a,子|乚,2,2,chise-ids-ucs-basic,352e13378e411c322cfa16bfd7a6d21d670d7eca,source-attested,unreviewed,GPL-2.0-or-later
束,束,,single,束,component-675f,束,1,1,chise-ids-ucs-basic,352e13378e411c322cfa16bfd7a6d21d670d7eca,source-attested,unreviewed,GPL-2.0-or-later
胡,⿰古月,⿰,left-right,古|月,component-53e4|component-6708,古|月,2,2,chise-ids-ucs-basic,352e13378e411c322cfa16bfd7a6d21d670d7eca,source-attested,unreviewed,GPL-2.0-or-later
島,⿹&CDP-8CBB;山,⿹,surround,&CDP-8CBB;|山,component-CDP-8CBB|component-5c71,&CDP-8CBB;|山,2,2,chise-ids-ucs-basic,352e13378e411c322cfa16bfd7a6d21d670d7eca,source-attested,unreviewed,GPL-2.0-or-later
案,⿱安木,⿱,top-bottom,安|木,component-5b89|component-6728,安|木,2,2,chise-ids-ucs-basic,352e13378e411c322cfa16bfd7a6d21d670d7eca,source-attested,unreviewed,GPL-2.0-or-later
訣,⿰言夬,⿰,left-right,言|夬,component-8a00|component-592c,言|夬,2,2,chise-ids-ucs-basic,352e13378e411c322cfa16bfd7a6d21d670d7eca,source-attested,unreviewed,GPL-2.0-or-later
握,⿰扌屋,⿰,left-right,扌|屋,component-624c|component-5c4b,扌|屋,2,2,chise-ids-ucs-basic,352e13378e411c322cfa16bfd7a6d21d670d7eca,source-attested,unreviewed,GPL-2.0-or-later
塑,⿱朔土,⿱,top-bottom,朔|土,component-6714|component-571f,朔|土,2,2,chise-ids-ucs-basic,352e13378e411c322cfa16bfd7a6d21d670d7eca,source-attested,unreviewed,GPL-2.0-or-later
態,⿱能心,⿱,top-bottom,能|心,component-80fd|component-5fc3,能|心,2,2,chise-ids-ucs-basic,352e13378e411c322cfa16bfd7a6d21d670d7eca,source-attested,unreviewed,GPL-2.0-or-later
操,⿰扌喿,⿰,left-right,扌|喿,component-624c|component-55bf,扌|喿,2,2,chise-ids-ucs-basic,352e13378e411c322cfa16bfd7a6d21d670d7eca,source-attested,unreviewed,GPL-2.0-or-later
醒,⿰酉星,⿰,left-right,酉|星,component-9149|component-661f,酉|星,2,2,chise-ids-ucs-basic,352e13378e411c322cfa16bfd7a6d21d670d7eca,source-attested,unreviewed,GPL-2.0-or-later
秒,⿰禾少,⿰,left-right,禾|少,component-79be|component-5c11,禾|少,2,2,chise-ids-ucs-basic,352e13378e411c322cfa16bfd7a6d21d670d7eca,source-attested,unreviewed,GPL-2.0-or-later
陸,⿰⻖坴,⿰,left-right,⻖|坴,component-2ed6|component-5774,⻖|坴,2,2,chise-ids-ucs-basic,352e13378e411c322cfa16bfd7a6d21d670d7eca,source-attested,unreviewed,GPL-2.0-or-later
晶,⿱日昍,⿱,top-bottom,日|昍,component-65e5|component-660d,日|昍,2,2,chise-ids-ucs-basic,352e13378e411c322cfa16bfd7a6d21d670d7eca,source-attested,unreviewed,GPL-2.0-or-later
貼,⿰貝占,⿰,left-right,貝|占,component-8c9d|component-5360,貝|占,2,2,chise-ids-ucs-basic,352e13378e411c322cfa16bfd7a6d21d670d7eca,source-attested,unreviewed,GPL-2.0-or-later
獻,⿰鬳犬,⿰,left-right,鬳|犬,component-9b33|component-72ac,鬳|犬,2,2,chise-ids-ucs-basic,352e13378e411c322cfa16bfd7a6d21d670d7eca,source-attested,unreviewed,GPL-2.0-or-later
府,⿸广付,⿸,surround,广|付,component-5e7f|component-4ed8,广|付,2,2,chise-ids-ucs-basic,352e13378e411c322cfa16bfd7a6d21d670d7eca,source-attested,unreviewed,GPL-2.0-or-later
附,⿰⻖付,⿰,left-right,⻖|付,component-2ed6|component-4ed8,⻖|付,2,2,chise-ids-ucs-basic,352e13378e411c322cfa16bfd7a6d21d670d7eca,source-attested,unreviewed,GPL-2.0-or-later
須,⿰彡頁,⿰,left-right,彡|頁,component-5f61|component-9801,彡|頁,2,2,chise-ids-ucs-basic,352e13378e411c322cfa16bfd7a6d21d670d7eca,source-attested,unreviewed,GPL-2.0-or-later
滑,⿰氵骨,⿰,left-right,氵|骨,component-6c35|component-9aa8,氵|骨,2,2,chise-ids-ucs-basic,352e13378e411c322cfa16bfd7a6d21d670d7eca,source-attested,unreviewed,GPL-2.0-or-later
嘩,⿰口華,⿰,left-right,口|華,component-53e3|component-83ef,口|華,2,2,chise-ids-ucs-basic,352e13378e411c322cfa16bfd7a6d21d670d7eca,source-attested,unreviewed,GPL-2.0-or-later
慶,⿸&CDP-8D56;&CDP-8D57;,⿸,surround,&CDP-8D56;|&CDP-8D57;,component-CDP-8D56|component-CDP-8D57,&CDP-8D56;|&CDP-8D57;,2,2,chise-ids-ucs-basic,352e13378e411c322cfa16bfd7a6d21d670d7eca,source-attested,unreviewed,GPL-2.0-or-later
肉,肉,,single,肉,component-8089,肉,1,1,chise-ids-ucs-basic,352e13378e411c322cfa16bfd7a6d21d670d7eca,source-attested,unreviewed,GPL-2.0-or-later
喂,⿰口畏,⿰,left-right,口|畏,component-53e3|component-754f,口|畏,2,2,chise-ids-ucs-basic,352e13378e411c322cfa16bfd7a6d21d670d7eca,source-attested,unreviewed,GPL-2.0-or-later
維,⿰糸隹,⿰,left-right,糸|隹,component-7cf8|component-96b9,糸|隹,2,2,chise-ids-ucs-basic,352e13378e411c322cfa16bfd7a6d21d670d7eca,source-attested,unreviewed,GPL-2.0-or-later
鬧,⿵鬥市,⿵,surround,鬥|市,component-9b25|component-5e02,鬥|市,2,2,chise-ids-ucs-basic,352e13378e411c322cfa16bfd7a6d21d670d7eca,source-attested,unreviewed,GPL-2.0-or-later
柳,⿰木卯,⿰,left-right,木|卯,component-6728|component-536f,木|卯,2,2,chise-ids-ucs-basic,352e13378e411c322cfa16bfd7a6d21d670d7eca,source-attested,unreviewed,GPL-2.0-or-later
洲,⿰氵州,⿰,left-right,氵|州,component-6c35|component-5dde,氵|州,2,2,chise-ids-ucs-basic,352e13378e411c322cfa16bfd7a6d21d670d7eca,source-attested,unreviewed,GPL-2.0-or-later
捉,⿰扌足,⿰,left-right,扌|足,component-624c|component-8db3,扌|足,2,2,chise-ids-ucs-basic,352e13378e411c322cfa16bfd7a6d21d670d7eca,source-attested,unreviewed,GPL-2.0-or-later
澤,⿰氵睪,⿰,left-right,氵|睪,component-6c35|component-776a,氵|睪,2,2,chise-ids-ucs-basic,352e13378e411c322cfa16bfd7a6d21d670d7eca,source-attested,unreviewed,GPL-2.0-or-later
館,⿰飠官,⿰,left-right,飠|官,component-98e0|component-5b98,飠|官,2,2,chise-ids-ucs-basic,352e13378e411c322cfa16bfd7a6d21d670d7eca,source-attested,unreviewed,GPL-2.0-or-later
嚕,⿰口魯,⿰,left-right,口|魯,component-53e3|component-9b6f,口|魯,2,2,chise-ids-ucs-basic,352e13378e411c322cfa16bfd7a6d21d670d7eca,source-attested,unreviewed,GPL-2.0-or-later
珍,⿰𤣩㐱,⿰,left-right,𤣩|㐱,component-248e9|component-3431,𤣩|㐱,2,2,chise-ids-ucs-basic,352e13378e411c322cfa16bfd7a6d21d670d7eca,source-attested,unreviewed,GPL-2.0-or-later
腰,⿰⺼要,⿰,left-right,⺼|要,component-2ebc|component-8981,⺼|要,2,2,chise-ids-ucs-basic,352e13378e411c322cfa16bfd7a6d21d670d7eca,source-attested,unreviewed,GPL-2.0-or-later
龍,龍,,single,龍,component-9f8d,龍,1,1,chise-ids-ucs-basic,352e13378e411c322cfa16bfd7a6d21d670d7eca,source-attested,unreviewed,GPL-2.0-or-later
靈,⿱霝巫,⿱,top-bottom,霝|巫,component-971d|component-5deb,霝|巫,2,2,chise-ids-ucs-basic,352e13378e411c322cfa16bfd7a6d21d670d7eca,source-attested,unreviewed,GPL-2.0-or-later
托,⿰扌乇,⿰,left-right,扌|乇,component-624c|component-4e47,扌|乇,2,2,chise-ids-ucs-basic,352e13378e411c322cfa16bfd7a6d21d670d7eca,source-attested,unreviewed,GPL-2.0-or-later
治,⿰氵台,⿰,left-right,氵|台,component-6c35|component-53f0,氵|台,2,2,chise-ids-ucs-basic,352e13378e411c322cfa16bfd7a6d21d670d7eca,source-attested,unreviewed,GPL-2.0-or-later
芽,⿱艹牙,⿱,top-bottom,艹|牙,component-8279|component-7259,艹|牙,2,2,chise-ids-ucs-basic,352e13378e411c322cfa16bfd7a6d21d670d7eca,source-attested,unreviewed,GPL-2.0-or-later
桶,⿰木甬,⿰,left-right,木|甬,component-6728|component-752c,木|甬,2,2,chise-ids-ucs-basic,352e13378e411c322cfa16bfd7a6d21d670d7eca,source-attested,unreviewed,GPL-2.0-or-later
郵,⿰垂⻏,⿰,left-right,垂|⻏,component-5782|component-2ecf,垂|⻏,2,2,chise-ids-ucs-basic,352e13378e411c322cfa16bfd7a6d21d670d7eca,source-attested,unreviewed,GPL-2.0-or-later
遍,⿺辶扁,⿺,surround,辶|扁,component-8fb6|component-6241,辶|扁,2,2,chise-ids-ucs-basic,352e13378e411c322cfa16bfd7a6d21d670d7eca,source-attested,unreviewed,GPL-2.0-or-later
奮,⿱奞田,⿱,top-bottom,奞|田,component-595e|component-7530,奞|田,2,2,chise-ids-ucs-basic,352e13378e411c322cfa16bfd7a6d21d670d7eca,source-attested,unreviewed,GPL-2.0-or-later
擔,⿰扌詹,⿰,left-right,扌|詹,component-624c|component-8a79,扌|詹,2,2,chise-ids-ucs-basic,352e13378e411c322cfa16bfd7a6d21d670d7eca,source-attested,unreviewed,GPL-2.0-or-later
屬,⿸㞑蜀,⿸,surround,㞑|蜀,component-3791|component-8700,㞑|蜀,2,2,chise-ids-ucs-basic,352e13378e411c322cfa16bfd7a6d21d670d7eca,source-attested,unreviewed,GPL-2.0-or-later
夥,⿰果多,⿰,left-right,果|多,component-679c|component-591a,果|多,2,2,chise-ids-ucs-basic,352e13378e411c322cfa16bfd7a6d21d670d7eca,source-attested,unreviewed,GPL-2.0-or-later
委,⿱禾女,⿱,top-bottom,禾|女,component-79be|component-5973,禾|女,2,2,chise-ids-ucs-basic,352e13378e411c322cfa16bfd7a6d21d670d7eca,source-attested,unreviewed,GPL-2.0-or-later
則,⿰貝刂,⿰,left-right,貝|刂,component-8c9d|component-5202,貝|刂,2,2,chise-ids-ucs-basic,352e13378e411c322cfa16bfd7a6d21d670d7eca,source-attested,unreviewed,GPL-2.0-or-later
待,⿰彳寺,⿰,left-right,彳|寺,component-5f73|component-5bfa,彳|寺,2,2,chise-ids-ucs-basic,352e13378e411c322cfa16bfd7a6d21d670d7eca,source-attested,unreviewed,GPL-2.0-or-later
派,⿰氵𠂢,⿰,left-right,氵|𠂢,component-6c35|component-200a2,氵|𠂢,2,2,chise-ids-ucs-basic,352e13378e411c322cfa16bfd7a6d21d670d7eca,source-attested,unreviewed,GPL-2.0-or-later
盛,⿱成皿,⿱,top-bottom,成|皿,component-6210|component-76bf,成|皿,2,2,chise-ids-ucs-basic,352e13378e411c322cfa16bfd7a6d21d670d7eca,source-attested,unreviewed,GPL-2.0-or-later
築,⿱筑木,⿱,top-bottom,筑|木,component-7b51|component-6728,筑|木,2,2,chise-ids-ucs-basic,352e13378e411c322cfa16bfd7a6d21d670d7eca,source-attested,unreviewed,GPL-2.0-or-later
階,⿰⻖皆,⿰,left-right,⻖|皆,component-2ed6|component-7686,⻖|皆,2,2,chise-ids-ucs-basic,352e13378e411c322cfa16bfd7a6d21d670d7eca,source-attested,unreviewed,GPL-2.0-or-later
蜂,⿰虫夆,⿰,left-right,虫|夆,component-866b|component-5906,虫|夆,2,2,chise-ids-ucs-basic,352e13378e411c322cfa16bfd7a6d21d670d7eca,source-attested,unreviewed,GPL-2.0-or-later
尺,尺,,single,尺,component-5c3a,尺,1,1,chise-ids-ucs-basic,352e13378e411c322cfa16bfd7a6d21d670d7eca,source-attested,unreviewed,GPL-2.0-or-later
乎,乎,,single,乎,component-4e4e,乎,1,1,chise-ids-ucs-basic,352e13378e411c322cfa16bfd7a6d21d670d7eca,source-attested,unreviewed,GPL-2.0-or-later
侵,⿰亻𠬶,⿰,left-right,亻|𠬶,component-4ebb|component-20b36,亻|𠬶,2,2,chise-ids-ucs-basic,352e13378e411c322cfa16bfd7a6d21d670d7eca,source-attested,unreviewed,GPL-2.0-or-later
淨,⿰氵爭,⿰,left-right,氵|爭,component-6c35|component-722d,氵|爭,2,2,chise-ids-ucs-basic,352e13378e411c322cfa16bfd7a6d21d670d7eca,source-attested,unreviewed,GPL-2.0-or-later
溪,⿰氵奚,⿰,left-right,氵|奚,component-6c35|component-595a,氵|奚,2,2,chise-ids-ucs-basic,352e13378e411c322cfa16bfd7a6d21d670d7eca,source-attested,unreviewed,GPL-2.0-or-later
歸,⿰&CDP-8CAB;帚,⿰,left-right,&CDP-8CAB;|帚,component-CDP-8CAB|component-5e1a,&CDP-8CAB;|帚,2,2,chise-ids-ucs-basic,352e13378e411c322cfa16bfd7a6d21d670d7eca,source-attested,unreviewed,GPL-2.0-or-later
票,⿱覀示,⿱,top-bottom,覀|示,component-8980|component-793a,覀|示,2,2,chise-ids-ucs-basic,352e13378e411c322cfa16bfd7a6d21d670d7eca,source-attested,unreviewed,GPL-2.0-or-later
尊,⿱酋寸,⿱,top-bottom,酋|寸,component-914b|component-5bf8,酋|寸,2,2,chise-ids-ucs-basic,352e13378e411c322cfa16bfd7a6d21d670d7eca,source-attested,unreviewed,GPL-2.0-or-later
熟,⿱孰灬,⿱,top-bottom,孰|灬,component-5b70|component-706c,孰|灬,2,2,chise-ids-ucs-basic,352e13378e411c322cfa16bfd7a6d21d670d7eca,source-attested,unreviewed,GPL-2.0-or-later
績,⿰糸責,⿰,left-right,糸|責,component-7cf8|component-8cac,糸|責,2,2,chise-ids-ucs-basic,352e13378e411c322cfa16bfd7a6d21d670d7eca,source-attested,unreviewed,GPL-2.0-or-later
譯,⿰言睪,⿰,left-right,言|睪,component-8a00|component-776a,言|睪,2,2,chise-ids-ucs-basic,352e13378e411c322cfa16bfd7a6d21d670d7eca,source-attested,unreviewed,GPL-2.0-or-later
忘,⿱亡心,⿱,top-bottom,亡|心,component-4ea1|component-5fc3,亡|心,2,2,chise-ids-ucs-basic,352e13378e411c322cfa16bfd7a6d21d670d7eca,source-attested,unreviewed,GPL-2.0-or-later
典,⿱&U-i001+20541;𬺢,⿱,top-bottom,&U-i001+20541;|𬺢,component-U-i001-20541|component-2cea2,&U-i001+20541;|𬺢,2,2,chise-ids-ucs-basic,352e13378e411c322cfa16bfd7a6d21d670d7eca,source-attested,unreviewed,GPL-2.0-or-later
咱,⿰口自,⿰,left-right,口|自,component-53e3|component-81ea,口|自,2,2,chise-ids-ucs-basic,352e13378e411c322cfa16bfd7a6d21d670d7eca,source-attested,unreviewed,GPL-2.0-or-later
痛,⿸疒甬,⿸,surround,疒|甬,component-7592|component-752c,疒|甬,2,2,chise-ids-ucs-basic,352e13378e411c322cfa16bfd7a6d21d670d7eca,source-attested,unreviewed,GPL-2.0-or-later
舒,⿰舍予,⿰,left-right,舍|予,component-820d|component-4e88,舍|予,2,2,chise-ids-ucs-basic,352e13378e411c322cfa16bfd7a6d21d670d7eca,source-attested,unreviewed,GPL-2.0-or-later
概,⿰木既,⿰,left-right,木|既,component-6728|component-65e2,木|既,2,2,chise-ids-ucs-basic,352e13378e411c322cfa16bfd7a6d21d670d7eca,source-attested,unreviewed,GPL-2.0-or-later
碗,⿰石宛,⿰,left-right,石|宛,component-77f3|component-5b9b,石|宛,2,2,chise-ids-ucs-basic,352e13378e411c322cfa16bfd7a6d21d670d7eca,source-attested,unreviewed,GPL-2.0-or-later
豎,⿱臤豆,⿱,top-bottom,臤|豆,component-81e4|component-8c46,臤|豆,2,2,chise-ids-ucs-basic,352e13378e411c322cfa16bfd7a6d21d670d7eca,source-attested,unreviewed,GPL-2.0-or-later
嶺,⿱山領,⿱,top-bottom,山|領,component-5c71|component-9818,山|領,2,2,chise-ids-ucs-basic,352e13378e411c322cfa16bfd7a6d21d670d7eca,source-attested,unreviewed,GPL-2.0-or-later
刺,⿰朿刂,⿰,left-right,朿|刂,component-673f|component-5202,朿|刂,2,2,chise-ids-ucs-basic,352e13378e411c322cfa16bfd7a6d21d670d7eca,source-attested,unreviewed,GPL-2.0-or-later
追,⿺辶𠂤,⿺,surround,辶|𠂤,component-8fb6|component-200a4,辶|𠂤,2,2,chise-ids-ucs-basic,352e13378e411c322cfa16bfd7a6d21d670d7eca,source-attested,unreviewed,GPL-2.0-or-later
健,⿰亻建,⿰,left-right,亻|建,component-4ebb|component-5efa,亻|建,2,2,chise-ids-ucs-basic,352e13378e411c322cfa16bfd7a6d21d670d7eca,source-attested,unreviewed,GPL-2.0-or-later
磚,⿰石專,⿰,left-right,石|專,component-77f3|component-5c08,石|專,2,2,chise-ids-ucs-basic,352e13378e411c322cfa16bfd7a6d21d670d7eca,source-attested,unreviewed,GPL-2.0-or-later
休,⿰亻木,⿰,left-right,亻|木,component-4ebb|component-6728,亻|木,2,2,chise-ids-ucs-basic,352e13378e411c322cfa16bfd7a6d21d670d7eca,source-attested,unreviewed,GPL-2.0-or-later
徵,⿰彳𢽠,⿰,left-right,彳|𢽠,component-5f73|component-22f60,彳|𢽠,2,2,chise-ids-ucs-basic,352e13378e411c322cfa16bfd7a6d21d670d7eca,source-attested,unreviewed,GPL-2.0-or-later
借,⿰亻昔,⿰,left-right,亻|昔,component-4ebb|component-6614,亻|昔,2,2,chise-ids-ucs-basic,352e13378e411c322cfa16bfd7a6d21d670d7eca,source-attested,unreviewed,GPL-2.0-or-later
骨,⿱冎⺼,⿱,top-bottom,冎|⺼,component-518e|component-2ebc,冎|⺼,2,2,chise-ids-ucs-basic,352e13378e411c322cfa16bfd7a6d21d670d7eca,source-attested,unreviewed,GPL-2.0-or-later
奧,⿱&CDP-8D7C;大,⿱,top-bottom,&CDP-8D7C;|大,component-CDP-8D7C|component-5927,&CDP-8D7C;|大,2,2,chise-ids-ucs-basic,352e13378e411c322cfa16bfd7a6d21d670d7eca,source-attested,unreviewed,GPL-2.0-or-later
暗,⿰日音,⿰,left-right,日|音,component-65e5|component-97f3,日|音,2,2,chise-ids-ucs-basic,352e13378e411c322cfa16bfd7a6d21d670d7eca,source-attested,unreviewed,GPL-2.0-or-later
碰,⿰石並,⿰,left-right,石|並,component-77f3|component-4e26,石|並,2,2,chise-ids-ucs-basic,352e13378e411c322cfa16bfd7a6d21d670d7eca,source-attested,unreviewed,GPL-2.0-or-later
蕩,⿱艹湯,⿱,top-bottom,艹|湯,component-8279|component-6e6f,艹|湯,2,2,chise-ids-ucs-basic,352e13378e411c322cfa16bfd7a6d21d670d7eca,source-attested,unreviewed,GPL-2.0-or-later
牙,牙,,single,牙,component-7259,牙,1,1,chise-ids-ucs-basic,352e13378e411c322cfa16bfd7a6d21d670d7eca,source-attested,unreviewed,GPL-2.0-or-later
念,⿱今心,⿱,top-bottom,今|心,component-4eca|component-5fc3,今|心,2,2,chise-ids-ucs-basic,352e13378e411c322cfa16bfd7a6d21d670d7eca,source-attested,unreviewed,GPL-2.0-or-later
怪,⿰忄圣,⿰,left-right,忄|圣,component-5fc4|component-5723,忄|圣,2,2,chise-ids-ucs-basic,352e13378e411c322cfa16bfd7a6d21d670d7eca,source-attested,unreviewed,GPL-2.0-or-later
勁,⿰巠力,⿰,left-right,巠|力,component-5de0|component-529b,巠|力,2,2,chise-ids-ucs-basic,352e13378e411c322cfa16bfd7a6d21d670d7eca,source-attested,unreviewed,GPL-2.0-or-later
娃,⿰女圭,⿰,left-right,女|圭,component-5973|component-572d,女|圭,2,2,chise-ids-ucs-basic,352e13378e411c322cfa16bfd7a6d21d670d7eca,source-attested,unreviewed,GPL-2.0-or-later
榮,⿱𤇾木,⿱,top-bottom,𤇾|木,component-241fe|component-6728,𤇾|木,2,2,chise-ids-ucs-basic,352e13378e411c322cfa16bfd7a6d21d670d7eca,source-attested,unreviewed,GPL-2.0-or-later
蜜,⿱宓虫,⿱,top-bottom,宓|虫,component-5b93|component-866b,宓|虫,2,2,chise-ids-ucs-basic,352e13378e411c322cfa16bfd7a6d21d670d7eca,source-attested,unreviewed,GPL-2.0-or-later
險,⿰⻖僉,⿰,left-right,⻖|僉,component-2ed6|component-50c9,⻖|僉,2,2,chise-ids-ucs-basic,352e13378e411c322cfa16bfd7a6d21d670d7eca,source-attested,unreviewed,GPL-2.0-or-later
藏,⿱艹臧,⿱,top-bottom,艹|臧,component-8279|component-81e7,艹|臧,2,2,chise-ids-ucs-basic,352e13378e411c322cfa16bfd7a6d21d670d7eca,source-attested,unreviewed,GPL-2.0-or-later
弄,⿱王廾,⿱,top-bottom,王|廾,component-738b|component-5efe,王|廾,2,2,chise-ids-ucs-basic,352e13378e411c322cfa16bfd7a6d21d670d7eca,source-attested,unreviewed,GPL-2.0-or-later
威,⿵戌女,⿵,surround,戌|女,component-620c|component-5973,戌|女,2,2,chise-ids-ucs-basic,352e13378e411c322cfa16bfd7a6d21d670d7eca,source-attested,unreviewed,GPL-2.0-or-later
染,⿽杂氵,,single,⿽|杂|氵,component-2ffd|component-6742|component-6c35,⿽|杂|氵,3,3,chise-ids-ucs-basic,352e13378e411c322cfa16bfd7a6d21d670d7eca,source-attested,unreviewed,GPL-2.0-or-later
盆,⿱分皿,⿱,top-bottom,分|皿,component-5206|component-76bf,分|皿,2,2,chise-ids-ucs-basic,352e13378e411c322cfa16bfd7a6d21d670d7eca,source-attested,unreviewed,GPL-2.0-or-later
旅,⿸𭤨&CDP-8C66;,⿸,surround,𭤨|&CDP-8C66;,component-2d928|component-CDP-8C66,𭤨|&CDP-8C66;,2,2,chise-ids-ucs-basic,352e13378e411c322cfa16bfd7a6d21d670d7eca,source-attested,unreviewed,GPL-2.0-or-later
鬼,鬼,,single,鬼,component-9b3c,鬼,1,1,chise-ids-ucs-basic,352e13378e411c322cfa16bfd7a6d21d670d7eca,source-attested,unreviewed,GPL-2.0-or-later
笛,⿱竹由,⿱,top-bottom,竹|由,component-7af9|component-7531,竹|由,2,2,chise-ids-ucs-basic,352e13378e411c322cfa16bfd7a6d21d670d7eca,source-attested,unreviewed,GPL-2.0-or-later
曾,⿱丷&CDP-8B63;,⿱,top-bottom,丷|&CDP-8B63;,component-4e37|component-CDP-8B63,丷|&CDP-8B63;,2,2,chise-ids-ucs-basic,352e13378e411c322cfa16bfd7a6d21d670d7eca,source-attested,unreviewed,GPL-2.0-or-later
舊,⿱雈臼,⿱,top-bottom,雈|臼,component-96c8|component-81fc,雈|臼,2,2,chise-ids-ucs-basic,352e13378e411c322cfa16bfd7a6d21d670d7eca,source-attested,unreviewed,GPL-2.0-or-later
釋,⿰釆睪,⿰,left-right,釆|睪,component-91c6|component-776a,釆|睪,2,2,chise-ids-ucs-basic,352e13378e411c322cfa16bfd7a6d21d670d7eca,source-attested,unreviewed,GPL-2.0-or-later
丙,⿱一内,⿱,top-bottom,一|内,component-4e00|component-5185,一|内,2,2,chise-ids-ucs-basic,352e13378e411c322cfa16bfd7a6d21d670d7eca,source-attested,unreviewed,GPL-2.0-or-later
挑,⿰扌兆,⿰,left-right,扌|兆,component-624c|component-5146,扌|兆,2,2,chise-ids-ucs-basic,352e13378e411c322cfa16bfd7a6d21d670d7eca,source-attested,unreviewed,GPL-2.0-or-later
酒,⿰氵酉,⿰,left-right,氵|酉,component-6c35|component-9149,氵|酉,2,2,chise-ids-ucs-basic,352e13378e411c322cfa16bfd7a6d21d670d7eca,source-attested,unreviewed,GPL-2.0-or-later
喝,⿰口曷,⿰,left-right,口|曷,component-53e3|component-66f7,口|曷,2,2,chise-ids-ucs-basic,352e13378e411c322cfa16bfd7a6d21d670d7eca,source-attested,unreviewed,GPL-2.0-or-later
獲,⿰犭蒦,⿰,left-right,犭|蒦,component-72ad|component-84a6,犭|蒦,2,2,chise-ids-ucs-basic,352e13378e411c322cfa16bfd7a6d21d670d7eca,source-attested,unreviewed,GPL-2.0-or-later
貝,貝,,single,貝,component-8c9d,貝,1,1,chise-ids-ucs-basic,352e13378e411c322cfa16bfd7a6d21d670d7eca,source-attested,unreviewed,GPL-2.0-or-later
抽,⿰扌由,⿰,left-right,扌|由,component-624c|component-7531,扌|由,2,2,chise-ids-ucs-basic,352e13378e411c322cfa16bfd7a6d21d670d7eca,source-attested,unreviewed,GPL-2.0-or-later
抱,⿰扌包,⿰,left-right,扌|包,component-624c|component-5305,扌|包,2,2,chise-ids-ucs-basic,352e13378e411c322cfa16bfd7a6d21d670d7eca,source-attested,unreviewed,GPL-2.0-or-later
納,⿰糸内,⿰,left-right,糸|内,component-7cf8|component-5185,糸|内,2,2,chise-ids-ucs-basic,352e13378e411c322cfa16bfd7a6d21d670d7eca,source-attested,unreviewed,GPL-2.0-or-later
缺,⿰缶夬,⿰,left-right,缶|夬,component-7f36|component-592c,缶|夬,2,2,chise-ids-ucs-basic,352e13378e411c322cfa16bfd7a6d21d670d7eca,source-attested,unreviewed,GPL-2.0-or-later
討,⿰言寸,⿰,left-right,言|寸,component-8a00|component-5bf8,言|寸,2,2,chise-ids-ucs-basic,352e13378e411c322cfa16bfd7a6d21d670d7eca,source-attested,unreviewed,GPL-2.0-or-later
猛,⿰犭孟,⿰,left-right,犭|孟,component-72ad|component-5b5f,犭|孟,2,2,chise-ids-ucs-basic,352e13378e411c322cfa16bfd7a6d21d670d7eca,source-attested,unreviewed,GPL-2.0-or-later
荷,⿱艹何,⿱,top-bottom,艹|何,component-8279|component-4f55,艹|何,2,2,chise-ids-ucs-basic,352e13378e411c322cfa16bfd7a6d21d670d7eca,source-attested,unreviewed,GPL-2.0-or-later
熊,⿱能灬,⿱,top-bottom,能|灬,component-80fd|component-706c,能|灬,2,2,chise-ids-ucs-basic,352e13378e411c322cfa16bfd7a6d21d670d7eca,source-attested,unreviewed,GPL-2.0-or-later
鄰,⿰粦⻏,⿰,left-right,粦|⻏,component-7ca6|component-2ecf,粦|⻏,2,2,chise-ids-ucs-basic,352e13378e411c322cfa16bfd7a6d21d670d7eca,source-attested,unreviewed,GPL-2.0-or-later
鋪,⿰金甫,⿰,left-right,金|甫,component-91d1|component-752b,金|甫,2,2,chise-ids-ucs-basic,352e13378e411c322cfa16bfd7a6d21d670d7eca,source-attested,unreviewed,GPL-2.0-or-later
燃,⿰火然,⿰,left-right,火|然,component-706b|component-7136,火|然,2,2,chise-ids-ucs-basic,352e13378e411c322cfa16bfd7a6d21d670d7eca,source-attested,unreviewed,GPL-2.0-or-later
繫,⿱𣪠糸,⿱,top-bottom,𣪠|糸,component-23aa0|component-7cf8,𣪠|糸,2,2,chise-ids-ucs-basic,352e13378e411c322cfa16bfd7a6d21d670d7eca,source-attested,unreviewed,GPL-2.0-or-later
映,⿰日央,⿰,left-right,日|央,component-65e5|component-592e,日|央,2,2,chise-ids-ucs-basic,352e13378e411c322cfa16bfd7a6d21d670d7eca,source-attested,unreviewed,GPL-2.0-or-later
挺,⿰扌廷,⿰,left-right,扌|廷,component-624c|component-5ef7,扌|廷,2,2,chise-ids-ucs-basic,352e13378e411c322cfa16bfd7a6d21d670d7eca,source-attested,unreviewed,GPL-2.0-or-later
雀,⿱小隹,⿱,top-bottom,小|隹,component-5c0f|component-96b9,小|隹,2,2,chise-ids-ucs-basic,352e13378e411c322cfa16bfd7a6d21d670d7eca,source-attested,unreviewed,GPL-2.0-or-later
溝,⿰氵冓,⿰,left-right,氵|冓,component-6c35|component-5193,氵|冓,2,2,chise-ids-ucs-basic,352e13378e411c322cfa16bfd7a6d21d670d7eca,source-attested,unreviewed,GPL-2.0-or-later
摩,⿸麻手,⿸,surround,麻|手,component-9ebb|component-624b,麻|手,2,2,chise-ids-ucs-basic,352e13378e411c322cfa16bfd7a6d21d670d7eca,source-attested,unreviewed,GPL-2.0-or-later
燕,⿱⿱廿&CDP-8D76;灬,⿱,top-bottom,廿|&CDP-8D76;|灬,component-5eff|component-CDP-8D76|component-706c,廿|&CDP-8D76;|灬,3,3,chise-ids-ucs-basic,352e13378e411c322cfa16bfd7a6d21d670d7eca,source-attested,unreviewed,GPL-2.0-or-later
丁,丁,,single,丁,component-4e01,丁,1,1,chise-ids-ucs-basic,352e13378e411c322cfa16bfd7a6d21d670d7eca,source-attested,unreviewed,GPL-2.0-or-later
哭,⿱吅犬,⿱,top-bottom,吅|犬,component-5405|component-72ac,吅|犬,2,2,chise-ids-ucs-basic,352e13378e411c322cfa16bfd7a6d21d670d7eca,source-attested,unreviewed,GPL-2.0-or-later
救,⿰求攵,⿰,left-right,求|攵,component-6c42|component-6535,求|攵,2,2,chise-ids-ucs-basic,352e13378e411c322cfa16bfd7a6d21d670d7eca,source-attested,unreviewed,GPL-2.0-or-later
陰,⿰⻖侌,⿰,left-right,⻖|侌,component-2ed6|component-4f8c,⻖|侌,2,2,chise-ids-ucs-basic,352e13378e411c322cfa16bfd7a6d21d670d7eca,source-attested,unreviewed,GPL-2.0-or-later
街,⿴行圭,⿴,surround,行|圭,component-884c|component-572d,行|圭,2,2,chise-ids-ucs-basic,352e13378e411c322cfa16bfd7a6d21d670d7eca,source-attested,unreviewed,GPL-2.0-or-later
截,⿹𢦏隹,⿹,surround,𢦏|隹,component-2298f|component-96b9,𢦏|隹,2,2,chise-ids-ucs-basic,352e13378e411c322cfa16bfd7a6d21d670d7eca,source-attested,unreviewed,GPL-2.0-or-later
滴,⿰氵啇,⿰,left-right,氵|啇,component-6c35|component-5547,氵|啇,2,2,chise-ids-ucs-basic,352e13378e411c322cfa16bfd7a6d21d670d7eca,source-attested,unreviewed,GPL-2.0-or-later
噴,⿰口賁,⿰,left-right,口|賁,component-53e3|component-8cc1,口|賁,2,2,chise-ids-ucs-basic,352e13378e411c322cfa16bfd7a6d21d670d7eca,source-attested,unreviewed,GPL-2.0-or-later
杜,⿰木土,⿰,left-right,木|土,component-6728|component-571f,木|土,2,2,chise-ids-ucs-basic,352e13378e411c322cfa16bfd7a6d21d670d7eca,source-attested,unreviewed,GPL-2.0-or-later
咕,⿰口古,⿰,left-right,口|古,component-53e3|component-53e4,口|古,2,2,chise-ids-ucs-basic,352e13378e411c322cfa16bfd7a6d21d670d7eca,source-attested,unreviewed,GPL-2.0-or-later
坡,⿰土皮,⿰,left-right,土|皮,component-571f|component-76ae,土|皮,2,2,chise-ids-ucs-basic,352e13378e411c322cfa16bfd7a6d21d670d7eca,source-attested,unreviewed,GPL-2.0-or-later
奔,⿱大卉,⿱,top-bottom,大|卉,component-5927|component-5349,大|卉,2,2,chise-ids-ucs-basic,352e13378e411c322cfa16bfd7a6d21d670d7eca,source-attested,unreviewed,GPL-2.0-or-later
玲,⿰𤣩令,⿰,left-right,𤣩|令,component-248e9|component-4ee4,𤣩|令,2,2,chise-ids-ucs-basic,352e13378e411c322cfa16bfd7a6d21d670d7eca,source-attested,unreviewed,GPL-2.0-or-later
限,⿰⻖艮,⿰,left-right,⻖|艮,component-2ed6|component-826e,⻖|艮,2,2,chise-ids-ucs-basic,352e13378e411c322cfa16bfd7a6d21d670d7eca,source-attested,unreviewed,GPL-2.0-or-later
紛,⿰糸分,⿰,left-right,糸|分,component-7cf8|component-5206,糸|分,2,2,chise-ids-ucs-basic,352e13378e411c322cfa16bfd7a6d21d670d7eca,source-attested,unreviewed,GPL-2.0-or-later
超,⿺走召,⿺,surround,走|召,component-8d70|component-53ec,走|召,2,2,chise-ids-ucs-basic,352e13378e411c322cfa16bfd7a6d21d670d7eca,source-attested,unreviewed,GPL-2.0-or-later
碎,⿰石卒,⿰,left-right,石|卒,component-77f3|component-5352,石|卒,2,2,chise-ids-ucs-basic,352e13378e411c322cfa16bfd7a6d21d670d7eca,source-attested,unreviewed,GPL-2.0-or-later
擴,⿰扌廣,⿰,left-right,扌|廣,component-624c|component-5ee3,扌|廣,2,2,chise-ids-ucs-basic,352e13378e411c322cfa16bfd7a6d21d670d7eca,source-attested,unreviewed,GPL-2.0-or-later
讚,⿰言贊,⿰,left-right,言|贊,component-8a00|component-8d0a,言|贊,2,2,chise-ids-ucs-basic,352e13378e411c322cfa16bfd7a6d21d670d7eca,source-attested,unreviewed,GPL-2.0-or-later
鑽,⿰金贊,⿰,left-right,金|贊,component-91d1|component-8d0a,金|贊,2,2,chise-ids-ucs-basic,352e13378e411c322cfa16bfd7a6d21d670d7eca,source-attested,unreviewed,GPL-2.0-or-later
味,⿰口未,⿰,left-right,口|未,component-53e3|component-672a,口|未,2,2,chise-ids-ucs-basic,352e13378e411c322cfa16bfd7a6d21d670d7eca,source-attested,unreviewed,GPL-2.0-or-later
宙,⿱宀由,⿱,top-bottom,宀|由,component-5b80|component-7531,宀|由,2,2,chise-ids-ucs-basic,352e13378e411c322cfa16bfd7a6d21d670d7eca,source-attested,unreviewed,GPL-2.0-or-later
紹,⿰糸召,⿰,left-right,糸|召,component-7cf8|component-53ec,糸|召,2,2,chise-ids-ucs-basic,352e13378e411c322cfa16bfd7a6d21d670d7eca,source-attested,unreviewed,GPL-2.0-or-later
鹿,鹿,,single,鹿,component-9e7f,鹿,1,1,chise-ids-ucs-basic,352e13378e411c322cfa16bfd7a6d21d670d7eca,source-attested,unreviewed,GPL-2.0-or-later
寒,⿱𡨄冫,⿱,top-bottom,𡨄|冫,component-21a04|component-51ab,𡨄|冫,2,2,chise-ids-ucs-basic,352e13378e411c322cfa16bfd7a6d21d670d7eca,source-attested,unreviewed,GPL-2.0-or-later
硬,⿰石更,⿰,left-right,石|更,component-77f3|component-66f4,石|更,2,2,chise-ids-ucs-basic,352e13378e411c322cfa16bfd7a6d21d670d7eca,source-attested,unreviewed,GPL-2.0-or-later
塔,⿰土荅,⿰,left-right,土|荅,component-571f|component-8345,土|荅,2,2,chise-ids-ucs-basic,352e13378e411c322cfa16bfd7a6d21d670d7eca,source-attested,unreviewed,GPL-2.0-or-later
漢,⿰氵𦰩,⿰,left-right,氵|𦰩,component-6c35|component-26c29,氵|𦰩,2,2,chise-ids-ucs-basic,352e13378e411c322cfa16bfd7a6d21d670d7eca,source-attested,unreviewed,GPL-2.0-or-later
仍,⿰亻乃,⿰,left-right,亻|乃,component-4ebb|component-4e43,亻|乃,2,2,chise-ids-ucs-basic,352e13378e411c322cfa16bfd7a6d21d670d7eca,source-attested,unreviewed,GPL-2.0-or-later
撲,⿰扌菐,⿰,left-right,扌|菐,component-624c|component-83d0,扌|菐,2,2,chise-ids-ucs-basic,352e13378e411c322cfa16bfd7a6d21d670d7eca,source-attested,unreviewed,GPL-2.0-or-later
秀,⿱禾乃,⿱,top-bottom,禾|乃,component-79be|component-4e43,禾|乃,2,2,chise-ids-ucs-basic,352e13378e411c322cfa16bfd7a6d21d670d7eca,source-attested,unreviewed,GPL-2.0-or-later
負,⿱⺈貝,⿱,top-bottom,⺈|貝,component-2e88|component-8c9d,⺈|貝,2,2,chise-ids-ucs-basic,352e13378e411c322cfa16bfd7a6d21d670d7eca,source-attested,unreviewed,GPL-2.0-or-later
孫,⿰子系,⿰,left-right,子|系,component-5b50|component-7cfb,子|系,2,2,chise-ids-ucs-basic,352e13378e411c322cfa16bfd7a6d21d670d7eca,source-attested,unreviewed,GPL-2.0-or-later
扇,⿸户羽,⿸,surround,户|羽,component-6237|component-7fbd,户|羽,2,2,chise-ids-ucs-basic,352e13378e411c322cfa16bfd7a6d21d670d7eca,source-attested,unreviewed,GPL-2.0-or-later
騰,⿸𰮤馬,⿸,surround,𰮤|馬,component-30ba4|component-99ac,𰮤|馬,2,2,chise-ids-ucs-basic,352e13378e411c322cfa16bfd7a6d21d670d7eca,source-attested,unreviewed,GPL-2.0-or-later
史,史,,single,史,component-53f2,史,1,1,chise-ids-ucs-basic,352e13378e411c322cfa16bfd7a6d21d670d7eca,source-attested,unreviewed,GPL-2.0-or-later
伏,⿰亻犬,⿰,left-right,亻|犬,component-4ebb|component-72ac,亻|犬,2,2,chise-ids-ucs-basic,352e13378e411c322cfa16bfd7a6d21d670d7eca,source-attested,unreviewed,GPL-2.0-or-later
炮,⿰火包,⿰,left-right,火|包,component-706b|component-5305,火|包,2,2,chise-ids-ucs-basic,352e13378e411c322cfa16bfd7a6d21d670d7eca,source-attested,unreviewed,GPL-2.0-or-later
傘,⿱𠆢&CDP-88A6;,⿱,top-bottom,𠆢|&CDP-88A6;,component-201a2|component-CDP-88A6,𠆢|&CDP-88A6;,2,2,chise-ids-ucs-basic,352e13378e411c322cfa16bfd7a6d21d670d7eca,source-attested,unreviewed,GPL-2.0-or-later
普,⿱並日,⿱,top-bottom,並|日,component-4e26|component-65e5,並|日,2,2,chise-ids-ucs-basic,352e13378e411c322cfa16bfd7a6d21d670d7eca,source-attested,unreviewed,GPL-2.0-or-later
椅,⿰木奇,⿰,left-right,木|奇,component-6728|component-5947,木|奇,2,2,chise-ids-ucs-basic,352e13378e411c322cfa16bfd7a6d21d670d7eca,source-attested,unreviewed,GPL-2.0-or-later
渠,⿱洰木,⿱,top-bottom,洰|木,component-6d30|component-6728,洰|木,2,2,chise-ids-ucs-basic,352e13378e411c322cfa16bfd7a6d21d670d7eca,source-attested,unreviewed,GPL-2.0-or-later
勤,⿰堇力,⿰,left-right,堇|力,component-5807|component-529b,堇|力,2,2,chise-ids-ucs-basic,352e13378e411c322cfa16bfd7a6d21d670d7eca,source-attested,unreviewed,GPL-2.0-or-later
煉,⿰火柬,⿰,left-right,火|柬,component-706b|component-67ec,火|柬,2,2,chise-ids-ucs-basic,352e13378e411c322cfa16bfd7a6d21d670d7eca,source-attested,unreviewed,GPL-2.0-or-later
銅,⿰金同,⿰,left-right,金|同,component-91d1|component-540c,金|同,2,2,chise-ids-ucs-basic,352e13378e411c322cfa16bfd7a6d21d670d7eca,source-attested,unreviewed,GPL-2.0-or-later
央,央,,single,央,component-592e,央,1,1,chise-ids-ucs-basic,352e13378e411c322cfa16bfd7a6d21d670d7eca,source-attested,unreviewed,GPL-2.0-or-later
投,⿰扌殳,⿰,left-right,扌|殳,component-624c|component-6bb3,扌|殳,2,2,chise-ids-ucs-basic,352e13378e411c322cfa16bfd7a6d21d670d7eca,source-attested,unreviewed,GPL-2.0-or-later
系,⿱丿糸,⿱,top-bottom,丿|糸,component-4e3f|component-7cf8,丿|糸,2,2,chise-ids-ucs-basic,352e13378e411c322cfa16bfd7a6d21d670d7eca,source-attested,unreviewed,GPL-2.0-or-later
防,⿰⻖方,⿰,left-right,⻖|方,component-2ed6|component-65b9,⻖|方,2,2,chise-ids-ucs-basic,352e13378e411c322cfa16bfd7a6d21d670d7eca,source-attested,unreviewed,GPL-2.0-or-later
惜,⿰忄昔,⿰,left-right,忄|昔,component-5fc4|component-6614,忄|昔,2,2,chise-ids-ucs-basic,352e13378e411c322cfa16bfd7a6d21d670d7eca,source-attested,unreviewed,GPL-2.0-or-later
散,⿹⿰龷攵⺼,⿹,surround,龷|攵|⺼,component-9fb7|component-6535|component-2ebc,龷|攵|⺼,3,3,chise-ids-ucs-basic,352e13378e411c322cfa16bfd7a6d21d670d7eca,source-attested,unreviewed,GPL-2.0-or-later
森,⿱木林,⿱,top-bottom,木|林,component-6728|component-6797,木|林,2,2,chise-ids-ucs-basic,352e13378e411c322cfa16bfd7a6d21d670d7eca,source-attested,unreviewed,GPL-2.0-or-later
塞,⿱𡨄土,⿱,top-bottom,𡨄|土,component-21a04|component-571f,𡨄|土,2,2,chise-ids-ucs-basic,352e13378e411c322cfa16bfd7a6d21d670d7eca,source-attested,unreviewed,GPL-2.0-or-later
戴,⿹𢦏異,⿹,surround,𢦏|異,component-2298f|component-7570,𢦏|異,2,2,chise-ids-ucs-basic,352e13378e411c322cfa16bfd7a6d21d670d7eca,source-attested,unreviewed,GPL-2.0-or-later
縮,⿰糸宿,⿰,left-right,糸|宿,component-7cf8|component-5bbf,糸|宿,2,2,chise-ids-ucs-basic,352e13378e411c322cfa16bfd7a6d21d670d7eca,source-attested,unreviewed,GPL-2.0-or-later
證,⿰言登,⿰,left-right,言|登,component-8a00|component-767b,言|登,2,2,chise-ids-ucs-basic,352e13378e411c322cfa16bfd7a6d21d670d7eca,source-attested,unreviewed,GPL-2.0-or-later
巨,巨,,single,巨,component-5de8,巨,1,1,chise-ids-ucs-basic,352e13378e411c322cfa16bfd7a6d21d670d7eca,source-attested,unreviewed,GPL-2.0-or-later
危,⿸厃㔾,⿸,surround,厃|㔾,component-5383|component-353e,厃|㔾,2,2,chise-ids-ucs-basic,352e13378e411c322cfa16bfd7a6d21d670d7eca,source-attested,unreviewed,GPL-2.0-or-later
垂,垂,,single,垂,component-5782,垂,1,1,chise-ids-ucs-basic,352e13378e411c322cfa16bfd7a6d21d670d7eca,source-attested,unreviewed,GPL-2.0-or-later
既,⿰&CDP-8B7C;旡,⿰,left-right,&CDP-8B7C;|旡,component-CDP-8B7C|component-65e1,&CDP-8B7C;|旡,2,2,chise-ids-ucs-basic,352e13378e411c322cfa16bfd7a6d21d670d7eca,source-attested,unreviewed,GPL-2.0-or-later
胸,⿰⺼匈,⿰,left-right,⺼|匈,component-2ebc|component-5308,⺼|匈,2,2,chise-ids-ucs-basic,352e13378e411c322cfa16bfd7a6d21d670d7eca,source-attested,unreviewed,GPL-2.0-or-later
淚,⿰氵戾,⿰,left-right,氵|戾,component-6c35|component-623e,氵|戾,2,2,chise-ids-ucs-basic,352e13378e411c322cfa16bfd7a6d21d670d7eca,source-attested,unreviewed,GPL-2.0-or-later
煙,⿰火垔,⿰,left-right,火|垔,component-706b|component-5794,火|垔,2,2,chise-ids-ucs-basic,352e13378e411c322cfa16bfd7a6d21d670d7eca,source-attested,unreviewed,GPL-2.0-or-later
膀,⿰⺼旁,⿰,left-right,⺼|旁,component-2ebc|component-65c1,⺼|旁,2,2,chise-ids-ucs-basic,352e13378e411c322cfa16bfd7a6d21d670d7eca,source-attested,unreviewed,GPL-2.0-or-later
貌,⿰豸皃,⿰,left-right,豸|皃,component-8c78|component-7683,豸|皃,2,2,chise-ids-ucs-basic,352e13378e411c322cfa16bfd7a6d21d670d7eca,source-attested,unreviewed,GPL-2.0-or-later
澆,⿰氵堯,⿰,left-right,氵|堯,component-6c35|component-582f,氵|堯,2,2,chise-ids-ucs-basic,352e13378e411c322cfa16bfd7a6d21d670d7eca,source-attested,unreviewed,GPL-2.0-or-later
髮,⿱髟犮,⿱,top-bottom,髟|犮,component-9adf|component-72ae,髟|犮,2,2,chise-ids-ucs-basic,352e13378e411c322cfa16bfd7a6d21d670d7eca,source-attested,unreviewed,GPL-2.0-or-later
塗,⿱涂土,⿱,top-bottom,涂|土,component-6d82|component-571f,涂|土,2,2,chise-ids-ucs-basic,352e13378e411c322cfa16bfd7a6d21d670d7eca,source-attested,unreviewed,GPL-2.0-or-later
划,⿰戈刂,⿰,left-right,戈|刂,component-6208|component-5202,戈|刂,2,2,chise-ids-ucs-basic,352e13378e411c322cfa16bfd7a6d21d670d7eca,source-attested,unreviewed,GPL-2.0-or-later
希,⿱㐅布,⿱,top-bottom,㐅|布,component-3405|component-5e03,㐅|布,2,2,chise-ids-ucs-basic,352e13378e411c322cfa16bfd7a6d21d670d7eca,source-attested,unreviewed,GPL-2.0-or-later
亞,亞,,single,亞,component-4e9e,亞,1,1,chise-ids-ucs-basic,352e13378e411c322cfa16bfd7a6d21d670d7eca,source-attested,unreviewed,GPL-2.0-or-later
娜,⿰女那,⿰,left-right,女|那,component-5973|component-90a3,女|那,2,2,chise-ids-ucs-basic,352e13378e411c322cfa16bfd7a6d21d670d7eca,source-attested,unreviewed,GPL-2.0-or-later
恩,⿱因心,⿱,top-bottom,因|心,component-56e0|component-5fc3,因|心,2,2,chise-ids-ucs-basic,352e13378e411c322cfa16bfd7a6d21d670d7eca,source-attested,unreviewed,GPL-2.0-or-later
桑,⿱叒木,⿱,top-bottom,叒|木,component-53d2|component-6728,叒|木,2,2,chise-ids-ucs-basic,352e13378e411c322cfa16bfd7a6d21d670d7eca,source-attested,unreviewed,GPL-2.0-or-later
益,⿱&CDP-8CF0;皿,⿱,top-bottom,&CDP-8CF0;|皿,component-CDP-8CF0|component-76bf,&CDP-8CF0;|皿,2,2,chise-ids-ucs-basic,352e13378e411c322cfa16bfd7a6d21d670d7eca,source-attested,unreviewed,GPL-2.0-or-later
竟,⿱音儿,⿱,top-bottom,音|儿,component-97f3|component-513f,音|儿,2,2,chise-ids-ucs-basic,352e13378e411c322cfa16bfd7a6d21d670d7eca,source-attested,unreviewed,GPL-2.0-or-later
蟈,⿰虫國,⿰,left-right,虫|國,component-866b|component-570b,虫|國,2,2,chise-ids-ucs-basic,352e13378e411c322cfa16bfd7a6d21d670d7eca,source-attested,unreviewed,GPL-2.0-or-later
繪,⿰糸會,⿰,left-right,糸|會,component-7cf8|component-6703,糸|會,2,2,chise-ids-ucs-basic,352e13378e411c322cfa16bfd7a6d21d670d7eca,source-attested,unreviewed,GPL-2.0-or-later
籠,⿱竹龍,⿱,top-bottom,竹|龍,component-7af9|component-9f8d,竹|龍,2,2,chise-ids-ucs-basic,352e13378e411c322cfa16bfd7a6d21d670d7eca,source-attested,unreviewed,GPL-2.0-or-later
幼,⿰幺力,⿰,left-right,幺|力,component-5e7a|component-529b,幺|力,2,2,chise-ids-ucs-basic,352e13378e411c322cfa16bfd7a6d21d670d7eca,source-attested,unreviewed,GPL-2.0-or-later
末,末,,single,末,component-672b,末,1,1,chise-ids-ucs-basic,352e13378e411c322cfa16bfd7a6d21d670d7eca,source-attested,unreviewed,GPL-2.0-or-later
伐,⿰亻戈,⿰,left-right,亻|戈,component-4ebb|component-6208,亻|戈,2,2,chise-ids-ucs-basic,352e13378e411c322cfa16bfd7a6d21d670d7eca,source-attested,unreviewed,GPL-2.0-or-later
尖,⿱小大,⿱,top-bottom,小|大,component-5c0f|component-5927,小|大,2,2,chise-ids-ucs-basic,352e13378e411c322cfa16bfd7a6d21d670d7eca,source-attested,unreviewed,GPL-2.0-or-later
型,⿱刑土,⿱,top-bottom,刑|土,component-5211|component-571f,刑|土,2,2,chise-ids-ucs-basic,352e13378e411c322cfa16bfd7a6d21d670d7eca,source-attested,unreviewed,GPL-2.0-or-later
訂,⿰言丁,⿰,left-right,言|丁,component-8a00|component-4e01,言|丁,2,2,chise-ids-ucs-basic,352e13378e411c322cfa16bfd7a6d21d670d7eca,source-attested,unreviewed,GPL-2.0-or-later
源,⿰氵原,⿰,left-right,氵|原,component-6c35|component-539f,氵|原,2,2,chise-ids-ucs-basic,352e13378e411c322cfa16bfd7a6d21d670d7eca,source-attested,unreviewed,GPL-2.0-or-later
箏,⿱竹爭,⿱,top-bottom,竹|爭,component-7af9|component-722d,竹|爭,2,2,chise-ids-ucs-basic,352e13378e411c322cfa16bfd7a6d21d670d7eca,source-attested,unreviewed,GPL-2.0-or-later
獎,⿱將犬,⿱,top-bottom,將|犬,component-5c07|component-72ac,將|犬,2,2,chise-ids-ucs-basic,352e13378e411c322cfa16bfd7a6d21d670d7eca,source-attested,unreviewed,GPL-2.0-or-later
繁,⿱敏糸,⿱,top-bottom,敏|糸,component-654f|component-7cf8,敏|糸,2,2,chise-ids-ucs-basic,352e13378e411c322cfa16bfd7a6d21d670d7eca,source-attested,unreviewed,GPL-2.0-or-later
鶯,⿱𤇾鳥,⿱,top-bottom,𤇾|鳥,component-241fe|component-9ce5,𤇾|鳥,2,2,chise-ids-ucs-basic,352e13378e411c322cfa16bfd7a6d21d670d7eca,source-attested,unreviewed,GPL-2.0-or-later
尼,⿸尸匕,⿸,surround,尸|匕,component-5c38|component-5315,尸|匕,2,2,chise-ids-ucs-basic,352e13378e411c322cfa16bfd7a6d21d670d7eca,source-attested,unreviewed,GPL-2.0-or-later
印,⿰&CDP-8CAC;卩,⿰,left-right,&CDP-8CAC;|卩,component-CDP-8CAC|component-5369,&CDP-8CAC;|卩,2,2,chise-ids-ucs-basic,352e13378e411c322cfa16bfd7a6d21d670d7eca,source-attested,unreviewed,GPL-2.0-or-later
抬,⿰扌台,⿰,left-right,扌|台,component-624c|component-53f0,扌|台,2,2,chise-ids-ucs-basic,352e13378e411c322cfa16bfd7a6d21d670d7eca,source-attested,unreviewed,GPL-2.0-or-later
晃,⿱日光,⿱,top-bottom,日|光,component-65e5|component-5149,日|光,2,2,chise-ids-ucs-basic,352e13378e411c322cfa16bfd7a6d21d670d7eca,source-attested,unreviewed,GPL-2.0-or-later
釘,⿰金丁,⿰,left-right,金|丁,component-91d1|component-4e01,金|丁,2,2,chise-ids-ucs-basic,352e13378e411c322cfa16bfd7a6d21d670d7eca,source-attested,unreviewed,GPL-2.0-or-later
探,⿰扌罙,⿰,left-right,扌|罙,component-624c|component-7f59,扌|罙,2,2,chise-ids-ucs-basic,352e13378e411c322cfa16bfd7a6d21d670d7eca,source-attested,unreviewed,GPL-2.0-or-later
猜,⿰犭青,⿰,left-right,犭|青,component-72ad|component-9752,犭|青,2,2,chise-ids-ucs-basic,352e13378e411c322cfa16bfd7a6d21d670d7eca,source-attested,unreviewed,GPL-2.0-or-later
奪,⿱奞寸,⿱,top-bottom,奞|寸,component-595e|component-5bf8,奞|寸,2,2,chise-ids-ucs-basic,352e13378e411c322cfa16bfd7a6d21d670d7eca,source-attested,unreviewed,GPL-2.0-or-later
暢,⿰申昜,⿰,left-right,申|昜,component-7533|component-661c,申|昜,2,2,chise-ids-ucs-basic,352e13378e411c322cfa16bfd7a6d21d670d7eca,source-attested,unreviewed,GPL-2.0-or-later
滾,⿰氵袞,⿰,left-right,氵|袞,component-6c35|component-889e,氵|袞,2,2,chise-ids-ucs-basic,352e13378e411c322cfa16bfd7a6d21d670d7eca,source-attested,unreviewed,GPL-2.0-or-later
碼,⿰石馬,⿰,left-right,石|馬,component-77f3|component-99ac,石|馬,2,2,chise-ids-ucs-basic,352e13378e411c322cfa16bfd7a6d21d670d7eca,source-attested,unreviewed,GPL-2.0-or-later
駛,⿰馬史,⿰,left-right,馬|史,component-99ac|component-53f2,馬|史,2,2,chise-ids-ucs-basic,352e13378e411c322cfa16bfd7a6d21d670d7eca,source-attested,unreviewed,GPL-2.0-or-later
獵,⿰犭巤,⿰,left-right,犭|巤,component-72ad|component-5de4,犭|巤,2,2,chise-ids-ucs-basic,352e13378e411c322cfa16bfd7a6d21d670d7eca,source-attested,unreviewed,GPL-2.0-or-later
付,⿰亻寸,⿰,left-right,亻|寸,component-4ebb|component-5bf8,亻|寸,2,2,chise-ids-ucs-basic,352e13378e411c322cfa16bfd7a6d21d670d7eca,source-attested,unreviewed,GPL-2.0-or-later
估,⿰亻古,⿰,left-right,亻|古,component-4ebb|component-53e4,亻|古,2,2,chise-ids-ucs-basic,352e13378e411c322cfa16bfd7a6d21d670d7eca,source-attested,unreviewed,GPL-2.0-or-later
咳,⿰口亥,⿰,left-right,口|亥,component-53e3|component-4ea5,口|亥,2,2,chise-ids-ucs-basic,352e13378e411c322cfa16bfd7a6d21d670d7eca,source-attested,unreviewed,GPL-2.0-or-later
柱,⿰木主,⿰,left-right,木|主,component-6728|component-4e3b,木|主,2,2,chise-ids-ucs-basic,352e13378e411c322cfa16bfd7a6d21d670d7eca,source-attested,unreviewed,GPL-2.0-or-later
栽,⿹𢦏木,⿹,surround,𢦏|木,component-2298f|component-6728,𢦏|木,2,2,chise-ids-ucs-basic,352e13378e411c322cfa16bfd7a6d21d670d7eca,source-attested,unreviewed,GPL-2.0-or-later
副,⿰畐刂,⿰,left-right,畐|刂,component-7550|component-5202,畐|刂,2,2,chise-ids-ucs-basic,352e13378e411c322cfa16bfd7a6d21d670d7eca,source-attested,unreviewed,GPL-2.0-or-later
異,⿱田共,⿱,top-bottom,田|共,component-7530|component-5171,田|共,2,2,chise-ids-ucs-basic,352e13378e411c322cfa16bfd7a6d21d670d7eca,source-attested,unreviewed,GPL-2.0-or-later
筒,⿱竹同,⿱,top-bottom,竹|同,component-7af9|component-540c,竹|同,2,2,chise-ids-ucs-basic,352e13378e411c322cfa16bfd7a6d21d670d7eca,source-attested,unreviewed,GPL-2.0-or-later
費,⿱弗貝,⿱,top-bottom,弗|貝,component-5f17|component-8c9d,弗|貝,2,2,chise-ids-ucs-basic,352e13378e411c322cfa16bfd7a6d21d670d7eca,source-attested,unreviewed,GPL-2.0-or-later
貴,⿱𠀐貝,⿱,top-bottom,𠀐|貝,component-20010|component-8c9d,𠀐|貝,2,2,chise-ids-ucs-basic,352e13378e411c322cfa16bfd7a6d21d670d7eca,source-attested,unreviewed,GPL-2.0-or-later
歷,⿸厤止,⿸,surround,厤|止,component-53a4|component-6b62,厤|止,2,2,chise-ids-ucs-basic,352e13378e411c322cfa16bfd7a6d21d670d7eca,source-attested,unreviewed,GPL-2.0-or-later
誇,⿰言夸,⿰,left-right,言|夸,component-8a00|component-5938,言|夸,2,2,chise-ids-ucs-basic,352e13378e411c322cfa16bfd7a6d21d670d7eca,source-attested,unreviewed,GPL-2.0-or-later
庫,⿸广車,⿸,surround,广|車,component-5e7f|component-8eca,广|車,2,2,chise-ids-ucs-basic,352e13378e411c322cfa16bfd7a6d21d670d7eca,source-attested,unreviewed,GPL-2.0-or-later
貫,⿱毌貝,⿱,top-bottom,毌|貝,component-6bcc|component-8c9d,毌|貝,2,2,chise-ids-ucs-basic,352e13378e411c322cfa16bfd7a6d21d670d7eca,source-attested,unreviewed,GPL-2.0-or-later
項,⿰工頁,⿰,left-right,工|頁,component-5de5|component-9801,工|頁,2,2,chise-ids-ucs-basic,352e13378e411c322cfa16bfd7a6d21d670d7eca,source-attested,unreviewed,GPL-2.0-or-later
鳴,⿰口鳥,⿰,left-right,口|鳥,component-53e3|component-9ce5,口|鳥,2,2,chise-ids-ucs-basic,352e13378e411c322cfa16bfd7a6d21d670d7eca,source-attested,unreviewed,GPL-2.0-or-later
窮,⿱穴躬,⿱,top-bottom,穴|躬,component-7a74|component-8eac,穴|躬,2,2,chise-ids-ucs-basic,352e13378e411c322cfa16bfd7a6d21d670d7eca,source-attested,unreviewed,GPL-2.0-or-later
遵,⿺辶尊,⿺,surround,辶|尊,component-8fb6|component-5c0a,辶|尊,2,2,chise-ids-ucs-basic,352e13378e411c322cfa16bfd7a6d21d670d7eca,source-attested,unreviewed,GPL-2.0-or-later
瞧,⿰目焦,⿰,left-right,目|焦,component-76ee|component-7126,目|焦,2,2,chise-ids-ucs-basic,352e13378e411c322cfa16bfd7a6d21d670d7eca,source-attested,unreviewed,GPL-2.0-or-later
覆,⿱覀復,⿱,top-bottom,覀|復,component-8980|component-5fa9,覀|復,2,2,chise-ids-ucs-basic,352e13378e411c322cfa16bfd7a6d21d670d7eca,source-attested,unreviewed,GPL-2.0-or-later
杆,⿰木干,⿰,left-right,木|干,component-6728|component-5e72,木|干,2,2,chise-ids-ucs-basic,352e13378e411c322cfa16bfd7a6d21d670d7eca,source-attested,unreviewed,GPL-2.0-or-later
扁,⿸户𠕁,⿸,surround,户|𠕁,component-6237|component-20541,户|𠕁,2,2,chise-ids-ucs-basic,352e13378e411c322cfa16bfd7a6d21d670d7eca,source-attested,unreviewed,GPL-2.0-or-later
致,⿰至攵,⿰,left-right,至|攵,component-81f3|component-6535,至|攵,2,2,chise-ids-ucs-basic,352e13378e411c322cfa16bfd7a6d21d670d7eca,source-attested,unreviewed,GPL-2.0-or-later
塵,⿸鹿土,⿸,surround,鹿|土,component-9e7f|component-571f,鹿|土,2,2,chise-ids-ucs-basic,352e13378e411c322cfa16bfd7a6d21d670d7eca,source-attested,unreviewed,GPL-2.0-or-later
艱,⿰𦰩艮,⿰,left-right,𦰩|艮,component-26c29|component-826e,𦰩|艮,2,2,chise-ids-ucs-basic,352e13378e411c322cfa16bfd7a6d21d670d7eca,source-attested,unreviewed,GPL-2.0-or-later
吉,⿱士口,⿱,top-bottom,士|口,component-58eb|component-53e3,士|口,2,2,chise-ids-ucs-basic,352e13378e411c322cfa16bfd7a6d21d670d7eca,source-attested,unreviewed,GPL-2.0-or-later
局,⿸尸&CDP-8C52;,⿸,surround,尸|&CDP-8C52;,component-5c38|component-CDP-8C52,尸|&CDP-8C52;,2,2,chise-ids-ucs-basic,352e13378e411c322cfa16bfd7a6d21d670d7eca,source-attested,unreviewed,GPL-2.0-or-later
冒,⿱⺜目,⿱,top-bottom,⺜|目,component-2e9c|component-76ee,⺜|目,2,2,chise-ids-ucs-basic,352e13378e411c322cfa16bfd7a6d21d670d7eca,source-attested,unreviewed,GPL-2.0-or-later
效,⿰交攵,⿰,left-right,交|攵,component-4ea4|component-6535,交|攵,2,2,chise-ids-ucs-basic,352e13378e411c322cfa16bfd7a6d21d670d7eca,source-attested,unreviewed,GPL-2.0-or-later
培,⿰土咅,⿰,left-right,土|咅,component-571f|component-5485,土|咅,2,2,chise-ids-ucs-basic,352e13378e411c322cfa16bfd7a6d21d670d7eca,source-attested,unreviewed,GPL-2.0-or-later
康,⿸广隶,⿸,surround,广|隶,component-5e7f|component-96b6,广|隶,2,2,chise-ids-ucs-basic,352e13378e411c322cfa16bfd7a6d21d670d7eca,source-attested,unreviewed,GPL-2.0-or-later
混,⿰氵昆,⿰,left-right,氵|昆,component-6c35|component-6606,氵|昆,2,2,chise-ids-ucs-basic,352e13378e411c322cfa16bfd7a6d21d670d7eca,source-attested,unreviewed,GPL-2.0-or-later
莖,⿱艹巠,⿱,top-bottom,艹|巠,component-8279|component-5de0,艹|巠,2,2,chise-ids-ucs-basic,352e13378e411c322cfa16bfd7a6d21d670d7eca,source-attested,unreviewed,GPL-2.0-or-later
博,⿰十尃,⿰,left-right,十|尃,component-5341|component-5c03,十|尃,2,2,chise-ids-ucs-basic,352e13378e411c322cfa16bfd7a6d21d670d7eca,source-attested,unreviewed,GPL-2.0-or-later
肅,&U-i001+2FF1;聿𣶒,,single,&U-i001+2FF1;|聿|𣶒,component-U-i001-2FF1|component-807f|component-23d92,&U-i001+2FF1;|聿|𣶒,3,3,chise-ids-ucs-basic,352e13378e411c322cfa16bfd7a6d21d670d7eca,source-attested,unreviewed,GPL-2.0-or-later
聞,⿵門耳,⿵,surround,門|耳,component-9580|component-8033,門|耳,2,2,chise-ids-ucs-basic,352e13378e411c322cfa16bfd7a6d21d670d7eca,source-attested,unreviewed,GPL-2.0-or-later
遞,⿺辶虒,⿺,surround,辶|虒,component-8fb6|component-8652,辶|虒,2,2,chise-ids-ucs-basic,352e13378e411c322cfa16bfd7a6d21d670d7eca,source-attested,unreviewed,GPL-2.0-or-later
豬,⿰豕者,⿰,left-right,豕|者,component-8c55|component-8005,豕|者,2,2,chise-ids-ucs-basic,352e13378e411c322cfa16bfd7a6d21d670d7eca,source-attested,unreviewed,GPL-2.0-or-later
濕,⿰氵㬎,⿰,left-right,氵|㬎,component-6c35|component-3b0e,氵|㬎,2,2,chise-ids-ucs-basic,352e13378e411c322cfa16bfd7a6d21d670d7eca,source-attested,unreviewed,GPL-2.0-or-later
否,⿱不口,⿱,top-bottom,不|口,component-4e0d|component-53e3,不|口,2,2,chise-ids-ucs-basic,352e13378e411c322cfa16bfd7a6d21d670d7eca,source-attested,unreviewed,GPL-2.0-or-later
割,⿰害刂,⿰,left-right,害|刂,component-5bb3|component-5202,害|刂,2,2,chise-ids-ucs-basic,352e13378e411c322cfa16bfd7a6d21d670d7eca,source-attested,unreviewed,GPL-2.0-or-later
營,⿱𤇾吕,⿱,top-bottom,𤇾|吕,component-241fe|component-5415,𤇾|吕,2,2,chise-ids-ucs-basic,352e13378e411c322cfa16bfd7a6d21d670d7eca,source-attested,unreviewed,GPL-2.0-or-later
縫,⿰糸逢,⿰,left-right,糸|逢,component-7cf8|component-9022,糸|逢,2,2,chise-ids-ucs-basic,352e13378e411c322cfa16bfd7a6d21d670d7eca,source-attested,unreviewed,GPL-2.0-or-later
粒,⿰米立,⿰,left-right,米|立,component-7c73|component-7acb,米|立,2,2,chise-ids-ucs-basic,352e13378e411c322cfa16bfd7a6d21d670d7eca,source-attested,unreviewed,GPL-2.0-or-later
途,⿺辶余,⿺,surround,辶|余,component-8fb6|component-4f59,辶|余,2,2,chise-ids-ucs-basic,352e13378e411c322cfa16bfd7a6d21d670d7eca,source-attested,unreviewed,GPL-2.0-or-later
愉,⿰忄俞,⿰,left-right,忄|俞,component-5fc4|component-4fde,忄|俞,2,2,chise-ids-ucs-basic,352e13378e411c322cfa16bfd7a6d21d670d7eca,source-attested,unreviewed,GPL-2.0-or-later
賀,⿱加貝,⿱,top-bottom,加|貝,component-52a0|component-8c9d,加|貝,2,2,chise-ids-ucs-basic,352e13378e411c322cfa16bfd7a6d21d670d7eca,source-attested,unreviewed,GPL-2.0-or-later
穩,⿰禾㥯,⿰,left-right,禾|㥯,component-79be|component-396f,禾|㥯,2,2,chise-ids-ucs-basic,352e13378e411c322cfa16bfd7a6d21d670d7eca,source-attested,unreviewed,GPL-2.0-or-later
牧,⿰牜攵,⿰,left-right,牜|攵,component-725c|component-6535,牜|攵,2,2,chise-ids-ucs-basic,352e13378e411c322cfa16bfd7a6d21d670d7eca,source-attested,unreviewed,GPL-2.0-or-later
肩,⿸户&CDP-8958;,⿸,surround,户|&CDP-8958;,component-6237|component-CDP-8958,户|&CDP-8958;,2,2,chise-ids-ucs-basic,352e13378e411c322cfa16bfd7a6d21d670d7eca,source-attested,unreviewed,GPL-2.0-or-later
索,⿱𲓜糸,⿱,top-bottom,𲓜|糸,component-324dc|component-7cf8,𲓜|糸,2,2,chise-ids-ucs-basic,352e13378e411c322cfa16bfd7a6d21d670d7eca,source-attested,unreviewed,GPL-2.0-or-later
翅,⿺支羽,⿺,surround,支|羽,component-652f|component-7fbd,支|羽,2,2,chise-ids-ucs-basic,352e13378e411c322cfa16bfd7a6d21d670d7eca,source-attested,unreviewed,GPL-2.0-or-later
側,⿰亻則,⿰,left-right,亻|則,component-4ebb|component-5247,亻|則,2,2,chise-ids-ucs-basic,352e13378e411c322cfa16bfd7a6d21d670d7eca,source-attested,unreviewed,GPL-2.0-or-later
責,⿱龶貝,⿱,top-bottom,龶|貝,component-9fb6|component-8c9d,龶|貝,2,2,chise-ids-ucs-basic,352e13378e411c322cfa16bfd7a6d21d670d7eca,source-attested,unreviewed,GPL-2.0-or-later
葛,⿱艹曷,⿱,top-bottom,艹|曷,component-8279|component-66f7,艹|曷,2,2,chise-ids-ucs-basic,352e13378e411c322cfa16bfd7a6d21d670d7eca,source-attested,unreviewed,GPL-2.0-or-later
磁,⿰石兹,⿰,left-right,石|兹,component-77f3|component-5179,石|兹,2,2,chise-ids-ucs-basic,352e13378e411c322cfa16bfd7a6d21d670d7eca,source-attested,unreviewed,GPL-2.0-or-later
緒,⿰糸者,⿰,left-right,糸|者,component-7cf8|component-8005,糸|者,2,2,chise-ids-ucs-basic,352e13378e411c322cfa16bfd7a6d21d670d7eca,source-attested,unreviewed,GPL-2.0-or-later
潔,⿰氵絜,⿰,left-right,氵|絜,component-6c35|component-7d5c,氵|絜,2,2,chise-ids-ucs-basic,352e13378e411c322cfa16bfd7a6d21d670d7eca,source-attested,unreviewed,GPL-2.0-or-later
云,⿱二厶,⿱,top-bottom,二|厶,component-4e8c|component-53b6,二|厶,2,2,chise-ids-ucs-basic,352e13378e411c322cfa16bfd7a6d21d670d7eca,source-attested,unreviewed,GPL-2.0-or-later
妙,⿰女少,⿰,left-right,女|少,component-5973|component-5c11,女|少,2,2,chise-ids-ucs-basic,352e13378e411c322cfa16bfd7a6d21d670d7eca,source-attested,unreviewed,GPL-2.0-or-later
辰,辰,,single,辰,component-8fb0,辰,1,1,chise-ids-ucs-basic,352e13378e411c322cfa16bfd7a6d21d670d7eca,source-attested,unreviewed,GPL-2.0-or-later
刷,⿰𡰯刂,⿰,left-right,𡰯|刂,component-21c2f|component-5202,𡰯|刂,2,2,chise-ids-ucs-basic,352e13378e411c322cfa16bfd7a6d21d670d7eca,source-attested,unreviewed,GPL-2.0-or-later
泉,⿱白水,⿱,top-bottom,白|水,component-767d|component-6c34,白|水,2,2,chise-ids-ucs-basic,352e13378e411c322cfa16bfd7a6d21d670d7eca,source-attested,unreviewed,GPL-2.0-or-later
哨,⿰口肖,⿰,left-right,口|肖,component-53e3|component-8096,口|肖,2,2,chise-ids-ucs-basic,352e13378e411c322cfa16bfd7a6d21d670d7eca,source-attested,unreviewed,GPL-2.0-or-later
釣,⿰金勺,⿰,left-right,金|勺,component-91d1|component-52fa,金|勺,2,2,chise-ids-ucs-basic,352e13378e411c322cfa16bfd7a6d21d670d7eca,source-attested,unreviewed,GPL-2.0-or-later
喳,⿰口查,⿰,left-right,口|查,component-53e3|component-67e5,口|查,2,2,chise-ids-ucs-basic,352e13378e411c322cfa16bfd7a6d21d670d7eca,source-attested,unreviewed,GPL-2.0-or-later
登,⿱癶豆,⿱,top-bottom,癶|豆,component-7676|component-8c46,癶|豆,2,2,chise-ids-ucs-basic,352e13378e411c322cfa16bfd7a6d21d670d7eca,source-attested,unreviewed,GPL-2.0-or-later
井,井,,single,井,component-4e95,井,1,1,chise-ids-ucs-basic,352e13378e411c322cfa16bfd7a6d21d670d7eca,source-attested,unreviewed,GPL-2.0-or-later
奴,⿰女又,⿰,left-right,女|又,component-5973|component-53c8,女|又,2,2,chise-ids-ucs-basic,352e13378e411c322cfa16bfd7a6d21d670d7eca,source-attested,unreviewed,GPL-2.0-or-later
努,⿱奴力,⿱,top-bottom,奴|力,component-5974|component-529b,奴|力,2,2,chise-ids-ucs-basic,352e13378e411c322cfa16bfd7a6d21d670d7eca,source-attested,unreviewed,GPL-2.0-or-later
宋,⿱宀木,⿱,top-bottom,宀|木,component-5b80|component-6728,宀|木,2,2,chise-ids-ucs-basic,352e13378e411c322cfa16bfd7a6d21d670d7eca,source-attested,unreviewed,GPL-2.0-or-later
招,⿰扌召,⿰,left-right,扌|召,component-624c|component-53ec,扌|召,2,2,chise-ids-ucs-basic,352e13378e411c322cfa16bfd7a6d21d670d7eca,source-attested,unreviewed,GPL-2.0-or-later
鬆,⿱髟松,⿱,top-bottom,髟|松,component-9adf|component-677e,髟|松,2,2,chise-ids-ucs-basic,352e13378e411c322cfa16bfd7a6d21d670d7eca,source-attested,unreviewed,GPL-2.0-or-later
芳,⿱艹方,⿱,top-bottom,艹|方,component-8279|component-65b9,艹|方,2,2,chise-ids-ucs-basic,352e13378e411c322cfa16bfd7a6d21d670d7eca,source-attested,unreviewed,GPL-2.0-or-later
倆,⿰亻兩,⿰,left-right,亻|兩,component-4ebb|component-5169,亻|兩,2,2,chise-ids-ucs-basic,352e13378e411c322cfa16bfd7a6d21d670d7eca,source-attested,unreviewed,GPL-2.0-or-later
循,⿰彳盾,⿰,left-right,彳|盾,component-5f73|component-76fe,彳|盾,2,2,chise-ids-ucs-basic,352e13378e411c322cfa16bfd7a6d21d670d7eca,source-attested,unreviewed,GPL-2.0-or-later
緩,⿰糸爰,⿰,left-right,糸|爰,component-7cf8|component-7230,糸|爰,2,2,chise-ids-ucs-basic,352e13378e411c322cfa16bfd7a6d21d670d7eca,source-attested,unreviewed,GPL-2.0-or-later
縣,⿰&CDP-8C6D;系,⿰,left-right,&CDP-8C6D;|系,component-CDP-8C6D|component-7cfb,&CDP-8C6D;|系,2,2,chise-ids-ucs-basic,352e13378e411c322cfa16bfd7a6d21d670d7eca,source-attested,unreviewed,GPL-2.0-or-later
臨,⿰臣&CDP-8CFD;,⿰,left-right,臣|&CDP-8CFD;,component-81e3|component-CDP-8CFD,臣|&CDP-8CFD;,2,2,chise-ids-ucs-basic,352e13378e411c322cfa16bfd7a6d21d670d7eca,source-attested,unreviewed,GPL-2.0-or-later
闊,⿵門活,⿵,surround,門|活,component-9580|component-6d3b,門|活,2,2,chise-ids-ucs-basic,352e13378e411c322cfa16bfd7a6d21d670d7eca,source-attested,unreviewed,GPL-2.0-or-later
拾,⿰扌合,⿰,left-right,扌|合,component-624c|component-5408,扌|合,2,2,chise-ids-ucs-basic,352e13378e411c322cfa16bfd7a6d21d670d7eca,source-attested,unreviewed,GPL-2.0-or-later
宮,⿱宀呂,⿱,top-bottom,宀|呂,component-5b80|component-5442,宀|呂,2,2,chise-ids-ucs-basic,352e13378e411c322cfa16bfd7a6d21d670d7eca,source-attested,unreviewed,GPL-2.0-or-later
悟,⿰忄吾,⿰,left-right,忄|吾,component-5fc4|component-543e,忄|吾,2,2,chise-ids-ucs-basic,352e13378e411c322cfa16bfd7a6d21d670d7eca,source-attested,unreviewed,GPL-2.0-or-later
添,⿰氵忝,⿰,left-right,氵|忝,component-6c35|component-5fdd,氵|忝,2,2,chise-ids-ucs-basic,352e13378e411c322cfa16bfd7a6d21d670d7eca,source-attested,unreviewed,GPL-2.0-or-later
累,⿱田糸,⿱,top-bottom,田|糸,component-7530|component-7cf8,田|糸,2,2,chise-ids-ucs-basic,352e13378e411c322cfa16bfd7a6d21d670d7eca,source-attested,unreviewed,GPL-2.0-or-later
帽,⿰巾冒,⿰,left-right,巾|冒,component-5dfe|component-5192,巾|冒,2,2,chise-ids-ucs-basic,352e13378e411c322cfa16bfd7a6d21d670d7eca,source-attested,unreviewed,GPL-2.0-or-later
款,⿰&CDP-8C6A;欠,⿰,left-right,&CDP-8C6A;|欠,component-CDP-8C6A|component-6b20,&CDP-8C6A;|欠,2,2,chise-ids-ucs-basic,352e13378e411c322cfa16bfd7a6d21d670d7eca,source-attested,unreviewed,GPL-2.0-or-later
殼,⿰&CDP-8DA1;殳,⿰,left-right,&CDP-8DA1;|殳,component-CDP-8DA1|component-6bb3,&CDP-8DA1;|殳,2,2,chise-ids-ucs-basic,352e13378e411c322cfa16bfd7a6d21d670d7eca,source-attested,unreviewed,GPL-2.0-or-later
嗆,⿰口倉,⿰,left-right,口|倉,component-53e3|component-5009,口|倉,2,2,chise-ids-ucs-basic,352e13378e411c322cfa16bfd7a6d21d670d7eca,source-attested,unreviewed,GPL-2.0-or-later
糊,⿰米胡,⿰,left-right,米|胡,component-7c73|component-80e1,米|胡,2,2,chise-ids-ucs-basic,352e13378e411c322cfa16bfd7a6d21d670d7eca,source-attested,unreviewed,GPL-2.0-or-later
墨,⿱黑土,⿱,top-bottom,黑|土,component-9ed1|component-571f,黑|土,2,2,chise-ids-ucs-basic,352e13378e411c322cfa16bfd7a6d21d670d7eca,source-attested,unreviewed,GPL-2.0-or-later
甘,甘,,single,甘,component-7518,甘,1,1,chise-ids-ucs-basic,352e13378e411c322cfa16bfd7a6d21d670d7eca,source-attested,unreviewed,GPL-2.0-or-later
迅,⿺辶卂,⿺,surround,辶|卂,component-8fb6|component-5342,辶|卂,2,2,chise-ids-ucs-basic,352e13378e411c322cfa16bfd7a6d21d670d7eca,source-attested,unreviewed,GPL-2.0-or-later
苗,⿱艹田,⿱,top-bottom,艹|田,component-8279|component-7530,艹|田,2,2,chise-ids-ucs-basic,352e13378e411c322cfa16bfd7a6d21d670d7eca,source-attested,unreviewed,GPL-2.0-or-later
唉,⿰口矣,⿰,left-right,口|矣,component-53e3|component-77e3,口|矣,2,2,chise-ids-ucs-basic,352e13378e411c322cfa16bfd7a6d21d670d7eca,source-attested,unreviewed,GPL-2.0-or-later
桔,⿰木吉,⿰,left-right,木|吉,component-6728|component-5409,木|吉,2,2,chise-ids-ucs-basic,352e13378e411c322cfa16bfd7a6d21d670d7eca,source-attested,unreviewed,GPL-2.0-or-later
梅,⿰木每,⿰,left-right,木|每,component-6728|component-6bcf,木|每,2,2,chise-ids-ucs-basic,352e13378e411c322cfa16bfd7a6d21d670d7eca,source-attested,unreviewed,GPL-2.0-or-later
殖,⿰歹直,⿰,left-right,歹|直,component-6b79|component-76f4,歹|直,2,2,chise-ids-ucs-basic,352e13378e411c322cfa16bfd7a6d21d670d7eca,source-attested,unreviewed,GPL-2.0-or-later
渡,⿰氵度,⿰,left-right,氵|度,component-6c35|component-5ea6,氵|度,2,2,chise-ids-ucs-basic,352e13378e411c322cfa16bfd7a6d21d670d7eca,source-attested,unreviewed,GPL-2.0-or-later
蒼,⿱艹倉,⿱,top-bottom,艹|倉,component-8279|component-5009,艹|倉,2,2,chise-ids-ucs-basic,352e13378e411c322cfa16bfd7a6d21d670d7eca,source-attested,unreviewed,GPL-2.0-or-later
撒,⿰扌散,⿰,left-right,扌|散,component-624c|component-6563,扌|散,2,2,chise-ids-ucs-basic,352e13378e411c322cfa16bfd7a6d21d670d7eca,source-attested,unreviewed,GPL-2.0-or-later
蹦,⿰𧾷崩,⿰,left-right,𧾷|崩,component-27fb7|component-5d29,𧾷|崩,2,2,chise-ids-ucs-basic,352e13378e411c322cfa16bfd7a6d21d670d7eca,source-attested,unreviewed,GPL-2.0-or-later
復,⿰彳复,⿰,left-right,彳|复,component-5f73|component-590d,彳|复,2,2,chise-ids-ucs-basic,352e13378e411c322cfa16bfd7a6d21d670d7eca,source-attested,unreviewed,GPL-2.0-or-later
吳,⿺夨口,⿺,surround,夨|口,component-5928|component-53e3,夨|口,2,2,chise-ids-ucs-basic,352e13378e411c322cfa16bfd7a6d21d670d7eca,source-attested,unreviewed,GPL-2.0-or-later
牢,⿱宀牛,⿱,top-bottom,宀|牛,component-5b80|component-725b,宀|牛,2,2,chise-ids-ucs-basic,352e13378e411c322cfa16bfd7a6d21d670d7eca,source-attested,unreviewed,GPL-2.0-or-later
姿,⿱次女,⿱,top-bottom,次|女,component-6b21|component-5973,次|女,2,2,chise-ids-ucs-basic,352e13378e411c322cfa16bfd7a6d21d670d7eca,source-attested,unreviewed,GPL-2.0-or-later
烏,⿹&CDP-89DF;灬,⿹,surround,&CDP-89DF;|灬,component-CDP-89DF|component-706c,&CDP-89DF;|灬,2,2,chise-ids-ucs-basic,352e13378e411c322cfa16bfd7a6d21d670d7eca,source-attested,unreviewed,GPL-2.0-or-later
祝,⿰示兄,⿰,left-right,示|兄,component-793a|component-5144,示|兄,2,2,chise-ids-ucs-basic,352e13378e411c322cfa16bfd7a6d21d670d7eca,source-attested,unreviewed,GPL-2.0-or-later
秦,⿱𡗗禾,⿱,top-bottom,𡗗|禾,component-215d7|component-79be,𡗗|禾,2,2,chise-ids-ucs-basic,352e13378e411c322cfa16bfd7a6d21d670d7eca,source-attested,unreviewed,GPL-2.0-or-later
彷,⿰彳方,⿰,left-right,彳|方,component-5f73|component-65b9,彳|方,2,2,chise-ids-ucs-basic,352e13378e411c322cfa16bfd7a6d21d670d7eca,source-attested,unreviewed,GPL-2.0-or-later
尚,⿱⺌冋,⿱,top-bottom,⺌|冋,component-2e8c|component-518b,⺌|冋,2,2,chise-ids-ucs-basic,352e13378e411c322cfa16bfd7a6d21d670d7eca,source-attested,unreviewed,GPL-2.0-or-later
彿,⿰彳弗,⿰,left-right,彳|弗,component-5f73|component-5f17,彳|弗,2,2,chise-ids-ucs-basic,352e13378e411c322cfa16bfd7a6d21d670d7eca,source-attested,unreviewed,GPL-2.0-or-later
捨,⿰扌舍,⿰,left-right,扌|舍,component-624c|component-820d,扌|舍,2,2,chise-ids-ucs-basic,352e13378e411c322cfa16bfd7a6d21d670d7eca,source-attested,unreviewed,GPL-2.0-or-later
缸,⿰缶工,⿰,left-right,缶|工,component-7f36|component-5de5,缶|工,2,2,chise-ids-ucs-basic,352e13378e411c322cfa16bfd7a6d21d670d7eca,source-attested,unreviewed,GPL-2.0-or-later
範,⿱竹𨊠,⿱,top-bottom,竹|𨊠,component-7af9|component-282a0,竹|𨊠,2,2,chise-ids-ucs-basic,352e13378e411c322cfa16bfd7a6d21d670d7eca,source-attested,unreviewed,GPL-2.0-or-later
埋,⿰土里,⿰,left-right,土|里,component-571f|component-91cc,土|里,2,2,chise-ids-ucs-basic,352e13378e411c322cfa16bfd7a6d21d670d7eca,source-attested,unreviewed,GPL-2.0-or-later
捕,⿰扌甫,⿰,left-right,扌|甫,component-624c|component-752b,扌|甫,2,2,chise-ids-ucs-basic,352e13378e411c322cfa16bfd7a6d21d670d7eca,source-attested,unreviewed,GPL-2.0-or-later
氧,⿹气羊,⿹,surround,气|羊,component-6c14|component-7f8a,气|羊,2,2,chise-ids-ucs-basic,352e13378e411c322cfa16bfd7a6d21d670d7eca,source-attested,unreviewed,GPL-2.0-or-later
迷,⿺辶米,⿺,surround,辶|米,component-8fb6|component-7c73,辶|米,2,2,chise-ids-ucs-basic,352e13378e411c322cfa16bfd7a6d21d670d7eca,source-attested,unreviewed,GPL-2.0-or-later
涼,⿰氵京,⿰,left-right,氵|京,component-6c35|component-4eac,氵|京,2,2,chise-ids-ucs-basic,352e13378e411c322cfa16bfd7a6d21d670d7eca,source-attested,unreviewed,GPL-2.0-or-later
棉,⿰木帛,⿰,left-right,木|帛,component-6728|component-5e1b,木|帛,2,2,chise-ids-ucs-basic,352e13378e411c322cfa16bfd7a6d21d670d7eca,source-attested,unreviewed,GPL-2.0-or-later
擠,⿰扌齊,⿰,left-right,扌|齊,component-624c|component-9f4a,扌|齊,2,2,chise-ids-ucs-basic,352e13378e411c322cfa16bfd7a6d21d670d7eca,source-attested,unreviewed,GPL-2.0-or-later
濟,⿰氵齊,⿰,left-right,氵|齊,component-6c35|component-9f4a,氵|齊,2,2,chise-ids-ucs-basic,352e13378e411c322cfa16bfd7a6d21d670d7eca,source-attested,unreviewed,GPL-2.0-or-later
朱,⿰丿未,⿰,left-right,丿|未,component-4e3f|component-672a,丿|未,2,2,chise-ids-ucs-basic,352e13378e411c322cfa16bfd7a6d21d670d7eca,source-attested,unreviewed,GPL-2.0-or-later
析,⿰木斤,⿰,left-right,木|斤,component-6728|component-65a4,木|斤,2,2,chise-ids-ucs-basic,352e13378e411c322cfa16bfd7a6d21d670d7eca,source-attested,unreviewed,GPL-2.0-or-later
采,⿱爫木,⿱,top-bottom,爫|木,component-722b|component-6728,爫|木,2,2,chise-ids-ucs-basic,352e13378e411c322cfa16bfd7a6d21d670d7eca,source-attested,unreviewed,GPL-2.0-or-later
宣,⿱宀亘,⿱,top-bottom,宀|亘,component-5b80|component-4e98,宀|亘,2,2,chise-ids-ucs-basic,352e13378e411c322cfa16bfd7a6d21d670d7eca,source-attested,unreviewed,GPL-2.0-or-later
恰,⿰忄合,⿰,left-right,忄|合,component-5fc4|component-5408,忄|合,2,2,chise-ids-ucs-basic,352e13378e411c322cfa16bfd7a6d21d670d7eca,source-attested,unreviewed,GPL-2.0-or-later
徒,⿰彳走,⿰,left-right,彳|走,component-5f73|component-8d70,彳|走,2,2,chise-ids-ucs-basic,352e13378e411c322cfa16bfd7a6d21d670d7eca,source-attested,unreviewed,GPL-2.0-or-later
逐,⿺辶豕,⿺,surround,辶|豕,component-8fb6|component-8c55,辶|豕,2,2,chise-ids-ucs-basic,352e13378e411c322cfa16bfd7a6d21d670d7eca,source-attested,unreviewed,GPL-2.0-or-later
棋,⿰木其,⿰,left-right,木|其,component-6728|component-5176,木|其,2,2,chise-ids-ucs-basic,352e13378e411c322cfa16bfd7a6d21d670d7eca,source-attested,unreviewed,GPL-2.0-or-later
搶,⿰扌倉,⿰,left-right,扌|倉,component-624c|component-5009,扌|倉,2,2,chise-ids-ucs-basic,352e13378e411c322cfa16bfd7a6d21d670d7eca,source-attested,unreviewed,GPL-2.0-or-later
慣,⿰忄貫,⿰,left-right,忄|貫,component-5fc4|component-8cab,忄|貫,2,2,chise-ids-ucs-basic,352e13378e411c322cfa16bfd7a6d21d670d7eca,source-attested,unreviewed,GPL-2.0-or-later
潤,⿰氵閏,⿰,left-right,氵|閏,component-6c35|component-958f,氵|閏,2,2,chise-ids-ucs-basic,352e13378e411c322cfa16bfd7a6d21d670d7eca,source-attested,unreviewed,GPL-2.0-or-later
稻,⿰禾舀,⿰,left-right,禾|舀,component-79be|component-8200,禾|舀,2,2,chise-ids-ucs-basic,352e13378e411c322cfa16bfd7a6d21d670d7eca,source-attested,unreviewed,GPL-2.0-or-later
蔣,⿱艹將,⿱,top-bottom,艹|將,component-8279|component-5c07,艹|將,2,2,chise-ids-ucs-basic,352e13378e411c322cfa16bfd7a6d21d670d7eca,source-attested,unreviewed,GPL-2.0-or-later
躺,⿰身尚,⿰,left-right,身|尚,component-8eab|component-5c1a,身|尚,2,2,chise-ids-ucs-basic,352e13378e411c322cfa16bfd7a6d21d670d7eca,source-attested,unreviewed,GPL-2.0-or-later
辨,⿴辡&CDP-8BEA;,⿴,surround,辡|&CDP-8BEA;,component-8fa1|component-CDP-8BEA,辡|&CDP-8BEA;,2,2,chise-ids-ucs-basic,352e13378e411c322cfa16bfd7a6d21d670d7eca,source-attested,unreviewed,GPL-2.0-or-later
鎮,⿰金真,⿰,left-right,金|真,component-91d1|component-771f,金|真,2,2,chise-ids-ucs-basic,352e13378e411c322cfa16bfd7a6d21d670d7eca,source-attested,unreviewed,GPL-2.0-or-later
額,⿰客頁,⿰,left-right,客|頁,component-5ba2|component-9801,客|頁,2,2,chise-ids-ucs-basic,352e13378e411c322cfa16bfd7a6d21d670d7eca,source-attested,unreviewed,GPL-2.0-or-later
鶉,⿰享鳥,⿰,left-right,享|鳥,component-4eab|component-9ce5,享|鳥,2,2,chise-ids-ucs-basic,352e13378e411c322cfa16bfd7a6d21d670d7eca,source-attested,unreviewed,GPL-2.0-or-later
鵪,⿰奄鳥,⿰,left-right,奄|鳥,component-5944|component-9ce5,奄|鳥,2,2,chise-ids-ucs-basic,352e13378e411c322cfa16bfd7a6d21d670d7eca,source-attested,unreviewed,GPL-2.0-or-later
爐,⿰火盧,⿰,left-right,火|盧,component-706b|component-76e7,火|盧,2,2,chise-ids-ucs-basic,352e13378e411c322cfa16bfd7a6d21d670d7eca,source-attested,unreviewed,GPL-2.0-or-later
灘,⿰氵難,⿰,left-right,氵|難,component-6c35|component-96e3,氵|難,2,2,chise-ids-ucs-basic,352e13378e411c322cfa16bfd7a6d21d670d7eca,source-attested,unreviewed,GPL-2.0-or-later
扎,⿰扌乚,⿰,left-right,扌|乚,component-624c|component-4e5a,扌|乚,2,2,chise-ids-ucs-basic,352e13378e411c322cfa16bfd7a6d21d670d7eca,source-attested,unreviewed,GPL-2.0-or-later
忍,⿱刃心,⿱,top-bottom,刃|心,component-5203|component-5fc3,刃|心,2,2,chise-ids-ucs-basic,352e13378e411c322cfa16bfd7a6d21d670d7eca,source-attested,unreviewed,GPL-2.0-or-later
承,承,,single,承,component-627f,承,1,1,chise-ids-ucs-basic,352e13378e411c322cfa16bfd7a6d21d670d7eca,source-attested,unreviewed,GPL-2.0-or-later
泡,⿰氵包,⿰,left-right,氵|包,component-6c35|component-5305,氵|包,2,2,chise-ids-ucs-basic,352e13378e411c322cfa16bfd7a6d21d670d7eca,source-attested,unreviewed,GPL-2.0-or-later
俄,⿰亻我,⿰,left-right,亻|我,component-4ebb|component-6211,亻|我,2,2,chise-ids-ucs-basic,352e13378e411c322cfa16bfd7a6d21d670d7eca,source-attested,unreviewed,GPL-2.0-or-later
柔,⿱矛木,⿱,top-bottom,矛|木,component-77db|component-6728,矛|木,2,2,chise-ids-ucs-basic,352e13378e411c322cfa16bfd7a6d21d670d7eca,source-attested,unreviewed,GPL-2.0-or-later
勒,⿰革力,⿰,left-right,革|力,component-9769|component-529b,革|力,2,2,chise-ids-ucs-basic,352e13378e411c322cfa16bfd7a6d21d670d7eca,source-attested,unreviewed,GPL-2.0-or-later
獅,⿰犭師,⿰,left-right,犭|師,component-72ad|component-5e2b,犭|師,2,2,chise-ids-ucs-basic,352e13378e411c322cfa16bfd7a6d21d670d7eca,source-attested,unreviewed,GPL-2.0-or-later
輸,⿰車俞,⿰,left-right,車|俞,component-8eca|component-4fde,車|俞,2,2,chise-ids-ucs-basic,352e13378e411c322cfa16bfd7a6d21d670d7eca,source-attested,unreviewed,GPL-2.0-or-later
霧,⿱雨務,⿱,top-bottom,雨|務,component-96e8|component-52d9,雨|務,2,2,chise-ids-ucs-basic,352e13378e411c322cfa16bfd7a6d21d670d7eca,source-attested,unreviewed,GPL-2.0-or-later
凡,⿵几丶,⿵,surround,几|丶,component-51e0|component-4e36,几|丶,2,2,chise-ids-ucs-basic,352e13378e411c322cfa16bfd7a6d21d670d7eca,source-attested,unreviewed,GPL-2.0-or-later
巧,⿰工丂,⿰,left-right,工|丂,component-5de5|component-4e02,工|丂,2,2,chise-ids-ucs-basic,352e13378e411c322cfa16bfd7a6d21d670d7eca,source-attested,unreviewed,GPL-2.0-or-later
扔,⿰扌乃,⿰,left-right,扌|乃,component-624c|component-4e43,扌|乃,2,2,chise-ids-ucs-basic,352e13378e411c322cfa16bfd7a6d21d670d7eca,source-attested,unreviewed,GPL-2.0-or-later
怒,⿱奴心,⿱,top-bottom,奴|心,component-5974|component-5fc3,奴|心,2,2,chise-ids-ucs-basic,352e13378e411c322cfa16bfd7a6d21d670d7eca,source-attested,unreviewed,GPL-2.0-or-later
柿,⿰木市,⿰,left-right,木|市,component-6728|component-5e02,木|市,2,2,chise-ids-ucs-basic,352e13378e411c322cfa16bfd7a6d21d670d7eca,source-attested,unreviewed,GPL-2.0-or-later
株,⿰木朱,⿰,left-right,木|朱,component-6728|component-6731,木|朱,2,2,chise-ids-ucs-basic,352e13378e411c322cfa16bfd7a6d21d670d7eca,source-attested,unreviewed,GPL-2.0-or-later
浮,⿰氵孚,⿰,left-right,氵|孚,component-6c35|component-5b5a,氵|孚,2,2,chise-ids-ucs-basic,352e13378e411c322cfa16bfd7a6d21d670d7eca,source-attested,unreviewed,GPL-2.0-or-later
貧,⿱分貝,⿱,top-bottom,分|貝,component-5206|component-8c9d,分|貝,2,2,chise-ids-ucs-basic,352e13378e411c322cfa16bfd7a6d21d670d7eca,source-attested,unreviewed,GPL-2.0-or-later
蒸,⿱艹烝,⿱,top-bottom,艹|烝,component-8279|component-70dd,艹|烝,2,2,chise-ids-ucs-basic,352e13378e411c322cfa16bfd7a6d21d670d7eca,source-attested,unreviewed,GPL-2.0-or-later
厲,⿸厂萬,⿸,surround,厂|萬,component-5382|component-842c,厂|萬,2,2,chise-ids-ucs-basic,352e13378e411c322cfa16bfd7a6d21d670d7eca,source-attested,unreviewed,GPL-2.0-or-later
鄭,⿰奠⻏,⿰,left-right,奠|⻏,component-5960|component-2ecf,奠|⻏,2,2,chise-ids-ucs-basic,352e13378e411c322cfa16bfd7a6d21d670d7eca,source-attested,unreviewed,GPL-2.0-or-later
叢,⿱丵取,⿱,top-bottom,丵|取,component-4e35|component-53d6,丵|取,2,2,chise-ids-ucs-basic,352e13378e411c322cfa16bfd7a6d21d670d7eca,source-attested,unreviewed,GPL-2.0-or-later
爛,⿰火闌,⿰,left-right,火|闌,component-706b|component-95cc,火|闌,2,2,chise-ids-ucs-basic,352e13378e411c322cfa16bfd7a6d21d670d7eca,source-attested,unreviewed,GPL-2.0-or-later
權,⿰木雚,⿰,left-right,木|雚,component-6728|component-96da,木|雚,2,2,chise-ids-ucs-basic,352e13378e411c322cfa16bfd7a6d21d670d7eca,source-attested,unreviewed,GPL-2.0-or-later
疊,⿱畾冝,⿱,top-bottom,畾|冝,component-757e|component-519d,畾|冝,2,2,chise-ids-ucs-basic,352e13378e411c322cfa16bfd7a6d21d670d7eca,source-attested,unreviewed,GPL-2.0-or-later
伍,⿰亻五,⿰,left-right,亻|五,component-4ebb|component-4e94,亻|五,2,2,chise-ids-ucs-basic,352e13378e411c322cfa16bfd7a6d21d670d7eca,source-attested,unreviewed,GPL-2.0-or-later
呆,⿱口木,⿱,top-bottom,口|木,component-53e3|component-6728,口|木,2,2,chise-ids-ucs-basic,352e13378e411c322cfa16bfd7a6d21d670d7eca,source-attested,unreviewed,GPL-2.0-or-later
甚,⿱&CDP-88C8;匹,⿱,top-bottom,&CDP-88C8;|匹,component-CDP-88C8|component-5339,&CDP-88C8;|匹,2,2,chise-ids-ucs-basic,352e13378e411c322cfa16bfd7a6d21d670d7eca,source-attested,unreviewed,GPL-2.0-or-later
迪,⿺辶由,⿺,surround,辶|由,component-8fb6|component-7531,辶|由,2,2,chise-ids-ucs-basic,352e13378e411c322cfa16bfd7a6d21d670d7eca,source-attested,unreviewed,GPL-2.0-or-later
液,⿰氵夜,⿰,left-right,氵|夜,component-6c35|component-591c,氵|夜,2,2,chise-ids-ucs-basic,352e13378e411c322cfa16bfd7a6d21d670d7eca,source-attested,unreviewed,GPL-2.0-or-later
莫,⿱艹旲,⿱,top-bottom,艹|旲,component-8279|component-65f2,艹|旲,2,2,chise-ids-ucs-basic,352e13378e411c322cfa16bfd7a6d21d670d7eca,source-attested,unreviewed,GPL-2.0-or-later
蜓,⿰虫廷,⿰,left-right,虫|廷,component-866b|component-5ef7,虫|廷,2,2,chise-ids-ucs-basic,352e13378e411c322cfa16bfd7a6d21d670d7eca,source-attested,unreviewed,GPL-2.0-or-later
跡,⿰𧾷亦,⿰,left-right,𧾷|亦,component-27fb7|component-4ea6,𧾷|亦,2,2,chise-ids-ucs-basic,352e13378e411c322cfa16bfd7a6d21d670d7eca,source-attested,unreviewed,GPL-2.0-or-later
載,⿹𢦏車,⿹,surround,𢦏|車,component-2298f|component-8eca,𢦏|車,2,2,chise-ids-ucs-basic,352e13378e411c322cfa16bfd7a6d21d670d7eca,source-attested,unreviewed,GPL-2.0-or-later
蜻,⿰虫青,⿰,left-right,虫|青,component-866b|component-9752,虫|青,2,2,chise-ids-ucs-basic,352e13378e411c322cfa16bfd7a6d21d670d7eca,source-attested,unreviewed,GPL-2.0-or-later
豔,⿰豐盍,⿰,left-right,豐|盍,component-8c50|component-76cd,豐|盍,2,2,chise-ids-ucs-basic,352e13378e411c322cfa16bfd7a6d21d670d7eca,source-attested,unreviewed,GPL-2.0-or-later
犯,⿰犭㔾,⿰,left-right,犭|㔾,component-72ad|component-353e,犭|㔾,2,2,chise-ids-ucs-basic,352e13378e411c322cfa16bfd7a6d21d670d7eca,source-attested,unreviewed,GPL-2.0-or-later
辛,辛,,single,辛,component-8f9b,辛,1,1,chise-ids-ucs-basic,352e13378e411c322cfa16bfd7a6d21d670d7eca,source-attested,unreviewed,GPL-2.0-or-later
咪,⿰口米,⿰,left-right,口|米,component-53e3|component-7c73,口|米,2,2,chise-ids-ucs-basic,352e13378e411c322cfa16bfd7a6d21d670d7eca,source-attested,unreviewed,GPL-2.0-or-later
姨,⿰女夷,⿰,left-right,女|夷,component-5973|component-5937,女|夷,2,2,chise-ids-ucs-basic,352e13378e411c322cfa16bfd7a6d21d670d7eca,source-attested,unreviewed,GPL-2.0-or-later
迫,⿺辶白,⿺,surround,辶|白,component-8fb6|component-767d,辶|白,2,2,chise-ids-ucs-basic,352e13378e411c322cfa16bfd7a6d21d670d7eca,source-attested,unreviewed,GPL-2.0-or-later
徐,⿰彳余,⿰,left-right,彳|余,component-5f73|component-4f59,彳|余,2,2,chise-ids-ucs-basic,352e13378e411c322cfa16bfd7a6d21d670d7eca,source-attested,unreviewed,GPL-2.0-or-later
紋,⿰糸文,⿰,left-right,糸|文,component-7cf8|component-6587,糸|文,2,2,chise-ids-ucs-basic,352e13378e411c322cfa16bfd7a6d21d670d7eca,source-attested,unreviewed,GPL-2.0-or-later
素,⿱龶糸,⿱,top-bottom,龶|糸,component-9fb6|component-7cf8,龶|糸,2,2,chise-ids-ucs-basic,352e13378e411c322cfa16bfd7a6d21d670d7eca,source-attested,unreviewed,GPL-2.0-or-later
蝶,⿰虫枼,⿰,left-right,虫|枼,component-866b|component-67bc,虫|枼,2,2,chise-ids-ucs-basic,352e13378e411c322cfa16bfd7a6d21d670d7eca,source-attested,unreviewed,GPL-2.0-or-later
諸,⿰言者,⿰,left-right,言|者,component-8a00|component-8005,言|者,2,2,chise-ids-ucs-basic,352e13378e411c322cfa16bfd7a6d21d670d7eca,source-attested,unreviewed,GPL-2.0-or-later
踏,⿰𧾷沓,⿰,left-right,𧾷|沓,component-27fb7|component-6c93,𧾷|沓,2,2,chise-ids-ucs-basic,352e13378e411c322cfa16bfd7a6d21d670d7eca,source-attested,unreviewed,GPL-2.0-or-later
駝,⿰馬它,⿰,left-right,馬|它,component-99ac|component-5b83,馬|它,2,2,chise-ids-ucs-basic,352e13378e411c322cfa16bfd7a6d21d670d7eca,source-attested,unreviewed,GPL-2.0-or-later
警,⿱敬言,⿱,top-bottom,敬|言,component-656c|component-8a00,敬|言,2,2,chise-ids-ucs-basic,352e13378e411c322cfa16bfd7a6d21d670d7eca,source-attested,unreviewed,GPL-2.0-or-later
斧,⿱父斤,⿱,top-bottom,父|斤,component-7236|component-65a4,父|斤,2,2,chise-ids-ucs-basic,352e13378e411c322cfa16bfd7a6d21d670d7eca,source-attested,unreviewed,GPL-2.0-or-later
股,⿰⺼殳,⿰,left-right,⺼|殳,component-2ebc|component-6bb3,⺼|殳,2,2,chise-ids-ucs-basic,352e13378e411c322cfa16bfd7a6d21d670d7eca,source-attested,unreviewed,GPL-2.0-or-later
財,⿰貝才,⿰,left-right,貝|才,component-8c9d|component-624d,貝|才,2,2,chise-ids-ucs-basic,352e13378e411c322cfa16bfd7a6d21d670d7eca,source-attested,unreviewed,GPL-2.0-or-later
敗,⿰貝攵,⿰,left-right,貝|攵,component-8c9d|component-6535,貝|攵,2,2,chise-ids-ucs-basic,352e13378e411c322cfa16bfd7a6d21d670d7eca,source-attested,unreviewed,GPL-2.0-or-later
粗,⿰米且,⿰,left-right,米|且,component-7c73|component-4e14,米|且,2,2,chise-ids-ucs-basic,352e13378e411c322cfa16bfd7a6d21d670d7eca,source-attested,unreviewed,GPL-2.0-or-later
牌,⿰片卑,⿰,left-right,片|卑,component-7247|component-5351,片|卑,2,2,chise-ids-ucs-basic,352e13378e411c322cfa16bfd7a6d21d670d7eca,source-attested,unreviewed,GPL-2.0-or-later
誠,⿰言成,⿰,left-right,言|成,component-8a00|component-6210,言|成,2,2,chise-ids-ucs-basic,352e13378e411c322cfa16bfd7a6d21d670d7eca,source-attested,unreviewed,GPL-2.0-or-later
飾,⿸⿰飠𠂉巾,⿸,surround,飠|𠂉|巾,component-98e0|component-20089|component-5dfe,飠|𠂉|巾,3,3,chise-ids-ucs-basic,352e13378e411c322cfa16bfd7a6d21d670d7eca,source-attested,unreviewed,GPL-2.0-or-later
漫,⿰氵曼,⿰,left-right,氵|曼,component-6c35|component-66fc,氵|曼,2,2,chise-ids-ucs-basic,352e13378e411c322cfa16bfd7a6d21d670d7eca,source-attested,unreviewed,GPL-2.0-or-later
膠,⿰⺼翏,⿰,left-right,⺼|翏,component-2ebc|component-7fcf,⺼|翏,2,2,chise-ids-ucs-basic,352e13378e411c322cfa16bfd7a6d21d670d7eca,source-attested,unreviewed,GPL-2.0-or-later
鵑,⿰肙鳥,⿰,left-right,肙|鳥,component-8099|component-9ce5,肙|鳥,2,2,chise-ids-ucs-basic,352e13378e411c322cfa16bfd7a6d21d670d7eca,source-attested,unreviewed,GPL-2.0-or-later
坑,⿰土亢,⿰,left-right,土|亢,component-571f|component-4ea2,土|亢,2,2,chise-ids-ucs-basic,352e13378e411c322cfa16bfd7a6d21d670d7eca,source-attested,unreviewed,GPL-2.0-or-later
供,⿰亻共,⿰,left-right,亻|共,component-4ebb|component-5171,亻|共,2,2,chise-ids-ucs-basic,352e13378e411c322cfa16bfd7a6d21d670d7eca,source-attested,unreviewed,GPL-2.0-or-later
固,⿴囗古,⿴,surround,囗|古,component-56d7|component-53e4,囗|古,2,2,chise-ids-ucs-basic,352e13378e411c322cfa16bfd7a6d21d670d7eca,source-attested,unreviewed,GPL-2.0-or-later
肯,⿱止&CDP-8958;,⿱,top-bottom,止|&CDP-8958;,component-6b62|component-CDP-8958,止|&CDP-8958;,2,2,chise-ids-ucs-basic,352e13378e411c322cfa16bfd7a6d21d670d7eca,source-attested,unreviewed,GPL-2.0-or-later
昨,⿰日乍,⿰,left-right,日|乍,component-65e5|component-4e4d,日|乍,2,2,chise-ids-ucs-basic,352e13378e411c322cfa16bfd7a6d21d670d7eca,source-attested,unreviewed,GPL-2.0-or-later
若,⿱艹右,⿱,top-bottom,艹|右,component-8279|component-53f3,艹|右,2,2,chise-ids-ucs-basic,352e13378e411c322cfa16bfd7a6d21d670d7eca,source-attested,unreviewed,GPL-2.0-or-later
茶,⿱艹⿱𠆢朩,⿱,top-bottom,艹|𠆢|朩,component-8279|component-201a2|component-6729,艹|𠆢|朩,3,3,chise-ids-ucs-basic,352e13378e411c322cfa16bfd7a6d21d670d7eca,source-attested,unreviewed,GPL-2.0-or-later
偷,⿰亻俞,⿰,left-right,亻|俞,component-4ebb|component-4fde,亻|俞,2,2,chise-ids-ucs-basic,352e13378e411c322cfa16bfd7a6d21d670d7eca,source-attested,unreviewed,GPL-2.0-or-later
終,⿰糸冬,⿰,left-right,糸|冬,component-7cf8|component-51ac,糸|冬,2,2,chise-ids-ucs-basic,352e13378e411c322cfa16bfd7a6d21d670d7eca,source-attested,unreviewed,GPL-2.0-or-later
軟,⿰車欠,⿰,left-right,車|欠,component-8eca|component-6b20,車|欠,2,2,chise-ids-ucs-basic,352e13378e411c322cfa16bfd7a6d21d670d7eca,source-attested,unreviewed,GPL-2.0-or-later
軸,⿰車由,⿰,left-right,車|由,component-8eca|component-7531,車|由,2,2,chise-ids-ucs-basic,352e13378e411c322cfa16bfd7a6d21d670d7eca,source-attested,unreviewed,GPL-2.0-or-later
慌,⿰忄荒,⿰,left-right,忄|荒,component-5fc4|component-8352,忄|荒,2,2,chise-ids-ucs-basic,352e13378e411c322cfa16bfd7a6d21d670d7eca,source-attested,unreviewed,GPL-2.0-or-later
嫩,⿰女敕,⿰,left-right,女|敕,component-5973|component-6555,女|敕,2,2,chise-ids-ucs-basic,352e13378e411c322cfa16bfd7a6d21d670d7eca,source-attested,unreviewed,GPL-2.0-or-later
毅,⿰豙殳,⿰,left-right,豙|殳,component-8c59|component-6bb3,豙|殳,2,2,chise-ids-ucs-basic,352e13378e411c322cfa16bfd7a6d21d670d7eca,source-attested,unreviewed,GPL-2.0-or-later
嚇,⿰口赫,⿰,left-right,口|赫,component-53e3|component-8d6b,口|赫,2,2,chise-ids-ucs-basic,352e13378e411c322cfa16bfd7a6d21d670d7eca,source-attested,unreviewed,GPL-2.0-or-later
燭,⿰火蜀,⿰,left-right,火|蜀,component-706b|component-8700,火|蜀,2,2,chise-ids-ucs-basic,352e13378e411c322cfa16bfd7a6d21d670d7eca,source-attested,unreviewed,GPL-2.0-or-later
齡,⿰齒令,⿰,left-right,齒|令,component-9f52|component-4ee4,齒|令,2,2,chise-ids-ucs-basic,352e13378e411c322cfa16bfd7a6d21d670d7eca,source-attested,unreviewed,GPL-2.0-or-later
岡,⿵冂&CDP-8CC7;,⿵,surround,冂|&CDP-8CC7;,component-5182|component-CDP-8CC7,冂|&CDP-8CC7;,2,2,chise-ids-ucs-basic,352e13378e411c322cfa16bfd7a6d21d670d7eca,source-attested,unreviewed,GPL-2.0-or-later
郁,⿰有⻏,⿰,left-right,有|⻏,component-6709|component-2ecf,有|⻏,2,2,chise-ids-ucs-basic,352e13378e411c322cfa16bfd7a6d21d670d7eca,source-attested,unreviewed,GPL-2.0-or-later
逃,⿺辶兆,⿺,surround,辶|兆,component-8fb6|component-5146,辶|兆,2,2,chise-ids-ucs-basic,352e13378e411c322cfa16bfd7a6d21d670d7eca,source-attested,unreviewed,GPL-2.0-or-later
婦,⿰女帚,⿰,left-right,女|帚,component-5973|component-5e1a,女|帚,2,2,chise-ids-ucs-basic,352e13378e411c322cfa16bfd7a6d21d670d7eca,source-attested,unreviewed,GPL-2.0-or-later
傾,⿰亻頃,⿰,left-right,亻|頃,component-4ebb|component-9803,亻|頃,2,2,chise-ids-ucs-basic,352e13378e411c322cfa16bfd7a6d21d670d7eca,source-attested,unreviewed,GPL-2.0-or-later
嗡,⿰口翁,⿰,left-right,口|翁,component-53e3|component-7fc1,口|翁,2,2,chise-ids-ucs-basic,352e13378e411c322cfa16bfd7a6d21d670d7eca,source-attested,unreviewed,GPL-2.0-or-later
聖,⿽呈耳,,single,⿽|呈|耳,component-2ffd|component-5448|component-8033,⿽|呈|耳,3,3,chise-ids-ucs-basic,352e13378e411c322cfa16bfd7a6d21d670d7eca,source-attested,unreviewed,GPL-2.0-or-later
碧,⿱珀石,⿱,top-bottom,珀|石,component-73c0|component-77f3,珀|石,2,2,chise-ids-ucs-basic,352e13378e411c322cfa16bfd7a6d21d670d7eca,source-attested,unreviewed,GPL-2.0-or-later
歐,⿰區欠,⿰,left-right,區|欠,component-5340|component-6b20,區|欠,2,2,chise-ids-ucs-basic,352e13378e411c322cfa16bfd7a6d21d670d7eca,source-attested,unreviewed,GPL-2.0-or-later
霞,⿱雨叚,⿱,top-bottom,雨|叚,component-96e8|component-53da,雨|叚,2,2,chise-ids-ucs-basic,352e13378e411c322cfa16bfd7a6d21d670d7eca,source-attested,unreviewed,GPL-2.0-or-later
樸,⿰木菐,⿰,left-right,木|菐,component-6728|component-83d0,木|菐,2,2,chise-ids-ucs-basic,352e13378e411c322cfa16bfd7a6d21d670d7eca,source-attested,unreviewed,GPL-2.0-or-later
串,串,,single,串,component-4e32,串,1,1,chise-ids-ucs-basic,352e13378e411c322cfa16bfd7a6d21d670d7eca,source-attested,unreviewed,GPL-2.0-or-later
戒,⿹戈廾,⿹,surround,戈|廾,component-6208|component-5efe,戈|廾,2,2,chise-ids-ucs-basic,352e13378e411c322cfa16bfd7a6d21d670d7eca,source-attested,unreviewed,GPL-2.0-or-later
咬,⿰口交,⿰,left-right,口|交,component-53e3|component-4ea4,口|交,2,2,chise-ids-ucs-basic,352e13378e411c322cfa16bfd7a6d21d670d7eca,source-attested,unreviewed,GPL-2.0-or-later
欲,⿰谷欠,⿰,left-right,谷|欠,component-8c37|component-6b20,谷|欠,2,2,chise-ids-ucs-basic,352e13378e411c322cfa16bfd7a6d21d670d7eca,source-attested,unreviewed,GPL-2.0-or-later
陷,⿰⻖臽,⿰,left-right,⻖|臽,component-2ed6|component-81fd,⻖|臽,2,2,chise-ids-ucs-basic,352e13378e411c322cfa16bfd7a6d21d670d7eca,source-attested,unreviewed,GPL-2.0-or-later
惡,⿱亞心,⿱,top-bottom,亞|心,component-4e9e|component-5fc3,亞|心,2,2,chise-ids-ucs-basic,352e13378e411c322cfa16bfd7a6d21d670d7eca,source-attested,unreviewed,GPL-2.0-or-later
紫,⿱此糸,⿱,top-bottom,此|糸,component-6b64|component-7cf8,此|糸,2,2,chise-ids-ucs-basic,352e13378e411c322cfa16bfd7a6d21d670d7eca,source-attested,unreviewed,GPL-2.0-or-later
閏,⿵門王,⿵,surround,門|王,component-9580|component-738b,門|王,2,2,chise-ids-ucs-basic,352e13378e411c322cfa16bfd7a6d21d670d7eca,source-attested,unreviewed,GPL-2.0-or-later
網,⿰糸罔,⿰,left-right,糸|罔,component-7cf8|component-7f54,糸|罔,2,2,chise-ids-ucs-basic,352e13378e411c322cfa16bfd7a6d21d670d7eca,source-attested,unreviewed,GPL-2.0-or-later
稿,⿰禾高,⿰,left-right,禾|高,component-79be|component-9ad8,禾|高,2,2,chise-ids-ucs-basic,352e13378e411c322cfa16bfd7a6d21d670d7eca,source-attested,unreviewed,GPL-2.0-or-later
丟,⿱一去,⿱,top-bottom,一|去,component-4e00|component-53bb,一|去,2,2,chise-ids-ucs-basic,352e13378e411c322cfa16bfd7a6d21d670d7eca,source-attested,unreviewed,GPL-2.0-or-later
帆,⿰巾凡,⿰,left-right,巾|凡,component-5dfe|component-51e1,巾|凡,2,2,chise-ids-ucs-basic,352e13378e411c322cfa16bfd7a6d21d670d7eca,source-attested,unreviewed,GPL-2.0-or-later
協,⿰十劦,⿰,left-right,十|劦,component-5341|component-52a6,十|劦,2,2,chise-ids-ucs-basic,352e13378e411c322cfa16bfd7a6d21d670d7eca,source-attested,unreviewed,GPL-2.0-or-later
眉,⿸𠃜目,⿸,surround,𠃜|目,component-200dc|component-76ee,𠃜|目,2,2,chise-ids-ucs-basic,352e13378e411c322cfa16bfd7a6d21d670d7eca,source-attested,unreviewed,GPL-2.0-or-later
倉,⿴合𠁣,⿴,surround,合|𠁣,component-5408|component-20063,合|𠁣,2,2,chise-ids-ucs-basic,352e13378e411c322cfa16bfd7a6d21d670d7eca,source-attested,unreviewed,GPL-2.0-or-later
茫,⿱艹汒,⿱,top-bottom,艹|汒,component-8279|component-6c52,艹|汒,2,2,chise-ids-ucs-basic,352e13378e411c322cfa16bfd7a6d21d670d7eca,source-attested,unreviewed,GPL-2.0-or-later
喀,⿰口客,⿰,left-right,口|客,component-53e3|component-5ba2,口|客,2,2,chise-ids-ucs-basic,352e13378e411c322cfa16bfd7a6d21d670d7eca,source-attested,unreviewed,GPL-2.0-or-later
搞,⿰扌高,⿰,left-right,扌|高,component-624c|component-9ad8,扌|高,2,2,chise-ids-ucs-basic,352e13378e411c322cfa16bfd7a6d21d670d7eca,source-attested,unreviewed,GPL-2.0-or-later
詳,⿰言羊,⿰,left-right,言|羊,component-8a00|component-7f8a,言|羊,2,2,chise-ids-ucs-basic,352e13378e411c322cfa16bfd7a6d21d670d7eca,source-attested,unreviewed,GPL-2.0-or-later
幕,⿱莫巾,⿱,top-bottom,莫|巾,component-83ab|component-5dfe,莫|巾,2,2,chise-ids-ucs-basic,352e13378e411c322cfa16bfd7a6d21d670d7eca,source-attested,unreviewed,GPL-2.0-or-later
綿,⿰糸帛,⿰,left-right,糸|帛,component-7cf8|component-5e1b,糸|帛,2,2,chise-ids-ucs-basic,352e13378e411c322cfa16bfd7a6d21d670d7eca,source-attested,unreviewed,GPL-2.0-or-later
撿,⿰扌僉,⿰,left-right,扌|僉,component-624c|component-50c9,扌|僉,2,2,chise-ids-ucs-basic,352e13378e411c322cfa16bfd7a6d21d670d7eca,source-attested,unreviewed,GPL-2.0-or-later
頸,⿰巠頁,⿰,left-right,巠|頁,component-5de0|component-9801,巠|頁,2,2,chise-ids-ucs-basic,352e13378e411c322cfa16bfd7a6d21d670d7eca,source-attested,unreviewed,GPL-2.0-or-later
鍛,⿰金段,⿰,left-right,金|段,component-91d1|component-6bb5,金|段,2,2,chise-ids-ucs-basic,352e13378e411c322cfa16bfd7a6d21d670d7eca,source-attested,unreviewed,GPL-2.0-or-later
斤,斤,,single,斤,component-65a4,斤,1,1,chise-ids-ucs-basic,352e13378e411c322cfa16bfd7a6d21d670d7eca,source-attested,unreviewed,GPL-2.0-or-later
召,⿱刀口,⿱,top-bottom,刀|口,component-5200|component-53e3,刀|口,2,2,chise-ids-ucs-basic,352e13378e411c322cfa16bfd7a6d21d670d7eca,source-attested,unreviewed,GPL-2.0-or-later
谷,谷,,single,谷,component-8c37,谷,1,1,chise-ids-ucs-basic,352e13378e411c322cfa16bfd7a6d21d670d7eca,source-attested,unreviewed,GPL-2.0-or-later
郎,⿰良⻏,⿰,left-right,良|⻏,component-826f|component-2ecf,良|⻏,2,2,chise-ids-ucs-basic,352e13378e411c322cfa16bfd7a6d21d670d7eca,source-attested,unreviewed,GPL-2.0-or-later
啟,⿰启攵,⿰,left-right,启|攵,component-542f|component-6535,启|攵,2,2,chise-ids-ucs-basic,352e13378e411c322cfa16bfd7a6d21d670d7eca,source-attested,unreviewed,GPL-2.0-or-later
斜,⿰余斗,⿰,left-right,余|斗,component-4f59|component-6597,余|斗,2,2,chise-ids-ucs-basic,352e13378e411c322cfa16bfd7a6d21d670d7eca,source-attested,unreviewed,GPL-2.0-or-later
尋,⿴寻&CDP-8CFA;,⿴,surround,寻|&CDP-8CFA;,component-5bfb|component-CDP-8CFA,寻|&CDP-8CFA;,2,2,chise-ids-ucs-basic,352e13378e411c322cfa16bfd7a6d21d670d7eca,source-attested,unreviewed,GPL-2.0-or-later
替,⿱㚘曰,⿱,top-bottom,㚘|曰,component-3698|component-66f0,㚘|曰,2,2,chise-ids-ucs-basic,352e13378e411c322cfa16bfd7a6d21d670d7eca,source-attested,unreviewed,GPL-2.0-or-later
飽,⿰飠包,⿰,left-right,飠|包,component-98e0|component-5305,飠|包,2,2,chise-ids-ucs-basic,352e13378e411c322cfa16bfd7a6d21d670d7eca,source-attested,unreviewed,GPL-2.0-or-later
夢,⿱⿳艹⺫冖夕,⿱,top-bottom,艹|⺫|冖|夕,component-8279|component-2eab|component-5196|component-5915,艹|⺫|冖|夕,4,4,chise-ids-ucs-basic,352e13378e411c322cfa16bfd7a6d21d670d7eca,source-attested,unreviewed,GPL-2.0-or-later
榨,⿰木窄,⿰,left-right,木|窄,component-6728|component-7a84,木|窄,2,2,chise-ids-ucs-basic,352e13378e411c322cfa16bfd7a6d21d670d7eca,source-attested,unreviewed,GPL-2.0-or-later
廢,⿸广發,⿸,surround,广|發,component-5e7f|component-767c,广|發,2,2,chise-ids-ucs-basic,352e13378e411c322cfa16bfd7a6d21d670d7eca,source-attested,unreviewed,GPL-2.0-or-later
憐,⿰忄粦,⿰,left-right,忄|粦,component-5fc4|component-7ca6,忄|粦,2,2,chise-ids-ucs-basic,352e13378e411c322cfa16bfd7a6d21d670d7eca,source-attested,unreviewed,GPL-2.0-or-later
潮,⿰氵朝,⿰,left-right,氵|朝,component-6c35|component-671d,氵|朝,2,2,chise-ids-ucs-basic,352e13378e411c322cfa16bfd7a6d21d670d7eca,source-attested,unreviewed,GPL-2.0-or-later
蝴,⿰虫胡,⿰,left-right,虫|胡,component-866b|component-80e1,虫|胡,2,2,chise-ids-ucs-basic,352e13378e411c322cfa16bfd7a6d21d670d7eca,source-attested,unreviewed,GPL-2.0-or-later
膽,⿰⺼詹,⿰,left-right,⺼|詹,component-2ebc|component-8a79,⺼|詹,2,2,chise-ids-ucs-basic,352e13378e411c322cfa16bfd7a6d21d670d7eca,source-attested,unreviewed,GPL-2.0-or-later
蠟,⿰虫巤,⿰,left-right,虫|巤,component-866b|component-5de4,虫|巤,2,2,chise-ids-ucs-basic,352e13378e411c322cfa16bfd7a6d21d670d7eca,source-attested,unreviewed,GPL-2.0-or-later
鑼,⿰金羅,⿰,left-right,金|羅,component-91d1|component-7f85,金|羅,2,2,chise-ids-ucs-basic,352e13378e411c322cfa16bfd7a6d21d670d7eca,source-attested,unreviewed,GPL-2.0-or-later
川,川,,single,川,component-5ddd,川,1,1,chise-ids-ucs-basic,352e13378e411c322cfa16bfd7a6d21d670d7eca,source-attested,unreviewed,GPL-2.0-or-later
狂,⿰犭王,⿰,left-right,犭|王,component-72ad|component-738b,犭|王,2,2,chise-ids-ucs-basic,352e13378e411c322cfa16bfd7a6d21d670d7eca,source-attested,unreviewed,GPL-2.0-or-later
肚,⿰⺼土,⿰,left-right,⺼|土,component-2ebc|component-571f,⺼|土,2,2,chise-ids-ucs-basic,352e13378e411c322cfa16bfd7a6d21d670d7eca,source-attested,unreviewed,GPL-2.0-or-later
捲,⿰扌卷,⿰,left-right,扌|卷,component-624c|component-5377,扌|卷,2,2,chise-ids-ucs-basic,352e13378e411c322cfa16bfd7a6d21d670d7eca,source-attested,unreviewed,GPL-2.0-or-later
勃,⿰孛力,⿰,left-right,孛|力,component-5b5b|component-529b,孛|力,2,2,chise-ids-ucs-basic,352e13378e411c322cfa16bfd7a6d21d670d7eca,source-attested,unreviewed,GPL-2.0-or-later
屏,⿸尸并,⿸,surround,尸|并,component-5c38|component-5e76,尸|并,2,2,chise-ids-ucs-basic,352e13378e411c322cfa16bfd7a6d21d670d7eca,source-attested,unreviewed,GPL-2.0-or-later
皇,⿱白王,⿱,top-bottom,白|王,component-767d|component-738b,白|王,2,2,chise-ids-ucs-basic,352e13378e411c322cfa16bfd7a6d21d670d7eca,source-attested,unreviewed,GPL-2.0-or-later
庭,⿸广廷,⿸,surround,广|廷,component-5e7f|component-5ef7,广|廷,2,2,chise-ids-ucs-basic,352e13378e411c322cfa16bfd7a6d21d670d7eca,source-attested,unreviewed,GPL-2.0-or-later
晏,⿱日安,⿱,top-bottom,日|安,component-65e5|component-5b89,日|安,2,2,chise-ids-ucs-basic,352e13378e411c322cfa16bfd7a6d21d670d7eca,source-attested,unreviewed,GPL-2.0-or-later
悲,⿱非心,⿱,top-bottom,非|心,component-975e|component-5fc3,非|心,2,2,chise-ids-ucs-basic,352e13378e411c322cfa16bfd7a6d21d670d7eca,source-attested,unreviewed,GPL-2.0-or-later
滋,⿰氵兹,⿰,left-right,氵|兹,component-6c35|component-5179,氵|兹,2,2,chise-ids-ucs-basic,352e13378e411c322cfa16bfd7a6d21d670d7eca,source-attested,unreviewed,GPL-2.0-or-later
漂,⿰氵票,⿰,left-right,氵|票,component-6c35|component-7968,氵|票,2,2,chise-ids-ucs-basic,352e13378e411c322cfa16bfd7a6d21d670d7eca,source-attested,unreviewed,GPL-2.0-or-later
薄,⿱艹溥,⿱,top-bottom,艹|溥,component-8279|component-6ea5,艹|溥,2,2,chise-ids-ucs-basic,352e13378e411c322cfa16bfd7a6d21d670d7eca,source-attested,unreviewed,GPL-2.0-or-later
瀝,⿰氵歷,⿰,left-right,氵|歷,component-6c35|component-6b77,氵|歷,2,2,chise-ids-ucs-basic,352e13378e411c322cfa16bfd7a6d21d670d7eca,source-attested,unreviewed,GPL-2.0-or-later
灣,⿰氵彎,⿰,left-right,氵|彎,component-6c35|component-5f4e,氵|彎,2,2,chise-ids-ucs-basic,352e13378e411c322cfa16bfd7a6d21d670d7eca,source-attested,unreviewed,GPL-2.0-or-later
仰,⿰亻卬,⿰,left-right,亻|卬,component-4ebb|component-536c,亻|卬,2,2,chise-ids-ucs-basic,352e13378e411c322cfa16bfd7a6d21d670d7eca,source-attested,unreviewed,GPL-2.0-or-later
吐,⿰口土,⿰,left-right,口|土,component-53e3|component-571f,口|土,2,2,chise-ids-ucs-basic,352e13378e411c322cfa16bfd7a6d21d670d7eca,source-attested,unreviewed,GPL-2.0-or-later
披,⿰扌皮,⿰,left-right,扌|皮,component-624c|component-76ae,扌|皮,2,2,chise-ids-ucs-basic,352e13378e411c322cfa16bfd7a6d21d670d7eca,source-attested,unreviewed,GPL-2.0-or-later
狠,⿰犭艮,⿰,left-right,犭|艮,component-72ad|component-826e,犭|艮,2,2,chise-ids-ucs-basic,352e13378e411c322cfa16bfd7a6d21d670d7eca,source-attested,unreviewed,GPL-2.0-or-later
鬍,⿱髟胡,⿱,top-bottom,髟|胡,component-9adf|component-80e1,髟|胡,2,2,chise-ids-ucs-basic,352e13378e411c322cfa16bfd7a6d21d670d7eca,source-attested,unreviewed,GPL-2.0-or-later
浩,⿰氵告,⿰,left-right,氵|告,component-6c35|component-544a,氵|告,2,2,chise-ids-ucs-basic,352e13378e411c322cfa16bfd7a6d21d670d7eca,source-attested,unreviewed,GPL-2.0-or-later
疼,⿸疒冬,⿸,surround,疒|冬,component-7592|component-51ac,疒|冬,2,2,chise-ids-ucs-basic,352e13378e411c322cfa16bfd7a6d21d670d7eca,source-attested,unreviewed,GPL-2.0-or-later
絃,⿰糸玄,⿰,left-right,糸|玄,component-7cf8|component-7384,糸|玄,2,2,chise-ids-ucs-basic,352e13378e411c322cfa16bfd7a6d21d670d7eca,source-attested,unreviewed,GPL-2.0-or-later
閉,⿵門才,⿵,surround,門|才,component-9580|component-624d,門|才,2,2,chise-ids-ucs-basic,352e13378e411c322cfa16bfd7a6d21d670d7eca,source-attested,unreviewed,GPL-2.0-or-later
渾,⿰氵軍,⿰,left-right,氵|軍,component-6c35|component-8ecd,氵|軍,2,2,chise-ids-ucs-basic,352e13378e411c322cfa16bfd7a6d21d670d7eca,source-attested,unreviewed,GPL-2.0-or-later
筍,⿱竹旬,⿱,top-bottom,竹|旬,component-7af9|component-65ec,竹|旬,2,2,chise-ids-ucs-basic,352e13378e411c322cfa16bfd7a6d21d670d7eca,source-attested,unreviewed,GPL-2.0-or-later
善,⿻羊⿱䒑口,⿻,overlay,羊|䒑|口,component-7f8a|component-4491|component-53e3,羊|䒑|口,3,3,chise-ids-ucs-basic,352e13378e411c322cfa16bfd7a6d21d670d7eca,source-attested,unreviewed,GPL-2.0-or-later
蛛,⿰虫朱,⿰,left-right,虫|朱,component-866b|component-6731,虫|朱,2,2,chise-ids-ucs-basic,352e13378e411c322cfa16bfd7a6d21d670d7eca,source-attested,unreviewed,GPL-2.0-or-later
罪,⿱罒非,⿱,top-bottom,罒|非,component-7f52|component-975e,罒|非,2,2,chise-ids-ucs-basic,352e13378e411c322cfa16bfd7a6d21d670d7eca,source-attested,unreviewed,GPL-2.0-or-later
嘗,⿱𫩠旨,⿱,top-bottom,𫩠|旨,component-2ba60|component-65e8,𫩠|旨,2,2,chise-ids-ucs-basic,352e13378e411c322cfa16bfd7a6d21d670d7eca,source-attested,unreviewed,GPL-2.0-or-later
蜘,⿰虫知,⿰,left-right,虫|知,component-866b|component-77e5,虫|知,2,2,chise-ids-ucs-basic,352e13378e411c322cfa16bfd7a6d21d670d7eca,source-attested,unreviewed,GPL-2.0-or-later
誕,⿰言延,⿰,left-right,言|延,component-8a00|component-5ef6,言|延,2,2,chise-ids-ucs-basic,352e13378e411c322cfa16bfd7a6d21d670d7eca,source-attested,unreviewed,GPL-2.0-or-later
鯨,⿰魚京,⿰,left-right,魚|京,component-9b5a|component-4eac,魚|京,2,2,chise-ids-ucs-basic,352e13378e411c322cfa16bfd7a6d21d670d7eca,source-attested,unreviewed,GPL-2.0-or-later
轟,⿱車䡛,⿱,top-bottom,車|䡛,component-8eca|component-485b,車|䡛,2,2,chise-ids-ucs-basic,352e13378e411c322cfa16bfd7a6d21d670d7eca,source-attested,unreviewed,GPL-2.0-or-later
鑿,⿱𣫞金,⿱,top-bottom,𣫞|金,component-23ade|component-91d1,𣫞|金,2,2,chise-ids-ucs-basic,352e13378e411c322cfa16bfd7a6d21d670d7eca,source-attested,unreviewed,GPL-2.0-or-later
叭,⿰口八,⿰,left-right,口|八,component-53e3|component-516b,口|八,2,2,chise-ids-ucs-basic,352e13378e411c322cfa16bfd7a6d21d670d7eca,source-attested,unreviewed,GPL-2.0-or-later
汗,⿰氵干,⿰,left-right,氵|干,component-6c35|component-5e72,氵|干,2,2,chise-ids-ucs-basic,352e13378e411c322cfa16bfd7a6d21d670d7eca,source-attested,unreviewed,GPL-2.0-or-later
征,⿰彳正,⿰,left-right,彳|正,component-5f73|component-6b63,彳|正,2,2,chise-ids-ucs-basic,352e13378e411c322cfa16bfd7a6d21d670d7eca,source-attested,unreviewed,GPL-2.0-or-later
昌,⿱日曰,⿱,top-bottom,日|曰,component-65e5|component-66f0,日|曰,2,2,chise-ids-ucs-basic,352e13378e411c322cfa16bfd7a6d21d670d7eca,source-attested,unreviewed,GPL-2.0-or-later
咯,⿰口各,⿰,left-right,口|各,component-53e3|component-5404,口|各,2,2,chise-ids-ucs-basic,352e13378e411c322cfa16bfd7a6d21d670d7eca,source-attested,unreviewed,GPL-2.0-or-later
秧,⿰禾央,⿰,left-right,禾|央,component-79be|component-592e,禾|央,2,2,chise-ids-ucs-basic,352e13378e411c322cfa16bfd7a6d21d670d7eca,source-attested,unreviewed,GPL-2.0-or-later
偶,⿰亻禺,⿰,left-right,亻|禺,component-4ebb|component-79ba,亻|禺,2,2,chise-ids-ucs-basic,352e13378e411c322cfa16bfd7a6d21d670d7eca,source-attested,unreviewed,GPL-2.0-or-later
崗,⿱山岡,⿱,top-bottom,山|岡,component-5c71|component-5ca1,山|岡,2,2,chise-ids-ucs-basic,352e13378e411c322cfa16bfd7a6d21d670d7eca,source-attested,unreviewed,GPL-2.0-or-later
掏,⿰扌匋,⿰,left-right,扌|匋,component-624c|component-530b,扌|匋,2,2,chise-ids-ucs-basic,352e13378e411c322cfa16bfd7a6d21d670d7eca,source-attested,unreviewed,GPL-2.0-or-later
梁,⿱&CDP-8DBC;木,⿱,top-bottom,&CDP-8DBC;|木,component-CDP-8DBC|component-6728,&CDP-8DBC;|木,2,2,chise-ids-ucs-basic,352e13378e411c322cfa16bfd7a6d21d670d7eca,source-attested,unreviewed,GPL-2.0-or-later
訪,⿰言方,⿰,left-right,言|方,component-8a00|component-65b9,言|方,2,2,chise-ids-ucs-basic,352e13378e411c322cfa16bfd7a6d21d670d7eca,source-attested,unreviewed,GPL-2.0-or-later
溜,⿰氵留,⿰,left-right,氵|留,component-6c35|component-7559,氵|留,2,2,chise-ids-ucs-basic,352e13378e411c322cfa16bfd7a6d21d670d7eca,source-attested,unreviewed,GPL-2.0-or-later
躲,⿰身朵,⿰,left-right,身|朵,component-8eab|component-6735,身|朵,2,2,chise-ids-ucs-basic,352e13378e411c322cfa16bfd7a6d21d670d7eca,source-attested,unreviewed,GPL-2.0-or-later
稼,⿰禾家,⿰,left-right,禾|家,component-79be|component-5bb6,禾|家,2,2,chise-ids-ucs-basic,352e13378e411c322cfa16bfd7a6d21d670d7eca,source-attested,unreviewed,GPL-2.0-or-later
雕,⿰周隹,⿰,left-right,周|隹,component-5468|component-96b9,周|隹,2,2,chise-ids-ucs-basic,352e13378e411c322cfa16bfd7a6d21d670d7eca,source-attested,unreviewed,GPL-2.0-or-later
駱,⿰馬各,⿰,left-right,馬|各,component-99ac|component-5404,馬|各,2,2,chise-ids-ucs-basic,352e13378e411c322cfa16bfd7a6d21d670d7eca,source-attested,unreviewed,GPL-2.0-or-later
濤,⿰氵壽,⿰,left-right,氵|壽,component-6c35|component-58fd,氵|壽,2,2,chise-ids-ucs-basic,352e13378e411c322cfa16bfd7a6d21d670d7eca,source-attested,unreviewed,GPL-2.0-or-later
覽,⿱&CDP-8D50;見,⿱,top-bottom,&CDP-8D50;|見,component-CDP-8D50|component-898b,&CDP-8D50;|見,2,2,chise-ids-ucs-basic,352e13378e411c322cfa16bfd7a6d21d670d7eca,source-attested,unreviewed,GPL-2.0-or-later
灑,⿰氵麗,⿰,left-right,氵|麗,component-6c35|component-9e97,氵|麗,2,2,chise-ids-ucs-basic,352e13378e411c322cfa16bfd7a6d21d670d7eca,source-attested,unreviewed,GPL-2.0-or-later
匹,⿷匚儿,⿷,surround,匚|儿,component-531a|component-513f,匚|儿,2,2,chise-ids-ucs-basic,352e13378e411c322cfa16bfd7a6d21d670d7eca,source-attested,unreviewed,GPL-2.0-or-later
役,⿰彳殳,⿰,left-right,彳|殳,component-5f73|component-6bb3,彳|殳,2,2,chise-ids-ucs-basic,352e13378e411c322cfa16bfd7a6d21d670d7eca,source-attested,unreviewed,GPL-2.0-or-later
咩,⿰口羊,⿰,left-right,口|羊,component-53e3|component-7f8a,口|羊,2,2,chise-ids-ucs-basic,352e13378e411c322cfa16bfd7a6d21d670d7eca,source-attested,unreviewed,GPL-2.0-or-later
焦,⿱隹灬,⿱,top-bottom,隹|灬,component-96b9|component-706c,隹|灬,2,2,chise-ids-ucs-basic,352e13378e411c322cfa16bfd7a6d21d670d7eca,source-attested,unreviewed,GPL-2.0-or-later
震,⿱雨辰,⿱,top-bottom,雨|辰,component-96e8|component-8fb0,雨|辰,2,2,chise-ids-ucs-basic,352e13378e411c322cfa16bfd7a6d21d670d7eca,source-attested,unreviewed,GPL-2.0-or-later
鴿,⿰合鳥,⿰,left-right,合|鳥,component-5408|component-9ce5,合|鳥,2,2,chise-ids-ucs-basic,352e13378e411c322cfa16bfd7a6d21d670d7eca,source-attested,unreviewed,GPL-2.0-or-later
雜,⿽椎𠅃,,single,⿽|椎|𠅃,component-2ffd|component-690e|component-20143,⿽|椎|𠅃,3,3,chise-ids-ucs-basic,352e13378e411c322cfa16bfd7a6d21d670d7eca,source-attested,unreviewed,GPL-2.0-or-later
耀,⿰光翟,⿰,left-right,光|翟,component-5149|component-7fdf,光|翟,2,2,chise-ids-ucs-basic,352e13378e411c322cfa16bfd7a6d21d670d7eca,source-attested,unreviewed,GPL-2.0-or-later
藺,⿱艹閵,⿱,top-bottom,艹|閵,component-8279|component-95b5,艹|閵,2,2,chise-ids-ucs-basic,352e13378e411c322cfa16bfd7a6d21d670d7eca,source-attested,unreviewed,GPL-2.0-or-later
躍,⿰𧾷翟,⿰,left-right,𧾷|翟,component-27fb7|component-7fdf,𧾷|翟,2,2,chise-ids-ucs-basic,352e13378e411c322cfa16bfd7a6d21d670d7eca,source-attested,unreviewed,GPL-2.0-or-later
臟,⿰⺼藏,⿰,left-right,⺼|藏,component-2ebc|component-85cf,⺼|藏,2,2,chise-ids-ucs-basic,352e13378e411c322cfa16bfd7a6d21d670d7eca,source-attested,unreviewed,GPL-2.0-or-later
舟,舟,,single,舟,component-821f,舟,1,1,chise-ids-ucs-basic,352e13378e411c322cfa16bfd7a6d21d670d7eca,source-attested,unreviewed,GPL-2.0-or-later
拔,⿰扌犮,⿰,left-right,扌|犮,component-624c|component-72ae,扌|犮,2,2,chise-ids-ucs-basic,352e13378e411c322cfa16bfd7a6d21d670d7eca,source-attested,unreviewed,GPL-2.0-or-later
施,⿸𭤨也,⿸,surround,𭤨|也,component-2d928|component-4e5f,𭤨|也,2,2,chise-ids-ucs-basic,352e13378e411c322cfa16bfd7a6d21d670d7eca,source-attested,unreviewed,GPL-2.0-or-later
挽,⿰扌免,⿰,left-right,扌|免,component-624c|component-514d,扌|免,2,2,chise-ids-ucs-basic,352e13378e411c322cfa16bfd7a6d21d670d7eca,source-attested,unreviewed,GPL-2.0-or-later
疾,⿸疒矢,⿸,surround,疒|矢,component-7592|component-77e2,疒|矢,2,2,chise-ids-ucs-basic,352e13378e411c322cfa16bfd7a6d21d670d7eca,source-attested,unreviewed,GPL-2.0-or-later
豹,⿰豸勺,⿰,left-right,豸|勺,component-8c78|component-52fa,豸|勺,2,2,chise-ids-ucs-basic,352e13378e411c322cfa16bfd7a6d21d670d7eca,source-attested,unreviewed,GPL-2.0-or-later
貢,⿱工貝,⿱,top-bottom,工|貝,component-5de5|component-8c9d,工|貝,2,2,chise-ids-ucs-basic,352e13378e411c322cfa16bfd7a6d21d670d7eca,source-attested,unreviewed,GPL-2.0-or-later
畢,畢,,single,畢,component-7562,畢,1,1,chise-ids-ucs-basic,352e13378e411c322cfa16bfd7a6d21d670d7eca,source-attested,unreviewed,GPL-2.0-or-later
儀,⿰亻義,⿰,left-right,亻|義,component-4ebb|component-7fa9,亻|義,2,2,chise-ids-ucs-basic,352e13378e411c322cfa16bfd7a6d21d670d7eca,source-attested,unreviewed,GPL-2.0-or-later
糕,⿰米羔,⿰,left-right,米|羔,component-7c73|component-7f94,米|羔,2,2,chise-ids-ucs-basic,352e13378e411c322cfa16bfd7a6d21d670d7eca,source-attested,unreviewed,GPL-2.0-or-later
衡,⿴行𩵋,⿴,surround,行|𩵋,component-884c|component-29d4b,行|𩵋,2,2,chise-ids-ucs-basic,352e13378e411c322cfa16bfd7a6d21d670d7eca,source-attested,unreviewed,GPL-2.0-or-later
諧,⿰言皆,⿰,left-right,言|皆,component-8a00|component-7686,言|皆,2,2,chise-ids-ucs-basic,352e13378e411c322cfa16bfd7a6d21d670d7eca,source-attested,unreviewed,GPL-2.0-or-later
蹈,⿰𧾷舀,⿰,left-right,𧾷|舀,component-27fb7|component-8200,𧾷|舀,2,2,chise-ids-ucs-basic,352e13378e411c322cfa16bfd7a6d21d670d7eca,source-attested,unreviewed,GPL-2.0-or-later
勸,⿰雚力,⿰,left-right,雚|力,component-96da|component-529b,雚|力,2,2,chise-ids-ucs-basic,352e13378e411c322cfa16bfd7a6d21d670d7eca,source-attested,unreviewed,GPL-2.0-or-later
仁,⿰亻二,⿰,left-right,亻|二,component-4ebb|component-4e8c,亻|二,2,2,chise-ids-ucs-basic,352e13378e411c322cfa16bfd7a6d21d670d7eca,source-attested,unreviewed,GPL-2.0-or-later
促,⿰亻足,⿰,left-right,亻|足,component-4ebb|component-8db3,亻|足,2,2,chise-ids-ucs-basic,352e13378e411c322cfa16bfd7a6d21d670d7eca,source-attested,unreviewed,GPL-2.0-or-later
茂,⿱艹戊,⿱,top-bottom,艹|戊,component-8279|component-620a,艹|戊,2,2,chise-ids-ucs-basic,352e13378e411c322cfa16bfd7a6d21d670d7eca,source-attested,unreviewed,GPL-2.0-or-later
虹,⿰虫工,⿰,left-right,虫|工,component-866b|component-5de5,虫|工,2,2,chise-ids-ucs-basic,352e13378e411c322cfa16bfd7a6d21d670d7eca,source-attested,unreviewed,GPL-2.0-or-later
凍,⿰冫東,⿰,left-right,冫|東,component-51ab|component-6771,冫|東,2,2,chise-ids-ucs-basic,352e13378e411c322cfa16bfd7a6d21d670d7eca,source-attested,unreviewed,GPL-2.0-or-later
脂,⿰⺼旨,⿰,left-right,⺼|旨,component-2ebc|component-65e8,⺼|旨,2,2,chise-ids-ucs-basic,352e13378e411c322cfa16bfd7a6d21d670d7eca,source-attested,unreviewed,GPL-2.0-or-later
尉,⿰𫵖寸,⿰,left-right,𫵖|寸,component-2bd56|component-5bf8,𫵖|寸,2,2,chise-ids-ucs-basic,352e13378e411c322cfa16bfd7a6d21d670d7eca,source-attested,unreviewed,GPL-2.0-or-later
淡,⿰氵炎,⿰,left-right,氵|炎,component-6c35|component-708e,氵|炎,2,2,chise-ids-ucs-basic,352e13378e411c322cfa16bfd7a6d21d670d7eca,source-attested,unreviewed,GPL-2.0-or-later
脖,⿰⺼孛,⿰,left-right,⺼|孛,component-2ebc|component-5b5b,⺼|孛,2,2,chise-ids-ucs-basic,352e13378e411c322cfa16bfd7a6d21d670d7eca,source-attested,unreviewed,GPL-2.0-or-later
彭,⿰壴彡,⿰,left-right,壴|彡,component-58f4|component-5f61,壴|彡,2,2,chise-ids-ucs-basic,352e13378e411c322cfa16bfd7a6d21d670d7eca,source-attested,unreviewed,GPL-2.0-or-later
殘,⿰歹戔,⿰,left-right,歹|戔,component-6b79|component-6214,歹|戔,2,2,chise-ids-ucs-basic,352e13378e411c322cfa16bfd7a6d21d670d7eca,source-attested,unreviewed,GPL-2.0-or-later
禁,⿱林示,⿱,top-bottom,林|示,component-6797|component-793a,林|示,2,2,chise-ids-ucs-basic,352e13378e411c322cfa16bfd7a6d21d670d7eca,source-attested,unreviewed,GPL-2.0-or-later
綱,⿰糸岡,⿰,left-right,糸|岡,component-7cf8|component-5ca1,糸|岡,2,2,chise-ids-ucs-basic,352e13378e411c322cfa16bfd7a6d21d670d7eca,source-attested,unreviewed,GPL-2.0-or-later
嘿,⿰口黑,⿰,left-right,口|黑,component-53e3|component-9ed1,口|黑,2,2,chise-ids-ucs-basic,352e13378e411c322cfa16bfd7a6d21d670d7eca,source-attested,unreviewed,GPL-2.0-or-later
黎,⿺黍𠚣,⿺,surround,黍|𠚣,component-9ecd|component-206a3,黍|𠚣,2,2,chise-ids-ucs-basic,352e13378e411c322cfa16bfd7a6d21d670d7eca,source-attested,unreviewed,GPL-2.0-or-later
聰,⿰耳悤,⿰,left-right,耳|悤,component-8033|component-60a4,耳|悤,2,2,chise-ids-ucs-basic,352e13378e411c322cfa16bfd7a6d21d670d7eca,source-attested,unreviewed,GPL-2.0-or-later
獸,⿰嘼犬,⿰,left-right,嘼|犬,component-563c|component-72ac,嘼|犬,2,2,chise-ids-ucs-basic,352e13378e411c322cfa16bfd7a6d21d670d7eca,source-attested,unreviewed,GPL-2.0-or-later
觸,⿰角蜀,⿰,left-right,角|蜀,component-89d2|component-8700,角|蜀,2,2,chise-ids-ucs-basic,352e13378e411c322cfa16bfd7a6d21d670d7eca,source-attested,unreviewed,GPL-2.0-or-later
汁,⿰氵十,⿰,left-right,氵|十,component-6c35|component-5341,氵|十,2,2,chise-ids-ucs-basic,352e13378e411c322cfa16bfd7a6d21d670d7eca,source-attested,unreviewed,GPL-2.0-or-later
州,州,,single,州,component-5dde,州,1,1,chise-ids-ucs-basic,352e13378e411c322cfa16bfd7a6d21d670d7eca,source-attested,unreviewed,GPL-2.0-or-later
羽,羽,,single,羽,component-7fbd,羽,1,1,chise-ids-ucs-basic,352e13378e411c322cfa16bfd7a6d21d670d7eca,source-attested,unreviewed,GPL-2.0-or-later
佑,⿰亻右,⿰,left-right,亻|右,component-4ebb|component-53f3,亻|右,2,2,chise-ids-ucs-basic,352e13378e411c322cfa16bfd7a6d21d670d7eca,source-attested,unreviewed,GPL-2.0-or-later
抄,⿰扌少,⿰,left-right,扌|少,component-624c|component-5c11,扌|少,2,2,chise-ids-ucs-basic,352e13378e411c322cfa16bfd7a6d21d670d7eca,source-attested,unreviewed,GPL-2.0-or-later
弦,⿰弓玄,⿰,left-right,弓|玄,component-5f13|component-7384,弓|玄,2,2,chise-ids-ucs-basic,352e13378e411c322cfa16bfd7a6d21d670d7eca,source-attested,unreviewed,GPL-2.0-or-later
柏,⿰木白,⿰,left-right,木|白,component-6728|component-767d,木|白,2,2,chise-ids-ucs-basic,352e13378e411c322cfa16bfd7a6d21d670d7eca,source-attested,unreviewed,GPL-2.0-or-later
軌,⿰車九,⿰,left-right,車|九,component-8eca|component-4e5d,車|九,2,2,chise-ids-ucs-basic,352e13378e411c322cfa16bfd7a6d21d670d7eca,source-attested,unreviewed,GPL-2.0-or-later
偏,⿰亻扁,⿰,left-right,亻|扁,component-4ebb|component-6241,亻|扁,2,2,chise-ids-ucs-basic,352e13378e411c322cfa16bfd7a6d21d670d7eca,source-attested,unreviewed,GPL-2.0-or-later
虛,⿸虍&CDP-8D6B;,⿸,surround,虍|&CDP-8D6B;,component-864d|component-CDP-8D6B,虍|&CDP-8D6B;,2,2,chise-ids-ucs-basic,352e13378e411c322cfa16bfd7a6d21d670d7eca,source-attested,unreviewed,GPL-2.0-or-later
雁,⿸厂倠,⿸,surround,厂|倠,component-5382|component-5020,厂|倠,2,2,chise-ids-ucs-basic,352e13378e411c322cfa16bfd7a6d21d670d7eca,source-attested,unreviewed,GPL-2.0-or-later
傲,⿰亻敖,⿰,left-right,亻|敖,component-4ebb|component-6556,亻|敖,2,2,chise-ids-ucs-basic,352e13378e411c322cfa16bfd7a6d21d670d7eca,source-attested,unreviewed,GPL-2.0-or-later
矮,⿰矢委,⿰,left-right,矢|委,component-77e2|component-59d4,矢|委,2,2,chise-ids-ucs-basic,352e13378e411c322cfa16bfd7a6d21d670d7eca,source-attested,unreviewed,GPL-2.0-or-later
隔,⿰⻖鬲,⿰,left-right,⻖|鬲,component-2ed6|component-9b32,⻖|鬲,2,2,chise-ids-ucs-basic,352e13378e411c322cfa16bfd7a6d21d670d7eca,source-attested,unreviewed,GPL-2.0-or-later
翠,⿱羽卒,⿱,top-bottom,羽|卒,component-7fbd|component-5352,羽|卒,2,2,chise-ids-ucs-basic,352e13378e411c322cfa16bfd7a6d21d670d7eca,source-attested,unreviewed,GPL-2.0-or-later
酸,⿰酉夋,⿰,left-right,酉|夋,component-9149|component-590b,酉|夋,2,2,chise-ids-ucs-basic,352e13378e411c322cfa16bfd7a6d21d670d7eca,source-attested,unreviewed,GPL-2.0-or-later
輝,⿰光軍,⿰,left-right,光|軍,component-5149|component-8ecd,光|軍,2,2,chise-ids-ucs-basic,352e13378e411c322cfa16bfd7a6d21d670d7eca,source-attested,unreviewed,GPL-2.0-or-later
擋,⿰扌當,⿰,left-right,扌|當,component-624c|component-7576,扌|當,2,2,chise-ids-ucs-basic,352e13378e411c322cfa16bfd7a6d21d670d7eca,source-attested,unreviewed,GPL-2.0-or-later
曉,⿰日堯,⿰,left-right,日|堯,component-65e5|component-582f,日|堯,2,2,chise-ids-ucs-basic,352e13378e411c322cfa16bfd7a6d21d670d7eca,source-attested,unreviewed,GPL-2.0-or-later
臂,⿱辟&CDP-8958;,⿱,top-bottom,辟|&CDP-8958;,component-8f9f|component-CDP-8958,辟|&CDP-8958;,2,2,chise-ids-ucs-basic,352e13378e411c322cfa16bfd7a6d21d670d7eca,source-attested,unreviewed,GPL-2.0-or-later
螺,⿰虫累,⿰,left-right,虫|累,component-866b|component-7d2f,虫|累,2,2,chise-ids-ucs-basic,352e13378e411c322cfa16bfd7a6d21d670d7eca,source-attested,unreviewed,GPL-2.0-or-later
礎,⿰石楚,⿰,left-right,石|楚,component-77f3|component-695a,石|楚,2,2,chise-ids-ucs-basic,352e13378e411c322cfa16bfd7a6d21d670d7eca,source-attested,unreviewed,GPL-2.0-or-later
蠅,⿰虫黽,⿰,left-right,虫|黽,component-866b|component-9efd,虫|黽,2,2,chise-ids-ucs-basic,352e13378e411c322cfa16bfd7a6d21d670d7eca,source-attested,unreviewed,GPL-2.0-or-later
攝,⿰扌聶,⿰,left-right,扌|聶,component-624c|component-8076,扌|聶,2,2,chise-ids-ucs-basic,352e13378e411c322cfa16bfd7a6d21d670d7eca,source-attested,unreviewed,GPL-2.0-or-later
襪,⿰衤蔑,⿰,left-right,衤|蔑,component-8864|component-8511,衤|蔑,2,2,chise-ids-ucs-basic,352e13378e411c322cfa16bfd7a6d21d670d7eca,source-attested,unreviewed,GPL-2.0-or-later
丹,丹,,single,丹,component-4e39,丹,1,1,chise-ids-ucs-basic,352e13378e411c322cfa16bfd7a6d21d670d7eca,source-attested,unreviewed,GPL-2.0-or-later
抵,⿰扌氐,⿰,left-right,扌|氐,component-624c|component-6c10,扌|氐,2,2,chise-ids-ucs-basic,352e13378e411c322cfa16bfd7a6d21d670d7eca,source-attested,unreviewed,GPL-2.0-or-later
津,⿰氵聿,⿰,left-right,氵|聿,component-6c35|component-807f,氵|聿,2,2,chise-ids-ucs-basic,352e13378e411c322cfa16bfd7a6d21d670d7eca,source-attested,unreviewed,GPL-2.0-or-later
掙,⿰扌爭,⿰,left-right,扌|爭,component-624c|component-722d,扌|爭,2,2,chise-ids-ucs-basic,352e13378e411c322cfa16bfd7a6d21d670d7eca,source-attested,unreviewed,GPL-2.0-or-later
逗,⿺辶豆,⿺,surround,辶|豆,component-8fb6|component-8c46,辶|豆,2,2,chise-ids-ucs-basic,352e13378e411c322cfa16bfd7a6d21d670d7eca,source-attested,unreviewed,GPL-2.0-or-later
陵,⿰⻖夌,⿰,left-right,⻖|夌,component-2ed6|component-590c,⻖|夌,2,2,chise-ids-ucs-basic,352e13378e411c322cfa16bfd7a6d21d670d7eca,source-attested,unreviewed,GPL-2.0-or-later
喇,⿰口剌,⿰,left-right,口|剌,component-53e3|component-524c,口|剌,2,2,chise-ids-ucs-basic,352e13378e411c322cfa16bfd7a6d21d670d7eca,source-attested,unreviewed,GPL-2.0-or-later
翔,⿰羊羽,⿰,left-right,羊|羽,component-7f8a|component-7fbd,羊|羽,2,2,chise-ids-ucs-basic,352e13378e411c322cfa16bfd7a6d21d670d7eca,source-attested,unreviewed,GPL-2.0-or-later
葦,⿱艹韋,⿱,top-bottom,艹|韋,component-8279|component-97cb,艹|韋,2,2,chise-ids-ucs-basic,352e13378e411c322cfa16bfd7a6d21d670d7eca,source-attested,unreviewed,GPL-2.0-or-later
審,⿱宷田,⿱,top-bottom,宷|田,component-5bb7|component-7530,宷|田,2,2,chise-ids-ucs-basic,352e13378e411c322cfa16bfd7a6d21d670d7eca,source-attested,unreviewed,GPL-2.0-or-later
遭,⿺辶曹,⿺,surround,辶|曹,component-8fb6|component-66f9,辶|曹,2,2,chise-ids-ucs-basic,352e13378e411c322cfa16bfd7a6d21d670d7eca,source-attested,unreviewed,GPL-2.0-or-later
濃,⿰氵農,⿰,left-right,氵|農,component-6c35|component-8fb2,氵|農,2,2,chise-ids-ucs-basic,352e13378e411c322cfa16bfd7a6d21d670d7eca,source-attested,unreviewed,GPL-2.0-or-later
欄,⿰木闌,⿰,left-right,木|闌,component-6728|component-95cc,木|闌,2,2,chise-ids-ucs-basic,352e13378e411c322cfa16bfd7a6d21d670d7eca,source-attested,unreviewed,GPL-2.0-or-later
弓,弓,,single,弓,component-5f13,弓,1,1,chise-ids-ucs-basic,352e13378e411c322cfa16bfd7a6d21d670d7eca,source-attested,unreviewed,GPL-2.0-or-later
免,⿱⺈&CDP-8BCB;,⿱,top-bottom,⺈|&CDP-8BCB;,component-2e88|component-CDP-8BCB,⺈|&CDP-8BCB;,2,2,chise-ids-ucs-basic,352e13378e411c322cfa16bfd7a6d21d670d7eca,source-attested,unreviewed,GPL-2.0-or-later
扭,⿰扌丑,⿰,left-right,扌|丑,component-624c|component-4e11,扌|丑,2,2,chise-ids-ucs-basic,352e13378e411c322cfa16bfd7a6d21d670d7eca,source-attested,unreviewed,GPL-2.0-or-later
沖,⿰氵中,⿰,left-right,氵|中,component-6c35|component-4e2d,氵|中,2,2,chise-ids-ucs-basic,352e13378e411c322cfa16bfd7a6d21d670d7eca,source-attested,unreviewed,GPL-2.0-or-later
皂,⿱白七,⿱,top-bottom,白|七,component-767d|component-4e03,白|七,2,2,chise-ids-ucs-basic,352e13378e411c322cfa16bfd7a6d21d670d7eca,source-attested,unreviewed,GPL-2.0-or-later
呵,⿰口可,⿰,left-right,口|可,component-53e3|component-53ef,口|可,2,2,chise-ids-ucs-basic,352e13378e411c322cfa16bfd7a6d21d670d7eca,source-attested,unreviewed,GPL-2.0-or-later
屈,⿸尸出,⿸,surround,尸|出,component-5c38|component-51fa,尸|出,2,2,chise-ids-ucs-basic,352e13378e411c322cfa16bfd7a6d21d670d7eca,source-attested,unreviewed,GPL-2.0-or-later
挨,⿰扌矣,⿰,left-right,扌|矣,component-624c|component-77e3,扌|矣,2,2,chise-ids-ucs-basic,352e13378e411c322cfa16bfd7a6d21d670d7eca,source-attested,unreviewed,GPL-2.0-or-later
喚,⿰口奐,⿰,left-right,口|奐,component-53e3|component-5950,口|奐,2,2,chise-ids-ucs-basic,352e13378e411c322cfa16bfd7a6d21d670d7eca,source-attested,unreviewed,GPL-2.0-or-later
絨,⿰糸戎,⿰,left-right,糸|戎,component-7cf8|component-620e,糸|戎,2,2,chise-ids-ucs-basic,352e13378e411c322cfa16bfd7a6d21d670d7eca,source-attested,unreviewed,GPL-2.0-or-later
嘛,⿰口麻,⿰,left-right,口|麻,component-53e3|component-9ebb,口|麻,2,2,chise-ids-ucs-basic,352e13378e411c322cfa16bfd7a6d21d670d7eca,source-attested,unreviewed,GPL-2.0-or-later
漠,⿰氵莫,⿰,left-right,氵|莫,component-6c35|component-83ab,氵|莫,2,2,chise-ids-ucs-basic,352e13378e411c322cfa16bfd7a6d21d670d7eca,source-attested,unreviewed,GPL-2.0-or-later
聚,⿱取乑,⿱,top-bottom,取|乑,component-53d6|component-4e51,取|乑,2,2,chise-ids-ucs-basic,352e13378e411c322cfa16bfd7a6d21d670d7eca,source-attested,unreviewed,GPL-2.0-or-later
腐,⿸府肉,⿸,surround,府|肉,component-5e9c|component-8089,府|肉,2,2,chise-ids-ucs-basic,352e13378e411c322cfa16bfd7a6d21d670d7eca,source-attested,unreviewed,GPL-2.0-or-later
劍,⿰僉刂,⿰,left-right,僉|刂,component-50c9|component-5202,僉|刂,2,2,chise-ids-ucs-basic,352e13378e411c322cfa16bfd7a6d21d670d7eca,source-attested,unreviewed,GPL-2.0-or-later
齒,⿱止𠚕,⿱,top-bottom,止|𠚕,component-6b62|component-20695,止|𠚕,2,2,chise-ids-ucs-basic,352e13378e411c322cfa16bfd7a6d21d670d7eca,source-attested,unreviewed,GPL-2.0-or-later
噹,⿰口當,⿰,left-right,口|當,component-53e3|component-7576,口|當,2,2,chise-ids-ucs-basic,352e13378e411c322cfa16bfd7a6d21d670d7eca,source-attested,unreviewed,GPL-2.0-or-later
憶,⿰忄意,⿰,left-right,忄|意,component-5fc4|component-610f,忄|意,2,2,chise-ids-ucs-basic,352e13378e411c322cfa16bfd7a6d21d670d7eca,source-attested,unreviewed,GPL-2.0-or-later
樺,⿰木華,⿰,left-right,木|華,component-6728|component-83ef,木|華,2,2,chise-ids-ucs-basic,352e13378e411c322cfa16bfd7a6d21d670d7eca,source-attested,unreviewed,GPL-2.0-or-later
驟,⿰馬聚,⿰,left-right,馬|聚,component-99ac|component-805a,馬|聚,2,2,chise-ids-ucs-basic,352e13378e411c322cfa16bfd7a6d21d670d7eca,source-attested,unreviewed,GPL-2.0-or-later
岩,⿱山石,⿱,top-bottom,山|石,component-5c71|component-77f3,山|石,2,2,chise-ids-ucs-basic,352e13378e411c322cfa16bfd7a6d21d670d7eca,source-attested,unreviewed,GPL-2.0-or-later
延,⿺廴&CDP-8D62;,⿺,surround,廴|&CDP-8D62;,component-5ef4|component-CDP-8D62,廴|&CDP-8D62;,2,2,chise-ids-ucs-basic,352e13378e411c322cfa16bfd7a6d21d670d7eca,source-attested,unreviewed,GPL-2.0-or-later
毒,⿱龶母,⿱,top-bottom,龶|母,component-9fb6|component-6bcd,龶|母,2,2,chise-ids-ucs-basic,352e13378e411c322cfa16bfd7a6d21d670d7eca,source-attested,unreviewed,GPL-2.0-or-later
胖,⿰⺼半,⿰,left-right,⺼|半,component-2ebc|component-534a,⺼|半,2,2,chise-ids-ucs-basic,352e13378e411c322cfa16bfd7a6d21d670d7eca,source-attested,unreviewed,GPL-2.0-or-later
恐,⿱巩心,⿱,top-bottom,巩|心,component-5de9|component-5fc3,巩|心,2,2,chise-ids-ucs-basic,352e13378e411c322cfa16bfd7a6d21d670d7eca,source-attested,unreviewed,GPL-2.0-or-later
爹,⿱父多,⿱,top-bottom,父|多,component-7236|component-591a,父|多,2,2,chise-ids-ucs-basic,352e13378e411c322cfa16bfd7a6d21d670d7eca,source-attested,unreviewed,GPL-2.0-or-later
捧,⿰扌奉,⿰,left-right,扌|奉,component-624c|component-5949,扌|奉,2,2,chise-ids-ucs-basic,352e13378e411c322cfa16bfd7a6d21d670d7eca,source-attested,unreviewed,GPL-2.0-or-later
斑,⿴玨文,⿴,surround,玨|文,component-73a8|component-6587,玨|文,2,2,chise-ids-ucs-basic,352e13378e411c322cfa16bfd7a6d21d670d7eca,source-attested,unreviewed,GPL-2.0-or-later
詹,⿸厃&CDP-8CC3;,⿸,surround,厃|&CDP-8CC3;,component-5383|component-CDP-8CC3,厃|&CDP-8CC3;,2,2,chise-ids-ucs-basic,352e13378e411c322cfa16bfd7a6d21d670d7eca,source-attested,unreviewed,GPL-2.0-or-later
鳳,⿵几&CDP-8DCD;,⿵,surround,几|&CDP-8DCD;,component-51e0|component-CDP-8DCD,几|&CDP-8DCD;,2,2,chise-ids-ucs-basic,352e13378e411c322cfa16bfd7a6d21d670d7eca,source-attested,unreviewed,GPL-2.0-or-later
膜,⿰⺼莫,⿰,left-right,⺼|莫,component-2ebc|component-83ab,⺼|莫,2,2,chise-ids-ucs-basic,352e13378e411c322cfa16bfd7a6d21d670d7eca,source-attested,unreviewed,GPL-2.0-or-later
輩,⿱非車,⿱,top-bottom,非|車,component-975e|component-8eca,非|車,2,2,chise-ids-ucs-basic,352e13378e411c322cfa16bfd7a6d21d670d7eca,source-attested,unreviewed,GPL-2.0-or-later
鋸,⿰金居,⿰,left-right,金|居,component-91d1|component-5c45,金|居,2,2,chise-ids-ucs-basic,352e13378e411c322cfa16bfd7a6d21d670d7eca,source-attested,unreviewed,GPL-2.0-or-later
購,⿰貝冓,⿰,left-right,貝|冓,component-8c9d|component-5193,貝|冓,2,2,chise-ids-ucs-basic,352e13378e411c322cfa16bfd7a6d21d670d7eca,source-attested,unreviewed,GPL-2.0-or-later
翹,⿺堯羽,⿺,surround,堯|羽,component-582f|component-7fbd,堯|羽,2,2,chise-ids-ucs-basic,352e13378e411c322cfa16bfd7a6d21d670d7eca,source-attested,unreviewed,GPL-2.0-or-later
譽,⿱與言,⿱,top-bottom,與|言,component-8207|component-8a00,與|言,2,2,chise-ids-ucs-basic,352e13378e411c322cfa16bfd7a6d21d670d7eca,source-attested,unreviewed,GPL-2.0-or-later
亡,亡,,single,亡,component-4ea1,亡,1,1,chise-ids-ucs-basic,352e13378e411c322cfa16bfd7a6d21d670d7eca,source-attested,unreviewed,GPL-2.0-or-later
斗,斗,,single,斗,component-6597,斗,1,1,chise-ids-ucs-basic,352e13378e411c322cfa16bfd7a6d21d670d7eca,source-attested,unreviewed,GPL-2.0-or-later
仙,⿰亻山,⿰,left-right,亻|山,component-4ebb|component-5c71,亻|山,2,2,chise-ids-ucs-basic,352e13378e411c322cfa16bfd7a6d21d670d7eca,source-attested,unreviewed,GPL-2.0-or-later
兄,⿱口儿,⿱,top-bottom,口|儿,component-53e3|component-513f,口|儿,2,2,chise-ids-ucs-basic,352e13378e411c322cfa16bfd7a6d21d670d7eca,source-attested,unreviewed,GPL-2.0-or-later
匆,⿹勹&CDP-89D5;,⿹,surround,勹|&CDP-89D5;,component-52f9|component-CDP-89D5,勹|&CDP-89D5;,2,2,chise-ids-ucs-basic,352e13378e411c322cfa16bfd7a6d21d670d7eca,source-attested,unreviewed,GPL-2.0-or-later
吼,⿰口孔,⿰,left-right,口|孔,component-53e3|component-5b54,口|孔,2,2,chise-ids-ucs-basic,352e13378e411c322cfa16bfd7a6d21d670d7eca,source-attested,unreviewed,GPL-2.0-or-later
災,⿱巛火,⿱,top-bottom,巛|火,component-5ddb|component-706b,巛|火,2,2,chise-ids-ucs-basic,352e13378e411c322cfa16bfd7a6d21d670d7eca,source-attested,unreviewed,GPL-2.0-or-later
牲,⿰牜生,⿰,left-right,牜|生,component-725c|component-751f,牜|生,2,2,chise-ids-ucs-basic,352e13378e411c322cfa16bfd7a6d21d670d7eca,source-attested,unreviewed,GPL-2.0-or-later
耐,⿰而寸,⿰,left-right,而|寸,component-800c|component-5bf8,而|寸,2,2,chise-ids-ucs-basic,352e13378e411c322cfa16bfd7a6d21d670d7eca,source-attested,unreviewed,GPL-2.0-or-later
捆,⿰扌困,⿰,left-right,扌|困,component-624c|component-56f0,扌|困,2,2,chise-ids-ucs-basic,352e13378e411c322cfa16bfd7a6d21d670d7eca,source-attested,unreviewed,GPL-2.0-or-later
淺,⿰氵戔,⿰,left-right,氵|戔,component-6c35|component-6214,氵|戔,2,2,chise-ids-ucs-basic,352e13378e411c322cfa16bfd7a6d21d670d7eca,source-attested,unreviewed,GPL-2.0-or-later
郭,⿰享⻏,⿰,left-right,享|⻏,component-4eab|component-2ecf,享|⻏,2,2,chise-ids-ucs-basic,352e13378e411c322cfa16bfd7a6d21d670d7eca,source-attested,unreviewed,GPL-2.0-or-later
晴,⿰日青,⿰,left-right,日|青,component-65e5|component-9752,日|青,2,2,chise-ids-ucs-basic,352e13378e411c322cfa16bfd7a6d21d670d7eca,source-attested,unreviewed,GPL-2.0-or-later
智,⿱知日,⿱,top-bottom,知|日,component-77e5|component-65e5,知|日,2,2,chise-ids-ucs-basic,352e13378e411c322cfa16bfd7a6d21d670d7eca,source-attested,unreviewed,GPL-2.0-or-later
湧,⿰氵勇,⿰,left-right,氵|勇,component-6c35|component-52c7,氵|勇,2,2,chise-ids-ucs-basic,352e13378e411c322cfa16bfd7a6d21d670d7eca,source-attested,unreviewed,GPL-2.0-or-later
渴,⿰氵曷,⿰,left-right,氵|曷,component-6c35|component-66f7,氵|曷,2,2,chise-ids-ucs-basic,352e13378e411c322cfa16bfd7a6d21d670d7eca,source-attested,unreviewed,GPL-2.0-or-later
筋,⿱竹肋,⿱,top-bottom,竹|肋,component-7af9|component-808b,竹|肋,2,2,chise-ids-ucs-basic,352e13378e411c322cfa16bfd7a6d21d670d7eca,source-attested,unreviewed,GPL-2.0-or-later
搭,⿰扌荅,⿰,left-right,扌|荅,component-624c|component-8345,扌|荅,2,2,chise-ids-ucs-basic,352e13378e411c322cfa16bfd7a6d21d670d7eca,source-attested,unreviewed,GPL-2.0-or-later
裙,⿰衤君,⿰,left-right,衤|君,component-8864|component-541b,衤|君,2,2,chise-ids-ucs-basic,352e13378e411c322cfa16bfd7a6d21d670d7eca,source-attested,unreviewed,GPL-2.0-or-later
撞,⿰扌童,⿰,left-right,扌|童,component-624c|component-7ae5,扌|童,2,2,chise-ids-ucs-basic,352e13378e411c322cfa16bfd7a6d21d670d7eca,source-attested,unreviewed,GPL-2.0-or-later
餐,⿱𣦼食,⿱,top-bottom,𣦼|食,component-239bc|component-98df,𣦼|食,2,2,chise-ids-ucs-basic,352e13378e411c322cfa16bfd7a6d21d670d7eca,source-attested,unreviewed,GPL-2.0-or-later
隱,⿰⻖㥯,⿰,left-right,⻖|㥯,component-2ed6|component-396f,⻖|㥯,2,2,chise-ids-ucs-basic,352e13378e411c322cfa16bfd7a6d21d670d7eca,source-attested,unreviewed,GPL-2.0-or-later
爆,⿰火暴,⿰,left-right,火|暴,component-706b|component-66b4,火|暴,2,2,chise-ids-ucs-basic,352e13378e411c322cfa16bfd7a6d21d670d7eca,source-attested,unreviewed,GPL-2.0-or-later
鷹,⿸䧹鳥,⿸,surround,䧹|鳥,component-49f9|component-9ce5,䧹|鳥,2,2,chise-ids-ucs-basic,352e13378e411c322cfa16bfd7a6d21d670d7eca,source-attested,unreviewed,GPL-2.0-or-later
勾,⿹勹厶,⿹,surround,勹|厶,component-52f9|component-53b6,勹|厶,2,2,chise-ids-ucs-basic,352e13378e411c322cfa16bfd7a6d21d670d7eca,source-attested,unreviewed,GPL-2.0-or-later
凸,凸,,single,凸,component-51f8,凸,1,1,chise-ids-ucs-basic,352e13378e411c322cfa16bfd7a6d21d670d7eca,source-attested,unreviewed,GPL-2.0-or-later
芒,⿱艹亡,⿱,top-bottom,艹|亡,component-8279|component-4ea1,艹|亡,2,2,chise-ids-ucs-basic,352e13378e411c322cfa16bfd7a6d21d670d7eca,source-attested,unreviewed,GPL-2.0-or-later
赤,赤,,single,赤,component-8d64,赤,1,1,chise-ids-ucs-basic,352e13378e411c322cfa16bfd7a6d21d670d7eca,source-attested,unreviewed,GPL-2.0-or-later
乳,⿰孚乚,⿰,left-right,孚|乚,component-5b5a|component-4e5a,孚|乚,2,2,chise-ids-ucs-basic,352e13378e411c322cfa16bfd7a6d21d670d7eca,source-attested,unreviewed,GPL-2.0-or-later
佳,⿰亻圭,⿰,left-right,亻|圭,component-4ebb|component-572d,亻|圭,2,2,chise-ids-ucs-basic,352e13378e411c322cfa16bfd7a6d21d670d7eca,source-attested,unreviewed,GPL-2.0-or-later
佩,⿰亻𫥞,⿰,left-right,亻|𫥞,component-4ebb|component-2b95e,亻|𫥞,2,2,chise-ids-ucs-basic,352e13378e411c322cfa16bfd7a6d21d670d7eca,source-attested,unreviewed,GPL-2.0-or-later
昏,⿱氏日,⿱,top-bottom,氏|日,component-6c0f|component-65e5,氏|日,2,2,chise-ids-ucs-basic,352e13378e411c322cfa16bfd7a6d21d670d7eca,source-attested,unreviewed,GPL-2.0-or-later
洪,⿰氵共,⿰,left-right,氵|共,component-6c35|component-5171,氵|共,2,2,chise-ids-ucs-basic,352e13378e411c322cfa16bfd7a6d21d670d7eca,source-attested,unreviewed,GPL-2.0-or-later
竿,⿱竹干,⿱,top-bottom,竹|干,component-7af9|component-5e72,竹|干,2,2,chise-ids-ucs-basic,352e13378e411c322cfa16bfd7a6d21d670d7eca,source-attested,unreviewed,GPL-2.0-or-later
哦,⿰口我,⿰,left-right,口|我,component-53e3|component-6211,口|我,2,2,chise-ids-ucs-basic,352e13378e411c322cfa16bfd7a6d21d670d7eca,source-attested,unreviewed,GPL-2.0-or-later
振,⿰扌辰,⿰,left-right,扌|辰,component-624c|component-8fb0,扌|辰,2,2,chise-ids-ucs-basic,352e13378e411c322cfa16bfd7a6d21d670d7eca,source-attested,unreviewed,GPL-2.0-or-later
秩,⿰禾失,⿰,left-right,禾|失,component-79be|component-5931,禾|失,2,2,chise-ids-ucs-basic,352e13378e411c322cfa16bfd7a6d21d670d7eca,source-attested,unreviewed,GPL-2.0-or-later
傍,⿰亻旁,⿰,left-right,亻|旁,component-4ebb|component-65c1,亻|旁,2,2,chise-ids-ucs-basic,352e13378e411c322cfa16bfd7a6d21d670d7eca,source-attested,unreviewed,GPL-2.0-or-later
猶,⿰犭酋,⿰,left-right,犭|酋,component-72ad|component-914b,犭|酋,2,2,chise-ids-ucs-basic,352e13378e411c322cfa16bfd7a6d21d670d7eca,source-attested,unreviewed,GPL-2.0-or-later
腔,⿰⺼空,⿰,left-right,⺼|空,component-2ebc|component-7a7a,⺼|空,2,2,chise-ids-ucs-basic,352e13378e411c322cfa16bfd7a6d21d670d7eca,source-attested,unreviewed,GPL-2.0-or-later
愁,⿱秋心,⿱,top-bottom,秋|心,component-79cb|component-5fc3,秋|心,2,2,chise-ids-ucs-basic,352e13378e411c322cfa16bfd7a6d21d670d7eca,source-attested,unreviewed,GPL-2.0-or-later
頑,⿰元頁,⿰,left-right,元|頁,component-5143|component-9801,元|頁,2,2,chise-ids-ucs-basic,352e13378e411c322cfa16bfd7a6d21d670d7eca,source-attested,unreviewed,GPL-2.0-or-later
疑,⿰𠤕&CDP-8CCE;,⿰,left-right,𠤕|&CDP-8CCE;,component-20915|component-CDP-8CCE,𠤕|&CDP-8CCE;,2,2,chise-ids-ucs-basic,352e13378e411c322cfa16bfd7a6d21d670d7eca,source-attested,unreviewed,GPL-2.0-or-later
賓,⿱&CDP-8D74;貝,⿱,top-bottom,&CDP-8D74;|貝,component-CDP-8D74|component-8c9d,&CDP-8D74;|貝,2,2,chise-ids-ucs-basic,352e13378e411c322cfa16bfd7a6d21d670d7eca,source-attested,unreviewed,GPL-2.0-or-later
罷,⿱罒能,⿱,top-bottom,罒|能,component-7f52|component-80fd,罒|能,2,2,chise-ids-ucs-basic,352e13378e411c322cfa16bfd7a6d21d670d7eca,source-attested,unreviewed,GPL-2.0-or-later
蔬,⿱艹疏,⿱,top-bottom,艹|疏,component-8279|component-758f,艹|疏,2,2,chise-ids-ucs-basic,352e13378e411c322cfa16bfd7a6d21d670d7eca,source-attested,unreviewed,GPL-2.0-or-later
蝦,⿰虫叚,⿰,left-right,虫|叚,component-866b|component-53da,虫|叚,2,2,chise-ids-ucs-basic,352e13378e411c322cfa16bfd7a6d21d670d7eca,source-attested,unreviewed,GPL-2.0-or-later
擁,⿰扌雍,⿰,left-right,扌|雍,component-624c|component-96cd,扌|雍,2,2,chise-ids-ucs-basic,352e13378e411c322cfa16bfd7a6d21d670d7eca,source-attested,unreviewed,GPL-2.0-or-later
龜,龜,,single,龜,component-9f9c,龜,1,1,chise-ids-ucs-basic,352e13378e411c322cfa16bfd7a6d21d670d7eca,source-attested,unreviewed,GPL-2.0-or-later
疆,⿰&CDP-8DB8;畺,⿰,left-right,&CDP-8DB8;|畺,component-CDP-8DB8|component-757a,&CDP-8DB8;|畺,2,2,chise-ids-ucs-basic,352e13378e411c322cfa16bfd7a6d21d670d7eca,source-attested,unreviewed,GPL-2.0-or-later
襯,⿰衤親,⿰,left-right,衤|親,component-8864|component-89aa,衤|親,2,2,chise-ids-ucs-basic,352e13378e411c322cfa16bfd7a6d21d670d7eca,source-attested,unreviewed,GPL-2.0-or-later
夕,夕,,single,夕,component-5915,夕,1,1,chise-ids-ucs-basic,352e13378e411c322cfa16bfd7a6d21d670d7eca,source-attested,unreviewed,GPL-2.0-or-later
企,⿱𠆢止,⿱,top-bottom,𠆢|止,component-201a2|component-6b62,𠆢|止,2,2,chise-ids-ucs-basic,352e13378e411c322cfa16bfd7a6d21d670d7eca,source-attested,unreviewed,GPL-2.0-or-later
君,⿸尹口,⿸,surround,尹|口,component-5c39|component-53e3,尹|口,2,2,chise-ids-ucs-basic,352e13378e411c322cfa16bfd7a6d21d670d7eca,source-attested,unreviewed,GPL-2.0-or-later
扶,⿰扌夫,⿰,left-right,扌|夫,component-624c|component-592b,扌|夫,2,2,chise-ids-ucs-basic,352e13378e411c322cfa16bfd7a6d21d670d7eca,source-attested,unreviewed,GPL-2.0-or-later
屆,⿸尸凷,⿸,surround,尸|凷,component-5c38|component-51f7,尸|凷,2,2,chise-ids-ucs-basic,352e13378e411c322cfa16bfd7a6d21d670d7eca,source-attested,unreviewed,GPL-2.0-or-later
盲,⿱亡目,⿱,top-bottom,亡|目,component-4ea1|component-76ee,亡|目,2,2,chise-ids-ucs-basic,352e13378e411c322cfa16bfd7a6d21d670d7eca,source-attested,unreviewed,GPL-2.0-or-later
唐,⿸广&CDP-8CC1;,⿸,surround,广|&CDP-8CC1;,component-5e7f|component-CDP-8CC1,广|&CDP-8CC1;,2,2,chise-ids-ucs-basic,352e13378e411c322cfa16bfd7a6d21d670d7eca,source-attested,unreviewed,GPL-2.0-or-later
眠,⿰目民,⿰,left-right,目|民,component-76ee|component-6c11,目|民,2,2,chise-ids-ucs-basic,352e13378e411c322cfa16bfd7a6d21d670d7eca,source-attested,unreviewed,GPL-2.0-or-later
蚌,⿰虫丰,⿰,left-right,虫|丰,component-866b|component-4e30,虫|丰,2,2,chise-ids-ucs-basic,352e13378e411c322cfa16bfd7a6d21d670d7eca,source-attested,unreviewed,GPL-2.0-or-later
控,⿰扌空,⿰,left-right,扌|空,component-624c|component-7a7a,扌|空,2,2,chise-ids-ucs-basic,352e13378e411c322cfa16bfd7a6d21d670d7eca,source-attested,unreviewed,GPL-2.0-or-later
牽,⿱&CDP-89FE;牛,⿱,top-bottom,&CDP-89FE;|牛,component-CDP-89FE|component-725b,&CDP-89FE;|牛,2,2,chise-ids-ucs-basic,352e13378e411c322cfa16bfd7a6d21d670d7eca,source-attested,unreviewed,GPL-2.0-or-later
壺,⿱士&CDP-8DE8;,⿱,top-bottom,士|&CDP-8DE8;,component-58eb|component-CDP-8DE8,士|&CDP-8DE8;,2,2,chise-ids-ucs-basic,352e13378e411c322cfa16bfd7a6d21d670d7eca,source-attested,unreviewed,GPL-2.0-or-later
援,⿰扌爰,⿰,left-right,扌|爰,component-624c|component-7230,扌|爰,2,2,chise-ids-ucs-basic,352e13378e411c322cfa16bfd7a6d21d670d7eca,source-attested,unreviewed,GPL-2.0-or-later
睜,⿰目爭,⿰,left-right,目|爭,component-76ee|component-722d,目|爭,2,2,chise-ids-ucs-basic,352e13378e411c322cfa16bfd7a6d21d670d7eca,source-attested,unreviewed,GPL-2.0-or-later
摔,⿰扌率,⿰,left-right,扌|率,component-624c|component-7387,扌|率,2,2,chise-ids-ucs-basic,352e13378e411c322cfa16bfd7a6d21d670d7eca,source-attested,unreviewed,GPL-2.0-or-later
暴,⿱日㳟,⿱,top-bottom,日|㳟,component-65e5|component-3cdf,日|㳟,2,2,chise-ids-ucs-basic,352e13378e411c322cfa16bfd7a6d21d670d7eca,source-attested,unreviewed,GPL-2.0-or-later
燦,⿰火粲,⿰,left-right,火|粲,component-706b|component-7cb2,火|粲,2,2,chise-ids-ucs-basic,352e13378e411c322cfa16bfd7a6d21d670d7eca,source-attested,unreviewed,GPL-2.0-or-later
餵,⿰飠畏,⿰,left-right,飠|畏,component-98e0|component-754f,飠|畏,2,2,chise-ids-ucs-basic,352e13378e411c322cfa16bfd7a6d21d670d7eca,source-attested,unreviewed,GPL-2.0-or-later
蟬,⿰虫單,⿰,left-right,虫|單,component-866b|component-55ae,虫|單,2,2,chise-ids-ucs-basic,352e13378e411c322cfa16bfd7a6d21d670d7eca,source-attested,unreviewed,GPL-2.0-or-later
蹲,⿰𧾷尊,⿰,left-right,𧾷|尊,component-27fb7|component-5c0a,𧾷|尊,2,2,chise-ids-ucs-basic,352e13378e411c322cfa16bfd7a6d21d670d7eca,source-attested,unreviewed,GPL-2.0-or-later
懸,⿱縣心,⿱,top-bottom,縣|心,component-7e23|component-5fc3,縣|心,2,2,chise-ids-ucs-basic,352e13378e411c322cfa16bfd7a6d21d670d7eca,source-attested,unreviewed,GPL-2.0-or-later
籬,⿱竹離,⿱,top-bottom,竹|離,component-7af9|component-96e2,竹|離,2,2,chise-ids-ucs-basic,352e13378e411c322cfa16bfd7a6d21d670d7eca,source-attested,unreviewed,GPL-2.0-or-later
甩,⿵冂&CDP-8A43;,⿵,surround,冂|&CDP-8A43;,component-5182|component-CDP-8A43,冂|&CDP-8A43;,2,2,chise-ids-ucs-basic,352e13378e411c322cfa16bfd7a6d21d670d7eca,source-attested,unreviewed,GPL-2.0-or-later
乒,⿱丘丿,⿱,top-bottom,丘|丿,component-4e18|component-4e3f,丘|丿,2,2,chise-ids-ucs-basic,352e13378e411c322cfa16bfd7a6d21d670d7eca,source-attested,unreviewed,GPL-2.0-or-later
乓,⿱丘丶,⿱,top-bottom,丘|丶,component-4e18|component-4e36,丘|丶,2,2,chise-ids-ucs-basic,352e13378e411c322cfa16bfd7a6d21d670d7eca,source-attested,unreviewed,GPL-2.0-or-later
肌,⿰⺼几,⿰,left-right,⺼|几,component-2ebc|component-51e0,⺼|几,2,2,chise-ids-ucs-basic,352e13378e411c322cfa16bfd7a6d21d670d7eca,source-attested,unreviewed,GPL-2.0-or-later
坊,⿰土方,⿰,left-right,土|方,component-571f|component-65b9,土|方,2,2,chise-ids-ucs-basic,352e13378e411c322cfa16bfd7a6d21d670d7eca,source-attested,unreviewed,GPL-2.0-or-later
夾,夾,,single,夾,component-593e,夾,1,1,chise-ids-ucs-basic,352e13378e411c322cfa16bfd7a6d21d670d7eca,source-attested,unreviewed,GPL-2.0-or-later
扯,⿰扌止,⿰,left-right,扌|止,component-624c|component-6b62,扌|止,2,2,chise-ids-ucs-basic,352e13378e411c322cfa16bfd7a6d21d670d7eca,source-attested,unreviewed,GPL-2.0-or-later
庚,⿸广&CDP-8DE2;,⿸,surround,广|&CDP-8DE2;,component-5e7f|component-CDP-8DE2,广|&CDP-8DE2;,2,2,chise-ids-ucs-basic,352e13378e411c322cfa16bfd7a6d21d670d7eca,source-attested,unreviewed,GPL-2.0-or-later
拐,⿰扌另,⿰,left-right,扌|另,component-624c|component-53e6,扌|另,2,2,chise-ids-ucs-basic,352e13378e411c322cfa16bfd7a6d21d670d7eca,source-attested,unreviewed,GPL-2.0-or-later
舍,⿱𫢉口,⿱,top-bottom,𫢉|口,component-2b889|component-53e3,𫢉|口,2,2,chise-ids-ucs-basic,352e13378e411c322cfa16bfd7a6d21d670d7eca,source-attested,unreviewed,GPL-2.0-or-later
阻,⿰⻖且,⿰,left-right,⻖|且,component-2ed6|component-4e14,⻖|且,2,2,chise-ids-ucs-basic,352e13378e411c322cfa16bfd7a6d21d670d7eca,source-attested,unreviewed,GPL-2.0-or-later
炸,⿰火乍,⿰,left-right,火|乍,component-706b|component-4e4d,火|乍,2,2,chise-ids-ucs-basic,352e13378e411c322cfa16bfd7a6d21d670d7eca,source-attested,unreviewed,GPL-2.0-or-later
韋,⿴⿱𫝀㐄口,⿴,surround,𫝀|㐄|口,component-2b740|component-3404|component-53e3,𫝀|㐄|口,3,3,chise-ids-ucs-basic,352e13378e411c322cfa16bfd7a6d21d670d7eca,source-attested,unreviewed,GPL-2.0-or-later
核,⿰木亥,⿰,left-right,木|亥,component-6728|component-4ea5,木|亥,2,2,chise-ids-ucs-basic,352e13378e411c322cfa16bfd7a6d21d670d7eca,source-attested,unreviewed,GPL-2.0-or-later
悠,⿱攸心,⿱,top-bottom,攸|心,component-6538|component-5fc3,攸|心,2,2,chise-ids-ucs-basic,352e13378e411c322cfa16bfd7a6d21d670d7eca,source-attested,unreviewed,GPL-2.0-or-later
喔,⿰口屋,⿰,left-right,口|屋,component-53e3|component-5c4b,口|屋,2,2,chise-ids-ucs-basic,352e13378e411c322cfa16bfd7a6d21d670d7eca,source-attested,unreviewed,GPL-2.0-or-later
寓,⿱宀禺,⿱,top-bottom,宀|禺,component-5b80|component-79ba,宀|禺,2,2,chise-ids-ucs-basic,352e13378e411c322cfa16bfd7a6d21d670d7eca,source-attested,unreviewed,GPL-2.0-or-later
飲,⿰飠欠,⿰,left-right,飠|欠,component-98e0|component-6b20,飠|欠,2,2,chise-ids-ucs-basic,352e13378e411c322cfa16bfd7a6d21d670d7eca,source-attested,unreviewed,GPL-2.0-or-later
損,⿰扌員,⿰,left-right,扌|員,component-624c|component-54e1,扌|員,2,2,chise-ids-ucs-basic,352e13378e411c322cfa16bfd7a6d21d670d7eca,source-attested,unreviewed,GPL-2.0-or-later
滬,⿰氵扈,⿰,left-right,氵|扈,component-6c35|component-6248,氵|扈,2,2,chise-ids-ucs-basic,352e13378e411c322cfa16bfd7a6d21d670d7eca,source-attested,unreviewed,GPL-2.0-or-later
槳,⿱將木,⿱,top-bottom,將|木,component-5c07|component-6728,將|木,2,2,chise-ids-ucs-basic,352e13378e411c322cfa16bfd7a6d21d670d7eca,source-attested,unreviewed,GPL-2.0-or-later
蓮,⿱艹連,⿱,top-bottom,艹|連,component-8279|component-9023,艹|連,2,2,chise-ids-ucs-basic,352e13378e411c322cfa16bfd7a6d21d670d7eca,source-attested,unreviewed,GPL-2.0-or-later
壇,⿰土亶,⿰,left-right,土|亶,component-571f|component-4eb6,土|亶,2,2,chise-ids-ucs-basic,352e13378e411c322cfa16bfd7a6d21d670d7eca,source-attested,unreviewed,GPL-2.0-or-later
聶,⿱耳聑,⿱,top-bottom,耳|聑,component-8033|component-8051,耳|聑,2,2,chise-ids-ucs-basic,352e13378e411c322cfa16bfd7a6d21d670d7eca,source-attested,unreviewed,GPL-2.0-or-later
扣,⿰扌口,⿰,left-right,扌|口,component-624c|component-53e3,扌|口,2,2,chise-ids-ucs-basic,352e13378e411c322cfa16bfd7a6d21d670d7eca,source-attested,unreviewed,GPL-2.0-or-later
坦,⿰土旦,⿰,left-right,土|旦,component-571f|component-65e6,土|旦,2,2,chise-ids-ucs-basic,352e13378e411c322cfa16bfd7a6d21d670d7eca,source-attested,unreviewed,GPL-2.0-or-later
姓,⿰女生,⿰,left-right,女|生,component-5973|component-751f,女|生,2,2,chise-ids-ucs-basic,352e13378e411c322cfa16bfd7a6d21d670d7eca,source-attested,unreviewed,GPL-2.0-or-later
孤,⿰子瓜,⿰,left-right,子|瓜,component-5b50|component-74dc,子|瓜,2,2,chise-ids-ucs-basic,352e13378e411c322cfa16bfd7a6d21d670d7eca,source-attested,unreviewed,GPL-2.0-or-later
彼,⿰彳皮,⿰,left-right,彳|皮,component-5f73|component-76ae,彳|皮,2,2,chise-ids-ucs-basic,352e13378e411c322cfa16bfd7a6d21d670d7eca,source-attested,unreviewed,GPL-2.0-or-later
炎,⿱火火,⿱,top-bottom,火|火,component-706b|component-706b,火,2,1,chise-ids-ucs-basic,352e13378e411c322cfa16bfd7a6d21d670d7eca,source-attested,unreviewed,GPL-2.0-or-later
茄,⿱艹加,⿱,top-bottom,艹|加,component-8279|component-52a0,艹|加,2,2,chise-ids-ucs-basic,352e13378e411c322cfa16bfd7a6d21d670d7eca,source-attested,unreviewed,GPL-2.0-or-later
捏,⿰扌圼,⿰,left-right,扌|圼,component-624c|component-573c,扌|圼,2,2,chise-ids-ucs-basic,352e13378e411c322cfa16bfd7a6d21d670d7eca,source-attested,unreviewed,GPL-2.0-or-later
純,⿰糸屯,⿰,left-right,糸|屯,component-7cf8|component-5c6f,糸|屯,2,2,chise-ids-ucs-basic,352e13378e411c322cfa16bfd7a6d21d670d7eca,source-attested,unreviewed,GPL-2.0-or-later
授,⿰扌受,⿰,left-right,扌|受,component-624c|component-53d7,扌|受,2,2,chise-ids-ucs-basic,352e13378e411c322cfa16bfd7a6d21d670d7eca,source-attested,unreviewed,GPL-2.0-or-later
械,⿰木戒,⿰,left-right,木|戒,component-6728|component-6212,木|戒,2,2,chise-ids-ucs-basic,352e13378e411c322cfa16bfd7a6d21d670d7eca,source-attested,unreviewed,GPL-2.0-or-later
淋,⿰氵林,⿰,left-right,氵|林,component-6c35|component-6797,氵|林,2,2,chise-ids-ucs-basic,352e13378e411c322cfa16bfd7a6d21d670d7eca,source-attested,unreviewed,GPL-2.0-or-later
堡,⿱保土,⿱,top-bottom,保|土,component-4fdd|component-571f,保|土,2,2,chise-ids-ucs-basic,352e13378e411c322cfa16bfd7a6d21d670d7eca,source-attested,unreviewed,GPL-2.0-or-later
塘,⿰土唐,⿰,left-right,土|唐,component-571f|component-5510,土|唐,2,2,chise-ids-ucs-basic,352e13378e411c322cfa16bfd7a6d21d670d7eca,source-attested,unreviewed,GPL-2.0-or-later
葵,⿱艹癸,⿱,top-bottom,艹|癸,component-8279|component-7678,艹|癸,2,2,chise-ids-ucs-basic,352e13378e411c322cfa16bfd7a6d21d670d7eca,source-attested,unreviewed,GPL-2.0-or-later
裕,⿰衤谷,⿰,left-right,衤|谷,component-8864|component-8c37,衤|谷,2,2,chise-ids-ucs-basic,352e13378e411c322cfa16bfd7a6d21d670d7eca,source-attested,unreviewed,GPL-2.0-or-later
碳,⿰石炭,⿰,left-right,石|炭,component-77f3|component-70ad,石|炭,2,2,chise-ids-ucs-basic,352e13378e411c322cfa16bfd7a6d21d670d7eca,source-attested,unreviewed,GPL-2.0-or-later
潛,⿰氵朁,⿰,left-right,氵|朁,component-6c35|component-6701,氵|朁,2,2,chise-ids-ucs-basic,352e13378e411c322cfa16bfd7a6d21d670d7eca,source-attested,unreviewed,GPL-2.0-or-later
瘦,⿸疒叟,⿸,surround,疒|叟,component-7592|component-53df,疒|叟,2,2,chise-ids-ucs-basic,352e13378e411c322cfa16bfd7a6d21d670d7eca,source-attested,unreviewed,GPL-2.0-or-later
鄧,⿰登⻏,⿰,left-right,登|⻏,component-767b|component-2ecf,登|⻏,2,2,chise-ids-ucs-basic,352e13378e411c322cfa16bfd7a6d21d670d7eca,source-attested,unreviewed,GPL-2.0-or-later
駕,⿱加馬,⿱,top-bottom,加|馬,component-52a0|component-99ac,加|馬,2,2,chise-ids-ucs-basic,352e13378e411c322cfa16bfd7a6d21d670d7eca,source-attested,unreviewed,GPL-2.0-or-later
融,⿰鬲虫,⿰,left-right,鬲|虫,component-9b32|component-866b,鬲|虫,2,2,chise-ids-ucs-basic,352e13378e411c322cfa16bfd7a6d21d670d7eca,source-attested,unreviewed,GPL-2.0-or-later
賴,⿰束負,⿰,left-right,束|負,component-675f|component-8ca0,束|負,2,2,chise-ids-ucs-basic,352e13378e411c322cfa16bfd7a6d21d670d7eca,source-attested,unreviewed,GPL-2.0-or-later
勵,⿰厲力,⿰,left-right,厲|力,component-53b2|component-529b,厲|力,2,2,chise-ids-ucs-basic,352e13378e411c322cfa16bfd7a6d21d670d7eca,source-attested,unreviewed,GPL-2.0-or-later
鷗,⿰區鳥,⿰,left-right,區|鳥,component-5340|component-9ce5,區|鳥,2,2,chise-ids-ucs-basic,352e13378e411c322cfa16bfd7a6d21d670d7eca,source-attested,unreviewed,GPL-2.0-or-later
冊,冊,,single,冊,component-518a,冊,1,1,chise-ids-ucs-basic,352e13378e411c322cfa16bfd7a6d21d670d7eca,source-attested,unreviewed,GPL-2.0-or-later
吊,⿱口巾,⿱,top-bottom,口|巾,component-53e3|component-5dfe,口|巾,2,2,chise-ids-ucs-basic,352e13378e411c322cfa16bfd7a6d21d670d7eca,source-attested,unreviewed,GPL-2.0-or-later
伽,⿰亻加,⿰,left-right,亻|加,component-4ebb|component-52a0,亻|加,2,2,chise-ids-ucs-basic,352e13378e411c322cfa16bfd7a6d21d670d7eca,source-attested,unreviewed,GPL-2.0-or-later
刨,⿰包刂,⿰,left-right,包|刂,component-5305|component-5202,包|刂,2,2,chise-ids-ucs-basic,352e13378e411c322cfa16bfd7a6d21d670d7eca,source-attested,unreviewed,GPL-2.0-or-later
抒,⿰扌予,⿰,left-right,扌|予,component-624c|component-4e88,扌|予,2,2,chise-ids-ucs-basic,352e13378e411c322cfa16bfd7a6d21d670d7eca,source-attested,unreviewed,GPL-2.0-or-later
弧,⿰弓瓜,⿰,left-right,弓|瓜,component-5f13|component-74dc,弓|瓜,2,2,chise-ids-ucs-basic,352e13378e411c322cfa16bfd7a6d21d670d7eca,source-attested,unreviewed,GPL-2.0-or-later
哺,⿰口甫,⿰,left-right,口|甫,component-53e3|component-752b,口|甫,2,2,chise-ids-ucs-basic,352e13378e411c322cfa16bfd7a6d21d670d7eca,source-attested,unreviewed,GPL-2.0-or-later
框,⿰木匡,⿰,left-right,木|匡,component-6728|component-5321,木|匡,2,2,chise-ids-ucs-basic,352e13378e411c322cfa16bfd7a6d21d670d7eca,source-attested,unreviewed,GPL-2.0-or-later
桂,⿰木圭,⿰,left-right,木|圭,component-6728|component-572d,木|圭,2,2,chise-ids-ucs-basic,352e13378e411c322cfa16bfd7a6d21d670d7eca,source-attested,unreviewed,GPL-2.0-or-later
烘,⿰火共,⿰,left-right,火|共,component-706b|component-5171,火|共,2,2,chise-ids-ucs-basic,352e13378e411c322cfa16bfd7a6d21d670d7eca,source-attested,unreviewed,GPL-2.0-or-later
脆,⿰⺼危,⿰,left-right,⺼|危,component-2ebc|component-5371,⺼|危,2,2,chise-ids-ucs-basic,352e13378e411c322cfa16bfd7a6d21d670d7eca,source-attested,unreviewed,GPL-2.0-or-later
脊,⿱&CDP-88D2;&CDP-8958;,⿱,top-bottom,&CDP-88D2;|&CDP-8958;,component-CDP-88D2|component-CDP-8958,&CDP-88D2;|&CDP-8958;,2,2,chise-ids-ucs-basic,352e13378e411c322cfa16bfd7a6d21d670d7eca,source-attested,unreviewed,GPL-2.0-or-later
啄,⿰口豖,⿰,left-right,口|豖,component-53e3|component-8c56,口|豖,2,2,chise-ids-ucs-basic,352e13378e411c322cfa16bfd7a6d21d670d7eca,source-attested,unreviewed,GPL-2.0-or-later
帳,⿰巾長,⿰,left-right,巾|長,component-5dfe|component-9577,巾|長,2,2,chise-ids-ucs-basic,352e13378e411c322cfa16bfd7a6d21d670d7eca,source-attested,unreviewed,GPL-2.0-or-later
曹,⿱&CDP-8D61;曰,⿱,top-bottom,&CDP-8D61;|曰,component-CDP-8D61|component-66f0,&CDP-8D61;|曰,2,2,chise-ids-ucs-basic,352e13378e411c322cfa16bfd7a6d21d670d7eca,source-attested,unreviewed,GPL-2.0-or-later
袖,⿰衤由,⿰,left-right,衤|由,component-8864|component-7531,衤|由,2,2,chise-ids-ucs-basic,352e13378e411c322cfa16bfd7a6d21d670d7eca,source-attested,unreviewed,GPL-2.0-or-later
喘,⿰口耑,⿰,left-right,口|耑,component-53e3|component-8011,口|耑,2,2,chise-ids-ucs-basic,352e13378e411c322cfa16bfd7a6d21d670d7eca,source-attested,unreviewed,GPL-2.0-or-later
棚,⿰木朋,⿰,left-right,木|朋,component-6728|component-670b,木|朋,2,2,chise-ids-ucs-basic,352e13378e411c322cfa16bfd7a6d21d670d7eca,source-attested,unreviewed,GPL-2.0-or-later
嗯,⿰口恩,⿰,left-right,口|恩,component-53e3|component-6069,口|恩,2,2,chise-ids-ucs-basic,352e13378e411c322cfa16bfd7a6d21d670d7eca,source-attested,unreviewed,GPL-2.0-or-later
跺,⿰𧾷朵,⿰,left-right,𧾷|朵,component-27fb7|component-6735,𧾷|朵,2,2,chise-ids-ucs-basic,352e13378e411c322cfa16bfd7a6d21d670d7eca,source-attested,unreviewed,GPL-2.0-or-later
逼,⿺辶畐,⿺,surround,辶|畐,component-8fb6|component-7550,辶|畐,2,2,chise-ids-ucs-basic,352e13378e411c322cfa16bfd7a6d21d670d7eca,source-attested,unreviewed,GPL-2.0-or-later
頌,⿰公頁,⿰,left-right,公|頁,component-516c|component-9801,公|頁,2,2,chise-ids-ucs-basic,352e13378e411c322cfa16bfd7a6d21d670d7eca,source-attested,unreviewed,GPL-2.0-or-later
榜,⿰木旁,⿰,left-right,木|旁,component-6728|component-65c1,木|旁,2,2,chise-ids-ucs-basic,352e13378e411c322cfa16bfd7a6d21d670d7eca,source-attested,unreviewed,GPL-2.0-or-later
誌,⿰言志,⿰,left-right,言|志,component-8a00|component-5fd7,言|志,2,2,chise-ids-ucs-basic,352e13378e411c322cfa16bfd7a6d21d670d7eca,source-attested,unreviewed,GPL-2.0-or-later
慰,⿱尉心,⿱,top-bottom,尉|心,component-5c09|component-5fc3,尉|心,2,2,chise-ids-ucs-basic,352e13378e411c322cfa16bfd7a6d21d670d7eca,source-attested,unreviewed,GPL-2.0-or-later
餓,⿰飠我,⿰,left-right,飠|我,component-98e0|component-6211,飠|我,2,2,chise-ids-ucs-basic,352e13378e411c322cfa16bfd7a6d21d670d7eca,source-attested,unreviewed,GPL-2.0-or-later
盧,⿸𧆨皿,⿸,surround,𧆨|皿,component-271a8|component-76bf,𧆨|皿,2,2,chise-ids-ucs-basic,352e13378e411c322cfa16bfd7a6d21d670d7eca,source-attested,unreviewed,GPL-2.0-or-later
遼,⿺辶尞,⿺,surround,辶|尞,component-8fb6|component-5c1e,辶|尞,2,2,chise-ids-ucs-basic,352e13378e411c322cfa16bfd7a6d21d670d7eca,source-attested,unreviewed,GPL-2.0-or-later
遺,⿺辶貴,⿺,surround,辶|貴,component-8fb6|component-8cb4,辶|貴,2,2,chise-ids-ucs-basic,352e13378e411c322cfa16bfd7a6d21d670d7eca,source-attested,unreviewed,GPL-2.0-or-later
灌,⿰氵雚,⿰,left-right,氵|雚,component-6c35|component-96da,氵|雚,2,2,chise-ids-ucs-basic,352e13378e411c322cfa16bfd7a6d21d670d7eca,source-attested,unreviewed,GPL-2.0-or-later
犧,⿰牜羲,⿰,left-right,牜|羲,component-725c|component-7fb2,牜|羲,2,2,chise-ids-ucs-basic,352e13378e411c322cfa16bfd7a6d21d670d7eca,source-attested,unreviewed,GPL-2.0-or-later
蔔,⿱艹匐,⿱,top-bottom,艹|匐,component-8279|component-5310,艹|匐,2,2,chise-ids-ucs-basic,352e13378e411c322cfa16bfd7a6d21d670d7eca,source-attested,unreviewed,GPL-2.0-or-later
丘,丘,,single,丘,component-4e18,丘,1,1,chise-ids-ucs-basic,352e13378e411c322cfa16bfd7a6d21d670d7eca,source-attested,unreviewed,GPL-2.0-or-later
旦,⿱日一,⿱,top-bottom,日|一,component-65e5|component-4e00,日|一,2,2,chise-ids-ucs-basic,352e13378e411c322cfa16bfd7a6d21d670d7eca,source-attested,unreviewed,GPL-2.0-or-later
旬,⿹勹日,⿹,surround,勹|日,component-52f9|component-65e5,勹|日,2,2,chise-ids-ucs-basic,352e13378e411c322cfa16bfd7a6d21d670d7eca,source-attested,unreviewed,GPL-2.0-or-later
宜,⿱宀且,⿱,top-bottom,宀|且,component-5b80|component-4e14,宀|且,2,2,chise-ids-ucs-basic,352e13378e411c322cfa16bfd7a6d21d670d7eca,source-attested,unreviewed,GPL-2.0-or-later
枚,⿰木攵,⿰,left-right,木|攵,component-6728|component-6535,木|攵,2,2,chise-ids-ucs-basic,352e13378e411c322cfa16bfd7a6d21d670d7eca,source-attested,unreviewed,GPL-2.0-or-later
泊,⿰氵白,⿰,left-right,氵|白,component-6c35|component-767d,氵|白,2,2,chise-ids-ucs-basic,352e13378e411c322cfa16bfd7a6d21d670d7eca,source-attested,unreviewed,GPL-2.0-or-later
芬,⿱艹分,⿱,top-bottom,艹|分,component-8279|component-5206,艹|分,2,2,chise-ids-ucs-basic,352e13378e411c322cfa16bfd7a6d21d670d7eca,source-attested,unreviewed,GPL-2.0-or-later
返,⿺辶反,⿺,surround,辶|反,component-8fb6|component-53cd,辶|反,2,2,chise-ids-ucs-basic,352e13378e411c322cfa16bfd7a6d21d670d7eca,source-attested,unreviewed,GPL-2.0-or-later
枯,⿰木古,⿰,left-right,木|古,component-6728|component-53e4,木|古,2,2,chise-ids-ucs-basic,352e13378e411c322cfa16bfd7a6d21d670d7eca,source-attested,unreviewed,GPL-2.0-or-later
郊,⿰交⻏,⿰,left-right,交|⻏,component-4ea4|component-2ecf,交|⻏,2,2,chise-ids-ucs-basic,352e13378e411c322cfa16bfd7a6d21d670d7eca,source-attested,unreviewed,GPL-2.0-or-later
凌,⿰冫夌,⿰,left-right,冫|夌,component-51ab|component-590c,冫|夌,2,2,chise-ids-ucs-basic,352e13378e411c322cfa16bfd7a6d21d670d7eca,source-attested,unreviewed,GPL-2.0-or-later
哼,⿰口亨,⿰,left-right,口|亨,component-53e3|component-4ea8,口|亨,2,2,chise-ids-ucs-basic,352e13378e411c322cfa16bfd7a6d21d670d7eca,source-attested,unreviewed,GPL-2.0-or-later
峽,⿰山夾,⿰,left-right,山|夾,component-5c71|component-593e,山|夾,2,2,chise-ids-ucs-basic,352e13378e411c322cfa16bfd7a6d21d670d7eca,source-attested,unreviewed,GPL-2.0-or-later
紡,⿰糸方,⿰,left-right,糸|方,component-7cf8|component-65b9,糸|方,2,2,chise-ids-ucs-basic,352e13378e411c322cfa16bfd7a6d21d670d7eca,source-attested,unreviewed,GPL-2.0-or-later
紗,⿰糸少,⿰,left-right,糸|少,component-7cf8|component-5c11,糸|少,2,2,chise-ids-ucs-basic,352e13378e411c322cfa16bfd7a6d21d670d7eca,source-attested,unreviewed,GPL-2.0-or-later
掀,⿰扌欣,⿰,left-right,扌|欣,component-624c|component-6b23,扌|欣,2,2,chise-ids-ucs-basic,352e13378e411c322cfa16bfd7a6d21d670d7eca,source-attested,unreviewed,GPL-2.0-or-later
紮,⿱札糸,⿱,top-bottom,札|糸,component-672d|component-7cf8,札|糸,2,2,chise-ids-ucs-basic,352e13378e411c322cfa16bfd7a6d21d670d7eca,source-attested,unreviewed,GPL-2.0-or-later
晰,⿰日析,⿰,left-right,日|析,component-65e5|component-6790,日|析,2,2,chise-ids-ucs-basic,352e13378e411c322cfa16bfd7a6d21d670d7eca,source-attested,unreviewed,GPL-2.0-or-later
毀,⿹⿰臼殳土,⿹,surround,臼|殳|土,component-81fc|component-6bb3|component-571f,臼|殳|土,3,3,chise-ids-ucs-basic,352e13378e411c322cfa16bfd7a6d21d670d7eca,source-attested,unreviewed,GPL-2.0-or-later
絹,⿰糸肙,⿰,left-right,糸|肙,component-7cf8|component-8099,糸|肙,2,2,chise-ids-ucs-basic,352e13378e411c322cfa16bfd7a6d21d670d7eca,source-attested,unreviewed,GPL-2.0-or-later
艇,⿰舟廷,⿰,left-right,舟|廷,component-821f|component-5ef7,舟|廷,2,2,chise-ids-ucs-basic,352e13378e411c322cfa16bfd7a6d21d670d7eca,source-attested,unreviewed,GPL-2.0-or-later
幣,⿱敝巾,⿱,top-bottom,敝|巾,component-655d|component-5dfe,敝|巾,2,2,chise-ids-ucs-basic,352e13378e411c322cfa16bfd7a6d21d670d7eca,source-attested,unreviewed,GPL-2.0-or-later
漆,⿰氵桼,⿰,left-right,氵|桼,component-6c35|component-687c,氵|桼,2,2,chise-ids-ucs-basic,352e13378e411c322cfa16bfd7a6d21d670d7eca,source-attested,unreviewed,GPL-2.0-or-later
餃,⿰飠交,⿰,left-right,飠|交,component-98e0|component-4ea4,飠|交,2,2,chise-ids-ucs-basic,352e13378e411c322cfa16bfd7a6d21d670d7eca,source-attested,unreviewed,GPL-2.0-or-later
憤,⿰忄賁,⿰,left-right,忄|賁,component-5fc4|component-8cc1,忄|賁,2,2,chise-ids-ucs-basic,352e13378e411c322cfa16bfd7a6d21d670d7eca,source-attested,unreviewed,GPL-2.0-or-later
賭,⿰貝者,⿰,left-right,貝|者,component-8c9d|component-8005,貝|者,2,2,chise-ids-ucs-basic,352e13378e411c322cfa16bfd7a6d21d670d7eca,source-attested,unreviewed,GPL-2.0-or-later
踩,⿰𧾷采,⿰,left-right,𧾷|采,component-27fb7|component-91c7,𧾷|采,2,2,chise-ids-ucs-basic,352e13378e411c322cfa16bfd7a6d21d670d7eca,source-attested,unreviewed,GPL-2.0-or-later
蕉,⿱艹焦,⿱,top-bottom,艹|焦,component-8279|component-7126,艹|焦,2,2,chise-ids-ucs-basic,352e13378e411c322cfa16bfd7a6d21d670d7eca,source-attested,unreviewed,GPL-2.0-or-later
謀,⿰言某,⿰,left-right,言|某,component-8a00|component-67d0,言|某,2,2,chise-ids-ucs-basic,352e13378e411c322cfa16bfd7a6d21d670d7eca,source-attested,unreviewed,GPL-2.0-or-later
爍,⿰火樂,⿰,left-right,火|樂,component-706b|component-6a02,火|樂,2,2,chise-ids-ucs-basic,352e13378e411c322cfa16bfd7a6d21d670d7eca,source-attested,unreviewed,GPL-2.0-or-later
殲,⿰歹韱,⿰,left-right,歹|韱,component-6b79|component-97f1,歹|韱,2,2,chise-ids-ucs-basic,352e13378e411c322cfa16bfd7a6d21d670d7eca,source-attested,unreviewed,GPL-2.0-or-later
驕,⿰馬喬,⿰,left-right,馬|喬,component-99ac|component-55ac,馬|喬,2,2,chise-ids-ucs-basic,352e13378e411c322cfa16bfd7a6d21d670d7eca,source-attested,unreviewed,GPL-2.0-or-later
蘿,⿱艹羅,⿱,top-bottom,艹|羅,component-8279|component-7f85,艹|羅,2,2,chise-ids-ucs-basic,352e13378e411c322cfa16bfd7a6d21d670d7eca,source-attested,unreviewed,GPL-2.0-or-later
仇,⿰亻九,⿰,left-right,亻|九,component-4ebb|component-4e5d,亻|九,2,2,chise-ids-ucs-basic,352e13378e411c322cfa16bfd7a6d21d670d7eca,source-attested,unreviewed,GPL-2.0-or-later
氏,氏,,single,氏,component-6c0f,氏,1,1,chise-ids-ucs-basic,352e13378e411c322cfa16bfd7a6d21d670d7eca,source-attested,unreviewed,GPL-2.0-or-later
刑,⿰开刂,⿰,left-right,开|刂,component-5f00|component-5202,开|刂,2,2,chise-ids-ucs-basic,352e13378e411c322cfa16bfd7a6d21d670d7eca,source-attested,unreviewed,GPL-2.0-or-later
私,⿰禾厶,⿰,left-right,禾|厶,component-79be|component-53b6,禾|厶,2,2,chise-ids-ucs-basic,352e13378e411c322cfa16bfd7a6d21d670d7eca,source-attested,unreviewed,GPL-2.0-or-later
泳,⿰氵永,⿰,left-right,氵|永,component-6c35|component-6c38,氵|永,2,2,chise-ids-ucs-basic,352e13378e411c322cfa16bfd7a6d21d670d7eca,source-attested,unreviewed,GPL-2.0-or-later
恢,⿰忄灰,⿰,left-right,忄|灰,component-5fc4|component-7070,忄|灰,2,2,chise-ids-ucs-basic,352e13378e411c322cfa16bfd7a6d21d670d7eca,source-attested,unreviewed,GPL-2.0-or-later
茅,⿱艹矛,⿱,top-bottom,艹|矛,component-8279|component-77db,艹|矛,2,2,chise-ids-ucs-basic,352e13378e411c322cfa16bfd7a6d21d670d7eca,source-attested,unreviewed,GPL-2.0-or-later
倫,⿰亻侖,⿰,left-right,亻|侖,component-4ebb|component-4f96,亻|侖,2,2,chise-ids-ucs-basic,352e13378e411c322cfa16bfd7a6d21d670d7eca,source-attested,unreviewed,GPL-2.0-or-later
茹,⿱艹如,⿱,top-bottom,艹|如,component-8279|component-5982,艹|如,2,2,chise-ids-ucs-basic,352e13378e411c322cfa16bfd7a6d21d670d7eca,source-attested,unreviewed,GPL-2.0-or-later
寂,⿱宀叔,⿱,top-bottom,宀|叔,component-5b80|component-53d4,宀|叔,2,2,chise-ids-ucs-basic,352e13378e411c322cfa16bfd7a6d21d670d7eca,source-attested,unreviewed,GPL-2.0-or-later
羞,⿸⺶丑,⿸,surround,⺶|丑,component-2eb6|component-4e11,⺶|丑,2,2,chise-ids-ucs-basic,352e13378e411c322cfa16bfd7a6d21d670d7eca,source-attested,unreviewed,GPL-2.0-or-later
萊,⿱艹來,⿱,top-bottom,艹|來,component-8279|component-4f86,艹|來,2,2,chise-ids-ucs-basic,352e13378e411c322cfa16bfd7a6d21d670d7eca,source-attested,unreviewed,GPL-2.0-or-later
逮,⿺辶隶,⿺,surround,辶|隶,component-8fb6|component-96b6,辶|隶,2,2,chise-ids-ucs-basic,352e13378e411c322cfa16bfd7a6d21d670d7eca,source-attested,unreviewed,GPL-2.0-or-later
慈,⿱兹心,⿱,top-bottom,兹|心,component-5179|component-5fc3,兹|心,2,2,chise-ids-ucs-basic,352e13378e411c322cfa16bfd7a6d21d670d7eca,source-attested,unreviewed,GPL-2.0-or-later
孵,⿰卵孚,⿰,left-right,卵|孚,component-5375|component-5b5a,卵|孚,2,2,chise-ids-ucs-basic,352e13378e411c322cfa16bfd7a6d21d670d7eca,source-attested,unreviewed,GPL-2.0-or-later
綢,⿰糸周,⿰,left-right,糸|周,component-7cf8|component-5468,糸|周,2,2,chise-ids-ucs-basic,352e13378e411c322cfa16bfd7a6d21d670d7eca,source-attested,unreviewed,GPL-2.0-or-later
裳,⿱𫩠衣,⿱,top-bottom,𫩠|衣,component-2ba60|component-8863,𫩠|衣,2,2,chise-ids-ucs-basic,352e13378e411c322cfa16bfd7a6d21d670d7eca,source-attested,unreviewed,GPL-2.0-or-later
遙,⿺⻌&JX2-7461;,⿺,surround,⻌|&JX2-7461;,component-2ecc|component-JX2-7461,⻌|&JX2-7461;,2,2,chise-ids-ucs-basic,352e13378e411c322cfa16bfd7a6d21d670d7eca,source-attested,unreviewed,GPL-2.0-or-later
避,⿺辶辟,⿺,surround,辶|辟,component-8fb6|component-8f9f,辶|辟,2,2,chise-ids-ucs-basic,352e13378e411c322cfa16bfd7a6d21d670d7eca,source-attested,unreviewed,GPL-2.0-or-later
隸,⿰柰隶,⿰,left-right,柰|隶,component-67f0|component-96b6,柰|隶,2,2,chise-ids-ucs-basic,352e13378e411c322cfa16bfd7a6d21d670d7eca,source-attested,unreviewed,GPL-2.0-or-later
懶,⿰忄賴,⿰,left-right,忄|賴,component-5fc4|component-8cf4,忄|賴,2,2,chise-ids-ucs-basic,352e13378e411c322cfa16bfd7a6d21d670d7eca,source-attested,unreviewed,GPL-2.0-or-later
鵲,⿰昔鳥,⿰,left-right,昔|鳥,component-6614|component-9ce5,昔|鳥,2,2,chise-ids-ucs-basic,352e13378e411c322cfa16bfd7a6d21d670d7eca,source-attested,unreviewed,GPL-2.0-or-later
纖,⿰糸韱,⿰,left-right,糸|韱,component-7cf8|component-97f1,糸|韱,2,2,chise-ids-ucs-basic,352e13378e411c322cfa16bfd7a6d21d670d7eca,source-attested,unreviewed,GPL-2.0-or-later
壩,⿰土霸,⿰,left-right,土|霸,component-571f|component-9738,土|霸,2,2,chise-ids-ucs-basic,352e13378e411c322cfa16bfd7a6d21d670d7eca,source-attested,unreviewed,GPL-2.0-or-later
鹽,⿷⿱⿰臣𠂉皿鹵,⿷,surround,臣|𠂉|皿|鹵,component-81e3|component-20089|component-76bf|component-9e75,臣|𠂉|皿|鹵,4,4,chise-ids-ucs-basic,352e13378e411c322cfa16bfd7a6d21d670d7eca,source-attested,unreviewed,GPL-2.0-or-later
窪,⿱穴洼,⿱,top-bottom,穴|洼,component-7a74|component-6d3c,穴|洼,2,2,chise-ids-ucs-basic,352e13378e411c322cfa16bfd7a6d21d670d7eca,source-attested,unreviewed,GPL-2.0-or-later
勻,⿹勹二,⿹,surround,勹|二,component-52f9|component-4e8c,勹|二,2,2,chise-ids-ucs-basic,352e13378e411c322cfa16bfd7a6d21d670d7eca,source-attested,unreviewed,GPL-2.0-or-later
弗,弗,,single,弗,component-5f17,弗,1,1,chise-ids-ucs-basic,352e13378e411c322cfa16bfd7a6d21d670d7eca,source-attested,unreviewed,GPL-2.0-or-later
匠,⿷匚斤,⿷,surround,匚|斤,component-531a|component-65a4,匚|斤,2,2,chise-ids-ucs-basic,352e13378e411c322cfa16bfd7a6d21d670d7eca,source-attested,unreviewed,GPL-2.0-or-later
忠,⿱中心,⿱,top-bottom,中|心,component-4e2d|component-5fc3,中|心,2,2,chise-ids-ucs-basic,352e13378e411c322cfa16bfd7a6d21d670d7eca,source-attested,unreviewed,GPL-2.0-or-later
泛,⿰氵乏,⿰,left-right,氵|乏,component-6c35|component-4e4f,氵|乏,2,2,chise-ids-ucs-basic,352e13378e411c322cfa16bfd7a6d21d670d7eca,source-attested,unreviewed,GPL-2.0-or-later
邱,⿰丘⻏,⿰,left-right,丘|⻏,component-4e18|component-2ecf,丘|⻏,2,2,chise-ids-ucs-basic,352e13378e411c322cfa16bfd7a6d21d670d7eca,source-attested,unreviewed,GPL-2.0-or-later
削,⿰肖刂,⿰,left-right,肖|刂,component-8096|component-5202,肖|刂,2,2,chise-ids-ucs-basic,352e13378e411c322cfa16bfd7a6d21d670d7eca,source-attested,unreviewed,GPL-2.0-or-later
珊,⿰𤣩册,⿰,left-right,𤣩|册,component-248e9|component-518c,𤣩|册,2,2,chise-ids-ucs-basic,352e13378e411c322cfa16bfd7a6d21d670d7eca,source-attested,unreviewed,GPL-2.0-or-later
耍,⿱而女,⿱,top-bottom,而|女,component-800c|component-5973,而|女,2,2,chise-ids-ucs-basic,352e13378e411c322cfa16bfd7a6d21d670d7eca,source-attested,unreviewed,GPL-2.0-or-later
悔,⿰忄每,⿰,left-right,忄|每,component-5fc4|component-6bcf,忄|每,2,2,chise-ids-ucs-basic,352e13378e411c322cfa16bfd7a6d21d670d7eca,source-attested,unreviewed,GPL-2.0-or-later
殊,⿰歹朱,⿰,left-right,歹|朱,component-6b79|component-6731,歹|朱,2,2,chise-ids-ucs-basic,352e13378e411c322cfa16bfd7a6d21d670d7eca,source-attested,unreviewed,GPL-2.0-or-later
唯,⿰口隹,⿰,left-right,口|隹,component-53e3|component-96b9,口|隹,2,2,chise-ids-ucs-basic,352e13378e411c322cfa16bfd7a6d21d670d7eca,source-attested,unreviewed,GPL-2.0-or-later
屠,⿸尸者,⿸,surround,尸|者,component-5c38|component-8005,尸|者,2,2,chise-ids-ucs-basic,352e13378e411c322cfa16bfd7a6d21d670d7eca,source-attested,unreviewed,GPL-2.0-or-later
崖,⿱山厓,⿱,top-bottom,山|厓,component-5c71|component-5393,山|厓,2,2,chise-ids-ucs-basic,352e13378e411c322cfa16bfd7a6d21d670d7eca,source-attested,unreviewed,GPL-2.0-or-later
巢,⿱巛果,⿱,top-bottom,巛|果,component-5ddb|component-679c,巛|果,2,2,chise-ids-ucs-basic,352e13378e411c322cfa16bfd7a6d21d670d7eca,source-attested,unreviewed,GPL-2.0-or-later
患,⿱串心,⿱,top-bottom,串|心,component-4e32|component-5fc3,串|心,2,2,chise-ids-ucs-basic,352e13378e411c322cfa16bfd7a6d21d670d7eca,source-attested,unreviewed,GPL-2.0-or-later
爽,&U-i001+2FFB;大㸚,,single,&U-i001+2FFB;|大|㸚,component-U-i001-2FFB|component-5927|component-3e1a,&U-i001+2FFB;|大|㸚,3,3,chise-ids-ucs-basic,352e13378e411c322cfa16bfd7a6d21d670d7eca,source-attested,unreviewed,GPL-2.0-or-later
瓷,⿱次瓦,⿱,top-bottom,次|瓦,component-6b21|component-74e6,次|瓦,2,2,chise-ids-ucs-basic,352e13378e411c322cfa16bfd7a6d21d670d7eca,source-attested,unreviewed,GPL-2.0-or-later
趁,⿺走㐱,⿺,surround,走|㐱,component-8d70|component-3431,走|㐱,2,2,chise-ids-ucs-basic,352e13378e411c322cfa16bfd7a6d21d670d7eca,source-attested,unreviewed,GPL-2.0-or-later
隆,⿰⻖㚅,⿰,left-right,⻖|㚅,component-2ed6|component-3685,⻖|㚅,2,2,chise-ids-ucs-basic,352e13378e411c322cfa16bfd7a6d21d670d7eca,source-attested,unreviewed,GPL-2.0-or-later
嗦,⿰口索,⿰,left-right,口|索,component-53e3|component-7d22,口|索,2,2,chise-ids-ucs-basic,352e13378e411c322cfa16bfd7a6d21d670d7eca,source-attested,unreviewed,GPL-2.0-or-later
盞,⿱戔皿,⿱,top-bottom,戔|皿,component-6214|component-76bf,戔|皿,2,2,chise-ids-ucs-basic,352e13378e411c322cfa16bfd7a6d21d670d7eca,source-attested,unreviewed,GPL-2.0-or-later
飼,⿰飠司,⿰,left-right,飠|司,component-98e0|component-53f8,飠|司,2,2,chise-ids-ucs-basic,352e13378e411c322cfa16bfd7a6d21d670d7eca,source-attested,unreviewed,GPL-2.0-or-later
馳,⿰馬也,⿰,left-right,馬|也,component-99ac|component-4e5f,馬|也,2,2,chise-ids-ucs-basic,352e13378e411c322cfa16bfd7a6d21d670d7eca,source-attested,unreviewed,GPL-2.0-or-later
豪,⿱⿳亠口冖豕,⿱,top-bottom,亠|口|冖|豕,component-4ea0|component-53e3|component-5196|component-8c55,亠|口|冖|豕,4,4,chise-ids-ucs-basic,352e13378e411c322cfa16bfd7a6d21d670d7eca,source-attested,unreviewed,GPL-2.0-or-later
遲,⿺辶犀,⿺,surround,辶|犀,component-8fb6|component-7280,辶|犀,2,2,chise-ids-ucs-basic,352e13378e411c322cfa16bfd7a6d21d670d7eca,source-attested,unreviewed,GPL-2.0-or-later
糟,⿰米曹,⿰,left-right,米|曹,component-7c73|component-66f9,米|曹,2,2,chise-ids-ucs-basic,352e13378e411c322cfa16bfd7a6d21d670d7eca,source-attested,unreviewed,GPL-2.0-or-later
翼,⿱羽異,⿱,top-bottom,羽|異,component-7fbd|component-7570,羽|異,2,2,chise-ids-ucs-basic,352e13378e411c322cfa16bfd7a6d21d670d7eca,source-attested,unreviewed,GPL-2.0-or-later
謎,⿰言迷,⿰,left-right,言|迷,component-8a00|component-8ff7,言|迷,2,2,chise-ids-ucs-basic,352e13378e411c322cfa16bfd7a6d21d670d7eca,source-attested,unreviewed,GPL-2.0-or-later
邀,⿺辶敫,⿺,surround,辶|敫,component-8fb6|component-656b,辶|敫,2,2,chise-ids-ucs-basic,352e13378e411c322cfa16bfd7a6d21d670d7eca,source-attested,unreviewed,GPL-2.0-or-later
黏,⿰黍占,⿰,left-right,黍|占,component-9ecd|component-5360,黍|占,2,2,chise-ids-ucs-basic,352e13378e411c322cfa16bfd7a6d21d670d7eca,source-attested,unreviewed,GPL-2.0-or-later
嚷,⿰口襄,⿰,left-right,口|襄,component-53e3|component-8944,口|襄,2,2,chise-ids-ucs-basic,352e13378e411c322cfa16bfd7a6d21d670d7eca,source-attested,unreviewed,GPL-2.0-or-later
寸,寸,,single,寸,component-5bf8,寸,1,1,chise-ids-ucs-basic,352e13378e411c322cfa16bfd7a6d21d670d7eca,source-attested,unreviewed,GPL-2.0-or-later
卵,⿰𠂑卪,⿰,left-right,𠂑|卪,component-20091|component-536a,𠂑|卪,2,2,chise-ids-ucs-basic,352e13378e411c322cfa16bfd7a6d21d670d7eca,source-attested,unreviewed,GPL-2.0-or-later
吵,⿰口少,⿰,left-right,口|少,component-53e3|component-5c11,口|少,2,2,chise-ids-ucs-basic,352e13378e411c322cfa16bfd7a6d21d670d7eca,source-attested,unreviewed,GPL-2.0-or-later
抖,⿰扌斗,⿰,left-right,扌|斗,component-624c|component-6597,扌|斗,2,2,chise-ids-ucs-basic,352e13378e411c322cfa16bfd7a6d21d670d7eca,source-attested,unreviewed,GPL-2.0-or-later
扮,⿰扌分,⿰,left-right,扌|分,component-624c|component-5206,扌|分,2,2,chise-ids-ucs-basic,352e13378e411c322cfa16bfd7a6d21d670d7eca,source-attested,unreviewed,GPL-2.0-or-later
肢,⿰⺼支,⿰,left-right,⺼|支,component-2ebc|component-652f,⺼|支,2,2,chise-ids-ucs-basic,352e13378e411c322cfa16bfd7a6d21d670d7eca,source-attested,unreviewed,GPL-2.0-or-later
藉,⿱艹耤,⿱,top-bottom,艹|耤,component-8279|component-8024,艹|耤,2,2,chise-ids-ucs-basic,352e13378e411c322cfa16bfd7a6d21d670d7eca,source-attested,unreviewed,GPL-2.0-or-later
胳,⿰⺼各,⿰,left-right,⺼|各,component-2ebc|component-5404,⺼|各,2,2,chise-ids-ucs-basic,352e13378e411c322cfa16bfd7a6d21d670d7eca,source-attested,unreviewed,GPL-2.0-or-later
訊,⿰言卂,⿰,left-right,言|卂,component-8a00|component-5342,言|卂,2,2,chise-ids-ucs-basic,352e13378e411c322cfa16bfd7a6d21d670d7eca,source-attested,unreviewed,GPL-2.0-or-later
悉,⿱釆心,⿱,top-bottom,釆|心,component-91c6|component-5fc3,釆|心,2,2,chise-ids-ucs-basic,352e13378e411c322cfa16bfd7a6d21d670d7eca,source-attested,unreviewed,GPL-2.0-or-later
番,⿱釆田,⿱,top-bottom,釆|田,component-91c6|component-7530,釆|田,2,2,chise-ids-ucs-basic,352e13378e411c322cfa16bfd7a6d21d670d7eca,source-attested,unreviewed,GPL-2.0-or-later
稀,⿰禾希,⿰,left-right,禾|希,component-79be|component-5e0c,禾|希,2,2,chise-ids-ucs-basic,352e13378e411c322cfa16bfd7a6d21d670d7eca,source-attested,unreviewed,GPL-2.0-or-later
策,⿱竹朿,⿱,top-bottom,竹|朿,component-7af9|component-673f,竹|朿,2,2,chise-ids-ucs-basic,352e13378e411c322cfa16bfd7a6d21d670d7eca,source-attested,unreviewed,GPL-2.0-or-later
嫂,⿰女叟,⿰,left-right,女|叟,component-5973|component-53df,女|叟,2,2,chise-ids-ucs-basic,352e13378e411c322cfa16bfd7a6d21d670d7eca,source-attested,unreviewed,GPL-2.0-or-later
煩,⿰火頁,⿰,left-right,火|頁,component-706b|component-9801,火|頁,2,2,chise-ids-ucs-basic,352e13378e411c322cfa16bfd7a6d21d670d7eca,source-attested,unreviewed,GPL-2.0-or-later
壽,⿳&CDP-8D53;一吋,⿳,top-bottom,&CDP-8D53;|一|吋,component-CDP-8D53|component-4e00|component-540b,&CDP-8D53;|一|吋,3,3,chise-ids-ucs-basic,352e13378e411c322cfa16bfd7a6d21d670d7eca,source-attested,unreviewed,GPL-2.0-or-later
暫,⿱斬日,⿱,top-bottom,斬|日,component-65ac|component-65e5,斬|日,2,2,chise-ids-ucs-basic,352e13378e411c322cfa16bfd7a6d21d670d7eca,source-attested,unreviewed,GPL-2.0-or-later
緣,⿰糸彖,⿰,left-right,糸|彖,component-7cf8|component-5f56,糸|彖,2,2,chise-ids-ucs-basic,352e13378e411c322cfa16bfd7a6d21d670d7eca,source-attested,unreviewed,GPL-2.0-or-later
誼,⿰言宜,⿰,left-right,言|宜,component-8a00|component-5b9c,言|宜,2,2,chise-ids-ucs-basic,352e13378e411c322cfa16bfd7a6d21d670d7eca,source-attested,unreviewed,GPL-2.0-or-later
銷,⿰金肖,⿰,left-right,金|肖,component-91d1|component-8096,金|肖,2,2,chise-ids-ucs-basic,352e13378e411c322cfa16bfd7a6d21d670d7eca,source-attested,unreviewed,GPL-2.0-or-later
蹄,⿰𧾷帝,⿰,left-right,𧾷|帝,component-27fb7|component-5e1d,𧾷|帝,2,2,chise-ids-ucs-basic,352e13378e411c322cfa16bfd7a6d21d670d7eca,source-attested,unreviewed,GPL-2.0-or-later
儲,⿰亻諸,⿰,left-right,亻|諸,component-4ebb|component-8af8,亻|諸,2,2,chise-ids-ucs-basic,352e13378e411c322cfa16bfd7a6d21d670d7eca,source-attested,unreviewed,GPL-2.0-or-later
竄,⿱穴鼠,⿱,top-bottom,穴|鼠,component-7a74|component-9f20,穴|鼠,2,2,chise-ids-ucs-basic,352e13378e411c322cfa16bfd7a6d21d670d7eca,source-attested,unreviewed,GPL-2.0-or-later
吶,⿰口內,⿰,left-right,口|內,component-53e3|component-5167,口|內,2,2,chise-ids-ucs-basic,352e13378e411c322cfa16bfd7a6d21d670d7eca,source-attested,unreviewed,GPL-2.0-or-later
吱,⿰口支,⿰,left-right,口|支,component-53e3|component-652f,口|支,2,2,chise-ids-ucs-basic,352e13378e411c322cfa16bfd7a6d21d670d7eca,source-attested,unreviewed,GPL-2.0-or-later
杏,⿱木口,⿱,top-bottom,木|口,component-6728|component-53e3,木|口,2,2,chise-ids-ucs-basic,352e13378e411c322cfa16bfd7a6d21d670d7eca,source-attested,unreviewed,GPL-2.0-or-later
併,⿰亻并,⿰,left-right,亻|并,component-4ebb|component-5e76,亻|并,2,2,chise-ids-ucs-basic,352e13378e411c322cfa16bfd7a6d21d670d7eca,source-attested,unreviewed,GPL-2.0-or-later
肺,⿰⺼巿,⿰,left-right,⺼|巿,component-2ebc|component-5dff,⺼|巿,2,2,chise-ids-ucs-basic,352e13378e411c322cfa16bfd7a6d21d670d7eca,source-attested,unreviewed,GPL-2.0-or-later
砌,⿰石切,⿰,left-right,石|切,component-77f3|component-5207,石|切,2,2,chise-ids-ucs-basic,352e13378e411c322cfa16bfd7a6d21d670d7eca,source-attested,unreviewed,GPL-2.0-or-later
趴,⿰𧾷八,⿰,left-right,𧾷|八,component-27fb7|component-516b,𧾷|八,2,2,chise-ids-ucs-basic,352e13378e411c322cfa16bfd7a6d21d670d7eca,source-attested,unreviewed,GPL-2.0-or-later
倩,⿰亻青,⿰,left-right,亻|青,component-4ebb|component-9752,亻|青,2,2,chise-ids-ucs-basic,352e13378e411c322cfa16bfd7a6d21d670d7eca,source-attested,unreviewed,GPL-2.0-or-later
埃,⿰土矣,⿰,left-right,土|矣,component-571f|component-77e3,土|矣,2,2,chise-ids-ucs-basic,352e13378e411c322cfa16bfd7a6d21d670d7eca,source-attested,unreviewed,GPL-2.0-or-later
畜,⿱玄田,⿱,top-bottom,玄|田,component-7384|component-7530,玄|田,2,2,chise-ids-ucs-basic,352e13378e411c322cfa16bfd7a6d21d670d7eca,source-attested,unreviewed,GPL-2.0-or-later
笆,⿱竹巴,⿱,top-bottom,竹|巴,component-7af9|component-5df4,竹|巴,2,2,chise-ids-ucs-basic,352e13378e411c322cfa16bfd7a6d21d670d7eca,source-attested,unreviewed,GPL-2.0-or-later
淹,⿰氵奄,⿰,left-right,氵|奄,component-6c35|component-5944,氵|奄,2,2,chise-ids-ucs-basic,352e13378e411c322cfa16bfd7a6d21d670d7eca,source-attested,unreviewed,GPL-2.0-or-later
蛇,⿰虫它,⿰,left-right,虫|它,component-866b|component-5b83,虫|它,2,2,chise-ids-ucs-basic,352e13378e411c322cfa16bfd7a6d21d670d7eca,source-attested,unreviewed,GPL-2.0-or-later
販,⿰貝反,⿰,left-right,貝|反,component-8c9d|component-53cd,貝|反,2,2,chise-ids-ucs-basic,352e13378e411c322cfa16bfd7a6d21d670d7eca,source-attested,unreviewed,GPL-2.0-or-later
貪,⿱今貝,⿱,top-bottom,今|貝,component-4eca|component-8c9d,今|貝,2,2,chise-ids-ucs-basic,352e13378e411c322cfa16bfd7a6d21d670d7eca,source-attested,unreviewed,GPL-2.0-or-later
湯,⿰氵昜,⿰,left-right,氵|昜,component-6c35|component-661c,氵|昜,2,2,chise-ids-ucs-basic,352e13378e411c322cfa16bfd7a6d21d670d7eca,source-attested,unreviewed,GPL-2.0-or-later
焰,⿰火臽,⿰,left-right,火|臽,component-706b|component-81fd,火|臽,2,2,chise-ids-ucs-basic,352e13378e411c322cfa16bfd7a6d21d670d7eca,source-attested,unreviewed,GPL-2.0-or-later
裁,⿹𢦏衣,⿹,surround,𢦏|衣,component-2298f|component-8863,𢦏|衣,2,2,chise-ids-ucs-basic,352e13378e411c322cfa16bfd7a6d21d670d7eca,source-attested,unreviewed,GPL-2.0-or-later
診,⿰言㐱,⿰,left-right,言|㐱,component-8a00|component-3431,言|㐱,2,2,chise-ids-ucs-basic,352e13378e411c322cfa16bfd7a6d21d670d7eca,source-attested,unreviewed,GPL-2.0-or-later
瑜,⿰𤣩俞,⿰,left-right,𤣩|俞,component-248e9|component-4fde,𤣩|俞,2,2,chise-ids-ucs-basic,352e13378e411c322cfa16bfd7a6d21d670d7eca,source-attested,unreviewed,GPL-2.0-or-later
罩,⿱罒卓,⿱,top-bottom,罒|卓,component-7f52|component-5353,罒|卓,2,2,chise-ids-ucs-basic,352e13378e411c322cfa16bfd7a6d21d670d7eca,source-attested,unreviewed,GPL-2.0-or-later
漏,⿰氵屚,⿰,left-right,氵|屚,component-6c35|component-5c5a,氵|屚,2,2,chise-ids-ucs-basic,352e13378e411c322cfa16bfd7a6d21d670d7eca,source-attested,unreviewed,GPL-2.0-or-later
蓄,⿱艹畜,⿱,top-bottom,艹|畜,component-8279|component-755c,艹|畜,2,2,chise-ids-ucs-basic,352e13378e411c322cfa16bfd7a6d21d670d7eca,source-attested,unreviewed,GPL-2.0-or-later
閥,⿵門伐,⿵,surround,門|伐,component-9580|component-4f10,門|伐,2,2,chise-ids-ucs-basic,352e13378e411c322cfa16bfd7a6d21d670d7eca,source-attested,unreviewed,GPL-2.0-or-later
慧,⿱彗心,⿱,top-bottom,彗|心,component-5f57|component-5fc3,彗|心,2,2,chise-ids-ucs-basic,352e13378e411c322cfa16bfd7a6d21d670d7eca,source-attested,unreviewed,GPL-2.0-or-later
潭,⿰氵覃,⿰,left-right,氵|覃,component-6c35|component-8983,氵|覃,2,2,chise-ids-ucs-basic,352e13378e411c322cfa16bfd7a6d21d670d7eca,source-attested,unreviewed,GPL-2.0-or-later
霉,⿱雨每,⿱,top-bottom,雨|每,component-96e8|component-6bcf,雨|每,2,2,chise-ids-ucs-basic,352e13378e411c322cfa16bfd7a6d21d670d7eca,source-attested,unreviewed,GPL-2.0-or-later
簇,⿱竹族,⿱,top-bottom,竹|族,component-7af9|component-65cf,竹|族,2,2,chise-ids-ucs-basic,352e13378e411c322cfa16bfd7a6d21d670d7eca,source-attested,unreviewed,GPL-2.0-or-later
謠,⿰言&JX2-7461;,⿰,left-right,言|&JX2-7461;,component-8a00|component-JX2-7461,言|&JX2-7461;,2,2,chise-ids-ucs-basic,352e13378e411c322cfa16bfd7a6d21d670d7eca,source-attested,unreviewed,GPL-2.0-or-later
艦,⿰舟監,⿰,left-right,舟|監,component-821f|component-76e3,舟|監,2,2,chise-ids-ucs-basic,352e13378e411c322cfa16bfd7a6d21d670d7eca,source-attested,unreviewed,GPL-2.0-or-later
丈,丈,,single,丈,component-4e08,丈,1,1,chise-ids-ucs-basic,352e13378e411c322cfa16bfd7a6d21d670d7eca,source-attested,unreviewed,GPL-2.0-or-later
叉,⿴又丶,⿴,surround,又|丶,component-53c8|component-4e36,又|丶,2,2,chise-ids-ucs-basic,352e13378e411c322cfa16bfd7a6d21d670d7eca,source-attested,unreviewed,GPL-2.0-or-later
瓦,瓦,,single,瓦,component-74e6,瓦,1,1,chise-ids-ucs-basic,352e13378e411c322cfa16bfd7a6d21d670d7eca,source-attested,unreviewed,GPL-2.0-or-later
圾,⿰土及,⿰,left-right,土|及,component-571f|component-53ca,土|及,2,2,chise-ids-ucs-basic,352e13378e411c322cfa16bfd7a6d21d670d7eca,source-attested,unreviewed,GPL-2.0-or-later
旱,⿱日干,⿱,top-bottom,日|干,component-65e5|component-5e72,日|干,2,2,chise-ids-ucs-basic,352e13378e411c322cfa16bfd7a6d21d670d7eca,source-attested,unreviewed,GPL-2.0-or-later
垃,⿰土立,⿰,left-right,土|立,component-571f|component-7acb,土|立,2,2,chise-ids-ucs-basic,352e13378e411c322cfa16bfd7a6d21d670d7eca,source-attested,unreviewed,GPL-2.0-or-later
抹,⿰扌末,⿰,left-right,扌|末,component-624c|component-672b,扌|末,2,2,chise-ids-ucs-basic,352e13378e411c322cfa16bfd7a6d21d670d7eca,source-attested,unreviewed,GPL-2.0-or-later
冠,⿱冖㝴,⿱,top-bottom,冖|㝴,component-5196|component-3774,冖|㝴,2,2,chise-ids-ucs-basic,352e13378e411c322cfa16bfd7a6d21d670d7eca,source-attested,unreviewed,GPL-2.0-or-later
幽,⿻山𢆶,⿻,overlay,山|𢆶,component-5c71|component-221b6,山|𢆶,2,2,chise-ids-ucs-basic,352e13378e411c322cfa16bfd7a6d21d670d7eca,source-attested,unreviewed,GPL-2.0-or-later
恍,⿰忄光,⿰,left-right,忄|光,component-5fc4|component-5149,忄|光,2,2,chise-ids-ucs-basic,352e13378e411c322cfa16bfd7a6d21d670d7eca,source-attested,unreviewed,GPL-2.0-or-later
盈,⿱夃皿,⿱,top-bottom,夃|皿,component-5903|component-76bf,夃|皿,2,2,chise-ids-ucs-basic,352e13378e411c322cfa16bfd7a6d21d670d7eca,source-attested,unreviewed,GPL-2.0-or-later
俱,⿰亻具,⿰,left-right,亻|具,component-4ebb|component-5177,亻|具,2,2,chise-ids-ucs-basic,352e13378e411c322cfa16bfd7a6d21d670d7eca,source-attested,unreviewed,GPL-2.0-or-later
烤,⿰火考,⿰,left-right,火|考,component-706b|component-8003,火|考,2,2,chise-ids-ucs-basic,352e13378e411c322cfa16bfd7a6d21d670d7eca,source-attested,unreviewed,GPL-2.0-or-later
狹,⿰犭夾,⿰,left-right,犭|夾,component-72ad|component-593e,犭|夾,2,2,chise-ids-ucs-basic,352e13378e411c322cfa16bfd7a6d21d670d7eca,source-attested,unreviewed,GPL-2.0-or-later
荒,⿱艹巟,⿱,top-bottom,艹|巟,component-8279|component-5ddf,艹|巟,2,2,chise-ids-ucs-basic,352e13378e411c322cfa16bfd7a6d21d670d7eca,source-attested,unreviewed,GPL-2.0-or-later
宿,⿱宀佰,⿱,top-bottom,宀|佰,component-5b80|component-4f70,宀|佰,2,2,chise-ids-ucs-basic,352e13378e411c322cfa16bfd7a6d21d670d7eca,source-attested,unreviewed,GPL-2.0-or-later
捷,⿰扌疌,⿰,left-right,扌|疌,component-624c|component-758c,扌|疌,2,2,chise-ids-ucs-basic,352e13378e411c322cfa16bfd7a6d21d670d7eca,source-attested,unreviewed,GPL-2.0-or-later
敏,⿰每攵,⿰,left-right,每|攵,component-6bcf|component-6535,每|攵,2,2,chise-ids-ucs-basic,352e13378e411c322cfa16bfd7a6d21d670d7eca,source-attested,unreviewed,GPL-2.0-or-later
陪,⿰⻖咅,⿰,left-right,⻖|咅,component-2ed6|component-5485,⻖|咅,2,2,chise-ids-ucs-basic,352e13378e411c322cfa16bfd7a6d21d670d7eca,source-attested,unreviewed,GPL-2.0-or-later
喪,⿱&CDP-88A5;&CDP-8CC6;,⿱,top-bottom,&CDP-88A5;|&CDP-8CC6;,component-CDP-88A5|component-CDP-8CC6,&CDP-88A5;|&CDP-8CC6;,2,2,chise-ids-ucs-basic,352e13378e411c322cfa16bfd7a6d21d670d7eca,source-attested,unreviewed,GPL-2.0-or-later
愣,⿰忄𬙙,⿰,left-right,忄|𬙙,component-5fc4|component-2c659,忄|𬙙,2,2,chise-ids-ucs-basic,352e13378e411c322cfa16bfd7a6d21d670d7eca,source-attested,unreviewed,GPL-2.0-or-later
棗,⿱朿朿,⿱,top-bottom,朿|朿,component-673f|component-673f,朿,2,1,chise-ids-ucs-basic,352e13378e411c322cfa16bfd7a6d21d670d7eca,source-attested,unreviewed,GPL-2.0-or-later
跨,⿰𧾷夸,⿰,left-right,𧾷|夸,component-27fb7|component-5938,𧾷|夸,2,2,chise-ids-ucs-basic,352e13378e411c322cfa16bfd7a6d21d670d7eca,source-attested,unreviewed,GPL-2.0-or-later
墓,⿱莫土,⿱,top-bottom,莫|土,component-83ab|component-571f,莫|土,2,2,chise-ids-ucs-basic,352e13378e411c322cfa16bfd7a6d21d670d7eca,source-attested,unreviewed,GPL-2.0-or-later
罵,⿱罒馬,⿱,top-bottom,罒|馬,component-7f52|component-99ac,罒|馬,2,2,chise-ids-ucs-basic,352e13378e411c322cfa16bfd7a6d21d670d7eca,source-attested,unreviewed,GPL-2.0-or-later
蔗,⿱艹庶,⿱,top-bottom,艹|庶,component-8279|component-5eb6,艹|庶,2,2,chise-ids-ucs-basic,352e13378e411c322cfa16bfd7a6d21d670d7eca,source-attested,unreviewed,GPL-2.0-or-later
螂,⿰虫郎,⿰,left-right,虫|郎,component-866b|component-90ce,虫|郎,2,2,chise-ids-ucs-basic,352e13378e411c322cfa16bfd7a6d21d670d7eca,source-attested,unreviewed,GPL-2.0-or-later
儘,⿰亻盡,⿰,left-right,亻|盡,component-4ebb|component-76e1,亻|盡,2,2,chise-ids-ucs-basic,352e13378e411c322cfa16bfd7a6d21d670d7eca,source-attested,unreviewed,GPL-2.0-or-later
凝,⿰冫疑,⿰,left-right,冫|疑,component-51ab|component-7591,冫|疑,2,2,chise-ids-ucs-basic,352e13378e411c322cfa16bfd7a6d21d670d7eca,source-attested,unreviewed,GPL-2.0-or-later
霍,⿱雨隹,⿱,top-bottom,雨|隹,component-96e8|component-96b9,雨|隹,2,2,chise-ids-ucs-basic,352e13378e411c322cfa16bfd7a6d21d670d7eca,source-attested,unreviewed,GPL-2.0-or-later
瞪,⿰目登,⿰,left-right,目|登,component-76ee|component-767b,目|登,2,2,chise-ids-ucs-basic,352e13378e411c322cfa16bfd7a6d21d670d7eca,source-attested,unreviewed,GPL-2.0-or-later
螳,⿰虫堂,⿰,left-right,虫|堂,component-866b|component-5802,虫|堂,2,2,chise-ids-ucs-basic,352e13378e411c322cfa16bfd7a6d21d670d7eca,source-attested,unreviewed,GPL-2.0-or-later
鍋,⿰金咼,⿰,left-right,金|咼,component-91d1|component-54bc,金|咼,2,2,chise-ids-ucs-basic,352e13378e411c322cfa16bfd7a6d21d670d7eca,source-attested,unreviewed,GPL-2.0-or-later
韓,⿰𠦝韋,⿰,left-right,𠦝|韋,component-2099d|component-97cb,𠦝|韋,2,2,chise-ids-ucs-basic,352e13378e411c322cfa16bfd7a6d21d670d7eca,source-attested,unreviewed,GPL-2.0-or-later
瀑,⿰氵暴,⿰,left-right,氵|暴,component-6c35|component-66b4,氵|暴,2,2,chise-ids-ucs-basic,352e13378e411c322cfa16bfd7a6d21d670d7eca,source-attested,unreviewed,GPL-2.0-or-later
攀,⿱樊手,⿱,top-bottom,樊|手,component-6a0a|component-624b,樊|手,2,2,chise-ids-ucs-basic,352e13378e411c322cfa16bfd7a6d21d670d7eca,source-attested,unreviewed,GPL-2.0-or-later
繳,⿰糸敫,⿰,left-right,糸|敫,component-7cf8|component-656b,糸|敫,2,2,chise-ids-ucs-basic,352e13378e411c322cfa16bfd7a6d21d670d7eca,source-attested,unreviewed,GPL-2.0-or-later
騙,⿰馬扁,⿰,left-right,馬|扁,component-99ac|component-6241,馬|扁,2,2,chise-ids-ucs-basic,352e13378e411c322cfa16bfd7a6d21d670d7eca,source-attested,unreviewed,GPL-2.0-or-later
攔,⿰扌闌,⿰,left-right,扌|闌,component-624c|component-95cc,扌|闌,2,2,chise-ids-ucs-basic,352e13378e411c322cfa16bfd7a6d21d670d7eca,source-attested,unreviewed,GPL-2.0-or-later
鏽,⿰金肅,⿰,left-right,金|肅,component-91d1|component-8085,金|肅,2,2,chise-ids-ucs-basic,352e13378e411c322cfa16bfd7a6d21d670d7eca,source-attested,unreviewed,GPL-2.0-or-later
聾,⿱龍耳,⿱,top-bottom,龍|耳,component-9f8d|component-8033,龍|耳,2,2,chise-ids-ucs-basic,352e13378e411c322cfa16bfd7a6d21d670d7eca,source-attested,unreviewed,GPL-2.0-or-later
予,予,,single,予,component-4e88,予,1,1,chise-ids-ucs-basic,352e13378e411c322cfa16bfd7a6d21d670d7eca,source-attested,unreviewed,GPL-2.0-or-later
幻,⿰幺𠃌,⿰,left-right,幺|𠃌,component-5e7a|component-200cc,幺|𠃌,2,2,chise-ids-ucs-basic,352e13378e411c322cfa16bfd7a6d21d670d7eca,source-attested,unreviewed,GPL-2.0-or-later
禾,禾,,single,禾,component-79be,禾,1,1,chise-ids-ucs-basic,352e13378e411c322cfa16bfd7a6d21d670d7eca,source-attested,unreviewed,GPL-2.0-or-later
污,⿰氵亏,⿰,left-right,氵|亏,component-6c35|component-4e8f,氵|亏,2,2,chise-ids-ucs-basic,352e13378e411c322cfa16bfd7a6d21d670d7eca,source-attested,unreviewed,GPL-2.0-or-later
吾,⿱五口,⿱,top-bottom,五|口,component-4e94|component-53e3,五|口,2,2,chise-ids-ucs-basic,352e13378e411c322cfa16bfd7a6d21d670d7eca,source-attested,unreviewed,GPL-2.0-or-later
呃,⿰口厄,⿰,left-right,口|厄,component-53e3|component-5384,口|厄,2,2,chise-ids-ucs-basic,352e13378e411c322cfa16bfd7a6d21d670d7eca,source-attested,unreviewed,GPL-2.0-or-later
呂,⿳口丿口,⿳,top-bottom,口|丿|口,component-53e3|component-4e3f|component-53e3,口|丿,3,2,chise-ids-ucs-basic,352e13378e411c322cfa16bfd7a6d21d670d7eca,source-attested,unreviewed,GPL-2.0-or-later
杉,⿰木彡,⿰,left-right,木|彡,component-6728|component-5f61,木|彡,2,2,chise-ids-ucs-basic,352e13378e411c322cfa16bfd7a6d21d670d7eca,source-attested,unreviewed,GPL-2.0-or-later
禿,⿱禾儿,⿱,top-bottom,禾|儿,component-79be|component-513f,禾|儿,2,2,chise-ids-ucs-basic,352e13378e411c322cfa16bfd7a6d21d670d7eca,source-attested,unreviewed,GPL-2.0-or-later
享,⿱⿱亠口子,⿱,top-bottom,亠|口|子,component-4ea0|component-53e3|component-5b50,亠|口|子,3,3,chise-ids-ucs-basic,352e13378e411c322cfa16bfd7a6d21d670d7eca,source-attested,unreviewed,GPL-2.0-or-later
卷,⿱龹㔾,⿱,top-bottom,龹|㔾,component-9fb9|component-353e,龹|㔾,2,2,chise-ids-ucs-basic,352e13378e411c322cfa16bfd7a6d21d670d7eca,source-attested,unreviewed,GPL-2.0-or-later
咐,⿰口付,⿰,left-right,口|付,component-53e3|component-4ed8,口|付,2,2,chise-ids-ucs-basic,352e13378e411c322cfa16bfd7a6d21d670d7eca,source-attested,unreviewed,GPL-2.0-or-later
帕,⿰巾白,⿰,left-right,巾|白,component-5dfe|component-767d,巾|白,2,2,chise-ids-ucs-basic,352e13378e411c322cfa16bfd7a6d21d670d7eca,source-attested,unreviewed,GPL-2.0-or-later
昂,⿱日卬,⿱,top-bottom,日|卬,component-65e5|component-536c,日|卬,2,2,chise-ids-ucs-basic,352e13378e411c322cfa16bfd7a6d21d670d7eca,source-attested,unreviewed,GPL-2.0-or-later
杰,⿱木灬,⿱,top-bottom,木|灬,component-6728|component-706c,木|灬,2,2,chise-ids-ucs-basic,352e13378e411c322cfa16bfd7a6d21d670d7eca,source-attested,unreviewed,GPL-2.0-or-later
珀,⿰𤣩白,⿰,left-right,𤣩|白,component-248e9|component-767d,𤣩|白,2,2,chise-ids-ucs-basic,352e13378e411c322cfa16bfd7a6d21d670d7eca,source-attested,unreviewed,GPL-2.0-or-later
緻,⿰糸致,⿰,left-right,糸|致,component-7cf8|component-81f4,糸|致,2,2,chise-ids-ucs-basic,352e13378e411c322cfa16bfd7a6d21d670d7eca,source-attested,unreviewed,GPL-2.0-or-later
畝,⿰亩久,⿰,left-right,亩|久,component-4ea9|component-4e45,亩|久,2,2,chise-ids-ucs-basic,352e13378e411c322cfa16bfd7a6d21d670d7eca,source-attested,unreviewed,GPL-2.0-or-later
翁,⿱公羽,⿱,top-bottom,公|羽,component-516c|component-7fbd,公|羽,2,2,chise-ids-ucs-basic,352e13378e411c322cfa16bfd7a6d21d670d7eca,source-attested,unreviewed,GPL-2.0-or-later
脈,⿰⺼𠂢,⿰,left-right,⺼|𠂢,component-2ebc|component-200a2,⺼|𠂢,2,2,chise-ids-ucs-basic,352e13378e411c322cfa16bfd7a6d21d670d7eca,source-attested,unreviewed,GPL-2.0-or-later
蚪,⿰虫斗,⿰,left-right,虫|斗,component-866b|component-6597,虫|斗,2,2,chise-ids-ucs-basic,352e13378e411c322cfa16bfd7a6d21d670d7eca,source-attested,unreviewed,GPL-2.0-or-later
堵,⿰土者,⿰,left-right,土|者,component-571f|component-8005,土|者,2,2,chise-ids-ucs-basic,352e13378e411c322cfa16bfd7a6d21d670d7eca,source-attested,unreviewed,GPL-2.0-or-later
祥,⿰示羊,⿰,left-right,示|羊,component-793a|component-7f8a,示|羊,2,2,chise-ids-ucs-basic,352e13378e411c322cfa16bfd7a6d21d670d7eca,source-attested,unreviewed,GPL-2.0-or-later
紳,⿰糸申,⿰,left-right,糸|申,component-7cf8|component-7533,糸|申,2,2,chise-ids-ucs-basic,352e13378e411c322cfa16bfd7a6d21d670d7eca,source-attested,unreviewed,GPL-2.0-or-later
逝,⿺辶折,⿺,surround,辶|折,component-8fb6|component-6298,辶|折,2,2,chise-ids-ucs-basic,352e13378e411c322cfa16bfd7a6d21d670d7eca,source-attested,unreviewed,GPL-2.0-or-later
港,⿰氵巷,⿰,left-right,氵|巷,component-6c35|component-5df7,氵|巷,2,2,chise-ids-ucs-basic,352e13378e411c322cfa16bfd7a6d21d670d7eca,source-attested,unreviewed,GPL-2.0-or-later
琥,⿰𤣩虎,⿰,left-right,𤣩|虎,component-248e9|component-864e,𤣩|虎,2,2,chise-ids-ucs-basic,352e13378e411c322cfa16bfd7a6d21d670d7eca,source-attested,unreviewed,GPL-2.0-or-later
廉,⿸广兼,⿸,surround,广|兼,component-5e7f|component-517c,广|兼,2,2,chise-ids-ucs-basic,352e13378e411c322cfa16bfd7a6d21d670d7eca,source-attested,unreviewed,GPL-2.0-or-later
搏,⿰扌尃,⿰,left-right,扌|尃,component-624c|component-5c03,扌|尃,2,2,chise-ids-ucs-basic,352e13378e411c322cfa16bfd7a6d21d670d7eca,source-attested,unreviewed,GPL-2.0-or-later
搜,⿰扌叟,⿰,left-right,扌|叟,component-624c|component-53df,扌|叟,2,2,chise-ids-ucs-basic,352e13378e411c322cfa16bfd7a6d21d670d7eca,source-attested,unreviewed,GPL-2.0-or-later
瑞,⿰𤣩耑,⿰,left-right,𤣩|耑,component-248e9|component-8011,𤣩|耑,2,2,chise-ids-ucs-basic,352e13378e411c322cfa16bfd7a6d21d670d7eca,source-attested,unreviewed,GPL-2.0-or-later
綁,⿰糸邦,⿰,left-right,糸|邦,component-7cf8|component-90a6,糸|邦,2,2,chise-ids-ucs-basic,352e13378e411c322cfa16bfd7a6d21d670d7eca,source-attested,unreviewed,GPL-2.0-or-later
榴,⿰木留,⿰,left-right,木|留,component-6728|component-7559,木|留,2,2,chise-ids-ucs-basic,352e13378e411c322cfa16bfd7a6d21d670d7eca,source-attested,unreviewed,GPL-2.0-or-later
歉,⿰兼欠,⿰,left-right,兼|欠,component-517c|component-6b20,兼|欠,2,2,chise-ids-ucs-basic,352e13378e411c322cfa16bfd7a6d21d670d7eca,source-attested,unreviewed,GPL-2.0-or-later
儉,⿰亻僉,⿰,left-right,亻|僉,component-4ebb|component-50c9,亻|僉,2,2,chise-ids-ucs-basic,352e13378e411c322cfa16bfd7a6d21d670d7eca,source-attested,unreviewed,GPL-2.0-or-later
撕,⿰扌斯,⿰,left-right,扌|斯,component-624c|component-65af,扌|斯,2,2,chise-ids-ucs-basic,352e13378e411c322cfa16bfd7a6d21d670d7eca,source-attested,unreviewed,GPL-2.0-or-later
撫,⿰扌無,⿰,left-right,扌|無,component-624c|component-7121,扌|無,2,2,chise-ids-ucs-basic,352e13378e411c322cfa16bfd7a6d21d670d7eca,source-attested,unreviewed,GPL-2.0-or-later
蝌,⿰虫科,⿰,left-right,虫|科,component-866b|component-79d1,虫|科,2,2,chise-ids-ucs-basic,352e13378e411c322cfa16bfd7a6d21d670d7eca,source-attested,unreviewed,GPL-2.0-or-later
懇,⿱貇心,⿱,top-bottom,貇|心,component-8c87|component-5fc3,貇|心,2,2,chise-ids-ucs-basic,352e13378e411c322cfa16bfd7a6d21d670d7eca,source-attested,unreviewed,GPL-2.0-or-later
檔,⿰木當,⿰,left-right,木|當,component-6728|component-7576,木|當,2,2,chise-ids-ucs-basic,352e13378e411c322cfa16bfd7a6d21d670d7eca,source-attested,unreviewed,GPL-2.0-or-later
霜,⿱雨相,⿱,top-bottom,雨|相,component-96e8|component-76f8,雨|相,2,2,chise-ids-ucs-basic,352e13378e411c322cfa16bfd7a6d21d670d7eca,source-attested,unreviewed,GPL-2.0-or-later
朦,⿰月蒙,⿰,left-right,月|蒙,component-6708|component-8499,月|蒙,2,2,chise-ids-ucs-basic,352e13378e411c322cfa16bfd7a6d21d670d7eca,source-attested,unreviewed,GPL-2.0-or-later
繡,⿰糸肅,⿰,left-right,糸|肅,component-7cf8|component-8085,糸|肅,2,2,chise-ids-ucs-basic,352e13378e411c322cfa16bfd7a6d21d670d7eca,source-attested,unreviewed,GPL-2.0-or-later
簽,⿱竹僉,⿱,top-bottom,竹|僉,component-7af9|component-50c9,竹|僉,2,2,chise-ids-ucs-basic,352e13378e411c322cfa16bfd7a6d21d670d7eca,source-attested,unreviewed,GPL-2.0-or-later
贈,⿰貝曾,⿰,left-right,貝|曾,component-8c9d|component-66fe,貝|曾,2,2,chise-ids-ucs-basic,352e13378e411c322cfa16bfd7a6d21d670d7eca,source-attested,unreviewed,GPL-2.0-or-later
辭,⿰𤔔辛,⿰,left-right,𤔔|辛,component-24514|component-8f9b,𤔔|辛,2,2,chise-ids-ucs-basic,352e13378e411c322cfa16bfd7a6d21d670d7eca,source-attested,unreviewed,GPL-2.0-or-later
嚼,⿰口爵,⿰,left-right,口|爵,component-53e3|component-7235,口|爵,2,2,chise-ids-ucs-basic,352e13378e411c322cfa16bfd7a6d21d670d7eca,source-attested,unreviewed,GPL-2.0-or-later
朧,⿰月龍,⿰,left-right,月|龍,component-6708|component-9f8d,月|龍,2,2,chise-ids-ucs-basic,352e13378e411c322cfa16bfd7a6d21d670d7eca,source-attested,unreviewed,GPL-2.0-or-later
饒,⿰飠堯,⿰,left-right,飠|堯,component-98e0|component-582f,飠|堯,2,2,chise-ids-ucs-basic,352e13378e411c322cfa16bfd7a6d21d670d7eca,source-attested,unreviewed,GPL-2.0-or-later
顫,⿰亶頁,⿰,left-right,亶|頁,component-4eb6|component-9801,亶|頁,2,2,chise-ids-ucs-basic,352e13378e411c322cfa16bfd7a6d21d670d7eca,source-attested,unreviewed,GPL-2.0-or-later
尤,尤,,single,尤,component-5c24,尤,1,1,chise-ids-ucs-basic,352e13378e411c322cfa16bfd7a6d21d670d7eca,source-attested,unreviewed,GPL-2.0-or-later
爪,爪,,single,爪,component-722a,爪,1,1,chise-ids-ucs-basic,352e13378e411c322cfa16bfd7a6d21d670d7eca,source-attested,unreviewed,GPL-2.0-or-later
戊,戊,,single,戊,component-620a,戊,1,1,chise-ids-ucs-basic,352e13378e411c322cfa16bfd7a6d21d670d7eca,source-attested,unreviewed,GPL-2.0-or-later
吒,⿰口乇,⿰,left-right,口|乇,component-53e3|component-4e47,口|乇,2,2,chise-ids-ucs-basic,352e13378e411c322cfa16bfd7a6d21d670d7eca,source-attested,unreviewed,GPL-2.0-or-later
宏,⿱宀厷,⿱,top-bottom,宀|厷,component-5b80|component-53b7,宀|厷,2,2,chise-ids-ucs-basic,352e13378e411c322cfa16bfd7a6d21d670d7eca,source-attested,unreviewed,GPL-2.0-or-later
汪,⿰氵王,⿰,left-right,氵|王,component-6c35|component-738b,氵|王,2,2,chise-ids-ucs-basic,352e13378e411c322cfa16bfd7a6d21d670d7eca,source-attested,unreviewed,GPL-2.0-or-later
甸,⿹勹田,⿹,surround,勹|田,component-52f9|component-7530,勹|田,2,2,chise-ids-ucs-basic,352e13378e411c322cfa16bfd7a6d21d670d7eca,source-attested,unreviewed,GPL-2.0-or-later
簾,⿱竹廉,⿱,top-bottom,竹|廉,component-7af9|component-5ec9,竹|廉,2,2,chise-ids-ucs-basic,352e13378e411c322cfa16bfd7a6d21d670d7eca,source-attested,unreviewed,GPL-2.0-or-later
炕,⿰火亢,⿰,left-right,火|亢,component-706b|component-4ea2,火|亢,2,2,chise-ids-ucs-basic,352e13378e411c322cfa16bfd7a6d21d670d7eca,source-attested,unreviewed,GPL-2.0-or-later
錶,⿰金表,⿰,left-right,金|表,component-91d1|component-8868,金|表,2,2,chise-ids-ucs-basic,352e13378e411c322cfa16bfd7a6d21d670d7eca,source-attested,unreviewed,GPL-2.0-or-later
亭,⿱⿳亠口冖丁,⿱,top-bottom,亠|口|冖|丁,component-4ea0|component-53e3|component-5196|component-4e01,亠|口|冖|丁,4,4,chise-ids-ucs-basic,352e13378e411c322cfa16bfd7a6d21d670d7eca,source-attested,unreviewed,GPL-2.0-or-later
俗,⿰亻谷,⿰,left-right,亻|谷,component-4ebb|component-8c37,亻|谷,2,2,chise-ids-ucs-basic,352e13378e411c322cfa16bfd7a6d21d670d7eca,source-attested,unreviewed,GPL-2.0-or-later
恆,⿰忄亙,⿰,left-right,忄|亙,component-5fc4|component-4e99,忄|亙,2,2,chise-ids-ucs-basic,352e13378e411c322cfa16bfd7a6d21d670d7eca,source-attested,unreviewed,GPL-2.0-or-later
拜,⿰龵&CDP-8CE7;,⿰,left-right,龵|&CDP-8CE7;,component-9fb5|component-CDP-8CE7,龵|&CDP-8CE7;,2,2,chise-ids-ucs-basic,352e13378e411c322cfa16bfd7a6d21d670d7eca,source-attested,unreviewed,GPL-2.0-or-later
胎,⿰⺼台,⿰,left-right,⺼|台,component-2ebc|component-53f0,⺼|台,2,2,chise-ids-ucs-basic,352e13378e411c322cfa16bfd7a6d21d670d7eca,source-attested,unreviewed,GPL-2.0-or-later
衫,⿰衤彡,⿰,left-right,衤|彡,component-8864|component-5f61,衤|彡,2,2,chise-ids-ucs-basic,352e13378e411c322cfa16bfd7a6d21d670d7eca,source-attested,unreviewed,GPL-2.0-or-later
傢,⿰亻家,⿰,left-right,亻|家,component-4ebb|component-5bb6,亻|家,2,2,chise-ids-ucs-basic,352e13378e411c322cfa16bfd7a6d21d670d7eca,source-attested,unreviewed,GPL-2.0-or-later
疲,⿸疒皮,⿸,surround,疒|皮,component-7592|component-76ae,疒|皮,2,2,chise-ids-ucs-basic,352e13378e411c322cfa16bfd7a6d21d670d7eca,source-attested,unreviewed,GPL-2.0-or-later
陡,⿰⻖走,⿰,left-right,⻖|走,component-2ed6|component-8d70,⻖|走,2,2,chise-ids-ucs-basic,352e13378e411c322cfa16bfd7a6d21d670d7eca,source-attested,unreviewed,GPL-2.0-or-later
陝,⿰⻖㚒,⿰,left-right,⻖|㚒,component-2ed6|component-3692,⻖|㚒,2,2,chise-ids-ucs-basic,352e13378e411c322cfa16bfd7a6d21d670d7eca,source-attested,unreviewed,GPL-2.0-or-later
悼,⿰忄卓,⿰,left-right,忄|卓,component-5fc4|component-5353,忄|卓,2,2,chise-ids-ucs-basic,352e13378e411c322cfa16bfd7a6d21d670d7eca,source-attested,unreviewed,GPL-2.0-or-later
梢,⿰木肖,⿰,left-right,木|肖,component-6728|component-8096,木|肖,2,2,chise-ids-ucs-basic,352e13378e411c322cfa16bfd7a6d21d670d7eca,source-attested,unreviewed,GPL-2.0-or-later
淮,⿰氵隹,⿰,left-right,氵|隹,component-6c35|component-96b9,氵|隹,2,2,chise-ids-ucs-basic,352e13378e411c322cfa16bfd7a6d21d670d7eca,source-attested,unreviewed,GPL-2.0-or-later
惑,⿱或心,⿱,top-bottom,或|心,component-6216|component-5fc3,或|心,2,2,chise-ids-ucs-basic,352e13378e411c322cfa16bfd7a6d21d670d7eca,source-attested,unreviewed,GPL-2.0-or-later
敦,⿰享攵,⿰,left-right,享|攵,component-4eab|component-6535,享|攵,2,2,chise-ids-ucs-basic,352e13378e411c322cfa16bfd7a6d21d670d7eca,source-attested,unreviewed,GPL-2.0-or-later
椎,⿰木隹,⿰,left-right,木|隹,component-6728|component-96b9,木|隹,2,2,chise-ids-ucs-basic,352e13378e411c322cfa16bfd7a6d21d670d7eca,source-attested,unreviewed,GPL-2.0-or-later
湊,⿰氵奏,⿰,left-right,氵|奏,component-6c35|component-594f,氵|奏,2,2,chise-ids-ucs-basic,352e13378e411c322cfa16bfd7a6d21d670d7eca,source-attested,unreviewed,GPL-2.0-or-later
鬚,⿱髟須,⿱,top-bottom,髟|須,component-9adf|component-9808,髟|須,2,2,chise-ids-ucs-basic,352e13378e411c322cfa16bfd7a6d21d670d7eca,source-attested,unreviewed,GPL-2.0-or-later
嗚,⿰口烏,⿰,left-right,口|烏,component-53e3|component-70cf,口|烏,2,2,chise-ids-ucs-basic,352e13378e411c322cfa16bfd7a6d21d670d7eca,source-attested,unreviewed,GPL-2.0-or-later
滔,⿰氵舀,⿰,left-right,氵|舀,component-6c35|component-8200,氵|舀,2,2,chise-ids-ucs-basic,352e13378e411c322cfa16bfd7a6d21d670d7eca,source-attested,unreviewed,GPL-2.0-or-later
碌,⿰石录,⿰,left-right,石|录,component-77f3|component-5f55,石|录,2,2,chise-ids-ucs-basic,352e13378e411c322cfa16bfd7a6d21d670d7eca,source-attested,unreviewed,GPL-2.0-or-later
瘋,⿸疒風,⿸,surround,疒|風,component-7592|component-98a8,疒|風,2,2,chise-ids-ucs-basic,352e13378e411c322cfa16bfd7a6d21d670d7eca,source-attested,unreviewed,GPL-2.0-or-later
頗,⿰皮頁,⿰,left-right,皮|頁,component-76ae|component-9801,皮|頁,2,2,chise-ids-ucs-basic,352e13378e411c322cfa16bfd7a6d21d670d7eca,source-attested,unreviewed,GPL-2.0-or-later
嘯,⿰口肅,⿰,left-right,口|肅,component-53e3|component-8085,口|肅,2,2,chise-ids-ucs-basic,352e13378e411c322cfa16bfd7a6d21d670d7eca,source-attested,unreviewed,GPL-2.0-or-later
樁,⿰木舂,⿰,left-right,木|舂,component-6728|component-8202,木|舂,2,2,chise-ids-ucs-basic,352e13378e411c322cfa16bfd7a6d21d670d7eca,source-attested,unreviewed,GPL-2.0-or-later
皺,⿰芻皮,⿰,left-right,芻|皮,component-82bb|component-76ae,芻|皮,2,2,chise-ids-ucs-basic,352e13378e411c322cfa16bfd7a6d21d670d7eca,source-attested,unreviewed,GPL-2.0-or-later
褲,⿰衤庫,⿰,left-right,衤|庫,component-8864|component-5eab,衤|庫,2,2,chise-ids-ucs-basic,352e13378e411c322cfa16bfd7a6d21d670d7eca,source-attested,unreviewed,GPL-2.0-or-later
諺,⿰言彥,⿰,left-right,言|彥,component-8a00|component-5f65,言|彥,2,2,chise-ids-ucs-basic,352e13378e411c322cfa16bfd7a6d21d670d7eca,source-attested,unreviewed,GPL-2.0-or-later
隧,⿰⻖遂,⿰,left-right,⻖|遂,component-2ed6|component-9042,⻖|遂,2,2,chise-ids-ucs-basic,352e13378e411c322cfa16bfd7a6d21d670d7eca,source-attested,unreviewed,GPL-2.0-or-later
櫃,⿰木匱,⿰,left-right,木|匱,component-6728|component-5331,木|匱,2,2,chise-ids-ucs-basic,352e13378e411c322cfa16bfd7a6d21d670d7eca,source-attested,unreviewed,GPL-2.0-or-later
攏,⿰扌龍,⿰,left-right,扌|龍,component-624c|component-9f8d,扌|龍,2,2,chise-ids-ucs-basic,352e13378e411c322cfa16bfd7a6d21d670d7eca,source-attested,unreviewed,GPL-2.0-or-later
簷,⿱竹詹,⿱,top-bottom,竹|詹,component-7af9|component-8a79,竹|詹,2,2,chise-ids-ucs-basic,352e13378e411c322cfa16bfd7a6d21d670d7eca,source-attested,unreviewed,GPL-2.0-or-later
壤,⿰土襄,⿰,left-right,土|襄,component-571f|component-8944,土|襄,2,2,chise-ids-ucs-basic,352e13378e411c322cfa16bfd7a6d21d670d7eca,source-attested,unreviewed,GPL-2.0-or-later
蘆,⿱艹盧,⿱,top-bottom,艹|盧,component-8279|component-76e7,艹|盧,2,2,chise-ids-ucs-basic,352e13378e411c322cfa16bfd7a6d21d670d7eca,source-attested,unreviewed,GPL-2.0-or-later
攪,⿰扌覺,⿰,left-right,扌|覺,component-624c|component-89ba,扌|覺,2,2,chise-ids-ucs-basic,352e13378e411c322cfa16bfd7a6d21d670d7eca,source-attested,unreviewed,GPL-2.0-or-later
于,于,,single,于,component-4e8e,于,1,1,chise-ids-ucs-basic,352e13378e411c322cfa16bfd7a6d21d670d7eca,source-attested,unreviewed,GPL-2.0-or-later
匈,⿹勹凶,⿹,surround,勹|凶,component-52f9|component-51f6,勹|凶,2,2,chise-ids-ucs-basic,352e13378e411c322cfa16bfd7a6d21d670d7eca,source-attested,unreviewed,GPL-2.0-or-later
吞,⿱天口,⿱,top-bottom,天|口,component-5929|component-53e3,天|口,2,2,chise-ids-ucs-basic,352e13378e411c322cfa16bfd7a6d21d670d7eca,source-attested,unreviewed,GPL-2.0-or-later
邦,⿰丰⻏,⿰,left-right,丰|⻏,component-4e30|component-2ecf,丰|⻏,2,2,chise-ids-ucs-basic,352e13378e411c322cfa16bfd7a6d21d670d7eca,source-attested,unreviewed,GPL-2.0-or-later
颳,⿺風舌,⿺,surround,風|舌,component-98a8|component-820c,風|舌,2,2,chise-ids-ucs-basic,352e13378e411c322cfa16bfd7a6d21d670d7eca,source-attested,unreviewed,GPL-2.0-or-later
卓,⿱⺊早,⿱,top-bottom,⺊|早,component-2e8a|component-65e9,⺊|早,2,2,chise-ids-ucs-basic,352e13378e411c322cfa16bfd7a6d21d670d7eca,source-attested,unreviewed,GPL-2.0-or-later
拋,⿰扌𡯄,⿰,left-right,扌|𡯄,component-624c|component-21bc4,扌|𡯄,2,2,chise-ids-ucs-basic,352e13378e411c322cfa16bfd7a6d21d670d7eca,source-attested,unreviewed,GPL-2.0-or-later
氛,⿹气分,⿹,surround,气|分,component-6c14|component-5206,气|分,2,2,chise-ids-ucs-basic,352e13378e411c322cfa16bfd7a6d21d670d7eca,source-attested,unreviewed,GPL-2.0-or-later
芝,⿱艹之,⿱,top-bottom,艹|之,component-8279|component-4e4b,艹|之,2,2,chise-ids-ucs-basic,352e13378e411c322cfa16bfd7a6d21d670d7eca,source-attested,unreviewed,GPL-2.0-or-later
哄,⿰口共,⿰,left-right,口|共,component-53e3|component-5171,口|共,2,2,chise-ids-ucs-basic,352e13378e411c322cfa16bfd7a6d21d670d7eca,source-attested,unreviewed,GPL-2.0-or-later
怨,⿱夗心,⿱,top-bottom,夗|心,component-5917|component-5fc3,夗|心,2,2,chise-ids-ucs-basic,352e13378e411c322cfa16bfd7a6d21d670d7eca,source-attested,unreviewed,GPL-2.0-or-later
洶,⿰氵匈,⿰,left-right,氵|匈,component-6c35|component-5308,氵|匈,2,2,chise-ids-ucs-basic,352e13378e411c322cfa16bfd7a6d21d670d7eca,source-attested,unreviewed,GPL-2.0-or-later
剝,⿰彔刂,⿰,left-right,彔|刂,component-5f54|component-5202,彔|刂,2,2,chise-ids-ucs-basic,352e13378e411c322cfa16bfd7a6d21d670d7eca,source-attested,unreviewed,GPL-2.0-or-later
捐,⿰扌肙,⿰,left-right,扌|肙,component-624c|component-8099,扌|肙,2,2,chise-ids-ucs-basic,352e13378e411c322cfa16bfd7a6d21d670d7eca,source-attested,unreviewed,GPL-2.0-or-later
浸,⿰氵𠬶,⿰,left-right,氵|𠬶,component-6c35|component-20b36,氵|𠬶,2,2,chise-ids-ucs-basic,352e13378e411c322cfa16bfd7a6d21d670d7eca,source-attested,unreviewed,GPL-2.0-or-later
眨,⿰目乏,⿰,left-right,目|乏,component-76ee|component-4e4f,目|乏,2,2,chise-ids-ucs-basic,352e13378e411c322cfa16bfd7a6d21d670d7eca,source-attested,unreviewed,GPL-2.0-or-later
窄,⿱穴乍,⿱,top-bottom,穴|乍,component-7a74|component-4e4d,穴|乍,2,2,chise-ids-ucs-basic,352e13378e411c322cfa16bfd7a6d21d670d7eca,source-attested,unreviewed,GPL-2.0-or-later
羔,⿱𦍌灬,⿱,top-bottom,𦍌|灬,component-2634c|component-706c,𦍌|灬,2,2,chise-ids-ucs-basic,352e13378e411c322cfa16bfd7a6d21d670d7eca,source-attested,unreviewed,GPL-2.0-or-later
脅,⿱劦&CDP-8958;,⿱,top-bottom,劦|&CDP-8958;,component-52a6|component-CDP-8958,劦|&CDP-8958;,2,2,chise-ids-ucs-basic,352e13378e411c322cfa16bfd7a6d21d670d7eca,source-attested,unreviewed,GPL-2.0-or-later
執,⿰幸丸,⿰,left-right,幸|丸,component-5e78|component-4e38,幸|丸,2,2,chise-ids-ucs-basic,352e13378e411c322cfa16bfd7a6d21d670d7eca,source-attested,unreviewed,GPL-2.0-or-later
寄,⿱宀奇,⿱,top-bottom,宀|奇,component-5b80|component-5947,宀|奇,2,2,chise-ids-ucs-basic,352e13378e411c322cfa16bfd7a6d21d670d7eca,source-attested,unreviewed,GPL-2.0-or-later
措,⿰扌昔,⿰,left-right,扌|昔,component-624c|component-6614,扌|昔,2,2,chise-ids-ucs-basic,352e13378e411c322cfa16bfd7a6d21d670d7eca,source-attested,unreviewed,GPL-2.0-or-later
揉,⿰扌柔,⿰,left-right,扌|柔,component-624c|component-67d4,扌|柔,2,2,chise-ids-ucs-basic,352e13378e411c322cfa16bfd7a6d21d670d7eca,source-attested,unreviewed,GPL-2.0-or-later
菌,⿱艹囷,⿱,top-bottom,艹|囷,component-8279|component-56f7,艹|囷,2,2,chise-ids-ucs-basic,352e13378e411c322cfa16bfd7a6d21d670d7eca,source-attested,unreviewed,GPL-2.0-or-later
菊,⿱艹匊,⿱,top-bottom,艹|匊,component-8279|component-530a,艹|匊,2,2,chise-ids-ucs-basic,352e13378e411c322cfa16bfd7a6d21d670d7eca,source-attested,unreviewed,GPL-2.0-or-later
楓,⿰木風,⿰,left-right,木|風,component-6728|component-98a8,木|風,2,2,chise-ids-ucs-basic,352e13378e411c322cfa16bfd7a6d21d670d7eca,source-attested,unreviewed,GPL-2.0-or-later
祿,⿰示彔,⿰,left-right,示|彔,component-793a|component-5f54,示|彔,2,2,chise-ids-ucs-basic,352e13378e411c322cfa16bfd7a6d21d670d7eca,source-attested,unreviewed,GPL-2.0-or-later
腸,⿰⺼昜,⿰,left-right,⺼|昜,component-2ebc|component-661c,⺼|昜,2,2,chise-ids-ucs-basic,352e13378e411c322cfa16bfd7a6d21d670d7eca,source-attested,unreviewed,GPL-2.0-or-later
慘,⿰忄參,⿰,left-right,忄|參,component-5fc4|component-53c3,忄|參,2,2,chise-ids-ucs-basic,352e13378e411c322cfa16bfd7a6d21d670d7eca,source-attested,unreviewed,GPL-2.0-or-later
裹,⿴衣果,⿴,surround,衣|果,component-8863|component-679c,衣|果,2,2,chise-ids-ucs-basic,352e13378e411c322cfa16bfd7a6d21d670d7eca,source-attested,unreviewed,GPL-2.0-or-later
翩,⿰扁羽,⿰,left-right,扁|羽,component-6241|component-7fbd,扁|羽,2,2,chise-ids-ucs-basic,352e13378e411c322cfa16bfd7a6d21d670d7eca,source-attested,unreviewed,GPL-2.0-or-later
趟,⿺走尚,⿺,surround,走|尚,component-8d70|component-5c1a,走|尚,2,2,chise-ids-ucs-basic,352e13378e411c322cfa16bfd7a6d21d670d7eca,source-attested,unreviewed,GPL-2.0-or-later
踐,⿰𧾷戔,⿰,left-right,𧾷|戔,component-27fb7|component-6214,𧾷|戔,2,2,chise-ids-ucs-basic,352e13378e411c322cfa16bfd7a6d21d670d7eca,source-attested,unreviewed,GPL-2.0-or-later
醉,⿰酉卒,⿰,left-right,酉|卒,component-9149|component-5352,酉|卒,2,2,chise-ids-ucs-basic,352e13378e411c322cfa16bfd7a6d21d670d7eca,source-attested,unreviewed,GPL-2.0-or-later
鴉,⿰牙鳥,⿰,left-right,牙|鳥,component-7259|component-9ce5,牙|鳥,2,2,chise-ids-ucs-basic,352e13378e411c322cfa16bfd7a6d21d670d7eca,source-attested,unreviewed,GPL-2.0-or-later
彝,⿱彑⿺𥸭糸,⿱,top-bottom,彑|𥸭|糸,component-5f51|component-25e2d|component-7cf8,彑|𥸭|糸,3,3,chise-ids-ucs-basic,352e13378e411c322cfa16bfd7a6d21d670d7eca,source-attested,unreviewed,GPL-2.0-or-later
濺,⿰氵賤,⿰,left-right,氵|賤,component-6c35|component-8ce4,氵|賤,2,2,chise-ids-ucs-basic,352e13378e411c322cfa16bfd7a6d21d670d7eca,source-attested,unreviewed,GPL-2.0-or-later
鵬,⿰朋鳥,⿰,left-right,朋|鳥,component-670b|component-9ce5,朋|鳥,2,2,chise-ids-ucs-basic,352e13378e411c322cfa16bfd7a6d21d670d7eca,source-attested,unreviewed,GPL-2.0-or-later
籍,⿱竹耤,⿱,top-bottom,竹|耤,component-7af9|component-8024,竹|耤,2,2,chise-ids-ucs-basic,352e13378e411c322cfa16bfd7a6d21d670d7eca,source-attested,unreviewed,GPL-2.0-or-later
鶴,⿰隺鳥,⿰,left-right,隺|鳥,component-96ba|component-9ce5,隺|鳥,2,2,chise-ids-ucs-basic,352e13378e411c322cfa16bfd7a6d21d670d7eca,source-attested,unreviewed,GPL-2.0-or-later
髒,⿰骨葬,⿰,left-right,骨|葬,component-9aa8|component-846c,骨|葬,2,2,chise-ids-ucs-basic,352e13378e411c322cfa16bfd7a6d21d670d7eca,source-attested,unreviewed,GPL-2.0-or-later
廳,⿸广聽,⿸,surround,广|聽,component-5e7f|component-807d,广|聽,2,2,chise-ids-ucs-basic,352e13378e411c322cfa16bfd7a6d21d670d7eca,source-attested,unreviewed,GPL-2.0-or-later
驢,⿰馬盧,⿰,left-right,馬|盧,component-99ac|component-76e7,馬|盧,2,2,chise-ids-ucs-basic,352e13378e411c322cfa16bfd7a6d21d670d7eca,source-attested,unreviewed,GPL-2.0-or-later
鬱,⿱&U-i002+2FF1;林⿱缶冖⿰鬯彡,⿱,top-bottom,&U-i002+2FF1;|林|缶|冖|鬯|彡,component-U-i002-2FF1|component-6797|component-7f36|component-5196|component-9b2f|component-5f61,&U-i002+2FF1;|林|缶|冖|鬯|彡,6,6,chise-ids-ucs-basic,352e13378e411c322cfa16bfd7a6d21d670d7eca,source-attested,unreviewed,GPL-2.0-or-later
匡,⿷匚王,⿷,surround,匚|王,component-531a|component-738b,匚|王,2,2,chise-ids-ucs-basic,352e13378e411c322cfa16bfd7a6d21d670d7eca,source-attested,unreviewed,GPL-2.0-or-later
巫,&U-i001+2FFB;工从,,single,&U-i001+2FFB;|工|从,component-U-i001-2FFB|component-5de5|component-4ece,&U-i001+2FFB;|工|从,3,3,chise-ids-ucs-basic,352e13378e411c322cfa16bfd7a6d21d670d7eca,source-attested,unreviewed,GPL-2.0-or-later
瀋,⿰氵審,⿰,left-right,氵|審,component-6c35|component-5be9,氵|審,2,2,chise-ids-ucs-basic,352e13378e411c322cfa16bfd7a6d21d670d7eca,source-attested,unreviewed,GPL-2.0-or-later
拂,⿰扌弗,⿰,left-right,扌|弗,component-624c|component-5f17,扌|弗,2,2,chise-ids-ucs-basic,352e13378e411c322cfa16bfd7a6d21d670d7eca,source-attested,unreviewed,GPL-2.0-or-later
咽,⿰口因,⿰,left-right,口|因,component-53e3|component-56e0,口|因,2,2,chise-ids-ucs-basic,352e13378e411c322cfa16bfd7a6d21d670d7eca,source-attested,unreviewed,GPL-2.0-or-later
咧,⿰口列,⿰,left-right,口|列,component-53e3|component-5217,口|列,2,2,chise-ids-ucs-basic,352e13378e411c322cfa16bfd7a6d21d670d7eca,source-attested,unreviewed,GPL-2.0-or-later
垮,⿰土夸,⿰,left-right,土|夸,component-571f|component-5938,土|夸,2,2,chise-ids-ucs-basic,352e13378e411c322cfa16bfd7a6d21d670d7eca,source-attested,unreviewed,GPL-2.0-or-later
恨,⿰忄艮,⿰,left-right,忄|艮,component-5fc4|component-826e,忄|艮,2,2,chise-ids-ucs-basic,352e13378e411c322cfa16bfd7a6d21d670d7eca,source-attested,unreviewed,GPL-2.0-or-later
洛,⿰氵各,⿰,left-right,氵|各,component-6c35|component-5404,氵|各,2,2,chise-ids-ucs-basic,352e13378e411c322cfa16bfd7a6d21d670d7eca,source-attested,unreviewed,GPL-2.0-or-later
炭,⿸屵火,⿸,surround,屵|火,component-5c75|component-706b,屵|火,2,2,chise-ids-ucs-basic,352e13378e411c322cfa16bfd7a6d21d670d7eca,source-attested,unreviewed,GPL-2.0-or-later
籽,⿰米子,⿰,left-right,米|子,component-7c73|component-5b50,米|子,2,2,chise-ids-ucs-basic,352e13378e411c322cfa16bfd7a6d21d670d7eca,source-attested,unreviewed,GPL-2.0-or-later
俯,⿰亻府,⿰,left-right,亻|府,component-4ebb|component-5e9c,亻|府,2,2,chise-ids-ucs-basic,352e13378e411c322cfa16bfd7a6d21d670d7eca,source-attested,unreviewed,GPL-2.0-or-later
拳,⿱龹手,⿱,top-bottom,龹|手,component-9fb9|component-624b,龹|手,2,2,chise-ids-ucs-basic,352e13378e411c322cfa16bfd7a6d21d670d7eca,source-attested,unreviewed,GPL-2.0-or-later
桅,⿰木危,⿰,left-right,木|危,component-6728|component-5371,木|危,2,2,chise-ids-ucs-basic,352e13378e411c322cfa16bfd7a6d21d670d7eca,source-attested,unreviewed,GPL-2.0-or-later
浴,⿰氵谷,⿰,left-right,氵|谷,component-6c35|component-8c37,氵|谷,2,2,chise-ids-ucs-basic,352e13378e411c322cfa16bfd7a6d21d670d7eca,source-attested,unreviewed,GPL-2.0-or-later
耗,⿰耒毛,⿰,left-right,耒|毛,component-8012|component-6bdb,耒|毛,2,2,chise-ids-ucs-basic,352e13378e411c322cfa16bfd7a6d21d670d7eca,source-attested,unreviewed,GPL-2.0-or-later
茸,⿱艹耳,⿱,top-bottom,艹|耳,component-8279|component-8033,艹|耳,2,2,chise-ids-ucs-basic,352e13378e411c322cfa16bfd7a6d21d670d7eca,source-attested,unreviewed,GPL-2.0-or-later
勘,⿰甚力,⿰,left-right,甚|力,component-751a|component-529b,甚|力,2,2,chise-ids-ucs-basic,352e13378e411c322cfa16bfd7a6d21d670d7eca,source-attested,unreviewed,GPL-2.0-or-later
掘,⿰扌屈,⿰,left-right,扌|屈,component-624c|component-5c48,扌|屈,2,2,chise-ids-ucs-basic,352e13378e411c322cfa16bfd7a6d21d670d7eca,source-attested,unreviewed,GPL-2.0-or-later
疏,⿰⺪㐬,⿰,left-right,⺪|㐬,component-2eaa|component-342c,⺪|㐬,2,2,chise-ids-ucs-basic,352e13378e411c322cfa16bfd7a6d21d670d7eca,source-attested,unreviewed,GPL-2.0-or-later
揭,⿰扌曷,⿰,left-right,扌|曷,component-624c|component-66f7,扌|曷,2,2,chise-ids-ucs-basic,352e13378e411c322cfa16bfd7a6d21d670d7eca,source-attested,unreviewed,GPL-2.0-or-later
絡,⿰糸各,⿰,left-right,糸|各,component-7cf8|component-5404,糸|各,2,2,chise-ids-ucs-basic,352e13378e411c322cfa16bfd7a6d21d670d7eca,source-attested,unreviewed,GPL-2.0-or-later
盟,⿱明皿,⿱,top-bottom,明|皿,component-660e|component-76bf,明|皿,2,2,chise-ids-ucs-basic,352e13378e411c322cfa16bfd7a6d21d670d7eca,source-attested,unreviewed,GPL-2.0-or-later
跪,⿰𧾷危,⿰,left-right,𧾷|危,component-27fb7|component-5371,𧾷|危,2,2,chise-ids-ucs-basic,352e13378e411c322cfa16bfd7a6d21d670d7eca,source-attested,unreviewed,GPL-2.0-or-later
徹,⿰彳𰕎,⿰,left-right,彳|𰕎,component-5f73|component-3054e,彳|𰕎,2,2,chise-ids-ucs-basic,352e13378e411c322cfa16bfd7a6d21d670d7eca,source-attested,unreviewed,GPL-2.0-or-later
膊,⿰⺼尃,⿰,left-right,⺼|尃,component-2ebc|component-5c03,⺼|尃,2,2,chise-ids-ucs-basic,352e13378e411c322cfa16bfd7a6d21d670d7eca,source-attested,unreviewed,GPL-2.0-or-later
濛,⿰氵蒙,⿰,left-right,氵|蒙,component-6c35|component-8499,氵|蒙,2,2,chise-ids-ucs-basic,352e13378e411c322cfa16bfd7a6d21d670d7eca,source-attested,unreviewed,GPL-2.0-or-later
隙,⿰⻖𡭴,⿰,left-right,⻖|𡭴,component-2ed6|component-21b74,⻖|𡭴,2,2,chise-ids-ucs-basic,352e13378e411c322cfa16bfd7a6d21d670d7eca,source-attested,unreviewed,GPL-2.0-or-later
墜,⿱隊土,⿱,top-bottom,隊|土,component-968a|component-571f,隊|土,2,2,chise-ids-ucs-basic,352e13378e411c322cfa16bfd7a6d21d670d7eca,source-attested,unreviewed,GPL-2.0-or-later
廚,⿸广尌,⿸,surround,广|尌,component-5e7f|component-5c0c,广|尌,2,2,chise-ids-ucs-basic,352e13378e411c322cfa16bfd7a6d21d670d7eca,source-attested,unreviewed,GPL-2.0-or-later
慮,⿸虍思,⿸,surround,虍|思,component-864d|component-601d,虍|思,2,2,chise-ids-ucs-basic,352e13378e411c322cfa16bfd7a6d21d670d7eca,source-attested,unreviewed,GPL-2.0-or-later
憂,⿱㥑夂,⿱,top-bottom,㥑|夂,component-3951|component-5902,㥑|夂,2,2,chise-ids-ucs-basic,352e13378e411c322cfa16bfd7a6d21d670d7eca,source-attested,unreviewed,GPL-2.0-or-later
遷,⿺辶⿳⻃大巳,⿺,surround,辶|⻃|大|巳,component-8fb6|component-2ec3|component-5927|component-5df3,辶|⻃|大|巳,4,4,chise-ids-ucs-basic,352e13378e411c322cfa16bfd7a6d21d670d7eca,source-attested,unreviewed,GPL-2.0-or-later
鋤,⿰金助,⿰,left-right,金|助,component-91d1|component-52a9,金|助,2,2,chise-ids-ucs-basic,352e13378e411c322cfa16bfd7a6d21d670d7eca,source-attested,unreviewed,GPL-2.0-or-later
冀,⿱北異,⿱,top-bottom,北|異,component-5317|component-7570,北|異,2,2,chise-ids-ucs-basic,352e13378e411c322cfa16bfd7a6d21d670d7eca,source-attested,unreviewed,GPL-2.0-or-later
翰,⿸倝羽,⿸,surround,倝|羽,component-501d|component-7fbd,倝|羽,2,2,chise-ids-ucs-basic,352e13378e411c322cfa16bfd7a6d21d670d7eca,source-attested,unreviewed,GPL-2.0-or-later
擬,⿰扌疑,⿰,left-right,扌|疑,component-624c|component-7591,扌|疑,2,2,chise-ids-ucs-basic,352e13378e411c322cfa16bfd7a6d21d670d7eca,source-attested,unreviewed,GPL-2.0-or-later
濘,⿰氵寧,⿰,left-right,氵|寧,component-6c35|component-5be7,氵|寧,2,2,chise-ids-ucs-basic,352e13378e411c322cfa16bfd7a6d21d670d7eca,source-attested,unreviewed,GPL-2.0-or-later
虧,⿰雐亏,⿰,left-right,雐|亏,component-96d0|component-4e8f,雐|亏,2,2,chise-ids-ucs-basic,352e13378e411c322cfa16bfd7a6d21d670d7eca,source-attested,unreviewed,GPL-2.0-or-later
簧,⿱竹黄,⿱,top-bottom,竹|黄,component-7af9|component-9ec4,竹|黄,2,2,chise-ids-ucs-basic,352e13378e411c322cfa16bfd7a6d21d670d7eca,source-attested,unreviewed,GPL-2.0-or-later
薩,⿱艹隡,⿱,top-bottom,艹|隡,component-8279|component-96a1,艹|隡,2,2,chise-ids-ucs-basic,352e13378e411c322cfa16bfd7a6d21d670d7eca,source-attested,unreviewed,GPL-2.0-or-later
襲,⿱龍衣,⿱,top-bottom,龍|衣,component-9f8d|component-8863,龍|衣,2,2,chise-ids-ucs-basic,352e13378e411c322cfa16bfd7a6d21d670d7eca,source-attested,unreviewed,GPL-2.0-or-later
丫,丫,,single,丫,component-4e2b,丫,1,1,chise-ids-ucs-basic,352e13378e411c322cfa16bfd7a6d21d670d7eca,source-attested,unreviewed,GPL-2.0-or-later
冉,冉,,single,冉,component-5189,冉,1,1,chise-ids-ucs-basic,352e13378e411c322cfa16bfd7a6d21d670d7eca,source-attested,unreviewed,GPL-2.0-or-later
臣,臣,,single,臣,component-81e3,臣,1,1,chise-ids-ucs-basic,352e13378e411c322cfa16bfd7a6d21d670d7eca,source-attested,unreviewed,GPL-2.0-or-later
舌,舌,,single,舌,component-820c,舌,1,1,chise-ids-ucs-basic,352e13378e411c322cfa16bfd7a6d21d670d7eca,source-attested,unreviewed,GPL-2.0-or-later
吟,⿰口今,⿰,left-right,口|今,component-53e3|component-4eca,口|今,2,2,chise-ids-ucs-basic,352e13378e411c322cfa16bfd7a6d21d670d7eca,source-attested,unreviewed,GPL-2.0-or-later
盯,⿰目丁,⿰,left-right,目|丁,component-76ee|component-4e01,目|丁,2,2,chise-ids-ucs-basic,352e13378e411c322cfa16bfd7a6d21d670d7eca,source-attested,unreviewed,GPL-2.0-or-later
巡,⿺辶巛,⿺,surround,辶|巛,component-8fb6|component-5ddb,辶|巛,2,2,chise-ids-ucs-basic,352e13378e411c322cfa16bfd7a6d21d670d7eca,source-attested,unreviewed,GPL-2.0-or-later
乖,&U-i001+2FF1;千北,,single,&U-i001+2FF1;|千|北,component-U-i001-2FF1|component-5343|component-5317,&U-i001+2FF1;|千|北,3,3,chise-ids-ucs-basic,352e13378e411c322cfa16bfd7a6d21d670d7eca,source-attested,unreviewed,GPL-2.0-or-later
奉,⿱𡗗𰀁,⿱,top-bottom,𡗗|𰀁,component-215d7|component-30001,𡗗|𰀁,2,2,chise-ids-ucs-basic,352e13378e411c322cfa16bfd7a6d21d670d7eca,source-attested,unreviewed,GPL-2.0-or-later
宗,⿱宀示,⿱,top-bottom,宀|示,component-5b80|component-793a,宀|示,2,2,chise-ids-ucs-basic,352e13378e411c322cfa16bfd7a6d21d670d7eca,source-attested,unreviewed,GPL-2.0-or-later
盼,⿰目分,⿰,left-right,目|分,component-76ee|component-5206,目|分,2,2,chise-ids-ucs-basic,352e13378e411c322cfa16bfd7a6d21d670d7eca,source-attested,unreviewed,GPL-2.0-or-later
屑,⿸尸肖,⿸,surround,尸|肖,component-5c38|component-8096,尸|肖,2,2,chise-ids-ucs-basic,352e13378e411c322cfa16bfd7a6d21d670d7eca,source-attested,unreviewed,GPL-2.0-or-later
泰,⿱𡗗氺,⿱,top-bottom,𡗗|氺,component-215d7|component-6c3a,𡗗|氺,2,2,chise-ids-ucs-basic,352e13378e411c322cfa16bfd7a6d21d670d7eca,source-attested,unreviewed,GPL-2.0-or-later
匙,⿺是匕,⿺,surround,是|匕,component-662f|component-5315,是|匕,2,2,chise-ids-ucs-basic,352e13378e411c322cfa16bfd7a6d21d670d7eca,source-attested,unreviewed,GPL-2.0-or-later
曼,⿱&CDP-8CBF;又,⿱,top-bottom,&CDP-8CBF;|又,component-CDP-8CBF|component-53c8,&CDP-8CBF;|又,2,2,chise-ids-ucs-basic,352e13378e411c322cfa16bfd7a6d21d670d7eca,source-attested,unreviewed,GPL-2.0-or-later
啞,⿰口亞,⿰,left-right,口|亞,component-53e3|component-4e9e,口|亞,2,2,chise-ids-ucs-basic,352e13378e411c322cfa16bfd7a6d21d670d7eca,source-attested,unreviewed,GPL-2.0-or-later
掩,⿰扌奄,⿰,left-right,扌|奄,component-624c|component-5944,扌|奄,2,2,chise-ids-ucs-basic,352e13378e411c322cfa16bfd7a6d21d670d7eca,source-attested,unreviewed,GPL-2.0-or-later
斬,⿰車斤,⿰,left-right,車|斤,component-8eca|component-65a4,車|斤,2,2,chise-ids-ucs-basic,352e13378e411c322cfa16bfd7a6d21d670d7eca,source-attested,unreviewed,GPL-2.0-or-later
荸,⿱艹孛,⿱,top-bottom,艹|孛,component-8279|component-5b5b,艹|孛,2,2,chise-ids-ucs-basic,352e13378e411c322cfa16bfd7a6d21d670d7eca,source-attested,unreviewed,GPL-2.0-or-later
欺,⿰其欠,⿰,left-right,其|欠,component-5176|component-6b20,其|欠,2,2,chise-ids-ucs-basic,352e13378e411c322cfa16bfd7a6d21d670d7eca,source-attested,unreviewed,GPL-2.0-or-later
湃,⿰氵拜,⿰,left-right,氵|拜,component-6c35|component-62dc,氵|拜,2,2,chise-ids-ucs-basic,352e13378e411c322cfa16bfd7a6d21d670d7eca,source-attested,unreviewed,GPL-2.0-or-later
琪,⿰𤣩其,⿰,left-right,𤣩|其,component-248e9|component-5176,𤣩|其,2,2,chise-ids-ucs-basic,352e13378e411c322cfa16bfd7a6d21d670d7eca,source-attested,unreviewed,GPL-2.0-or-later
鈍,⿰金屯,⿰,left-right,金|屯,component-91d1|component-5c6f,金|屯,2,2,chise-ids-ucs-basic,352e13378e411c322cfa16bfd7a6d21d670d7eca,source-attested,unreviewed,GPL-2.0-or-later
匯,⿷匚淮,⿷,surround,匚|淮,component-531a|component-6dee,匚|淮,2,2,chise-ids-ucs-basic,352e13378e411c322cfa16bfd7a6d21d670d7eca,source-attested,unreviewed,GPL-2.0-or-later
賈,⿱覀貝,⿱,top-bottom,覀|貝,component-8980|component-8c9d,覀|貝,2,2,chise-ids-ucs-basic,352e13378e411c322cfa16bfd7a6d21d670d7eca,source-attested,unreviewed,GPL-2.0-or-later
凳,⿱登几,⿱,top-bottom,登|几,component-767b|component-51e0,登|几,2,2,chise-ids-ucs-basic,352e13378e411c322cfa16bfd7a6d21d670d7eca,source-attested,unreviewed,GPL-2.0-or-later
漾,⿰氵羕,⿰,left-right,氵|羕,component-6c35|component-7f95,氵|羕,2,2,chise-ids-ucs-basic,352e13378e411c322cfa16bfd7a6d21d670d7eca,source-attested,unreviewed,GPL-2.0-or-later
漲,⿰氵張,⿰,left-right,氵|張,component-6c35|component-5f35,氵|張,2,2,chise-ids-ucs-basic,352e13378e411c322cfa16bfd7a6d21d670d7eca,source-attested,unreviewed,GPL-2.0-or-later
監,⿱&CDP-8CC9;皿,⿱,top-bottom,&CDP-8CC9;|皿,component-CDP-8CC9|component-76bf,&CDP-8CC9;|皿,2,2,chise-ids-ucs-basic,352e13378e411c322cfa16bfd7a6d21d670d7eca,source-attested,unreviewed,GPL-2.0-or-later
褂,⿰衤卦,⿰,left-right,衤|卦,component-8864|component-5366,衤|卦,2,2,chise-ids-ucs-basic,352e13378e411c322cfa16bfd7a6d21d670d7eca,source-attested,unreviewed,GPL-2.0-or-later
辣,⿰辛束,⿰,left-right,辛|束,component-8f9b|component-675f,辛|束,2,2,chise-ids-ucs-basic,352e13378e411c322cfa16bfd7a6d21d670d7eca,source-attested,unreviewed,GPL-2.0-or-later
慕,⿱莫⺗,⿱,top-bottom,莫|⺗,component-83ab|component-2e97,莫|⺗,2,2,chise-ids-ucs-basic,352e13378e411c322cfa16bfd7a6d21d670d7eca,source-attested,unreviewed,GPL-2.0-or-later
撈,⿰扌勞,⿰,left-right,扌|勞,component-624c|component-52de,扌|勞,2,2,chise-ids-ucs-basic,352e13378e411c322cfa16bfd7a6d21d670d7eca,source-attested,unreviewed,GPL-2.0-or-later
澎,⿰氵彭,⿰,left-right,氵|彭,component-6c35|component-5f6d,氵|彭,2,2,chise-ids-ucs-basic,352e13378e411c322cfa16bfd7a6d21d670d7eca,source-attested,unreviewed,GPL-2.0-or-later
碾,⿰石展,⿰,left-right,石|展,component-77f3|component-5c55,石|展,2,2,chise-ids-ucs-basic,352e13378e411c322cfa16bfd7a6d21d670d7eca,source-attested,unreviewed,GPL-2.0-or-later
憑,⿱馮心,⿱,top-bottom,馮|心,component-99ae|component-5fc3,馮|心,2,2,chise-ids-ucs-basic,352e13378e411c322cfa16bfd7a6d21d670d7eca,source-attested,unreviewed,GPL-2.0-or-later
曆,⿸厤日,⿸,surround,厤|日,component-53a4|component-65e5,厤|日,2,2,chise-ids-ucs-basic,352e13378e411c322cfa16bfd7a6d21d670d7eca,source-attested,unreviewed,GPL-2.0-or-later
艘,⿰舟叟,⿰,left-right,舟|叟,component-821f|component-53df,舟|叟,2,2,chise-ids-ucs-basic,352e13378e411c322cfa16bfd7a6d21d670d7eca,source-attested,unreviewed,GPL-2.0-or-later
錫,⿰金易,⿰,left-right,金|易,component-91d1|component-6613,金|易,2,2,chise-ids-ucs-basic,352e13378e411c322cfa16bfd7a6d21d670d7eca,source-attested,unreviewed,GPL-2.0-or-later
療,⿸疒尞,⿸,surround,疒|尞,component-7592|component-5c1e,疒|尞,2,2,chise-ids-ucs-basic,352e13378e411c322cfa16bfd7a6d21d670d7eca,source-attested,unreviewed,GPL-2.0-or-later
縱,⿰糸從,⿰,left-right,糸|從,component-7cf8|component-5f9e,糸|從,2,2,chise-ids-ucs-basic,352e13378e411c322cfa16bfd7a6d21d670d7eca,source-attested,unreviewed,GPL-2.0-or-later
聳,⿱從耳,⿱,top-bottom,從|耳,component-5f9e|component-8033,從|耳,2,2,chise-ids-ucs-basic,352e13378e411c322cfa16bfd7a6d21d670d7eca,source-attested,unreviewed,GPL-2.0-or-later
謊,⿰言荒,⿰,left-right,言|荒,component-8a00|component-8352,言|荒,2,2,chise-ids-ucs-basic,352e13378e411c322cfa16bfd7a6d21d670d7eca,source-attested,unreviewed,GPL-2.0-or-later
嬸,⿰女審,⿰,left-right,女|審,component-5973|component-5be9,女|審,2,2,chise-ids-ucs-basic,352e13378e411c322cfa16bfd7a6d21d670d7eca,source-attested,unreviewed,GPL-2.0-or-later
鞭,⿰革便,⿰,left-right,革|便,component-9769|component-4fbf,革|便,2,2,chise-ids-ucs-basic,352e13378e411c322cfa16bfd7a6d21d670d7eca,source-attested,unreviewed,GPL-2.0-or-later
魏,⿰委鬼,⿰,left-right,委|鬼,component-59d4|component-9b3c,委|鬼,2,2,chise-ids-ucs-basic,352e13378e411c322cfa16bfd7a6d21d670d7eca,source-attested,unreviewed,GPL-2.0-or-later
鯉,⿰魚里,⿰,left-right,魚|里,component-9b5a|component-91cc,魚|里,2,2,chise-ids-ucs-basic,352e13378e411c322cfa16bfd7a6d21d670d7eca,source-attested,unreviewed,GPL-2.0-or-later
韻,⿰音員,⿰,left-right,音|員,component-97f3|component-54e1,音|員,2,2,chise-ids-ucs-basic,352e13378e411c322cfa16bfd7a6d21d670d7eca,source-attested,unreviewed,GPL-2.0-or-later
櫻,⿰木嬰,⿰,left-right,木|嬰,component-6728|component-5b30,木|嬰,2,2,chise-ids-ucs-basic,352e13378e411c322cfa16bfd7a6d21d670d7eca,source-attested,unreviewed,GPL-2.0-or-later
戀,⿱䜌心,⿱,top-bottom,䜌|心,component-470c|component-5fc3,䜌|心,2,2,chise-ids-ucs-basic,352e13378e411c322cfa16bfd7a6d21d670d7eca,source-attested,unreviewed,GPL-2.0-or-later
竊,⿱穴⿰釆&CDP-8ACE;,⿱,top-bottom,穴|釆|&CDP-8ACE;,component-7a74|component-91c6|component-CDP-8ACE,穴|釆|&CDP-8ACE;,3,3,chise-ids-ucs-basic,352e13378e411c322cfa16bfd7a6d21d670d7eca,source-attested,unreviewed,GPL-2.0-or-later
鑰,⿰金龠,⿰,left-right,金|龠,component-91d1|component-9fa0,金|龠,2,2,chise-ids-ucs-basic,352e13378e411c322cfa16bfd7a6d21d670d7eca,source-attested,unreviewed,GPL-2.0-or-later
凶,⿶凵㐅,⿶,surround,凵|㐅,component-51f5|component-3405,凵|㐅,2,2,chise-ids-ucs-basic,352e13378e411c322cfa16bfd7a6d21d670d7eca,source-attested,unreviewed,GPL-2.0-or-later
犬,犬,,single,犬,component-72ac,犬,1,1,chise-ids-ucs-basic,352e13378e411c322cfa16bfd7a6d21d670d7eca,source-attested,unreviewed,GPL-2.0-or-later
仗,⿰亻丈,⿰,left-right,亻|丈,component-4ebb|component-4e08,亻|丈,2,2,chise-ids-ucs-basic,352e13378e411c322cfa16bfd7a6d21d670d7eca,source-attested,unreviewed,GPL-2.0-or-later
申,申,,single,申,component-7533,申,1,1,chise-ids-ucs-basic,352e13378e411c322cfa16bfd7a6d21d670d7eca,source-attested,unreviewed,GPL-2.0-or-later
奸,⿰女干,⿰,left-right,女|干,component-5973|component-5e72,女|干,2,2,chise-ids-ucs-basic,352e13378e411c322cfa16bfd7a6d21d670d7eca,source-attested,unreviewed,GPL-2.0-or-later
卸,⿰𦈢卩,⿰,left-right,𦈢|卩,component-26222|component-5369,𦈢|卩,2,2,chise-ids-ucs-basic,352e13378e411c322cfa16bfd7a6d21d670d7eca,source-attested,unreviewed,GPL-2.0-or-later
拆,⿰扌斥,⿰,left-right,扌|斥,component-624c|component-65a5,扌|斥,2,2,chise-ids-ucs-basic,352e13378e411c322cfa16bfd7a6d21d670d7eca,source-attested,unreviewed,GPL-2.0-or-later
旺,⿰日王,⿰,left-right,日|王,component-65e5|component-738b,日|王,2,2,chise-ids-ucs-basic,352e13378e411c322cfa16bfd7a6d21d670d7eca,source-attested,unreviewed,GPL-2.0-or-later
沾,⿰氵占,⿰,left-right,氵|占,component-6c35|component-5360,氵|占,2,2,chise-ids-ucs-basic,352e13378e411c322cfa16bfd7a6d21d670d7eca,source-attested,unreviewed,GPL-2.0-or-later
炒,⿰火少,⿰,left-right,火|少,component-706b|component-5c11,火|少,2,2,chise-ids-ucs-basic,352e13378e411c322cfa16bfd7a6d21d670d7eca,source-attested,unreviewed,GPL-2.0-or-later
勉,⿺免力,⿺,surround,免|力,component-514d|component-529b,免|力,2,2,chise-ids-ucs-basic,352e13378e411c322cfa16bfd7a6d21d670d7eca,source-attested,unreviewed,GPL-2.0-or-later
哇,⿰口圭,⿰,left-right,口|圭,component-53e3|component-572d,口|圭,2,2,chise-ids-ucs-basic,352e13378e411c322cfa16bfd7a6d21d670d7eca,source-attested,unreviewed,GPL-2.0-or-later
屍,⿸尸死,⿸,surround,尸|死,component-5c38|component-6b7b,尸|死,2,2,chise-ids-ucs-basic,352e13378e411c322cfa16bfd7a6d21d670d7eca,source-attested,unreviewed,GPL-2.0-or-later
躬,⿰身弓,⿰,left-right,身|弓,component-8eab|component-5f13,身|弓,2,2,chise-ids-ucs-basic,352e13378e411c322cfa16bfd7a6d21d670d7eca,source-attested,unreviewed,GPL-2.0-or-later
兜,⿶𠒂白,⿶,surround,𠒂|白,component-20482|component-767d,𠒂|白,2,2,chise-ids-ucs-basic,352e13378e411c322cfa16bfd7a6d21d670d7eca,source-attested,unreviewed,GPL-2.0-or-later
痕,⿸疒艮,⿸,surround,疒|艮,component-7592|component-826e,疒|艮,2,2,chise-ids-ucs-basic,352e13378e411c322cfa16bfd7a6d21d670d7eca,source-attested,unreviewed,GPL-2.0-or-later
彪,⿺虎彡,⿺,surround,虎|彡,component-864e|component-5f61,虎|彡,2,2,chise-ids-ucs-basic,352e13378e411c322cfa16bfd7a6d21d670d7eca,source-attested,unreviewed,GPL-2.0-or-later
揍,⿰扌奏,⿰,left-right,扌|奏,component-624c|component-594f,扌|奏,2,2,chise-ids-ucs-basic,352e13378e411c322cfa16bfd7a6d21d670d7eca,source-attested,unreviewed,GPL-2.0-or-later
猩,⿰犭星,⿰,left-right,犭|星,component-72ad|component-661f,犭|星,2,2,chise-ids-ucs-basic,352e13378e411c322cfa16bfd7a6d21d670d7eca,source-attested,unreviewed,GPL-2.0-or-later
絢,⿰糸旬,⿰,left-right,糸|旬,component-7cf8|component-65ec,糸|旬,2,2,chise-ids-ucs-basic,352e13378e411c322cfa16bfd7a6d21d670d7eca,source-attested,unreviewed,GPL-2.0-or-later
腕,⿰⺼宛,⿰,left-right,⺼|宛,component-2ebc|component-5b9b,⺼|宛,2,2,chise-ids-ucs-basic,352e13378e411c322cfa16bfd7a6d21d670d7eca,source-attested,unreviewed,GPL-2.0-or-later
脹,⿰⺼長,⿰,left-right,⺼|長,component-2ebc|component-9577,⺼|長,2,2,chise-ids-ucs-basic,352e13378e411c322cfa16bfd7a6d21d670d7eca,source-attested,unreviewed,GPL-2.0-or-later
萌,⿱艹明,⿱,top-bottom,艹|明,component-8279|component-660e,艹|明,2,2,chise-ids-ucs-basic,352e13378e411c322cfa16bfd7a6d21d670d7eca,source-attested,unreviewed,GPL-2.0-or-later
惹,⿱若心,⿱,top-bottom,若|心,component-82e5|component-5fc3,若|心,2,2,chise-ids-ucs-basic,352e13378e411c322cfa16bfd7a6d21d670d7eca,source-attested,unreviewed,GPL-2.0-or-later
愧,⿰忄鬼,⿰,left-right,忄|鬼,component-5fc4|component-9b3c,忄|鬼,2,2,chise-ids-ucs-basic,352e13378e411c322cfa16bfd7a6d21d670d7eca,source-attested,unreviewed,GPL-2.0-or-later
搔,⿰扌蚤,⿰,left-right,扌|蚤,component-624c|component-86a4,扌|蚤,2,2,chise-ids-ucs-basic,352e13378e411c322cfa16bfd7a6d21d670d7eca,source-attested,unreviewed,GPL-2.0-or-later
碑,⿰石卑,⿰,left-right,石|卑,component-77f3|component-5351,石|卑,2,2,chise-ids-ucs-basic,352e13378e411c322cfa16bfd7a6d21d670d7eca,source-attested,unreviewed,GPL-2.0-or-later
粵,⿰&GT-K07616;亏,⿰,left-right,&GT-K07616;|亏,component-GT-K07616|component-4e8f,&GT-K07616;|亏,2,2,chise-ids-ucs-basic,352e13378e411c322cfa16bfd7a6d21d670d7eca,source-attested,unreviewed,GPL-2.0-or-later
嘟,⿰口都,⿰,left-right,口|都,component-53e3|component-90fd,口|都,2,2,chise-ids-ucs-basic,352e13378e411c322cfa16bfd7a6d21d670d7eca,source-attested,unreviewed,GPL-2.0-or-later
墊,⿱執土,⿱,top-bottom,執|土,component-57f7|component-571f,執|土,2,2,chise-ids-ucs-basic,352e13378e411c322cfa16bfd7a6d21d670d7eca,source-attested,unreviewed,GPL-2.0-or-later
榕,⿰木容,⿰,left-right,木|容,component-6728|component-5bb9,木|容,2,2,chise-ids-ucs-basic,352e13378e411c322cfa16bfd7a6d21d670d7eca,source-attested,unreviewed,GPL-2.0-or-later
瑪,⿰𤣩馬,⿰,left-right,𤣩|馬,component-248e9|component-99ac,𤣩|馬,2,2,chise-ids-ucs-basic,352e13378e411c322cfa16bfd7a6d21d670d7eca,source-attested,unreviewed,GPL-2.0-or-later
罰,⿱罒䚯,⿱,top-bottom,罒|䚯,component-7f52|component-46af,罒|䚯,2,2,chise-ids-ucs-basic,352e13378e411c322cfa16bfd7a6d21d670d7eca,source-attested,unreviewed,GPL-2.0-or-later
嘹,⿰口尞,⿰,left-right,口|尞,component-53e3|component-5c1e,口|尞,2,2,chise-ids-ucs-basic,352e13378e411c322cfa16bfd7a6d21d670d7eca,source-attested,unreviewed,GPL-2.0-or-later
嬌,⿰女喬,⿰,left-right,女|喬,component-5973|component-55ac,女|喬,2,2,chise-ids-ucs-basic,352e13378e411c322cfa16bfd7a6d21d670d7eca,source-attested,unreviewed,GPL-2.0-or-later
撐,⿰扌牚,⿰,left-right,扌|牚,component-624c|component-725a,扌|牚,2,2,chise-ids-ucs-basic,352e13378e411c322cfa16bfd7a6d21d670d7eca,source-attested,unreviewed,GPL-2.0-or-later
瑩,⿱𤇾玉,⿱,top-bottom,𤇾|玉,component-241fe|component-7389,𤇾|玉,2,2,chise-ids-ucs-basic,352e13378e411c322cfa16bfd7a6d21d670d7eca,source-attested,unreviewed,GPL-2.0-or-later
蔑,⿱𦭝戍,⿱,top-bottom,𦭝|戍,component-26b5d|component-620d,𦭝|戍,2,2,chise-ids-ucs-basic,352e13378e411c322cfa16bfd7a6d21d670d7eca,source-attested,unreviewed,GPL-2.0-or-later
遮,⿺辶庶,⿺,surround,辶|庶,component-8fb6|component-5eb6,辶|庶,2,2,chise-ids-ucs-basic,352e13378e411c322cfa16bfd7a6d21d670d7eca,source-attested,unreviewed,GPL-2.0-or-later
駐,⿰馬主,⿰,left-right,馬|主,component-99ac|component-4e3b,馬|主,2,2,chise-ids-ucs-basic,352e13378e411c322cfa16bfd7a6d21d670d7eca,source-attested,unreviewed,GPL-2.0-or-later
擒,⿰扌禽,⿰,left-right,扌|禽,component-624c|component-79bd,扌|禽,2,2,chise-ids-ucs-basic,352e13378e411c322cfa16bfd7a6d21d670d7eca,source-attested,unreviewed,GPL-2.0-or-later
艙,⿰舟倉,⿰,left-right,舟|倉,component-821f|component-5009,舟|倉,2,2,chise-ids-ucs-basic,352e13378e411c322cfa16bfd7a6d21d670d7eca,source-attested,unreviewed,GPL-2.0-or-later
螞,⿰虫馬,⿰,left-right,虫|馬,component-866b|component-99ac,虫|馬,2,2,chise-ids-ucs-basic,352e13378e411c322cfa16bfd7a6d21d670d7eca,source-attested,unreviewed,GPL-2.0-or-later
澀,⿰氵歰,⿰,left-right,氵|歰,component-6c35|component-6b70,氵|歰,2,2,chise-ids-ucs-basic,352e13378e411c322cfa16bfd7a6d21d670d7eca,source-attested,unreviewed,GPL-2.0-or-later
瞬,⿰目舜,⿰,left-right,目|舜,component-76ee|component-821c,目|舜,2,2,chise-ids-ucs-basic,352e13378e411c322cfa16bfd7a6d21d670d7eca,source-attested,unreviewed,GPL-2.0-or-later
邁,⿺辶萬,⿺,surround,辶|萬,component-8fb6|component-842c,辶|萬,2,2,chise-ids-ucs-basic,352e13378e411c322cfa16bfd7a6d21d670d7eca,source-attested,unreviewed,GPL-2.0-or-later
軀,⿰身區,⿰,left-right,身|區,component-8eab|component-5340,身|區,2,2,chise-ids-ucs-basic,352e13378e411c322cfa16bfd7a6d21d670d7eca,source-attested,unreviewed,GPL-2.0-or-later
競,⿰竞竞,⿰,left-right,竞|竞,component-7ade|component-7ade,竞,2,1,chise-ids-ucs-basic,352e13378e411c322cfa16bfd7a6d21d670d7eca,source-attested,unreviewed,GPL-2.0-or-later
贏,⿵𣎆貝,⿵,surround,𣎆|貝,component-23386|component-8c9d,𣎆|貝,2,2,chise-ids-ucs-basic,352e13378e411c322cfa16bfd7a6d21d670d7eca,source-attested,unreviewed,GPL-2.0-or-later
闢,⿵門辟,⿵,surround,門|辟,component-9580|component-8f9f,門|辟,2,2,chise-ids-ucs-basic,352e13378e411c322cfa16bfd7a6d21d670d7eca,source-attested,unreviewed,GPL-2.0-or-later
罐,⿰缶雚,⿰,left-right,缶|雚,component-7f36|component-96da,缶|雚,2,2,chise-ids-ucs-basic,352e13378e411c322cfa16bfd7a6d21d670d7eca,source-attested,unreviewed,GPL-2.0-or-later
扛,⿰扌工,⿰,left-right,扌|工,component-624c|component-5de5,扌|工,2,2,chise-ids-ucs-basic,352e13378e411c322cfa16bfd7a6d21d670d7eca,source-attested,unreviewed,GPL-2.0-or-later
沈,⿰氵冘,⿰,left-right,氵|冘,component-6c35|component-5198,氵|冘,2,2,chise-ids-ucs-basic,352e13378e411c322cfa16bfd7a6d21d670d7eca,source-attested,unreviewed,GPL-2.0-or-later
妻,⿱&CDP-89E5;女,⿱,top-bottom,&CDP-89E5;|女,component-CDP-89E5|component-5973,&CDP-89E5;|女,2,2,chise-ids-ucs-basic,352e13378e411c322cfa16bfd7a6d21d670d7eca,source-attested,unreviewed,GPL-2.0-or-later
拒,⿰扌巨,⿰,left-right,扌|巨,component-624c|component-5de8,扌|巨,2,2,chise-ids-ucs-basic,352e13378e411c322cfa16bfd7a6d21d670d7eca,source-attested,unreviewed,GPL-2.0-or-later
枕,⿰木冘,⿰,left-right,木|冘,component-6728|component-5198,木|冘,2,2,chise-ids-ucs-basic,352e13378e411c322cfa16bfd7a6d21d670d7eca,source-attested,unreviewed,GPL-2.0-or-later
沸,⿰氵弗,⿰,left-right,氵|弗,component-6c35|component-5f17,氵|弗,2,2,chise-ids-ucs-basic,352e13378e411c322cfa16bfd7a6d21d670d7eca,source-attested,unreviewed,GPL-2.0-or-later
糾,⿰糸丩,⿰,left-right,糸|丩,component-7cf8|component-4e29,糸|丩,2,2,chise-ids-ucs-basic,352e13378e411c322cfa16bfd7a6d21d670d7eca,source-attested,unreviewed,GPL-2.0-or-later
軋,⿰車乚,⿰,left-right,車|乚,component-8eca|component-4e5a,車|乚,2,2,chise-ids-ucs-basic,352e13378e411c322cfa16bfd7a6d21d670d7eca,source-attested,unreviewed,GPL-2.0-or-later
俊,⿰亻夋,⿰,left-right,亻|夋,component-4ebb|component-590b,亻|夋,2,2,chise-ids-ucs-basic,352e13378e411c322cfa16bfd7a6d21d670d7eca,source-attested,unreviewed,GPL-2.0-or-later
姚,⿰女兆,⿰,left-right,女|兆,component-5973|component-5146,女|兆,2,2,chise-ids-ucs-basic,352e13378e411c322cfa16bfd7a6d21d670d7eca,source-attested,unreviewed,GPL-2.0-or-later
歪,⿱不正,⿱,top-bottom,不|正,component-4e0d|component-6b63,不|正,2,2,chise-ids-ucs-basic,352e13378e411c322cfa16bfd7a6d21d670d7eca,source-attested,unreviewed,GPL-2.0-or-later
冥,⿳冖日六,⿳,top-bottom,冖|日|六,component-5196|component-65e5|component-516d,冖|日|六,3,3,chise-ids-ucs-basic,352e13378e411c322cfa16bfd7a6d21d670d7eca,source-attested,unreviewed,GPL-2.0-or-later
哲,⿱折口,⿱,top-bottom,折|口,component-6298|component-53e3,折|口,2,2,chise-ids-ucs-basic,352e13378e411c322cfa16bfd7a6d21d670d7eca,source-attested,unreviewed,GPL-2.0-or-later
栗,⿱覀木,⿱,top-bottom,覀|木,component-8980|component-6728,覀|木,2,2,chise-ids-ucs-basic,352e13378e411c322cfa16bfd7a6d21d670d7eca,source-attested,unreviewed,GPL-2.0-or-later
荊,⿱艹刑,⿱,top-bottom,艹|刑,component-8279|component-5211,艹|刑,2,2,chise-ids-ucs-basic,352e13378e411c322cfa16bfd7a6d21d670d7eca,source-attested,unreviewed,GPL-2.0-or-later
衰,⿴衣&CDP-89EF;,⿴,surround,衣|&CDP-89EF;,component-8863|component-CDP-89EF,衣|&CDP-89EF;,2,2,chise-ids-ucs-basic,352e13378e411c322cfa16bfd7a6d21d670d7eca,source-attested,unreviewed,GPL-2.0-or-later
託,⿰言乇,⿰,left-right,言|乇,component-8a00|component-4e47,言|乇,2,2,chise-ids-ucs-basic,352e13378e411c322cfa16bfd7a6d21d670d7eca,source-attested,unreviewed,GPL-2.0-or-later
辱,⿱辰寸,⿱,top-bottom,辰|寸,component-8fb0|component-5bf8,辰|寸,2,2,chise-ids-ucs-basic,352e13378e411c322cfa16bfd7a6d21d670d7eca,source-attested,unreviewed,GPL-2.0-or-later
逆,⿺辶屰,⿺,surround,辶|屰,component-8fb6|component-5c70,辶|屰,2,2,chise-ids-ucs-basic,352e13378e411c322cfa16bfd7a6d21d670d7eca,source-attested,unreviewed,GPL-2.0-or-later
偽,⿰亻為,⿰,left-right,亻|為,component-4ebb|component-70ba,亻|為,2,2,chise-ids-ucs-basic,352e13378e411c322cfa16bfd7a6d21d670d7eca,source-attested,unreviewed,GPL-2.0-or-later
崇,⿱山宗,⿱,top-bottom,山|宗,component-5c71|component-5b97,山|宗,2,2,chise-ids-ucs-basic,352e13378e411c322cfa16bfd7a6d21d670d7eca,source-attested,unreviewed,GPL-2.0-or-later
崎,⿰山奇,⿰,left-right,山|奇,component-5c71|component-5947,山|奇,2,2,chise-ids-ucs-basic,352e13378e411c322cfa16bfd7a6d21d670d7eca,source-attested,unreviewed,GPL-2.0-or-later
惕,⿰忄易,⿰,left-right,忄|易,component-5fc4|component-6613,忄|易,2,2,chise-ids-ucs-basic,352e13378e411c322cfa16bfd7a6d21d670d7eca,source-attested,unreviewed,GPL-2.0-or-later
掠,⿰扌京,⿰,left-right,扌|京,component-624c|component-4eac,扌|京,2,2,chise-ids-ucs-basic,352e13378e411c322cfa16bfd7a6d21d670d7eca,source-attested,unreviewed,GPL-2.0-or-later
晝,⿱聿旦,⿱,top-bottom,聿|旦,component-807f|component-65e6,聿|旦,2,2,chise-ids-ucs-basic,352e13378e411c322cfa16bfd7a6d21d670d7eca,source-attested,unreviewed,GPL-2.0-or-later
涯,⿰氵厓,⿰,left-right,氵|厓,component-6c35|component-5393,氵|厓,2,2,chise-ids-ucs-basic,352e13378e411c322cfa16bfd7a6d21d670d7eca,source-attested,unreviewed,GPL-2.0-or-later
逢,⿺辶夆,⿺,surround,辶|夆,component-8fb6|component-5906,辶|夆,2,2,chise-ids-ucs-basic,352e13378e411c322cfa16bfd7a6d21d670d7eca,source-attested,unreviewed,GPL-2.0-or-later
媚,⿰女眉,⿰,left-right,女|眉,component-5973|component-7709,女|眉,2,2,chise-ids-ucs-basic,352e13378e411c322cfa16bfd7a6d21d670d7eca,source-attested,unreviewed,GPL-2.0-or-later
琵,⿱玨比,⿱,top-bottom,玨|比,component-73a8|component-6bd4,玨|比,2,2,chise-ids-ucs-basic,352e13378e411c322cfa16bfd7a6d21d670d7eca,source-attested,unreviewed,GPL-2.0-or-later
琶,⿱玨巴,⿱,top-bottom,玨|巴,component-73a8|component-5df4,玨|巴,2,2,chise-ids-ucs-basic,352e13378e411c322cfa16bfd7a6d21d670d7eca,source-attested,unreviewed,GPL-2.0-or-later
搓,⿰扌差,⿰,left-right,扌|差,component-624c|component-5dee,扌|差,2,2,chise-ids-ucs-basic,352e13378e411c322cfa16bfd7a6d21d670d7eca,source-attested,unreviewed,GPL-2.0-or-later
腫,⿰⺼重,⿰,left-right,⺼|重,component-2ebc|component-91cd,⺼|重,2,2,chise-ids-ucs-basic,352e13378e411c322cfa16bfd7a6d21d670d7eca,source-attested,unreviewed,GPL-2.0-or-later
撤,⿰扌𰕎,⿰,left-right,扌|𰕎,component-624c|component-3054e,扌|𰕎,2,2,chise-ids-ucs-basic,352e13378e411c322cfa16bfd7a6d21d670d7eca,source-attested,unreviewed,GPL-2.0-or-later
獄,⿴犾言,⿴,surround,犾|言,component-72be|component-8a00,犾|言,2,2,chise-ids-ucs-basic,352e13378e411c322cfa16bfd7a6d21d670d7eca,source-attested,unreviewed,GPL-2.0-or-later
鄙,⿰啚⻏,⿰,left-right,啚|⻏,component-555a|component-2ecf,啚|⻏,2,2,chise-ids-ucs-basic,352e13378e411c322cfa16bfd7a6d21d670d7eca,source-attested,unreviewed,GPL-2.0-or-later
嘻,⿰口喜,⿰,left-right,口|喜,component-53e3|component-559c,口|喜,2,2,chise-ids-ucs-basic,352e13378e411c322cfa16bfd7a6d21d670d7eca,source-attested,unreviewed,GPL-2.0-or-later
撓,⿰扌堯,⿰,left-right,扌|堯,component-624c|component-582f,扌|堯,2,2,chise-ids-ucs-basic,352e13378e411c322cfa16bfd7a6d21d670d7eca,source-attested,unreviewed,GPL-2.0-or-later
漿,⿱將水,⿱,top-bottom,將|水,component-5c07|component-6c34,將|水,2,2,chise-ids-ucs-basic,352e13378e411c322cfa16bfd7a6d21d670d7eca,source-attested,unreviewed,GPL-2.0-or-later
蔭,⿱艹陰,⿱,top-bottom,艹|陰,component-8279|component-9670,艹|陰,2,2,chise-ids-ucs-basic,352e13378e411c322cfa16bfd7a6d21d670d7eca,source-attested,unreviewed,GPL-2.0-or-later
噢,⿰口奧,⿰,left-right,口|奧,component-53e3|component-5967,口|奧,2,2,chise-ids-ucs-basic,352e13378e411c322cfa16bfd7a6d21d670d7eca,source-attested,unreviewed,GPL-2.0-or-later
豫,⿰予象,⿰,left-right,予|象,component-4e88|component-8c61,予|象,2,2,chise-ids-ucs-basic,352e13378e411c322cfa16bfd7a6d21d670d7eca,source-attested,unreviewed,GPL-2.0-or-later
燥,⿰火喿,⿰,left-right,火|喿,component-706b|component-55bf,火|喿,2,2,chise-ids-ucs-basic,352e13378e411c322cfa16bfd7a6d21d670d7eca,source-attested,unreviewed,GPL-2.0-or-later
縷,⿰糸婁,⿰,left-right,糸|婁,component-7cf8|component-5a41,糸|婁,2,2,chise-ids-ucs-basic,352e13378e411c322cfa16bfd7a6d21d670d7eca,source-attested,unreviewed,GPL-2.0-or-later
繃,⿰糸崩,⿰,left-right,糸|崩,component-7cf8|component-5d29,糸|崩,2,2,chise-ids-ucs-basic,352e13378e411c322cfa16bfd7a6d21d670d7eca,source-attested,unreviewed,GPL-2.0-or-later
壘,⿱畾土,⿱,top-bottom,畾|土,component-757e|component-571f,畾|土,2,2,chise-ids-ucs-basic,352e13378e411c322cfa16bfd7a6d21d670d7eca,source-attested,unreviewed,GPL-2.0-or-later
瀏,⿰氵劉,⿰,left-right,氵|劉,component-6c35|component-5289,氵|劉,2,2,chise-ids-ucs-basic,352e13378e411c322cfa16bfd7a6d21d670d7eca,source-attested,unreviewed,GPL-2.0-or-later
櫥,⿰木廚,⿰,left-right,木|廚,component-6728|component-5eda,木|廚,2,2,chise-ids-ucs-basic,352e13378e411c322cfa16bfd7a6d21d670d7eca,source-attested,unreviewed,GPL-2.0-or-later
瓣,⿴辡瓜,⿴,surround,辡|瓜,component-8fa1|component-74dc,辡|瓜,2,2,chise-ids-ucs-basic,352e13378e411c322cfa16bfd7a6d21d670d7eca,source-attested,unreviewed,GPL-2.0-or-later
纏,⿰糸廛,⿰,left-right,糸|廛,component-7cf8|component-5edb,糸|廛,2,2,chise-ids-ucs-basic,352e13378e411c322cfa16bfd7a6d21d670d7eca,source-attested,unreviewed,GPL-2.0-or-later
辯,⿴辡言,⿴,surround,辡|言,component-8fa1|component-8a00,辡|言,2,2,chise-ids-ucs-basic,352e13378e411c322cfa16bfd7a6d21d670d7eca,source-attested,unreviewed,GPL-2.0-or-later
蘸,⿱艹醮,⿱,top-bottom,艹|醮,component-8279|component-91ae,艹|醮,2,2,chise-ids-ucs-basic,352e13378e411c322cfa16bfd7a6d21d670d7eca,source-attested,unreviewed,GPL-2.0-or-later
丸,丸,,single,丸,component-4e38,丸,1,1,chise-ids-ucs-basic,352e13378e411c322cfa16bfd7a6d21d670d7eca,source-attested,unreviewed,GPL-2.0-or-later
戈,戈,,single,戈,component-6208,戈,1,1,chise-ids-ucs-basic,352e13378e411c322cfa16bfd7a6d21d670d7eca,source-attested,unreviewed,GPL-2.0-or-later
曰,曰,,single,曰,component-66f0,曰,1,1,chise-ids-ucs-basic,352e13378e411c322cfa16bfd7a6d21d670d7eca,source-attested,unreviewed,GPL-2.0-or-later
乏,⿱丿之,⿱,top-bottom,丿|之,component-4e3f|component-4e4b,丿|之,2,2,chise-ids-ucs-basic,352e13378e411c322cfa16bfd7a6d21d670d7eca,source-attested,unreviewed,GPL-2.0-or-later
扒,⿰扌八,⿰,left-right,扌|八,component-624c|component-516b,扌|八,2,2,chise-ids-ucs-basic,352e13378e411c322cfa16bfd7a6d21d670d7eca,source-attested,unreviewed,GPL-2.0-or-later
斥,斥,,single,斥,component-65a5,斥,1,1,chise-ids-ucs-basic,352e13378e411c322cfa16bfd7a6d21d670d7eca,source-attested,unreviewed,GPL-2.0-or-later
兇,⿱凶儿,⿱,top-bottom,凶|儿,component-51f6|component-513f,凶|儿,2,2,chise-ids-ucs-basic,352e13378e411c322cfa16bfd7a6d21d670d7eca,source-attested,unreviewed,GPL-2.0-or-later
戎,⿹戈十,⿹,surround,戈|十,component-6208|component-5341,戈|十,2,2,chise-ids-ucs-basic,352e13378e411c322cfa16bfd7a6d21d670d7eca,source-attested,unreviewed,GPL-2.0-or-later
余,⿱亼朩,⿱,top-bottom,亼|朩,component-4ebc|component-6729,亼|朩,2,2,chise-ids-ucs-basic,352e13378e411c322cfa16bfd7a6d21d670d7eca,source-attested,unreviewed,GPL-2.0-or-later
呈,⿱口王,⿱,top-bottom,口|王,component-53e3|component-738b,口|王,2,2,chise-ids-ucs-basic,352e13378e411c322cfa16bfd7a6d21d670d7eca,source-attested,unreviewed,GPL-2.0-or-later
吩,⿰口分,⿰,left-right,口|分,component-53e3|component-5206,口|分,2,2,chise-ids-ucs-basic,352e13378e411c322cfa16bfd7a6d21d670d7eca,source-attested,unreviewed,GPL-2.0-or-later
址,⿰土止,⿰,left-right,土|止,component-571f|component-6b62,土|止,2,2,chise-ids-ucs-basic,352e13378e411c322cfa16bfd7a6d21d670d7eca,source-attested,unreviewed,GPL-2.0-or-later
妒,⿰女户,⿰,left-right,女|户,component-5973|component-6237,女|户,2,2,chise-ids-ucs-basic,352e13378e411c322cfa16bfd7a6d21d670d7eca,source-attested,unreviewed,GPL-2.0-or-later
彤,⿰丹彡,⿰,left-right,丹|彡,component-4e39|component-5f61,丹|彡,2,2,chise-ids-ucs-basic,352e13378e411c322cfa16bfd7a6d21d670d7eca,source-attested,unreviewed,GPL-2.0-or-later
忌,⿱己心,⿱,top-bottom,己|心,component-5df1|component-5fc3,己|心,2,2,chise-ids-ucs-basic,352e13378e411c322cfa16bfd7a6d21d670d7eca,source-attested,unreviewed,GPL-2.0-or-later
灼,⿰火勺,⿰,left-right,火|勺,component-706b|component-52fa,火|勺,2,2,chise-ids-ucs-basic,352e13378e411c322cfa16bfd7a6d21d670d7eca,source-attested,unreviewed,GPL-2.0-or-later
帚,⿳彐冖巾,⿳,top-bottom,彐|冖|巾,component-5f50|component-5196|component-5dfe,彐|冖|巾,3,3,chise-ids-ucs-basic,352e13378e411c322cfa16bfd7a6d21d670d7eca,source-attested,unreviewed,GPL-2.0-or-later
怡,⿰忄台,⿰,left-right,忄|台,component-5fc4|component-53f0,忄|台,2,2,chise-ids-ucs-basic,352e13378e411c322cfa16bfd7a6d21d670d7eca,source-attested,unreviewed,GPL-2.0-or-later
拘,⿰扌句,⿰,left-right,扌|句,component-624c|component-53e5,扌|句,2,2,chise-ids-ucs-basic,352e13378e411c322cfa16bfd7a6d21d670d7eca,source-attested,unreviewed,GPL-2.0-or-later
姥,⿰女老,⿰,left-right,女|老,component-5973|component-8001,女|老,2,2,chise-ids-ucs-basic,352e13378e411c322cfa16bfd7a6d21d670d7eca,source-attested,unreviewed,GPL-2.0-or-later
畏,⿳田一&CDP-8CC6;,⿳,top-bottom,田|一|&CDP-8CC6;,component-7530|component-4e00|component-CDP-8CC6,田|一|&CDP-8CC6;,3,3,chise-ids-ucs-basic,352e13378e411c322cfa16bfd7a6d21d670d7eca,source-attested,unreviewed,GPL-2.0-or-later
峻,⿰山夋,⿰,left-right,山|夋,component-5c71|component-590b,山|夋,2,2,chise-ids-ucs-basic,352e13378e411c322cfa16bfd7a6d21d670d7eca,source-attested,unreviewed,GPL-2.0-or-later
挪,⿰扌那,⿰,left-right,扌|那,component-624c|component-90a3,扌|那,2,2,chise-ids-ucs-basic,352e13378e411c322cfa16bfd7a6d21d670d7eca,source-attested,unreviewed,GPL-2.0-or-later
浙,⿰氵折,⿰,left-right,氵|折,component-6c35|component-6298,氵|折,2,2,chise-ids-ucs-basic,352e13378e411c322cfa16bfd7a6d21d670d7eca,source-attested,unreviewed,GPL-2.0-or-later
蚊,⿰虫文,⿰,left-right,虫|文,component-866b|component-6587,虫|文,2,2,chise-ids-ucs-basic,352e13378e411c322cfa16bfd7a6d21d670d7eca,source-attested,unreviewed,GPL-2.0-or-later
飢,⿰飠几,⿰,left-right,飠|几,component-98e0|component-51e0,飠|几,2,2,chise-ids-ucs-basic,352e13378e411c322cfa16bfd7a6d21d670d7eca,source-attested,unreviewed,GPL-2.0-or-later
屜,⿸⿸尸彳世,⿸,surround,尸|彳|世,component-5c38|component-5f73|component-4e16,尸|彳|世,3,3,chise-ids-ucs-basic,352e13378e411c322cfa16bfd7a6d21d670d7eca,source-attested,unreviewed,GPL-2.0-or-later
棄,⿱𠫓&CDP-8DA8;,⿱,top-bottom,𠫓|&CDP-8DA8;,component-20ad3|component-CDP-8DA8,𠫓|&CDP-8DA8;,2,2,chise-ids-ucs-basic,352e13378e411c322cfa16bfd7a6d21d670d7eca,source-attested,unreviewed,GPL-2.0-or-later
淅,⿰氵析,⿰,left-right,氵|析,component-6c35|component-6790,氵|析,2,2,chise-ids-ucs-basic,352e13378e411c322cfa16bfd7a6d21d670d7eca,source-attested,unreviewed,GPL-2.0-or-later
淘,⿰氵匋,⿰,left-right,氵|匋,component-6c35|component-530b,氵|匋,2,2,chise-ids-ucs-basic,352e13378e411c322cfa16bfd7a6d21d670d7eca,source-attested,unreviewed,GPL-2.0-or-later
眶,⿰目匡,⿰,left-right,目|匡,component-76ee|component-5321,目|匡,2,2,chise-ids-ucs-basic,352e13378e411c322cfa16bfd7a6d21d670d7eca,source-attested,unreviewed,GPL-2.0-or-later
廊,⿸广郎,⿸,surround,广|郎,component-5e7f|component-90ce,广|郎,2,2,chise-ids-ucs-basic,352e13378e411c322cfa16bfd7a6d21d670d7eca,source-attested,unreviewed,GPL-2.0-or-later
揀,⿰扌柬,⿰,left-right,扌|柬,component-624c|component-67ec,扌|柬,2,2,chise-ids-ucs-basic,352e13378e411c322cfa16bfd7a6d21d670d7eca,source-attested,unreviewed,GPL-2.0-or-later
歇,⿰曷欠,⿰,left-right,曷|欠,component-66f7|component-6b20,曷|欠,2,2,chise-ids-ucs-basic,352e13378e411c322cfa16bfd7a6d21d670d7eca,source-attested,unreviewed,GPL-2.0-or-later
殿,⿰𡱒殳,⿰,left-right,𡱒|殳,component-21c52|component-6bb3,𡱒|殳,2,2,chise-ids-ucs-basic,352e13378e411c322cfa16bfd7a6d21d670d7eca,source-attested,unreviewed,GPL-2.0-or-later
督,⿱叔目,⿱,top-bottom,叔|目,component-53d4|component-76ee,叔|目,2,2,chise-ids-ucs-basic,352e13378e411c322cfa16bfd7a6d21d670d7eca,source-attested,unreviewed,GPL-2.0-or-later
羨,⿱𦍌㳄,⿱,top-bottom,𦍌|㳄,component-2634c|component-3cc4,𦍌|㳄,2,2,chise-ids-ucs-basic,352e13378e411c322cfa16bfd7a6d21d670d7eca,source-attested,unreviewed,GPL-2.0-or-later
腹,⿰⺼复,⿰,left-right,⺼|复,component-2ebc|component-590d,⺼|复,2,2,chise-ids-ucs-basic,352e13378e411c322cfa16bfd7a6d21d670d7eca,source-attested,unreviewed,GPL-2.0-or-later
董,⿱艹重,⿱,top-bottom,艹|重,component-8279|component-91cd,艹|重,2,2,chise-ids-ucs-basic,352e13378e411c322cfa16bfd7a6d21d670d7eca,source-attested,unreviewed,GPL-2.0-or-later
馴,⿰馬川,⿰,left-right,馬|川,component-99ac|component-5ddd,馬|川,2,2,chise-ids-ucs-basic,352e13378e411c322cfa16bfd7a6d21d670d7eca,source-attested,unreviewed,GPL-2.0-or-later
嘉,⿱壴加,⿱,top-bottom,壴|加,component-58f4|component-52a0,壴|加,2,2,chise-ids-ucs-basic,352e13378e411c322cfa16bfd7a6d21d670d7eca,source-attested,unreviewed,GPL-2.0-or-later
嶇,⿰山區,⿰,left-right,山|區,component-5c71|component-5340,山|區,2,2,chise-ids-ucs-basic,352e13378e411c322cfa16bfd7a6d21d670d7eca,source-attested,unreviewed,GPL-2.0-or-later
漳,⿰氵章,⿰,left-right,氵|章,component-6c35|component-7ae0,氵|章,2,2,chise-ids-ucs-basic,352e13378e411c322cfa16bfd7a6d21d670d7eca,source-attested,unreviewed,GPL-2.0-or-later
熄,⿰火息,⿰,left-right,火|息,component-706b|component-606f,火|息,2,2,chise-ids-ucs-basic,352e13378e411c322cfa16bfd7a6d21d670d7eca,source-attested,unreviewed,GPL-2.0-or-later
禍,⿰示咼,⿰,left-right,示|咼,component-793a|component-54bc,示|咼,2,2,chise-ids-ucs-basic,352e13378e411c322cfa16bfd7a6d21d670d7eca,source-attested,unreviewed,GPL-2.0-or-later
膏,⿱高&CDP-8958;,⿱,top-bottom,高|&CDP-8958;,component-9ad8|component-CDP-8958,高|&CDP-8958;,2,2,chise-ids-ucs-basic,352e13378e411c322cfa16bfd7a6d21d670d7eca,source-attested,unreviewed,GPL-2.0-or-later
輔,⿰車甫,⿰,left-right,車|甫,component-8eca|component-752b,車|甫,2,2,chise-ids-ucs-basic,352e13378e411c322cfa16bfd7a6d21d670d7eca,source-attested,unreviewed,GPL-2.0-or-later
劈,⿱辟刀,⿱,top-bottom,辟|刀,component-8f9f|component-5200,辟|刀,2,2,chise-ids-ucs-basic,352e13378e411c322cfa16bfd7a6d21d670d7eca,source-attested,unreviewed,GPL-2.0-or-later
暮,⿱莫日,⿱,top-bottom,莫|日,component-83ab|component-65e5,莫|日,2,2,chise-ids-ucs-basic,352e13378e411c322cfa16bfd7a6d21d670d7eca,source-attested,unreviewed,GPL-2.0-or-later
蓬,⿱艹逢,⿱,top-bottom,艹|逢,component-8279|component-9022,艹|逢,2,2,chise-ids-ucs-basic,352e13378e411c322cfa16bfd7a6d21d670d7eca,source-attested,unreviewed,GPL-2.0-or-later
蝠,⿰虫畐,⿰,left-right,虫|畐,component-866b|component-7550,虫|畐,2,2,chise-ids-ucs-basic,352e13378e411c322cfa16bfd7a6d21d670d7eca,source-attested,unreviewed,GPL-2.0-or-later
蝙,⿰虫扁,⿰,left-right,虫|扁,component-866b|component-6241,虫|扁,2,2,chise-ids-ucs-basic,352e13378e411c322cfa16bfd7a6d21d670d7eca,source-attested,unreviewed,GPL-2.0-or-later
褐,⿰衤曷,⿰,left-right,衤|曷,component-8864|component-66f7,衤|曷,2,2,chise-ids-ucs-basic,352e13378e411c322cfa16bfd7a6d21d670d7eca,source-attested,unreviewed,GPL-2.0-or-later
霄,⿱雨肖,⿱,top-bottom,雨|肖,component-96e8|component-8096,雨|肖,2,2,chise-ids-ucs-basic,352e13378e411c322cfa16bfd7a6d21d670d7eca,source-attested,unreviewed,GPL-2.0-or-later
懊,⿰忄奧,⿰,left-right,忄|奧,component-5fc4|component-5967,忄|奧,2,2,chise-ids-ucs-basic,352e13378e411c322cfa16bfd7a6d21d670d7eca,source-attested,unreviewed,GPL-2.0-or-later
澱,⿰氵殿,⿰,left-right,氵|殿,component-6c35|component-6bbf,氵|殿,2,2,chise-ids-ucs-basic,352e13378e411c322cfa16bfd7a6d21d670d7eca,source-attested,unreviewed,GPL-2.0-or-later
徽,⿵⿲彳㞢攵糸,⿵,surround,彳|㞢|攵|糸,component-5f73|component-37a2|component-6535|component-7cf8,彳|㞢|攵|糸,4,4,chise-ids-ucs-basic,352e13378e411c322cfa16bfd7a6d21d670d7eca,source-attested,unreviewed,GPL-2.0-or-later
糞,⿱米異,⿱,top-bottom,米|異,component-7c73|component-7570,米|異,2,2,chise-ids-ucs-basic,352e13378e411c322cfa16bfd7a6d21d670d7eca,source-attested,unreviewed,GPL-2.0-or-later
謙,⿰言兼,⿰,left-right,言|兼,component-8a00|component-517c,言|兼,2,2,chise-ids-ucs-basic,352e13378e411c322cfa16bfd7a6d21d670d7eca,source-attested,unreviewed,GPL-2.0-or-later
鎖,⿰金𧴪,⿰,left-right,金|𧴪,component-91d1|component-27d2a,金|𧴪,2,2,chise-ids-ucs-basic,352e13378e411c322cfa16bfd7a6d21d670d7eca,source-attested,unreviewed,GPL-2.0-or-later
龐,⿸广龍,⿸,surround,广|龍,component-5e7f|component-9f8d,广|龍,2,2,chise-ids-ucs-basic,352e13378e411c322cfa16bfd7a6d21d670d7eca,source-attested,unreviewed,GPL-2.0-or-later
懲,⿱徵心,⿱,top-bottom,徵|心,component-5fb5|component-5fc3,徵|心,2,2,chise-ids-ucs-basic,352e13378e411c322cfa16bfd7a6d21d670d7eca,source-attested,unreviewed,GPL-2.0-or-later
臘,⿰⺼巤,⿰,left-right,⺼|巤,component-2ebc|component-5de4,⺼|巤,2,2,chise-ids-ucs-basic,352e13378e411c322cfa16bfd7a6d21d670d7eca,source-attested,unreviewed,GPL-2.0-or-later
蟻,⿰虫義,⿰,left-right,虫|義,component-866b|component-7fa9,虫|義,2,2,chise-ids-ucs-basic,352e13378e411c322cfa16bfd7a6d21d670d7eca,source-attested,unreviewed,GPL-2.0-or-later
贊,⿱兟貝,⿱,top-bottom,兟|貝,component-515f|component-8c9d,兟|貝,2,2,chise-ids-ucs-basic,352e13378e411c322cfa16bfd7a6d21d670d7eca,source-attested,unreviewed,GPL-2.0-or-later
饅,⿰飠曼,⿰,left-right,飠|曼,component-98e0|component-66fc,飠|曼,2,2,chise-ids-ucs-basic,352e13378e411c322cfa16bfd7a6d21d670d7eca,source-attested,unreviewed,GPL-2.0-or-later
竇,⿱穴賣,⿱,top-bottom,穴|賣,component-7a74|component-8ce3,穴|賣,2,2,chise-ids-ucs-basic,352e13378e411c322cfa16bfd7a6d21d670d7eca,source-attested,unreviewed,GPL-2.0-or-later
巍,⿹嵬委,⿹,surround,嵬|委,component-5d6c|component-59d4,嵬|委,2,2,chise-ids-ucs-basic,352e13378e411c322cfa16bfd7a6d21d670d7eca,source-attested,unreviewed,GPL-2.0-or-later
霸,⿱雨䩗,⿱,top-bottom,雨|䩗,component-96e8|component-4a57,雨|䩗,2,2,chise-ids-ucs-basic,352e13378e411c322cfa16bfd7a6d21d670d7eca,source-attested,unreviewed,GPL-2.0-or-later
纜,⿰糸覽,⿰,left-right,糸|覽,component-7cf8|component-89bd,糸|覽,2,2,chise-ids-ucs-basic,352e13378e411c322cfa16bfd7a6d21d670d7eca,source-attested,unreviewed,GPL-2.0-or-later
干,干,,single,干,component-5e72,干,1,1,chise-ids-ucs-basic,352e13378e411c322cfa16bfd7a6d21d670d7eca,source-attested,unreviewed,GPL-2.0-or-later
亦,&U-i001+2FF1;亣八,,single,&U-i001+2FF1;|亣|八,component-U-i001-2FF1|component-4ea3|component-516b,&U-i001+2FF1;|亣|八,3,3,chise-ids-ucs-basic,352e13378e411c322cfa16bfd7a6d21d670d7eca,source-attested,unreviewed,GPL-2.0-or-later
杖,⿰木丈,⿰,left-right,木|丈,component-6728|component-4e08,木|丈,2,2,chise-ids-ucs-basic,352e13378e411c322cfa16bfd7a6d21d670d7eca,source-attested,unreviewed,GPL-2.0-or-later
宛,⿱宀夗,⿱,top-bottom,宀|夗,component-5b80|component-5917,宀|夗,2,2,chise-ids-ucs-basic,352e13378e411c322cfa16bfd7a6d21d670d7eca,source-attested,unreviewed,GPL-2.0-or-later
版,⿰片反,⿰,left-right,片|反,component-7247|component-53cd,片|反,2,2,chise-ids-ucs-basic,352e13378e411c322cfa16bfd7a6d21d670d7eca,source-attested,unreviewed,GPL-2.0-or-later
俞,⿹⿱亼刂⺼,⿹,surround,亼|刂|⺼,component-4ebc|component-5202|component-2ebc,亼|刂|⺼,3,3,chise-ids-ucs-basic,352e13378e411c322cfa16bfd7a6d21d670d7eca,source-attested,unreviewed,GPL-2.0-or-later
叛,⿰半反,⿰,left-right,半|反,component-534a|component-53cd,半|反,2,2,chise-ids-ucs-basic,352e13378e411c322cfa16bfd7a6d21d670d7eca,source-attested,unreviewed,GPL-2.0-or-later
咦,⿰口夷,⿰,left-right,口|夷,component-53e3|component-5937,口|夷,2,2,chise-ids-ucs-basic,352e13378e411c322cfa16bfd7a6d21d670d7eca,source-attested,unreviewed,GPL-2.0-or-later
砂,⿰石少,⿰,left-right,石|少,component-77f3|component-5c11,石|少,2,2,chise-ids-ucs-basic,352e13378e411c322cfa16bfd7a6d21d670d7eca,source-attested,unreviewed,GPL-2.0-or-later
陌,⿰⻖百,⿰,left-right,⻖|百,component-2ed6|component-767e,⻖|百,2,2,chise-ids-ucs-basic,352e13378e411c322cfa16bfd7a6d21d670d7eca,source-attested,unreviewed,GPL-2.0-or-later
栩,⿰木羽,⿰,left-right,木|羽,component-6728|component-7fbd,木|羽,2,2,chise-ids-ucs-basic,352e13378e411c322cfa16bfd7a6d21d670d7eca,source-attested,unreviewed,GPL-2.0-or-later
梳,⿰木㐬,⿰,left-right,木|㐬,component-6728|component-342c,木|㐬,2,2,chise-ids-ucs-basic,352e13378e411c322cfa16bfd7a6d21d670d7eca,source-attested,unreviewed,GPL-2.0-or-later
涉,⿰氵步,⿰,left-right,氵|步,component-6c35|component-6b65,氵|步,2,2,chise-ids-ucs-basic,352e13378e411c322cfa16bfd7a6d21d670d7eca,source-attested,unreviewed,GPL-2.0-or-later
豈,⿱山豆,⿱,top-bottom,山|豆,component-5c71|component-8c46,山|豆,2,2,chise-ids-ucs-basic,352e13378e411c322cfa16bfd7a6d21d670d7eca,source-attested,unreviewed,GPL-2.0-or-later
啪,⿰口拍,⿰,left-right,口|拍,component-53e3|component-62cd,口|拍,2,2,chise-ids-ucs-basic,352e13378e411c322cfa16bfd7a6d21d670d7eca,source-attested,unreviewed,GPL-2.0-or-later
惚,⿰忄忽,⿰,left-right,忄|忽,component-5fc4|component-5ffd,忄|忽,2,2,chise-ids-ucs-basic,352e13378e411c322cfa16bfd7a6d21d670d7eca,source-attested,unreviewed,GPL-2.0-or-later
梧,⿰木吾,⿰,left-right,木|吾,component-6728|component-543e,木|吾,2,2,chise-ids-ucs-basic,352e13378e411c322cfa16bfd7a6d21d670d7eca,source-attested,unreviewed,GPL-2.0-or-later
眺,⿰目兆,⿰,left-right,目|兆,component-76ee|component-5146,目|兆,2,2,chise-ids-ucs-basic,352e13378e411c322cfa16bfd7a6d21d670d7eca,source-attested,unreviewed,GPL-2.0-or-later
祭,⿱&CDP-8C4F;示,⿱,top-bottom,&CDP-8C4F;|示,component-CDP-8C4F|component-793a,&CDP-8C4F;|示,2,2,chise-ids-ucs-basic,352e13378e411c322cfa16bfd7a6d21d670d7eca,source-attested,unreviewed,GPL-2.0-or-later
陶,⿰⻖匋,⿰,left-right,⻖|匋,component-2ed6|component-530b,⻖|匋,2,2,chise-ids-ucs-basic,352e13378e411c322cfa16bfd7a6d21d670d7eca,source-attested,unreviewed,GPL-2.0-or-later
傑,⿰亻桀,⿰,left-right,亻|桀,component-4ebb|component-6840,亻|桀,2,2,chise-ids-ucs-basic,352e13378e411c322cfa16bfd7a6d21d670d7eca,source-attested,unreviewed,GPL-2.0-or-later
啼,⿰口帝,⿰,left-right,口|帝,component-53e3|component-5e1d,口|帝,2,2,chise-ids-ucs-basic,352e13378e411c322cfa16bfd7a6d21d670d7eca,source-attested,unreviewed,GPL-2.0-or-later
暑,⿱日者,⿱,top-bottom,日|者,component-65e5|component-8005,日|者,2,2,chise-ids-ucs-basic,352e13378e411c322cfa16bfd7a6d21d670d7eca,source-attested,unreviewed,GPL-2.0-or-later
棲,⿰木妻,⿰,left-right,木|妻,component-6728|component-59bb,木|妻,2,2,chise-ids-ucs-basic,352e13378e411c322cfa16bfd7a6d21d670d7eca,source-attested,unreviewed,GPL-2.0-or-later
渲,⿰氵宣,⿰,left-right,氵|宣,component-6c35|component-5ba3,氵|宣,2,2,chise-ids-ucs-basic,352e13378e411c322cfa16bfd7a6d21d670d7eca,source-attested,unreviewed,GPL-2.0-or-later
煮,⿱者灬,⿱,top-bottom,者|灬,component-8005|component-706c,者|灬,2,2,chise-ids-ucs-basic,352e13378e411c322cfa16bfd7a6d21d670d7eca,source-attested,unreviewed,GPL-2.0-or-later
萄,⿱艹匋,⿱,top-bottom,艹|匋,component-8279|component-530b,艹|匋,2,2,chise-ids-ucs-basic,352e13378e411c322cfa16bfd7a6d21d670d7eca,source-attested,unreviewed,GPL-2.0-or-later
詠,⿰言永,⿰,left-right,言|永,component-8a00|component-6c38,言|永,2,2,chise-ids-ucs-basic,352e13378e411c322cfa16bfd7a6d21d670d7eca,source-attested,unreviewed,GPL-2.0-or-later
鈕,⿰金丑,⿰,left-right,金|丑,component-91d1|component-4e11,金|丑,2,2,chise-ids-ucs-basic,352e13378e411c322cfa16bfd7a6d21d670d7eca,source-attested,unreviewed,GPL-2.0-or-later
傻,⿰亻𡕩,⿰,left-right,亻|𡕩,component-4ebb|component-21569,亻|𡕩,2,2,chise-ids-ucs-basic,352e13378e411c322cfa16bfd7a6d21d670d7eca,source-attested,unreviewed,GPL-2.0-or-later
嗓,⿰口桑,⿰,left-right,口|桑,component-53e3|component-6851,口|桑,2,2,chise-ids-ucs-basic,352e13378e411c322cfa16bfd7a6d21d670d7eca,source-attested,unreviewed,GPL-2.0-or-later
愈,⿱俞心,⿱,top-bottom,俞|心,component-4fde|component-5fc3,俞|心,2,2,chise-ids-ucs-basic,352e13378e411c322cfa16bfd7a6d21d670d7eca,source-attested,unreviewed,GPL-2.0-or-later
暈,⿱日軍,⿱,top-bottom,日|軍,component-65e5|component-8ecd,日|軍,2,2,chise-ids-ucs-basic,352e13378e411c322cfa16bfd7a6d21d670d7eca,source-attested,unreviewed,GPL-2.0-or-later
溢,⿰氵益,⿰,left-right,氵|益,component-6c35|component-76ca,氵|益,2,2,chise-ids-ucs-basic,352e13378e411c322cfa16bfd7a6d21d670d7eca,source-attested,unreviewed,GPL-2.0-or-later
稠,⿰禾周,⿰,left-right,禾|周,component-79be|component-5468,禾|周,2,2,chise-ids-ucs-basic,352e13378e411c322cfa16bfd7a6d21d670d7eca,source-attested,unreviewed,GPL-2.0-or-later
葡,⿱艹匍,⿱,top-bottom,艹|匍,component-8279|component-530d,艹|匍,2,2,chise-ids-ucs-basic,352e13378e411c322cfa16bfd7a6d21d670d7eca,source-attested,unreviewed,GPL-2.0-or-later
賊,⿰貝戎,⿰,left-right,貝|戎,component-8c9d|component-620e,貝|戎,2,2,chise-ids-ucs-basic,352e13378e411c322cfa16bfd7a6d21d670d7eca,source-attested,unreviewed,GPL-2.0-or-later
跤,⿰𧾷交,⿰,left-right,𧾷|交,component-27fb7|component-4ea4,𧾷|交,2,2,chise-ids-ucs-basic,352e13378e411c322cfa16bfd7a6d21d670d7eca,source-attested,unreviewed,GPL-2.0-or-later
嘍,⿰口婁,⿰,left-right,口|婁,component-53e3|component-5a41,口|婁,2,2,chise-ids-ucs-basic,352e13378e411c322cfa16bfd7a6d21d670d7eca,source-attested,unreviewed,GPL-2.0-or-later
滲,⿰氵參,⿰,left-right,氵|參,component-6c35|component-53c3,氵|參,2,2,chise-ids-ucs-basic,352e13378e411c322cfa16bfd7a6d21d670d7eca,source-attested,unreviewed,GPL-2.0-or-later
誘,⿰言秀,⿰,left-right,言|秀,component-8a00|component-79c0,言|秀,2,2,chise-ids-ucs-basic,352e13378e411c322cfa16bfd7a6d21d670d7eca,source-attested,unreviewed,GPL-2.0-or-later
酷,⿰酉告,⿰,left-right,酉|告,component-9149|component-544a,酉|告,2,2,chise-ids-ucs-basic,352e13378e411c322cfa16bfd7a6d21d670d7eca,source-attested,unreviewed,GPL-2.0-or-later
僵,⿰亻畺,⿰,left-right,亻|畺,component-4ebb|component-757a,亻|畺,2,2,chise-ids-ucs-basic,352e13378e411c322cfa16bfd7a6d21d670d7eca,source-attested,unreviewed,GPL-2.0-or-later
嬉,⿰女喜,⿰,left-right,女|喜,component-5973|component-559c,女|喜,2,2,chise-ids-ucs-basic,352e13378e411c322cfa16bfd7a6d21d670d7eca,source-attested,unreviewed,GPL-2.0-or-later
幟,⿰巾戠,⿰,left-right,巾|戠,component-5dfe|component-6220,巾|戠,2,2,chise-ids-ucs-basic,352e13378e411c322cfa16bfd7a6d21d670d7eca,source-attested,unreviewed,GPL-2.0-or-later
瞎,⿰目害,⿰,left-right,目|害,component-76ee|component-5bb3,目|害,2,2,chise-ids-ucs-basic,352e13378e411c322cfa16bfd7a6d21d670d7eca,source-attested,unreviewed,GPL-2.0-or-later
蝸,⿰虫咼,⿰,left-right,虫|咼,component-866b|component-54bc,虫|咼,2,2,chise-ids-ucs-basic,352e13378e411c322cfa16bfd7a6d21d670d7eca,source-attested,unreviewed,GPL-2.0-or-later
賠,⿰貝咅,⿰,left-right,貝|咅,component-8c9d|component-5485,貝|咅,2,2,chise-ids-ucs-basic,352e13378e411c322cfa16bfd7a6d21d670d7eca,source-attested,unreviewed,GPL-2.0-or-later
鍵,⿰金建,⿰,left-right,金|建,component-91d1|component-5efa,金|建,2,2,chise-ids-ucs-basic,352e13378e411c322cfa16bfd7a6d21d670d7eca,source-attested,unreviewed,GPL-2.0-or-later
錘,⿰金垂,⿰,left-right,金|垂,component-91d1|component-5782,金|垂,2,2,chise-ids-ucs-basic,352e13378e411c322cfa16bfd7a6d21d670d7eca,source-attested,unreviewed,GPL-2.0-or-later
鞠,⿰革匊,⿰,left-right,革|匊,component-9769|component-530a,革|匊,2,2,chise-ids-ucs-basic,352e13378e411c322cfa16bfd7a6d21d670d7eca,source-attested,unreviewed,GPL-2.0-or-later
駿,⿰馬夋,⿰,left-right,馬|夋,component-99ac|component-590b,馬|夋,2,2,chise-ids-ucs-basic,352e13378e411c322cfa16bfd7a6d21d670d7eca,source-attested,unreviewed,GPL-2.0-or-later
襖,⿰衤奧,⿰,left-right,衤|奧,component-8864|component-5967,衤|奧,2,2,chise-ids-ucs-basic,352e13378e411c322cfa16bfd7a6d21d670d7eca,source-attested,unreviewed,GPL-2.0-or-later
譏,⿰言幾,⿰,left-right,言|幾,component-8a00|component-5e7e,言|幾,2,2,chise-ids-ucs-basic,352e13378e411c322cfa16bfd7a6d21d670d7eca,source-attested,unreviewed,GPL-2.0-or-later
攜,⿰扌巂,⿰,left-right,扌|巂,component-624c|component-5dc2,扌|巂,2,2,chise-ids-ucs-basic,352e13378e411c322cfa16bfd7a6d21d670d7eca,source-attested,unreviewed,GPL-2.0-or-later
魔,⿸麻鬼,⿸,surround,麻|鬼,component-9ebb|component-9b3c,麻|鬼,2,2,chise-ids-ucs-basic,352e13378e411c322cfa16bfd7a6d21d670d7eca,source-attested,unreviewed,GPL-2.0-or-later
蠶,⿱朁䖵,⿱,top-bottom,朁|䖵,component-6701|component-45b5,朁|䖵,2,2,chise-ids-ucs-basic,352e13378e411c322cfa16bfd7a6d21d670d7eca,source-attested,unreviewed,GPL-2.0-or-later
几,几,,single,几,component-51e0,几,1,1,chise-ids-ucs-basic,352e13378e411c322cfa16bfd7a6d21d670d7eca,source-attested,unreviewed,GPL-2.0-or-later
吁,⿰口于,⿰,left-right,口|于,component-53e3|component-4e8e,口|于,2,2,chise-ids-ucs-basic,352e13378e411c322cfa16bfd7a6d21d670d7eca,source-attested,unreviewed,GPL-2.0-or-later
圳,⿰土川,⿰,left-right,土|川,component-571f|component-5ddd,土|川,2,2,chise-ids-ucs-basic,352e13378e411c322cfa16bfd7a6d21d670d7eca,source-attested,unreviewed,GPL-2.0-or-later
圭,⿱土土,⿱,top-bottom,土|土,component-571f|component-571f,土,2,1,chise-ids-ucs-basic,352e13378e411c322cfa16bfd7a6d21d670d7eca,source-attested,unreviewed,GPL-2.0-or-later
宅,⿱宀乇,⿱,top-bottom,宀|乇,component-5b80|component-4e47,宀|乇,2,2,chise-ids-ucs-basic,352e13378e411c322cfa16bfd7a6d21d670d7eca,source-attested,unreviewed,GPL-2.0-or-later
佛,⿰亻弗,⿰,left-right,亻|弗,component-4ebb|component-5f17,亻|弗,2,2,chise-ids-ucs-basic,352e13378e411c322cfa16bfd7a6d21d670d7eca,source-attested,unreviewed,GPL-2.0-or-later
岔,⿱分山,⿱,top-bottom,分|山,component-5206|component-5c71,分|山,2,2,chise-ids-ucs-basic,352e13378e411c322cfa16bfd7a6d21d670d7eca,source-attested,unreviewed,GPL-2.0-or-later
呷,⿰口甲,⿰,left-right,口|甲,component-53e3|component-7532,口|甲,2,2,chise-ids-ucs-basic,352e13378e411c322cfa16bfd7a6d21d670d7eca,source-attested,unreviewed,GPL-2.0-or-later
昆,⿱日比,⿱,top-bottom,日|比,component-65e5|component-6bd4,日|比,2,2,chise-ids-ucs-basic,352e13378e411c322cfa16bfd7a6d21d670d7eca,source-attested,unreviewed,GPL-2.0-or-later
炊,⿰火欠,⿰,left-right,火|欠,component-706b|component-6b20,火|欠,2,2,chise-ids-ucs-basic,352e13378e411c322cfa16bfd7a6d21d670d7eca,source-attested,unreviewed,GPL-2.0-or-later
拴,⿰扌全,⿰,left-right,扌|全,component-624c|component-5168,扌|全,2,2,chise-ids-ucs-basic,352e13378e411c322cfa16bfd7a6d21d670d7eca,source-attested,unreviewed,GPL-2.0-or-later
柄,⿰木丙,⿰,left-right,木|丙,component-6728|component-4e19,木|丙,2,2,chise-ids-ucs-basic,352e13378e411c322cfa16bfd7a6d21d670d7eca,source-attested,unreviewed,GPL-2.0-or-later
皆,⿱比白,⿱,top-bottom,比|白,component-6bd4|component-767d,比|白,2,2,chise-ids-ucs-basic,352e13378e411c322cfa16bfd7a6d21d670d7eca,source-attested,unreviewed,GPL-2.0-or-later
胞,⿰⺼包,⿰,left-right,⺼|包,component-2ebc|component-5305,⺼|包,2,2,chise-ids-ucs-basic,352e13378e411c322cfa16bfd7a6d21d670d7eca,source-attested,unreviewed,GPL-2.0-or-later
峭,⿰山肖,⿰,left-right,山|肖,component-5c71|component-8096,山|肖,2,2,chise-ids-ucs-basic,352e13378e411c322cfa16bfd7a6d21d670d7eca,source-attested,unreviewed,GPL-2.0-or-later
晉,⿱&CDP-8DAB;日,⿱,top-bottom,&CDP-8DAB;|日,component-CDP-8DAB|component-65e5,&CDP-8DAB;|日,2,2,chise-ids-ucs-basic,352e13378e411c322cfa16bfd7a6d21d670d7eca,source-attested,unreviewed,GPL-2.0-or-later
耽,⿰耳冘,⿰,left-right,耳|冘,component-8033|component-5198,耳|冘,2,2,chise-ids-ucs-basic,352e13378e411c322cfa16bfd7a6d21d670d7eca,source-attested,unreviewed,GPL-2.0-or-later
域,⿰土或,⿰,left-right,土|或,component-571f|component-6216,土|或,2,2,chise-ids-ucs-basic,352e13378e411c322cfa16bfd7a6d21d670d7eca,source-attested,unreviewed,GPL-2.0-or-later
庸,⿸⿸广肀用,⿸,surround,广|肀|用,component-5e7f|component-8080|component-7528,广|肀|用,3,3,chise-ids-ucs-basic,352e13378e411c322cfa16bfd7a6d21d670d7eca,source-attested,unreviewed,GPL-2.0-or-later
淤,⿰氵於,⿰,left-right,氵|於,component-6c35|component-65bc,氵|於,2,2,chise-ids-ucs-basic,352e13378e411c322cfa16bfd7a6d21d670d7eca,source-attested,unreviewed,GPL-2.0-or-later
羚,⿰羊令,⿰,left-right,羊|令,component-7f8a|component-4ee4,羊|令,2,2,chise-ids-ucs-basic,352e13378e411c322cfa16bfd7a6d21d670d7eca,source-attested,unreviewed,GPL-2.0-or-later
訝,⿰言牙,⿰,left-right,言|牙,component-8a00|component-7259,言|牙,2,2,chise-ids-ucs-basic,352e13378e411c322cfa16bfd7a6d21d670d7eca,source-attested,unreviewed,GPL-2.0-or-later
堤,⿰土是,⿰,left-right,土|是,component-571f|component-662f,土|是,2,2,chise-ids-ucs-basic,352e13378e411c322cfa16bfd7a6d21d670d7eca,source-attested,unreviewed,GPL-2.0-or-later
慨,⿰忄既,⿰,left-right,忄|既,component-5fc4|component-65e2,忄|既,2,2,chise-ids-ucs-basic,352e13378e411c322cfa16bfd7a6d21d670d7eca,source-attested,unreviewed,GPL-2.0-or-later
敞,⿰尚攵,⿰,left-right,尚|攵,component-5c1a|component-6535,尚|攵,2,2,chise-ids-ucs-basic,352e13378e411c322cfa16bfd7a6d21d670d7eca,source-attested,unreviewed,GPL-2.0-or-later
琢,⿰𤣩豖,⿰,left-right,𤣩|豖,component-248e9|component-8c56,𤣩|豖,2,2,chise-ids-ucs-basic,352e13378e411c322cfa16bfd7a6d21d670d7eca,source-attested,unreviewed,GPL-2.0-or-later
窖,⿱穴告,⿱,top-bottom,穴|告,component-7a74|component-544a,穴|告,2,2,chise-ids-ucs-basic,352e13378e411c322cfa16bfd7a6d21d670d7eca,source-attested,unreviewed,GPL-2.0-or-later
絮,⿱如糸,⿱,top-bottom,如|糸,component-5982|component-7cf8,如|糸,2,2,chise-ids-ucs-basic,352e13378e411c322cfa16bfd7a6d21d670d7eca,source-attested,unreviewed,GPL-2.0-or-later
裂,⿱列衣,⿱,top-bottom,列|衣,component-5217|component-8863,列|衣,2,2,chise-ids-ucs-basic,352e13378e411c322cfa16bfd7a6d21d670d7eca,source-attested,unreviewed,GPL-2.0-or-later
跚,⿰𧾷册,⿰,left-right,𧾷|册,component-27fb7|component-518c,𧾷|册,2,2,chise-ids-ucs-basic,352e13378e411c322cfa16bfd7a6d21d670d7eca,source-attested,unreviewed,GPL-2.0-or-later
廈,⿸广夏,⿸,surround,广|夏,component-5e7f|component-590f,广|夏,2,2,chise-ids-ucs-basic,352e13378e411c322cfa16bfd7a6d21d670d7eca,source-attested,unreviewed,GPL-2.0-or-later
瑕,⿰𤣩叚,⿰,left-right,𤣩|叚,component-248e9|component-53da,𤣩|叚,2,2,chise-ids-ucs-basic,352e13378e411c322cfa16bfd7a6d21d670d7eca,source-attested,unreviewed,GPL-2.0-or-later
肆,⿰镸聿,⿰,left-right,镸|聿,component-9578|component-807f,镸|聿,2,2,chise-ids-ucs-basic,352e13378e411c322cfa16bfd7a6d21d670d7eca,source-attested,unreviewed,GPL-2.0-or-later
箕,⿱竹其,⿱,top-bottom,竹|其,component-7af9|component-5176,竹|其,2,2,chise-ids-ucs-basic,352e13378e411c322cfa16bfd7a6d21d670d7eca,source-attested,unreviewed,GPL-2.0-or-later
蒲,⿱艹浦,⿱,top-bottom,艹|浦,component-8279|component-6d66,艹|浦,2,2,chise-ids-ucs-basic,352e13378e411c322cfa16bfd7a6d21d670d7eca,source-attested,unreviewed,GPL-2.0-or-later
閣,⿵門各,⿵,surround,門|各,component-9580|component-5404,門|各,2,2,chise-ids-ucs-basic,352e13378e411c322cfa16bfd7a6d21d670d7eca,source-attested,unreviewed,GPL-2.0-or-later
嘲,⿰口朝,⿰,left-right,口|朝,component-53e3|component-671d,口|朝,2,2,chise-ids-ucs-basic,352e13378e411c322cfa16bfd7a6d21d670d7eca,source-attested,unreviewed,GPL-2.0-or-later
嘶,⿰口斯,⿰,left-right,口|斯,component-53e3|component-65af,口|斯,2,2,chise-ids-ucs-basic,352e13378e411c322cfa16bfd7a6d21d670d7eca,source-attested,unreviewed,GPL-2.0-or-later
墳,⿰土賁,⿰,left-right,土|賁,component-571f|component-8cc1,土|賁,2,2,chise-ids-ucs-basic,352e13378e411c322cfa16bfd7a6d21d670d7eca,source-attested,unreviewed,GPL-2.0-or-later
踢,⿰𧾷易,⿰,left-right,𧾷|易,component-27fb7|component-6613,𧾷|易,2,2,chise-ids-ucs-basic,352e13378e411c322cfa16bfd7a6d21d670d7eca,source-attested,unreviewed,GPL-2.0-or-later
穎,⿰⿱匕禾頁,⿰,left-right,匕|禾|頁,component-5315|component-79be|component-9801,匕|禾|頁,3,3,chise-ids-ucs-basic,352e13378e411c322cfa16bfd7a6d21d670d7eca,source-attested,unreviewed,GPL-2.0-or-later
糙,⿰米造,⿰,left-right,米|造,component-7c73|component-9020,米|造,2,2,chise-ids-ucs-basic,352e13378e411c322cfa16bfd7a6d21d670d7eca,source-attested,unreviewed,GPL-2.0-or-later
鴻,⿰江鳥,⿰,left-right,江|鳥,component-6c5f|component-9ce5,江|鳥,2,2,chise-ids-ucs-basic,352e13378e411c322cfa16bfd7a6d21d670d7eca,source-attested,unreviewed,GPL-2.0-or-later
黝,⿰黑幼,⿰,left-right,黑|幼,component-9ed1|component-5e7c,黑|幼,2,2,chise-ids-ucs-basic,352e13378e411c322cfa16bfd7a6d21d670d7eca,source-attested,unreviewed,GPL-2.0-or-later
蹣,⿰𧾷㒼,⿰,left-right,𧾷|㒼,component-27fb7|component-34bc,𧾷|㒼,2,2,chise-ids-ucs-basic,352e13378e411c322cfa16bfd7a6d21d670d7eca,source-attested,unreviewed,GPL-2.0-or-later
礙,⿰石疑,⿰,left-right,石|疑,component-77f3|component-7591,石|疑,2,2,chise-ids-ucs-basic,352e13378e411c322cfa16bfd7a6d21d670d7eca,source-attested,unreviewed,GPL-2.0-or-later
鏟,⿰金産,⿰,left-right,金|産,component-91d1|component-7523,金|産,2,2,chise-ids-ucs-basic,352e13378e411c322cfa16bfd7a6d21d670d7eca,source-attested,unreviewed,GPL-2.0-or-later
鏈,⿰金連,⿰,left-right,金|連,component-91d1|component-9023,金|連,2,2,chise-ids-ucs-basic,352e13378e411c322cfa16bfd7a6d21d670d7eca,source-attested,unreviewed,GPL-2.0-or-later
攙,⿰扌毚,⿰,left-right,扌|毚,component-624c|component-6bda,扌|毚,2,2,chise-ids-ucs-basic,352e13378e411c322cfa16bfd7a6d21d670d7eca,source-attested,unreviewed,GPL-2.0-or-later
蘑,⿱艹磨,⿱,top-bottom,艹|磨,component-8279|component-78e8,艹|磨,2,2,chise-ids-ucs-basic,352e13378e411c322cfa16bfd7a6d21d670d7eca,source-attested,unreviewed,GPL-2.0-or-later
鐺,⿰金當,⿰,left-right,金|當,component-91d1|component-7576,金|當,2,2,chise-ids-ucs-basic,352e13378e411c322cfa16bfd7a6d21d670d7eca,source-attested,unreviewed,GPL-2.0-or-later
攤,⿰扌難,⿰,left-right,扌|難,component-624c|component-96e3,扌|難,2,2,chise-ids-ucs-basic,352e13378e411c322cfa16bfd7a6d21d670d7eca,source-attested,unreviewed,GPL-2.0-or-later
籤,⿱竹韱,⿱,top-bottom,竹|韱,component-7af9|component-97f1,竹|韱,2,2,chise-ids-ucs-basic,352e13378e411c322cfa16bfd7a6d21d670d7eca,source-attested,unreviewed,GPL-2.0-or-later
矗,⿱直⿰直直,⿱,top-bottom,直|直|直,component-76f4|component-76f4|component-76f4,直,3,1,chise-ids-ucs-basic,352e13378e411c322cfa16bfd7a6d21d670d7eca,source-attested,unreviewed,GPL-2.0-or-later
鬢,⿱髟賓,⿱,top-bottom,髟|賓,component-9adf|component-8cd3,髟|賓,2,2,chise-ids-ucs-basic,352e13378e411c322cfa16bfd7a6d21d670d7eca,source-attested,unreviewed,GPL-2.0-or-later
籮,⿱竹羅,⿱,top-bottom,竹|羅,component-7af9|component-7f85,竹|羅,2,2,chise-ids-ucs-basic,352e13378e411c322cfa16bfd7a6d21d670d7eca,source-attested,unreviewed,GPL-2.0-or-later
啥,⿰口舍,⿰,left-right,口|舍,component-53e3|component-820d,口|舍,2,2,chise-ids-ucs-basic,352e13378e411c322cfa16bfd7a6d21d670d7eca,source-attested,unreviewed,GPL-2.0-or-later
菇,⿱艹姑,⿱,top-bottom,艹|姑,component-8279|component-59d1,艹|姑,2,2,chise-ids-ucs-basic,352e13378e411c322cfa16bfd7a6d21d670d7eca,source-attested,unreviewed,GPL-2.0-or-later
乃,乃,,single,乃,component-4e43,乃,1,1,chise-ids-ucs-basic,352e13378e411c322cfa16bfd7a6d21d670d7eca,source-attested,unreviewed,GPL-2.0-or-later
叨,⿰口刀,⿰,left-right,口|刀,component-53e3|component-5200,口|刀,2,2,chise-ids-ucs-basic,352e13378e411c322cfa16bfd7a6d21d670d7eca,source-attested,unreviewed,GPL-2.0-or-later
叼,⿰口刁,⿰,left-right,口|刁,component-53e3|component-5201,口|刁,2,2,chise-ids-ucs-basic,352e13378e411c322cfa16bfd7a6d21d670d7eca,source-attested,unreviewed,GPL-2.0-or-later
吭,⿰口亢,⿰,left-right,口|亢,component-53e3|component-4ea2,口|亢,2,2,chise-ids-ucs-basic,352e13378e411c322cfa16bfd7a6d21d670d7eca,source-attested,unreviewed,GPL-2.0-or-later
廷,⿺廴𡈼,⿺,surround,廴|𡈼,component-5ef4|component-2123c,廴|𡈼,2,2,chise-ids-ucs-basic,352e13378e411c322cfa16bfd7a6d21d670d7eca,source-attested,unreviewed,GPL-2.0-or-later
拇,⿰扌母,⿰,left-right,扌|母,component-624c|component-6bcd,扌|母,2,2,chise-ids-ucs-basic,352e13378e411c322cfa16bfd7a6d21d670d7eca,source-attested,unreviewed,GPL-2.0-or-later
拎,⿰扌令,⿰,left-right,扌|令,component-624c|component-4ee4,扌|令,2,2,chise-ids-ucs-basic,352e13378e411c322cfa16bfd7a6d21d670d7eca,source-attested,unreviewed,GPL-2.0-or-later
芹,⿱艹斤,⿱,top-bottom,艹|斤,component-8279|component-65a4,艹|斤,2,2,chise-ids-ucs-basic,352e13378e411c322cfa16bfd7a6d21d670d7eca,source-attested,unreviewed,GPL-2.0-or-later
侮,⿰亻每,⿰,left-right,亻|每,component-4ebb|component-6bcf,亻|每,2,2,chise-ids-ucs-basic,352e13378e411c322cfa16bfd7a6d21d670d7eca,source-attested,unreviewed,GPL-2.0-or-later
巷,⿱共巳,⿱,top-bottom,共|巳,component-5171|component-5df3,共|巳,2,2,chise-ids-ucs-basic,352e13378e411c322cfa16bfd7a6d21d670d7eca,source-attested,unreviewed,GPL-2.0-or-later
昧,⿰日未,⿰,left-right,日|未,component-65e5|component-672a,日|未,2,2,chise-ids-ucs-basic,352e13378e411c322cfa16bfd7a6d21d670d7eca,source-attested,unreviewed,GPL-2.0-or-later
耶,⿰耳⻏,⿰,left-right,耳|⻏,component-8033|component-2ecf,耳|⻏,2,2,chise-ids-ucs-basic,352e13378e411c322cfa16bfd7a6d21d670d7eca,source-attested,unreviewed,GPL-2.0-or-later
胃,⿱田&CDP-8958;,⿱,top-bottom,田|&CDP-8958;,component-7530|component-CDP-8958,田|&CDP-8958;,2,2,chise-ids-ucs-basic,352e13378e411c322cfa16bfd7a6d21d670d7eca,source-attested,unreviewed,GPL-2.0-or-later
倚,⿰亻奇,⿰,left-right,亻|奇,component-4ebb|component-5947,亻|奇,2,2,chise-ids-ucs-basic,352e13378e411c322cfa16bfd7a6d21d670d7eca,source-attested,unreviewed,GPL-2.0-or-later
冤,⿱冖兔,⿱,top-bottom,冖|兔,component-5196|component-5154,冖|兔,2,2,chise-ids-ucs-basic,352e13378e411c322cfa16bfd7a6d21d670d7eca,source-attested,unreviewed,GPL-2.0-or-later
峨,⿰山我,⿰,left-right,山|我,component-5c71|component-6211,山|我,2,2,chise-ids-ucs-basic,352e13378e411c322cfa16bfd7a6d21d670d7eca,source-attested,unreviewed,GPL-2.0-or-later
矩,⿰矢巨,⿰,left-right,矢|巨,component-77e2|component-5de8,矢|巨,2,2,chise-ids-ucs-basic,352e13378e411c322cfa16bfd7a6d21d670d7eca,source-attested,unreviewed,GPL-2.0-or-later
砸,⿰石匝,⿰,left-right,石|匝,component-77f3|component-531d,石|匝,2,2,chise-ids-ucs-basic,352e13378e411c322cfa16bfd7a6d21d670d7eca,source-attested,unreviewed,GPL-2.0-or-later
娶,⿱取女,⿱,top-bottom,取|女,component-53d6|component-5973,取|女,2,2,chise-ids-ucs-basic,352e13378e411c322cfa16bfd7a6d21d670d7eca,source-attested,unreviewed,GPL-2.0-or-later
淙,⿰氵宗,⿰,left-right,氵|宗,component-6c35|component-5b97,氵|宗,2,2,chise-ids-ucs-basic,352e13378e411c322cfa16bfd7a6d21d670d7eca,source-attested,unreviewed,GPL-2.0-or-later
笙,⿱竹生,⿱,top-bottom,竹|生,component-7af9|component-751f,竹|生,2,2,chise-ids-ucs-basic,352e13378e411c322cfa16bfd7a6d21d670d7eca,source-attested,unreviewed,GPL-2.0-or-later
莉,⿱艹利,⿱,top-bottom,艹|利,component-8279|component-5229,艹|利,2,2,chise-ids-ucs-basic,352e13378e411c322cfa16bfd7a6d21d670d7eca,source-attested,unreviewed,GPL-2.0-or-later
喃,⿰口南,⿰,left-right,口|南,component-53e3|component-5357,口|南,2,2,chise-ids-ucs-basic,352e13378e411c322cfa16bfd7a6d21d670d7eca,source-attested,unreviewed,GPL-2.0-or-later
喉,⿰口侯,⿰,left-right,口|侯,component-53e3|component-4faf,口|侯,2,2,chise-ids-ucs-basic,352e13378e411c322cfa16bfd7a6d21d670d7eca,source-attested,unreviewed,GPL-2.0-or-later
堪,⿰土甚,⿰,left-right,土|甚,component-571f|component-751a,土|甚,2,2,chise-ids-ucs-basic,352e13378e411c322cfa16bfd7a6d21d670d7eca,source-attested,unreviewed,GPL-2.0-or-later
惠,⿱&CDP-8BD0;心,⿱,top-bottom,&CDP-8BD0;|心,component-CDP-8BD0|component-5fc3,&CDP-8BD0;|心,2,2,chise-ids-ucs-basic,352e13378e411c322cfa16bfd7a6d21d670d7eca,source-attested,unreviewed,GPL-2.0-or-later
棍,⿰木昆,⿰,left-right,木|昆,component-6728|component-6606,木|昆,2,2,chise-ids-ucs-basic,352e13378e411c322cfa16bfd7a6d21d670d7eca,source-attested,unreviewed,GPL-2.0-or-later
琦,⿰𤣩奇,⿰,left-right,𤣩|奇,component-248e9|component-5947,𤣩|奇,2,2,chise-ids-ucs-basic,352e13378e411c322cfa16bfd7a6d21d670d7eca,source-attested,unreviewed,GPL-2.0-or-later
脾,⿰⺼卑,⿰,left-right,⺼|卑,component-2ebc|component-5351,⺼|卑,2,2,chise-ids-ucs-basic,352e13378e411c322cfa16bfd7a6d21d670d7eca,source-attested,unreviewed,GPL-2.0-or-later
蛤,⿰虫合,⿰,left-right,虫|合,component-866b|component-5408,虫|合,2,2,chise-ids-ucs-basic,352e13378e411c322cfa16bfd7a6d21d670d7eca,source-attested,unreviewed,GPL-2.0-or-later
閒,⿵門月,⿵,surround,門|月,component-9580|component-6708,門|月,2,2,chise-ids-ucs-basic,352e13378e411c322cfa16bfd7a6d21d670d7eca,source-attested,unreviewed,GPL-2.0-or-later
嫌,⿰女兼,⿰,left-right,女|兼,component-5973|component-517c,女|兼,2,2,chise-ids-ucs-basic,352e13378e411c322cfa16bfd7a6d21d670d7eca,source-attested,unreviewed,GPL-2.0-or-later
暇,⿰日叚,⿰,left-right,日|叚,component-65e5|component-53da,日|叚,2,2,chise-ids-ucs-basic,352e13378e411c322cfa16bfd7a6d21d670d7eca,source-attested,unreviewed,GPL-2.0-or-later
禽,⿱𠆢离,⿱,top-bottom,𠆢|离,component-201a2|component-79bb,𠆢|离,2,2,chise-ids-ucs-basic,352e13378e411c322cfa16bfd7a6d21d670d7eca,source-attested,unreviewed,GPL-2.0-or-later
稚,⿰禾隹,⿰,left-right,禾|隹,component-79be|component-96b9,禾|隹,2,2,chise-ids-ucs-basic,352e13378e411c322cfa16bfd7a6d21d670d7eca,source-attested,unreviewed,GPL-2.0-or-later
粱,⿱&CDP-8DBC;米,⿱,top-bottom,&CDP-8DBC;|米,component-CDP-8DBC|component-7c73,&CDP-8DBC;|米,2,2,chise-ids-ucs-basic,352e13378e411c322cfa16bfd7a6d21d670d7eca,source-attested,unreviewed,GPL-2.0-or-later
腮,⿰⺼思,⿰,left-right,⺼|思,component-2ebc|component-601d,⺼|思,2,2,chise-ids-ucs-basic,352e13378e411c322cfa16bfd7a6d21d670d7eca,source-attested,unreviewed,GPL-2.0-or-later
詢,⿰言旬,⿰,left-right,言|旬,component-8a00|component-65ec,言|旬,2,2,chise-ids-ucs-basic,352e13378e411c322cfa16bfd7a6d21d670d7eca,source-attested,unreviewed,GPL-2.0-or-later
閘,⿵門甲,⿵,surround,門|甲,component-9580|component-7532,門|甲,2,2,chise-ids-ucs-basic,352e13378e411c322cfa16bfd7a6d21d670d7eca,source-attested,unreviewed,GPL-2.0-or-later
馱,⿰馬大,⿰,left-right,馬|大,component-99ac|component-5927,馬|大,2,2,chise-ids-ucs-basic,352e13378e411c322cfa16bfd7a6d21d670d7eca,source-attested,unreviewed,GPL-2.0-or-later
嗽,⿰口欶,⿰,left-right,口|欶,component-53e3|component-6b36,口|欶,2,2,chise-ids-ucs-basic,352e13378e411c322cfa16bfd7a6d21d670d7eca,source-attested,unreviewed,GPL-2.0-or-later
寨,⿱𡨄木,⿱,top-bottom,𡨄|木,component-21a04|component-6728,𡨄|木,2,2,chise-ids-ucs-basic,352e13378e411c322cfa16bfd7a6d21d670d7eca,source-attested,unreviewed,GPL-2.0-or-later
綴,⿰糸叕,⿰,left-right,糸|叕,component-7cf8|component-53d5,糸|叕,2,2,chise-ids-ucs-basic,352e13378e411c322cfa16bfd7a6d21d670d7eca,source-attested,unreviewed,GPL-2.0-or-later
舔,⿰舌忝,⿰,left-right,舌|忝,component-820c|component-5fdd,舌|忝,2,2,chise-ids-ucs-basic,352e13378e411c322cfa16bfd7a6d21d670d7eca,source-attested,unreviewed,GPL-2.0-or-later
魁,⿺⻤斗,⿺,surround,⻤|斗,component-2ee4|component-6597,⻤|斗,2,2,chise-ids-ucs-basic,352e13378e411c322cfa16bfd7a6d21d670d7eca,source-attested,unreviewed,GPL-2.0-or-later
蔽,⿱艹敝,⿱,top-bottom,艹|敝,component-8279|component-655d,艹|敝,2,2,chise-ids-ucs-basic,352e13378e411c322cfa16bfd7a6d21d670d7eca,source-attested,unreviewed,GPL-2.0-or-later
魄,⿰白鬼,⿰,left-right,白|鬼,component-767d|component-9b3c,白|鬼,2,2,chise-ids-ucs-basic,352e13378e411c322cfa16bfd7a6d21d670d7eca,source-attested,unreviewed,GPL-2.0-or-later
墾,⿱貇土,⿱,top-bottom,貇|土,component-8c87|component-571f,貇|土,2,2,chise-ids-ucs-basic,352e13378e411c322cfa16bfd7a6d21d670d7eca,source-attested,unreviewed,GPL-2.0-or-later
熾,⿰火戠,⿰,left-right,火|戠,component-706b|component-6220,火|戠,2,2,chise-ids-ucs-basic,352e13378e411c322cfa16bfd7a6d21d670d7eca,source-attested,unreviewed,GPL-2.0-or-later
諾,⿰言若,⿰,left-right,言|若,component-8a00|component-82e5,言|若,2,2,chise-ids-ucs-basic,352e13378e411c322cfa16bfd7a6d21d670d7eca,source-attested,unreviewed,GPL-2.0-or-later
錦,⿰金帛,⿰,left-right,金|帛,component-91d1|component-5e1b,金|帛,2,2,chise-ids-ucs-basic,352e13378e411c322cfa16bfd7a6d21d670d7eca,source-attested,unreviewed,GPL-2.0-or-later
霖,⿱雨林,⿱,top-bottom,雨|林,component-96e8|component-6797,雨|林,2,2,chise-ids-ucs-basic,352e13378e411c322cfa16bfd7a6d21d670d7eca,source-attested,unreviewed,GPL-2.0-or-later
蟆,⿰虫莫,⿰,left-right,虫|莫,component-866b|component-83ab,虫|莫,2,2,chise-ids-ucs-basic,352e13378e411c322cfa16bfd7a6d21d670d7eca,source-attested,unreviewed,GPL-2.0-or-later
璧,⿱辟玉,⿱,top-bottom,辟|玉,component-8f9f|component-7389,辟|玉,2,2,chise-ids-ucs-basic,352e13378e411c322cfa16bfd7a6d21d670d7eca,source-attested,unreviewed,GPL-2.0-or-later
雛,⿰芻隹,⿰,left-right,芻|隹,component-82bb|component-96b9,芻|隹,2,2,chise-ids-ucs-basic,352e13378e411c322cfa16bfd7a6d21d670d7eca,source-attested,unreviewed,GPL-2.0-or-later
襟,⿰衤禁,⿰,left-right,衤|禁,component-8864|component-7981,衤|禁,2,2,chise-ids-ucs-basic,352e13378e411c322cfa16bfd7a6d21d670d7eca,source-attested,unreviewed,GPL-2.0-or-later
顛,⿰真頁,⿰,left-right,真|頁,component-771f|component-9801,真|頁,2,2,chise-ids-ucs-basic,352e13378e411c322cfa16bfd7a6d21d670d7eca,source-attested,unreviewed,GPL-2.0-or-later
驅,⿰馬區,⿰,left-right,馬|區,component-99ac|component-5340,馬|區,2,2,chise-ids-ucs-basic,352e13378e411c322cfa16bfd7a6d21d670d7eca,source-attested,unreviewed,GPL-2.0-or-later
韁,⿰革畺,⿰,left-right,革|畺,component-9769|component-757a,革|畺,2,2,chise-ids-ucs-basic,352e13378e411c322cfa16bfd7a6d21d670d7eca,source-attested,unreviewed,GPL-2.0-or-later
邏,⿺辶羅,⿺,surround,辶|羅,component-8fb6|component-7f85,辶|羅,2,2,chise-ids-ucs-basic,352e13378e411c322cfa16bfd7a6d21d670d7eca,source-attested,unreviewed,GPL-2.0-or-later
乞,⿱𠂉乙,⿱,top-bottom,𠂉|乙,component-20089|component-4e59,𠂉|乙,2,2,chise-ids-ucs-basic,352e13378e411c322cfa16bfd7a6d21d670d7eca,source-attested,unreviewed,GPL-2.0-or-later
囚,⿴囗人,⿴,surround,囗|人,component-56d7|component-4eba,囗|人,2,2,chise-ids-ucs-basic,352e13378e411c322cfa16bfd7a6d21d670d7eca,source-attested,unreviewed,GPL-2.0-or-later
矛,矛,,single,矛,component-77db,矛,1,1,chise-ids-ucs-basic,352e13378e411c322cfa16bfd7a6d21d670d7eca,source-attested,unreviewed,GPL-2.0-or-later
汝,⿰氵女,⿰,left-right,氵|女,component-6c35|component-5973,氵|女,2,2,chise-ids-ucs-basic,352e13378e411c322cfa16bfd7a6d21d670d7eca,source-attested,unreviewed,GPL-2.0-or-later
灶,⿰火土,⿰,left-right,火|土,component-706b|component-571f,火|土,2,2,chise-ids-ucs-basic,352e13378e411c322cfa16bfd7a6d21d670d7eca,source-attested,unreviewed,GPL-2.0-or-later
牡,⿰牜土,⿰,left-right,牜|土,component-725c|component-571f,牜|土,2,2,chise-ids-ucs-basic,352e13378e411c322cfa16bfd7a6d21d670d7eca,source-attested,unreviewed,GPL-2.0-or-later
呻,⿰口申,⿰,left-right,口|申,component-53e3|component-7533,口|申,2,2,chise-ids-ucs-basic,352e13378e411c322cfa16bfd7a6d21d670d7eca,source-attested,unreviewed,GPL-2.0-or-later
拌,⿰扌半,⿰,left-right,扌|半,component-624c|component-534a,扌|半,2,2,chise-ids-ucs-basic,352e13378e411c322cfa16bfd7a6d21d670d7eca,source-attested,unreviewed,GPL-2.0-or-later
秉,秉,,single,秉,component-79c9,秉,1,1,chise-ids-ucs-basic,352e13378e411c322cfa16bfd7a6d21d670d7eca,source-attested,unreviewed,GPL-2.0-or-later
肪,⿰⺼方,⿰,left-right,⺼|方,component-2ebc|component-65b9,⺼|方,2,2,chise-ids-ucs-basic,352e13378e411c322cfa16bfd7a6d21d670d7eca,source-attested,unreviewed,GPL-2.0-or-later
陀,⿰⻖它,⿰,left-right,⻖|它,component-2ed6|component-5b83,⻖|它,2,2,chise-ids-ucs-basic,352e13378e411c322cfa16bfd7a6d21d670d7eca,source-attested,unreviewed,GPL-2.0-or-later
哀,⿴衣口,⿴,surround,衣|口,component-8863|component-53e3,衣|口,2,2,chise-ids-ucs-basic,352e13378e411c322cfa16bfd7a6d21d670d7eca,source-attested,unreviewed,GPL-2.0-or-later
奕,⿱亦大,⿱,top-bottom,亦|大,component-4ea6|component-5927,亦|大,2,2,chise-ids-ucs-basic,352e13378e411c322cfa16bfd7a6d21d670d7eca,source-attested,unreviewed,GPL-2.0-or-later
拱,⿰扌共,⿰,left-right,扌|共,component-624c|component-5171,扌|共,2,2,chise-ids-ucs-basic,352e13378e411c322cfa16bfd7a6d21d670d7eca,source-attested,unreviewed,GPL-2.0-or-later
盾,⿸𠂆𥃭,⿸,surround,𠂆|𥃭,component-20086|component-250ed,𠂆|𥃭,2,2,chise-ids-ucs-basic,352e13378e411c322cfa16bfd7a6d21d670d7eca,source-attested,unreviewed,GPL-2.0-or-later
苔,⿱艹台,⿱,top-bottom,艹|台,component-8279|component-53f0,艹|台,2,2,chise-ids-ucs-basic,352e13378e411c322cfa16bfd7a6d21d670d7eca,source-attested,unreviewed,GPL-2.0-or-later
苟,⿱艹句,⿱,top-bottom,艹|句,component-8279|component-53e5,艹|句,2,2,chise-ids-ucs-basic,352e13378e411c322cfa16bfd7a6d21d670d7eca,source-attested,unreviewed,GPL-2.0-or-later
倦,⿰亻卷,⿰,left-right,亻|卷,component-4ebb|component-5377,亻|卷,2,2,chise-ids-ucs-basic,352e13378e411c322cfa16bfd7a6d21d670d7eca,source-attested,unreviewed,GPL-2.0-or-later
砲,⿰石包,⿰,left-right,石|包,component-77f3|component-5305,石|包,2,2,chise-ids-ucs-basic,352e13378e411c322cfa16bfd7a6d21d670d7eca,source-attested,unreviewed,GPL-2.0-or-later
紐,⿰糸丑,⿰,left-right,糸|丑,component-7cf8|component-4e11,糸|丑,2,2,chise-ids-ucs-basic,352e13378e411c322cfa16bfd7a6d21d670d7eca,source-attested,unreviewed,GPL-2.0-or-later
茵,⿱艹因,⿱,top-bottom,艹|因,component-8279|component-56e0,艹|因,2,2,chise-ids-ucs-basic,352e13378e411c322cfa16bfd7a6d21d670d7eca,source-attested,unreviewed,GPL-2.0-or-later
豺,⿰豸才,⿰,left-right,豸|才,component-8c78|component-624d,豸|才,2,2,chise-ids-ucs-basic,352e13378e411c322cfa16bfd7a6d21d670d7eca,source-attested,unreviewed,GPL-2.0-or-later
釗,⿰金刂,⿰,left-right,金|刂,component-91d1|component-5202,金|刂,2,2,chise-ids-ucs-basic,352e13378e411c322cfa16bfd7a6d21d670d7eca,source-attested,unreviewed,GPL-2.0-or-later
偵,⿰亻貞,⿰,left-right,亻|貞,component-4ebb|component-8c9e,亻|貞,2,2,chise-ids-ucs-basic,352e13378e411c322cfa16bfd7a6d21d670d7eca,source-attested,unreviewed,GPL-2.0-or-later
婉,⿰女宛,⿰,left-right,女|宛,component-5973|component-5b9b,女|宛,2,2,chise-ids-ucs-basic,352e13378e411c322cfa16bfd7a6d21d670d7eca,source-attested,unreviewed,GPL-2.0-or-later
婪,⿱林女,⿱,top-bottom,林|女,component-6797|component-5973,林|女,2,2,chise-ids-ucs-basic,352e13378e411c322cfa16bfd7a6d21d670d7eca,source-attested,unreviewed,GPL-2.0-or-later
崔,⿱山隹,⿱,top-bottom,山|隹,component-5c71|component-96b9,山|隹,2,2,chise-ids-ucs-basic,352e13378e411c322cfa16bfd7a6d21d670d7eca,source-attested,unreviewed,GPL-2.0-or-later
掄,⿰扌侖,⿰,left-right,扌|侖,component-624c|component-4f96,扌|侖,2,2,chise-ids-ucs-basic,352e13378e411c322cfa16bfd7a6d21d670d7eca,source-attested,unreviewed,GPL-2.0-or-later
梗,⿰木更,⿰,left-right,木|更,component-6728|component-66f4,木|更,2,2,chise-ids-ucs-basic,352e13378e411c322cfa16bfd7a6d21d670d7eca,source-attested,unreviewed,GPL-2.0-or-later
梆,⿰木邦,⿰,left-right,木|邦,component-6728|component-90a6,木|邦,2,2,chise-ids-ucs-basic,352e13378e411c322cfa16bfd7a6d21d670d7eca,source-attested,unreviewed,GPL-2.0-or-later
淌,⿰氵尚,⿰,left-right,氵|尚,component-6c35|component-5c1a,氵|尚,2,2,chise-ids-ucs-basic,352e13378e411c322cfa16bfd7a6d21d670d7eca,source-attested,unreviewed,GPL-2.0-or-later
嵌,⿱山𣢟,⿱,top-bottom,山|𣢟,component-5c71|component-2389f,山|𣢟,2,2,chise-ids-ucs-basic,352e13378e411c322cfa16bfd7a6d21d670d7eca,source-attested,unreviewed,GPL-2.0-or-later
廂,⿸广相,⿸,surround,广|相,component-5e7f|component-76f8,广|相,2,2,chise-ids-ucs-basic,352e13378e411c322cfa16bfd7a6d21d670d7eca,source-attested,unreviewed,GPL-2.0-or-later
惱,⿰忄𡿺,⿰,left-right,忄|𡿺,component-5fc4|component-21ffa,忄|𡿺,2,2,chise-ids-ucs-basic,352e13378e411c322cfa16bfd7a6d21d670d7eca,source-attested,unreviewed,GPL-2.0-or-later
湘,⿰氵相,⿰,left-right,氵|相,component-6c35|component-76f8,氵|相,2,2,chise-ids-ucs-basic,352e13378e411c322cfa16bfd7a6d21d670d7eca,source-attested,unreviewed,GPL-2.0-or-later
盜,⿱㳄皿,⿱,top-bottom,㳄|皿,component-3cc4|component-76bf,㳄|皿,2,2,chise-ids-ucs-basic,352e13378e411c322cfa16bfd7a6d21d670d7eca,source-attested,unreviewed,GPL-2.0-or-later
菲,⿱艹非,⿱,top-bottom,艹|非,component-8279|component-975e,艹|非,2,2,chise-ids-ucs-basic,352e13378e411c322cfa16bfd7a6d21d670d7eca,source-attested,unreviewed,GPL-2.0-or-later
雅,⿰牙隹,⿰,left-right,牙|隹,component-7259|component-96b9,牙|隹,2,2,chise-ids-ucs-basic,352e13378e411c322cfa16bfd7a6d21d670d7eca,source-attested,unreviewed,GPL-2.0-or-later
催,⿰亻崔,⿰,left-right,亻|崔,component-4ebb|component-5d14,亻|崔,2,2,chise-ids-ucs-basic,352e13378e411c322cfa16bfd7a6d21d670d7eca,source-attested,unreviewed,GPL-2.0-or-later
媳,⿰女息,⿰,left-right,女|息,component-5973|component-606f,女|息,2,2,chise-ids-ucs-basic,352e13378e411c322cfa16bfd7a6d21d670d7eca,source-attested,unreviewed,GPL-2.0-or-later
搗,⿰扌島,⿰,left-right,扌|島,component-624c|component-5cf6,扌|島,2,2,chise-ids-ucs-basic,352e13378e411c322cfa16bfd7a6d21d670d7eca,source-attested,unreviewed,GPL-2.0-or-later
煌,⿰火皇,⿰,left-right,火|皇,component-706b|component-7687,火|皇,2,2,chise-ids-ucs-basic,352e13378e411c322cfa16bfd7a6d21d670d7eca,source-attested,unreviewed,GPL-2.0-or-later
痰,⿸疒炎,⿸,surround,疒|炎,component-7592|component-708e,疒|炎,2,2,chise-ids-ucs-basic,352e13378e411c322cfa16bfd7a6d21d670d7eca,source-attested,unreviewed,GPL-2.0-or-later
筷,⿱竹快,⿱,top-bottom,竹|快,component-7af9|component-5feb,竹|快,2,2,chise-ids-ucs-basic,352e13378e411c322cfa16bfd7a6d21d670d7eca,source-attested,unreviewed,GPL-2.0-or-later
虜,⿸虍男,⿸,surround,虍|男,component-864d|component-7537,虍|男,2,2,chise-ids-ucs-basic,352e13378e411c322cfa16bfd7a6d21d670d7eca,source-attested,unreviewed,GPL-2.0-or-later
違,⿺辶韋,⿺,surround,辶|韋,component-8fb6|component-97cb,辶|韋,2,2,chise-ids-ucs-basic,352e13378e411c322cfa16bfd7a6d21d670d7eca,source-attested,unreviewed,GPL-2.0-or-later
鈸,⿰金犮,⿰,left-right,金|犮,component-91d1|component-72ae,金|犮,2,2,chise-ids-ucs-basic,352e13378e411c322cfa16bfd7a6d21d670d7eca,source-attested,unreviewed,GPL-2.0-or-later
鳩,⿰九鳥,⿰,left-right,九|鳥,component-4e5d|component-9ce5,九|鳥,2,2,chise-ids-ucs-basic,352e13378e411c322cfa16bfd7a6d21d670d7eca,source-attested,unreviewed,GPL-2.0-or-later
廓,⿸广郭,⿸,surround,广|郭,component-5e7f|component-90ed,广|郭,2,2,chise-ids-ucs-basic,352e13378e411c322cfa16bfd7a6d21d670d7eca,source-attested,unreviewed,GPL-2.0-or-later
摟,⿰扌婁,⿰,left-right,扌|婁,component-624c|component-5a41,扌|婁,2,2,chise-ids-ucs-basic,352e13378e411c322cfa16bfd7a6d21d670d7eca,source-attested,unreviewed,GPL-2.0-or-later
瞄,⿰目苗,⿰,left-right,目|苗,component-76ee|component-82d7,目|苗,2,2,chise-ids-ucs-basic,352e13378e411c322cfa16bfd7a6d21d670d7eca,source-attested,unreviewed,GPL-2.0-or-later
竭,⿰立曷,⿰,left-right,立|曷,component-7acb|component-66f7,立|曷,2,2,chise-ids-ucs-basic,352e13378e411c322cfa16bfd7a6d21d670d7eca,source-attested,unreviewed,GPL-2.0-or-later
裸,⿰衤果,⿰,left-right,衤|果,component-8864|component-679c,衤|果,2,2,chise-ids-ucs-basic,352e13378e411c322cfa16bfd7a6d21d670d7eca,source-attested,unreviewed,GPL-2.0-or-later
魂,⿰云鬼,⿰,left-right,云|鬼,component-4e91|component-9b3c,云|鬼,2,2,chise-ids-ucs-basic,352e13378e411c322cfa16bfd7a6d21d670d7eca,source-attested,unreviewed,GPL-2.0-or-later
膛,⿰⺼堂,⿰,left-right,⺼|堂,component-2ebc|component-5802,⺼|堂,2,2,chise-ids-ucs-basic,352e13378e411c322cfa16bfd7a6d21d670d7eca,source-attested,unreviewed,GPL-2.0-or-later
膝,⿰⺼桼,⿰,left-right,⺼|桼,component-2ebc|component-687c,⺼|桼,2,2,chise-ids-ucs-basic,352e13378e411c322cfa16bfd7a6d21d670d7eca,source-attested,unreviewed,GPL-2.0-or-later
遨,⿺辶敖,⿺,surround,辶|敖,component-8fb6|component-6556,辶|敖,2,2,chise-ids-ucs-basic,352e13378e411c322cfa16bfd7a6d21d670d7eca,source-attested,unreviewed,GPL-2.0-or-later
橙,⿰木登,⿰,left-right,木|登,component-6728|component-767b,木|登,2,2,chise-ids-ucs-basic,352e13378e411c322cfa16bfd7a6d21d670d7eca,source-attested,unreviewed,GPL-2.0-or-later
橢,⿰木隋,⿰,left-right,木|隋,component-6728|component-968b,木|隋,2,2,chise-ids-ucs-basic,352e13378e411c322cfa16bfd7a6d21d670d7eca,source-attested,unreviewed,GPL-2.0-or-later
澳,⿰氵奧,⿰,left-right,氵|奧,component-6c35|component-5967,氵|奧,2,2,chise-ids-ucs-basic,352e13378e411c322cfa16bfd7a6d21d670d7eca,source-attested,unreviewed,GPL-2.0-or-later
膩,⿰⺼貳,⿰,left-right,⺼|貳,component-2ebc|component-8cb3,⺼|貳,2,2,chise-ids-ucs-basic,352e13378e411c322cfa16bfd7a6d21d670d7eca,source-attested,unreviewed,GPL-2.0-or-later
膨,⿰⺼彭,⿰,left-right,⺼|彭,component-2ebc|component-5f6d,⺼|彭,2,2,chise-ids-ucs-basic,352e13378e411c322cfa16bfd7a6d21d670d7eca,source-attested,unreviewed,GPL-2.0-or-later
諫,⿰言柬,⿰,left-right,言|柬,component-8a00|component-67ec,言|柬,2,2,chise-ids-ucs-basic,352e13378e411c322cfa16bfd7a6d21d670d7eca,source-attested,unreviewed,GPL-2.0-or-later
骼,⿰骨各,⿰,left-right,骨|各,component-9aa8|component-5404,骨|各,2,2,chise-ids-ucs-basic,352e13378e411c322cfa16bfd7a6d21d670d7eca,source-attested,unreviewed,GPL-2.0-or-later
擰,⿰扌寧,⿰,left-right,扌|寧,component-624c|component-5be7,扌|寧,2,2,chise-ids-ucs-basic,352e13378e411c322cfa16bfd7a6d21d670d7eca,source-attested,unreviewed,GPL-2.0-or-later
篷,⿱竹逢,⿱,top-bottom,竹|逢,component-7af9|component-9022,竹|逢,2,2,chise-ids-ucs-basic,352e13378e411c322cfa16bfd7a6d21d670d7eca,source-attested,unreviewed,GPL-2.0-or-later
賺,⿰貝兼,⿰,left-right,貝|兼,component-8c9d|component-517c,貝|兼,2,2,chise-ids-ucs-basic,352e13378e411c322cfa16bfd7a6d21d670d7eca,source-attested,unreviewed,GPL-2.0-or-later
擾,⿰扌憂,⿰,left-right,扌|憂,component-624c|component-6182,扌|憂,2,2,chise-ids-ucs-basic,352e13378e411c322cfa16bfd7a6d21d670d7eca,source-attested,unreviewed,GPL-2.0-or-later
瞿,⿱䀠隹,⿱,top-bottom,䀠|隹,component-4020|component-96b9,䀠|隹,2,2,chise-ids-ucs-basic,352e13378e411c322cfa16bfd7a6d21d670d7eca,source-attested,unreviewed,GPL-2.0-or-later
簫,⿱竹肅,⿱,top-bottom,竹|肅,component-7af9|component-8085,竹|肅,2,2,chise-ids-ucs-basic,352e13378e411c322cfa16bfd7a6d21d670d7eca,source-attested,unreviewed,GPL-2.0-or-later
闖,⿵門馬,⿵,surround,門|馬,component-9580|component-99ac,門|馬,2,2,chise-ids-ucs-basic,352e13378e411c322cfa16bfd7a6d21d670d7eca,source-attested,unreviewed,GPL-2.0-or-later
曠,⿰日廣,⿰,left-right,日|廣,component-65e5|component-5ee3,日|廣,2,2,chise-ids-ucs-basic,352e13378e411c322cfa16bfd7a6d21d670d7eca,source-attested,unreviewed,GPL-2.0-or-later
蟹,⿱解虫,⿱,top-bottom,解|虫,component-89e3|component-866b,解|虫,2,2,chise-ids-ucs-basic,352e13378e411c322cfa16bfd7a6d21d670d7eca,source-attested,unreviewed,GPL-2.0-or-later
蠢,⿱春䖵,⿱,top-bottom,春|䖵,component-6625|component-45b5,春|䖵,2,2,chise-ids-ucs-basic,352e13378e411c322cfa16bfd7a6d21d670d7eca,source-attested,unreviewed,GPL-2.0-or-later
囑,⿰口屬,⿰,left-right,口|屬,component-53e3|component-5c6c,口|屬,2,2,chise-ids-ucs-basic,352e13378e411c322cfa16bfd7a6d21d670d7eca,source-attested,unreviewed,GPL-2.0-or-later
汀,⿰氵丁,⿰,left-right,氵|丁,component-6c35|component-4e01,氵|丁,2,2,chise-ids-ucs-basic,352e13378e411c322cfa16bfd7a6d21d670d7eca,source-attested,unreviewed,GPL-2.0-or-later
嚮,⿱鄉向,⿱,top-bottom,鄉|向,component-9109|component-5411,鄉|向,2,2,chise-ids-ucs-basic,352e13378e411c322cfa16bfd7a6d21d670d7eca,source-attested,unreviewed,GPL-2.0-or-later
傭,⿰亻庸,⿰,left-right,亻|庸,component-4ebb|component-5eb8,亻|庸,2,2,chise-ids-ucs-basic,352e13378e411c322cfa16bfd7a6d21d670d7eca,source-attested,unreviewed,GPL-2.0-or-later
吻,⿰口勿,⿰,left-right,口|勿,component-53e3|component-52ff,口|勿,2,2,chise-ids-ucs-basic,352e13378e411c322cfa16bfd7a6d21d670d7eca,source-attested,unreviewed,GPL-2.0-or-later
扳,⿰扌反,⿰,left-right,扌|反,component-624c|component-53cd,扌|反,2,2,chise-ids-ucs-basic,352e13378e411c322cfa16bfd7a6d21d670d7eca,source-attested,unreviewed,GPL-2.0-or-later
甫,甫,,single,甫,component-752b,甫,1,1,chise-ids-ucs-basic,352e13378e411c322cfa16bfd7a6d21d670d7eca,source-attested,unreviewed,GPL-2.0-or-later
肝,⿰⺼干,⿰,left-right,⺼|干,component-2ebc|component-5e72,⺼|干,2,2,chise-ids-ucs-basic,352e13378e411c322cfa16bfd7a6d21d670d7eca,source-attested,unreviewed,GPL-2.0-or-later
刮,⿰舌刂,⿰,left-right,舌|刂,component-820c|component-5202,舌|刂,2,2,chise-ids-ucs-basic,352e13378e411c322cfa16bfd7a6d21d670d7eca,source-attested,unreviewed,GPL-2.0-or-later
坪,⿰土平,⿰,left-right,土|平,component-571f|component-5e73,土|平,2,2,chise-ids-ucs-basic,352e13378e411c322cfa16bfd7a6d21d670d7eca,source-attested,unreviewed,GPL-2.0-or-later
姆,⿰女母,⿰,left-right,女|母,component-5973|component-6bcd,女|母,2,2,chise-ids-ucs-basic,352e13378e411c322cfa16bfd7a6d21d670d7eca,source-attested,unreviewed,GPL-2.0-or-later
垠,⿰土艮,⿰,left-right,土|艮,component-571f|component-826e,土|艮,2,2,chise-ids-ucs-basic,352e13378e411c322cfa16bfd7a6d21d670d7eca,source-attested,unreviewed,GPL-2.0-or-later
契,⿱㓞大,⿱,top-bottom,㓞|大,component-34de|component-5927,㓞|大,2,2,chise-ids-ucs-basic,352e13378e411c322cfa16bfd7a6d21d670d7eca,source-attested,unreviewed,GPL-2.0-or-later
恃,⿰忄寺,⿰,left-right,忄|寺,component-5fc4|component-5bfa,忄|寺,2,2,chise-ids-ucs-basic,352e13378e411c322cfa16bfd7a6d21d670d7eca,source-attested,unreviewed,GPL-2.0-or-later
紉,⿰糸刃,⿰,left-right,糸|刃,component-7cf8|component-5203,糸|刃,2,2,chise-ids-ucs-basic,352e13378e411c322cfa16bfd7a6d21d670d7eca,source-attested,unreviewed,GPL-2.0-or-later
茉,⿱艹末,⿱,top-bottom,艹|末,component-8279|component-672b,艹|末,2,2,chise-ids-ucs-basic,352e13378e411c322cfa16bfd7a6d21d670d7eca,source-attested,unreviewed,GPL-2.0-or-later
赴,⿺走卜,⿺,surround,走|卜,component-8d70|component-535c,走|卜,2,2,chise-ids-ucs-basic,352e13378e411c322cfa16bfd7a6d21d670d7eca,source-attested,unreviewed,GPL-2.0-or-later
准,⿰冫隹,⿰,left-right,冫|隹,component-51ab|component-96b9,冫|隹,2,2,chise-ids-ucs-basic,352e13378e411c322cfa16bfd7a6d21d670d7eca,source-attested,unreviewed,GPL-2.0-or-later
峪,⿰山谷,⿰,left-right,山|谷,component-5c71|component-8c37,山|谷,2,2,chise-ids-ucs-basic,352e13378e411c322cfa16bfd7a6d21d670d7eca,source-attested,unreviewed,GPL-2.0-or-later
捎,⿰扌肖,⿰,left-right,扌|肖,component-624c|component-8096,扌|肖,2,2,chise-ids-ucs-basic,352e13378e411c322cfa16bfd7a6d21d670d7eca,source-attested,unreviewed,GPL-2.0-or-later
挾,⿰扌夾,⿰,left-right,扌|夾,component-624c|component-593e,扌|夾,2,2,chise-ids-ucs-basic,352e13378e411c322cfa16bfd7a6d21d670d7eca,source-attested,unreviewed,GPL-2.0-or-later
狽,⿰犭貝,⿰,left-right,犭|貝,component-72ad|component-8c9d,犭|貝,2,2,chise-ids-ucs-basic,352e13378e411c322cfa16bfd7a6d21d670d7eca,source-attested,unreviewed,GPL-2.0-or-later
租,⿰禾且,⿰,left-right,禾|且,component-79be|component-4e14,禾|且,2,2,chise-ids-ucs-basic,352e13378e411c322cfa16bfd7a6d21d670d7eca,source-attested,unreviewed,GPL-2.0-or-later
袁,⿴⿱十⿱一𧘇口,⿴,surround,十|一|𧘇|口,component-5341|component-4e00|component-27607|component-53e3,十|一|𧘇|口,4,4,chise-ids-ucs-basic,352e13378e411c322cfa16bfd7a6d21d670d7eca,source-attested,unreviewed,GPL-2.0-or-later
婚,⿰女昏,⿰,left-right,女|昏,component-5973|component-660f,女|昏,2,2,chise-ids-ucs-basic,352e13378e411c322cfa16bfd7a6d21d670d7eca,source-attested,unreviewed,GPL-2.0-or-later
惋,⿰忄宛,⿰,left-right,忄|宛,component-5fc4|component-5b9b,忄|宛,2,2,chise-ids-ucs-basic,352e13378e411c322cfa16bfd7a6d21d670d7eca,source-attested,unreviewed,GPL-2.0-or-later
敝,⿰㡀攵,⿰,left-right,㡀|攵,component-3840|component-6535,㡀|攵,2,2,chise-ids-ucs-basic,352e13378e411c322cfa16bfd7a6d21d670d7eca,source-attested,unreviewed,GPL-2.0-or-later
梭,⿰木夋,⿰,left-right,木|夋,component-6728|component-590b,木|夋,2,2,chise-ids-ucs-basic,352e13378e411c322cfa16bfd7a6d21d670d7eca,source-attested,unreviewed,GPL-2.0-or-later
氫,⿹气巠,⿹,surround,气|巠,component-6c14|component-5de0,气|巠,2,2,chise-ids-ucs-basic,352e13378e411c322cfa16bfd7a6d21d670d7eca,source-attested,unreviewed,GPL-2.0-or-later
烽,⿰火夆,⿰,left-right,火|夆,component-706b|component-5906,火|夆,2,2,chise-ids-ucs-basic,352e13378e411c322cfa16bfd7a6d21d670d7eca,source-attested,unreviewed,GPL-2.0-or-later
笠,⿱竹立,⿱,top-bottom,竹|立,component-7af9|component-7acb,竹|立,2,2,chise-ids-ucs-basic,352e13378e411c322cfa16bfd7a6d21d670d7eca,source-attested,unreviewed,GPL-2.0-or-later
缽,⿰缶本,⿰,left-right,缶|本,component-7f36|component-672c,缶|本,2,2,chise-ids-ucs-basic,352e13378e411c322cfa16bfd7a6d21d670d7eca,source-attested,unreviewed,GPL-2.0-or-later
脯,⿰⺼甫,⿰,left-right,⺼|甫,component-2ebc|component-752b,⺼|甫,2,2,chise-ids-ucs-basic,352e13378e411c322cfa16bfd7a6d21d670d7eca,source-attested,unreviewed,GPL-2.0-or-later
舷,⿰舟玄,⿰,left-right,舟|玄,component-821f|component-7384,舟|玄,2,2,chise-ids-ucs-basic,352e13378e411c322cfa16bfd7a6d21d670d7eca,source-attested,unreviewed,GPL-2.0-or-later
莓,⿱艹每,⿱,top-bottom,艹|每,component-8279|component-6bcf,艹|每,2,2,chise-ids-ucs-basic,352e13378e411c322cfa16bfd7a6d21d670d7eca,source-attested,unreviewed,GPL-2.0-or-later
逛,⿺辶狂,⿺,surround,辶|狂,component-8fb6|component-72c2,辶|狂,2,2,chise-ids-ucs-basic,352e13378e411c322cfa16bfd7a6d21d670d7eca,source-attested,unreviewed,GPL-2.0-or-later
揪,⿰扌秋,⿰,left-right,扌|秋,component-624c|component-79cb,扌|秋,2,2,chise-ids-ucs-basic,352e13378e411c322cfa16bfd7a6d21d670d7eca,source-attested,unreviewed,GPL-2.0-or-later
萎,⿱艹委,⿱,top-bottom,艹|委,component-8279|component-59d4,艹|委,2,2,chise-ids-ucs-basic,352e13378e411c322cfa16bfd7a6d21d670d7eca,source-attested,unreviewed,GPL-2.0-or-later
蛟,⿰虫交,⿰,left-right,虫|交,component-866b|component-4ea4,虫|交,2,2,chise-ids-ucs-basic,352e13378e411c322cfa16bfd7a6d21d670d7eca,source-attested,unreviewed,GPL-2.0-or-later
貿,⿱&CDP-8C69;貝,⿱,top-bottom,&CDP-8C69;|貝,component-CDP-8C69|component-8c9d,&CDP-8C69;|貝,2,2,chise-ids-ucs-basic,352e13378e411c322cfa16bfd7a6d21d670d7eca,source-attested,unreviewed,GPL-2.0-or-later
跌,⿰𧾷失,⿰,left-right,𧾷|失,component-27fb7|component-5931,𧾷|失,2,2,chise-ids-ucs-basic,352e13378e411c322cfa16bfd7a6d21d670d7eca,source-attested,unreviewed,GPL-2.0-or-later
嗅,⿰口臭,⿰,left-right,口|臭,component-53e3|component-81ed,口|臭,2,2,chise-ids-ucs-basic,352e13378e411c322cfa16bfd7a6d21d670d7eca,source-attested,unreviewed,GPL-2.0-or-later
愚,⿱禺心,⿱,top-bottom,禺|心,component-79ba|component-5fc3,禺|心,2,2,chise-ids-ucs-basic,352e13378e411c322cfa16bfd7a6d21d670d7eca,source-attested,unreviewed,GPL-2.0-or-later
搪,⿰扌唐,⿰,left-right,扌|唐,component-624c|component-5510,扌|唐,2,2,chise-ids-ucs-basic,352e13378e411c322cfa16bfd7a6d21d670d7eca,source-attested,unreviewed,GPL-2.0-or-later
煦,⿱昫灬,⿱,top-bottom,昫|灬,component-662b|component-706c,昫|灬,2,2,chise-ids-ucs-basic,352e13378e411c322cfa16bfd7a6d21d670d7eca,source-attested,unreviewed,GPL-2.0-or-later
煥,⿰火奐,⿰,left-right,火|奐,component-706b|component-5950,火|奐,2,2,chise-ids-ucs-basic,352e13378e411c322cfa16bfd7a6d21d670d7eca,source-attested,unreviewed,GPL-2.0-or-later
瑚,⿰𤣩胡,⿰,left-right,𤣩|胡,component-248e9|component-80e1,𤣩|胡,2,2,chise-ids-ucs-basic,352e13378e411c322cfa16bfd7a6d21d670d7eca,source-attested,unreviewed,GPL-2.0-or-later
蜀,⿹𦉶虫,⿹,surround,𦉶|虫,component-26276|component-866b,𦉶|虫,2,2,chise-ids-ucs-basic,352e13378e411c322cfa16bfd7a6d21d670d7eca,source-attested,unreviewed,GPL-2.0-or-later
僧,⿰亻曾,⿰,left-right,亻|曾,component-4ebb|component-66fe,亻|曾,2,2,chise-ids-ucs-basic,352e13378e411c322cfa16bfd7a6d21d670d7eca,source-attested,unreviewed,GPL-2.0-or-later
厭,⿸厂猒,⿸,surround,厂|猒,component-5382|component-7312,厂|猒,2,2,chise-ids-ucs-basic,352e13378e411c322cfa16bfd7a6d21d670d7eca,source-attested,unreviewed,GPL-2.0-or-later
寡,⿱宀𪟊,⿱,top-bottom,宀|𪟊,component-5b80|component-2a7ca,宀|𪟊,2,2,chise-ids-ucs-basic,352e13378e411c322cfa16bfd7a6d21d670d7eca,source-attested,unreviewed,GPL-2.0-or-later
屢,⿸尸婁,⿸,surround,尸|婁,component-5c38|component-5a41,尸|婁,2,2,chise-ids-ucs-basic,352e13378e411c322cfa16bfd7a6d21d670d7eca,source-attested,unreviewed,GPL-2.0-or-later
慚,⿰忄斬,⿰,left-right,忄|斬,component-5fc4|component-65ac,忄|斬,2,2,chise-ids-ucs-basic,352e13378e411c322cfa16bfd7a6d21d670d7eca,source-attested,unreviewed,GPL-2.0-or-later
澈,⿰氵𰕎,⿰,left-right,氵|𰕎,component-6c35|component-3054e,氵|𰕎,2,2,chise-ids-ucs-basic,352e13378e411c322cfa16bfd7a6d21d670d7eca,source-attested,unreviewed,GPL-2.0-or-later
碟,⿰石枼,⿰,left-right,石|枼,component-77f3|component-67bc,石|枼,2,2,chise-ids-ucs-basic,352e13378e411c322cfa16bfd7a6d21d670d7eca,source-attested,unreviewed,GPL-2.0-or-later
蝕,⿰飠虫,⿰,left-right,飠|虫,component-98e0|component-866b,飠|虫,2,2,chise-ids-ucs-basic,352e13378e411c322cfa16bfd7a6d21d670d7eca,source-attested,unreviewed,GPL-2.0-or-later
障,⿰⻖章,⿰,left-right,⻖|章,component-2ed6|component-7ae0,⻖|章,2,2,chise-ids-ucs-basic,352e13378e411c322cfa16bfd7a6d21d670d7eca,source-attested,unreviewed,GPL-2.0-or-later
廟,⿸广朝,⿸,surround,广|朝,component-5e7f|component-671d,广|朝,2,2,chise-ids-ucs-basic,352e13378e411c322cfa16bfd7a6d21d670d7eca,source-attested,unreviewed,GPL-2.0-or-later
摹,⿱莫手,⿱,top-bottom,莫|手,component-83ab|component-624b,莫|手,2,2,chise-ids-ucs-basic,352e13378e411c322cfa16bfd7a6d21d670d7eca,source-attested,unreviewed,GPL-2.0-or-later
熬,⿱敖灬,⿱,top-bottom,敖|灬,component-6556|component-706c,敖|灬,2,2,chise-ids-ucs-basic,352e13378e411c322cfa16bfd7a6d21d670d7eca,source-attested,unreviewed,GPL-2.0-or-later
瞇,⿰目迷,⿰,left-right,目|迷,component-76ee|component-8ff7,目|迷,2,2,chise-ids-ucs-basic,352e13378e411c322cfa16bfd7a6d21d670d7eca,source-attested,unreviewed,GPL-2.0-or-later
蔓,⿱艹曼,⿱,top-bottom,艹|曼,component-8279|component-66fc,艹|曼,2,2,chise-ids-ucs-basic,352e13378e411c322cfa16bfd7a6d21d670d7eca,source-attested,unreviewed,GPL-2.0-or-later
蔡,⿱艹祭,⿱,top-bottom,艹|祭,component-8279|component-796d,艹|祭,2,2,chise-ids-ucs-basic,352e13378e411c322cfa16bfd7a6d21d670d7eca,source-attested,unreviewed,GPL-2.0-or-later
劑,⿰齊刂,⿰,left-right,齊|刂,component-9f4a|component-5202,齊|刂,2,2,chise-ids-ucs-basic,352e13378e411c322cfa16bfd7a6d21d670d7eca,source-attested,unreviewed,GPL-2.0-or-later
橘,⿰木矞,⿰,left-right,木|矞,component-6728|component-77de,木|矞,2,2,chise-ids-ucs-basic,352e13378e411c322cfa16bfd7a6d21d670d7eca,source-attested,unreviewed,GPL-2.0-or-later
燙,⿱湯火,⿱,top-bottom,湯|火,component-6e6f|component-706b,湯|火,2,2,chise-ids-ucs-basic,352e13378e411c322cfa16bfd7a6d21d670d7eca,source-attested,unreviewed,GPL-2.0-or-later
瞞,⿰目㒼,⿰,left-right,目|㒼,component-76ee|component-34bc,目|㒼,2,2,chise-ids-ucs-basic,352e13378e411c322cfa16bfd7a6d21d670d7eca,source-attested,unreviewed,GPL-2.0-or-later
篩,⿱竹師,⿱,top-bottom,竹|師,component-7af9|component-5e2b,竹|師,2,2,chise-ids-ucs-basic,352e13378e411c322cfa16bfd7a6d21d670d7eca,source-attested,unreviewed,GPL-2.0-or-later
蕊,⿱艹惢,⿱,top-bottom,艹|惢,component-8279|component-60e2,艹|惢,2,2,chise-ids-ucs-basic,352e13378e411c322cfa16bfd7a6d21d670d7eca,source-attested,unreviewed,GPL-2.0-or-later
蕨,⿱艹厥,⿱,top-bottom,艹|厥,component-8279|component-53a5,艹|厥,2,2,chise-ids-ucs-basic,352e13378e411c322cfa16bfd7a6d21d670d7eca,source-attested,unreviewed,GPL-2.0-or-later
餡,⿰飠臽,⿰,left-right,飠|臽,component-98e0|component-81fd,飠|臽,2,2,chise-ids-ucs-basic,352e13378e411c322cfa16bfd7a6d21d670d7eca,source-attested,unreviewed,GPL-2.0-or-later
嬰,⿱賏女,⿱,top-bottom,賏|女,component-8ccf|component-5973,賏|女,2,2,chise-ids-ucs-basic,352e13378e411c322cfa16bfd7a6d21d670d7eca,source-attested,unreviewed,GPL-2.0-or-later
擱,⿰扌閣,⿰,left-right,扌|閣,component-624c|component-95a3,扌|閣,2,2,chise-ids-ucs-basic,352e13378e411c322cfa16bfd7a6d21d670d7eca,source-attested,unreviewed,GPL-2.0-or-later
矯,⿰矢喬,⿰,left-right,矢|喬,component-77e2|component-55ac,矢|喬,2,2,chise-ids-ucs-basic,352e13378e411c322cfa16bfd7a6d21d670d7eca,source-attested,unreviewed,GPL-2.0-or-later
擲,⿰扌鄭,⿰,left-right,扌|鄭,component-624c|component-912d,扌|鄭,2,2,chise-ids-ucs-basic,352e13378e411c322cfa16bfd7a6d21d670d7eca,source-attested,unreviewed,GPL-2.0-or-later
瀉,⿰氵寫,⿰,left-right,氵|寫,component-6c35|component-5beb,氵|寫,2,2,chise-ids-ucs-basic,352e13378e411c322cfa16bfd7a6d21d670d7eca,source-attested,unreviewed,GPL-2.0-or-later
繚,⿰糸尞,⿰,left-right,糸|尞,component-7cf8|component-5c1e,糸|尞,2,2,chise-ids-ucs-basic,352e13378e411c322cfa16bfd7a6d21d670d7eca,source-attested,unreviewed,GPL-2.0-or-later
壟,⿱龍土,⿱,top-bottom,龍|土,component-9f8d|component-571f,龍|土,2,2,chise-ids-ucs-basic,352e13378e411c322cfa16bfd7a6d21d670d7eca,source-attested,unreviewed,GPL-2.0-or-later
簸,⿱竹𤿺,⿱,top-bottom,竹|𤿺,component-7af9|component-24ffa,竹|𤿺,2,2,chise-ids-ucs-basic,352e13378e411c322cfa16bfd7a6d21d670d7eca,source-attested,unreviewed,GPL-2.0-or-later
羸,⿵𣎆羊,⿵,surround,𣎆|羊,component-23386|component-7f8a,𣎆|羊,2,2,chise-ids-ucs-basic,352e13378e411c322cfa16bfd7a6d21d670d7eca,source-attested,unreviewed,GPL-2.0-or-later
瀰,⿰氵彌,⿰,left-right,氵|彌,component-6c35|component-5f4c,氵|彌,2,2,chise-ids-ucs-basic,352e13378e411c322cfa16bfd7a6d21d670d7eca,source-attested,unreviewed,GPL-2.0-or-later
髓,⿰骨遀,⿰,left-right,骨|遀,component-9aa8|component-9040,骨|遀,2,2,chise-ids-ucs-basic,352e13378e411c322cfa16bfd7a6d21d670d7eca,source-attested,unreviewed,GPL-2.0-or-later
躡,⿰𧾷聶,⿰,left-right,𧾷|聶,component-27fb7|component-8076,𧾷|聶,2,2,chise-ids-ucs-basic,352e13378e411c322cfa16bfd7a6d21d670d7eca,source-attested,unreviewed,GPL-2.0-or-later
兀,兀,,single,兀,component-5140,兀,1,1,chise-ids-ucs-basic,352e13378e411c322cfa16bfd7a6d21d670d7eca,source-attested,unreviewed,GPL-2.0-or-later
允,⿱厶儿,⿱,top-bottom,厶|儿,component-53b6|component-513f,厶|儿,2,2,chise-ids-ucs-basic,352e13378e411c322cfa16bfd7a6d21d670d7eca,source-attested,unreviewed,GPL-2.0-or-later
歹,歹,,single,歹,component-6b79,歹,1,1,chise-ids-ucs-basic,352e13378e411c322cfa16bfd7a6d21d670d7eca,source-attested,unreviewed,GPL-2.0-or-later
卉,⿱十廾,⿱,top-bottom,十|廾,component-5341|component-5efe,十|廾,2,2,chise-ids-ucs-basic,352e13378e411c322cfa16bfd7a6d21d670d7eca,source-attested,unreviewed,GPL-2.0-or-later
兆,兆,,single,兆,component-5146,兆,1,1,chise-ids-ucs-basic,352e13378e411c322cfa16bfd7a6d21d670d7eca,source-attested,unreviewed,GPL-2.0-or-later
屹,⿰山乞,⿰,left-right,山|乞,component-5c71|component-4e5e,山|乞,2,2,chise-ids-ucs-basic,352e13378e411c322cfa16bfd7a6d21d670d7eca,source-attested,unreviewed,GPL-2.0-or-later
朽,⿰木丂,⿰,left-right,木|丂,component-6728|component-4e02,木|丂,2,2,chise-ids-ucs-basic,352e13378e411c322cfa16bfd7a6d21d670d7eca,source-attested,unreviewed,GPL-2.0-or-later
耒,耒,,single,耒,component-8012,耒,1,1,chise-ids-ucs-basic,352e13378e411c322cfa16bfd7a6d21d670d7eca,source-attested,unreviewed,GPL-2.0-or-later
聿,聿,,single,聿,component-807f,聿,1,1,chise-ids-ucs-basic,352e13378e411c322cfa16bfd7a6d21d670d7eca,source-attested,unreviewed,GPL-2.0-or-later
艾,⿱艹乂,⿱,top-bottom,艹|乂,component-8279|component-4e42,艹|乂,2,2,chise-ids-ucs-basic,352e13378e411c322cfa16bfd7a6d21d670d7eca,source-attested,unreviewed,GPL-2.0-or-later
伶,⿰亻令,⿰,left-right,亻|令,component-4ebb|component-4ee4,亻|令,2,2,chise-ids-ucs-basic,352e13378e411c322cfa16bfd7a6d21d670d7eca,source-attested,unreviewed,GPL-2.0-or-later
妥,⿱爫女,⿱,top-bottom,爫|女,component-722b|component-5973,爫|女,2,2,chise-ids-ucs-basic,352e13378e411c322cfa16bfd7a6d21d670d7eca,source-attested,unreviewed,GPL-2.0-or-later
孚,⿱爫子,⿱,top-bottom,爫|子,component-722b|component-5b50,爫|子,2,2,chise-ids-ucs-basic,352e13378e411c322cfa16bfd7a6d21d670d7eca,source-attested,unreviewed,GPL-2.0-or-later
屁,⿸尸比,⿸,surround,尸|比,component-5c38|component-6bd4,尸|比,2,2,chise-ids-ucs-basic,352e13378e411c322cfa16bfd7a6d21d670d7eca,source-attested,unreviewed,GPL-2.0-or-later
矣,⿱厶矢,⿱,top-bottom,厶|矢,component-53b6|component-77e2,厶|矢,2,2,chise-ids-ucs-basic,352e13378e411c322cfa16bfd7a6d21d670d7eca,source-attested,unreviewed,GPL-2.0-or-later
迂,⿺辶于,⿺,surround,辶|于,component-8fb6|component-4e8e,辶|于,2,2,chise-ids-ucs-basic,352e13378e411c322cfa16bfd7a6d21d670d7eca,source-attested,unreviewed,GPL-2.0-or-later
孟,⿱子皿,⿱,top-bottom,子|皿,component-5b50|component-76bf,子|皿,2,2,chise-ids-ucs-basic,352e13378e411c322cfa16bfd7a6d21d670d7eca,source-attested,unreviewed,GPL-2.0-or-later
枉,⿰木王,⿰,left-right,木|王,component-6728|component-738b,木|王,2,2,chise-ids-ucs-basic,352e13378e411c322cfa16bfd7a6d21d670d7eca,source-attested,unreviewed,GPL-2.0-or-later
沫,⿰氵末,⿰,left-right,氵|末,component-6c35|component-672b,氵|末,2,2,chise-ids-ucs-basic,352e13378e411c322cfa16bfd7a6d21d670d7eca,source-attested,unreviewed,GPL-2.0-or-later
狙,⿰犭且,⿰,left-right,犭|且,component-72ad|component-4e14,犭|且,2,2,chise-ids-ucs-basic,352e13378e411c322cfa16bfd7a6d21d670d7eca,source-attested,unreviewed,GPL-2.0-or-later
玫,⿰𤣩攵,⿰,left-right,𤣩|攵,component-248e9|component-6535,𤣩|攵,2,2,chise-ids-ucs-basic,352e13378e411c322cfa16bfd7a6d21d670d7eca,source-attested,unreviewed,GPL-2.0-or-later
侯,⿰亻&CDP-8BC7;,⿰,left-right,亻|&CDP-8BC7;,component-4ebb|component-CDP-8BC7,亻|&CDP-8BC7;,2,2,chise-ids-ucs-basic,352e13378e411c322cfa16bfd7a6d21d670d7eca,source-attested,unreviewed,GPL-2.0-or-later
俏,⿰亻肖,⿰,left-right,亻|肖,component-4ebb|component-8096,亻|肖,2,2,chise-ids-ucs-basic,352e13378e411c322cfa16bfd7a6d21d670d7eca,source-attested,unreviewed,GPL-2.0-or-later
俐,⿰亻利,⿰,left-right,亻|利,component-4ebb|component-5229,亻|利,2,2,chise-ids-ucs-basic,352e13378e411c322cfa16bfd7a6d21d670d7eca,source-attested,unreviewed,GPL-2.0-or-later
拯,⿰扌丞,⿰,left-right,扌|丞,component-624c|component-4e1e,扌|丞,2,2,chise-ids-ucs-basic,352e13378e411c322cfa16bfd7a6d21d670d7eca,source-attested,unreviewed,GPL-2.0-or-later
疤,⿸疒巴,⿸,surround,疒|巴,component-7592|component-5df4,疒|巴,2,2,chise-ids-ucs-basic,352e13378e411c322cfa16bfd7a6d21d670d7eca,source-attested,unreviewed,GPL-2.0-or-later
茁,⿱艹出,⿱,top-bottom,艹|出,component-8279|component-51fa,艹|出,2,2,chise-ids-ucs-basic,352e13378e411c322cfa16bfd7a6d21d670d7eca,source-attested,unreviewed,GPL-2.0-or-later
俺,⿰亻奄,⿰,left-right,亻|奄,component-4ebb|component-5944,亻|奄,2,2,chise-ids-ucs-basic,352e13378e411c322cfa16bfd7a6d21d670d7eca,source-attested,unreviewed,GPL-2.0-or-later
倘,⿰亻尚,⿰,left-right,亻|尚,component-4ebb|component-5c1a,亻|尚,2,2,chise-ids-ucs-basic,352e13378e411c322cfa16bfd7a6d21d670d7eca,source-attested,unreviewed,GPL-2.0-or-later
唷,⿰口育,⿰,left-right,口|育,component-53e3|component-80b2,口|育,2,2,chise-ids-ucs-basic,352e13378e411c322cfa16bfd7a6d21d670d7eca,source-attested,unreviewed,GPL-2.0-or-later
屐,⿸⿸尸彳支,⿸,surround,尸|彳|支,component-5c38|component-5f73|component-652f,尸|彳|支,3,3,chise-ids-ucs-basic,352e13378e411c322cfa16bfd7a6d21d670d7eca,source-attested,unreviewed,GPL-2.0-or-later
恭,⿱共⺗,⿱,top-bottom,共|⺗,component-5171|component-2e97,共|⺗,2,2,chise-ids-ucs-basic,352e13378e411c322cfa16bfd7a6d21d670d7eca,source-attested,unreviewed,GPL-2.0-or-later
晌,⿰日向,⿰,left-right,日|向,component-65e5|component-5411,日|向,2,2,chise-ids-ucs-basic,352e13378e411c322cfa16bfd7a6d21d670d7eca,source-attested,unreviewed,GPL-2.0-or-later
殷,⿰㐆殳,⿰,left-right,㐆|殳,component-3406|component-6bb3,㐆|殳,2,2,chise-ids-ucs-basic,352e13378e411c322cfa16bfd7a6d21d670d7eca,source-attested,unreviewed,GPL-2.0-or-later
臭,⿱自犬,⿱,top-bottom,自|犬,component-81ea|component-72ac,自|犬,2,2,chise-ids-ucs-basic,352e13378e411c322cfa16bfd7a6d21d670d7eca,source-attested,unreviewed,GPL-2.0-or-later
寇,⿷完攴,⿷,surround,完|攴,component-5b8c|component-6534,完|攴,2,2,chise-ids-ucs-basic,352e13378e411c322cfa16bfd7a6d21d670d7eca,source-attested,unreviewed,GPL-2.0-or-later
徙,⿰彳歨,⿰,left-right,彳|歨,component-5f73|component-6b68,彳|歨,2,2,chise-ids-ucs-basic,352e13378e411c322cfa16bfd7a6d21d670d7eca,source-attested,unreviewed,GPL-2.0-or-later
淳,⿰氵享,⿰,left-right,氵|享,component-6c35|component-4eab,氵|享,2,2,chise-ids-ucs-basic,352e13378e411c322cfa16bfd7a6d21d670d7eca,source-attested,unreviewed,GPL-2.0-or-later
淪,⿰氵侖,⿰,left-right,氵|侖,component-6c35|component-4f96,氵|侖,2,2,chise-ids-ucs-basic,352e13378e411c322cfa16bfd7a6d21d670d7eca,source-attested,unreviewed,GPL-2.0-or-later
笨,⿱竹本,⿱,top-bottom,竹|本,component-7af9|component-672c,竹|本,2,2,chise-ids-ucs-basic,352e13378e411c322cfa16bfd7a6d21d670d7eca,source-attested,unreviewed,GPL-2.0-or-later
覓,⿱爫見,⿱,top-bottom,爫|見,component-722b|component-898b,爫|見,2,2,chise-ids-ucs-basic,352e13378e411c322cfa16bfd7a6d21d670d7eca,source-attested,unreviewed,GPL-2.0-or-later
喧,⿰口宣,⿰,left-right,口|宣,component-53e3|component-5ba3,口|宣,2,2,chise-ids-ucs-basic,352e13378e411c322cfa16bfd7a6d21d670d7eca,source-attested,unreviewed,GPL-2.0-or-later
喻,⿰口俞,⿰,left-right,口|俞,component-53e3|component-4fde,口|俞,2,2,chise-ids-ucs-basic,352e13378e411c322cfa16bfd7a6d21d670d7eca,source-attested,unreviewed,GPL-2.0-or-later
悶,⿵門心,⿵,surround,門|心,component-9580|component-5fc3,門|心,2,2,chise-ids-ucs-basic,352e13378e411c322cfa16bfd7a6d21d670d7eca,source-attested,unreviewed,GPL-2.0-or-later
毯,⿺毛炎,⿺,surround,毛|炎,component-6bdb|component-708e,毛|炎,2,2,chise-ids-ucs-basic,352e13378e411c322cfa16bfd7a6d21d670d7eca,source-attested,unreviewed,GPL-2.0-or-later
渣,⿰氵查,⿰,left-right,氵|查,component-6c35|component-67e5,氵|查,2,2,chise-ids-ucs-basic,352e13378e411c322cfa16bfd7a6d21d670d7eca,source-attested,unreviewed,GPL-2.0-or-later
渝,⿰氵俞,⿰,left-right,氵|俞,component-6c35|component-4fde,氵|俞,2,2,chise-ids-ucs-basic,352e13378e411c322cfa16bfd7a6d21d670d7eca,source-attested,unreviewed,GPL-2.0-or-later
溉,⿰氵既,⿰,left-right,氵|既,component-6c35|component-65e2,氵|既,2,2,chise-ids-ucs-basic,352e13378e411c322cfa16bfd7a6d21d670d7eca,source-attested,unreviewed,GPL-2.0-or-later
琳,⿰𤣩林,⿰,left-right,𤣩|林,component-248e9|component-6797,𤣩|林,2,2,chise-ids-ucs-basic,352e13378e411c322cfa16bfd7a6d21d670d7eca,source-attested,unreviewed,GPL-2.0-or-later
稈,⿰禾旱,⿰,left-right,禾|旱,component-79be|component-65f1,禾|旱,2,2,chise-ids-ucs-basic,352e13378e411c322cfa16bfd7a6d21d670d7eca,source-attested,unreviewed,GPL-2.0-or-later
雇,⿸户隹,⿸,surround,户|隹,component-6237|component-96b9,户|隹,2,2,chise-ids-ucs-basic,352e13378e411c322cfa16bfd7a6d21d670d7eca,source-attested,unreviewed,GPL-2.0-or-later
剿,⿰巢刂,⿰,left-right,巢|刂,component-5de2|component-5202,巢|刂,2,2,chise-ids-ucs-basic,352e13378e411c322cfa16bfd7a6d21d670d7eca,source-attested,unreviewed,GPL-2.0-or-later
椰,⿰木耶,⿰,left-right,木|耶,component-6728|component-8036,木|耶,2,2,chise-ids-ucs-basic,352e13378e411c322cfa16bfd7a6d21d670d7eca,source-attested,unreviewed,GPL-2.0-or-later
楞,⿰木𬙙,⿰,left-right,木|𬙙,component-6728|component-2c659,木|𬙙,2,2,chise-ids-ucs-basic,352e13378e411c322cfa16bfd7a6d21d670d7eca,source-attested,unreviewed,GPL-2.0-or-later
溶,⿰氵容,⿰,left-right,氵|容,component-6c35|component-5bb9,氵|容,2,2,chise-ids-ucs-basic,352e13378e411c322cfa16bfd7a6d21d670d7eca,source-attested,unreviewed,GPL-2.0-or-later
瑟,⿱玨必,⿱,top-bottom,玨|必,component-73a8|component-5fc5,玨|必,2,2,chise-ids-ucs-basic,352e13378e411c322cfa16bfd7a6d21d670d7eca,source-attested,unreviewed,GPL-2.0-or-later
睹,⿰目者,⿰,left-right,目|者,component-76ee|component-8005,目|者,2,2,chise-ids-ucs-basic,352e13378e411c322cfa16bfd7a6d21d670d7eca,source-attested,unreviewed,GPL-2.0-or-later
碉,⿰石周,⿰,left-right,石|周,component-77f3|component-5468,石|周,2,2,chise-ids-ucs-basic,352e13378e411c322cfa16bfd7a6d21d670d7eca,source-attested,unreviewed,GPL-2.0-or-later
腥,⿰⺼星,⿰,left-right,⺼|星,component-2ebc|component-661f,⺼|星,2,2,chise-ids-ucs-basic,352e13378e411c322cfa16bfd7a6d21d670d7eca,source-attested,unreviewed,GPL-2.0-or-later
舅,⿱臼男,⿱,top-bottom,臼|男,component-81fc|component-7537,臼|男,2,2,chise-ids-ucs-basic,352e13378e411c322cfa16bfd7a6d21d670d7eca,source-attested,unreviewed,GPL-2.0-or-later
詭,⿰言危,⿰,left-right,言|危,component-8a00|component-5371,言|危,2,2,chise-ids-ucs-basic,352e13378e411c322cfa16bfd7a6d21d670d7eca,source-attested,unreviewed,GPL-2.0-or-later
鉗,⿰金甘,⿰,left-right,金|甘,component-91d1|component-7518,金|甘,2,2,chise-ids-ucs-basic,352e13378e411c322cfa16bfd7a6d21d670d7eca,source-attested,unreviewed,GPL-2.0-or-later
嘖,⿰口責,⿰,left-right,口|責,component-53e3|component-8cac,口|責,2,2,chise-ids-ucs-basic,352e13378e411c322cfa16bfd7a6d21d670d7eca,source-attested,unreviewed,GPL-2.0-or-later
嶄,⿱山斬,⿱,top-bottom,山|斬,component-5c71|component-65ac,山|斬,2,2,chise-ids-ucs-basic,352e13378e411c322cfa16bfd7a6d21d670d7eca,source-attested,unreviewed,GPL-2.0-or-later
慷,⿰忄康,⿰,left-right,忄|康,component-5fc4|component-5eb7,忄|康,2,2,chise-ids-ucs-basic,352e13378e411c322cfa16bfd7a6d21d670d7eca,source-attested,unreviewed,GPL-2.0-or-later
撇,⿰扌敝,⿰,left-right,扌|敝,component-624c|component-655d,扌|敝,2,2,chise-ids-ucs-basic,352e13378e411c322cfa16bfd7a6d21d670d7eca,source-attested,unreviewed,GPL-2.0-or-later
瑤,⿰𤣩&JX2-7461;,⿰,left-right,𤣩|&JX2-7461;,component-248e9|component-JX2-7461,𤣩|&JX2-7461;,2,2,chise-ids-ucs-basic,352e13378e411c322cfa16bfd7a6d21d670d7eca,source-attested,unreviewed,GPL-2.0-or-later
瑰,⿰𤣩鬼,⿰,left-right,𤣩|鬼,component-248e9|component-9b3c,𤣩|鬼,2,2,chise-ids-ucs-basic,352e13378e411c322cfa16bfd7a6d21d670d7eca,source-attested,unreviewed,GPL-2.0-or-later
裴,⿱非衣,⿱,top-bottom,非|衣,component-975e|component-8863,非|衣,2,2,chise-ids-ucs-basic,352e13378e411c322cfa16bfd7a6d21d670d7eca,source-attested,unreviewed,GPL-2.0-or-later
銜,⿴行金,⿴,surround,行|金,component-884c|component-91d1,行|金,2,2,chise-ids-ucs-basic,352e13378e411c322cfa16bfd7a6d21d670d7eca,source-attested,unreviewed,GPL-2.0-or-later
雌,⿰此隹,⿰,left-right,此|隹,component-6b64|component-96b9,此|隹,2,2,chise-ids-ucs-basic,352e13378e411c322cfa16bfd7a6d21d670d7eca,source-attested,unreviewed,GPL-2.0-or-later
駁,⿰馬爻,⿰,left-right,馬|爻,component-99ac|component-723b,馬|爻,2,2,chise-ids-ucs-basic,352e13378e411c322cfa16bfd7a6d21d670d7eca,source-attested,unreviewed,GPL-2.0-or-later
噓,⿰口虛,⿰,left-right,口|虛,component-53e3|component-865b,口|虛,2,2,chise-ids-ucs-basic,352e13378e411c322cfa16bfd7a6d21d670d7eca,source-attested,unreviewed,GPL-2.0-or-later
履,⿸尸復,⿸,surround,尸|復,component-5c38|component-5fa9,尸|復,2,2,chise-ids-ucs-basic,352e13378e411c322cfa16bfd7a6d21d670d7eca,source-attested,unreviewed,GPL-2.0-or-later
憫,⿰忄閔,⿰,left-right,忄|閔,component-5fc4|component-9594,忄|閔,2,2,chise-ids-ucs-basic,352e13378e411c322cfa16bfd7a6d21d670d7eca,source-attested,unreviewed,GPL-2.0-or-later
樞,⿰木區,⿰,left-right,木|區,component-6728|component-5340,木|區,2,2,chise-ids-ucs-basic,352e13378e411c322cfa16bfd7a6d21d670d7eca,source-attested,unreviewed,GPL-2.0-or-later
槽,⿰木曹,⿰,left-right,木|曹,component-6728|component-66f9,木|曹,2,2,chise-ids-ucs-basic,352e13378e411c322cfa16bfd7a6d21d670d7eca,source-attested,unreviewed,GPL-2.0-or-later
潺,⿰氵孱,⿰,left-right,氵|孱,component-6c35|component-5b71,氵|孱,2,2,chise-ids-ucs-basic,352e13378e411c322cfa16bfd7a6d21d670d7eca,source-attested,unreviewed,GPL-2.0-or-later
潘,⿰氵番,⿰,left-right,氵|番,component-6c35|component-756a,氵|番,2,2,chise-ids-ucs-basic,352e13378e411c322cfa16bfd7a6d21d670d7eca,source-attested,unreviewed,GPL-2.0-or-later
諒,⿰言京,⿰,left-right,言|京,component-8a00|component-4eac,言|京,2,2,chise-ids-ucs-basic,352e13378e411c322cfa16bfd7a6d21d670d7eca,source-attested,unreviewed,GPL-2.0-or-later
賢,⿱臤貝,⿱,top-bottom,臤|貝,component-81e4|component-8c9d,臤|貝,2,2,chise-ids-ucs-basic,352e13378e411c322cfa16bfd7a6d21d670d7eca,source-attested,unreviewed,GPL-2.0-or-later
橇,⿰木毳,⿰,left-right,木|毳,component-6728|component-6bf3,木|毳,2,2,chise-ids-ucs-basic,352e13378e411c322cfa16bfd7a6d21d670d7eca,source-attested,unreviewed,GPL-2.0-or-later
瓢,⿰票瓜,⿰,left-right,票|瓜,component-7968|component-74dc,票|瓜,2,2,chise-ids-ucs-basic,352e13378e411c322cfa16bfd7a6d21d670d7eca,source-attested,unreviewed,GPL-2.0-or-later
諷,⿰言風,⿰,left-right,言|風,component-8a00|component-98a8,言|風,2,2,chise-ids-ucs-basic,352e13378e411c322cfa16bfd7a6d21d670d7eca,source-attested,unreviewed,GPL-2.0-or-later
錠,⿰金定,⿰,left-right,金|定,component-91d1|component-5b9a,金|定,2,2,chise-ids-ucs-basic,352e13378e411c322cfa16bfd7a6d21d670d7eca,source-attested,unreviewed,GPL-2.0-or-later
霎,⿱雨妾,⿱,top-bottom,雨|妾,component-96e8|component-59be,雨|妾,2,2,chise-ids-ucs-basic,352e13378e411c322cfa16bfd7a6d21d670d7eca,source-attested,unreviewed,GPL-2.0-or-later
鴣,⿰古鳥,⿰,left-right,古|鳥,component-53e4|component-9ce5,古|鳥,2,2,chise-ids-ucs-basic,352e13378e411c322cfa16bfd7a6d21d670d7eca,source-attested,unreviewed,GPL-2.0-or-later
嚀,⿰口寧,⿰,left-right,口|寧,component-53e3|component-5be7,口|寧,2,2,chise-ids-ucs-basic,352e13378e411c322cfa16bfd7a6d21d670d7eca,source-attested,unreviewed,GPL-2.0-or-later
嶼,⿰山與,⿰,left-right,山|與,component-5c71|component-8207,山|與,2,2,chise-ids-ucs-basic,352e13378e411c322cfa16bfd7a6d21d670d7eca,source-attested,unreviewed,GPL-2.0-or-later
彌,⿰弓爾,⿰,left-right,弓|爾,component-5f13|component-723e,弓|爾,2,2,chise-ids-ucs-basic,352e13378e411c322cfa16bfd7a6d21d670d7eca,source-attested,unreviewed,GPL-2.0-or-later
擎,⿱敬手,⿱,top-bottom,敬|手,component-656c|component-624b,敬|手,2,2,chise-ids-ucs-basic,352e13378e411c322cfa16bfd7a6d21d670d7eca,source-attested,unreviewed,GPL-2.0-or-later
濱,⿰氵賓,⿰,left-right,氵|賓,component-6c35|component-8cd3,氵|賓,2,2,chise-ids-ucs-basic,352e13378e411c322cfa16bfd7a6d21d670d7eca,source-attested,unreviewed,GPL-2.0-or-later
癌,⿸疒嵒,⿸,surround,疒|嵒,component-7592|component-5d52,疒|嵒,2,2,chise-ids-ucs-basic,352e13378e411c322cfa16bfd7a6d21d670d7eca,source-attested,unreviewed,GPL-2.0-or-later
盪,⿱湯皿,⿱,top-bottom,湯|皿,component-6e6f|component-76bf,湯|皿,2,2,chise-ids-ucs-basic,352e13378e411c322cfa16bfd7a6d21d670d7eca,source-attested,unreviewed,GPL-2.0-or-later
薯,⿱艹署,⿱,top-bottom,艹|署,component-8279|component-7f72,艹|署,2,2,chise-ids-ucs-basic,352e13378e411c322cfa16bfd7a6d21d670d7eca,source-attested,unreviewed,GPL-2.0-or-later
蹋,⿰𧾷𦐇,⿰,left-right,𧾷|𦐇,component-27fb7|component-26407,𧾷|𦐇,2,2,chise-ids-ucs-basic,352e13378e411c322cfa16bfd7a6d21d670d7eca,source-attested,unreviewed,GPL-2.0-or-later
遽,⿺辶豦,⿺,surround,辶|豦,component-8fb6|component-8c66,辶|豦,2,2,chise-ids-ucs-basic,352e13378e411c322cfa16bfd7a6d21d670d7eca,source-attested,unreviewed,GPL-2.0-or-later
鍾,⿰金重,⿰,left-right,金|重,component-91d1|component-91cd,金|重,2,2,chise-ids-ucs-basic,352e13378e411c322cfa16bfd7a6d21d670d7eca,source-attested,unreviewed,GPL-2.0-or-later
鍬,⿰金秋,⿰,left-right,金|秋,component-91d1|component-79cb,金|秋,2,2,chise-ids-ucs-basic,352e13378e411c322cfa16bfd7a6d21d670d7eca,source-attested,unreviewed,GPL-2.0-or-later
瞻,⿰目詹,⿰,left-right,目|詹,component-76ee|component-8a79,目|詹,2,2,chise-ids-ucs-basic,352e13378e411c322cfa16bfd7a6d21d670d7eca,source-attested,unreviewed,GPL-2.0-or-later
藐,⿱艹貌,⿱,top-bottom,艹|貌,component-8279|component-8c8c,艹|貌,2,2,chise-ids-ucs-basic,352e13378e411c322cfa16bfd7a6d21d670d7eca,source-attested,unreviewed,GPL-2.0-or-later
蹤,⿰𧾷從,⿰,left-right,𧾷|從,component-27fb7|component-5f9e,𧾷|從,2,2,chise-ids-ucs-basic,352e13378e411c322cfa16bfd7a6d21d670d7eca,source-attested,unreviewed,GPL-2.0-or-later
鎢,⿰金烏,⿰,left-right,金|烏,component-91d1|component-70cf,金|烏,2,2,chise-ids-ucs-basic,352e13378e411c322cfa16bfd7a6d21d670d7eca,source-attested,unreviewed,GPL-2.0-or-later
瀾,⿰氵闌,⿰,left-right,氵|闌,component-6c35|component-95cc,氵|闌,2,2,chise-ids-ucs-basic,352e13378e411c322cfa16bfd7a6d21d670d7eca,source-attested,unreviewed,GPL-2.0-or-later
礫,⿰石樂,⿰,left-right,石|樂,component-77f3|component-6a02,石|樂,2,2,chise-ids-ucs-basic,352e13378e411c322cfa16bfd7a6d21d670d7eca,source-attested,unreviewed,GPL-2.0-or-later
藻,⿱艹澡,⿱,top-bottom,艹|澡,component-8279|component-6fa1,艹|澡,2,2,chise-ids-ucs-basic,352e13378e411c322cfa16bfd7a6d21d670d7eca,source-attested,unreviewed,GPL-2.0-or-later
藹,⿱艹謁,⿱,top-bottom,艹|謁,component-8279|component-8b01,艹|謁,2,2,chise-ids-ucs-basic,352e13378e411c322cfa16bfd7a6d21d670d7eca,source-attested,unreviewed,GPL-2.0-or-later
鰍,⿰魚秋,⿰,left-right,魚|秋,component-9b5a|component-79cb,魚|秋,2,2,chise-ids-ucs-basic,352e13378e411c322cfa16bfd7a6d21d670d7eca,source-attested,unreviewed,GPL-2.0-or-later
巒,⿱䜌山,⿱,top-bottom,䜌|山,component-470c|component-5c71,䜌|山,2,2,chise-ids-ucs-basic,352e13378e411c322cfa16bfd7a6d21d670d7eca,source-attested,unreviewed,GPL-2.0-or-later
鷓,⿰庶鳥,⿰,left-right,庶|鳥,component-5eb6|component-9ce5,庶|鳥,2,2,chise-ids-ucs-basic,352e13378e411c322cfa16bfd7a6d21d670d7eca,source-attested,unreviewed,GPL-2.0-or-later
鷺,⿱路鳥,⿱,top-bottom,路|鳥,component-8def|component-9ce5,路|鳥,2,2,chise-ids-ucs-basic,352e13378e411c322cfa16bfd7a6d21d670d7eca,source-attested,unreviewed,GPL-2.0-or-later
韆,⿰革遷,⿰,left-right,革|遷,component-9769|component-9077,革|遷,2,2,chise-ids-ucs-basic,352e13378e411c322cfa16bfd7a6d21d670d7eca,source-attested,unreviewed,GPL-2.0-or-later
僕,⿰亻菐,⿰,left-right,亻|菐,component-4ebb|component-83d0,亻|菐,2,2,chise-ids-ucs-basic,352e13378e411c322cfa16bfd7a6d21d670d7eca,source-attested,unreviewed,GPL-2.0-or-later
欠,欠,,single,欠,component-6b20,欠,1,1,chise-ids-ucs-basic,352e13378e411c322cfa16bfd7a6d21d670d7eca,source-attested,unreviewed,GPL-2.0-or-later
仞,⿰亻刃,⿰,left-right,亻|刃,component-4ebb|component-5203,亻|刃,2,2,chise-ids-ucs-basic,352e13378e411c322cfa16bfd7a6d21d670d7eca,source-attested,unreviewed,GPL-2.0-or-later
凹,凹,,single,凹,component-51f9,凹,1,1,chise-ids-ucs-basic,352e13378e411c322cfa16bfd7a6d21d670d7eca,source-attested,unreviewed,GPL-2.0-or-later
伊,⿰亻尹,⿰,left-right,亻|尹,component-4ebb|component-5c39,亻|尹,2,2,chise-ids-ucs-basic,352e13378e411c322cfa16bfd7a6d21d670d7eca,source-attested,unreviewed,GPL-2.0-or-later
妄,⿱亡女,⿱,top-bottom,亡|女,component-4ea1|component-5973,亡|女,2,2,chise-ids-ucs-basic,352e13378e411c322cfa16bfd7a6d21d670d7eca,source-attested,unreviewed,GPL-2.0-or-later
劫,⿰去力,⿰,left-right,去|力,component-53bb|component-529b,去|力,2,2,chise-ids-ucs-basic,352e13378e411c322cfa16bfd7a6d21d670d7eca,source-attested,unreviewed,GPL-2.0-or-later
尿,⿸尸水,⿸,surround,尸|水,component-5c38|component-6c34,尸|水,2,2,chise-ids-ucs-basic,352e13378e411c322cfa16bfd7a6d21d670d7eca,source-attested,unreviewed,GPL-2.0-or-later
罕,⿱⺳干,⿱,top-bottom,⺳|干,component-2eb3|component-5e72,⺳|干,2,2,chise-ids-ucs-basic,352e13378e411c322cfa16bfd7a6d21d670d7eca,source-attested,unreviewed,GPL-2.0-or-later
肖,⿱⺌&CDP-8958;,⿱,top-bottom,⺌|&CDP-8958;,component-2e8c|component-CDP-8958,⺌|&CDP-8958;,2,2,chise-ids-ucs-basic,352e13378e411c322cfa16bfd7a6d21d670d7eca,source-attested,unreviewed,GPL-2.0-or-later
芋,⿱艹于,⿱,top-bottom,艹|于,component-8279|component-4e8e,艹|于,2,2,chise-ids-ucs-basic,352e13378e411c322cfa16bfd7a6d21d670d7eca,source-attested,unreviewed,GPL-2.0-or-later
阱,⿰⻖井,⿰,left-right,⻖|井,component-2ed6|component-4e95,⻖|井,2,2,chise-ids-ucs-basic,352e13378e411c322cfa16bfd7a6d21d670d7eca,source-attested,unreviewed,GPL-2.0-or-later
券,⿱龹刀,⿱,top-bottom,龹|刀,component-9fb9|component-5200,龹|刀,2,2,chise-ids-ucs-basic,352e13378e411c322cfa16bfd7a6d21d670d7eca,source-attested,unreviewed,GPL-2.0-or-later
剁,⿰朵刂,⿰,left-right,朵|刂,component-6735|component-5202,朵|刂,2,2,chise-ids-ucs-basic,352e13378e411c322cfa16bfd7a6d21d670d7eca,source-attested,unreviewed,GPL-2.0-or-later
奈,⿱大示,⿱,top-bottom,大|示,component-5927|component-793a,大|示,2,2,chise-ids-ucs-basic,352e13378e411c322cfa16bfd7a6d21d670d7eca,source-attested,unreviewed,GPL-2.0-or-later
妮,⿰女尼,⿰,left-right,女|尼,component-5973|component-5c3c,女|尼,2,2,chise-ids-ucs-basic,352e13378e411c322cfa16bfd7a6d21d670d7eca,source-attested,unreviewed,GPL-2.0-or-later
怖,⿰忄布,⿰,left-right,忄|布,component-5fc4|component-5e03,忄|布,2,2,chise-ids-ucs-basic,352e13378e411c322cfa16bfd7a6d21d670d7eca,source-attested,unreviewed,GPL-2.0-or-later
杭,⿰木亢,⿰,left-right,木|亢,component-6728|component-4ea2,木|亢,2,2,chise-ids-ucs-basic,352e13378e411c322cfa16bfd7a6d21d670d7eca,source-attested,unreviewed,GPL-2.0-or-later
泄,⿰氵世,⿰,left-right,氵|世,component-6c35|component-4e16,氵|世,2,2,chise-ids-ucs-basic,352e13378e411c322cfa16bfd7a6d21d670d7eca,source-attested,unreviewed,GPL-2.0-or-later
狐,⿰犭瓜,⿰,left-right,犭|瓜,component-72ad|component-74dc,犭|瓜,2,2,chise-ids-ucs-basic,352e13378e411c322cfa16bfd7a6d21d670d7eca,source-attested,unreviewed,GPL-2.0-or-later
竺,⿱竹二,⿱,top-bottom,竹|二,component-7af9|component-4e8c,竹|二,2,2,chise-ids-ucs-basic,352e13378e411c322cfa16bfd7a6d21d670d7eca,source-attested,unreviewed,GPL-2.0-or-later
俘,⿰亻孚,⿰,left-right,亻|孚,component-4ebb|component-5b5a,亻|孚,2,2,chise-ids-ucs-basic,352e13378e411c322cfa16bfd7a6d21d670d7eca,source-attested,unreviewed,GPL-2.0-or-later
冑,⿱由冃,⿱,top-bottom,由|冃,component-7531|component-5183,由|冃,2,2,chise-ids-ucs-basic,352e13378e411c322cfa16bfd7a6d21d670d7eca,source-attested,unreviewed,GPL-2.0-or-later
匍,⿹勹甫,⿹,surround,勹|甫,component-52f9|component-752b,勹|甫,2,2,chise-ids-ucs-basic,352e13378e411c322cfa16bfd7a6d21d670d7eca,source-attested,unreviewed,GPL-2.0-or-later
咨,⿱次口,⿱,top-bottom,次|口,component-6b21|component-53e3,次|口,2,2,chise-ids-ucs-basic,352e13378e411c322cfa16bfd7a6d21d670d7eca,source-attested,unreviewed,GPL-2.0-or-later
拭,⿰扌式,⿰,left-right,扌|式,component-624c|component-5f0f,扌|式,2,2,chise-ids-ucs-basic,352e13378e411c322cfa16bfd7a6d21d670d7eca,source-attested,unreviewed,GPL-2.0-or-later
拽,⿰扌曳,⿰,left-right,扌|曳,component-624c|component-66f3,扌|曳,2,2,chise-ids-ucs-basic,352e13378e411c322cfa16bfd7a6d21d670d7eca,source-attested,unreviewed,GPL-2.0-or-later
拷,⿰扌考,⿰,left-right,扌|考,component-624c|component-8003,扌|考,2,2,chise-ids-ucs-basic,352e13378e411c322cfa16bfd7a6d21d670d7eca,source-attested,unreviewed,GPL-2.0-or-later
柵,⿰木冊,⿰,left-right,木|冊,component-6728|component-518a,木|冊,2,2,chise-ids-ucs-basic,352e13378e411c322cfa16bfd7a6d21d670d7eca,source-attested,unreviewed,GPL-2.0-or-later
炬,⿰火巨,⿰,left-right,火|巨,component-706b|component-5de8,火|巨,2,2,chise-ids-ucs-basic,352e13378e411c322cfa16bfd7a6d21d670d7eca,source-attested,unreviewed,GPL-2.0-or-later
鞦,⿰革秋,⿰,left-right,革|秋,component-9769|component-79cb,革|秋,2,2,chise-ids-ucs-basic,352e13378e411c322cfa16bfd7a6d21d670d7eca,source-attested,unreviewed,GPL-2.0-or-later
胚,⿰⺼丕,⿰,left-right,⺼|丕,component-2ebc|component-4e15,⺼|丕,2,2,chise-ids-ucs-basic,352e13378e411c322cfa16bfd7a6d21d670d7eca,source-attested,unreviewed,GPL-2.0-or-later
匪,⿷匚非,⿷,surround,匚|非,component-531a|component-975e,匚|非,2,2,chise-ids-ucs-basic,352e13378e411c322cfa16bfd7a6d21d670d7eca,source-attested,unreviewed,GPL-2.0-or-later
哮,⿰口孝,⿰,left-right,口|孝,component-53e3|component-5b5d,口|孝,2,2,chise-ids-ucs-basic,352e13378e411c322cfa16bfd7a6d21d670d7eca,source-attested,unreviewed,GPL-2.0-or-later
娟,⿰女肙,⿰,left-right,女|肙,component-5973|component-8099,女|肙,2,2,chise-ids-ucs-basic,352e13378e411c322cfa16bfd7a6d21d670d7eca,source-attested,unreviewed,GPL-2.0-or-later
恥,⿰耳心,⿰,left-right,耳|心,component-8033|component-5fc3,耳|心,2,2,chise-ids-ucs-basic,352e13378e411c322cfa16bfd7a6d21d670d7eca,source-attested,unreviewed,GPL-2.0-or-later
捂,⿰扌吾,⿰,left-right,扌|吾,component-624c|component-543e,扌|吾,2,2,chise-ids-ucs-basic,352e13378e411c322cfa16bfd7a6d21d670d7eca,source-attested,unreviewed,GPL-2.0-or-later
畚,⿱&GT-K01085;田,⿱,top-bottom,&GT-K01085;|田,component-GT-K01085|component-7530,&GT-K01085;|田,2,2,chise-ids-ucs-basic,352e13378e411c322cfa16bfd7a6d21d670d7eca,source-attested,unreviewed,GPL-2.0-or-later
眩,⿰目玄,⿰,left-right,目|玄,component-76ee|component-7384,目|玄,2,2,chise-ids-ucs-basic,352e13378e411c322cfa16bfd7a6d21d670d7eca,source-attested,unreviewed,GPL-2.0-or-later
衷,⿴衣中,⿴,surround,衣|中,component-8863|component-4e2d,衣|中,2,2,chise-ids-ucs-basic,352e13378e411c322cfa16bfd7a6d21d670d7eca,source-attested,unreviewed,GPL-2.0-or-later
凰,⿵⺇皇,⿵,surround,⺇|皇,component-2e87|component-7687,⺇|皇,2,2,chise-ids-ucs-basic,352e13378e411c322cfa16bfd7a6d21d670d7eca,source-attested,unreviewed,GPL-2.0-or-later
唬,⿰口虎,⿰,left-right,口|虎,component-53e3|component-864e,口|虎,2,2,chise-ids-ucs-basic,352e13378e411c322cfa16bfd7a6d21d670d7eca,source-attested,unreviewed,GPL-2.0-or-later
彗,⿱⿰丰丰彐,⿱,top-bottom,丰|丰|彐,component-4e30|component-4e30|component-5f50,丰|彐,3,2,chise-ids-ucs-basic,352e13378e411c322cfa16bfd7a6d21d670d7eca,source-attested,unreviewed,GPL-2.0-or-later
悴,⿰忄卒,⿰,left-right,忄|卒,component-5fc4|component-5352,忄|卒,2,2,chise-ids-ucs-basic,352e13378e411c322cfa16bfd7a6d21d670d7eca,source-attested,unreviewed,GPL-2.0-or-later
戚,⿵戊尗,⿵,surround,戊|尗,component-620a|component-5c17,戊|尗,2,2,chise-ids-ucs-basic,352e13378e411c322cfa16bfd7a6d21d670d7eca,source-attested,unreviewed,GPL-2.0-or-later
桿,⿰木旱,⿰,left-right,木|旱,component-6728|component-65f1,木|旱,2,2,chise-ids-ucs-basic,352e13378e411c322cfa16bfd7a6d21d670d7eca,source-attested,unreviewed,GPL-2.0-or-later
淒,⿰氵妻,⿰,left-right,氵|妻,component-6c35|component-59bb,氵|妻,2,2,chise-ids-ucs-basic,352e13378e411c322cfa16bfd7a6d21d670d7eca,source-attested,unreviewed,GPL-2.0-or-later
趾,⿰𧾷止,⿰,left-right,𧾷|止,component-27fb7|component-6b62,𧾷|止,2,2,chise-ids-ucs-basic,352e13378e411c322cfa16bfd7a6d21d670d7eca,source-attested,unreviewed,GPL-2.0-or-later
凱,⿰豈几,⿰,left-right,豈|几,component-8c48|component-51e0,豈|几,2,2,chise-ids-ucs-basic,352e13378e411c322cfa16bfd7a6d21d670d7eca,source-attested,unreviewed,GPL-2.0-or-later
勛,⿰員力,⿰,left-right,員|力,component-54e1|component-529b,員|力,2,2,chise-ids-ucs-basic,352e13378e411c322cfa16bfd7a6d21d670d7eca,source-attested,unreviewed,GPL-2.0-or-later
喬,⿱夭⿱口冋,⿱,top-bottom,夭|口|冋,component-592d|component-53e3|component-518b,夭|口|冋,3,3,chise-ids-ucs-basic,352e13378e411c322cfa16bfd7a6d21d670d7eca,source-attested,unreviewed,GPL-2.0-or-later
堯,⿱垚兀,⿱,top-bottom,垚|兀,component-579a|component-5140,垚|兀,2,2,chise-ids-ucs-basic,352e13378e411c322cfa16bfd7a6d21d670d7eca,source-attested,unreviewed,GPL-2.0-or-later
媛,⿰女爰,⿰,left-right,女|爰,component-5973|component-7230,女|爰,2,2,chise-ids-ucs-basic,352e13378e411c322cfa16bfd7a6d21d670d7eca,source-attested,unreviewed,GPL-2.0-or-later
弼,⿴弜百,⿴,surround,弜|百,component-5f1c|component-767e,弜|百,2,2,chise-ids-ucs-basic,352e13378e411c322cfa16bfd7a6d21d670d7eca,source-attested,unreviewed,GPL-2.0-or-later
扉,⿸户非,⿸,surround,户|非,component-6237|component-975e,户|非,2,2,chise-ids-ucs-basic,352e13378e411c322cfa16bfd7a6d21d670d7eca,source-attested,unreviewed,GPL-2.0-or-later
棘,⿰朿朿,⿰,left-right,朿|朿,component-673f|component-673f,朿,2,1,chise-ids-ucs-basic,352e13378e411c322cfa16bfd7a6d21d670d7eca,source-attested,unreviewed,GPL-2.0-or-later
竣,⿰立夋,⿰,left-right,立|夋,component-7acb|component-590b,立|夋,2,2,chise-ids-ucs-basic,352e13378e411c322cfa16bfd7a6d21d670d7eca,source-attested,unreviewed,GPL-2.0-or-later
粥,⿴弜米,⿴,surround,弜|米,component-5f1c|component-7c73,弜|米,2,2,chise-ids-ucs-basic,352e13378e411c322cfa16bfd7a6d21d670d7eca,source-attested,unreviewed,GPL-2.0-or-later
菱,⿱艹夌,⿱,top-bottom,艹|夌,component-8279|component-590c,艹|夌,2,2,chise-ids-ucs-basic,352e13378e411c322cfa16bfd7a6d21d670d7eca,source-attested,unreviewed,GPL-2.0-or-later
鈞,⿰金匀,⿰,left-right,金|匀,component-91d1|component-5300,金|匀,2,2,chise-ids-ucs-basic,352e13378e411c322cfa16bfd7a6d21d670d7eca,source-attested,unreviewed,GPL-2.0-or-later
馮,⿰冫馬,⿰,left-right,冫|馬,component-51ab|component-99ac,冫|馬,2,2,chise-ids-ucs-basic,352e13378e411c322cfa16bfd7a6d21d670d7eca,source-attested,unreviewed,GPL-2.0-or-later
睦,⿰目坴,⿰,left-right,目|坴,component-76ee|component-5774,目|坴,2,2,chise-ids-ucs-basic,352e13378e411c322cfa16bfd7a6d21d670d7eca,source-attested,unreviewed,GPL-2.0-or-later
睬,⿰目采,⿰,left-right,目|采,component-76ee|component-91c7,目|采,2,2,chise-ids-ucs-basic,352e13378e411c322cfa16bfd7a6d21d670d7eca,source-attested,unreviewed,GPL-2.0-or-later
裊,⿱&CDP-8CBB;衣,⿱,top-bottom,&CDP-8CBB;|衣,component-CDP-8CBB|component-8863,&CDP-8CBB;|衣,2,2,chise-ids-ucs-basic,352e13378e411c322cfa16bfd7a6d21d670d7eca,source-attested,unreviewed,GPL-2.0-or-later
酬,⿰酉州,⿰,left-right,酉|州,component-9149|component-5dde,酉|州,2,2,chise-ids-ucs-basic,352e13378e411c322cfa16bfd7a6d21d670d7eca,source-attested,unreviewed,GPL-2.0-or-later
廖,⿸广翏,⿸,surround,广|翏,component-5e7f|component-7fcf,广|翏,2,2,chise-ids-ucs-basic,352e13378e411c322cfa16bfd7a6d21d670d7eca,source-attested,unreviewed,GPL-2.0-or-later
熙,⿱巸灬,⿱,top-bottom,巸|灬,component-5df8|component-706c,巸|灬,2,2,chise-ids-ucs-basic,352e13378e411c322cfa16bfd7a6d21d670d7eca,source-attested,unreviewed,GPL-2.0-or-later
瘓,⿸疒奐,⿸,surround,疒|奐,component-7592|component-5950,疒|奐,2,2,chise-ids-ucs-basic,352e13378e411c322cfa16bfd7a6d21d670d7eca,source-attested,unreviewed,GPL-2.0-or-later
誣,⿰言巫,⿰,left-right,言|巫,component-8a00|component-5deb,言|巫,2,2,chise-ids-ucs-basic,352e13378e411c322cfa16bfd7a6d21d670d7eca,source-attested,unreviewed,GPL-2.0-or-later
遜,⿺辶孫,⿺,surround,辶|孫,component-8fb6|component-5b6b,辶|孫,2,2,chise-ids-ucs-basic,352e13378e411c322cfa16bfd7a6d21d670d7eca,source-attested,unreviewed,GPL-2.0-or-later
颯,⿰立風,⿰,left-right,立|風,component-7acb|component-98a8,立|風,2,2,chise-ids-ucs-basic,352e13378e411c322cfa16bfd7a6d21d670d7eca,source-attested,unreviewed,GPL-2.0-or-later
僻,⿰亻辟,⿰,left-right,亻|辟,component-4ebb|component-8f9f,亻|辟,2,2,chise-ids-ucs-basic,352e13378e411c322cfa16bfd7a6d21d670d7eca,source-attested,unreviewed,GPL-2.0-or-later
幢,⿰巾童,⿰,left-right,巾|童,component-5dfe|component-7ae5,巾|童,2,2,chise-ids-ucs-basic,352e13378e411c322cfa16bfd7a6d21d670d7eca,source-attested,unreviewed,GPL-2.0-or-later
憔,⿰忄焦,⿰,left-right,忄|焦,component-5fc4|component-7126,忄|焦,2,2,chise-ids-ucs-basic,352e13378e411c322cfa16bfd7a6d21d670d7eca,source-attested,unreviewed,GPL-2.0-or-later
撮,⿰扌最,⿰,left-right,扌|最,component-624c|component-6700,扌|最,2,2,chise-ids-ucs-basic,352e13378e411c322cfa16bfd7a6d21d670d7eca,source-attested,unreviewed,GPL-2.0-or-later
潰,⿰氵貴,⿰,left-right,氵|貴,component-6c35|component-8cb4,氵|貴,2,2,chise-ids-ucs-basic,352e13378e411c322cfa16bfd7a6d21d670d7eca,source-attested,unreviewed,GPL-2.0-or-later
澗,⿰氵間,⿰,left-right,氵|間,component-6c35|component-9593,氵|間,2,2,chise-ids-ucs-basic,352e13378e411c322cfa16bfd7a6d21d670d7eca,source-attested,unreviewed,GPL-2.0-or-later
熨,⿱尉火,⿱,top-bottom,尉|火,component-5c09|component-706b,尉|火,2,2,chise-ids-ucs-basic,352e13378e411c322cfa16bfd7a6d21d670d7eca,source-attested,unreviewed,GPL-2.0-or-later
磕,⿰石盍,⿰,left-right,石|盍,component-77f3|component-76cd,石|盍,2,2,chise-ids-ucs-basic,352e13378e411c322cfa16bfd7a6d21d670d7eca,source-attested,unreviewed,GPL-2.0-or-later
膚,⿸虍胃,⿸,surround,虍|胃,component-864d|component-80c3,虍|胃,2,2,chise-ids-ucs-basic,352e13378e411c322cfa16bfd7a6d21d670d7eca,source-attested,unreviewed,GPL-2.0-or-later
蔚,⿱艹尉,⿱,top-bottom,艹|尉,component-8279|component-5c09,艹|尉,2,2,chise-ids-ucs-basic,352e13378e411c322cfa16bfd7a6d21d670d7eca,source-attested,unreviewed,GPL-2.0-or-later
鞏,⿱巩革,⿱,top-bottom,巩|革,component-5de9|component-9769,巩|革,2,2,chise-ids-ucs-basic,352e13378e411c322cfa16bfd7a6d21d670d7eca,source-attested,unreviewed,GPL-2.0-or-later
澡,⿰氵喿,⿰,left-right,氵|喿,component-6c35|component-55bf,氵|喿,2,2,chise-ids-ucs-basic,352e13378e411c322cfa16bfd7a6d21d670d7eca,source-attested,unreviewed,GPL-2.0-or-later
瞥,⿱敝目,⿱,top-bottom,敝|目,component-655d|component-76ee,敝|目,2,2,chise-ids-ucs-basic,352e13378e411c322cfa16bfd7a6d21d670d7eca,source-attested,unreviewed,GPL-2.0-or-later
穆,⿰禾㣎,⿰,left-right,禾|㣎,component-79be|component-38ce,禾|㣎,2,2,chise-ids-ucs-basic,352e13378e411c322cfa16bfd7a6d21d670d7eca,source-attested,unreviewed,GPL-2.0-or-later
篙,⿱竹高,⿱,top-bottom,竹|高,component-7af9|component-9ad8,竹|高,2,2,chise-ids-ucs-basic,352e13378e411c322cfa16bfd7a6d21d670d7eca,source-attested,unreviewed,GPL-2.0-or-later
蕭,⿱艹肅,⿱,top-bottom,艹|肅,component-8279|component-8085,艹|肅,2,2,chise-ids-ucs-basic,352e13378e411c322cfa16bfd7a6d21d670d7eca,source-attested,unreviewed,GPL-2.0-or-later
諜,⿰言枼,⿰,left-right,言|枼,component-8a00|component-67bc,言|枼,2,2,chise-ids-ucs-basic,352e13378e411c322cfa16bfd7a6d21d670d7eca,source-attested,unreviewed,GPL-2.0-or-later
謂,⿰言胃,⿰,left-right,言|胃,component-8a00|component-80c3,言|胃,2,2,chise-ids-ucs-basic,352e13378e411c322cfa16bfd7a6d21d670d7eca,source-attested,unreviewed,GPL-2.0-or-later
孺,⿰子需,⿰,left-right,子|需,component-5b50|component-9700,子|需,2,2,chise-ids-ucs-basic,352e13378e411c322cfa16bfd7a6d21d670d7eca,source-attested,unreviewed,GPL-2.0-or-later
嶽,⿱山獄,⿱,top-bottom,山|獄,component-5c71|component-7344,山|獄,2,2,chise-ids-ucs-basic,352e13378e411c322cfa16bfd7a6d21d670d7eca,source-attested,unreviewed,GPL-2.0-or-later
擘,⿱辟手,⿱,top-bottom,辟|手,component-8f9f|component-624b,辟|手,2,2,chise-ids-ucs-basic,352e13378e411c322cfa16bfd7a6d21d670d7eca,source-attested,unreviewed,GPL-2.0-or-later
斃,⿱敝死,⿱,top-bottom,敝|死,component-655d|component-6b7b,敝|死,2,2,chise-ids-ucs-basic,352e13378e411c322cfa16bfd7a6d21d670d7eca,source-attested,unreviewed,GPL-2.0-or-later
氈,⿰亶毛,⿰,left-right,亶|毛,component-4eb6|component-6bdb,亶|毛,2,2,chise-ids-ucs-basic,352e13378e411c322cfa16bfd7a6d21d670d7eca,source-attested,unreviewed,GPL-2.0-or-later
瞳,⿰目童,⿰,left-right,目|童,component-76ee|component-7ae5,目|童,2,2,chise-ids-ucs-basic,352e13378e411c322cfa16bfd7a6d21d670d7eca,source-attested,unreviewed,GPL-2.0-or-later
瞭,⿰目尞,⿰,left-right,目|尞,component-76ee|component-5c1e,目|尞,2,2,chise-ids-ucs-basic,352e13378e411c322cfa16bfd7a6d21d670d7eca,source-attested,unreviewed,GPL-2.0-or-later
穗,⿰禾惠,⿰,left-right,禾|惠,component-79be|component-60e0,禾|惠,2,2,chise-ids-ucs-basic,352e13378e411c322cfa16bfd7a6d21d670d7eca,source-attested,unreviewed,GPL-2.0-or-later
蕾,⿱艹雷,⿱,top-bottom,艹|雷,component-8279|component-96f7,艹|雷,2,2,chise-ids-ucs-basic,352e13378e411c322cfa16bfd7a6d21d670d7eca,source-attested,unreviewed,GPL-2.0-or-later
竅,⿱穴敫,⿱,top-bottom,穴|敫,component-7a74|component-656b,穴|敫,2,2,chise-ids-ucs-basic,352e13378e411c322cfa16bfd7a6d21d670d7eca,source-attested,unreviewed,GPL-2.0-or-later
簞,⿱竹單,⿱,top-bottom,竹|單,component-7af9|component-55ae,竹|單,2,2,chise-ids-ucs-basic,352e13378e411c322cfa16bfd7a6d21d670d7eca,source-attested,unreviewed,GPL-2.0-or-later
