character,language,reading,usage,word_example,is_default_for_display,source,source_property,review_status
的,yue-HK,dik1,,,false,unicode-unihan-17@17.0.0:kCantonese,kCantonese,source-attested-unreviewed
的,zh-Hant-TW,de,,,false,unicode-unihan-17@17.0.0:kMandarin,kMandarin,source-attested-unreviewed
的,zh-Hant-TW,dì,attested-count:157,,false,unicode-unihan-17@17.0.0:kHanyuPinlu,kHanyuPinlu,source-attested-unreviewed
的,zh-Hant-TW,dí,attested-count:84,,false,unicode-unihan-17@17.0.0:kHanyuPinlu,kHanyuPinlu,source-attested-unreviewed
一,yue-HK,jat1,,,false,unicode-unihan-17@17.0.0:kCantonese,kCantonese,source-attested-unreviewed
一,zh-Hant-TW,yī,,,false,unicode-unihan-17@17.0.0:kMandarin,kMandarin,source-attested-unreviewed
是,yue-HK,si6,,,false,unicode-unihan-17@17.0.0:kCantonese,kCantonese,source-attested-unreviewed
是,zh-Hant-TW,shì,,,false,unicode-unihan-17@17.0.0:kMandarin,kMandarin,source-attested-unreviewed
是,zh-Hant-TW,shi,attested-count:1032,,false,unicode-unihan-17@17.0.0:kHanyuPinlu,kHanyuPinlu,source-attested-unreviewed
是,zh-Hant-TW,tí,,,false,unicode-unihan-17@17.0.0:kHanyuPinyin,kHanyuPinyin,source-attested-unreviewed
了,yue-HK,liu5,,,false,unicode-unihan-17@17.0.0:kCantonese,kCantonese,source-attested-unreviewed
了,zh-Hant-TW,le,,,false,unicode-unihan-17@17.0.0:kMandarin,kMandarin,source-attested-unreviewed
了,zh-Hant-TW,liǎo,attested-count:654,,false,unicode-unihan-17@17.0.0:kHanyuPinlu,kHanyuPinlu,source-attested-unreviewed
了,zh-Hant-TW,liào,attested-count:19,,false,unicode-unihan-17@17.0.0:kHanyuPinlu,kHanyuPinlu,source-attested-unreviewed
個,yue-HK,go3,,,false,unicode-unihan-17@17.0.0:kCantonese,kCantonese,source-attested-unreviewed
個,zh-Hant-TW,gè,,,false,unicode-unihan-17@17.0.0:kMandarin,kMandarin,source-attested-unreviewed
個,zh-Hant-TW,ge,attested-count:1891,,false,unicode-unihan-17@17.0.0:kHanyuPinlu,kHanyuPinlu,source-attested-unreviewed
個,zh-Hant-TW,gě,attested-count:18,,false,unicode-unihan-17@17.0.0:kHanyuPinlu,kHanyuPinlu,source-attested-unreviewed
小,yue-HK,siu2,,,false,unicode-unihan-17@17.0.0:kCantonese,kCantonese,source-attested-unreviewed
小,zh-Hant-TW,xiǎo,,,false,unicode-unihan-17@17.0.0:kMandarin,kMandarin,source-attested-unreviewed
有,yue-HK,jau5,,,false,unicode-unihan-17@17.0.0:kCantonese,kCantonese,source-attested-unreviewed
有,yue-HK,jau6,mandarin-mapping:yòu,,false,unicode-unihan-17@17.0.0:kSMSZD2003Readings,kSMSZD2003Readings,source-attested-unreviewed
有,zh-Hant-TW,yǒu,,,false,unicode-unihan-17@17.0.0:kMandarin,kMandarin,source-attested-unreviewed
有,zh-Hant-TW,yòu,,,false,unicode-unihan-17@17.0.0:kHanyuPinyin,kHanyuPinyin,source-attested-unreviewed
有,zh-Hant-TW,wěi,,,false,unicode-unihan-17@17.0.0:kHanyuPinyin,kHanyuPinyin,source-attested-unreviewed
數,yue-HK,sou3,,,false,unicode-unihan-17@17.0.0:kCantonese,kCantonese,source-attested-unreviewed
數,yue-HK,sou2,mandarin-mapping:shǔ,,false,unicode-unihan-17@17.0.0:kSMSZD2003Readings,kSMSZD2003Readings,source-attested-unreviewed
數,yue-HK,sok3,mandarin-mapping:shuò,,false,unicode-unihan-17@17.0.0:kSMSZD2003Readings,kSMSZD2003Readings,source-attested-unreviewed
數,zh-Hant-TW,shù,,,false,unicode-unihan-17@17.0.0:kMandarin,kMandarin,source-attested-unreviewed
數,zh-Hant-TW,shǔ,attested-count:91,,false,unicode-unihan-17@17.0.0:kHanyuPinlu,kHanyuPinlu,source-attested-unreviewed
數,zh-Hant-TW,shu,attested-count:14,,false,unicode-unihan-17@17.0.0:kHanyuPinlu,kHanyuPinlu,source-attested-unreviewed
數,zh-Hant-TW,shuò,,,false,unicode-unihan-17@17.0.0:kHanyuPinyin,kHanyuPinyin,source-attested-unreviewed
在,yue-HK,zoi6,,,false,unicode-unihan-17@17.0.0:kCantonese,kCantonese,source-attested-unreviewed
在,zh-Hant-TW,zài,,,false,unicode-unihan-17@17.0.0:kMandarin,kMandarin,source-attested-unreviewed
多,yue-HK,do1,,,false,unicode-unihan-17@17.0.0:kCantonese,kCantonese,source-attested-unreviewed
多,zh-Hant-TW,duō,,,false,unicode-unihan-17@17.0.0:kMandarin,kMandarin,source-attested-unreviewed
我,yue-HK,ngo5,,,false,unicode-unihan-17@17.0.0:kCantonese,kCantonese,source-attested-unreviewed
我,zh-Hant-TW,wǒ,,,false,unicode-unihan-17@17.0.0:kMandarin,kMandarin,source-attested-unreviewed
上,yue-HK,soeng6,,,false,unicode-unihan-17@17.0.0:kCantonese,kCantonese,source-attested-unreviewed
上,yue-HK,soeng5,mandarin-mapping:shàng,,false,unicode-unihan-17@17.0.0:kSMSZD2003Readings,kSMSZD2003Readings,source-attested-unreviewed
上,zh-Hant-TW,shàng,,,false,unicode-unihan-17@17.0.0:kMandarin,kMandarin,source-attested-unreviewed
上,zh-Hant-TW,shang,attested-count:392,,false,unicode-unihan-17@17.0.0:kHanyuPinlu,kHanyuPinlu,source-attested-unreviewed
上,zh-Hant-TW,shǎng,,,false,unicode-unihan-17@17.0.0:kHanyuPinyin,kHanyuPinyin,source-attested-unreviewed
人,yue-HK,jan4,,,false,unicode-unihan-17@17.0.0:kCantonese,kCantonese,source-attested-unreviewed
人,zh-Hant-TW,rén,,,false,unicode-unihan-17@17.0.0:kMandarin,kMandarin,source-attested-unreviewed
人,zh-Hant-TW,ren,attested-count:280,,false,unicode-unihan-17@17.0.0:kHanyuPinlu,kHanyuPinlu,source-attested-unreviewed
不,yue-HK,bat1,,,false,unicode-unihan-17@17.0.0:kCantonese,kCantonese,source-attested-unreviewed
不,zh-Hant-TW,bù,,,false,unicode-unihan-17@17.0.0:kMandarin,kMandarin,source-attested-unreviewed
不,zh-Hant-TW,bu,attested-count:555,,false,unicode-unihan-17@17.0.0:kHanyuPinlu,kHanyuPinlu,source-attested-unreviewed
不,zh-Hant-TW,fǒu,,,false,unicode-unihan-17@17.0.0:kHanyuPinyin,kHanyuPinyin,source-attested-unreviewed
不,zh-Hant-TW,fōu,,,false,unicode-unihan-17@17.0.0:kHanyuPinyin,kHanyuPinyin,source-attested-unreviewed
不,zh-Hant-TW,fū,,,false,unicode-unihan-17@17.0.0:kHanyuPinyin,kHanyuPinyin,source-attested-unreviewed
來,yue-HK,loi4,,,false,unicode-unihan-17@17.0.0:kCantonese,kCantonese,source-attested-unreviewed
來,zh-Hant-TW,lái,,,false,unicode-unihan-17@17.0.0:kMandarin,kMandarin,source-attested-unreviewed
來,zh-Hant-TW,lài,,,false,unicode-unihan-17@17.0.0:kHanyuPinyin,kHanyuPinyin,source-attested-unreviewed
少,yue-HK,siu2,,,false,unicode-unihan-17@17.0.0:kCantonese,kCantonese,source-attested-unreviewed
少,yue-HK,siu3,mandarin-mapping:shào,,false,unicode-unihan-17@17.0.0:kSMSZD2003Readings,kSMSZD2003Readings,source-attested-unreviewed
少,zh-Hant-TW,shǎo,,,false,unicode-unihan-17@17.0.0:kMandarin,kMandarin,source-attested-unreviewed
少,zh-Hant-TW,shao,attested-count:362,,false,unicode-unihan-17@17.0.0:kHanyuPinlu,kHanyuPinlu,source-attested-unreviewed
少,zh-Hant-TW,shào,attested-count:323,,false,unicode-unihan-17@17.0.0:kHanyuPinlu,kHanyuPinlu,source-attested-unreviewed
這,yue-HK,ze5,,,false,unicode-unihan-17@17.0.0:kCantonese,kCantonese,source-attested-unreviewed
這,yue-HK,ze3,mandarin-mapping:zhè,,false,unicode-unihan-17@17.0.0:kSMSZD2003Readings,kSMSZD2003Readings,source-attested-unreviewed
這,zh-Hant-TW,zhè,,,false,unicode-unihan-17@17.0.0:kMandarin,kMandarin,source-attested-unreviewed
這,zh-Hant-TW,yàn,,,false,unicode-unihan-17@17.0.0:kHanyuPinyin,kHanyuPinyin,source-attested-unreviewed
這,zh-Hant-TW,zhèi,,,false,unicode-unihan-17@17.0.0:kHanyuPinyin,kHanyuPinyin,source-attested-unreviewed
下,yue-HK,haa6,,,false,unicode-unihan-17@17.0.0:kCantonese,kCantonese,source-attested-unreviewed
下,yue-HK,haa5,mandarin-mapping:xià,,false,unicode-unihan-17@17.0.0:kSMSZD2003Readings,kSMSZD2003Readings,source-attested-unreviewed
下,zh-Hant-TW,xià,,,false,unicode-unihan-17@17.0.0:kMandarin,kMandarin,source-attested-unreviewed
下,zh-Hant-TW,xia,attested-count:249,,false,unicode-unihan-17@17.0.0:kHanyuPinlu,kHanyuPinlu,source-attested-unreviewed
米,yue-HK,mai5,,,false,unicode-unihan-17@17.0.0:kCantonese,kCantonese,source-attested-unreviewed
米,zh-Hant-TW,mǐ,,,false,unicode-unihan-17@17.0.0:kMandarin,kMandarin,source-attested-unreviewed
地,yue-HK,dei6,,,false,unicode-unihan-17@17.0.0:kCantonese,kCantonese,source-attested-unreviewed
地,zh-Hant-TW,de,,,false,unicode-unihan-17@17.0.0:kMandarin,kMandarin,source-attested-unreviewed
地,zh-Hant-TW,dì,,,false,unicode-unihan-17@17.0.0:kMandarin,kMandarin,source-attested-unreviewed
面,yue-HK,min6,,,false,unicode-unihan-17@17.0.0:kCantonese,kCantonese,source-attested-unreviewed
面,zh-Hant-TW,miàn,,,false,unicode-unihan-17@17.0.0:kMandarin,kMandarin,source-attested-unreviewed
面,zh-Hant-TW,mian,attested-count:1300,,false,unicode-unihan-17@17.0.0:kHanyuPinlu,kHanyuPinlu,source-attested-unreviewed
大,yue-HK,daai6,,,false,unicode-unihan-17@17.0.0:kCantonese,kCantonese,source-attested-unreviewed
大,yue-HK,taai3,mandarin-mapping:taì,,false,unicode-unihan-17@17.0.0:kSMSZD2003Readings,kSMSZD2003Readings,source-attested-unreviewed
大,zh-Hant-TW,dà,,,false,unicode-unihan-17@17.0.0:kMandarin,kMandarin,source-attested-unreviewed
大,zh-Hant-TW,dài,attested-count:177,,false,unicode-unihan-17@17.0.0:kHanyuPinlu,kHanyuPinlu,source-attested-unreviewed
大,zh-Hant-TW,tài,,,false,unicode-unihan-17@17.0.0:kHanyuPinyin,kHanyuPinyin,source-attested-unreviewed
分,yue-HK,fan1,,,false,unicode-unihan-17@17.0.0:kCantonese,kCantonese,source-attested-unreviewed
分,yue-HK,fan6,mandarin-mapping:fēn,,false,unicode-unihan-17@17.0.0:kSMSZD2003Readings,kSMSZD2003Readings,source-attested-unreviewed
分,zh-Hant-TW,fēn,,,false,unicode-unihan-17@17.0.0:kMandarin,kMandarin,source-attested-unreviewed
分,zh-Hant-TW,fèn,attested-count:559,,false,unicode-unihan-17@17.0.0:kHanyuPinlu,kHanyuPinlu,source-attested-unreviewed
分,zh-Hant-TW,fen,attested-count:532,,false,unicode-unihan-17@17.0.0:kHanyuPinlu,kHanyuPinlu,source-attested-unreviewed
分,zh-Hant-TW,fén,,,false,unicode-unihan-17@17.0.0:kHanyuPinyin,kHanyuPinyin,source-attested-unreviewed
分,zh-Hant-TW,bàn,,,false,unicode-unihan-17@17.0.0:kHanyuPinyin,kHanyuPinyin,source-attested-unreviewed
們,yue-HK,mun4,,,false,unicode-unihan-17@17.0.0:kCantonese,kCantonese,source-attested-unreviewed
們,zh-Hant-TW,men,,,false,unicode-unihan-17@17.0.0:kMandarin,kMandarin,source-attested-unreviewed
們,zh-Hant-TW,mèn,,,false,unicode-unihan-17@17.0.0:kHanyuPinyin,kHanyuPinyin,source-attested-unreviewed
們,zh-Hant-TW,mén,,,false,unicode-unihan-17@17.0.0:kHanyuPinyin,kHanyuPinyin,source-attested-unreviewed
用,yue-HK,jung6,,,false,unicode-unihan-17@17.0.0:kCantonese,kCantonese,source-attested-unreviewed
用,zh-Hant-TW,yòng,,,false,unicode-unihan-17@17.0.0:kMandarin,kMandarin,source-attested-unreviewed
用,zh-Hant-TW,yong,attested-count:28,,false,unicode-unihan-17@17.0.0:kHanyuPinlu,kHanyuPinlu,source-attested-unreviewed
中,yue-HK,zung1,,,false,unicode-unihan-17@17.0.0:kCantonese,kCantonese,source-attested-unreviewed
中,zh-Hant-TW,zhōng,,,false,unicode-unihan-17@17.0.0:kMandarin,kMandarin,source-attested-unreviewed
中,zh-Hant-TW,zhòng,attested-count:66,,false,unicode-unihan-17@17.0.0:kHanyuPinlu,kHanyuPinlu,source-attested-unreviewed
出,yue-HK,ceot1,,,false,unicode-unihan-17@17.0.0:kCantonese,kCantonese,source-attested-unreviewed
出,zh-Hant-TW,chū,,,false,unicode-unihan-17@17.0.0:kMandarin,kMandarin,source-attested-unreviewed
和,yue-HK,wo4,,,false,unicode-unihan-17@17.0.0:kCantonese,kCantonese,source-attested-unreviewed
和,yue-HK,wo6,mandarin-mapping:hè,,false,unicode-unihan-17@17.0.0:kSMSZD2003Readings,kSMSZD2003Readings,source-attested-unreviewed
和,yue-HK,wu2,mandarin-mapping:hú,,false,unicode-unihan-17@17.0.0:kSMSZD2003Readings,kSMSZD2003Readings,source-attested-unreviewed
和,zh-Hant-TW,hé,,,false,unicode-unihan-17@17.0.0:kMandarin,kMandarin,source-attested-unreviewed
和,zh-Hant-TW,huo,attested-count:38,,false,unicode-unihan-17@17.0.0:kHanyuPinlu,kHanyuPinlu,source-attested-unreviewed
和,zh-Hant-TW,he,attested-count:24,,false,unicode-unihan-17@17.0.0:kHanyuPinlu,kHanyuPinlu,source-attested-unreviewed
和,zh-Hant-TW,hè,attested-count:9,,false,unicode-unihan-17@17.0.0:kHanyuPinlu,kHanyuPinlu,source-attested-unreviewed
和,zh-Hant-TW,huò,,,false,unicode-unihan-17@17.0.0:kHanyuPinyin,kHanyuPinyin,source-attested-unreviewed
和,zh-Hant-TW,huó,,,false,unicode-unihan-17@17.0.0:kHanyuPinyin,kHanyuPinyin,source-attested-unreviewed
和,zh-Hant-TW,hú,,,false,unicode-unihan-17@17.0.0:kHanyuPinyin,kHanyuPinyin,source-attested-unreviewed
說,yue-HK,syut3,,,false,unicode-unihan-17@17.0.0:kCantonese,kCantonese,source-attested-unreviewed
說,zh-Hant-TW,shuō,,,false,unicode-unihan-17@17.0.0:kMandarin,kMandarin,source-attested-unreviewed
麼,yue-HK,mo1,,,false,unicode-unihan-17@17.0.0:kCantonese,kCantonese,source-attested-unreviewed
麼,zh-Hant-TW,me,,,false,unicode-unihan-17@17.0.0:kMandarin,kMandarin,source-attested-unreviewed
子,yue-HK,zi2,,,false,unicode-unihan-17@17.0.0:kCantonese,kCantonese,source-attested-unreviewed
子,zh-Hant-TW,zǐ,,,false,unicode-unihan-17@17.0.0:kMandarin,kMandarin,source-attested-unreviewed
子,zh-Hant-TW,zi,attested-count:6853,,false,unicode-unihan-17@17.0.0:kHanyuPinlu,kHanyuPinlu,source-attested-unreviewed
到,yue-HK,dou3,,,false,unicode-unihan-17@17.0.0:kCantonese,kCantonese,source-attested-unreviewed
到,zh-Hant-TW,dào,,,false,unicode-unihan-17@17.0.0:kMandarin,kMandarin,source-attested-unreviewed
到,zh-Hant-TW,dao,attested-count:18,,false,unicode-unihan-17@17.0.0:kHanyuPinlu,kHanyuPinlu,source-attested-unreviewed
時,yue-HK,si4,,,false,unicode-unihan-17@17.0.0:kCantonese,kCantonese,source-attested-unreviewed
時,zh-Hant-TW,shí,,,false,unicode-unihan-17@17.0.0:kMandarin,kMandarin,source-attested-unreviewed
著,yue-HK,zyu3,,,false,unicode-unihan-17@17.0.0:kCantonese,kCantonese,source-attested-unreviewed
著,yue-HK,zoek6,mandarin-mapping:zhuó,,false,unicode-unihan-17@17.0.0:kSMSZD2003Readings,kSMSZD2003Readings,source-attested-unreviewed
著,yue-HK,zoek3,mandarin-mapping:zhuó,,false,unicode-unihan-17@17.0.0:kSMSZD2003Readings,kSMSZD2003Readings,source-attested-unreviewed
著,zh-Hant-TW,zhù,,,false,unicode-unihan-17@17.0.0:kMandarin,kMandarin,source-attested-unreviewed
著,zh-Hant-TW,zhe,,,false,unicode-unihan-17@17.0.0:kMandarin,kMandarin,source-attested-unreviewed
著,zh-Hant-TW,zháo,attested-count:545,,false,unicode-unihan-17@17.0.0:kHanyuPinlu,kHanyuPinlu,source-attested-unreviewed
著,zh-Hant-TW,zhuó,attested-count:125,,false,unicode-unihan-17@17.0.0:kHanyuPinlu,kHanyuPinlu,source-attested-unreviewed
著,zh-Hant-TW,zhāo,attested-count:15,,false,unicode-unihan-17@17.0.0:kHanyuPinlu,kHanyuPinlu,source-attested-unreviewed
著,zh-Hant-TW,chú,,,false,unicode-unihan-17@17.0.0:kHanyuPinyin,kHanyuPinyin,source-attested-unreviewed
天,yue-HK,tin1,,,false,unicode-unihan-17@17.0.0:kCantonese,kCantonese,source-attested-unreviewed
天,zh-Hant-TW,tiān,,,false,unicode-unihan-17@17.0.0:kMandarin,kMandarin,source-attested-unreviewed
天,zh-Hant-TW,tian,attested-count:64,,false,unicode-unihan-17@17.0.0:kHanyuPinlu,kHanyuPinlu,source-attested-unreviewed
要,yue-HK,jiu3,,,false,unicode-unihan-17@17.0.0:kCantonese,kCantonese,source-attested-unreviewed
要,yue-HK,jiu1,mandarin-mapping:yāo,,false,unicode-unihan-17@17.0.0:kSMSZD2003Readings,kSMSZD2003Readings,source-attested-unreviewed
要,zh-Hant-TW,yào,,,false,unicode-unihan-17@17.0.0:kMandarin,kMandarin,source-attested-unreviewed
要,zh-Hant-TW,yāo,attested-count:456,,false,unicode-unihan-17@17.0.0:kHanyuPinlu,kHanyuPinlu,source-attested-unreviewed
要,zh-Hant-TW,yǎo,,,false,unicode-unihan-17@17.0.0:kHanyuPinyin,kHanyuPinyin,source-attested-unreviewed
他,yue-HK,taa1,,,false,unicode-unihan-17@17.0.0:kCantonese,kCantonese,source-attested-unreviewed
他,zh-Hant-TW,tā,,,false,unicode-unihan-17@17.0.0:kMandarin,kMandarin,source-attested-unreviewed
他,zh-Hant-TW,tuó,,,false,unicode-unihan-17@17.0.0:kHanyuPinyin,kHanyuPinyin,source-attested-unreviewed
學,yue-HK,hok6,,,false,unicode-unihan-17@17.0.0:kCantonese,kCantonese,source-attested-unreviewed
學,zh-Hant-TW,xué,,,false,unicode-unihan-17@17.0.0:kMandarin,kMandarin,source-attested-unreviewed
學,zh-Hant-TW,huá,,,false,unicode-unihan-17@17.0.0:kHanyuPinyin,kHanyuPinyin,source-attested-unreviewed
學,zh-Hant-TW,jiào,,,false,unicode-unihan-17@17.0.0:kHanyuPinyin,kHanyuPinyin,source-attested-unreviewed
把,yue-HK,baa2,,,false,unicode-unihan-17@17.0.0:kCantonese,kCantonese,source-attested-unreviewed
把,zh-Hant-TW,bǎ,,,false,unicode-unihan-17@17.0.0:kMandarin,kMandarin,source-attested-unreviewed
把,zh-Hant-TW,bà,,,false,unicode-unihan-17@17.0.0:kHanyuPinyin,kHanyuPinyin,source-attested-unreviewed
把,zh-Hant-TW,pá,,,false,unicode-unihan-17@17.0.0:kHanyuPinyin,kHanyuPinyin,source-attested-unreviewed
方,yue-HK,fong1,,,false,unicode-unihan-17@17.0.0:kCantonese,kCantonese,source-attested-unreviewed
方,zh-Hant-TW,fāng,,,false,unicode-unihan-17@17.0.0:kMandarin,kMandarin,source-attested-unreviewed
方,zh-Hant-TW,fang,attested-count:733,,false,unicode-unihan-17@17.0.0:kHanyuPinlu,kHanyuPinlu,source-attested-unreviewed
方,zh-Hant-TW,fáng,,,false,unicode-unihan-17@17.0.0:kHanyuPinyin,kHanyuPinyin,source-attested-unreviewed
方,zh-Hant-TW,fǎng,,,false,unicode-unihan-17@17.0.0:kHanyuPinyin,kHanyuPinyin,source-attested-unreviewed
方,zh-Hant-TW,páng,,,false,unicode-unihan-17@17.0.0:kHanyuPinyin,kHanyuPinyin,source-attested-unreviewed
方,zh-Hant-TW,wǎng,,,false,unicode-unihan-17@17.0.0:kHanyuPinyin,kHanyuPinyin,source-attested-unreviewed
方,zh-Hant-TW,fēng,,,false,unicode-unihan-17@17.0.0:kHanyuPinyin,kHanyuPinyin,source-attested-unreviewed
想,yue-HK,soeng2,,,false,unicode-unihan-17@17.0.0:kCantonese,kCantonese,source-attested-unreviewed
想,zh-Hant-TW,xiǎng,,,false,unicode-unihan-17@17.0.0:kMandarin,kMandarin,source-attested-unreviewed
你,yue-HK,nei5,,,false,unicode-unihan-17@17.0.0:kCantonese,kCantonese,source-attested-unreviewed
你,zh-Hant-TW,nǐ,,,false,unicode-unihan-17@17.0.0:kMandarin,kMandarin,source-attested-unreviewed
每,yue-HK,mui5,,,false,unicode-unihan-17@17.0.0:kCantonese,kCantonese,source-attested-unreviewed
每,zh-Hant-TW,měi,,,false,unicode-unihan-17@17.0.0:kMandarin,kMandarin,source-attested-unreviewed
看,yue-HK,hon1,,,false,unicode-unihan-17@17.0.0:kCantonese,kCantonese,source-attested-unreviewed
看,yue-HK,hon3,mandarin-mapping:kàn,,false,unicode-unihan-17@17.0.0:kSMSZD2003Readings,kSMSZD2003Readings,source-attested-unreviewed
看,zh-Hant-TW,kàn,,,false,unicode-unihan-17@17.0.0:kMandarin,kMandarin,source-attested-unreviewed
看,zh-Hant-TW,kān,attested-count:66,,false,unicode-unihan-17@17.0.0:kHanyuPinlu,kHanyuPinlu,source-attested-unreviewed
長,yue-HK,coeng4,,,false,unicode-unihan-17@17.0.0:kCantonese,kCantonese,source-attested-unreviewed
長,yue-HK,zoeng6,mandarin-mapping:zhàng,,false,unicode-unihan-17@17.0.0:kSMSZD2003Readings,kSMSZD2003Readings,source-attested-unreviewed
長,zh-Hant-TW,zhǎng,,,false,unicode-unihan-17@17.0.0:kMandarin,kMandarin,source-attested-unreviewed
長,zh-Hant-TW,cháng,attested-count:1179,,false,unicode-unihan-17@17.0.0:kHanyuPinlu,kHanyuPinlu,source-attested-unreviewed
長,zh-Hant-TW,zhàng,,,false,unicode-unihan-17@17.0.0:kHanyuPinyin,kHanyuPinyin,source-attested-unreviewed
國,yue-HK,gwok3,,,false,unicode-unihan-17@17.0.0:kCantonese,kCantonese,source-attested-unreviewed
國,zh-Hant-TW,guó,,,false,unicode-unihan-17@17.0.0:kMandarin,kMandarin,source-attested-unreviewed
以,yue-HK,ji5,,,false,unicode-unihan-17@17.0.0:kCantonese,kCantonese,source-attested-unreviewed
以,zh-Hant-TW,yǐ,,,false,unicode-unihan-17@17.0.0:kMandarin,kMandarin,source-attested-unreviewed
以,zh-Hant-TW,sì,,,false,unicode-unihan-17@17.0.0:kHanyuPinyin,kHanyuPinyin,source-attested-unreviewed
算,yue-HK,syun3,,,false,unicode-unihan-17@17.0.0:kCantonese,kCantonese,source-attested-unreviewed
算,zh-Hant-TW,suàn,,,false,unicode-unihan-17@17.0.0:kMandarin,kMandarin,source-attested-unreviewed
算,zh-Hant-TW,suan,attested-count:103,,false,unicode-unihan-17@17.0.0:kHanyuPinlu,kHanyuPinlu,source-attested-unreviewed
什,yue-HK,sap6,,,false,unicode-unihan-17@17.0.0:kCantonese,kCantonese,source-attested-unreviewed
什,yue-HK,zaap6,mandarin-mapping:shí,,false,unicode-unihan-17@17.0.0:kSMSZD2003Readings,kSMSZD2003Readings,source-attested-unreviewed
什,yue-HK,sam6,mandarin-mapping:shén,,false,unicode-unihan-17@17.0.0:kSMSZD2003Readings,kSMSZD2003Readings,source-attested-unreviewed
什,zh-Hant-TW,shén,,,false,unicode-unihan-17@17.0.0:kMandarin,kMandarin,source-attested-unreviewed
什,zh-Hant-TW,shen,attested-count:17,,false,unicode-unihan-17@17.0.0:kHanyuPinlu,kHanyuPinlu,source-attested-unreviewed
什,zh-Hant-TW,shí,,,false,unicode-unihan-17@17.0.0:kHanyuPinyin,kHanyuPinyin,source-attested-unreviewed
成,yue-HK,sing4,,,false,unicode-unihan-17@17.0.0:kCantonese,kCantonese,source-attested-unreviewed
成,zh-Hant-TW,chéng,,,false,unicode-unihan-17@17.0.0:kMandarin,kMandarin,source-attested-unreviewed
成,zh-Hant-TW,cheng,attested-count:17,,false,unicode-unihan-17@17.0.0:kHanyuPinlu,kHanyuPinlu,source-attested-unreviewed
年,yue-HK,nin4,,,false,unicode-unihan-17@17.0.0:kCantonese,kCantonese,source-attested-unreviewed
年,zh-Hant-TW,nián,,,false,unicode-unihan-17@17.0.0:kMandarin,kMandarin,source-attested-unreviewed
年,zh-Hant-TW,nìng,,,false,unicode-unihan-17@17.0.0:kHanyuPinyin,kHanyuPinyin,source-attested-unreviewed
千,yue-HK,cin1,,,false,unicode-unihan-17@17.0.0:kCantonese,kCantonese,source-attested-unreviewed
千,zh-Hant-TW,qiān,,,false,unicode-unihan-17@17.0.0:kMandarin,kMandarin,source-attested-unreviewed
生,yue-HK,sang1,,,false,unicode-unihan-17@17.0.0:kCantonese,kCantonese,source-attested-unreviewed
生,yue-HK,saang1,mandarin-mapping:shēng,,false,unicode-unihan-17@17.0.0:kSMSZD2003Readings,kSMSZD2003Readings,source-attested-unreviewed
生,zh-Hant-TW,shēng,,,false,unicode-unihan-17@17.0.0:kMandarin,kMandarin,source-attested-unreviewed
生,zh-Hant-TW,sheng,attested-count:1071,,false,unicode-unihan-17@17.0.0:kHanyuPinlu,kHanyuPinlu,source-attested-unreviewed
就,yue-HK,zau6,,,false,unicode-unihan-17@17.0.0:kCantonese,kCantonese,source-attested-unreviewed
就,zh-Hant-TW,jiù,,,false,unicode-unihan-17@17.0.0:kMandarin,kMandarin,source-attested-unreviewed
樣,yue-HK,joeng6,,,false,unicode-unihan-17@17.0.0:kCantonese,kCantonese,source-attested-unreviewed
樣,zh-Hant-TW,yàng,,,false,unicode-unihan-17@17.0.0:kMandarin,kMandarin,source-attested-unreviewed
樣,zh-Hant-TW,xiàng,,,false,unicode-unihan-17@17.0.0:kHanyuPinyin,kHanyuPinyin,source-attested-unreviewed
同,yue-HK,tung4,,,false,unicode-unihan-17@17.0.0:kCantonese,kCantonese,source-attested-unreviewed
同,zh-Hant-TW,tóng,,,false,unicode-unihan-17@17.0.0:kMandarin,kMandarin,source-attested-unreviewed
同,zh-Hant-TW,tong,attested-count:34,,false,unicode-unihan-17@17.0.0:kHanyuPinlu,kHanyuPinlu,source-attested-unreviewed
同,zh-Hant-TW,tòng,attested-count:17,,false,unicode-unihan-17@17.0.0:kHanyuPinlu,kHanyuPinlu,source-attested-unreviewed
兩,yue-HK,loeng5,,,false,unicode-unihan-17@17.0.0:kCantonese,kCantonese,source-attested-unreviewed
兩,yue-HK,loeng2,mandarin-mapping:liǎng,,false,unicode-unihan-17@17.0.0:kSMSZD2003Readings,kSMSZD2003Readings,source-attested-unreviewed
兩,zh-Hant-TW,liǎng,,,false,unicode-unihan-17@17.0.0:kMandarin,kMandarin,source-attested-unreviewed
兩,zh-Hant-TW,liàng,,,false,unicode-unihan-17@17.0.0:kHanyuPinyin,kHanyuPinyin,source-attested-unreviewed
得,yue-HK,dak1,,,false,unicode-unihan-17@17.0.0:kCantonese,kCantonese,source-attested-unreviewed
得,zh-Hant-TW,dé,,,false,unicode-unihan-17@17.0.0:kMandarin,kMandarin,source-attested-unreviewed
得,zh-Hant-TW,de,attested-count:5096,,false,unicode-unihan-17@17.0.0:kHanyuPinlu,kHanyuPinlu,source-attested-unreviewed
得,zh-Hant-TW,děi,attested-count:637,,false,unicode-unihan-17@17.0.0:kHanyuPinlu,kHanyuPinlu,source-attested-unreviewed
去,yue-HK,heoi3,,,false,unicode-unihan-17@17.0.0:kCantonese,kCantonese,source-attested-unreviewed
去,zh-Hant-TW,qù,,,false,unicode-unihan-17@17.0.0:kMandarin,kMandarin,source-attested-unreviewed
去,zh-Hant-TW,qū,,,false,unicode-unihan-17@17.0.0:kHanyuPinyin,kHanyuPinyin,source-attested-unreviewed
三,yue-HK,saam1,,,false,unicode-unihan-17@17.0.0:kCantonese,kCantonese,source-attested-unreviewed
三,yue-HK,saam3,"mandarin-mapping:sān,sàn",,false,unicode-unihan-17@17.0.0:kSMSZD2003Readings,kSMSZD2003Readings,source-attested-unreviewed
三,zh-Hant-TW,sān,,,false,unicode-unihan-17@17.0.0:kMandarin,kMandarin,source-attested-unreviewed
二,yue-HK,ji6,,,false,unicode-unihan-17@17.0.0:kCantonese,kCantonese,source-attested-unreviewed
二,zh-Hant-TW,èr,,,false,unicode-unihan-17@17.0.0:kMandarin,kMandarin,source-attested-unreviewed
為,yue-HK,wai4,,,false,unicode-unihan-17@17.0.0:kCantonese,kCantonese,source-attested-unreviewed
為,yue-HK,wai6,mandarin-mapping:wèi,,false,unicode-unihan-17@17.0.0:kSMSZD2003Readings,kSMSZD2003Readings,source-attested-unreviewed
為,zh-Hant-TW,wèi,,,false,unicode-unihan-17@17.0.0:kMandarin,kMandarin,source-attested-unreviewed
為,zh-Hant-TW,wéi,attested-count:2433,,false,unicode-unihan-17@17.0.0:kHanyuPinlu,kHanyuPinlu,source-attested-unreviewed
可,yue-HK,ho2,,,false,unicode-unihan-17@17.0.0:kCantonese,kCantonese,source-attested-unreviewed
可,yue-HK,hak1,mandarin-mapping:kè,,false,unicode-unihan-17@17.0.0:kSMSZD2003Readings,kSMSZD2003Readings,source-attested-unreviewed
可,zh-Hant-TW,kě,,,false,unicode-unihan-17@17.0.0:kMandarin,kMandarin,source-attested-unreviewed
可,zh-Hant-TW,gē,,,false,unicode-unihan-17@17.0.0:kHanyuPinyin,kHanyuPinyin,source-attested-unreviewed
可,zh-Hant-TW,kè,,,false,unicode-unihan-17@17.0.0:kHanyuPinyin,kHanyuPinyin,source-attested-unreviewed
讀,yue-HK,duk6,,,false,unicode-unihan-17@17.0.0:kCantonese,kCantonese,source-attested-unreviewed
讀,yue-HK,dau6,mandarin-mapping:dòu,,false,unicode-unihan-17@17.0.0:kSMSZD2003Readings,kSMSZD2003Readings,source-attested-unreviewed
讀,zh-Hant-TW,dú,,,false,unicode-unihan-17@17.0.0:kMandarin,kMandarin,source-attested-unreviewed
讀,zh-Hant-TW,dòu,,,false,unicode-unihan-17@17.0.0:kHanyuPinyin,kHanyuPinyin,source-attested-unreviewed
起,yue-HK,hei2,,,false,unicode-unihan-17@17.0.0:kCantonese,kCantonese,source-attested-unreviewed
起,zh-Hant-TW,qǐ,,,false,unicode-unihan-17@17.0.0:kMandarin,kMandarin,source-attested-unreviewed
寫,yue-HK,se2,,,false,unicode-unihan-17@17.0.0:kCantonese,kCantonese,source-attested-unreviewed
寫,zh-Hant-TW,xiě,,,false,unicode-unihan-17@17.0.0:kMandarin,kMandarin,source-attested-unreviewed
寫,zh-Hant-TW,xiè,,,false,unicode-unihan-17@17.0.0:kHanyuPinyin,kHanyuPinyin,source-attested-unreviewed
幾,yue-HK,gei2,,,false,unicode-unihan-17@17.0.0:kCantonese,kCantonese,source-attested-unreviewed
幾,yue-HK,gei1,mandarin-mapping:jī,,false,unicode-unihan-17@17.0.0:kSMSZD2003Readings,kSMSZD2003Readings,source-attested-unreviewed
幾,zh-Hant-TW,jǐ,,,false,unicode-unihan-17@17.0.0:kMandarin,kMandarin,source-attested-unreviewed
幾,zh-Hant-TW,jī,,,false,unicode-unihan-17@17.0.0:kHanyuPinyin,kHanyuPinyin,source-attested-unreviewed
幾,zh-Hant-TW,jì,,,false,unicode-unihan-17@17.0.0:kHanyuPinyin,kHanyuPinyin,source-attested-unreviewed
幾,zh-Hant-TW,qí,,,false,unicode-unihan-17@17.0.0:kHanyuPinyin,kHanyuPinyin,source-attested-unreviewed
做,yue-HK,zou6,,,false,unicode-unihan-17@17.0.0:kCantonese,kCantonese,source-attested-unreviewed
做,zh-Hant-TW,zuò,,,false,unicode-unihan-17@17.0.0:kMandarin,kMandarin,source-attested-unreviewed
十,yue-HK,sap6,,,false,unicode-unihan-17@17.0.0:kCantonese,kCantonese,source-attested-unreviewed
十,zh-Hant-TW,shí,,,false,unicode-unihan-17@17.0.0:kMandarin,kMandarin,source-attested-unreviewed
第,yue-HK,dai6,,,false,unicode-unihan-17@17.0.0:kCantonese,kCantonese,source-attested-unreviewed
第,zh-Hant-TW,dì,,,false,unicode-unihan-17@17.0.0:kMandarin,kMandarin,source-attested-unreviewed
好,yue-HK,hou2,,,false,unicode-unihan-17@17.0.0:kCantonese,kCantonese,source-attested-unreviewed
好,yue-HK,hou3,mandarin-mapping:hào,,false,unicode-unihan-17@17.0.0:kSMSZD2003Readings,kSMSZD2003Readings,source-attested-unreviewed
好,zh-Hant-TW,hǎo,,,false,unicode-unihan-17@17.0.0:kMandarin,kMandarin,source-attested-unreviewed
好,zh-Hant-TW,hāo,attested-count:142,,false,unicode-unihan-17@17.0.0:kHanyuPinlu,kHanyuPinlu,source-attested-unreviewed
好,zh-Hant-TW,hào,attested-count:115,,false,unicode-unihan-17@17.0.0:kHanyuPinlu,kHanyuPinlu,source-attested-unreviewed
動,yue-HK,dung6,,,false,unicode-unihan-17@17.0.0:kCantonese,kCantonese,source-attested-unreviewed
動,zh-Hant-TW,dòng,,,false,unicode-unihan-17@17.0.0:kMandarin,kMandarin,source-attested-unreviewed
作,yue-HK,zok3,,,false,unicode-unihan-17@17.0.0:kCantonese,kCantonese,source-attested-unreviewed
作,zh-Hant-TW,zuò,,,false,unicode-unihan-17@17.0.0:kMandarin,kMandarin,source-attested-unreviewed
作,zh-Hant-TW,zuō,,,false,unicode-unihan-17@17.0.0:kHanyuPinyin,kHanyuPinyin,source-attested-unreviewed
作,zh-Hant-TW,zuó,,,false,unicode-unihan-17@17.0.0:kHanyuPinyin,kHanyuPinyin,source-attested-unreviewed
家,yue-HK,gaa1,,,false,unicode-unihan-17@17.0.0:kCantonese,kCantonese,source-attested-unreviewed
家,yue-HK,gaa3,mandarin-mapping:jie,,false,unicode-unihan-17@17.0.0:kSMSZD2003Readings,kSMSZD2003Readings,source-attested-unreviewed
家,yue-HK,gu1,mandarin-mapping:gū,,false,unicode-unihan-17@17.0.0:kSMSZD2003Readings,kSMSZD2003Readings,source-attested-unreviewed
家,zh-Hant-TW,jiā,,,false,unicode-unihan-17@17.0.0:kMandarin,kMandarin,source-attested-unreviewed
家,zh-Hant-TW,jia,attested-count:461,,false,unicode-unihan-17@17.0.0:kHanyuPinlu,kHanyuPinlu,source-attested-unreviewed
家,zh-Hant-TW,jià,,,false,unicode-unihan-17@17.0.0:kHanyuPinyin,kHanyuPinyin,source-attested-unreviewed
家,zh-Hant-TW,jie,,,false,unicode-unihan-17@17.0.0:kHanyuPinyin,kHanyuPinyin,source-attested-unreviewed
家,zh-Hant-TW,gū,,,false,unicode-unihan-17@17.0.0:kHanyuPinyin,kHanyuPinyin,source-attested-unreviewed
比,yue-HK,bei2,,,false,unicode-unihan-17@17.0.0:kCantonese,kCantonese,source-attested-unreviewed
比,yue-HK,bei6,"mandarin-mapping:bǐ,bì",,false,unicode-unihan-17@17.0.0:kSMSZD2003Readings,kSMSZD2003Readings,source-attested-unreviewed
比,zh-Hant-TW,bǐ,,,false,unicode-unihan-17@17.0.0:kMandarin,kMandarin,source-attested-unreviewed
比,zh-Hant-TW,bì,,,false,unicode-unihan-17@17.0.0:kHanyuPinyin,kHanyuPinyin,source-attested-unreviewed
比,zh-Hant-TW,pí,,,false,unicode-unihan-17@17.0.0:kHanyuPinyin,kHanyuPinyin,source-attested-unreviewed
比,zh-Hant-TW,pǐ,,,false,unicode-unihan-17@17.0.0:kHanyuPinyin,kHanyuPinyin,source-attested-unreviewed
後,yue-HK,hau6,,,false,unicode-unihan-17@17.0.0:kCantonese,kCantonese,source-attested-unreviewed
後,zh-Hant-TW,hòu,,,false,unicode-unihan-17@17.0.0:kMandarin,kMandarin,source-attested-unreviewed
還,yue-HK,waan4,,,false,unicode-unihan-17@17.0.0:kCantonese,kCantonese,source-attested-unreviewed
還,zh-Hant-TW,hái,,,false,unicode-unihan-17@17.0.0:kMandarin,kMandarin,source-attested-unreviewed
還,zh-Hant-TW,huán,attested-count:103,,false,unicode-unihan-17@17.0.0:kHanyuPinlu,kHanyuPinlu,source-attested-unreviewed
還,zh-Hant-TW,xuán,,,false,unicode-unihan-17@17.0.0:kHanyuPinyin,kHanyuPinyin,source-attested-unreviewed
過,yue-HK,gwo3,,,false,unicode-unihan-17@17.0.0:kCantonese,kCantonese,source-attested-unreviewed
過,yue-HK,gwo1,mandarin-mapping:guō,,false,unicode-unihan-17@17.0.0:kSMSZD2003Readings,kSMSZD2003Readings,source-attested-unreviewed
過,zh-Hant-TW,guò,,,false,unicode-unihan-17@17.0.0:kMandarin,kMandarin,source-attested-unreviewed
過,zh-Hant-TW,guo,attested-count:1222,,false,unicode-unihan-17@17.0.0:kHanyuPinlu,kHanyuPinlu,source-attested-unreviewed
過,zh-Hant-TW,guō,,,false,unicode-unihan-17@17.0.0:kHanyuPinyin,kHanyuPinyin,source-attested-unreviewed
過,zh-Hant-TW,huò,,,false,unicode-unihan-17@17.0.0:kHanyuPinyin,kHanyuPinyin,source-attested-unreviewed
位,yue-HK,wai6,,,false,unicode-unihan-17@17.0.0:kCantonese,kCantonese,source-attested-unreviewed
位,zh-Hant-TW,wèi,,,false,unicode-unihan-17@17.0.0:kMandarin,kMandarin,source-attested-unreviewed
位,zh-Hant-TW,lì,,,false,unicode-unihan-17@17.0.0:kHanyuPinyin,kHanyuPinyin,source-attested-unreviewed
水,yue-HK,seoi2,,,false,unicode-unihan-17@17.0.0:kCantonese,kCantonese,source-attested-unreviewed
水,zh-Hant-TW,shuǐ,,,false,unicode-unihan-17@17.0.0:kMandarin,kMandarin,source-attested-unreviewed
行,yue-HK,hang4,,,false,unicode-unihan-17@17.0.0:kCantonese,kCantonese,source-attested-unreviewed
行,yue-HK,hang6,"mandarin-mapping:xíng,xìng",,false,unicode-unihan-17@17.0.0:kSMSZD2003Readings,kSMSZD2003Readings,source-attested-unreviewed
行,yue-HK,hong4,mandarin-mapping:háng,,false,unicode-unihan-17@17.0.0:kSMSZD2003Readings,kSMSZD2003Readings,source-attested-unreviewed
行,zh-Hant-TW,xíng,,,false,unicode-unihan-17@17.0.0:kMandarin,kMandarin,source-attested-unreviewed
行,zh-Hant-TW,háng,attested-count:218,,false,unicode-unihan-17@17.0.0:kHanyuPinlu,kHanyuPinlu,source-attested-unreviewed
行,zh-Hant-TW,xìng,,,false,unicode-unihan-17@17.0.0:kHanyuPinyin,kHanyuPinyin,source-attested-unreviewed
行,zh-Hant-TW,hàng,,,false,unicode-unihan-17@17.0.0:kHanyuPinyin,kHanyuPinyin,source-attested-unreviewed
行,zh-Hant-TW,héng,,,false,unicode-unihan-17@17.0.0:kHanyuPinyin,kHanyuPinyin,source-attested-unreviewed
能,yue-HK,nang4,,,false,unicode-unihan-17@17.0.0:kCantonese,kCantonese,source-attested-unreviewed
能,zh-Hant-TW,néng,,,false,unicode-unihan-17@17.0.0:kMandarin,kMandarin,source-attested-unreviewed
能,zh-Hant-TW,tái,,,false,unicode-unihan-17@17.0.0:kHanyuPinyin,kHanyuPinyin,source-attested-unreviewed
能,zh-Hant-TW,nái,,,false,unicode-unihan-17@17.0.0:kHanyuPinyin,kHanyuPinyin,source-attested-unreviewed
能,zh-Hant-TW,nài,,,false,unicode-unihan-17@17.0.0:kHanyuPinyin,kHanyuPinyin,source-attested-unreviewed
能,zh-Hant-TW,xióng,,,false,unicode-unihan-17@17.0.0:kHanyuPinyin,kHanyuPinyin,source-attested-unreviewed
它,yue-HK,taa1,,,false,unicode-unihan-17@17.0.0:kCantonese,kCantonese,source-attested-unreviewed
它,yue-HK,to1,"mandarin-mapping:tā,tuō",,false,unicode-unihan-17@17.0.0:kSMSZD2003Readings,kSMSZD2003Readings,source-attested-unreviewed
它,zh-Hant-TW,tā,,,false,unicode-unihan-17@17.0.0:kMandarin,kMandarin,source-attested-unreviewed
它,zh-Hant-TW,tuó,,,false,unicode-unihan-17@17.0.0:kHanyuPinyin,kHanyuPinyin,source-attested-unreviewed
它,zh-Hant-TW,yí,,,false,unicode-unihan-17@17.0.0:kHanyuPinyin,kHanyuPinyin,source-attested-unreviewed
題,yue-HK,tai4,,,false,unicode-unihan-17@17.0.0:kCantonese,kCantonese,source-attested-unreviewed
題,zh-Hant-TW,tí,,,false,unicode-unihan-17@17.0.0:kMandarin,kMandarin,source-attested-unreviewed
題,zh-Hant-TW,dì,,,false,unicode-unihan-17@17.0.0:kHanyuPinyin,kHanyuPinyin,source-attested-unreviewed
平,yue-HK,ping4,,,false,unicode-unihan-17@17.0.0:kCantonese,kCantonese,source-attested-unreviewed
平,zh-Hant-TW,píng,,,false,unicode-unihan-17@17.0.0:kMandarin,kMandarin,source-attested-unreviewed
平,zh-Hant-TW,pián,,,false,unicode-unihan-17@17.0.0:kHanyuPinyin,kHanyuPinyin,source-attested-unreviewed
平,zh-Hant-TW,bìng,,,false,unicode-unihan-17@17.0.0:kHanyuPinyin,kHanyuPinyin,source-attested-unreviewed
平,zh-Hant-TW,bēng,,,false,unicode-unihan-17@17.0.0:kHanyuPinyin,kHanyuPinyin,source-attested-unreviewed
計,yue-HK,gai3,,,false,unicode-unihan-17@17.0.0:kCantonese,kCantonese,source-attested-unreviewed
計,zh-Hant-TW,jì,,,false,unicode-unihan-17@17.0.0:kMandarin,kMandarin,source-attested-unreviewed
計,zh-Hant-TW,ji,attested-count:58,,false,unicode-unihan-17@17.0.0:kHanyuPinlu,kHanyuPinlu,source-attested-unreviewed
各,yue-HK,gok3,,,false,unicode-unihan-17@17.0.0:kCantonese,kCantonese,source-attested-unreviewed
各,zh-Hant-TW,gè,,,false,unicode-unihan-17@17.0.0:kMandarin,kMandarin,source-attested-unreviewed
各,zh-Hant-TW,gě,,,false,unicode-unihan-17@17.0.0:kHanyuPinyin,kHanyuPinyin,source-attested-unreviewed
練,yue-HK,lin6,,,false,unicode-unihan-17@17.0.0:kCantonese,kCantonese,source-attested-unreviewed
練,zh-Hant-TW,liàn,,,false,unicode-unihan-17@17.0.0:kMandarin,kMandarin,source-attested-unreviewed
那,yue-HK,naa5,,,false,unicode-unihan-17@17.0.0:kCantonese,kCantonese,source-attested-unreviewed
那,yue-HK,naa1,mandarin-mapping:nā,,false,unicode-unihan-17@17.0.0:kSMSZD2003Readings,kSMSZD2003Readings,source-attested-unreviewed
那,zh-Hant-TW,nà,,,false,unicode-unihan-17@17.0.0:kMandarin,kMandarin,source-attested-unreviewed
那,zh-Hant-TW,nuó,,,false,unicode-unihan-17@17.0.0:kHanyuPinyin,kHanyuPinyin,source-attested-unreviewed
那,zh-Hant-TW,nuò,,,false,unicode-unihan-17@17.0.0:kHanyuPinyin,kHanyuPinyin,source-attested-unreviewed
那,zh-Hant-TW,nèi,,,false,unicode-unihan-17@17.0.0:kHanyuPinyin,kHanyuPinyin,source-attested-unreviewed
那,zh-Hant-TW,nǎ,,,false,unicode-unihan-17@17.0.0:kHanyuPinyin,kHanyuPinyin,source-attested-unreviewed
那,zh-Hant-TW,něi,,,false,unicode-unihan-17@17.0.0:kHanyuPinyin,kHanyuPinyin,source-attested-unreviewed
那,zh-Hant-TW,né,,,false,unicode-unihan-17@17.0.0:kHanyuPinyin,kHanyuPinyin,source-attested-unreviewed
那,zh-Hant-TW,nā,,,false,unicode-unihan-17@17.0.0:kHanyuPinyin,kHanyuPinyin,source-attested-unreviewed
體,yue-HK,tai2,,,false,unicode-unihan-17@17.0.0:kCantonese,kCantonese,source-attested-unreviewed
體,zh-Hant-TW,tǐ,,,false,unicode-unihan-17@17.0.0:kMandarin,kMandarin,source-attested-unreviewed
體,zh-Hant-TW,tī,,,false,unicode-unihan-17@17.0.0:kHanyuPinyin,kHanyuPinyin,source-attested-unreviewed
文,yue-HK,man4,,,false,unicode-unihan-17@17.0.0:kCantonese,kCantonese,source-attested-unreviewed
文,yue-HK,man6,"mandarin-mapping:wén,wèn",,false,unicode-unihan-17@17.0.0:kSMSZD2003Readings,kSMSZD2003Readings,source-attested-unreviewed
文,zh-Hant-TW,wén,,,false,unicode-unihan-17@17.0.0:kMandarin,kMandarin,source-attested-unreviewed
自,yue-HK,zi6,,,false,unicode-unihan-17@17.0.0:kCantonese,kCantonese,source-attested-unreviewed
自,zh-Hant-TW,zì,,,false,unicode-unihan-17@17.0.0:kMandarin,kMandarin,source-attested-unreviewed
曲,yue-HK,kuk1,,,false,unicode-unihan-17@17.0.0:kCantonese,kCantonese,source-attested-unreviewed
曲,zh-Hant-TW,qū,,,false,unicode-unihan-17@17.0.0:kMandarin,kMandarin,source-attested-unreviewed
曲,zh-Hant-TW,qǔ,attested-count:46,,false,unicode-unihan-17@17.0.0:kHanyuPinlu,kHanyuPinlu,source-attested-unreviewed
法,yue-HK,faat3,,,false,unicode-unihan-17@17.0.0:kCantonese,kCantonese,source-attested-unreviewed
法,zh-Hant-TW,fǎ,,,false,unicode-unihan-17@17.0.0:kMandarin,kMandarin,source-attested-unreviewed
法,zh-Hant-TW,fa,attested-count:130,,false,unicode-unihan-17@17.0.0:kHanyuPinlu,kHanyuPinlu,source-attested-unreviewed
也,yue-HK,jaa5,,,false,unicode-unihan-17@17.0.0:kCantonese,kCantonese,source-attested-unreviewed
也,zh-Hant-TW,yě,,,false,unicode-unihan-17@17.0.0:kMandarin,kMandarin,source-attested-unreviewed
也,zh-Hant-TW,yí,,,false,unicode-unihan-17@17.0.0:kHanyuPinyin,kHanyuPinyin,source-attested-unreviewed
形,yue-HK,jing4,,,false,unicode-unihan-17@17.0.0:kCantonese,kCantonese,source-attested-unreviewed
形,zh-Hant-TW,xíng,,,false,unicode-unihan-17@17.0.0:kMandarin,kMandarin,source-attested-unreviewed
形,zh-Hant-TW,xing,attested-count:101,,false,unicode-unihan-17@17.0.0:kHanyuPinlu,kHanyuPinlu,source-attested-unreviewed
會,yue-HK,wui6,,,false,unicode-unihan-17@17.0.0:kCantonese,kCantonese,source-attested-unreviewed
會,yue-HK,wui2,mandarin-mapping:huì,,false,unicode-unihan-17@17.0.0:kSMSZD2003Readings,kSMSZD2003Readings,source-attested-unreviewed
會,yue-HK,wui5,mandarin-mapping:huì,,false,unicode-unihan-17@17.0.0:kSMSZD2003Readings,kSMSZD2003Readings,source-attested-unreviewed
會,yue-HK,kui2,mandarin-mapping:kuài,,false,unicode-unihan-17@17.0.0:kSMSZD2003Readings,kSMSZD2003Readings,source-attested-unreviewed
會,zh-Hant-TW,huì,,,false,unicode-unihan-17@17.0.0:kMandarin,kMandarin,source-attested-unreviewed
會,zh-Hant-TW,kuài,attested-count:9,,false,unicode-unihan-17@17.0.0:kHanyuPinlu,kHanyuPinlu,source-attested-unreviewed
會,zh-Hant-TW,kuò,,,false,unicode-unihan-17@17.0.0:kHanyuPinyin,kHanyuPinyin,source-attested-unreviewed
種,yue-HK,zung2,,,false,unicode-unihan-17@17.0.0:kCantonese,kCantonese,source-attested-unreviewed
種,yue-HK,zung3,mandarin-mapping:zhòng,,false,unicode-unihan-17@17.0.0:kSMSZD2003Readings,kSMSZD2003Readings,source-attested-unreviewed
種,zh-Hant-TW,zhǒng,,,false,unicode-unihan-17@17.0.0:kMandarin,kMandarin,source-attested-unreviewed
種,zh-Hant-TW,zhòng,attested-count:285,,false,unicode-unihan-17@17.0.0:kHanyuPinlu,kHanyuPinlu,source-attested-unreviewed
種,zh-Hant-TW,chóng,,,false,unicode-unihan-17@17.0.0:kHanyuPinyin,kHanyuPinyin,source-attested-unreviewed
課,yue-HK,fo3,,,false,unicode-unihan-17@17.0.0:kCantonese,kCantonese,source-attested-unreviewed
課,zh-Hant-TW,kè,,,false,unicode-unihan-17@17.0.0:kMandarin,kMandarin,source-attested-unreviewed
聽,yue-HK,ting1,,,false,unicode-unihan-17@17.0.0:kCantonese,kCantonese,source-attested-unreviewed
聽,yue-HK,teng1,mandarin-mapping:tīng,,false,unicode-unihan-17@17.0.0:kSMSZD2003Readings,kSMSZD2003Readings,source-attested-unreviewed
聽,yue-HK,ting3,"mandarin-mapping:tīng,tìng",,false,unicode-unihan-17@17.0.0:kSMSZD2003Readings,kSMSZD2003Readings,source-attested-unreviewed
聽,zh-Hant-TW,tīng,,,false,unicode-unihan-17@17.0.0:kMandarin,kMandarin,source-attested-unreviewed
聽,zh-Hant-TW,ting,attested-count:48,,false,unicode-unihan-17@17.0.0:kHanyuPinlu,kHanyuPinlu,source-attested-unreviewed
從,yue-HK,cung4,,,false,unicode-unihan-17@17.0.0:kCantonese,kCantonese,source-attested-unreviewed
從,yue-HK,sung1,mandarin-mapping:cōng,,false,unicode-unihan-17@17.0.0:kSMSZD2003Readings,kSMSZD2003Readings,source-attested-unreviewed
從,yue-HK,zung1,"mandarin-mapping:zòng,zōng",,false,unicode-unihan-17@17.0.0:kSMSZD2003Readings,kSMSZD2003Readings,source-attested-unreviewed
從,zh-Hant-TW,cóng,,,false,unicode-unihan-17@17.0.0:kMandarin,kMandarin,source-attested-unreviewed
從,zh-Hant-TW,cōng,attested-count:25,,false,unicode-unihan-17@17.0.0:kHanyuPinlu,kHanyuPinlu,source-attested-unreviewed
從,zh-Hant-TW,zòng,,,false,unicode-unihan-17@17.0.0:kHanyuPinyin,kHanyuPinyin,source-attested-unreviewed
從,zh-Hant-TW,zōng,,,false,unicode-unihan-17@17.0.0:kHanyuPinyin,kHanyuPinyin,source-attested-unreviewed
從,zh-Hant-TW,zǒng,,,false,unicode-unihan-17@17.0.0:kHanyuPinyin,kHanyuPinyin,source-attested-unreviewed
高,yue-HK,gou1,,,false,unicode-unihan-17@17.0.0:kCantonese,kCantonese,source-attested-unreviewed
高,zh-Hant-TW,gāo,,,false,unicode-unihan-17@17.0.0:kMandarin,kMandarin,source-attested-unreviewed
高,zh-Hant-TW,gào,,,false,unicode-unihan-17@17.0.0:kHanyuPinyin,kHanyuPinyin,source-attested-unreviewed
歌,yue-HK,go1,,,false,unicode-unihan-17@17.0.0:kCantonese,kCantonese,source-attested-unreviewed
歌,zh-Hant-TW,gē,,,false,unicode-unihan-17@17.0.0:kMandarin,kMandarin,source-attested-unreviewed
歌,zh-Hant-TW,ge,attested-count:11,,false,unicode-unihan-17@17.0.0:kHanyuPinlu,kHanyuPinlu,source-attested-unreviewed
表,yue-HK,biu2,,,false,unicode-unihan-17@17.0.0:kCantonese,kCantonese,source-attested-unreviewed
表,zh-Hant-TW,biǎo,,,false,unicode-unihan-17@17.0.0:kMandarin,kMandarin,source-attested-unreviewed
邊,yue-HK,bin1,,,false,unicode-unihan-17@17.0.0:kCantonese,kCantonese,source-attested-unreviewed
邊,zh-Hant-TW,biān,,,false,unicode-unihan-17@17.0.0:kMandarin,kMandarin,source-attested-unreviewed
邊,zh-Hant-TW,bian,attested-count:356,,false,unicode-unihan-17@17.0.0:kHanyuPinlu,kHanyuPinlu,source-attested-unreviewed
克,yue-HK,hak1,,,false,unicode-unihan-17@17.0.0:kCantonese,kCantonese,source-attested-unreviewed
克,zh-Hant-TW,kè,,,false,unicode-unihan-17@17.0.0:kMandarin,kMandarin,source-attested-unreviewed
都,yue-HK,dou1,,,false,unicode-unihan-17@17.0.0:kCantonese,kCantonese,source-attested-unreviewed
都,zh-Hant-TW,dōu,,,false,unicode-unihan-17@17.0.0:kMandarin,kMandarin,source-attested-unreviewed
都,zh-Hant-TW,dū,,,false,unicode-unihan-17@17.0.0:kMandarin,kMandarin,source-attested-unreviewed
對,yue-HK,deoi3,,,false,unicode-unihan-17@17.0.0:kCantonese,kCantonese,source-attested-unreviewed
對,zh-Hant-TW,duì,,,false,unicode-unihan-17@17.0.0:kMandarin,kMandarin,source-attested-unreviewed
習,yue-HK,zaap6,,,false,unicode-unihan-17@17.0.0:kCantonese,kCantonese,source-attested-unreviewed
習,zh-Hant-TW,xí,,,false,unicode-unihan-17@17.0.0:kMandarin,kMandarin,source-attested-unreviewed
怎,yue-HK,zam2,,,false,unicode-unihan-17@17.0.0:kCantonese,kCantonese,source-attested-unreviewed
怎,zh-Hant-TW,zěn,,,false,unicode-unihan-17@17.0.0:kMandarin,kMandarin,source-attested-unreviewed
兒,yue-HK,ji4,,,false,unicode-unihan-17@17.0.0:kCantonese,kCantonese,source-attested-unreviewed
兒,zh-Hant-TW,ér,,,false,unicode-unihan-17@17.0.0:kMandarin,kMandarin,source-attested-unreviewed
兒,zh-Hant-TW,r,attested-count:3254,,false,unicode-unihan-17@17.0.0:kHanyuPinlu,kHanyuPinlu,source-attested-unreviewed
兒,zh-Hant-TW,ní,,,false,unicode-unihan-17@17.0.0:kHanyuPinyin,kHanyuPinyin,source-attested-unreviewed
又,yue-HK,jau6,,,false,unicode-unihan-17@17.0.0:kCantonese,kCantonese,source-attested-unreviewed
又,zh-Hant-TW,yòu,,,false,unicode-unihan-17@17.0.0:kMandarin,kMandarin,source-attested-unreviewed
花,yue-HK,faa1,,,false,unicode-unihan-17@17.0.0:kCantonese,kCantonese,source-attested-unreviewed
花,zh-Hant-TW,huā,,,false,unicode-unihan-17@17.0.0:kMandarin,kMandarin,source-attested-unreviewed
花,zh-Hant-TW,hua,attested-count:117,,false,unicode-unihan-17@17.0.0:kHanyuPinlu,kHanyuPinlu,source-attested-unreviewed
四,yue-HK,sei3,,,false,unicode-unihan-17@17.0.0:kCantonese,kCantonese,source-attested-unreviewed
四,zh-Hant-TW,sì,,,false,unicode-unihan-17@17.0.0:kMandarin,kMandarin,source-attested-unreviewed
心,yue-HK,sam1,,,false,unicode-unihan-17@17.0.0:kCantonese,kCantonese,source-attested-unreviewed
心,zh-Hant-TW,xīn,,,false,unicode-unihan-17@17.0.0:kMandarin,kMandarin,source-attested-unreviewed
心,zh-Hant-TW,xin,attested-count:11,,false,unicode-unihan-17@17.0.0:kHanyuPinlu,kHanyuPinlu,source-attested-unreviewed
工,yue-HK,gung1,,,false,unicode-unihan-17@17.0.0:kCantonese,kCantonese,source-attested-unreviewed
工,zh-Hant-TW,gōng,,,false,unicode-unihan-17@17.0.0:kMandarin,kMandarin,source-attested-unreviewed
加,yue-HK,gaa1,,,false,unicode-unihan-17@17.0.0:kCantonese,kCantonese,source-attested-unreviewed
加,zh-Hant-TW,jiā,,,false,unicode-unihan-17@17.0.0:kMandarin,kMandarin,source-attested-unreviewed
些,yue-HK,se1,,,false,unicode-unihan-17@17.0.0:kCantonese,kCantonese,source-attested-unreviewed
些,zh-Hant-TW,xiē,,,false,unicode-unihan-17@17.0.0:kMandarin,kMandarin,source-attested-unreviewed
些,zh-Hant-TW,suò,,,false,unicode-unihan-17@17.0.0:kHanyuPinyin,kHanyuPinyin,source-attested-unreviewed
些,zh-Hant-TW,suō,,,false,unicode-unihan-17@17.0.0:kHanyuPinyin,kHanyuPinyin,source-attested-unreviewed
老,yue-HK,lou5,,,false,unicode-unihan-17@17.0.0:kCantonese,kCantonese,source-attested-unreviewed
老,zh-Hant-TW,lǎo,,,false,unicode-unihan-17@17.0.0:kMandarin,kMandarin,source-attested-unreviewed
再,yue-HK,zoi3,,,false,unicode-unihan-17@17.0.0:kCantonese,kCantonese,source-attested-unreviewed
再,zh-Hant-TW,zài,,,false,unicode-unihan-17@17.0.0:kMandarin,kMandarin,source-attested-unreviewed
音,yue-HK,jam1,,,false,unicode-unihan-17@17.0.0:kCantonese,kCantonese,source-attested-unreviewed
音,zh-Hant-TW,yīn,,,false,unicode-unihan-17@17.0.0:kMandarin,kMandarin,source-attested-unreviewed
發,yue-HK,faat3,,,false,unicode-unihan-17@17.0.0:kCantonese,kCantonese,source-attested-unreviewed
發,zh-Hant-TW,fā,,,false,unicode-unihan-17@17.0.0:kMandarin,kMandarin,source-attested-unreviewed
發,zh-Hant-TW,fa,attested-count:174,,false,unicode-unihan-17@17.0.0:kHanyuPinlu,kHanyuPinlu,source-attested-unreviewed
發,zh-Hant-TW,fà,attested-count:80,,false,unicode-unihan-17@17.0.0:kHanyuPinlu,kHanyuPinlu,source-attested-unreviewed
發,zh-Hant-TW,bō,,,false,unicode-unihan-17@17.0.0:kHanyuPinyin,kHanyuPinyin,source-attested-unreviewed
車,yue-HK,ce1,,,false,unicode-unihan-17@17.0.0:kCantonese,kCantonese,source-attested-unreviewed
車,yue-HK,geoi1,mandarin-mapping:jū,,false,unicode-unihan-17@17.0.0:kSMSZD2003Readings,kSMSZD2003Readings,source-attested-unreviewed
車,zh-Hant-TW,chē,,,false,unicode-unihan-17@17.0.0:kMandarin,kMandarin,source-attested-unreviewed
車,zh-Hant-TW,jū,,,false,unicode-unihan-17@17.0.0:kHanyuPinyin,kHanyuPinyin,source-attested-unreviewed
共,yue-HK,gung6,,,false,unicode-unihan-17@17.0.0:kCantonese,kCantonese,source-attested-unreviewed
共,zh-Hant-TW,gòng,,,false,unicode-unihan-17@17.0.0:kMandarin,kMandarin,source-attested-unreviewed
共,zh-Hant-TW,gōng,,,false,unicode-unihan-17@17.0.0:kHanyuPinyin,kHanyuPinyin,source-attested-unreviewed
共,zh-Hant-TW,gǒng,,,false,unicode-unihan-17@17.0.0:kHanyuPinyin,kHanyuPinyin,source-attested-unreviewed
共,zh-Hant-TW,hóng,,,false,unicode-unihan-17@17.0.0:kHanyuPinyin,kHanyuPinyin,source-attested-unreviewed
意,yue-HK,ji3,,,false,unicode-unihan-17@17.0.0:kCantonese,kCantonese,source-attested-unreviewed
意,zh-Hant-TW,yì,,,false,unicode-unihan-17@17.0.0:kMandarin,kMandarin,source-attested-unreviewed
意,zh-Hant-TW,yi,attested-count:450,,false,unicode-unihan-17@17.0.0:kHanyuPinlu,kHanyuPinlu,source-attested-unreviewed
意,zh-Hant-TW,yī,,,false,unicode-unihan-17@17.0.0:kHanyuPinyin,kHanyuPinyin,source-attested-unreviewed
月,yue-HK,jyut6,,,false,unicode-unihan-17@17.0.0:kCantonese,kCantonese,source-attested-unreviewed
月,yue-HK,juk6,mandarin-mapping:ròu,,false,unicode-unihan-17@17.0.0:kSMSZD2003Readings,kSMSZD2003Readings,source-attested-unreviewed
月,zh-Hant-TW,yuè,,,false,unicode-unihan-17@17.0.0:kMandarin,kMandarin,source-attested-unreviewed
月,zh-Hant-TW,yue,attested-count:11,,false,unicode-unihan-17@17.0.0:kHanyuPinlu,kHanyuPinlu,source-attested-unreviewed
月,zh-Hant-TW,rù,,,false,unicode-unihan-17@17.0.0:kHanyuPinyin,kHanyuPinyin,source-attested-unreviewed
圖,yue-HK,tou4,,,false,unicode-unihan-17@17.0.0:kCantonese,kCantonese,source-attested-unreviewed
圖,zh-Hant-TW,tú,,,false,unicode-unihan-17@17.0.0:kMandarin,kMandarin,source-attested-unreviewed
相,yue-HK,soeng1,,,false,unicode-unihan-17@17.0.0:kCantonese,kCantonese,source-attested-unreviewed
相,yue-HK,soeng3,"mandarin-mapping:xiāng,xiàng",,false,unicode-unihan-17@17.0.0:kSMSZD2003Readings,kSMSZD2003Readings,source-attested-unreviewed
相,zh-Hant-TW,xiāng,,,false,unicode-unihan-17@17.0.0:kMandarin,kMandarin,source-attested-unreviewed
相,zh-Hant-TW,xiàng,attested-count:114,,false,unicode-unihan-17@17.0.0:kHanyuPinlu,kHanyuPinlu,source-attested-unreviewed
哪,yue-HK,naa5,,,false,unicode-unihan-17@17.0.0:kCantonese,kCantonese,source-attested-unreviewed
哪,yue-HK,naa1,mandarin-mapping:něi,,false,unicode-unihan-17@17.0.0:kSMSZD2003Readings,kSMSZD2003Readings,source-attested-unreviewed
哪,yue-HK,naa4,mandarin-mapping:né,,false,unicode-unihan-17@17.0.0:kSMSZD2003Readings,kSMSZD2003Readings,source-attested-unreviewed
哪,zh-Hant-TW,nǎ,,,false,unicode-unihan-17@17.0.0:kMandarin,kMandarin,source-attested-unreviewed
哪,zh-Hant-TW,na,attested-count:266,,false,unicode-unihan-17@17.0.0:kHanyuPinlu,kHanyuPinlu,source-attested-unreviewed
哪,zh-Hant-TW,nuó,,,false,unicode-unihan-17@17.0.0:kHanyuPinyin,kHanyuPinyin,source-attested-unreviewed
哪,zh-Hant-TW,nǎi,,,false,unicode-unihan-17@17.0.0:kHanyuPinyin,kHanyuPinyin,source-attested-unreviewed
哪,zh-Hant-TW,nà,,,false,unicode-unihan-17@17.0.0:kHanyuPinyin,kHanyuPinyin,source-attested-unreviewed
哪,zh-Hant-TW,niè,,,false,unicode-unihan-17@17.0.0:kHanyuPinyin,kHanyuPinyin,source-attested-unreviewed
哪,zh-Hant-TW,né,,,false,unicode-unihan-17@17.0.0:kHanyuPinyin,kHanyuPinyin,source-attested-unreviewed
唱,yue-HK,coeng3,,,false,unicode-unihan-17@17.0.0:kCantonese,kCantonese,source-attested-unreviewed
唱,zh-Hant-TW,chàng,,,false,unicode-unihan-17@17.0.0:kMandarin,kMandarin,source-attested-unreviewed
物,yue-HK,mat6,,,false,unicode-unihan-17@17.0.0:kCantonese,kCantonese,source-attested-unreviewed
物,zh-Hant-TW,wù,,,false,unicode-unihan-17@17.0.0:kMandarin,kMandarin,source-attested-unreviewed
物,zh-Hant-TW,wu,attested-count:11,,false,unicode-unihan-17@17.0.0:kHanyuPinlu,kHanyuPinlu,source-attested-unreviewed
聲,yue-HK,sing1,,,false,unicode-unihan-17@17.0.0:kCantonese,kCantonese,source-attested-unreviewed
聲,yue-HK,seng1,mandarin-mapping:shēng,,false,unicode-unihan-17@17.0.0:kSMSZD2003Readings,kSMSZD2003Readings,source-attested-unreviewed
聲,zh-Hant-TW,shēng,,,false,unicode-unihan-17@17.0.0:kMandarin,kMandarin,source-attested-unreviewed
聲,zh-Hant-TW,sheng,attested-count:57,,false,unicode-unihan-17@17.0.0:kHanyuPinlu,kHanyuPinlu,source-attested-unreviewed
開,yue-HK,hoi1,,,false,unicode-unihan-17@17.0.0:kCantonese,kCantonese,source-attested-unreviewed
開,zh-Hant-TW,kāi,,,false,unicode-unihan-17@17.0.0:kMandarin,kMandarin,source-attested-unreviewed
開,zh-Hant-TW,qiān,,,false,unicode-unihan-17@17.0.0:kHanyuPinyin,kHanyuPinyin,source-attested-unreviewed
事,yue-HK,si6,,,false,unicode-unihan-17@17.0.0:kCantonese,kCantonese,source-attested-unreviewed
事,zh-Hant-TW,shì,,,false,unicode-unihan-17@17.0.0:kMandarin,kMandarin,source-attested-unreviewed
事,zh-Hant-TW,shi,attested-count:210,,false,unicode-unihan-17@17.0.0:kHanyuPinlu,kHanyuPinlu,source-attested-unreviewed
事,zh-Hant-TW,zì,,,false,unicode-unihan-17@17.0.0:kHanyuPinyin,kHanyuPinyin,source-attested-unreviewed
本,yue-HK,bun2,,,false,unicode-unihan-17@17.0.0:kCantonese,kCantonese,source-attested-unreviewed
本,zh-Hant-TW,běn,,,false,unicode-unihan-17@17.0.0:kMandarin,kMandarin,source-attested-unreviewed
本,zh-Hant-TW,bēn,,,false,unicode-unihan-17@17.0.0:kHanyuPinyin,kHanyuPinyin,source-attested-unreviewed
果,yue-HK,gwo2,,,false,unicode-unihan-17@17.0.0:kCantonese,kCantonese,source-attested-unreviewed
果,zh-Hant-TW,guǒ,,,false,unicode-unihan-17@17.0.0:kMandarin,kMandarin,source-attested-unreviewed
果,zh-Hant-TW,luǒ,,,false,unicode-unihan-17@17.0.0:kHanyuPinyin,kHanyuPinyin,source-attested-unreviewed
果,zh-Hant-TW,guàn,,,false,unicode-unihan-17@17.0.0:kHanyuPinyin,kHanyuPinyin,source-attested-unreviewed
進,yue-HK,zeon3,,,false,unicode-unihan-17@17.0.0:kCantonese,kCantonese,source-attested-unreviewed
進,zh-Hant-TW,jìn,,,false,unicode-unihan-17@17.0.0:kMandarin,kMandarin,source-attested-unreviewed
點,yue-HK,dim2,,,false,unicode-unihan-17@17.0.0:kCantonese,kCantonese,source-attested-unreviewed
點,zh-Hant-TW,diǎn,,,false,unicode-unihan-17@17.0.0:kMandarin,kMandarin,source-attested-unreviewed
點,zh-Hant-TW,zhān,,,false,unicode-unihan-17@17.0.0:kHanyuPinyin,kHanyuPinyin,source-attested-unreviewed
點,zh-Hant-TW,duò,,,false,unicode-unihan-17@17.0.0:kHanyuPinyin,kHanyuPinyin,source-attested-unreviewed
樹,yue-HK,syu6,,,false,unicode-unihan-17@17.0.0:kCantonese,kCantonese,source-attested-unreviewed
樹,zh-Hant-TW,shù,,,false,unicode-unihan-17@17.0.0:kMandarin,kMandarin,source-attested-unreviewed
現,yue-HK,jin6,,,false,unicode-unihan-17@17.0.0:kCantonese,kCantonese,source-attested-unreviewed
現,zh-Hant-TW,xiàn,,,false,unicode-unihan-17@17.0.0:kMandarin,kMandarin,source-attested-unreviewed
然,yue-HK,jin4,,,false,unicode-unihan-17@17.0.0:kCantonese,kCantonese,source-attested-unreviewed
然,zh-Hant-TW,rán,,,false,unicode-unihan-17@17.0.0:kMandarin,kMandarin,source-attested-unreviewed
然,zh-Hant-TW,ran,attested-count:84,,false,unicode-unihan-17@17.0.0:kHanyuPinlu,kHanyuPinlu,source-attested-unreviewed
合,yue-HK,hap6,,,false,unicode-unihan-17@17.0.0:kCantonese,kCantonese,source-attested-unreviewed
合,yue-HK,ho4,mandarin-mapping:hé,,false,unicode-unihan-17@17.0.0:kSMSZD2003Readings,kSMSZD2003Readings,source-attested-unreviewed
合,yue-HK,gap3,mandarin-mapping:gě,,false,unicode-unihan-17@17.0.0:kSMSZD2003Readings,kSMSZD2003Readings,source-attested-unreviewed
合,zh-Hant-TW,hé,,,false,unicode-unihan-17@17.0.0:kMandarin,kMandarin,source-attested-unreviewed
合,zh-Hant-TW,gě,,,false,unicode-unihan-17@17.0.0:kHanyuPinyin,kHanyuPinyin,source-attested-unreviewed
積,yue-HK,zik1,,,false,unicode-unihan-17@17.0.0:kCantonese,kCantonese,source-attested-unreviewed
積,zh-Hant-TW,jī,,,false,unicode-unihan-17@17.0.0:kMandarin,kMandarin,source-attested-unreviewed
產,yue-HK,caan2,,,false,unicode-unihan-17@17.0.0:kCantonese,kCantonese,source-attested-unreviewed
產,zh-Hant-TW,chǎn,,,false,unicode-unihan-17@17.0.0:kMandarin,kMandarin,source-attested-unreviewed
前,yue-HK,cin4,,,false,unicode-unihan-17@17.0.0:kCantonese,kCantonese,source-attested-unreviewed
前,zh-Hant-TW,qián,,,false,unicode-unihan-17@17.0.0:kMandarin,kMandarin,source-attested-unreviewed
前,zh-Hant-TW,jiǎn,,,false,unicode-unihan-17@17.0.0:kHanyuPinyin,kHanyuPinyin,source-attested-unreviewed
沒,yue-HK,mut6,,,false,unicode-unihan-17@17.0.0:kCantonese,kCantonese,source-attested-unreviewed
沒,zh-Hant-TW,méi,,,false,unicode-unihan-17@17.0.0:kMandarin,kMandarin,source-attested-unreviewed
沒,zh-Hant-TW,mò,attested-count:44,,false,unicode-unihan-17@17.0.0:kHanyuPinlu,kHanyuPinlu,source-attested-unreviewed
山,yue-HK,saan1,,,false,unicode-unihan-17@17.0.0:kCantonese,kCantonese,source-attested-unreviewed
山,zh-Hant-TW,shān,,,false,unicode-unihan-17@17.0.0:kMandarin,kMandarin,source-attested-unreviewed
條,yue-HK,tiu4,,,false,unicode-unihan-17@17.0.0:kCantonese,kCantonese,source-attested-unreviewed
條,zh-Hant-TW,tiáo,,,false,unicode-unihan-17@17.0.0:kMandarin,kMandarin,source-attested-unreviewed
條,zh-Hant-TW,tiāo,,,false,unicode-unihan-17@17.0.0:kHanyuPinyin,kHanyuPinyin,source-attested-unreviewed
頭,yue-HK,tau4,,,false,unicode-unihan-17@17.0.0:kCantonese,kCantonese,source-attested-unreviewed
頭,zh-Hant-TW,tóu,,,false,unicode-unihan-17@17.0.0:kMandarin,kMandarin,source-attested-unreviewed
頭,zh-Hant-TW,tou,attested-count:715,,false,unicode-unihan-17@17.0.0:kHanyuPinlu,kHanyuPinlu,source-attested-unreviewed
走,yue-HK,zau2,,,false,unicode-unihan-17@17.0.0:kCantonese,kCantonese,source-attested-unreviewed
走,zh-Hant-TW,zǒu,,,false,unicode-unihan-17@17.0.0:kMandarin,kMandarin,source-attested-unreviewed
民,yue-HK,man4,,,false,unicode-unihan-17@17.0.0:kCantonese,kCantonese,source-attested-unreviewed
民,zh-Hant-TW,mín,,,false,unicode-unihan-17@17.0.0:kMandarin,kMandarin,source-attested-unreviewed
求,yue-HK,kau4,,,false,unicode-unihan-17@17.0.0:kCantonese,kCantonese,source-attested-unreviewed
求,zh-Hant-TW,qiú,,,false,unicode-unihan-17@17.0.0:kMandarin,kMandarin,source-attested-unreviewed
道,yue-HK,dou6,,,false,unicode-unihan-17@17.0.0:kCantonese,kCantonese,source-attested-unreviewed
道,zh-Hant-TW,dào,,,false,unicode-unihan-17@17.0.0:kMandarin,kMandarin,source-attested-unreviewed
道,zh-Hant-TW,dao,attested-count:1654,,false,unicode-unihan-17@17.0.0:kHanyuPinlu,kHanyuPinlu,source-attested-unreviewed
道,zh-Hant-TW,dǎo,,,false,unicode-unihan-17@17.0.0:kHanyuPinyin,kHanyuPinyin,source-attested-unreviewed
組,yue-HK,zou2,,,false,unicode-unihan-17@17.0.0:kCantonese,kCantonese,source-attested-unreviewed
組,zh-Hant-TW,zǔ,,,false,unicode-unihan-17@17.0.0:kMandarin,kMandarin,source-attested-unreviewed
組,zh-Hant-TW,qū,,,false,unicode-unihan-17@17.0.0:kHanyuPinyin,kHanyuPinyin,source-attested-unreviewed
給,yue-HK,kap1,,,false,unicode-unihan-17@17.0.0:kCantonese,kCantonese,source-attested-unreviewed
給,zh-Hant-TW,gěi,,,false,unicode-unihan-17@17.0.0:kMandarin,kMandarin,source-attested-unreviewed
給,zh-Hant-TW,jǐ,attested-count:80,,false,unicode-unihan-17@17.0.0:kHanyuPinlu,kHanyuPinlu,source-attested-unreviewed
給,zh-Hant-TW,xiá,,,false,unicode-unihan-17@17.0.0:kHanyuPinyin,kHanyuPinyin,source-attested-unreviewed
正,yue-HK,zing3,,,false,unicode-unihan-17@17.0.0:kCantonese,kCantonese,source-attested-unreviewed
正,yue-HK,zing1,mandarin-mapping:zhēng,,false,unicode-unihan-17@17.0.0:kSMSZD2003Readings,kSMSZD2003Readings,source-attested-unreviewed
正,zh-Hant-TW,zhèng,,,false,unicode-unihan-17@17.0.0:kMandarin,kMandarin,source-attested-unreviewed
正,zh-Hant-TW,zheng,attested-count:76,,false,unicode-unihan-17@17.0.0:kHanyuPinlu,kHanyuPinlu,source-attested-unreviewed
正,zh-Hant-TW,zhēng,attested-count:24,,false,unicode-unihan-17@17.0.0:kHanyuPinlu,kHanyuPinlu,source-attested-unreviewed
快,yue-HK,faai3,,,false,unicode-unihan-17@17.0.0:kCantonese,kCantonese,source-attested-unreviewed
快,zh-Hant-TW,kuài,,,false,unicode-unihan-17@17.0.0:kMandarin,kMandarin,source-attested-unreviewed
快,zh-Hant-TW,kuai,attested-count:77,,false,unicode-unihan-17@17.0.0:kHanyuPinlu,kHanyuPinlu,source-attested-unreviewed
媽,yue-HK,maa1,,,false,unicode-unihan-17@17.0.0:kCantonese,kCantonese,source-attested-unreviewed
媽,zh-Hant-TW,mā,,,false,unicode-unihan-17@17.0.0:kMandarin,kMandarin,source-attested-unreviewed
媽,zh-Hant-TW,ma,attested-count:719,,false,unicode-unihan-17@17.0.0:kHanyuPinlu,kHanyuPinlu,source-attested-unreviewed
書,yue-HK,syu1,,,false,unicode-unihan-17@17.0.0:kCantonese,kCantonese,source-attested-unreviewed
書,zh-Hant-TW,shū,,,false,unicode-unihan-17@17.0.0:kMandarin,kMandarin,source-attested-unreviewed
口,yue-HK,hau2,,,false,unicode-unihan-17@17.0.0:kCantonese,kCantonese,source-attested-unreviewed
口,zh-Hant-TW,kǒu,,,false,unicode-unihan-17@17.0.0:kMandarin,kMandarin,source-attested-unreviewed
口,zh-Hant-TW,kou,attested-count:74,,false,unicode-unihan-17@17.0.0:kHanyuPinlu,kHanyuPinlu,source-attested-unreviewed
段,yue-HK,dyun6,,,false,unicode-unihan-17@17.0.0:kCantonese,kCantonese,source-attested-unreviewed
段,zh-Hant-TW,duàn,,,false,unicode-unihan-17@17.0.0:kMandarin,kMandarin,source-attested-unreviewed
重,yue-HK,cung5,,,false,unicode-unihan-17@17.0.0:kCantonese,kCantonese,source-attested-unreviewed
重,yue-HK,zung6,mandarin-mapping:zhòng,,false,unicode-unihan-17@17.0.0:kSMSZD2003Readings,kSMSZD2003Readings,source-attested-unreviewed
重,yue-HK,cung4,mandarin-mapping:chóng,,false,unicode-unihan-17@17.0.0:kSMSZD2003Readings,kSMSZD2003Readings,source-attested-unreviewed
重,zh-Hant-TW,zhòng,,,false,unicode-unihan-17@17.0.0:kMandarin,kMandarin,source-attested-unreviewed
重,zh-Hant-TW,chóng,attested-count:329,,false,unicode-unihan-17@17.0.0:kHanyuPinlu,kHanyuPinlu,source-attested-unreviewed
重,zh-Hant-TW,tóng,,,false,unicode-unihan-17@17.0.0:kHanyuPinyin,kHanyuPinyin,source-attested-unreviewed
明,yue-HK,ming4,,,false,unicode-unihan-17@17.0.0:kCantonese,kCantonese,source-attested-unreviewed
明,zh-Hant-TW,míng,,,false,unicode-unihan-17@17.0.0:kMandarin,kMandarin,source-attested-unreviewed
明,zh-Hant-TW,ming,attested-count:96,,false,unicode-unihan-17@17.0.0:kHanyuPinlu,kHanyuPinlu,source-attested-unreviewed
明,zh-Hant-TW,mèng,,,false,unicode-unihan-17@17.0.0:kHanyuPinyin,kHanyuPinyin,source-attested-unreviewed
公,yue-HK,gung1,,,false,unicode-unihan-17@17.0.0:kCantonese,kCantonese,source-attested-unreviewed
公,zh-Hant-TW,gōng,,,false,unicode-unihan-17@17.0.0:kMandarin,kMandarin,source-attested-unreviewed
向,yue-HK,hoeng3,,,false,unicode-unihan-17@17.0.0:kCantonese,kCantonese,source-attested-unreviewed
向,zh-Hant-TW,xiàng,,,false,unicode-unihan-17@17.0.0:kMandarin,kMandarin,source-attested-unreviewed
路,yue-HK,lou6,,,false,unicode-unihan-17@17.0.0:kCantonese,kCantonese,source-attested-unreviewed
路,zh-Hant-TW,lù,,,false,unicode-unihan-17@17.0.0:kMandarin,kMandarin,source-attested-unreviewed
路,zh-Hant-TW,luò,,,false,unicode-unihan-17@17.0.0:kHanyuPinyin,kHanyuPinyin,source-attested-unreviewed
紅,yue-HK,hung4,,,false,unicode-unihan-17@17.0.0:kCantonese,kCantonese,source-attested-unreviewed
紅,yue-HK,gung1,mandarin-mapping:gōng,,false,unicode-unihan-17@17.0.0:kSMSZD2003Readings,kSMSZD2003Readings,source-attested-unreviewed
紅,zh-Hant-TW,hóng,,,false,unicode-unihan-17@17.0.0:kMandarin,kMandarin,source-attested-unreviewed
紅,zh-Hant-TW,gōng,,,false,unicode-unihan-17@17.0.0:kHanyuPinyin,kHanyuPinyin,source-attested-unreviewed
紅,zh-Hant-TW,jiàng,,,false,unicode-unihan-17@17.0.0:kHanyuPinyin,kHanyuPinyin,source-attested-unreviewed
樂,yue-HK,lok6,,,false,unicode-unihan-17@17.0.0:kCantonese,kCantonese,source-attested-unreviewed
樂,yue-HK,ngok6,mandarin-mapping:yuè,,false,unicode-unihan-17@17.0.0:kSMSZD2003Readings,kSMSZD2003Readings,source-attested-unreviewed
樂,yue-HK,ngaau4,mandarin-mapping:yào,,false,unicode-unihan-17@17.0.0:kSMSZD2003Readings,kSMSZD2003Readings,source-attested-unreviewed
樂,yue-HK,ngaau6,mandarin-mapping:yào,,false,unicode-unihan-17@17.0.0:kSMSZD2003Readings,kSMSZD2003Readings,source-attested-unreviewed
樂,zh-Hant-TW,lè,,,false,unicode-unihan-17@17.0.0:kMandarin,kMandarin,source-attested-unreviewed
樂,zh-Hant-TW,yuè,attested-count:54,,false,unicode-unihan-17@17.0.0:kHanyuPinlu,kHanyuPinlu,source-attested-unreviewed
樂,zh-Hant-TW,yào,,,false,unicode-unihan-17@17.0.0:kHanyuPinyin,kHanyuPinyin,source-attested-unreviewed
樂,zh-Hant-TW,luò,,,false,unicode-unihan-17@17.0.0:kHanyuPinyin,kHanyuPinyin,source-attested-unreviewed
樂,zh-Hant-TW,liáo,,,false,unicode-unihan-17@17.0.0:kHanyuPinyin,kHanyuPinyin,source-attested-unreviewed
手,yue-HK,sau2,,,false,unicode-unihan-17@17.0.0:kCantonese,kCantonese,source-attested-unreviewed
手,zh-Hant-TW,shǒu,,,false,unicode-unihan-17@17.0.0:kMandarin,kMandarin,source-attested-unreviewed
手,zh-Hant-TW,shou,attested-count:12,,false,unicode-unihan-17@17.0.0:kHanyuPinlu,kHanyuPinlu,source-attested-unreviewed
先,yue-HK,sin1,,,false,unicode-unihan-17@17.0.0:kCantonese,kCantonese,source-attested-unreviewed
先,zh-Hant-TW,xiān,,,false,unicode-unihan-17@17.0.0:kMandarin,kMandarin,source-attested-unreviewed
字,yue-HK,zi6,,,false,unicode-unihan-17@17.0.0:kCantonese,kCantonese,source-attested-unreviewed
字,zh-Hant-TW,zì,,,false,unicode-unihan-17@17.0.0:kMandarin,kMandarin,source-attested-unreviewed
字,zh-Hant-TW,zi,attested-count:138,,false,unicode-unihan-17@17.0.0:kHanyuPinlu,kHanyuPinlu,source-attested-unreviewed
除,yue-HK,ceoi4,,,false,unicode-unihan-17@17.0.0:kCantonese,kCantonese,source-attested-unreviewed
除,zh-Hant-TW,chú,,,false,unicode-unihan-17@17.0.0:kMandarin,kMandarin,source-attested-unreviewed
除,zh-Hant-TW,zhù,,,false,unicode-unihan-17@17.0.0:kHanyuPinyin,kHanyuPinyin,source-attested-unreviewed
除,zh-Hant-TW,shū,,,false,unicode-unihan-17@17.0.0:kHanyuPinyin,kHanyuPinyin,source-attested-unreviewed
全,yue-HK,cyun4,,,false,unicode-unihan-17@17.0.0:kCantonese,kCantonese,source-attested-unreviewed
全,zh-Hant-TW,quán,,,false,unicode-unihan-17@17.0.0:kMandarin,kMandarin,source-attested-unreviewed
五,yue-HK,ng5,,,false,unicode-unihan-17@17.0.0:kCantonese,kCantonese,source-attested-unreviewed
五,zh-Hant-TW,wǔ,,,false,unicode-unihan-17@17.0.0:kMandarin,kMandarin,source-attested-unreviewed
百,yue-HK,baak3,,,false,unicode-unihan-17@17.0.0:kCantonese,kCantonese,source-attested-unreviewed
百,zh-Hant-TW,bǎi,,,false,unicode-unihan-17@17.0.0:kMandarin,kMandarin,source-attested-unreviewed
百,zh-Hant-TW,bó,,,false,unicode-unihan-17@17.0.0:kHanyuPinyin,kHanyuPinyin,source-attested-unreviewed
百,zh-Hant-TW,mò,,,false,unicode-unihan-17@17.0.0:kHanyuPinyin,kHanyuPinyin,source-attested-unreviewed
部,yue-HK,bou6,,,false,unicode-unihan-17@17.0.0:kCantonese,kCantonese,source-attested-unreviewed
部,zh-Hant-TW,bù,,,false,unicode-unihan-17@17.0.0:kMandarin,kMandarin,source-attested-unreviewed
部,zh-Hant-TW,pǒu,,,false,unicode-unihan-17@17.0.0:kHanyuPinyin,kHanyuPinyin,source-attested-unreviewed
叫,yue-HK,giu3,,,false,unicode-unihan-17@17.0.0:kCantonese,kCantonese,source-attested-unreviewed
叫,zh-Hant-TW,jiào,,,false,unicode-unihan-17@17.0.0:kMandarin,kMandarin,source-attested-unreviewed
啦,yue-HK,laa1,,,false,unicode-unihan-17@17.0.0:kCantonese,kCantonese,source-attested-unreviewed
啦,zh-Hant-TW,la,,,false,unicode-unihan-17@17.0.0:kMandarin,kMandarin,source-attested-unreviewed
啦,zh-Hant-TW,lā,attested-count:15,,false,unicode-unihan-17@17.0.0:kHanyuPinlu,kHanyuPinlu,source-attested-unreviewed
主,yue-HK,zyu2,,,false,unicode-unihan-17@17.0.0:kCantonese,kCantonese,source-attested-unreviewed
主,zh-Hant-TW,zhǔ,,,false,unicode-unihan-17@17.0.0:kMandarin,kMandarin,source-attested-unreviewed
主,zh-Hant-TW,zhù,,,false,unicode-unihan-17@17.0.0:kHanyuPinyin,kHanyuPinyin,source-attested-unreviewed
思,yue-HK,si1,,,false,unicode-unihan-17@17.0.0:kCantonese,kCantonese,source-attested-unreviewed
思,yue-HK,si3,"mandarin-mapping:sī,sì",,false,unicode-unihan-17@17.0.0:kSMSZD2003Readings,kSMSZD2003Readings,source-attested-unreviewed
思,yue-HK,soi1,mandarin-mapping:sāi,,false,unicode-unihan-17@17.0.0:kSMSZD2003Readings,kSMSZD2003Readings,source-attested-unreviewed
思,zh-Hant-TW,sī,,,false,unicode-unihan-17@17.0.0:kMandarin,kMandarin,source-attested-unreviewed
思,zh-Hant-TW,si,attested-count:331,,false,unicode-unihan-17@17.0.0:kHanyuPinlu,kHanyuPinlu,source-attested-unreviewed
思,zh-Hant-TW,sāi,,,false,unicode-unihan-17@17.0.0:kHanyuPinyin,kHanyuPinyin,source-attested-unreviewed
回,yue-HK,wui4,,,false,unicode-unihan-17@17.0.0:kCantonese,kCantonese,source-attested-unreviewed
回,zh-Hant-TW,huí,,,false,unicode-unihan-17@17.0.0:kMandarin,kMandarin,source-attested-unreviewed
畫,yue-HK,waak6,,,false,unicode-unihan-17@17.0.0:kCantonese,kCantonese,source-attested-unreviewed
畫,yue-HK,waa2,mandarin-mapping:huà,,false,unicode-unihan-17@17.0.0:kSMSZD2003Readings,kSMSZD2003Readings,source-attested-unreviewed
畫,zh-Hant-TW,huà,,,false,unicode-unihan-17@17.0.0:kMandarin,kMandarin,source-attested-unreviewed
答,yue-HK,daap3,,,false,unicode-unihan-17@17.0.0:kCantonese,kCantonese,source-attested-unreviewed
答,zh-Hant-TW,dá,,,false,unicode-unihan-17@17.0.0:kMandarin,kMandarin,source-attested-unreviewed
答,zh-Hant-TW,dā,attested-count:193,,false,unicode-unihan-17@17.0.0:kHanyuPinlu,kHanyuPinlu,source-attested-unreviewed
機,yue-HK,gei1,,,false,unicode-unihan-17@17.0.0:kCantonese,kCantonese,source-attested-unreviewed
機,zh-Hant-TW,jī,,,false,unicode-unihan-17@17.0.0:kMandarin,kMandarin,source-attested-unreviewed
氣,yue-HK,hei3,,,false,unicode-unihan-17@17.0.0:kCantonese,kCantonese,source-attested-unreviewed
氣,zh-Hant-TW,qì,,,false,unicode-unihan-17@17.0.0:kMandarin,kMandarin,source-attested-unreviewed
氣,zh-Hant-TW,qi,attested-count:348,,false,unicode-unihan-17@17.0.0:kHanyuPinlu,kHanyuPinlu,source-attested-unreviewed
氣,zh-Hant-TW,xì,,,false,unicode-unihan-17@17.0.0:kHanyuPinyin,kHanyuPinyin,source-attested-unreviewed
元,yue-HK,jyun4,,,false,unicode-unihan-17@17.0.0:kCantonese,kCantonese,source-attested-unreviewed
元,zh-Hant-TW,yuán,,,false,unicode-unihan-17@17.0.0:kMandarin,kMandarin,source-attested-unreviewed
當,yue-HK,dong1,,,false,unicode-unihan-17@17.0.0:kCantonese,kCantonese,source-attested-unreviewed
當,yue-HK,dong3,mandarin-mapping:dàng,,false,unicode-unihan-17@17.0.0:kSMSZD2003Readings,kSMSZD2003Readings,source-attested-unreviewed
當,zh-Hant-TW,dāng,,,false,unicode-unihan-17@17.0.0:kMandarin,kMandarin,source-attested-unreviewed
當,zh-Hant-TW,dàng,attested-count:474,,false,unicode-unihan-17@17.0.0:kHanyuPinlu,kHanyuPinlu,source-attested-unreviewed
當,zh-Hant-TW,dang,attested-count:40,,false,unicode-unihan-17@17.0.0:kHanyuPinlu,kHanyuPinlu,source-attested-unreviewed
師,yue-HK,si1,,,false,unicode-unihan-17@17.0.0:kCantonese,kCantonese,source-attested-unreviewed
師,zh-Hant-TW,shī,,,false,unicode-unihan-17@17.0.0:kMandarin,kMandarin,source-attested-unreviewed
像,yue-HK,zoeng6,,,false,unicode-unihan-17@17.0.0:kCantonese,kCantonese,source-attested-unreviewed
像,zh-Hant-TW,xiàng,,,false,unicode-unihan-17@17.0.0:kMandarin,kMandarin,source-attested-unreviewed
間,yue-HK,gaan1,,,false,unicode-unihan-17@17.0.0:kCantonese,kCantonese,source-attested-unreviewed
間,yue-HK,gaan3,mandarin-mapping:jiàn,,false,unicode-unihan-17@17.0.0:kSMSZD2003Readings,kSMSZD2003Readings,source-attested-unreviewed
間,zh-Hant-TW,jiān,,,false,unicode-unihan-17@17.0.0:kMandarin,kMandarin,source-attested-unreviewed
間,zh-Hant-TW,jian,attested-count:37,,false,unicode-unihan-17@17.0.0:kHanyuPinlu,kHanyuPinlu,source-attested-unreviewed
間,zh-Hant-TW,jiàn,attested-count:15,,false,unicode-unihan-17@17.0.0:kHanyuPinlu,kHanyuPinlu,source-attested-unreviewed
間,zh-Hant-TW,jiǎn,,,false,unicode-unihan-17@17.0.0:kHanyuPinyin,kHanyuPinyin,source-attested-unreviewed
例,yue-HK,lai6,,,false,unicode-unihan-17@17.0.0:kCantonese,kCantonese,source-attested-unreviewed
例,zh-Hant-TW,lì,,,false,unicode-unihan-17@17.0.0:kMandarin,kMandarin,source-attested-unreviewed
例,zh-Hant-TW,liè,,,false,unicode-unihan-17@17.0.0:kHanyuPinyin,kHanyuPinyin,source-attested-unreviewed
實,yue-HK,sat6,,,false,unicode-unihan-17@17.0.0:kCantonese,kCantonese,source-attested-unreviewed
實,zh-Hant-TW,shí,,,false,unicode-unihan-17@17.0.0:kMandarin,kMandarin,source-attested-unreviewed
實,zh-Hant-TW,shi,attested-count:200,,false,unicode-unihan-17@17.0.0:kHanyuPinlu,kHanyuPinlu,source-attested-unreviewed
實,zh-Hant-TW,zhì,,,false,unicode-unihan-17@17.0.0:kHanyuPinyin,kHanyuPinyin,source-attested-unreviewed
放,yue-HK,fong3,,,false,unicode-unihan-17@17.0.0:kCantonese,kCantonese,source-attested-unreviewed
放,zh-Hant-TW,fàng,,,false,unicode-unihan-17@17.0.0:kMandarin,kMandarin,source-attested-unreviewed
放,zh-Hant-TW,fǎng,,,false,unicode-unihan-17@17.0.0:kHanyuPinyin,kHanyuPinyin,source-attested-unreviewed
放,zh-Hant-TW,fāng,,,false,unicode-unihan-17@17.0.0:kHanyuPinyin,kHanyuPinyin,source-attested-unreviewed
最,yue-HK,zeoi3,,,false,unicode-unihan-17@17.0.0:kCantonese,kCantonese,source-attested-unreviewed
最,zh-Hant-TW,zuì,,,false,unicode-unihan-17@17.0.0:kMandarin,kMandarin,source-attested-unreviewed
最,zh-Hant-TW,cuō,,,false,unicode-unihan-17@17.0.0:kHanyuPinyin,kHanyuPinyin,source-attested-unreviewed
萬,yue-HK,maan6,,,false,unicode-unihan-17@17.0.0:kCantonese,kCantonese,source-attested-unreviewed
萬,zh-Hant-TW,wàn,,,false,unicode-unihan-17@17.0.0:kMandarin,kMandarin,source-attested-unreviewed
情,yue-HK,cing4,,,false,unicode-unihan-17@17.0.0:kCantonese,kCantonese,source-attested-unreviewed
情,zh-Hant-TW,qíng,,,false,unicode-unihan-17@17.0.0:kMandarin,kMandarin,source-attested-unreviewed
情,zh-Hant-TW,qing,attested-count:491,,false,unicode-unihan-17@17.0.0:kHanyuPinlu,kHanyuPinlu,source-attested-unreviewed
知,yue-HK,zi1,,,false,unicode-unihan-17@17.0.0:kCantonese,kCantonese,source-attested-unreviewed
知,yue-HK,zi3,mandarin-mapping:zhì,,false,unicode-unihan-17@17.0.0:kSMSZD2003Readings,kSMSZD2003Readings,source-attested-unreviewed
知,zh-Hant-TW,zhī,,,false,unicode-unihan-17@17.0.0:kMandarin,kMandarin,source-attested-unreviewed
知,zh-Hant-TW,zhì,,,false,unicode-unihan-17@17.0.0:kHanyuPinyin,kHanyuPinyin,source-attested-unreviewed
解,yue-HK,gaai2,,,false,unicode-unihan-17@17.0.0:kCantonese,kCantonese,source-attested-unreviewed
解,yue-HK,gaai3,mandarin-mapping:jiè,,false,unicode-unihan-17@17.0.0:kSMSZD2003Readings,kSMSZD2003Readings,source-attested-unreviewed
解,zh-Hant-TW,jiě,,,false,unicode-unihan-17@17.0.0:kMandarin,kMandarin,source-attested-unreviewed
解,zh-Hant-TW,jiè,,,false,unicode-unihan-17@17.0.0:kHanyuPinyin,kHanyuPinyin,source-attested-unreviewed
解,zh-Hant-TW,xiè,,,false,unicode-unihan-17@17.0.0:kHanyuPinyin,kHanyuPinyin,source-attested-unreviewed
角,yue-HK,gok3,,,false,unicode-unihan-17@17.0.0:kCantonese,kCantonese,source-attested-unreviewed
角,zh-Hant-TW,jiǎo,,,false,unicode-unihan-17@17.0.0:kMandarin,kMandarin,source-attested-unreviewed
角,zh-Hant-TW,jué,attested-count:14,,false,unicode-unihan-17@17.0.0:kHanyuPinlu,kHanyuPinlu,source-attested-unreviewed
角,zh-Hant-TW,lù,,,false,unicode-unihan-17@17.0.0:kHanyuPinyin,kHanyuPinyin,source-attested-unreviewed
角,zh-Hant-TW,gǔ,,,false,unicode-unihan-17@17.0.0:kHanyuPinyin,kHanyuPinyin,source-attested-unreviewed
隊,yue-HK,deoi6,,,false,unicode-unihan-17@17.0.0:kCantonese,kCantonese,source-attested-unreviewed
隊,zh-Hant-TW,duì,,,false,unicode-unihan-17@17.0.0:kMandarin,kMandarin,source-attested-unreviewed
隊,zh-Hant-TW,zhuì,,,false,unicode-unihan-17@17.0.0:kHanyuPinyin,kHanyuPinyin,source-attested-unreviewed
隊,zh-Hant-TW,suì,,,false,unicode-unihan-17@17.0.0:kHanyuPinyin,kHanyuPinyin,source-attested-unreviewed
很,yue-HK,han2,,,false,unicode-unihan-17@17.0.0:kCantonese,kCantonese,source-attested-unreviewed
很,zh-Hant-TW,hěn,,,false,unicode-unihan-17@17.0.0:kMandarin,kMandarin,source-attested-unreviewed
白,yue-HK,baak6,,,false,unicode-unihan-17@17.0.0:kCantonese,kCantonese,source-attested-unreviewed
白,zh-Hant-TW,bái,,,false,unicode-unihan-17@17.0.0:kMandarin,kMandarin,source-attested-unreviewed
白,zh-Hant-TW,bai,attested-count:329,,false,unicode-unihan-17@17.0.0:kHanyuPinlu,kHanyuPinlu,source-attested-unreviewed
白,zh-Hant-TW,bó,,,false,unicode-unihan-17@17.0.0:kHanyuPinyin,kHanyuPinyin,source-attested-unreviewed
運,yue-HK,wan6,,,false,unicode-unihan-17@17.0.0:kCantonese,kCantonese,source-attested-unreviewed
運,zh-Hant-TW,yùn,,,false,unicode-unihan-17@17.0.0:kMandarin,kMandarin,source-attested-unreviewed
次,yue-HK,ci3,,,false,unicode-unihan-17@17.0.0:kCantonese,kCantonese,source-attested-unreviewed
次,zh-Hant-TW,cì,,,false,unicode-unihan-17@17.0.0:kMandarin,kMandarin,source-attested-unreviewed
次,zh-Hant-TW,zī,,,false,unicode-unihan-17@17.0.0:kHanyuPinyin,kHanyuPinyin,source-attested-unreviewed
次,zh-Hant-TW,cí,,,false,unicode-unihan-17@17.0.0:kHanyuPinyin,kHanyuPinyin,source-attested-unreviewed
隻,yue-HK,zek3,,,false,unicode-unihan-17@17.0.0:kCantonese,kCantonese,source-attested-unreviewed
隻,zh-Hant-TW,zhī,,,false,unicode-unihan-17@17.0.0:kMandarin,kMandarin,source-attested-unreviewed
隻,zh-Hant-TW,huò,,,false,unicode-unihan-17@17.0.0:kHanyuPinyin,kHanyuPinyin,source-attested-unreviewed
化,yue-HK,faa3,,,false,unicode-unihan-17@17.0.0:kCantonese,kCantonese,source-attested-unreviewed
化,zh-Hant-TW,huà,,,false,unicode-unihan-17@17.0.0:kMandarin,kMandarin,source-attested-unreviewed
化,zh-Hant-TW,huā,,,false,unicode-unihan-17@17.0.0:kHanyuPinyin,kHanyuPinyin,source-attested-unreviewed
化,zh-Hant-TW,huò,,,false,unicode-unihan-17@17.0.0:kHanyuPinyin,kHanyuPinyin,source-attested-unreviewed
活,yue-HK,wut6,,,false,unicode-unihan-17@17.0.0:kCantonese,kCantonese,source-attested-unreviewed
活,zh-Hant-TW,huó,,,false,unicode-unihan-17@17.0.0:kMandarin,kMandarin,source-attested-unreviewed
活,zh-Hant-TW,huo,attested-count:54,,false,unicode-unihan-17@17.0.0:kHanyuPinlu,kHanyuPinlu,source-attested-unreviewed
活,zh-Hant-TW,guō,,,false,unicode-unihan-17@17.0.0:kHanyuPinyin,kHanyuPinyin,source-attested-unreviewed
句,yue-HK,geoi3,,,false,unicode-unihan-17@17.0.0:kCantonese,kCantonese,source-attested-unreviewed
句,yue-HK,ngau1,mandarin-mapping:gōu,,false,unicode-unihan-17@17.0.0:kSMSZD2003Readings,kSMSZD2003Readings,source-attested-unreviewed
句,zh-Hant-TW,jù,,,false,unicode-unihan-17@17.0.0:kMandarin,kMandarin,source-attested-unreviewed
句,zh-Hant-TW,gōu,,,false,unicode-unihan-17@17.0.0:kHanyuPinyin,kHanyuPinyin,source-attested-unreviewed
句,zh-Hant-TW,gòu,,,false,unicode-unihan-17@17.0.0:kHanyuPinyin,kHanyuPinyin,source-attested-unreviewed
句,zh-Hant-TW,qú,,,false,unicode-unihan-17@17.0.0:kHanyuPinyin,kHanyuPinyin,source-attested-unreviewed
電,yue-HK,din6,,,false,unicode-unihan-17@17.0.0:kCantonese,kCantonese,source-attested-unreviewed
電,zh-Hant-TW,diàn,,,false,unicode-unihan-17@17.0.0:kMandarin,kMandarin,source-attested-unreviewed
釐,yue-HK,hei1,,,false,unicode-unihan-17@17.0.0:kCantonese,kCantonese,source-attested-unreviewed
釐,yue-HK,lei4,mandarin-mapping:lí,,false,unicode-unihan-17@17.0.0:kSMSZD2003Readings,kSMSZD2003Readings,source-attested-unreviewed
釐,zh-Hant-TW,xī,,,false,unicode-unihan-17@17.0.0:kMandarin,kMandarin,source-attested-unreviewed
釐,zh-Hant-TW,lí,,,false,unicode-unihan-17@17.0.0:kMandarin,kMandarin,source-attested-unreviewed
釐,zh-Hant-TW,lái,,,false,unicode-unihan-17@17.0.0:kHanyuPinyin,kHanyuPinyin,source-attested-unreviewed
釐,zh-Hant-TW,tāi,,,false,unicode-unihan-17@17.0.0:kHanyuPinyin,kHanyuPinyin,source-attested-unreviewed
釐,zh-Hant-TW,lài,,,false,unicode-unihan-17@17.0.0:kHanyuPinyin,kHanyuPinyin,source-attested-unreviewed
日,yue-HK,jat6,,,false,unicode-unihan-17@17.0.0:kCantonese,kCantonese,source-attested-unreviewed
日,zh-Hant-TW,rì,,,false,unicode-unihan-17@17.0.0:kMandarin,kMandarin,source-attested-unreviewed
等,yue-HK,dang2,,,false,unicode-unihan-17@17.0.0:kCantonese,kCantonese,source-attested-unreviewed
等,zh-Hant-TW,děng,,,false,unicode-unihan-17@17.0.0:kMandarin,kMandarin,source-attested-unreviewed
美,yue-HK,mei5,,,false,unicode-unihan-17@17.0.0:kCantonese,kCantonese,source-attested-unreviewed
美,zh-Hant-TW,měi,,,false,unicode-unihan-17@17.0.0:kMandarin,kMandarin,source-attested-unreviewed
倍,yue-HK,pui5,,,false,unicode-unihan-17@17.0.0:kCantonese,kCantonese,source-attested-unreviewed
倍,zh-Hant-TW,bèi,,,false,unicode-unihan-17@17.0.0:kMandarin,kMandarin,source-attested-unreviewed
倍,zh-Hant-TW,péi,,,false,unicode-unihan-17@17.0.0:kHanyuPinyin,kHanyuPinyin,source-attested-unreviewed
經,yue-HK,ging1,,,false,unicode-unihan-17@17.0.0:kCantonese,kCantonese,source-attested-unreviewed
經,zh-Hant-TW,jīng,,,false,unicode-unihan-17@17.0.0:kMandarin,kMandarin,source-attested-unreviewed
經,zh-Hant-TW,jing,attested-count:1342,,false,unicode-unihan-17@17.0.0:kHanyuPinlu,kHanyuPinlu,source-attested-unreviewed
經,zh-Hant-TW,jìng,,,false,unicode-unihan-17@17.0.0:kHanyuPinyin,kHanyuPinyin,source-attested-unreviewed
完,yue-HK,jyun4,,,false,unicode-unihan-17@17.0.0:kCantonese,kCantonese,source-attested-unreviewed
完,zh-Hant-TW,wán,,,false,unicode-unihan-17@17.0.0:kMandarin,kMandarin,source-attested-unreviewed
完,zh-Hant-TW,kuān,,,false,unicode-unihan-17@17.0.0:kHanyuPinyin,kHanyuPinyin,source-attested-unreviewed
量,yue-HK,loeng4,,,false,unicode-unihan-17@17.0.0:kCantonese,kCantonese,source-attested-unreviewed
量,yue-HK,loeng6,mandarin-mapping:liàng,,false,unicode-unihan-17@17.0.0:kSMSZD2003Readings,kSMSZD2003Readings,source-attested-unreviewed
量,zh-Hant-TW,liàng,,,false,unicode-unihan-17@17.0.0:kMandarin,kMandarin,source-attested-unreviewed
量,zh-Hant-TW,liang,attested-count:433,,false,unicode-unihan-17@17.0.0:kHanyuPinlu,kHanyuPinlu,source-attested-unreviewed
量,zh-Hant-TW,liáng,attested-count:208,,false,unicode-unihan-17@17.0.0:kHanyuPinlu,kHanyuPinlu,source-attested-unreviewed
球,yue-HK,kau4,,,false,unicode-unihan-17@17.0.0:kCantonese,kCantonese,source-attested-unreviewed
球,zh-Hant-TW,qiú,,,false,unicode-unihan-17@17.0.0:kMandarin,kMandarin,source-attested-unreviewed
飛,yue-HK,fei1,,,false,unicode-unihan-17@17.0.0:kCantonese,kCantonese,source-attested-unreviewed
飛,zh-Hant-TW,fēi,,,false,unicode-unihan-17@17.0.0:kMandarin,kMandarin,source-attested-unreviewed
軍,yue-HK,gwan1,,,false,unicode-unihan-17@17.0.0:kCantonese,kCantonese,source-attested-unreviewed
軍,zh-Hant-TW,jūn,,,false,unicode-unihan-17@17.0.0:kMandarin,kMandarin,source-attested-unreviewed
之,yue-HK,zi1,,,false,unicode-unihan-17@17.0.0:kCantonese,kCantonese,source-attested-unreviewed
之,zh-Hant-TW,zhī,,,false,unicode-unihan-17@17.0.0:kMandarin,kMandarin,source-attested-unreviewed
之,zh-Hant-TW,zhū,,,false,unicode-unihan-17@17.0.0:kHanyuPinyin,kHanyuPinyin,source-attested-unreviewed
之,zh-Hant-TW,zhì,,,false,unicode-unihan-17@17.0.0:kHanyuPinyin,kHanyuPinyin,source-attested-unreviewed
詞,yue-HK,ci4,,,false,unicode-unihan-17@17.0.0:kCantonese,kCantonese,source-attested-unreviewed
詞,zh-Hant-TW,cí,,,false,unicode-unihan-17@17.0.0:kMandarin,kMandarin,source-attested-unreviewed
色,yue-HK,sik1,,,false,unicode-unihan-17@17.0.0:kCantonese,kCantonese,source-attested-unreviewed
色,zh-Hant-TW,sè,,,false,unicode-unihan-17@17.0.0:kMandarin,kMandarin,source-attested-unreviewed
色,zh-Hant-TW,shǎi,,,false,unicode-unihan-17@17.0.0:kHanyuPinyin,kHanyuPinyin,source-attested-unreviewed
度,yue-HK,dou6,,,false,unicode-unihan-17@17.0.0:kCantonese,kCantonese,source-attested-unreviewed
度,yue-HK,dok6,mandarin-mapping:duó,,false,unicode-unihan-17@17.0.0:kSMSZD2003Readings,kSMSZD2003Readings,source-attested-unreviewed
度,zh-Hant-TW,dù,,,false,unicode-unihan-17@17.0.0:kMandarin,kMandarin,source-attested-unreviewed
度,zh-Hant-TW,du,attested-count:331,,false,unicode-unihan-17@17.0.0:kHanyuPinlu,kHanyuPinlu,source-attested-unreviewed
度,zh-Hant-TW,duó,,,false,unicode-unihan-17@17.0.0:kHanyuPinyin,kHanyuPinyin,source-attested-unreviewed
度,zh-Hant-TW,zhái,,,false,unicode-unihan-17@17.0.0:kHanyuPinyin,kHanyuPinyin,source-attested-unreviewed
根,yue-HK,gan1,,,false,unicode-unihan-17@17.0.0:kCantonese,kCantonese,source-attested-unreviewed
根,zh-Hant-TW,gēn,,,false,unicode-unihan-17@17.0.0:kMandarin,kMandarin,source-attested-unreviewed
問,yue-HK,man6,,,false,unicode-unihan-17@17.0.0:kCantonese,kCantonese,source-attested-unreviewed
問,zh-Hant-TW,wèn,,,false,unicode-unihan-17@17.0.0:kMandarin,kMandarin,source-attested-unreviewed
問,zh-Hant-TW,wen,attested-count:54,,false,unicode-unihan-17@17.0.0:kHanyuPinlu,kHanyuPinlu,source-attested-unreviewed
呀,yue-HK,aa1,,,false,unicode-unihan-17@17.0.0:kCantonese,kCantonese,source-attested-unreviewed
呀,zh-Hant-TW,ya,,,false,unicode-unihan-17@17.0.0:kMandarin,kMandarin,source-attested-unreviewed
呀,zh-Hant-TW,yā,attested-count:398,,false,unicode-unihan-17@17.0.0:kHanyuPinlu,kHanyuPinlu,source-attested-unreviewed
呀,zh-Hant-TW,xiā,,,false,unicode-unihan-17@17.0.0:kHanyuPinyin,kHanyuPinyin,source-attested-unreviewed
打,yue-HK,daa2,,,false,unicode-unihan-17@17.0.0:kCantonese,kCantonese,source-attested-unreviewed
打,yue-HK,daa1,mandarin-mapping:dá,,false,unicode-unihan-17@17.0.0:kSMSZD2003Readings,kSMSZD2003Readings,source-attested-unreviewed
打,zh-Hant-TW,dǎ,,,false,unicode-unihan-17@17.0.0:kMandarin,kMandarin,source-attested-unreviewed
打,zh-Hant-TW,da,attested-count:15,,false,unicode-unihan-17@17.0.0:kHanyuPinlu,kHanyuPinlu,source-attested-unreviewed
打,zh-Hant-TW,dá,,,false,unicode-unihan-17@17.0.0:kHanyuPinyin,kHanyuPinyin,source-attested-unreviewed
光,yue-HK,gwong1,,,false,unicode-unihan-17@17.0.0:kCantonese,kCantonese,source-attested-unreviewed
光,zh-Hant-TW,guāng,,,false,unicode-unihan-17@17.0.0:kMandarin,kMandarin,source-attested-unreviewed
光,zh-Hant-TW,guàng,,,false,unicode-unihan-17@17.0.0:kHanyuPinyin,kHanyuPinyin,source-attested-unreviewed
空,yue-HK,hung1,,,false,unicode-unihan-17@17.0.0:kCantonese,kCantonese,source-attested-unreviewed
空,zh-Hant-TW,kōng,,,false,unicode-unihan-17@17.0.0:kMandarin,kMandarin,source-attested-unreviewed
空,zh-Hant-TW,kòng,attested-count:69,,false,unicode-unihan-17@17.0.0:kHanyuPinlu,kHanyuPinlu,source-attested-unreviewed
空,zh-Hant-TW,kǒng,,,false,unicode-unihan-17@17.0.0:kHanyuPinyin,kHanyuPinyin,source-attested-unreviewed
如,yue-HK,jyu4,,,false,unicode-unihan-17@17.0.0:kCantonese,kCantonese,source-attested-unreviewed
如,zh-Hant-TW,rú,,,false,unicode-unihan-17@17.0.0:kMandarin,kMandarin,source-attested-unreviewed
她,yue-HK,taa1,,,false,unicode-unihan-17@17.0.0:kCantonese,kCantonese,source-attested-unreviewed
她,zh-Hant-TW,tā,,,false,unicode-unihan-17@17.0.0:kMandarin,kMandarin,source-attested-unreviewed
她,zh-Hant-TW,jiě,,,false,unicode-unihan-17@17.0.0:kHanyuPinyin,kHanyuPinyin,source-attested-unreviewed
她,zh-Hant-TW,chí,,,false,unicode-unihan-17@17.0.0:kHanyuPinyin,kHanyuPinyin,source-attested-unreviewed
見,yue-HK,gin3,,,false,unicode-unihan-17@17.0.0:kCantonese,kCantonese,source-attested-unreviewed
見,zh-Hant-TW,jiàn,,,false,unicode-unihan-17@17.0.0:kMandarin,kMandarin,source-attested-unreviewed
見,zh-Hant-TW,xiàn,attested-count:446,,false,unicode-unihan-17@17.0.0:kHanyuPinlu,kHanyuPinlu,source-attested-unreviewed
見,zh-Hant-TW,jian,attested-count:335,,false,unicode-unihan-17@17.0.0:kHanyuPinlu,kHanyuPinlu,source-attested-unreviewed
原,yue-HK,jyun4,,,false,unicode-unihan-17@17.0.0:kCantonese,kCantonese,source-attested-unreviewed
原,zh-Hant-TW,yuán,,,false,unicode-unihan-17@17.0.0:kMandarin,kMandarin,source-attested-unreviewed
節,yue-HK,zit3,,,false,unicode-unihan-17@17.0.0:kCantonese,kCantonese,source-attested-unreviewed
節,zh-Hant-TW,jié,,,false,unicode-unihan-17@17.0.0:kMandarin,kMandarin,source-attested-unreviewed
節,zh-Hant-TW,jiē,,,false,unicode-unihan-17@17.0.0:kHanyuPinyin,kHanyuPinyin,source-attested-unreviewed
身,yue-HK,san1,,,false,unicode-unihan-17@17.0.0:kCantonese,kCantonese,source-attested-unreviewed
身,yue-HK,gyun1,mandarin-mapping:juān,,false,unicode-unihan-17@17.0.0:kSMSZD2003Readings,kSMSZD2003Readings,source-attested-unreviewed
身,zh-Hant-TW,shēn,,,false,unicode-unihan-17@17.0.0:kMandarin,kMandarin,source-attested-unreviewed
身,zh-Hant-TW,juān,,,false,unicode-unihan-17@17.0.0:kHanyuPinyin,kHanyuPinyin,source-attested-unreviewed
爸,yue-HK,baa1,,,false,unicode-unihan-17@17.0.0:kCantonese,kCantonese,source-attested-unreviewed
爸,zh-Hant-TW,bà,,,false,unicode-unihan-17@17.0.0:kMandarin,kMandarin,source-attested-unreviewed
爸,zh-Hant-TW,ba,attested-count:429,,false,unicode-unihan-17@17.0.0:kHanyuPinlu,kHanyuPinlu,source-attested-unreviewed
線,yue-HK,sin3,,,false,unicode-unihan-17@17.0.0:kCantonese,kCantonese,source-attested-unreviewed
線,zh-Hant-TW,xiàn,,,false,unicode-unihan-17@17.0.0:kMandarin,kMandarin,source-attested-unreviewed
己,yue-HK,gei2,,,false,unicode-unihan-17@17.0.0:kCantonese,kCantonese,source-attested-unreviewed
己,zh-Hant-TW,jǐ,,,false,unicode-unihan-17@17.0.0:kMandarin,kMandarin,source-attested-unreviewed
己,zh-Hant-TW,qǐ,,,false,unicode-unihan-17@17.0.0:kHanyuPinyin,kHanyuPinyin,source-attested-unreviewed
乘,yue-HK,sing4,,,false,unicode-unihan-17@17.0.0:kCantonese,kCantonese,source-attested-unreviewed
乘,yue-HK,sing6,mandarin-mapping:shèng,,false,unicode-unihan-17@17.0.0:kSMSZD2003Readings,kSMSZD2003Readings,source-attested-unreviewed
乘,zh-Hant-TW,chéng,,,false,unicode-unihan-17@17.0.0:kMandarin,kMandarin,source-attested-unreviewed
乘,zh-Hant-TW,shèng,,,false,unicode-unihan-17@17.0.0:kHanyuPinyin,kHanyuPinyin,source-attested-unreviewed
嗎,yue-HK,maa1,,,false,unicode-unihan-17@17.0.0:kCantonese,kCantonese,source-attested-unreviewed
嗎,yue-HK,maa3,mandarin-mapping:ma,,false,unicode-unihan-17@17.0.0:kSMSZD2003Readings,kSMSZD2003Readings,source-attested-unreviewed
嗎,zh-Hant-TW,ma,,,false,unicode-unihan-17@17.0.0:kMandarin,kMandarin,source-attested-unreviewed
嗎,zh-Hant-TW,má,attested-count:93,,false,unicode-unihan-17@17.0.0:kHanyuPinlu,kHanyuPinlu,source-attested-unreviewed
嗎,zh-Hant-TW,mà,,,false,unicode-unihan-17@17.0.0:kHanyuPinyin,kHanyuPinyin,source-attested-unreviewed
嗎,zh-Hant-TW,mǎ,,,false,unicode-unihan-17@17.0.0:kHanyuPinyin,kHanyuPinyin,source-attested-unreviewed
只,yue-HK,zi2,,,false,unicode-unihan-17@17.0.0:kCantonese,kCantonese,source-attested-unreviewed
只,zh-Hant-TW,zhǐ,,,false,unicode-unihan-17@17.0.0:kMandarin,kMandarin,source-attested-unreviewed
只,zh-Hant-TW,zhī,attested-count:749,,false,unicode-unihan-17@17.0.0:kHanyuPinlu,kHanyuPinlu,source-attested-unreviewed
內,yue-HK,noi6,,,false,unicode-unihan-17@17.0.0:kCantonese,kCantonese,source-attested-unreviewed
內,zh-Hant-TW,nèi,,,false,unicode-unihan-17@17.0.0:kMandarin,kMandarin,source-attested-unreviewed
填,yue-HK,tin4,,,false,unicode-unihan-17@17.0.0:kCantonese,kCantonese,source-attested-unreviewed
填,zh-Hant-TW,tián,,,false,unicode-unihan-17@17.0.0:kMandarin,kMandarin,source-attested-unreviewed
填,zh-Hant-TW,tiǎn,,,false,unicode-unihan-17@17.0.0:kHanyuPinyin,kHanyuPinyin,source-attested-unreviewed
填,zh-Hant-TW,chén,,,false,unicode-unihan-17@17.0.0:kHanyuPinyin,kHanyuPinyin,source-attested-unreviewed
填,zh-Hant-TW,zhèn,,,false,unicode-unihan-17@17.0.0:kHanyuPinyin,kHanyuPinyin,source-attested-unreviewed
變,yue-HK,bin3,,,false,unicode-unihan-17@17.0.0:kCantonese,kCantonese,source-attested-unreviewed
變,zh-Hant-TW,biàn,,,false,unicode-unihan-17@17.0.0:kMandarin,kMandarin,source-attested-unreviewed
星,yue-HK,sing1,,,false,unicode-unihan-17@17.0.0:kCantonese,kCantonese,source-attested-unreviewed
星,zh-Hant-TW,xīng,,,false,unicode-unihan-17@17.0.0:kMandarin,kMandarin,source-attested-unreviewed
別,yue-HK,bit6,,,false,unicode-unihan-17@17.0.0:kCantonese,kCantonese,source-attested-unreviewed
別,zh-Hant-TW,bié,,,false,unicode-unihan-17@17.0.0:kMandarin,kMandarin,source-attested-unreviewed
別,zh-Hant-TW,biè,attested-count:14,,false,unicode-unihan-17@17.0.0:kHanyuPinlu,kHanyuPinlu,source-attested-unreviewed
外,yue-HK,ngoi6,,,false,unicode-unihan-17@17.0.0:kCantonese,kCantonese,source-attested-unreviewed
外,zh-Hant-TW,wài,,,false,unicode-unihan-17@17.0.0:kMandarin,kMandarin,source-attested-unreviewed
件,yue-HK,gin6,,,false,unicode-unihan-17@17.0.0:kCantonese,kCantonese,source-attested-unreviewed
件,zh-Hant-TW,jiàn,,,false,unicode-unihan-17@17.0.0:kMandarin,kMandarin,source-attested-unreviewed
件,zh-Hant-TW,móu,,,false,unicode-unihan-17@17.0.0:kHanyuPinyin,kHanyuPinyin,source-attested-unreviewed
愛,yue-HK,oi3,,,false,unicode-unihan-17@17.0.0:kCantonese,kCantonese,source-attested-unreviewed
愛,zh-Hant-TW,ài,,,false,unicode-unihan-17@17.0.0:kMandarin,kMandarin,source-attested-unreviewed
連,yue-HK,lin4,,,false,unicode-unihan-17@17.0.0:kCantonese,kCantonese,source-attested-unreviewed
連,zh-Hant-TW,lián,,,false,unicode-unihan-17@17.0.0:kMandarin,kMandarin,source-attested-unreviewed
連,zh-Hant-TW,liǎn,,,false,unicode-unihan-17@17.0.0:kHanyuPinyin,kHanyuPinyin,source-attested-unreviewed
連,zh-Hant-TW,liàn,,,false,unicode-unihan-17@17.0.0:kHanyuPinyin,kHanyuPinyin,source-attested-unreviewed
連,zh-Hant-TW,làn,,,false,unicode-unihan-17@17.0.0:kHanyuPinyin,kHanyuPinyin,source-attested-unreviewed
級,yue-HK,kap1,,,false,unicode-unihan-17@17.0.0:kCantonese,kCantonese,source-attested-unreviewed
級,zh-Hant-TW,jí,,,false,unicode-unihan-17@17.0.0:kMandarin,kMandarin,source-attested-unreviewed
式,yue-HK,sik1,,,false,unicode-unihan-17@17.0.0:kCantonese,kCantonese,source-attested-unreviewed
式,zh-Hant-TW,shì,,,false,unicode-unihan-17@17.0.0:kMandarin,kMandarin,source-attested-unreviewed
式,zh-Hant-TW,shi,attested-count:10,,false,unicode-unihan-17@17.0.0:kHanyuPinlu,kHanyuPinlu,source-attested-unreviewed
式,zh-Hant-TW,tè,,,false,unicode-unihan-17@17.0.0:kHanyuPinyin,kHanyuPinyin,source-attested-unreviewed
於,yue-HK,jyu1,,,false,unicode-unihan-17@17.0.0:kCantonese,kCantonese,source-attested-unreviewed
於,yue-HK,wu1,mandarin-mapping:wū,,false,unicode-unihan-17@17.0.0:kSMSZD2003Readings,kSMSZD2003Readings,source-attested-unreviewed
於,zh-Hant-TW,yú,,,false,unicode-unihan-17@17.0.0:kMandarin,kMandarin,source-attested-unreviewed
於,zh-Hant-TW,wū,,,false,unicode-unihan-17@17.0.0:kHanyuPinyin,kHanyuPinyin,source-attested-unreviewed
力,yue-HK,lik6,,,false,unicode-unihan-17@17.0.0:kCantonese,kCantonese,source-attested-unreviewed
力,zh-Hant-TW,lì,,,false,unicode-unihan-17@17.0.0:kMandarin,kMandarin,source-attested-unreviewed
力,zh-Hant-TW,li,attested-count:97,,false,unicode-unihan-17@17.0.0:kHanyuPinlu,kHanyuPinlu,source-attested-unreviewed
直,yue-HK,zik6,,,false,unicode-unihan-17@17.0.0:kCantonese,kCantonese,source-attested-unreviewed
直,zh-Hant-TW,zhí,,,false,unicode-unihan-17@17.0.0:kMandarin,kMandarin,source-attested-unreviewed
張,yue-HK,zoeng1,,,false,unicode-unihan-17@17.0.0:kCantonese,kCantonese,source-attested-unreviewed
張,zh-Hant-TW,zhāng,,,false,unicode-unihan-17@17.0.0:kMandarin,kMandarin,source-attested-unreviewed
張,zh-Hant-TW,zhàng,,,false,unicode-unihan-17@17.0.0:kHanyuPinyin,kHanyuPinyin,source-attested-unreviewed
均,yue-HK,gwan1,,,false,unicode-unihan-17@17.0.0:kCantonese,kCantonese,source-attested-unreviewed
均,zh-Hant-TW,jūn,,,false,unicode-unihan-17@17.0.0:kMandarin,kMandarin,source-attested-unreviewed
均,zh-Hant-TW,yùn,,,false,unicode-unihan-17@17.0.0:kHanyuPinyin,kHanyuPinyin,source-attested-unreviewed
班,yue-HK,baan1,,,false,unicode-unihan-17@17.0.0:kCantonese,kCantonese,source-attested-unreviewed
班,zh-Hant-TW,bān,,,false,unicode-unihan-17@17.0.0:kMandarin,kMandarin,source-attested-unreviewed
被,yue-HK,bei6,,,false,unicode-unihan-17@17.0.0:kCantonese,kCantonese,source-attested-unreviewed
被,yue-HK,pei5,mandarin-mapping:bèi,,false,unicode-unihan-17@17.0.0:kSMSZD2003Readings,kSMSZD2003Readings,source-attested-unreviewed
被,zh-Hant-TW,bèi,,,false,unicode-unihan-17@17.0.0:kMandarin,kMandarin,source-attested-unreviewed
被,zh-Hant-TW,bì,,,false,unicode-unihan-17@17.0.0:kHanyuPinyin,kHanyuPinyin,source-attested-unreviewed
被,zh-Hant-TW,pī,,,false,unicode-unihan-17@17.0.0:kHanyuPinyin,kHanyuPinyin,source-attested-unreviewed
被,zh-Hant-TW,pì,,,false,unicode-unihan-17@17.0.0:kHanyuPinyin,kHanyuPinyin,source-attested-unreviewed
噸,yue-HK,deon1,,,false,unicode-unihan-17@17.0.0:kCantonese,kCantonese,source-attested-unreviewed
噸,zh-Hant-TW,dūn,,,false,unicode-unihan-17@17.0.0:kMandarin,kMandarin,source-attested-unreviewed
帶,yue-HK,daai3,,,false,unicode-unihan-17@17.0.0:kCantonese,kCantonese,source-attested-unreviewed
帶,zh-Hant-TW,dài,,,false,unicode-unihan-17@17.0.0:kMandarin,kMandarin,source-attested-unreviewed
話,yue-HK,waa6,,,false,unicode-unihan-17@17.0.0:kCantonese,kCantonese,source-attested-unreviewed
話,zh-Hant-TW,huà,,,false,unicode-unihan-17@17.0.0:kMandarin,kMandarin,source-attested-unreviewed
話,zh-Hant-TW,hua,attested-count:32,,false,unicode-unihan-17@17.0.0:kHanyuPinlu,kHanyuPinlu,source-attested-unreviewed
應,yue-HK,jing3,,,false,unicode-unihan-17@17.0.0:kCantonese,kCantonese,source-attested-unreviewed
應,yue-HK,jing1,mandarin-mapping:yīng,,false,unicode-unihan-17@17.0.0:kSMSZD2003Readings,kSMSZD2003Readings,source-attested-unreviewed
應,zh-Hant-TW,yīng,,,false,unicode-unihan-17@17.0.0:kMandarin,kMandarin,source-attested-unreviewed
應,zh-Hant-TW,yìng,attested-count:400,,false,unicode-unihan-17@17.0.0:kHanyuPinlu,kHanyuPinlu,source-attested-unreviewed
應,zh-Hant-TW,ying,attested-count:213,,false,unicode-unihan-17@17.0.0:kHanyuPinlu,kHanyuPinlu,source-attested-unreviewed
已,yue-HK,ji5,,,false,unicode-unihan-17@17.0.0:kCantonese,kCantonese,source-attested-unreviewed
已,zh-Hant-TW,yǐ,,,false,unicode-unihan-17@17.0.0:kMandarin,kMandarin,source-attested-unreviewed
理,yue-HK,lei5,,,false,unicode-unihan-17@17.0.0:kCantonese,kCantonese,source-attested-unreviewed
理,zh-Hant-TW,lǐ,,,false,unicode-unihan-17@17.0.0:kMandarin,kMandarin,source-attested-unreviewed
理,zh-Hant-TW,li,attested-count:140,,false,unicode-unihan-17@17.0.0:kHanyuPinlu,kHanyuPinlu,source-attested-unreviewed
火,yue-HK,fo2,,,false,unicode-unihan-17@17.0.0:kCantonese,kCantonese,source-attested-unreviewed
火,zh-Hant-TW,huǒ,,,false,unicode-unihan-17@17.0.0:kMandarin,kMandarin,source-attested-unreviewed
火,zh-Hant-TW,huō,,,false,unicode-unihan-17@17.0.0:kHanyuPinyin,kHanyuPinyin,source-attested-unreviewed
風,yue-HK,fung1,,,false,unicode-unihan-17@17.0.0:kCantonese,kCantonese,source-attested-unreviewed
風,yue-HK,fung3,mandarin-mapping:fèng,,false,unicode-unihan-17@17.0.0:kSMSZD2003Readings,kSMSZD2003Readings,source-attested-unreviewed
風,zh-Hant-TW,fēng,,,false,unicode-unihan-17@17.0.0:kMandarin,kMandarin,source-attested-unreviewed
風,zh-Hant-TW,fèng,,,false,unicode-unihan-17@17.0.0:kHanyuPinyin,kHanyuPinyin,source-attested-unreviewed
風,zh-Hant-TW,fěng,,,false,unicode-unihan-17@17.0.0:kHanyuPinyin,kHanyuPinyin,source-attested-unreviewed
奏,yue-HK,zau3,,,false,unicode-unihan-17@17.0.0:kCantonese,kCantonese,source-attested-unreviewed
奏,zh-Hant-TW,zòu,,,false,unicode-unihan-17@17.0.0:kMandarin,kMandarin,source-attested-unreviewed
奏,zh-Hant-TW,còu,,,false,unicode-unihan-17@17.0.0:kHanyuPinyin,kHanyuPinyin,source-attested-unreviewed
照,yue-HK,ziu3,,,false,unicode-unihan-17@17.0.0:kCantonese,kCantonese,source-attested-unreviewed
照,zh-Hant-TW,zhào,,,false,unicode-unihan-17@17.0.0:kMandarin,kMandarin,source-attested-unreviewed
立,yue-HK,lap6,,,false,unicode-unihan-17@17.0.0:kCantonese,kCantonese,source-attested-unreviewed
立,yue-HK,laap6,mandarin-mapping:lì,,false,unicode-unihan-17@17.0.0:kSMSZD2003Readings,kSMSZD2003Readings,source-attested-unreviewed
立,zh-Hant-TW,lì,,,false,unicode-unihan-17@17.0.0:kMandarin,kMandarin,source-attested-unreviewed
立,zh-Hant-TW,wèi,,,false,unicode-unihan-17@17.0.0:kHanyuPinyin,kHanyuPinyin,source-attested-unreviewed
常,yue-HK,soeng4,,,false,unicode-unihan-17@17.0.0:kCantonese,kCantonese,source-attested-unreviewed
常,zh-Hant-TW,cháng,,,false,unicode-unihan-17@17.0.0:kMandarin,kMandarin,source-attested-unreviewed
西,yue-HK,sai1,,,false,unicode-unihan-17@17.0.0:kCantonese,kCantonese,source-attested-unreviewed
西,zh-Hant-TW,xī,,,false,unicode-unihan-17@17.0.0:kMandarin,kMandarin,source-attested-unreviewed
西,zh-Hant-TW,xi,attested-count:902,,false,unicode-unihan-17@17.0.0:kHanyuPinlu,kHanyuPinlu,source-attested-unreviewed
結,yue-HK,git3,,,false,unicode-unihan-17@17.0.0:kCantonese,kCantonese,source-attested-unreviewed
結,zh-Hant-TW,jié,,,false,unicode-unihan-17@17.0.0:kMandarin,kMandarin,source-attested-unreviewed
結,zh-Hant-TW,jiē,attested-count:91,,false,unicode-unihan-17@17.0.0:kHanyuPinlu,kHanyuPinlu,source-attested-unreviewed
結,zh-Hant-TW,jì,,,false,unicode-unihan-17@17.0.0:kHanyuPinyin,kHanyuPinyin,source-attested-unreviewed
或,yue-HK,waak6,,,false,unicode-unihan-17@17.0.0:kCantonese,kCantonese,source-attested-unreviewed
或,zh-Hant-TW,huò,,,false,unicode-unihan-17@17.0.0:kMandarin,kMandarin,source-attested-unreviewed
或,zh-Hant-TW,yù,,,false,unicode-unihan-17@17.0.0:kHanyuPinyin,kHanyuPinyin,source-attested-unreviewed
真,yue-HK,zan1,,,false,unicode-unihan-17@17.0.0:kCantonese,kCantonese,source-attested-unreviewed
真,zh-Hant-TW,zhēn,,,false,unicode-unihan-17@17.0.0:kMandarin,kMandarin,source-attested-unreviewed
總,yue-HK,zung2,,,false,unicode-unihan-17@17.0.0:kCantonese,kCantonese,source-attested-unreviewed
總,zh-Hant-TW,zǒng,,,false,unicode-unihan-17@17.0.0:kMandarin,kMandarin,source-attested-unreviewed
總,zh-Hant-TW,zōng,,,false,unicode-unihan-17@17.0.0:kHanyuPinyin,kHanyuPinyin,source-attested-unreviewed
總,zh-Hant-TW,cōng,,,false,unicode-unihan-17@17.0.0:kHanyuPinyin,kHanyuPinyin,source-attested-unreviewed
新,yue-HK,san1,,,false,unicode-unihan-17@17.0.0:kCantonese,kCantonese,source-attested-unreviewed
新,zh-Hant-TW,xīn,,,false,unicode-unihan-17@17.0.0:kMandarin,kMandarin,source-attested-unreviewed
約,yue-HK,joek3,,,false,unicode-unihan-17@17.0.0:kCantonese,kCantonese,source-attested-unreviewed
約,zh-Hant-TW,yuē,,,false,unicode-unihan-17@17.0.0:kMandarin,kMandarin,source-attested-unreviewed
約,zh-Hant-TW,yāo,,,false,unicode-unihan-17@17.0.0:kHanyuPinyin,kHanyuPinyin,source-attested-unreviewed
約,zh-Hant-TW,yào,,,false,unicode-unihan-17@17.0.0:kHanyuPinyin,kHanyuPinyin,source-attested-unreviewed
約,zh-Hant-TW,dì,,,false,unicode-unihan-17@17.0.0:kHanyuPinyin,kHanyuPinyin,source-attested-unreviewed
示,yue-HK,si6,,,false,unicode-unihan-17@17.0.0:kCantonese,kCantonese,source-attested-unreviewed
示,zh-Hant-TW,shì,,,false,unicode-unihan-17@17.0.0:kMandarin,kMandarin,source-attested-unreviewed
示,zh-Hant-TW,qí,,,false,unicode-unihan-17@17.0.0:kHanyuPinyin,kHanyuPinyin,source-attested-unreviewed
示,zh-Hant-TW,zhì,,,false,unicode-unihan-17@17.0.0:kHanyuPinyin,kHanyuPinyin,source-attested-unreviewed
示,zh-Hant-TW,shí,,,false,unicode-unihan-17@17.0.0:kHanyuPinyin,kHanyuPinyin,source-attested-unreviewed
塊,yue-HK,faai3,,,false,unicode-unihan-17@17.0.0:kCantonese,kCantonese,source-attested-unreviewed
塊,zh-Hant-TW,kuài,,,false,unicode-unihan-17@17.0.0:kMandarin,kMandarin,source-attested-unreviewed
請,yue-HK,cing2,,,false,unicode-unihan-17@17.0.0:kCantonese,kCantonese,source-attested-unreviewed
請,zh-Hant-TW,qǐng,,,false,unicode-unihan-17@17.0.0:kMandarin,kMandarin,source-attested-unreviewed
請,zh-Hant-TW,qìng,,,false,unicode-unihan-17@17.0.0:kHanyuPinyin,kHanyuPinyin,source-attested-unreviewed
請,zh-Hant-TW,qíng,,,false,unicode-unihan-17@17.0.0:kHanyuPinyin,kHanyuPinyin,source-attested-unreviewed
整,yue-HK,zing2,,,false,unicode-unihan-17@17.0.0:kCantonese,kCantonese,source-attested-unreviewed
整,zh-Hant-TW,zhěng,,,false,unicode-unihan-17@17.0.0:kMandarin,kMandarin,source-attested-unreviewed
圓,yue-HK,jyun4,,,false,unicode-unihan-17@17.0.0:kCantonese,kCantonese,source-attested-unreviewed
圓,zh-Hant-TW,yuán,,,false,unicode-unihan-17@17.0.0:kMandarin,kMandarin,source-attested-unreviewed
買,yue-HK,maai5,,,false,unicode-unihan-17@17.0.0:kCantonese,kCantonese,source-attested-unreviewed
買,zh-Hant-TW,mǎi,,,false,unicode-unihan-17@17.0.0:kMandarin,kMandarin,source-attested-unreviewed
號,yue-HK,hou6,,,false,unicode-unihan-17@17.0.0:kCantonese,kCantonese,source-attested-unreviewed
號,yue-HK,hou4,mandarin-mapping:háo,,false,unicode-unihan-17@17.0.0:kSMSZD2003Readings,kSMSZD2003Readings,source-attested-unreviewed
號,zh-Hant-TW,hào,,,false,unicode-unihan-17@17.0.0:kMandarin,kMandarin,source-attested-unreviewed
號,zh-Hant-TW,hao,attested-count:16,,false,unicode-unihan-17@17.0.0:kHanyuPinlu,kHanyuPinlu,source-attested-unreviewed
號,zh-Hant-TW,háo,attested-count:12,,false,unicode-unihan-17@17.0.0:kHanyuPinlu,kHanyuPinlu,source-attested-unreviewed
海,yue-HK,hoi2,,,false,unicode-unihan-17@17.0.0:kCantonese,kCantonese,source-attested-unreviewed
海,zh-Hant-TW,hǎi,,,false,unicode-unihan-17@17.0.0:kMandarin,kMandarin,source-attested-unreviewed
並,yue-HK,bing6,,,false,unicode-unihan-17@17.0.0:kCantonese,kCantonese,source-attested-unreviewed
並,zh-Hant-TW,bìng,,,false,unicode-unihan-17@17.0.0:kMandarin,kMandarin,source-attested-unreviewed
並,zh-Hant-TW,bàn,,,false,unicode-unihan-17@17.0.0:kHanyuPinyin,kHanyuPinyin,source-attested-unreviewed
並,zh-Hant-TW,bàng,,,false,unicode-unihan-17@17.0.0:kHanyuPinyin,kHanyuPinyin,source-attested-unreviewed
而,yue-HK,ji4,,,false,unicode-unihan-17@17.0.0:kCantonese,kCantonese,source-attested-unreviewed
而,zh-Hant-TW,ér,,,false,unicode-unihan-17@17.0.0:kMandarin,kMandarin,source-attested-unreviewed
而,zh-Hant-TW,néng,,,false,unicode-unihan-17@17.0.0:kHanyuPinyin,kHanyuPinyin,source-attested-unreviewed
所,yue-HK,so2,,,false,unicode-unihan-17@17.0.0:kCantonese,kCantonese,source-attested-unreviewed
所,zh-Hant-TW,suǒ,,,false,unicode-unihan-17@17.0.0:kMandarin,kMandarin,source-attested-unreviewed
商,yue-HK,soeng1,,,false,unicode-unihan-17@17.0.0:kCantonese,kCantonese,source-attested-unreviewed
商,zh-Hant-TW,shāng,,,false,unicode-unihan-17@17.0.0:kMandarin,kMandarin,source-attested-unreviewed
河,yue-HK,ho4,,,false,unicode-unihan-17@17.0.0:kCantonese,kCantonese,source-attested-unreviewed
河,zh-Hant-TW,hé,,,false,unicode-unihan-17@17.0.0:kMandarin,kMandarin,source-attested-unreviewed
馬,yue-HK,maa5,,,false,unicode-unihan-17@17.0.0:kCantonese,kCantonese,source-attested-unreviewed
馬,zh-Hant-TW,mǎ,,,false,unicode-unihan-17@17.0.0:kMandarin,kMandarin,source-attested-unreviewed
東,yue-HK,dung1,,,false,unicode-unihan-17@17.0.0:kCantonese,kCantonese,source-attested-unreviewed
東,zh-Hant-TW,dōng,,,false,unicode-unihan-17@17.0.0:kMandarin,kMandarin,source-attested-unreviewed
列,yue-HK,lit6,,,false,unicode-unihan-17@17.0.0:kCantonese,kCantonese,source-attested-unreviewed
列,zh-Hant-TW,liè,,,false,unicode-unihan-17@17.0.0:kMandarin,kMandarin,source-attested-unreviewed
列,zh-Hant-TW,lì,,,false,unicode-unihan-17@17.0.0:kHanyuPinyin,kHanyuPinyin,source-attested-unreviewed
吃,yue-HK,hek3,,,false,unicode-unihan-17@17.0.0:kCantonese,kCantonese,source-attested-unreviewed
吃,yue-HK,gat1,"mandarin-mapping:chī,jī",,false,unicode-unihan-17@17.0.0:kSMSZD2003Readings,kSMSZD2003Readings,source-attested-unreviewed
吃,yue-HK,kek3,"mandarin-mapping:chī,jī",,false,unicode-unihan-17@17.0.0:kSMSZD2003Readings,kSMSZD2003Readings,source-attested-unreviewed
吃,zh-Hant-TW,chī,,,false,unicode-unihan-17@17.0.0:kMandarin,kMandarin,source-attested-unreviewed
吃,zh-Hant-TW,qī,,,false,unicode-unihan-17@17.0.0:kHanyuPinyin,kHanyuPinyin,source-attested-unreviewed
陽,yue-HK,joeng4,,,false,unicode-unihan-17@17.0.0:kCantonese,kCantonese,source-attested-unreviewed
陽,zh-Hant-TW,yáng,,,false,unicode-unihan-17@17.0.0:kMandarin,kMandarin,source-attested-unreviewed
按,yue-HK,on3,,,false,unicode-unihan-17@17.0.0:kCantonese,kCantonese,source-attested-unreviewed
按,zh-Hant-TW,àn,,,false,unicode-unihan-17@17.0.0:kMandarin,kMandarin,source-attested-unreviewed
其,yue-HK,kei4,,,false,unicode-unihan-17@17.0.0:kCantonese,kCantonese,source-attested-unreviewed
其,yue-HK,gei1,mandarin-mapping:jī,,false,unicode-unihan-17@17.0.0:kSMSZD2003Readings,kSMSZD2003Readings,source-attested-unreviewed
其,zh-Hant-TW,qí,,,false,unicode-unihan-17@17.0.0:kMandarin,kMandarin,source-attested-unreviewed
其,zh-Hant-TW,jī,,,false,unicode-unihan-17@17.0.0:kHanyuPinyin,kHanyuPinyin,source-attested-unreviewed
其,zh-Hant-TW,jì,,,false,unicode-unihan-17@17.0.0:kHanyuPinyin,kHanyuPinyin,source-attested-unreviewed
定,yue-HK,ding6,,,false,unicode-unihan-17@17.0.0:kCantonese,kCantonese,source-attested-unreviewed
定,zh-Hant-TW,dìng,,,false,unicode-unihan-17@17.0.0:kMandarin,kMandarin,source-attested-unreviewed
眼,yue-HK,ngaan5,,,false,unicode-unihan-17@17.0.0:kCantonese,kCantonese,source-attested-unreviewed
眼,zh-Hant-TW,yǎn,,,false,unicode-unihan-17@17.0.0:kMandarin,kMandarin,source-attested-unreviewed
眼,zh-Hant-TW,wěn,,,false,unicode-unihan-17@17.0.0:kHanyuPinyin,kHanyuPinyin,source-attested-unreviewed
孩,yue-HK,haai4,,,false,unicode-unihan-17@17.0.0:kCantonese,kCantonese,source-attested-unreviewed
孩,zh-Hant-TW,hái,,,false,unicode-unihan-17@17.0.0:kMandarin,kMandarin,source-attested-unreviewed
感,yue-HK,gam2,,,false,unicode-unihan-17@17.0.0:kCantonese,kCantonese,source-attested-unreviewed
感,zh-Hant-TW,gǎn,,,false,unicode-unihan-17@17.0.0:kMandarin,kMandarin,source-attested-unreviewed
感,zh-Hant-TW,hàn,,,false,unicode-unihan-17@17.0.0:kHanyuPinyin,kHanyuPinyin,source-attested-unreviewed
候,yue-HK,hau6,,,false,unicode-unihan-17@17.0.0:kCantonese,kCantonese,source-attested-unreviewed
候,zh-Hant-TW,hòu,,,false,unicode-unihan-17@17.0.0:kMandarin,kMandarin,source-attested-unreviewed
候,zh-Hant-TW,hou,attested-count:2060,,false,unicode-unihan-17@17.0.0:kHanyuPinlu,kHanyuPinlu,source-attested-unreviewed
棵,yue-HK,po1,,,false,unicode-unihan-17@17.0.0:kCantonese,kCantonese,source-attested-unreviewed
棵,yue-HK,fo1,mandarin-mapping:kē,,false,unicode-unihan-17@17.0.0:kSMSZD2003Readings,kSMSZD2003Readings,source-attested-unreviewed
棵,zh-Hant-TW,kē,,,false,unicode-unihan-17@17.0.0:kMandarin,kMandarin,source-attested-unreviewed
棵,zh-Hant-TW,kuǎn,,,false,unicode-unihan-17@17.0.0:kHanyuPinyin,kHanyuPinyin,source-attested-unreviewed
棵,zh-Hant-TW,kě,,,false,unicode-unihan-17@17.0.0:kHanyuPinyin,kHanyuPinyin,source-attested-unreviewed
義,yue-HK,ji6,,,false,unicode-unihan-17@17.0.0:kCantonese,kCantonese,source-attested-unreviewed
義,zh-Hant-TW,yì,,,false,unicode-unihan-17@17.0.0:kMandarin,kMandarin,source-attested-unreviewed
義,zh-Hant-TW,yí,,,false,unicode-unihan-17@17.0.0:kHanyuPinyin,kHanyuPinyin,source-attested-unreviewed
義,zh-Hant-TW,xī,,,false,unicode-unihan-17@17.0.0:kHanyuPinyin,kHanyuPinyin,source-attested-unreviewed
份,yue-HK,fan6,,,false,unicode-unihan-17@17.0.0:kCantonese,kCantonese,source-attested-unreviewed
份,zh-Hant-TW,fèn,,,false,unicode-unihan-17@17.0.0:kMandarin,kMandarin,source-attested-unreviewed
份,zh-Hant-TW,fen,attested-count:31,,false,unicode-unihan-17@17.0.0:kHanyuPinlu,kHanyuPinlu,source-attested-unreviewed
份,zh-Hant-TW,bīn,,,false,unicode-unihan-17@17.0.0:kHanyuPinyin,kHanyuPinyin,source-attested-unreviewed
裝,yue-HK,zong1,,,false,unicode-unihan-17@17.0.0:kCantonese,kCantonese,source-attested-unreviewed
裝,zh-Hant-TW,zhuāng,,,false,unicode-unihan-17@17.0.0:kMandarin,kMandarin,source-attested-unreviewed
呢,yue-HK,nai4,,,false,unicode-unihan-17@17.0.0:kCantonese,kCantonese,source-attested-unreviewed
呢,yue-HK,nei4,mandarin-mapping:né,,false,unicode-unihan-17@17.0.0:kSMSZD2003Readings,kSMSZD2003Readings,source-attested-unreviewed
呢,yue-HK,ne1,mandarin-mapping:ne,,false,unicode-unihan-17@17.0.0:kSMSZD2003Readings,kSMSZD2003Readings,source-attested-unreviewed
呢,zh-Hant-TW,ne,,,false,unicode-unihan-17@17.0.0:kMandarin,kMandarin,source-attested-unreviewed
呢,zh-Hant-TW,ní,attested-count:21,,false,unicode-unihan-17@17.0.0:kHanyuPinlu,kHanyuPinlu,source-attested-unreviewed
呢,zh-Hant-TW,nǐ,,,false,unicode-unihan-17@17.0.0:kHanyuPinyin,kHanyuPinyin,source-attested-unreviewed
呢,zh-Hant-TW,nī,,,false,unicode-unihan-17@17.0.0:kHanyuPinyin,kHanyuPinyin,source-attested-unreviewed
業,yue-HK,jip6,,,false,unicode-unihan-17@17.0.0:kCantonese,kCantonese,source-attested-unreviewed
業,zh-Hant-TW,yè,,,false,unicode-unihan-17@17.0.0:kMandarin,kMandarin,source-attested-unreviewed
劃,yue-HK,waak6,,,false,unicode-unihan-17@17.0.0:kCantonese,kCantonese,source-attested-unreviewed
劃,zh-Hant-TW,huà,,,false,unicode-unihan-17@17.0.0:kMandarin,kMandarin,source-attested-unreviewed
劃,zh-Hant-TW,huá,,,false,unicode-unihan-17@17.0.0:kHanyuPinyin,kHanyuPinyin,source-attested-unreviewed
劃,zh-Hant-TW,huai,,,false,unicode-unihan-17@17.0.0:kHanyuPinyin,kHanyuPinyin,source-attested-unreviewed
周,yue-HK,zau1,,,false,unicode-unihan-17@17.0.0:kCantonese,kCantonese,source-attested-unreviewed
周,zh-Hant-TW,zhōu,,,false,unicode-unihan-17@17.0.0:kMandarin,kMandarin,source-attested-unreviewed
驗,yue-HK,jim6,,,false,unicode-unihan-17@17.0.0:kCantonese,kCantonese,source-attested-unreviewed
驗,zh-Hant-TW,yàn,,,false,unicode-unihan-17@17.0.0:kMandarin,kMandarin,source-attested-unreviewed
王,yue-HK,wong4,,,false,unicode-unihan-17@17.0.0:kCantonese,kCantonese,source-attested-unreviewed
王,yue-HK,wong6,mandarin-mapping:wàng,,false,unicode-unihan-17@17.0.0:kSMSZD2003Readings,kSMSZD2003Readings,source-attested-unreviewed
王,zh-Hant-TW,wáng,,,false,unicode-unihan-17@17.0.0:kMandarin,kMandarin,source-attested-unreviewed
王,zh-Hant-TW,wàng,,,false,unicode-unihan-17@17.0.0:kHanyuPinyin,kHanyuPinyin,source-attested-unreviewed
王,zh-Hant-TW,yù,,,false,unicode-unihan-17@17.0.0:kHanyuPinyin,kHanyuPinyin,source-attested-unreviewed
太,yue-HK,taai3,,,false,unicode-unihan-17@17.0.0:kCantonese,kCantonese,source-attested-unreviewed
太,zh-Hant-TW,tài,,,false,unicode-unihan-17@17.0.0:kMandarin,kMandarin,source-attested-unreviewed
太,zh-Hant-TW,tai,attested-count:337,,false,unicode-unihan-17@17.0.0:kHanyuPinlu,kHanyuPinlu,source-attested-unreviewed
太,zh-Hant-TW,tā,,,false,unicode-unihan-17@17.0.0:kHanyuPinyin,kHanyuPinyin,source-attested-unreviewed
校,yue-HK,haau6,,,false,unicode-unihan-17@17.0.0:kCantonese,kCantonese,source-attested-unreviewed
校,yue-HK,gaau3,mandarin-mapping:xiào,,false,unicode-unihan-17@17.0.0:kSMSZD2003Readings,kSMSZD2003Readings,source-attested-unreviewed
校,zh-Hant-TW,xiào,,,false,unicode-unihan-17@17.0.0:kMandarin,kMandarin,source-attested-unreviewed
校,zh-Hant-TW,jiào,,,false,unicode-unihan-17@17.0.0:kHanyuPinyin,kHanyuPinyin,source-attested-unreviewed
校,zh-Hant-TW,jiǎo,,,false,unicode-unihan-17@17.0.0:kHanyuPinyin,kHanyuPinyin,source-attested-unreviewed
校,zh-Hant-TW,qiāo,,,false,unicode-unihan-17@17.0.0:kHanyuPinyin,kHanyuPinyin,source-attested-unreviewed
指,yue-HK,zi2,,,false,unicode-unihan-17@17.0.0:kCantonese,kCantonese,source-attested-unreviewed
指,zh-Hant-TW,zhǐ,,,false,unicode-unihan-17@17.0.0:kMandarin,kMandarin,source-attested-unreviewed
指,zh-Hant-TW,zhí,attested-count:33,,false,unicode-unihan-17@17.0.0:kHanyuPinlu,kHanyuPinlu,source-attested-unreviewed
指,zh-Hant-TW,zhī,attested-count:15,,false,unicode-unihan-17@17.0.0:kHanyuPinlu,kHanyuPinlu,source-attested-unreviewed
單,yue-HK,daan1,,,false,unicode-unihan-17@17.0.0:kCantonese,kCantonese,source-attested-unreviewed
單,yue-HK,sin6,mandarin-mapping:shàn,,false,unicode-unihan-17@17.0.0:kSMSZD2003Readings,kSMSZD2003Readings,source-attested-unreviewed
單,yue-HK,sim4,mandarin-mapping:chán,,false,unicode-unihan-17@17.0.0:kSMSZD2003Readings,kSMSZD2003Readings,source-attested-unreviewed
單,zh-Hant-TW,dān,,,false,unicode-unihan-17@17.0.0:kMandarin,kMandarin,source-attested-unreviewed
單,zh-Hant-TW,dǎn,,,false,unicode-unihan-17@17.0.0:kHanyuPinyin,kHanyuPinyin,source-attested-unreviewed
單,zh-Hant-TW,chán,,,false,unicode-unihan-17@17.0.0:kHanyuPinyin,kHanyuPinyin,source-attested-unreviewed
單,zh-Hant-TW,shàn,,,false,unicode-unihan-17@17.0.0:kHanyuPinyin,kHanyuPinyin,source-attested-unreviewed
單,zh-Hant-TW,chǎn,,,false,unicode-unihan-17@17.0.0:kHanyuPinyin,kHanyuPinyin,source-attested-unreviewed
單,zh-Hant-TW,dàn,,,false,unicode-unihan-17@17.0.0:kHanyuPinyin,kHanyuPinyin,source-attested-unreviewed
單,zh-Hant-TW,zhàn,,,false,unicode-unihan-17@17.0.0:kHanyuPinyin,kHanyuPinyin,source-attested-unreviewed
單,zh-Hant-TW,tán,,,false,unicode-unihan-17@17.0.0:kHanyuPinyin,kHanyuPinyin,source-attested-unreviewed
容,yue-HK,jung4,,,false,unicode-unihan-17@17.0.0:kCantonese,kCantonese,source-attested-unreviewed
容,zh-Hant-TW,róng,,,false,unicode-unihan-17@17.0.0:kMandarin,kMandarin,source-attested-unreviewed
容,zh-Hant-TW,yǒng,,,false,unicode-unihan-17@17.0.0:kHanyuPinyin,kHanyuPinyin,source-attested-unreviewed
語,yue-HK,jyu5,,,false,unicode-unihan-17@17.0.0:kCantonese,kCantonese,source-attested-unreviewed
語,yue-HK,jyu6,mandarin-mapping:yù,,false,unicode-unihan-17@17.0.0:kSMSZD2003Readings,kSMSZD2003Readings,source-attested-unreviewed
語,zh-Hant-TW,yǔ,,,false,unicode-unihan-17@17.0.0:kMandarin,kMandarin,source-attested-unreviewed
語,zh-Hant-TW,yù,,,false,unicode-unihan-17@17.0.0:kHanyuPinyin,kHanyuPinyin,source-attested-unreviewed
六,yue-HK,luk6,,,false,unicode-unihan-17@17.0.0:kCantonese,kCantonese,source-attested-unreviewed
六,zh-Hant-TW,liù,,,false,unicode-unihan-17@17.0.0:kMandarin,kMandarin,source-attested-unreviewed
六,zh-Hant-TW,lù,,,false,unicode-unihan-17@17.0.0:kHanyuPinyin,kHanyuPinyin,source-attested-unreviewed
甲,yue-HK,gaap3,,,false,unicode-unihan-17@17.0.0:kCantonese,kCantonese,source-attested-unreviewed
甲,zh-Hant-TW,jiǎ,,,false,unicode-unihan-17@17.0.0:kMandarin,kMandarin,source-attested-unreviewed
甲,zh-Hant-TW,jia,attested-count:15,,false,unicode-unihan-17@17.0.0:kHanyuPinlu,kHanyuPinlu,source-attested-unreviewed
準,yue-HK,zeon2,,,false,unicode-unihan-17@17.0.0:kCantonese,kCantonese,source-attested-unreviewed
準,zh-Hant-TW,zhǔn,,,false,unicode-unihan-17@17.0.0:kMandarin,kMandarin,source-attested-unreviewed
準,zh-Hant-TW,zhuó,,,false,unicode-unihan-17@17.0.0:kHanyuPinyin,kHanyuPinyin,source-attested-unreviewed
修,yue-HK,sau1,,,false,unicode-unihan-17@17.0.0:kCantonese,kCantonese,source-attested-unreviewed
修,zh-Hant-TW,xiū,,,false,unicode-unihan-17@17.0.0:kMandarin,kMandarin,source-attested-unreviewed
輕,yue-HK,hing1,,,false,unicode-unihan-17@17.0.0:kCantonese,kCantonese,source-attested-unreviewed
輕,yue-HK,heng1,mandarin-mapping:qīng,,false,unicode-unihan-17@17.0.0:kSMSZD2003Readings,kSMSZD2003Readings,source-attested-unreviewed
輕,zh-Hant-TW,qīng,,,false,unicode-unihan-17@17.0.0:kMandarin,kMandarin,source-attested-unreviewed
輕,zh-Hant-TW,qìng,,,false,unicode-unihan-17@17.0.0:kHanyuPinyin,kHanyuPinyin,source-attested-unreviewed
住,yue-HK,zyu6,,,false,unicode-unihan-17@17.0.0:kCantonese,kCantonese,source-attested-unreviewed
住,zh-Hant-TW,zhù,,,false,unicode-unihan-17@17.0.0:kMandarin,kMandarin,source-attested-unreviewed
親,yue-HK,can1,,,false,unicode-unihan-17@17.0.0:kCantonese,kCantonese,source-attested-unreviewed
親,yue-HK,can3,mandarin-mapping:qìng,,false,unicode-unihan-17@17.0.0:kSMSZD2003Readings,kSMSZD2003Readings,source-attested-unreviewed
親,zh-Hant-TW,qīn,,,false,unicode-unihan-17@17.0.0:kMandarin,kMandarin,source-attested-unreviewed
親,zh-Hant-TW,qin,attested-count:428,,false,unicode-unihan-17@17.0.0:kHanyuPinlu,kHanyuPinlu,source-attested-unreviewed
親,zh-Hant-TW,qìng,,,false,unicode-unihan-17@17.0.0:kHanyuPinyin,kHanyuPinyin,source-attested-unreviewed
戰,yue-HK,zin3,,,false,unicode-unihan-17@17.0.0:kCantonese,kCantonese,source-attested-unreviewed
戰,zh-Hant-TW,zhàn,,,false,unicode-unihan-17@17.0.0:kMandarin,kMandarin,source-attested-unreviewed
使,yue-HK,si2,,,false,unicode-unihan-17@17.0.0:kCantonese,kCantonese,source-attested-unreviewed
使,yue-HK,sai2,mandarin-mapping:shǐ,,false,unicode-unihan-17@17.0.0:kSMSZD2003Readings,kSMSZD2003Readings,source-attested-unreviewed
使,yue-HK,si3,mandarin-mapping:shǐ,,false,unicode-unihan-17@17.0.0:kSMSZD2003Readings,kSMSZD2003Readings,source-attested-unreviewed
使,zh-Hant-TW,shǐ,,,false,unicode-unihan-17@17.0.0:kMandarin,kMandarin,source-attested-unreviewed
吸,yue-HK,kap1,,,false,unicode-unihan-17@17.0.0:kCantonese,kCantonese,source-attested-unreviewed
吸,zh-Hant-TW,xī,,,false,unicode-unihan-17@17.0.0:kMandarin,kMandarin,source-attested-unreviewed
因,yue-HK,jan1,,,false,unicode-unihan-17@17.0.0:kCantonese,kCantonese,source-attested-unreviewed
因,zh-Hant-TW,yīn,,,false,unicode-unihan-17@17.0.0:kMandarin,kMandarin,source-attested-unreviewed
律,yue-HK,leot6,,,false,unicode-unihan-17@17.0.0:kCantonese,kCantonese,source-attested-unreviewed
律,zh-Hant-TW,lǜ,,,false,unicode-unihan-17@17.0.0:kMandarin,kMandarin,source-attested-unreviewed
北,yue-HK,bak1,,,false,unicode-unihan-17@17.0.0:kCantonese,kCantonese,source-attested-unreviewed
北,zh-Hant-TW,běi,,,false,unicode-unihan-17@17.0.0:kMandarin,kMandarin,source-attested-unreviewed
北,zh-Hant-TW,bèi,,,false,unicode-unihan-17@17.0.0:kHanyuPinyin,kHanyuPinyin,source-attested-unreviewed
拍,yue-HK,paak3,,,false,unicode-unihan-17@17.0.0:kCantonese,kCantonese,source-attested-unreviewed
拍,zh-Hant-TW,pāi,,,false,unicode-unihan-17@17.0.0:kMandarin,kMandarin,source-attested-unreviewed
拍,zh-Hant-TW,bó,,,false,unicode-unihan-17@17.0.0:kHanyuPinyin,kHanyuPinyin,source-attested-unreviewed
跳,yue-HK,tiu3,,,false,unicode-unihan-17@17.0.0:kCantonese,kCantonese,source-attested-unreviewed
跳,zh-Hant-TW,tiào,,,false,unicode-unihan-17@17.0.0:kMandarin,kMandarin,source-attested-unreviewed
跳,zh-Hant-TW,diào,,,false,unicode-unihan-17@17.0.0:kHanyuPinyin,kHanyuPinyin,source-attested-unreviewed
跳,zh-Hant-TW,táo,,,false,unicode-unihan-17@17.0.0:kHanyuPinyin,kHanyuPinyin,source-attested-unreviewed
清,yue-HK,cing1,,,false,unicode-unihan-17@17.0.0:kCantonese,kCantonese,source-attested-unreviewed
清,zh-Hant-TW,qīng,,,false,unicode-unihan-17@17.0.0:kMandarin,kMandarin,source-attested-unreviewed
清,zh-Hant-TW,qìng,,,false,unicode-unihan-17@17.0.0:kHanyuPinyin,kHanyuPinyin,source-attested-unreviewed
記,yue-HK,gei3,,,false,unicode-unihan-17@17.0.0:kCantonese,kCantonese,source-attested-unreviewed
記,zh-Hant-TW,jì,,,false,unicode-unihan-17@17.0.0:kMandarin,kMandarin,source-attested-unreviewed
記,zh-Hant-TW,ji,attested-count:414,,false,unicode-unihan-17@17.0.0:kHanyuPinlu,kHanyuPinlu,source-attested-unreviewed
黃,yue-HK,wong4,,,false,unicode-unihan-17@17.0.0:kCantonese,kCantonese,source-attested-unreviewed
黃,zh-Hant-TW,huáng,,,false,unicode-unihan-17@17.0.0:kMandarin,kMandarin,source-attested-unreviewed
船,yue-HK,syun4,,,false,unicode-unihan-17@17.0.0:kCantonese,kCantonese,source-attested-unreviewed
船,zh-Hant-TW,chuán,,,false,unicode-unihan-17@17.0.0:kMandarin,kMandarin,source-attested-unreviewed
減,yue-HK,gaam2,,,false,unicode-unihan-17@17.0.0:kCantonese,kCantonese,source-attested-unreviewed
減,zh-Hant-TW,jiǎn,,,false,unicode-unihan-17@17.0.0:kMandarin,kMandarin,source-attested-unreviewed
由,yue-HK,jau4,,,false,unicode-unihan-17@17.0.0:kCantonese,kCantonese,source-attested-unreviewed
由,zh-Hant-TW,yóu,,,false,unicode-unihan-17@17.0.0:kMandarin,kMandarin,source-attested-unreviewed
由,zh-Hant-TW,yāo,,,false,unicode-unihan-17@17.0.0:kHanyuPinyin,kHanyuPinyin,source-attested-unreviewed
友,yue-HK,jau5,,,false,unicode-unihan-17@17.0.0:kCantonese,kCantonese,source-attested-unreviewed
友,zh-Hant-TW,yǒu,,,false,unicode-unihan-17@17.0.0:kMandarin,kMandarin,source-attested-unreviewed
友,zh-Hant-TW,you,attested-count:437,,false,unicode-unihan-17@17.0.0:kHanyuPinlu,kHanyuPinlu,source-attested-unreviewed
笑,yue-HK,siu3,,,false,unicode-unihan-17@17.0.0:kCantonese,kCantonese,source-attested-unreviewed
笑,zh-Hant-TW,xiào,,,false,unicode-unihan-17@17.0.0:kMandarin,kMandarin,source-attested-unreviewed
接,yue-HK,zip3,,,false,unicode-unihan-17@17.0.0:kCantonese,kCantonese,source-attested-unreviewed
接,zh-Hant-TW,jiē,,,false,unicode-unihan-17@17.0.0:kMandarin,kMandarin,source-attested-unreviewed
接,zh-Hant-TW,xié,,,false,unicode-unihan-17@17.0.0:kHanyuPinyin,kHanyuPinyin,source-attested-unreviewed
接,zh-Hant-TW,shà,,,false,unicode-unihan-17@17.0.0:kHanyuPinyin,kHanyuPinyin,source-attested-unreviewed
接,zh-Hant-TW,chā,,,false,unicode-unihan-17@17.0.0:kHanyuPinyin,kHanyuPinyin,source-attested-unreviewed
通,yue-HK,tung1,,,false,unicode-unihan-17@17.0.0:kCantonese,kCantonese,source-attested-unreviewed
通,zh-Hant-TW,tōng,,,false,unicode-unihan-17@17.0.0:kMandarin,kMandarin,source-attested-unreviewed
通,zh-Hant-TW,tòng,attested-count:16,,false,unicode-unihan-17@17.0.0:kHanyuPinlu,kHanyuPinlu,source-attested-unreviewed
步,yue-HK,bou6,,,false,unicode-unihan-17@17.0.0:kCantonese,kCantonese,source-attested-unreviewed
步,zh-Hant-TW,bù,,,false,unicode-unihan-17@17.0.0:kMandarin,kMandarin,source-attested-unreviewed
誰,yue-HK,seoi4,,,false,unicode-unihan-17@17.0.0:kCantonese,kCantonese,source-attested-unreviewed
誰,zh-Hant-TW,shuí,,,false,unicode-unihan-17@17.0.0:kMandarin,kMandarin,source-attested-unreviewed
誰,zh-Hant-TW,shéi,,,false,unicode-unihan-17@17.0.0:kMandarin,kMandarin,source-attested-unreviewed
女,yue-HK,neoi5,,,false,unicode-unihan-17@17.0.0:kCantonese,kCantonese,source-attested-unreviewed
女,yue-HK,neoi6,mandarin-mapping:nǜ,,false,unicode-unihan-17@17.0.0:kSMSZD2003Readings,kSMSZD2003Readings,source-attested-unreviewed
女,zh-Hant-TW,nǚ,,,false,unicode-unihan-17@17.0.0:kMandarin,kMandarin,source-attested-unreviewed
女,zh-Hant-TW,nü,attested-count:37,,false,unicode-unihan-17@17.0.0:kHanyuPinlu,kHanyuPinlu,source-attested-unreviewed
女,zh-Hant-TW,nǜ,,,false,unicode-unihan-17@17.0.0:kHanyuPinyin,kHanyuPinyin,source-attested-unreviewed
女,zh-Hant-TW,rǔ,,,false,unicode-unihan-17@17.0.0:kHanyuPinyin,kHanyuPinyin,source-attested-unreviewed
利,yue-HK,lei6,,,false,unicode-unihan-17@17.0.0:kCantonese,kCantonese,source-attested-unreviewed
利,zh-Hant-TW,lì,,,false,unicode-unihan-17@17.0.0:kMandarin,kMandarin,source-attested-unreviewed
利,zh-Hant-TW,li,attested-count:16,,false,unicode-unihan-17@17.0.0:kHanyuPinlu,kHanyuPinlu,source-attested-unreviewed
鐵,yue-HK,tit3,,,false,unicode-unihan-17@17.0.0:kCantonese,kCantonese,source-attested-unreviewed
鐵,zh-Hant-TW,tiě,,,false,unicode-unihan-17@17.0.0:kMandarin,kMandarin,source-attested-unreviewed
鐵,zh-Hant-TW,dié,,,false,unicode-unihan-17@17.0.0:kHanyuPinyin,kHanyuPinyin,source-attested-unreviewed
觀,yue-HK,gun1,,,false,unicode-unihan-17@17.0.0:kCantonese,kCantonese,source-attested-unreviewed
觀,yue-HK,gun3,mandarin-mapping:guàn,,false,unicode-unihan-17@17.0.0:kSMSZD2003Readings,kSMSZD2003Readings,source-attested-unreviewed
觀,zh-Hant-TW,guān,,,false,unicode-unihan-17@17.0.0:kMandarin,kMandarin,source-attested-unreviewed
觀,zh-Hant-TW,guàn,,,false,unicode-unihan-17@17.0.0:kHanyuPinyin,kHanyuPinyin,source-attested-unreviewed
乙,yue-HK,jyut3,,,false,unicode-unihan-17@17.0.0:kCantonese,kCantonese,source-attested-unreviewed
乙,yue-HK,jyut6,mandarin-mapping:yǐ,,false,unicode-unihan-17@17.0.0:kSMSZD2003Readings,kSMSZD2003Readings,source-attested-unreviewed
乙,zh-Hant-TW,yǐ,,,false,unicode-unihan-17@17.0.0:kMandarin,kMandarin,source-attested-unreviewed
乙,zh-Hant-TW,yì,,,false,unicode-unihan-17@17.0.0:kHanyuPinyin,kHanyuPinyin,source-attested-unreviewed
乙,zh-Hant-TW,jué,,,false,unicode-unihan-17@17.0.0:kHanyuPinyin,kHanyuPinyin,source-attested-unreviewed
象,yue-HK,zoeng6,,,false,unicode-unihan-17@17.0.0:kCantonese,kCantonese,source-attested-unreviewed
象,zh-Hant-TW,xiàng,,,false,unicode-unihan-17@17.0.0:kMandarin,kMandarin,source-attested-unreviewed
名,yue-HK,ming4,,,false,unicode-unihan-17@17.0.0:kCantonese,kCantonese,source-attested-unreviewed
名,zh-Hant-TW,míng,,,false,unicode-unihan-17@17.0.0:kMandarin,kMandarin,source-attested-unreviewed
名,zh-Hant-TW,mìng,,,false,unicode-unihan-17@17.0.0:kHanyuPinyin,kHanyuPinyin,source-attested-unreviewed
草,yue-HK,cou2,,,false,unicode-unihan-17@17.0.0:kCantonese,kCantonese,source-attested-unreviewed
草,zh-Hant-TW,cǎo,,,false,unicode-unihan-17@17.0.0:kMandarin,kMandarin,source-attested-unreviewed
草,zh-Hant-TW,zào,,,false,unicode-unihan-17@17.0.0:kHanyuPinyin,kHanyuPinyin,source-attested-unreviewed
與,yue-HK,jyu5,,,false,unicode-unihan-17@17.0.0:kCantonese,kCantonese,source-attested-unreviewed
與,yue-HK,jyu6,mandarin-mapping:yù,,false,unicode-unihan-17@17.0.0:kSMSZD2003Readings,kSMSZD2003Readings,source-attested-unreviewed
與,yue-HK,jyu4,mandarin-mapping:yú,,false,unicode-unihan-17@17.0.0:kSMSZD2003Readings,kSMSZD2003Readings,source-attested-unreviewed
與,zh-Hant-TW,yǔ,,,false,unicode-unihan-17@17.0.0:kMandarin,kMandarin,source-attested-unreviewed
與,zh-Hant-TW,yù,attested-count:10,,false,unicode-unihan-17@17.0.0:kHanyuPinlu,kHanyuPinlu,source-attested-unreviewed
與,zh-Hant-TW,yú,,,false,unicode-unihan-17@17.0.0:kHanyuPinyin,kHanyuPinyin,source-attested-unreviewed
入,yue-HK,jap6,,,false,unicode-unihan-17@17.0.0:kCantonese,kCantonese,source-attested-unreviewed
入,zh-Hant-TW,rù,,,false,unicode-unihan-17@17.0.0:kMandarin,kMandarin,source-attested-unreviewed
亮,yue-HK,loeng6,,,false,unicode-unihan-17@17.0.0:kCantonese,kCantonese,source-attested-unreviewed
亮,zh-Hant-TW,liàng,,,false,unicode-unihan-17@17.0.0:kMandarin,kMandarin,source-attested-unreviewed
亮,zh-Hant-TW,liang,attested-count:134,,false,unicode-unihan-17@17.0.0:kHanyuPinlu,kHanyuPinlu,source-attested-unreviewed
亮,zh-Hant-TW,liáng,,,false,unicode-unihan-17@17.0.0:kHanyuPinyin,kHanyuPinyin,source-attested-unreviewed
排,yue-HK,paai4,,,false,unicode-unihan-17@17.0.0:kCantonese,kCantonese,source-attested-unreviewed
排,zh-Hant-TW,pái,,,false,unicode-unihan-17@17.0.0:kMandarin,kMandarin,source-attested-unreviewed
排,zh-Hant-TW,bài,,,false,unicode-unihan-17@17.0.0:kHanyuPinyin,kHanyuPinyin,source-attested-unreviewed
排,zh-Hant-TW,pǎi,,,false,unicode-unihan-17@17.0.0:kHanyuPinyin,kHanyuPinyin,source-attested-unreviewed
關,yue-HK,gwaan1,,,false,unicode-unihan-17@17.0.0:kCantonese,kCantonese,source-attested-unreviewed
關,zh-Hant-TW,guān,,,false,unicode-unihan-17@17.0.0:kMandarin,kMandarin,source-attested-unreviewed
關,zh-Hant-TW,wān,,,false,unicode-unihan-17@17.0.0:kHanyuPinyin,kHanyuPinyin,source-attested-unreviewed
關,zh-Hant-TW,wǎn,,,false,unicode-unihan-17@17.0.0:kHanyuPinyin,kHanyuPinyin,source-attested-unreviewed
認,yue-HK,jing6,,,false,unicode-unihan-17@17.0.0:kCantonese,kCantonese,source-attested-unreviewed
認,zh-Hant-TW,rèn,,,false,unicode-unihan-17@17.0.0:kMandarin,kMandarin,source-attested-unreviewed
員,yue-HK,jyun4,,,false,unicode-unihan-17@17.0.0:kCantonese,kCantonese,source-attested-unreviewed
員,yue-HK,wan4,mandarin-mapping:yún,,false,unicode-unihan-17@17.0.0:kSMSZD2003Readings,kSMSZD2003Readings,source-attested-unreviewed
員,yue-HK,wan6,mandarin-mapping:yùn,,false,unicode-unihan-17@17.0.0:kSMSZD2003Readings,kSMSZD2003Readings,source-attested-unreviewed
員,zh-Hant-TW,yuán,,,false,unicode-unihan-17@17.0.0:kMandarin,kMandarin,source-attested-unreviewed
員,zh-Hant-TW,yún,,,false,unicode-unihan-17@17.0.0:kHanyuPinyin,kHanyuPinyin,source-attested-unreviewed
員,zh-Hant-TW,yùn,,,false,unicode-unihan-17@17.0.0:kHanyuPinyin,kHanyuPinyin,source-attested-unreviewed
速,yue-HK,cuk1,,,false,unicode-unihan-17@17.0.0:kCantonese,kCantonese,source-attested-unreviewed
速,zh-Hant-TW,sù,,,false,unicode-unihan-17@17.0.0:kMandarin,kMandarin,source-attested-unreviewed
啊,yue-HK,aa1,,,false,unicode-unihan-17@17.0.0:kCantonese,kCantonese,source-attested-unreviewed
啊,yue-HK,aa2,mandarin-mapping:á,,false,unicode-unihan-17@17.0.0:kSMSZD2003Readings,kSMSZD2003Readings,source-attested-unreviewed
啊,yue-HK,aa3,mandarin-mapping:à,,false,unicode-unihan-17@17.0.0:kSMSZD2003Readings,kSMSZD2003Readings,source-attested-unreviewed
啊,zh-Hant-TW,a,,,false,unicode-unihan-17@17.0.0:kMandarin,kMandarin,source-attested-unreviewed
啊,zh-Hant-TW,ā,attested-count:404,,false,unicode-unihan-17@17.0.0:kHanyuPinlu,kHanyuPinlu,source-attested-unreviewed
啊,zh-Hant-TW,è,,,false,unicode-unihan-17@17.0.0:kHanyuPinyin,kHanyuPinyin,source-attested-unreviewed
啊,zh-Hant-TW,á,,,false,unicode-unihan-17@17.0.0:kHanyuPinyin,kHanyuPinyin,source-attested-unreviewed
啊,zh-Hant-TW,ǎ,,,false,unicode-unihan-17@17.0.0:kHanyuPinyin,kHanyuPinyin,source-attested-unreviewed
啊,zh-Hant-TW,à,,,false,unicode-unihan-17@17.0.0:kHanyuPinyin,kHanyuPinyin,source-attested-unreviewed
廠,yue-HK,cong2,,,false,unicode-unihan-17@17.0.0:kCantonese,kCantonese,source-attested-unreviewed
廠,zh-Hant-TW,chǎng,,,false,unicode-unihan-17@17.0.0:kMandarin,kMandarin,source-attested-unreviewed
跑,yue-HK,paau2,,,false,unicode-unihan-17@17.0.0:kCantonese,kCantonese,source-attested-unreviewed
跑,yue-HK,paau4,mandarin-mapping:páo,,false,unicode-unihan-17@17.0.0:kSMSZD2003Readings,kSMSZD2003Readings,source-attested-unreviewed
跑,zh-Hant-TW,pǎo,,,false,unicode-unihan-17@17.0.0:kMandarin,kMandarin,source-attested-unreviewed
跑,zh-Hant-TW,páo,,,false,unicode-unihan-17@17.0.0:kHanyuPinyin,kHanyuPinyin,source-attested-unreviewed
跑,zh-Hant-TW,bó,,,false,unicode-unihan-17@17.0.0:kHanyuPinyin,kHanyuPinyin,source-attested-unreviewed
提,yue-HK,tai4,,,false,unicode-unihan-17@17.0.0:kCantonese,kCantonese,source-attested-unreviewed
提,zh-Hant-TW,tí,,,false,unicode-unihan-17@17.0.0:kMandarin,kMandarin,source-attested-unreviewed
提,zh-Hant-TW,chí,,,false,unicode-unihan-17@17.0.0:kHanyuPinyin,kHanyuPinyin,source-attested-unreviewed
提,zh-Hant-TW,shí,,,false,unicode-unihan-17@17.0.0:kHanyuPinyin,kHanyuPinyin,source-attested-unreviewed
提,zh-Hant-TW,dǐ,,,false,unicode-unihan-17@17.0.0:kHanyuPinyin,kHanyuPinyin,source-attested-unreviewed
提,zh-Hant-TW,dī,,,false,unicode-unihan-17@17.0.0:kHanyuPinyin,kHanyuPinyin,source-attested-unreviewed
吹,yue-HK,ceoi1,,,false,unicode-unihan-17@17.0.0:kCantonese,kCantonese,source-attested-unreviewed
吹,yue-HK,ceoi3,"mandarin-mapping:chuī,chuì",,false,unicode-unihan-17@17.0.0:kSMSZD2003Readings,kSMSZD2003Readings,source-attested-unreviewed
吹,zh-Hant-TW,chuī,,,false,unicode-unihan-17@17.0.0:kMandarin,kMandarin,source-attested-unreviewed
吹,zh-Hant-TW,chuì,,,false,unicode-unihan-17@17.0.0:kHanyuPinyin,kHanyuPinyin,source-attested-unreviewed
才,yue-HK,coi4,,,false,unicode-unihan-17@17.0.0:kCantonese,kCantonese,source-attested-unreviewed
才,zh-Hant-TW,cái,,,false,unicode-unihan-17@17.0.0:kMandarin,kMandarin,source-attested-unreviewed
才,zh-Hant-TW,cai,attested-count:33,,false,unicode-unihan-17@17.0.0:kHanyuPinlu,kHanyuPinlu,source-attested-unreviewed
才,zh-Hant-TW,zāi,,,false,unicode-unihan-17@17.0.0:kHanyuPinyin,kHanyuPinyin,source-attested-unreviewed
魚,yue-HK,jyu4,,,false,unicode-unihan-17@17.0.0:kCantonese,kCantonese,source-attested-unreviewed
魚,zh-Hant-TW,yú,,,false,unicode-unihan-17@17.0.0:kMandarin,kMandarin,source-attested-unreviewed
考,yue-HK,haau2,,,false,unicode-unihan-17@17.0.0:kCantonese,kCantonese,source-attested-unreviewed
考,zh-Hant-TW,kǎo,,,false,unicode-unihan-17@17.0.0:kMandarin,kMandarin,source-attested-unreviewed
試,yue-HK,si3,,,false,unicode-unihan-17@17.0.0:kCantonese,kCantonese,source-attested-unreviewed
試,zh-Hant-TW,shì,,,false,unicode-unihan-17@17.0.0:kMandarin,kMandarin,source-attested-unreviewed
青,yue-HK,cing1,,,false,unicode-unihan-17@17.0.0:kCantonese,kCantonese,source-attested-unreviewed
青,yue-HK,ceng1,mandarin-mapping:qīng,,false,unicode-unihan-17@17.0.0:kSMSZD2003Readings,kSMSZD2003Readings,source-attested-unreviewed
青,zh-Hant-TW,qīng,,,false,unicode-unihan-17@17.0.0:kMandarin,kMandarin,source-attested-unreviewed
青,zh-Hant-TW,jīng,,,false,unicode-unihan-17@17.0.0:kHanyuPinyin,kHanyuPinyin,source-attested-unreviewed
滿,yue-HK,mun5,,,false,unicode-unihan-17@17.0.0:kCantonese,kCantonese,source-attested-unreviewed
滿,zh-Hant-TW,mǎn,,,false,unicode-unihan-17@17.0.0:kMandarin,kMandarin,source-attested-unreviewed
滿,zh-Hant-TW,mèn,,,false,unicode-unihan-17@17.0.0:kHanyuPinyin,kHanyuPinyin,source-attested-unreviewed
講,yue-HK,gong2,,,false,unicode-unihan-17@17.0.0:kCantonese,kCantonese,source-attested-unreviewed
講,zh-Hant-TW,jiǎng,,,false,unicode-unihan-17@17.0.0:kMandarin,kMandarin,source-attested-unreviewed
門,yue-HK,mun4,,,false,unicode-unihan-17@17.0.0:kCantonese,kCantonese,source-attested-unreviewed
門,zh-Hant-TW,mén,,,false,unicode-unihan-17@17.0.0:kMandarin,kMandarin,source-attested-unreviewed
門,zh-Hant-TW,men,attested-count:20,,false,unicode-unihan-17@17.0.0:kHanyuPinlu,kHanyuPinlu,source-attested-unreviewed
歡,yue-HK,fun1,,,false,unicode-unihan-17@17.0.0:kCantonese,kCantonese,source-attested-unreviewed
歡,zh-Hant-TW,huān,,,false,unicode-unihan-17@17.0.0:kMandarin,kMandarin,source-attested-unreviewed
歡,zh-Hant-TW,huan,attested-count:252,,false,unicode-unihan-17@17.0.0:kHanyuPinlu,kHanyuPinlu,source-attested-unreviewed
毛,yue-HK,mou4,,,false,unicode-unihan-17@17.0.0:kCantonese,kCantonese,source-attested-unreviewed
毛,zh-Hant-TW,máo,,,false,unicode-unihan-17@17.0.0:kMandarin,kMandarin,source-attested-unreviewed
毛,zh-Hant-TW,mao,attested-count:33,,false,unicode-unihan-17@17.0.0:kHanyuPinlu,kHanyuPinlu,source-attested-unreviewed
毛,zh-Hant-TW,mào,,,false,unicode-unihan-17@17.0.0:kHanyuPinyin,kHanyuPinyin,source-attested-unreviewed
便,yue-HK,bin6,,,false,unicode-unihan-17@17.0.0:kCantonese,kCantonese,source-attested-unreviewed
便,yue-HK,pin4,mandarin-mapping:pián,,false,unicode-unihan-17@17.0.0:kSMSZD2003Readings,kSMSZD2003Readings,source-attested-unreviewed
便,zh-Hant-TW,biàn,,,false,unicode-unihan-17@17.0.0:kMandarin,kMandarin,source-attested-unreviewed
便,zh-Hant-TW,pián,attested-count:58,,false,unicode-unihan-17@17.0.0:kHanyuPinlu,kHanyuPinlu,source-attested-unreviewed
便,zh-Hant-TW,biān,,,false,unicode-unihan-17@17.0.0:kHanyuPinyin,kHanyuPinyin,source-attested-unreviewed
布,yue-HK,bou3,,,false,unicode-unihan-17@17.0.0:kCantonese,kCantonese,source-attested-unreviewed
布,zh-Hant-TW,bù,,,false,unicode-unihan-17@17.0.0:kMandarin,kMandarin,source-attested-unreviewed
選,yue-HK,syun2,,,false,unicode-unihan-17@17.0.0:kCantonese,kCantonese,source-attested-unreviewed
選,zh-Hant-TW,xuǎn,,,false,unicode-unihan-17@17.0.0:kMandarin,kMandarin,source-attested-unreviewed
選,zh-Hant-TW,xuàn,,,false,unicode-unihan-17@17.0.0:kHanyuPinyin,kHanyuPinyin,source-attested-unreviewed
選,zh-Hant-TW,suàn,,,false,unicode-unihan-17@17.0.0:kHanyuPinyin,kHanyuPinyin,source-attested-unreviewed
選,zh-Hant-TW,shuā,,,false,unicode-unihan-17@17.0.0:kHanyuPinyin,kHanyuPinyin,source-attested-unreviewed
備,yue-HK,bei6,,,false,unicode-unihan-17@17.0.0:kCantonese,kCantonese,source-attested-unreviewed
備,zh-Hant-TW,bèi,,,false,unicode-unihan-17@17.0.0:kMandarin,kMandarin,source-attested-unreviewed
代,yue-HK,doi6,,,false,unicode-unihan-17@17.0.0:kCantonese,kCantonese,source-attested-unreviewed
代,zh-Hant-TW,dài,,,false,unicode-unihan-17@17.0.0:kMandarin,kMandarin,source-attested-unreviewed
程,yue-HK,cing4,,,false,unicode-unihan-17@17.0.0:kCantonese,kCantonese,source-attested-unreviewed
程,zh-Hant-TW,chéng,,,false,unicode-unihan-17@17.0.0:kMandarin,kMandarin,source-attested-unreviewed
據,yue-HK,geoi3,,,false,unicode-unihan-17@17.0.0:kCantonese,kCantonese,source-attested-unreviewed
據,zh-Hant-TW,jù,,,false,unicode-unihan-17@17.0.0:kMandarin,kMandarin,source-attested-unreviewed
無,yue-HK,mou4,,,false,unicode-unihan-17@17.0.0:kCantonese,kCantonese,source-attested-unreviewed
無,yue-HK,mo4,mandarin-mapping:mó,,false,unicode-unihan-17@17.0.0:kSMSZD2003Readings,kSMSZD2003Readings,source-attested-unreviewed
無,zh-Hant-TW,wú,,,false,unicode-unihan-17@17.0.0:kMandarin,kMandarin,source-attested-unreviewed
無,zh-Hant-TW,mó,,,false,unicode-unihan-17@17.0.0:kHanyuPinyin,kHanyuPinyin,source-attested-unreviewed
半,yue-HK,bun3,,,false,unicode-unihan-17@17.0.0:kCantonese,kCantonese,source-attested-unreviewed
半,zh-Hant-TW,bàn,,,false,unicode-unihan-17@17.0.0:kMandarin,kMandarin,source-attested-unreviewed
半,zh-Hant-TW,pàn,,,false,unicode-unihan-17@17.0.0:kHanyuPinyin,kHanyuPinyin,source-attested-unreviewed
林,yue-HK,lam4,,,false,unicode-unihan-17@17.0.0:kCantonese,kCantonese,source-attested-unreviewed
林,zh-Hant-TW,lín,,,false,unicode-unihan-17@17.0.0:kMandarin,kMandarin,source-attested-unreviewed
處,yue-HK,cyu3,,,false,unicode-unihan-17@17.0.0:kCantonese,kCantonese,source-attested-unreviewed
處,yue-HK,cyu5,mandarin-mapping:chǔ,,false,unicode-unihan-17@17.0.0:kSMSZD2003Readings,kSMSZD2003Readings,source-attested-unreviewed
處,zh-Hant-TW,chù,,,false,unicode-unihan-17@17.0.0:kMandarin,kMandarin,source-attested-unreviewed
處,zh-Hant-TW,chǔ,attested-count:357,,false,unicode-unihan-17@17.0.0:kHanyuPinlu,kHanyuPinlu,source-attested-unreviewed
處,zh-Hant-TW,chu,attested-count:149,,false,unicode-unihan-17@17.0.0:kHanyuPinlu,kHanyuPinlu,source-attested-unreviewed
處,zh-Hant-TW,jù,,,false,unicode-unihan-17@17.0.0:kHanyuPinyin,kHanyuPinyin,source-attested-unreviewed
八,yue-HK,baat3,,,false,unicode-unihan-17@17.0.0:kCantonese,kCantonese,source-attested-unreviewed
八,zh-Hant-TW,bā,,,false,unicode-unihan-17@17.0.0:kMandarin,kMandarin,source-attested-unreviewed
找,yue-HK,zaau2,,,false,unicode-unihan-17@17.0.0:kCantonese,kCantonese,source-attested-unreviewed
找,zh-Hant-TW,zhǎo,,,false,unicode-unihan-17@17.0.0:kMandarin,kMandarin,source-attested-unreviewed
找,zh-Hant-TW,huá,,,false,unicode-unihan-17@17.0.0:kHanyuPinyin,kHanyuPinyin,source-attested-unreviewed
木,yue-HK,muk6,,,false,unicode-unihan-17@17.0.0:kCantonese,kCantonese,source-attested-unreviewed
木,zh-Hant-TW,mù,,,false,unicode-unihan-17@17.0.0:kMandarin,kMandarin,source-attested-unreviewed
石,yue-HK,sek6,,,false,unicode-unihan-17@17.0.0:kCantonese,kCantonese,source-attested-unreviewed
石,zh-Hant-TW,shí,,,false,unicode-unihan-17@17.0.0:kMandarin,kMandarin,source-attested-unreviewed
石,zh-Hant-TW,dàn,,,false,unicode-unihan-17@17.0.0:kHanyuPinyin,kHanyuPinyin,source-attested-unreviewed
金,yue-HK,gam1,,,false,unicode-unihan-17@17.0.0:kCantonese,kCantonese,source-attested-unreviewed
金,zh-Hant-TW,jīn,,,false,unicode-unihan-17@17.0.0:kMandarin,kMandarin,source-attested-unreviewed
金,zh-Hant-TW,jìn,,,false,unicode-unihan-17@17.0.0:kHanyuPinyin,kHanyuPinyin,source-attested-unreviewed
剩,yue-HK,sing6,,,false,unicode-unihan-17@17.0.0:kCantonese,kCantonese,source-attested-unreviewed
剩,zh-Hant-TW,shèng,,,false,unicode-unihan-17@17.0.0:kMandarin,kMandarin,source-attested-unreviewed
熱,yue-HK,jit6,,,false,unicode-unihan-17@17.0.0:kCantonese,kCantonese,source-attested-unreviewed
熱,zh-Hant-TW,rè,,,false,unicode-unihan-17@17.0.0:kMandarin,kMandarin,source-attested-unreviewed
囉,yue-HK,lo1,,,false,unicode-unihan-17@17.0.0:kCantonese,kCantonese,source-attested-unreviewed
囉,yue-HK,lo4,mandarin-mapping:luó,,false,unicode-unihan-17@17.0.0:kSMSZD2003Readings,kSMSZD2003Readings,source-attested-unreviewed
囉,yue-HK,lo3,mandarin-mapping:luo,,false,unicode-unihan-17@17.0.0:kSMSZD2003Readings,kSMSZD2003Readings,source-attested-unreviewed
囉,zh-Hant-TW,luō,,,false,unicode-unihan-17@17.0.0:kMandarin,kMandarin,source-attested-unreviewed
囉,zh-Hant-TW,luó,,,false,unicode-unihan-17@17.0.0:kHanyuPinyin,kHanyuPinyin,source-attested-unreviewed
囉,zh-Hant-TW,luo,,,false,unicode-unihan-17@17.0.0:kHanyuPinyin,kHanyuPinyin,source-attested-unreviewed
命,yue-HK,ming6,,,false,unicode-unihan-17@17.0.0:kCantonese,kCantonese,source-attested-unreviewed
命,yue-HK,meng6,mandarin-mapping:mìng,,false,unicode-unihan-17@17.0.0:kSMSZD2003Readings,kSMSZD2003Readings,source-attested-unreviewed
命,zh-Hant-TW,mìng,,,false,unicode-unihan-17@17.0.0:kMandarin,kMandarin,source-attested-unreviewed
倒,yue-HK,dou2,,,false,unicode-unihan-17@17.0.0:kCantonese,kCantonese,source-attested-unreviewed
倒,yue-HK,dou3,mandarin-mapping:dào,,false,unicode-unihan-17@17.0.0:kSMSZD2003Readings,kSMSZD2003Readings,source-attested-unreviewed
倒,zh-Hant-TW,dào,,,false,unicode-unihan-17@17.0.0:kMandarin,kMandarin,source-attested-unreviewed
倒,zh-Hant-TW,dǎo,attested-count:365,,false,unicode-unihan-17@17.0.0:kHanyuPinlu,kHanyuPinlu,source-attested-unreviewed
造,yue-HK,zou6,,,false,unicode-unihan-17@17.0.0:kCantonese,kCantonese,source-attested-unreviewed
造,yue-HK,cou3,"mandarin-mapping:zào,cào",,false,unicode-unihan-17@17.0.0:kSMSZD2003Readings,kSMSZD2003Readings,source-attested-unreviewed
造,zh-Hant-TW,zào,,,false,unicode-unihan-17@17.0.0:kMandarin,kMandarin,source-attested-unreviewed
造,zh-Hant-TW,cào,,,false,unicode-unihan-17@17.0.0:kHanyuPinyin,kHanyuPinyin,source-attested-unreviewed
造,zh-Hant-TW,cāo,,,false,unicode-unihan-17@17.0.0:kHanyuPinyin,kHanyuPinyin,source-attested-unreviewed
器,yue-HK,hei3,,,false,unicode-unihan-17@17.0.0:kCantonese,kCantonese,source-attested-unreviewed
器,zh-Hant-TW,qì,,,false,unicode-unihan-17@17.0.0:kMandarin,kMandarin,source-attested-unreviewed
特,yue-HK,dak6,,,false,unicode-unihan-17@17.0.0:kCantonese,kCantonese,source-attested-unreviewed
特,zh-Hant-TW,tè,,,false,unicode-unihan-17@17.0.0:kMandarin,kMandarin,source-attested-unreviewed
收,yue-HK,sau1,,,false,unicode-unihan-17@17.0.0:kCantonese,kCantonese,source-attested-unreviewed
收,zh-Hant-TW,shōu,,,false,unicode-unihan-17@17.0.0:kMandarin,kMandarin,source-attested-unreviewed
改,yue-HK,goi2,,,false,unicode-unihan-17@17.0.0:kCantonese,kCantonese,source-attested-unreviewed
改,zh-Hant-TW,gǎi,,,false,unicode-unihan-17@17.0.0:kMandarin,kMandarin,source-attested-unreviewed
筆,yue-HK,bat1,,,false,unicode-unihan-17@17.0.0:kCantonese,kCantonese,source-attested-unreviewed
筆,zh-Hant-TW,bǐ,,,false,unicode-unihan-17@17.0.0:kMandarin,kMandarin,source-attested-unreviewed
教,yue-HK,gaau3,,,false,unicode-unihan-17@17.0.0:kCantonese,kCantonese,source-attested-unreviewed
教,zh-Hant-TW,jiào,,,false,unicode-unihan-17@17.0.0:kMandarin,kMandarin,source-attested-unreviewed
教,zh-Hant-TW,jiāo,attested-count:155,,false,unicode-unihan-17@17.0.0:kHanyuPinlu,kHanyuPinlu,source-attested-unreviewed
母,yue-HK,mou5,,,false,unicode-unihan-17@17.0.0:kCantonese,kCantonese,source-attested-unreviewed
母,zh-Hant-TW,mǔ,,,false,unicode-unihan-17@17.0.0:kMandarin,kMandarin,source-attested-unreviewed
母,zh-Hant-TW,mú,,,false,unicode-unihan-17@17.0.0:kHanyuPinyin,kHanyuPinyin,source-attested-unreviewed
母,zh-Hant-TW,wǔ,,,false,unicode-unihan-17@17.0.0:kHanyuPinyin,kHanyuPinyin,source-attested-unreviewed
母,zh-Hant-TW,wú,,,false,unicode-unihan-17@17.0.0:kHanyuPinyin,kHanyuPinyin,source-attested-unreviewed
紙,yue-HK,zi2,,,false,unicode-unihan-17@17.0.0:kCantonese,kCantonese,source-attested-unreviewed
紙,zh-Hant-TW,zhǐ,,,false,unicode-unihan-17@17.0.0:kMandarin,kMandarin,source-attested-unreviewed
站,yue-HK,zaam6,,,false,unicode-unihan-17@17.0.0:kCantonese,kCantonese,source-attested-unreviewed
站,zh-Hant-TW,zhàn,,,false,unicode-unihan-17@17.0.0:kMandarin,kMandarin,source-attested-unreviewed
站,zh-Hant-TW,zhān,,,false,unicode-unihan-17@17.0.0:kHanyuPinyin,kHanyuPinyin,source-attested-unreviewed
吧,yue-HK,baa6,,,false,unicode-unihan-17@17.0.0:kCantonese,kCantonese,source-attested-unreviewed
吧,yue-HK,baa1,mandarin-mapping:bā,,false,unicode-unihan-17@17.0.0:kSMSZD2003Readings,kSMSZD2003Readings,source-attested-unreviewed
吧,zh-Hant-TW,ba,,,false,unicode-unihan-17@17.0.0:kMandarin,kMandarin,source-attested-unreviewed
吧,zh-Hant-TW,bā,,,false,unicode-unihan-17@17.0.0:kHanyuPinyin,kHanyuPinyin,source-attested-unreviewed
吧,zh-Hant-TW,pā,,,false,unicode-unihan-17@17.0.0:kHanyuPinyin,kHanyuPinyin,source-attested-unreviewed
雨,yue-HK,jyu5,,,false,unicode-unihan-17@17.0.0:kCantonese,kCantonese,source-attested-unreviewed
雨,yue-HK,jyu6,mandarin-mapping:yù,,false,unicode-unihan-17@17.0.0:kSMSZD2003Readings,kSMSZD2003Readings,source-attested-unreviewed
雨,zh-Hant-TW,yǔ,,,false,unicode-unihan-17@17.0.0:kMandarin,kMandarin,source-attested-unreviewed
雨,zh-Hant-TW,yù,,,false,unicode-unihan-17@17.0.0:kHanyuPinyin,kHanyuPinyin,source-attested-unreviewed
強,yue-HK,koeng4,,,false,unicode-unihan-17@17.0.0:kCantonese,kCantonese,source-attested-unreviewed
強,yue-HK,koeng5,mandarin-mapping:qiǎng,,false,unicode-unihan-17@17.0.0:kSMSZD2003Readings,kSMSZD2003Readings,source-attested-unreviewed
強,yue-HK,goeng6,mandarin-mapping:jiàng,,false,unicode-unihan-17@17.0.0:kSMSZD2003Readings,kSMSZD2003Readings,source-attested-unreviewed
強,zh-Hant-TW,qiáng,,,false,unicode-unihan-17@17.0.0:kMandarin,kMandarin,source-attested-unreviewed
強,zh-Hant-TW,qiǎng,attested-count:88,,false,unicode-unihan-17@17.0.0:kHanyuPinlu,kHanyuPinlu,source-attested-unreviewed
爺,yue-HK,je4,,,false,unicode-unihan-17@17.0.0:kCantonese,kCantonese,source-attested-unreviewed
爺,zh-Hant-TW,yé,,,false,unicode-unihan-17@17.0.0:kMandarin,kMandarin,source-attested-unreviewed
爺,zh-Hant-TW,ye,attested-count:671,,false,unicode-unihan-17@17.0.0:kHanyuPinlu,kHanyuPinlu,source-attested-unreviewed
安,yue-HK,on1,,,false,unicode-unihan-17@17.0.0:kCantonese,kCantonese,source-attested-unreviewed
安,zh-Hant-TW,ān,,,false,unicode-unihan-17@17.0.0:kMandarin,kMandarin,source-attested-unreviewed
科,yue-HK,fo1,,,false,unicode-unihan-17@17.0.0:kCantonese,kCantonese,source-attested-unreviewed
科,zh-Hant-TW,kē,,,false,unicode-unihan-17@17.0.0:kMandarin,kMandarin,source-attested-unreviewed
科,zh-Hant-TW,kè,,,false,unicode-unihan-17@17.0.0:kHanyuPinyin,kHanyuPinyin,source-attested-unreviewed
望,yue-HK,mong6,,,false,unicode-unihan-17@17.0.0:kCantonese,kCantonese,source-attested-unreviewed
望,zh-Hant-TW,wàng,,,false,unicode-unihan-17@17.0.0:kMandarin,kMandarin,source-attested-unreviewed
望,zh-Hant-TW,wang,attested-count:29,,false,unicode-unihan-17@17.0.0:kHanyuPinlu,kHanyuPinlu,source-attested-unreviewed
演,yue-HK,jin2,,,false,unicode-unihan-17@17.0.0:kCantonese,kCantonese,source-attested-unreviewed
演,zh-Hant-TW,yǎn,,,false,unicode-unihan-17@17.0.0:kMandarin,kMandarin,source-attested-unreviewed
演,zh-Hant-TW,yàn,,,false,unicode-unihan-17@17.0.0:kHanyuPinyin,kHanyuPinyin,source-attested-unreviewed
南,yue-HK,naam4,,,false,unicode-unihan-17@17.0.0:kCantonese,kCantonese,source-attested-unreviewed
南,yue-HK,naa4,mandarin-mapping:nā,,false,unicode-unihan-17@17.0.0:kSMSZD2003Readings,kSMSZD2003Readings,source-attested-unreviewed
南,zh-Hant-TW,nán,,,false,unicode-unihan-17@17.0.0:kMandarin,kMandarin,source-attested-unreviewed
南,zh-Hant-TW,nā,,,false,unicode-unihan-17@17.0.0:kHanyuPinyin,kHanyuPinyin,source-attested-unreviewed
建,yue-HK,gin3,,,false,unicode-unihan-17@17.0.0:kCantonese,kCantonese,source-attested-unreviewed
建,zh-Hant-TW,jiàn,,,false,unicode-unihan-17@17.0.0:kMandarin,kMandarin,source-attested-unreviewed
春,yue-HK,ceon1,,,false,unicode-unihan-17@17.0.0:kCantonese,kCantonese,source-attested-unreviewed
春,zh-Hant-TW,chūn,,,false,unicode-unihan-17@17.0.0:kMandarin,kMandarin,source-attested-unreviewed
春,zh-Hant-TW,chǔn,,,false,unicode-unihan-17@17.0.0:kHanyuPinyin,kHanyuPinyin,source-attested-unreviewed
但,yue-HK,daan6,,,false,unicode-unihan-17@17.0.0:kCantonese,kCantonese,source-attested-unreviewed
但,zh-Hant-TW,dàn,,,false,unicode-unihan-17@17.0.0:kMandarin,kMandarin,source-attested-unreviewed
但,zh-Hant-TW,tǎn,,,false,unicode-unihan-17@17.0.0:kHanyuPinyin,kHanyuPinyin,source-attested-unreviewed
但,zh-Hant-TW,yàn,,,false,unicode-unihan-17@17.0.0:kHanyuPinyin,kHanyuPinyin,source-attested-unreviewed
往,yue-HK,wong5,,,false,unicode-unihan-17@17.0.0:kCantonese,kCantonese,source-attested-unreviewed
往,zh-Hant-TW,wǎng,,,false,unicode-unihan-17@17.0.0:kMandarin,kMandarin,source-attested-unreviewed
往,zh-Hant-TW,wàng,attested-count:427,,false,unicode-unihan-17@17.0.0:kHanyuPinlu,kHanyuPinlu,source-attested-unreviewed
較,yue-HK,gaau3,,,false,unicode-unihan-17@17.0.0:kCantonese,kCantonese,source-attested-unreviewed
較,zh-Hant-TW,jiào,,,false,unicode-unihan-17@17.0.0:kMandarin,kMandarin,source-attested-unreviewed
較,zh-Hant-TW,jué,,,false,unicode-unihan-17@17.0.0:kHanyuPinyin,kHanyuPinyin,source-attested-unreviewed
較,zh-Hant-TW,xiào,,,false,unicode-unihan-17@17.0.0:kHanyuPinyin,kHanyuPinyin,source-attested-unreviewed
流,yue-HK,lau4,,,false,unicode-unihan-17@17.0.0:kCantonese,kCantonese,source-attested-unreviewed
流,zh-Hant-TW,liú,,,false,unicode-unihan-17@17.0.0:kMandarin,kMandarin,source-attested-unreviewed
遠,yue-HK,jyun5,,,false,unicode-unihan-17@17.0.0:kCantonese,kCantonese,source-attested-unreviewed
遠,yue-HK,jyun6,mandarin-mapping:yuàn,,false,unicode-unihan-17@17.0.0:kSMSZD2003Readings,kSMSZD2003Readings,source-attested-unreviewed
遠,zh-Hant-TW,yuǎn,,,false,unicode-unihan-17@17.0.0:kMandarin,kMandarin,source-attested-unreviewed
遠,zh-Hant-TW,yuàn,,,false,unicode-unihan-17@17.0.0:kHanyuPinyin,kHanyuPinyin,source-attested-unreviewed
需,yue-HK,seoi1,,,false,unicode-unihan-17@17.0.0:kCantonese,kCantonese,source-attested-unreviewed
需,zh-Hant-TW,xū,,,false,unicode-unihan-17@17.0.0:kMandarin,kMandarin,source-attested-unreviewed
需,zh-Hant-TW,nuò,,,false,unicode-unihan-17@17.0.0:kHanyuPinyin,kHanyuPinyin,source-attested-unreviewed
需,zh-Hant-TW,rú,,,false,unicode-unihan-17@17.0.0:kHanyuPinyin,kHanyuPinyin,source-attested-unreviewed
需,zh-Hant-TW,ruǎn,,,false,unicode-unihan-17@17.0.0:kHanyuPinyin,kHanyuPinyin,source-attested-unreviewed
世,yue-HK,sai3,,,false,unicode-unihan-17@17.0.0:kCantonese,kCantonese,source-attested-unreviewed
世,zh-Hant-TW,shì,,,false,unicode-unihan-17@17.0.0:kMandarin,kMandarin,source-attested-unreviewed
近,yue-HK,gan6,,,false,unicode-unihan-17@17.0.0:kCantonese,kCantonese,source-attested-unreviewed
近,zh-Hant-TW,jìn,,,false,unicode-unihan-17@17.0.0:kMandarin,kMandarin,source-attested-unreviewed
集,yue-HK,zaap6,,,false,unicode-unihan-17@17.0.0:kCantonese,kCantonese,source-attested-unreviewed
集,zh-Hant-TW,jí,,,false,unicode-unihan-17@17.0.0:kMandarin,kMandarin,source-attested-unreviewed
察,yue-HK,caat3,,,false,unicode-unihan-17@17.0.0:kCantonese,kCantonese,source-attested-unreviewed
察,zh-Hant-TW,chá,,,false,unicode-unihan-17@17.0.0:kMandarin,kMandarin,source-attested-unreviewed
察,zh-Hant-TW,cuì,,,false,unicode-unihan-17@17.0.0:kHanyuPinyin,kHanyuPinyin,source-attested-unreviewed
場,yue-HK,coeng4,,,false,unicode-unihan-17@17.0.0:kCantonese,kCantonese,source-attested-unreviewed
場,zh-Hant-TW,chǎng,,,false,unicode-unihan-17@17.0.0:kMandarin,kMandarin,source-attested-unreviewed
場,zh-Hant-TW,cháng,attested-count:141,,false,unicode-unihan-17@17.0.0:kHanyuPinlu,kHanyuPinlu,source-attested-unreviewed
場,zh-Hant-TW,shāng,,,false,unicode-unihan-17@17.0.0:kHanyuPinyin,kHanyuPinyin,source-attested-unreviewed
場,zh-Hant-TW,dàng,,,false,unicode-unihan-17@17.0.0:kHanyuPinyin,kHanyuPinyin,source-attested-unreviewed
簡,yue-HK,gaan2,,,false,unicode-unihan-17@17.0.0:kCantonese,kCantonese,source-attested-unreviewed
簡,zh-Hant-TW,jiǎn,,,false,unicode-unihan-17@17.0.0:kMandarin,kMandarin,source-attested-unreviewed
順,yue-HK,seon6,,,false,unicode-unihan-17@17.0.0:kCantonese,kCantonese,source-attested-unreviewed
順,zh-Hant-TW,shùn,,,false,unicode-unihan-17@17.0.0:kMandarin,kMandarin,source-attested-unreviewed
今,yue-HK,gam1,,,false,unicode-unihan-17@17.0.0:kCantonese,kCantonese,source-attested-unreviewed
今,zh-Hant-TW,jīn,,,false,unicode-unihan-17@17.0.0:kMandarin,kMandarin,source-attested-unreviewed
故,yue-HK,gu3,,,false,unicode-unihan-17@17.0.0:kCantonese,kCantonese,source-attested-unreviewed
故,zh-Hant-TW,gù,,,false,unicode-unihan-17@17.0.0:kMandarin,kMandarin,source-attested-unreviewed
深,yue-HK,sam1,,,false,unicode-unihan-17@17.0.0:kCantonese,kCantonese,source-attested-unreviewed
深,zh-Hant-TW,shēn,,,false,unicode-unihan-17@17.0.0:kMandarin,kMandarin,source-attested-unreviewed
七,yue-HK,cat1,,,false,unicode-unihan-17@17.0.0:kCantonese,kCantonese,source-attested-unreviewed
七,zh-Hant-TW,qī,,,false,unicode-unihan-17@17.0.0:kMandarin,kMandarin,source-attested-unreviewed
具,yue-HK,geoi6,,,false,unicode-unihan-17@17.0.0:kCantonese,kCantonese,source-attested-unreviewed
具,zh-Hant-TW,jù,,,false,unicode-unihan-17@17.0.0:kMandarin,kMandarin,source-attested-unreviewed
具,zh-Hant-TW,ju,attested-count:30,,false,unicode-unihan-17@17.0.0:kHanyuPinlu,kHanyuPinlu,source-attested-unreviewed
拉,yue-HK,laai1,,,false,unicode-unihan-17@17.0.0:kCantonese,kCantonese,source-attested-unreviewed
拉,yue-HK,laat6,mandarin-mapping:lá,,false,unicode-unihan-17@17.0.0:kSMSZD2003Readings,kSMSZD2003Readings,source-attested-unreviewed
拉,yue-HK,laa1,mandarin-mapping:lá,,false,unicode-unihan-17@17.0.0:kSMSZD2003Readings,kSMSZD2003Readings,source-attested-unreviewed
拉,zh-Hant-TW,lā,,,false,unicode-unihan-17@17.0.0:kMandarin,kMandarin,source-attested-unreviewed
拉,zh-Hant-TW,la,attested-count:12,,false,unicode-unihan-17@17.0.0:kHanyuPinlu,kHanyuPinlu,source-attested-unreviewed
拉,zh-Hant-TW,lá,,,false,unicode-unihan-17@17.0.0:kHanyuPinyin,kHanyuPinyin,source-attested-unreviewed
拉,zh-Hant-TW,lǎ,,,false,unicode-unihan-17@17.0.0:kHanyuPinyin,kHanyuPinyin,source-attested-unreviewed
拉,zh-Hant-TW,là,,,false,unicode-unihan-17@17.0.0:kHanyuPinyin,kHanyuPinyin,source-attested-unreviewed
雞,yue-HK,gai1,,,false,unicode-unihan-17@17.0.0:kCantonese,kCantonese,source-attested-unreviewed
雞,zh-Hant-TW,jī,,,false,unicode-unihan-17@17.0.0:kMandarin,kMandarin,source-attested-unreviewed
讓,yue-HK,joeng6,,,false,unicode-unihan-17@17.0.0:kCantonese,kCantonese,source-attested-unreviewed
讓,zh-Hant-TW,ràng,,,false,unicode-unihan-17@17.0.0:kMandarin,kMandarin,source-attested-unreviewed
片,yue-HK,pin3,,,false,unicode-unihan-17@17.0.0:kCantonese,kCantonese,source-attested-unreviewed
片,yue-HK,pin2,mandarin-mapping:piān,,false,unicode-unihan-17@17.0.0:kSMSZD2003Readings,kSMSZD2003Readings,source-attested-unreviewed
片,zh-Hant-TW,piàn,,,false,unicode-unihan-17@17.0.0:kMandarin,kMandarin,source-attested-unreviewed
片,zh-Hant-TW,piān,attested-count:42,,false,unicode-unihan-17@17.0.0:kHanyuPinlu,kHanyuPinlu,source-attested-unreviewed
片,zh-Hant-TW,pàn,,,false,unicode-unihan-17@17.0.0:kHanyuPinyin,kHanyuPinyin,source-attested-unreviewed
江,yue-HK,gong1,,,false,unicode-unihan-17@17.0.0:kCantonese,kCantonese,source-attested-unreviewed
江,zh-Hant-TW,jiāng,,,false,unicode-unihan-17@17.0.0:kMandarin,kMandarin,source-attested-unreviewed
汽,yue-HK,hei3,,,false,unicode-unihan-17@17.0.0:kCantonese,kCantonese,source-attested-unreviewed
汽,zh-Hant-TW,qì,,,false,unicode-unihan-17@17.0.0:kMandarin,kMandarin,source-attested-unreviewed
汽,zh-Hant-TW,gài,,,false,unicode-unihan-17@17.0.0:kHanyuPinyin,kHanyuPinyin,source-attested-unreviewed
汽,zh-Hant-TW,yǐ,,,false,unicode-unihan-17@17.0.0:kHanyuPinyin,kHanyuPinyin,source-attested-unreviewed
油,yue-HK,jau4,,,false,unicode-unihan-17@17.0.0:kCantonese,kCantonese,source-attested-unreviewed
油,zh-Hant-TW,yóu,,,false,unicode-unihan-17@17.0.0:kMandarin,kMandarin,source-attested-unreviewed
油,zh-Hant-TW,yòu,,,false,unicode-unihan-17@17.0.0:kHanyuPinyin,kHanyuPinyin,source-attested-unreviewed
華,yue-HK,waa4,,,false,unicode-unihan-17@17.0.0:kCantonese,kCantonese,source-attested-unreviewed
華,yue-HK,waa6,mandarin-mapping:huà,,false,unicode-unihan-17@17.0.0:kSMSZD2003Readings,kSMSZD2003Readings,source-attested-unreviewed
華,zh-Hant-TW,huá,,,false,unicode-unihan-17@17.0.0:kMandarin,kMandarin,source-attested-unreviewed
華,zh-Hant-TW,huā,,,false,unicode-unihan-17@17.0.0:kHanyuPinyin,kHanyuPinyin,source-attested-unreviewed
華,zh-Hant-TW,huà,,,false,unicode-unihan-17@17.0.0:kHanyuPinyin,kHanyuPinyin,source-attested-unreviewed
華,zh-Hant-TW,kuā,,,false,unicode-unihan-17@17.0.0:kHanyuPinyin,kHanyuPinyin,source-attested-unreviewed
展,yue-HK,zin2,,,false,unicode-unihan-17@17.0.0:kCantonese,kCantonese,source-attested-unreviewed
展,zh-Hant-TW,zhǎn,,,false,unicode-unihan-17@17.0.0:kMandarin,kMandarin,source-attested-unreviewed
展,zh-Hant-TW,zhan,attested-count:16,,false,unicode-unihan-17@17.0.0:kHanyuPinlu,kHanyuPinlu,source-attested-unreviewed
零,yue-HK,ling4,,,false,unicode-unihan-17@17.0.0:kCantonese,kCantonese,source-attested-unreviewed
零,zh-Hant-TW,líng,,,false,unicode-unihan-17@17.0.0:kMandarin,kMandarin,source-attested-unreviewed
零,zh-Hant-TW,lián,,,false,unicode-unihan-17@17.0.0:kHanyuPinyin,kHanyuPinyin,source-attested-unreviewed
服,yue-HK,fuk6,,,false,unicode-unihan-17@17.0.0:kCantonese,kCantonese,source-attested-unreviewed
服,zh-Hant-TW,fú,,,false,unicode-unihan-17@17.0.0:kMandarin,kMandarin,source-attested-unreviewed
服,zh-Hant-TW,fu,attested-count:396,,false,unicode-unihan-17@17.0.0:kHanyuPinlu,kHanyuPinlu,source-attested-unreviewed
服,zh-Hant-TW,fù,,,false,unicode-unihan-17@17.0.0:kHanyuPinyin,kHanyuPinyin,source-attested-unreviewed
服,zh-Hant-TW,bì,,,false,unicode-unihan-17@17.0.0:kHanyuPinyin,kHanyuPinyin,source-attested-unreviewed
服,zh-Hant-TW,bó,,,false,unicode-unihan-17@17.0.0:kHanyuPinyin,kHanyuPinyin,source-attested-unreviewed
黑,yue-HK,hak1,,,false,unicode-unihan-17@17.0.0:kCantonese,kCantonese,source-attested-unreviewed
黑,zh-Hant-TW,hēi,,,false,unicode-unihan-17@17.0.0:kMandarin,kMandarin,source-attested-unreviewed
養,yue-HK,joeng5,,,false,unicode-unihan-17@17.0.0:kCantonese,kCantonese,source-attested-unreviewed
養,yue-HK,joeng6,"mandarin-mapping:yǎng,yàng",,false,unicode-unihan-17@17.0.0:kSMSZD2003Readings,kSMSZD2003Readings,source-attested-unreviewed
養,zh-Hant-TW,yǎng,,,false,unicode-unihan-17@17.0.0:kMandarin,kMandarin,source-attested-unreviewed
養,zh-Hant-TW,yàng,,,false,unicode-unihan-17@17.0.0:kHanyuPinyin,kHanyuPinyin,source-attested-unreviewed
更,yue-HK,gang1,,,false,unicode-unihan-17@17.0.0:kCantonese,kCantonese,source-attested-unreviewed
更,yue-HK,gang3,mandarin-mapping:gèng,,false,unicode-unihan-17@17.0.0:kSMSZD2003Readings,kSMSZD2003Readings,source-attested-unreviewed
更,zh-Hant-TW,gèng,,,false,unicode-unihan-17@17.0.0:kMandarin,kMandarin,source-attested-unreviewed
更,zh-Hant-TW,gēng,attested-count:27,,false,unicode-unihan-17@17.0.0:kHanyuPinlu,kHanyuPinlu,source-attested-unreviewed
衣,yue-HK,ji1,,,false,unicode-unihan-17@17.0.0:kCantonese,kCantonese,source-attested-unreviewed
衣,yue-HK,ji3,mandarin-mapping:yì,,false,unicode-unihan-17@17.0.0:kSMSZD2003Readings,kSMSZD2003Readings,source-attested-unreviewed
衣,zh-Hant-TW,yī,,,false,unicode-unihan-17@17.0.0:kMandarin,kMandarin,source-attested-unreviewed
衣,zh-Hant-TW,yì,,,false,unicode-unihan-17@17.0.0:kHanyuPinyin,kHanyuPinyin,source-attested-unreviewed
者,yue-HK,ze2,,,false,unicode-unihan-17@17.0.0:kCantonese,kCantonese,source-attested-unreviewed
者,zh-Hant-TW,zhě,,,false,unicode-unihan-17@17.0.0:kMandarin,kMandarin,source-attested-unreviewed
皮,yue-HK,pei4,,,false,unicode-unihan-17@17.0.0:kCantonese,kCantonese,source-attested-unreviewed
皮,zh-Hant-TW,pí,,,false,unicode-unihan-17@17.0.0:kMandarin,kMandarin,source-attested-unreviewed
興,yue-HK,hing1,,,false,unicode-unihan-17@17.0.0:kCantonese,kCantonese,source-attested-unreviewed
興,yue-HK,hing3,mandarin-mapping:xìng,,false,unicode-unihan-17@17.0.0:kSMSZD2003Readings,kSMSZD2003Readings,source-attested-unreviewed
興,zh-Hant-TW,xìng,,,false,unicode-unihan-17@17.0.0:kMandarin,kMandarin,source-attested-unreviewed
興,zh-Hant-TW,xīng,attested-count:164,,false,unicode-unihan-17@17.0.0:kHanyuPinlu,kHanyuPinlu,source-attested-unreviewed
興,zh-Hant-TW,xìn,,,false,unicode-unihan-17@17.0.0:kHanyuPinyin,kHanyuPinyin,source-attested-unreviewed
包,yue-HK,baau1,,,false,unicode-unihan-17@17.0.0:kCantonese,kCantonese,source-attested-unreviewed
包,zh-Hant-TW,bāo,,,false,unicode-unihan-17@17.0.0:kMandarin,kMandarin,source-attested-unreviewed
包,zh-Hant-TW,páo,,,false,unicode-unihan-17@17.0.0:kHanyuPinyin,kHanyuPinyin,source-attested-unreviewed
包,zh-Hant-TW,fú,,,false,unicode-unihan-17@17.0.0:kHanyuPinyin,kHanyuPinyin,source-attested-unreviewed
落,yue-HK,lok6,,,false,unicode-unihan-17@17.0.0:kCantonese,kCantonese,source-attested-unreviewed
落,yue-HK,laai6,mandarin-mapping:là,,false,unicode-unihan-17@17.0.0:kSMSZD2003Readings,kSMSZD2003Readings,source-attested-unreviewed
落,zh-Hant-TW,luò,,,false,unicode-unihan-17@17.0.0:kMandarin,kMandarin,source-attested-unreviewed
落,zh-Hant-TW,là,attested-count:11,,false,unicode-unihan-17@17.0.0:kHanyuPinlu,kHanyuPinlu,source-attested-unreviewed
落,zh-Hant-TW,lào,,,false,unicode-unihan-17@17.0.0:kHanyuPinyin,kHanyuPinyin,source-attested-unreviewed
落,zh-Hant-TW,luō,,,false,unicode-unihan-17@17.0.0:kHanyuPinyin,kHanyuPinyin,source-attested-unreviewed
錢,yue-HK,cin4,,,false,unicode-unihan-17@17.0.0:kCantonese,kCantonese,source-attested-unreviewed
錢,yue-HK,zin2,mandarin-mapping:jiǎn,,false,unicode-unihan-17@17.0.0:kSMSZD2003Readings,kSMSZD2003Readings,source-attested-unreviewed
錢,zh-Hant-TW,qián,,,false,unicode-unihan-17@17.0.0:kMandarin,kMandarin,source-attested-unreviewed
錢,zh-Hant-TW,qian,attested-count:78,,false,unicode-unihan-17@17.0.0:kHanyuPinlu,kHanyuPinlu,source-attested-unreviewed
錢,zh-Hant-TW,jiǎn,,,false,unicode-unihan-17@17.0.0:kHanyuPinyin,kHanyuPinyin,source-attested-unreviewed
跟,yue-HK,gan1,,,false,unicode-unihan-17@17.0.0:kCantonese,kCantonese,source-attested-unreviewed
跟,zh-Hant-TW,gēn,,,false,unicode-unihan-17@17.0.0:kMandarin,kMandarin,source-attested-unreviewed
保,yue-HK,bou2,,,false,unicode-unihan-17@17.0.0:kCantonese,kCantonese,source-attested-unreviewed
保,zh-Hant-TW,bǎo,,,false,unicode-unihan-17@17.0.0:kMandarin,kMandarin,source-attested-unreviewed
領,yue-HK,ling5,,,false,unicode-unihan-17@17.0.0:kCantonese,kCantonese,source-attested-unreviewed
領,yue-HK,leng5,mandarin-mapping:lǐng,,false,unicode-unihan-17@17.0.0:kSMSZD2003Readings,kSMSZD2003Readings,source-attested-unreviewed
領,zh-Hant-TW,lǐng,,,false,unicode-unihan-17@17.0.0:kMandarin,kMandarin,source-attested-unreviewed
際,yue-HK,zai3,,,false,unicode-unihan-17@17.0.0:kCantonese,kCantonese,source-attested-unreviewed
際,zh-Hant-TW,jì,,,false,unicode-unihan-17@17.0.0:kMandarin,kMandarin,source-attested-unreviewed
黨,yue-HK,dong2,,,false,unicode-unihan-17@17.0.0:kCantonese,kCantonese,source-attested-unreviewed
黨,zh-Hant-TW,dǎng,,,false,unicode-unihan-17@17.0.0:kMandarin,kMandarin,source-attested-unreviewed
黨,zh-Hant-TW,tǎng,,,false,unicode-unihan-17@17.0.0:kHanyuPinyin,kHanyuPinyin,source-attested-unreviewed
黨,zh-Hant-TW,chèng,,,false,unicode-unihan-17@17.0.0:kHanyuPinyin,kHanyuPinyin,source-attested-unreviewed
注,yue-HK,zyu3,,,false,unicode-unihan-17@17.0.0:kCantonese,kCantonese,source-attested-unreviewed
注,zh-Hant-TW,zhù,,,false,unicode-unihan-17@17.0.0:kMandarin,kMandarin,source-attested-unreviewed
注,zh-Hant-TW,zhòu,,,false,unicode-unihan-17@17.0.0:kHanyuPinyin,kHanyuPinyin,source-attested-unreviewed
首,yue-HK,sau2,,,false,unicode-unihan-17@17.0.0:kCantonese,kCantonese,source-attested-unreviewed
首,zh-Hant-TW,shǒu,,,false,unicode-unihan-17@17.0.0:kMandarin,kMandarin,source-attested-unreviewed
拿,yue-HK,naa4,,,false,unicode-unihan-17@17.0.0:kCantonese,kCantonese,source-attested-unreviewed
拿,zh-Hant-TW,ná,,,false,unicode-unihan-17@17.0.0:kMandarin,kMandarin,source-attested-unreviewed
童,yue-HK,tung4,,,false,unicode-unihan-17@17.0.0:kCantonese,kCantonese,source-attested-unreviewed
童,zh-Hant-TW,tóng,,,false,unicode-unihan-17@17.0.0:kMandarin,kMandarin,source-attested-unreviewed
童,zh-Hant-TW,zhōng,,,false,unicode-unihan-17@17.0.0:kHanyuPinyin,kHanyuPinyin,source-attested-unreviewed
受,yue-HK,sau6,,,false,unicode-unihan-17@17.0.0:kCantonese,kCantonese,source-attested-unreviewed
受,zh-Hant-TW,shòu,,,false,unicode-unihan-17@17.0.0:kMandarin,kMandarin,source-attested-unreviewed
受,zh-Hant-TW,dào,,,false,unicode-unihan-17@17.0.0:kHanyuPinyin,kHanyuPinyin,source-attested-unreviewed
奶,yue-HK,naai5,,,false,unicode-unihan-17@17.0.0:kCantonese,kCantonese,source-attested-unreviewed
奶,zh-Hant-TW,nǎi,,,false,unicode-unihan-17@17.0.0:kMandarin,kMandarin,source-attested-unreviewed
奶,zh-Hant-TW,nai,attested-count:167,,false,unicode-unihan-17@17.0.0:kHanyuPinlu,kHanyuPinlu,source-attested-unreviewed
識,yue-HK,sik1,,,false,unicode-unihan-17@17.0.0:kCantonese,kCantonese,source-attested-unreviewed
識,yue-HK,zi3,mandarin-mapping:zhì,,false,unicode-unihan-17@17.0.0:kSMSZD2003Readings,kSMSZD2003Readings,source-attested-unreviewed
識,zh-Hant-TW,shí,,,false,unicode-unihan-17@17.0.0:kMandarin,kMandarin,source-attested-unreviewed
識,zh-Hant-TW,shì,,,false,unicode-unihan-17@17.0.0:kMandarin,kMandarin,source-attested-unreviewed
識,zh-Hant-TW,shi,attested-count:908,,false,unicode-unihan-17@17.0.0:kHanyuPinlu,kHanyuPinlu,source-attested-unreviewed
識,zh-Hant-TW,zhì,,,false,unicode-unihan-17@17.0.0:kHanyuPinyin,kHanyuPinyin,source-attested-unreviewed
綠,yue-HK,luk6,,,false,unicode-unihan-17@17.0.0:kCantonese,kCantonese,source-attested-unreviewed
綠,zh-Hant-TW,lǜ,,,false,unicode-unihan-17@17.0.0:kMandarin,kMandarin,source-attested-unreviewed
覺,yue-HK,gok3,,,false,unicode-unihan-17@17.0.0:kCantonese,kCantonese,source-attested-unreviewed
覺,yue-HK,gaau3,mandarin-mapping:jiào,,false,unicode-unihan-17@17.0.0:kSMSZD2003Readings,kSMSZD2003Readings,source-attested-unreviewed
覺,zh-Hant-TW,jué,,,false,unicode-unihan-17@17.0.0:kMandarin,kMandarin,source-attested-unreviewed
覺,zh-Hant-TW,jiào,attested-count:179,,false,unicode-unihan-17@17.0.0:kHanyuPinlu,kHanyuPinlu,source-attested-unreviewed
橋,yue-HK,kiu4,,,false,unicode-unihan-17@17.0.0:kCantonese,kCantonese,source-attested-unreviewed
橋,zh-Hant-TW,qiáo,,,false,unicode-unihan-17@17.0.0:kMandarin,kMandarin,source-attested-unreviewed
橋,zh-Hant-TW,jiāo,,,false,unicode-unihan-17@17.0.0:kHanyuPinyin,kHanyuPinyin,source-attested-unreviewed
橋,zh-Hant-TW,jiào,,,false,unicode-unihan-17@17.0.0:kHanyuPinyin,kHanyuPinyin,source-attested-unreviewed
橋,zh-Hant-TW,qiāo,,,false,unicode-unihan-17@17.0.0:kHanyuPinyin,kHanyuPinyin,source-attested-unreviewed
橋,zh-Hant-TW,jiǎo,,,false,unicode-unihan-17@17.0.0:kHanyuPinyin,kHanyuPinyin,source-attested-unreviewed
神,yue-HK,san4,,,false,unicode-unihan-17@17.0.0:kCantonese,kCantonese,source-attested-unreviewed
神,yue-HK,san1,mandarin-mapping:shēn,,false,unicode-unihan-17@17.0.0:kSMSZD2003Readings,kSMSZD2003Readings,source-attested-unreviewed
神,zh-Hant-TW,shén,,,false,unicode-unihan-17@17.0.0:kMandarin,kMandarin,source-attested-unreviewed
神,zh-Hant-TW,shen,attested-count:30,,false,unicode-unihan-17@17.0.0:kHanyuPinlu,kHanyuPinlu,source-attested-unreviewed
神,zh-Hant-TW,shēn,,,false,unicode-unihan-17@17.0.0:kHanyuPinyin,kHanyuPinyin,source-attested-unreviewed
期,yue-HK,kei4,,,false,unicode-unihan-17@17.0.0:kCantonese,kCantonese,source-attested-unreviewed
期,yue-HK,gei1,mandarin-mapping:jī,,false,unicode-unihan-17@17.0.0:kSMSZD2003Readings,kSMSZD2003Readings,source-attested-unreviewed
期,zh-Hant-TW,qī,,,false,unicode-unihan-17@17.0.0:kMandarin,kMandarin,source-attested-unreviewed
葉,yue-HK,jip6,,,false,unicode-unihan-17@17.0.0:kCantonese,kCantonese,source-attested-unreviewed
葉,zh-Hant-TW,yè,,,false,unicode-unihan-17@17.0.0:kMandarin,kMandarin,source-attested-unreviewed
葉,zh-Hant-TW,shè,,,false,unicode-unihan-17@17.0.0:kHanyuPinyin,kHanyuPinyin,source-attested-unreviewed
序,yue-HK,zeoi6,,,false,unicode-unihan-17@17.0.0:kCantonese,kCantonese,source-attested-unreviewed
序,zh-Hant-TW,xù,,,false,unicode-unihan-17@17.0.0:kMandarin,kMandarin,source-attested-unreviewed
朋,yue-HK,pang4,,,false,unicode-unihan-17@17.0.0:kCantonese,kCantonese,source-attested-unreviewed
朋,zh-Hant-TW,péng,,,false,unicode-unihan-17@17.0.0:kMandarin,kMandarin,source-attested-unreviewed
轉,yue-HK,zyun2,,,false,unicode-unihan-17@17.0.0:kCantonese,kCantonese,source-attested-unreviewed
轉,yue-HK,zyun3,mandarin-mapping:zhuàn,,false,unicode-unihan-17@17.0.0:kSMSZD2003Readings,kSMSZD2003Readings,source-attested-unreviewed
轉,zh-Hant-TW,zhuǎn,,,false,unicode-unihan-17@17.0.0:kMandarin,kMandarin,source-attested-unreviewed
轉,zh-Hant-TW,zhuàn,attested-count:177,,false,unicode-unihan-17@17.0.0:kHanyuPinlu,kHanyuPinlu,source-attested-unreviewed
玩,yue-HK,wun6,,,false,unicode-unihan-17@17.0.0:kCantonese,kCantonese,source-attested-unreviewed
玩,yue-HK,waan2,mandarin-mapping:wán,,false,unicode-unihan-17@17.0.0:kSMSZD2003Readings,kSMSZD2003Readings,source-attested-unreviewed
玩,yue-HK,waan4,mandarin-mapping:wán,,false,unicode-unihan-17@17.0.0:kSMSZD2003Readings,kSMSZD2003Readings,source-attested-unreviewed
玩,zh-Hant-TW,wán,,,false,unicode-unihan-17@17.0.0:kMandarin,kMandarin,source-attested-unreviewed
咚,yue-HK,dung1,,,false,unicode-unihan-17@17.0.0:kCantonese,kCantonese,source-attested-unreviewed
咚,zh-Hant-TW,dōng,,,false,unicode-unihan-17@17.0.0:kMandarin,kMandarin,source-attested-unreviewed
擺,yue-HK,baai2,,,false,unicode-unihan-17@17.0.0:kCantonese,kCantonese,source-attested-unreviewed
擺,zh-Hant-TW,bǎi,,,false,unicode-unihan-17@17.0.0:kMandarin,kMandarin,source-attested-unreviewed
士,yue-HK,si6,,,false,unicode-unihan-17@17.0.0:kCantonese,kCantonese,source-attested-unreviewed
士,zh-Hant-TW,shì,,,false,unicode-unihan-17@17.0.0:kMandarin,kMandarin,source-attested-unreviewed
士,zh-Hant-TW,shi,attested-count:69,,false,unicode-unihan-17@17.0.0:kHanyuPinlu,kHanyuPinlu,source-attested-unreviewed
細,yue-HK,sai3,,,false,unicode-unihan-17@17.0.0:kCantonese,kCantonese,source-attested-unreviewed
細,zh-Hant-TW,xì,,,false,unicode-unihan-17@17.0.0:kMandarin,kMandarin,source-attested-unreviewed
輛,yue-HK,loeng6,,,false,unicode-unihan-17@17.0.0:kCantonese,kCantonese,source-attested-unreviewed
輛,yue-HK,loeng2,mandarin-mapping:liàng,,false,unicode-unihan-17@17.0.0:kSMSZD2003Readings,kSMSZD2003Readings,source-attested-unreviewed
輛,zh-Hant-TW,liàng,,,false,unicode-unihan-17@17.0.0:kMandarin,kMandarin,source-attested-unreviewed
早,yue-HK,zou2,,,false,unicode-unihan-17@17.0.0:kCantonese,kCantonese,source-attested-unreviewed
早,zh-Hant-TW,zǎo,,,false,unicode-unihan-17@17.0.0:kMandarin,kMandarin,source-attested-unreviewed
支,yue-HK,zi1,,,false,unicode-unihan-17@17.0.0:kCantonese,kCantonese,source-attested-unreviewed
支,zh-Hant-TW,zhī,,,false,unicode-unihan-17@17.0.0:kMandarin,kMandarin,source-attested-unreviewed
支,zh-Hant-TW,zhì,,,false,unicode-unihan-17@17.0.0:kHanyuPinyin,kHanyuPinyin,source-attested-unreviewed
支,zh-Hant-TW,qí,,,false,unicode-unihan-17@17.0.0:kHanyuPinyin,kHanyuPinyin,source-attested-unreviewed
鳥,yue-HK,niu5,,,false,unicode-unihan-17@17.0.0:kCantonese,kCantonese,source-attested-unreviewed
鳥,yue-HK,diu2,mandarin-mapping:diǎo,,false,unicode-unihan-17@17.0.0:kSMSZD2003Readings,kSMSZD2003Readings,source-attested-unreviewed
鳥,zh-Hant-TW,niǎo,,,false,unicode-unihan-17@17.0.0:kMandarin,kMandarin,source-attested-unreviewed
鳥,zh-Hant-TW,diǎo,,,false,unicode-unihan-17@17.0.0:kHanyuPinyin,kHanyuPinyin,source-attested-unreviewed
鳥,zh-Hant-TW,dǎo,,,false,unicode-unihan-17@17.0.0:kHanyuPinyin,kHanyuPinyin,source-attested-unreviewed
鳥,zh-Hant-TW,què,,,false,unicode-unihan-17@17.0.0:kHanyuPinyin,kHanyuPinyin,source-attested-unreviewed
訓,yue-HK,fan3,,,false,unicode-unihan-17@17.0.0:kCantonese,kCantonese,source-attested-unreviewed
訓,zh-Hant-TW,xùn,,,false,unicode-unihan-17@17.0.0:kMandarin,kMandarin,source-attested-unreviewed
訓,zh-Hant-TW,xun,attested-count:98,,false,unicode-unihan-17@17.0.0:kHanyuPinlu,kHanyuPinlu,source-attested-unreviewed
寬,yue-HK,fun1,,,false,unicode-unihan-17@17.0.0:kCantonese,kCantonese,source-attested-unreviewed
寬,zh-Hant-TW,kuān,,,false,unicode-unihan-17@17.0.0:kMandarin,kMandarin,source-attested-unreviewed
麗,yue-HK,lai6,,,false,unicode-unihan-17@17.0.0:kCantonese,kCantonese,source-attested-unreviewed
麗,yue-HK,lei4,mandarin-mapping:lí,,false,unicode-unihan-17@17.0.0:kSMSZD2003Readings,kSMSZD2003Readings,source-attested-unreviewed
麗,zh-Hant-TW,lì,,,false,unicode-unihan-17@17.0.0:kMandarin,kMandarin,source-attested-unreviewed
麗,zh-Hant-TW,lí,,,false,unicode-unihan-17@17.0.0:kHanyuPinyin,kHanyuPinyin,source-attested-unreviewed
麗,zh-Hant-TW,lǐ,,,false,unicode-unihan-17@17.0.0:kHanyuPinyin,kHanyuPinyin,source-attested-unreviewed
麗,zh-Hant-TW,sī,,,false,unicode-unihan-17@17.0.0:kHanyuPinyin,kHanyuPinyin,source-attested-unreviewed
九,yue-HK,gau2,,,false,unicode-unihan-17@17.0.0:kCantonese,kCantonese,source-attested-unreviewed
九,zh-Hant-TW,jiǔ,,,false,unicode-unihan-17@17.0.0:kMandarin,kMandarin,source-attested-unreviewed
九,zh-Hant-TW,jiū,,,false,unicode-unihan-17@17.0.0:kHanyuPinyin,kHanyuPinyin,source-attested-unreviewed
界,yue-HK,gaai3,,,false,unicode-unihan-17@17.0.0:kCantonese,kCantonese,source-attested-unreviewed
界,zh-Hant-TW,jiè,,,false,unicode-unihan-17@17.0.0:kMandarin,kMandarin,source-attested-unreviewed
將,yue-HK,zoeng1,,,false,unicode-unihan-17@17.0.0:kCantonese,kCantonese,source-attested-unreviewed
將,yue-HK,zoeng3,mandarin-mapping:jiàng,,false,unicode-unihan-17@17.0.0:kSMSZD2003Readings,kSMSZD2003Readings,source-attested-unreviewed
將,yue-HK,coeng1,mandarin-mapping:qiāng,,false,unicode-unihan-17@17.0.0:kSMSZD2003Readings,kSMSZD2003Readings,source-attested-unreviewed
將,zh-Hant-TW,jiāng,,,false,unicode-unihan-17@17.0.0:kMandarin,kMandarin,source-attested-unreviewed
將,zh-Hant-TW,jiàng,attested-count:42,,false,unicode-unihan-17@17.0.0:kHanyuPinlu,kHanyuPinlu,source-attested-unreviewed
將,zh-Hant-TW,qiāng,,,false,unicode-unihan-17@17.0.0:kHanyuPinyin,kHanyuPinyin,source-attested-unreviewed
將,zh-Hant-TW,yáng,,,false,unicode-unihan-17@17.0.0:kHanyuPinyin,kHanyuPinyin,source-attested-unreviewed
將,zh-Hant-TW,jiǎng,,,false,unicode-unihan-17@17.0.0:kHanyuPinyin,kHanyuPinyin,source-attested-unreviewed
響,yue-HK,hoeng2,,,false,unicode-unihan-17@17.0.0:kCantonese,kCantonese,source-attested-unreviewed
響,zh-Hant-TW,xiǎng,,,false,unicode-unihan-17@17.0.0:kMandarin,kMandarin,source-attested-unreviewed
景,yue-HK,ging2,,,false,unicode-unihan-17@17.0.0:kCantonese,kCantonese,source-attested-unreviewed
景,zh-Hant-TW,jǐng,,,false,unicode-unihan-17@17.0.0:kMandarin,kMandarin,source-attested-unreviewed
景,zh-Hant-TW,yǐng,,,false,unicode-unihan-17@17.0.0:kHanyuPinyin,kHanyuPinyin,source-attested-unreviewed
管,yue-HK,gun2,,,false,unicode-unihan-17@17.0.0:kCantonese,kCantonese,source-attested-unreviewed
管,zh-Hant-TW,guǎn,,,false,unicode-unihan-17@17.0.0:kMandarin,kMandarin,source-attested-unreviewed
祖,yue-HK,zou2,,,false,unicode-unihan-17@17.0.0:kCantonese,kCantonese,source-attested-unreviewed
祖,zh-Hant-TW,zǔ,,,false,unicode-unihan-17@17.0.0:kMandarin,kMandarin,source-attested-unreviewed
祖,zh-Hant-TW,jiē,,,false,unicode-unihan-17@17.0.0:kHanyuPinyin,kHanyuPinyin,source-attested-unreviewed
農,yue-HK,nung4,,,false,unicode-unihan-17@17.0.0:kCantonese,kCantonese,source-attested-unreviewed
農,zh-Hant-TW,nóng,,,false,unicode-unihan-17@17.0.0:kMandarin,kMandarin,source-attested-unreviewed
敵,yue-HK,dik6,,,false,unicode-unihan-17@17.0.0:kCantonese,kCantonese,source-attested-unreviewed
敵,zh-Hant-TW,dí,,,false,unicode-unihan-17@17.0.0:kMandarin,kMandarin,source-attested-unreviewed
底,yue-HK,dai2,,,false,unicode-unihan-17@17.0.0:kCantonese,kCantonese,source-attested-unreviewed
底,zh-Hant-TW,dǐ,,,false,unicode-unihan-17@17.0.0:kMandarin,kMandarin,source-attested-unreviewed
底,zh-Hant-TW,de,,,false,unicode-unihan-17@17.0.0:kHanyuPinyin,kHanyuPinyin,source-attested-unreviewed
質,yue-HK,zat1,,,false,unicode-unihan-17@17.0.0:kCantonese,kCantonese,source-attested-unreviewed
質,yue-HK,zi3,mandarin-mapping:zhì,,false,unicode-unihan-17@17.0.0:kSMSZD2003Readings,kSMSZD2003Readings,source-attested-unreviewed
質,zh-Hant-TW,zhì,,,false,unicode-unihan-17@17.0.0:kMandarin,kMandarin,source-attested-unreviewed
志,yue-HK,zi3,,,false,unicode-unihan-17@17.0.0:kCantonese,kCantonese,source-attested-unreviewed
志,zh-Hant-TW,zhì,,,false,unicode-unihan-17@17.0.0:kMandarin,kMandarin,source-attested-unreviewed
夜,yue-HK,je6,,,false,unicode-unihan-17@17.0.0:kCantonese,kCantonese,source-attested-unreviewed
夜,zh-Hant-TW,yè,,,false,unicode-unihan-17@17.0.0:kMandarin,kMandarin,source-attested-unreviewed
許,yue-HK,heoi2,,,false,unicode-unihan-17@17.0.0:kCantonese,kCantonese,source-attested-unreviewed
許,yue-HK,fu2,mandarin-mapping:hǔ,,false,unicode-unihan-17@17.0.0:kSMSZD2003Readings,kSMSZD2003Readings,source-attested-unreviewed
許,zh-Hant-TW,xǔ,,,false,unicode-unihan-17@17.0.0:kMandarin,kMandarin,source-attested-unreviewed
許,zh-Hant-TW,hǔ,,,false,unicode-unihan-17@17.0.0:kHanyuPinyin,kHanyuPinyin,source-attested-unreviewed
喜,yue-HK,hei2,,,false,unicode-unihan-17@17.0.0:kCantonese,kCantonese,source-attested-unreviewed
喜,zh-Hant-TW,xǐ,,,false,unicode-unihan-17@17.0.0:kMandarin,kMandarin,source-attested-unreviewed
喜,zh-Hant-TW,xī,,,false,unicode-unihan-17@17.0.0:kHanyuPinyin,kHanyuPinyin,source-attested-unreviewed
喜,zh-Hant-TW,chì,,,false,unicode-unihan-17@17.0.0:kHanyuPinyin,kHanyuPinyin,source-attested-unreviewed
難,yue-HK,naan4,,,false,unicode-unihan-17@17.0.0:kCantonese,kCantonese,source-attested-unreviewed
難,yue-HK,naan6,mandarin-mapping:nàn,,false,unicode-unihan-17@17.0.0:kSMSZD2003Readings,kSMSZD2003Readings,source-attested-unreviewed
難,zh-Hant-TW,nán,,,false,unicode-unihan-17@17.0.0:kMandarin,kMandarin,source-attested-unreviewed
難,zh-Hant-TW,nan,attested-count:344,,false,unicode-unihan-17@17.0.0:kHanyuPinlu,kHanyuPinlu,source-attested-unreviewed
難,zh-Hant-TW,nàn,attested-count:82,,false,unicode-unihan-17@17.0.0:kHanyuPinlu,kHanyuPinlu,source-attested-unreviewed
難,zh-Hant-TW,nuó,,,false,unicode-unihan-17@17.0.0:kHanyuPinyin,kHanyuPinyin,source-attested-unreviewed
傳,yue-HK,cyun4,,,false,unicode-unihan-17@17.0.0:kCantonese,kCantonese,source-attested-unreviewed
傳,yue-HK,zyun6,mandarin-mapping:zhuàn,,false,unicode-unihan-17@17.0.0:kSMSZD2003Readings,kSMSZD2003Readings,source-attested-unreviewed
傳,zh-Hant-TW,chuán,,,false,unicode-unihan-17@17.0.0:kMandarin,kMandarin,source-attested-unreviewed
傳,zh-Hant-TW,zhuàn,attested-count:12,,false,unicode-unihan-17@17.0.0:kHanyuPinlu,kHanyuPinlu,source-attested-unreviewed
綜,yue-HK,zung1,,,false,unicode-unihan-17@17.0.0:kCantonese,kCantonese,source-attested-unreviewed
綜,yue-HK,zung3,mandarin-mapping:zōng,,false,unicode-unihan-17@17.0.0:kSMSZD2003Readings,kSMSZD2003Readings,source-attested-unreviewed
綜,zh-Hant-TW,zōng,,,false,unicode-unihan-17@17.0.0:kMandarin,kMandarin,source-attested-unreviewed
綜,zh-Hant-TW,zèng,,,false,unicode-unihan-17@17.0.0:kHanyuPinyin,kHanyuPinyin,source-attested-unreviewed
綜,zh-Hant-TW,zòng,,,false,unicode-unihan-17@17.0.0:kHanyuPinyin,kHanyuPinyin,source-attested-unreviewed
李,yue-HK,lei5,,,false,unicode-unihan-17@17.0.0:kCantonese,kCantonese,source-attested-unreviewed
李,zh-Hant-TW,lǐ,,,false,unicode-unihan-17@17.0.0:kMandarin,kMandarin,source-attested-unreviewed
李,zh-Hant-TW,li,attested-count:36,,false,unicode-unihan-17@17.0.0:kHanyuPinlu,kHanyuPinlu,source-attested-unreviewed
頁,yue-HK,jip6,,,false,unicode-unihan-17@17.0.0:kCantonese,kCantonese,source-attested-unreviewed
頁,zh-Hant-TW,yè,,,false,unicode-unihan-17@17.0.0:kMandarin,kMandarin,source-attested-unreviewed
頁,zh-Hant-TW,xié,,,false,unicode-unihan-17@17.0.0:kHanyuPinyin,kHanyuPinyin,source-attested-unreviewed
園,yue-HK,jyun4,,,false,unicode-unihan-17@17.0.0:kCantonese,kCantonese,source-attested-unreviewed
園,zh-Hant-TW,yuán,,,false,unicode-unihan-17@17.0.0:kMandarin,kMandarin,source-attested-unreviewed
製,yue-HK,zai3,,,false,unicode-unihan-17@17.0.0:kCantonese,kCantonese,source-attested-unreviewed
製,zh-Hant-TW,zhì,,,false,unicode-unihan-17@17.0.0:kMandarin,kMandarin,source-attested-unreviewed
剛,yue-HK,gong1,,,false,unicode-unihan-17@17.0.0:kCantonese,kCantonese,source-attested-unreviewed
剛,zh-Hant-TW,gāng,,,false,unicode-unihan-17@17.0.0:kMandarin,kMandarin,source-attested-unreviewed
食,yue-HK,sik6,,,false,unicode-unihan-17@17.0.0:kCantonese,kCantonese,source-attested-unreviewed
食,yue-HK,zi6,mandarin-mapping:sì,,false,unicode-unihan-17@17.0.0:kSMSZD2003Readings,kSMSZD2003Readings,source-attested-unreviewed
食,yue-HK,ji6,mandarin-mapping:yì,,false,unicode-unihan-17@17.0.0:kSMSZD2003Readings,kSMSZD2003Readings,source-attested-unreviewed
食,zh-Hant-TW,shí,,,false,unicode-unihan-17@17.0.0:kMandarin,kMandarin,source-attested-unreviewed
食,zh-Hant-TW,shi,attested-count:152,,false,unicode-unihan-17@17.0.0:kHanyuPinlu,kHanyuPinlu,source-attested-unreviewed
食,zh-Hant-TW,sì,,,false,unicode-unihan-17@17.0.0:kHanyuPinyin,kHanyuPinyin,source-attested-unreviewed
食,zh-Hant-TW,yì,,,false,unicode-unihan-17@17.0.0:kHanyuPinyin,kHanyuPinyin,source-attested-unreviewed
越,yue-HK,jyut6,,,false,unicode-unihan-17@17.0.0:kCantonese,kCantonese,source-attested-unreviewed
越,zh-Hant-TW,yuè,,,false,unicode-unihan-17@17.0.0:kMandarin,kMandarin,source-attested-unreviewed
越,zh-Hant-TW,huó,,,false,unicode-unihan-17@17.0.0:kHanyuPinyin,kHanyuPinyin,source-attested-unreviewed
腳,yue-HK,goek3,,,false,unicode-unihan-17@17.0.0:kCantonese,kCantonese,source-attested-unreviewed
腳,zh-Hant-TW,jiǎo,,,false,unicode-unihan-17@17.0.0:kMandarin,kMandarin,source-attested-unreviewed
留,yue-HK,lau4,,,false,unicode-unihan-17@17.0.0:kCantonese,kCantonese,source-attested-unreviewed
留,zh-Hant-TW,liú,,,false,unicode-unihan-17@17.0.0:kMandarin,kMandarin,source-attested-unreviewed
留,zh-Hant-TW,liù,,,false,unicode-unihan-17@17.0.0:kHanyuPinyin,kHanyuPinyin,source-attested-unreviewed
留,zh-Hant-TW,liǔ,,,false,unicode-unihan-17@17.0.0:kHanyuPinyin,kHanyuPinyin,source-attested-unreviewed
任,yue-HK,jam6,,,false,unicode-unihan-17@17.0.0:kCantonese,kCantonese,source-attested-unreviewed
任,zh-Hant-TW,rèn,,,false,unicode-unihan-17@17.0.0:kMandarin,kMandarin,source-attested-unreviewed
任,zh-Hant-TW,rén,,,false,unicode-unihan-17@17.0.0:kHanyuPinyin,kHanyuPinyin,source-attested-unreviewed
任,zh-Hant-TW,lìn,,,false,unicode-unihan-17@17.0.0:kHanyuPinyin,kHanyuPinyin,source-attested-unreviewed
適,yue-HK,sik1,,,false,unicode-unihan-17@17.0.0:kCantonese,kCantonese,source-attested-unreviewed
適,zh-Hant-TW,shì,,,false,unicode-unihan-17@17.0.0:kMandarin,kMandarin,source-attested-unreviewed
適,zh-Hant-TW,dí,,,false,unicode-unihan-17@17.0.0:kHanyuPinyin,kHanyuPinyin,source-attested-unreviewed
適,zh-Hant-TW,tì,,,false,unicode-unihan-17@17.0.0:kHanyuPinyin,kHanyuPinyin,source-attested-unreviewed
適,zh-Hant-TW,zhé,,,false,unicode-unihan-17@17.0.0:kHanyuPinyin,kHanyuPinyin,source-attested-unreviewed
反,yue-HK,faan2,,,false,unicode-unihan-17@17.0.0:kCantonese,kCantonese,source-attested-unreviewed
反,yue-HK,faan1,"mandarin-mapping:fǎn,fān",,false,unicode-unihan-17@17.0.0:kSMSZD2003Readings,kSMSZD2003Readings,source-attested-unreviewed
反,zh-Hant-TW,fǎn,,,false,unicode-unihan-17@17.0.0:kMandarin,kMandarin,source-attested-unreviewed
反,zh-Hant-TW,fàn,,,false,unicode-unihan-17@17.0.0:kHanyuPinyin,kHanyuPinyin,source-attested-unreviewed
城,yue-HK,sing4,,,false,unicode-unihan-17@17.0.0:kCantonese,kCantonese,source-attested-unreviewed
城,zh-Hant-TW,chéng,,,false,unicode-unihan-17@17.0.0:kMandarin,kMandarin,source-attested-unreviewed
占,yue-HK,zim1,,,false,unicode-unihan-17@17.0.0:kCantonese,kCantonese,source-attested-unreviewed
占,zh-Hant-TW,zhàn,,,false,unicode-unihan-17@17.0.0:kMandarin,kMandarin,source-attested-unreviewed
占,zh-Hant-TW,zhān,,,false,unicode-unihan-17@17.0.0:kHanyuPinyin,kHanyuPinyin,source-attested-unreviewed
占,zh-Hant-TW,tiē,,,false,unicode-unihan-17@17.0.0:kHanyuPinyin,kHanyuPinyin,source-attested-unreviewed
緊,yue-HK,gan2,,,false,unicode-unihan-17@17.0.0:kCantonese,kCantonese,source-attested-unreviewed
緊,zh-Hant-TW,jǐn,,,false,unicode-unihan-17@17.0.0:kMandarin,kMandarin,source-attested-unreviewed
料,yue-HK,liu6,,,false,unicode-unihan-17@17.0.0:kCantonese,kCantonese,source-attested-unreviewed
料,zh-Hant-TW,liào,,,false,unicode-unihan-17@17.0.0:kMandarin,kMandarin,source-attested-unreviewed
料,zh-Hant-TW,liáo,,,false,unicode-unihan-17@17.0.0:kHanyuPinyin,kHanyuPinyin,source-attested-unreviewed
雪,yue-HK,syut3,,,false,unicode-unihan-17@17.0.0:kCantonese,kCantonese,source-attested-unreviewed
雪,zh-Hant-TW,xuě,,,false,unicode-unihan-17@17.0.0:kMandarin,kMandarin,source-attested-unreviewed
圍,yue-HK,wai4,,,false,unicode-unihan-17@17.0.0:kCantonese,kCantonese,source-attested-unreviewed
圍,zh-Hant-TW,wéi,,,false,unicode-unihan-17@17.0.0:kMandarin,kMandarin,source-attested-unreviewed
低,yue-HK,dai1,,,false,unicode-unihan-17@17.0.0:kCantonese,kCantonese,source-attested-unreviewed
低,zh-Hant-TW,dī,,,false,unicode-unihan-17@17.0.0:kMandarin,kMandarin,source-attested-unreviewed
送,yue-HK,sung3,,,false,unicode-unihan-17@17.0.0:kCantonese,kCantonese,source-attested-unreviewed
送,zh-Hant-TW,sòng,,,false,unicode-unihan-17@17.0.0:kMandarin,kMandarin,source-attested-unreviewed
朵,yue-HK,do2,,,false,unicode-unihan-17@17.0.0:kCantonese,kCantonese,source-attested-unreviewed
朵,yue-HK,doe2,mandarin-mapping:duǒ,,false,unicode-unihan-17@17.0.0:kSMSZD2003Readings,kSMSZD2003Readings,source-attested-unreviewed
朵,zh-Hant-TW,duǒ,,,false,unicode-unihan-17@17.0.0:kMandarin,kMandarin,source-attested-unreviewed
朵,zh-Hant-TW,duo,attested-count:123,,false,unicode-unihan-17@17.0.0:kHanyuPinlu,kHanyuPinlu,source-attested-unreviewed
店,yue-HK,dim3,,,false,unicode-unihan-17@17.0.0:kCantonese,kCantonese,source-attested-unreviewed
店,zh-Hant-TW,diàn,,,false,unicode-unihan-17@17.0.0:kMandarin,kMandarin,source-attested-unreviewed
設,yue-HK,cit3,,,false,unicode-unihan-17@17.0.0:kCantonese,kCantonese,source-attested-unreviewed
設,zh-Hant-TW,shè,,,false,unicode-unihan-17@17.0.0:kMandarin,kMandarin,source-attested-unreviewed
錯,yue-HK,co3,,,false,unicode-unihan-17@17.0.0:kCantonese,kCantonese,source-attested-unreviewed
錯,yue-HK,cok3,mandarin-mapping:cuò,,false,unicode-unihan-17@17.0.0:kSMSZD2003Readings,kSMSZD2003Readings,source-attested-unreviewed
錯,zh-Hant-TW,cuò,,,false,unicode-unihan-17@17.0.0:kMandarin,kMandarin,source-attested-unreviewed
錯,zh-Hant-TW,cù,,,false,unicode-unihan-17@17.0.0:kHanyuPinyin,kHanyuPinyin,source-attested-unreviewed
錯,zh-Hant-TW,xī,,,false,unicode-unihan-17@17.0.0:kHanyuPinyin,kHanyuPinyin,source-attested-unreviewed
背,yue-HK,bui3,,,false,unicode-unihan-17@17.0.0:kCantonese,kCantonese,source-attested-unreviewed
背,yue-HK,bui6,mandarin-mapping:bèi,,false,unicode-unihan-17@17.0.0:kSMSZD2003Readings,kSMSZD2003Readings,source-attested-unreviewed
背,zh-Hant-TW,bèi,,,false,unicode-unihan-17@17.0.0:kMandarin,kMandarin,source-attested-unreviewed
背,zh-Hant-TW,bēi,attested-count:72,,false,unicode-unihan-17@17.0.0:kHanyuPinlu,kHanyuPinlu,source-attested-unreviewed
舞,yue-HK,mou5,,,false,unicode-unihan-17@17.0.0:kCantonese,kCantonese,source-attested-unreviewed
舞,zh-Hant-TW,wǔ,,,false,unicode-unihan-17@17.0.0:kMandarin,kMandarin,source-attested-unreviewed
板,yue-HK,baan2,,,false,unicode-unihan-17@17.0.0:kCantonese,kCantonese,source-attested-unreviewed
板,zh-Hant-TW,bǎn,,,false,unicode-unihan-17@17.0.0:kMandarin,kMandarin,source-attested-unreviewed
參,yue-HK,caam1,,,false,unicode-unihan-17@17.0.0:kCantonese,kCantonese,source-attested-unreviewed
參,yue-HK,sam1,mandarin-mapping:shēn,,false,unicode-unihan-17@17.0.0:kSMSZD2003Readings,kSMSZD2003Readings,source-attested-unreviewed
參,yue-HK,cam1,mandarin-mapping:cén,,false,unicode-unihan-17@17.0.0:kSMSZD2003Readings,kSMSZD2003Readings,source-attested-unreviewed
參,zh-Hant-TW,cān,,,false,unicode-unihan-17@17.0.0:kMandarin,kMandarin,source-attested-unreviewed
參,zh-Hant-TW,shēn,attested-count:25,,false,unicode-unihan-17@17.0.0:kHanyuPinlu,kHanyuPinlu,source-attested-unreviewed
參,zh-Hant-TW,sān,,,false,unicode-unihan-17@17.0.0:kHanyuPinyin,kHanyuPinyin,source-attested-unreviewed
參,zh-Hant-TW,cēn,,,false,unicode-unihan-17@17.0.0:kHanyuPinyin,kHanyuPinyin,source-attested-unreviewed
參,zh-Hant-TW,càn,,,false,unicode-unihan-17@17.0.0:kHanyuPinyin,kHanyuPinyin,source-attested-unreviewed
參,zh-Hant-TW,sǎn,,,false,unicode-unihan-17@17.0.0:kHanyuPinyin,kHanyuPinyin,source-attested-unreviewed
植,yue-HK,zik6,,,false,unicode-unihan-17@17.0.0:kCantonese,kCantonese,source-attested-unreviewed
植,zh-Hant-TW,zhí,,,false,unicode-unihan-17@17.0.0:kMandarin,kMandarin,source-attested-unreviewed
確,yue-HK,kok3,,,false,unicode-unihan-17@17.0.0:kCantonese,kCantonese,source-attested-unreviewed
確,zh-Hant-TW,què,,,false,unicode-unihan-17@17.0.0:kMandarin,kMandarin,source-attested-unreviewed
品,yue-HK,ban2,,,false,unicode-unihan-17@17.0.0:kCantonese,kCantonese,source-attested-unreviewed
品,zh-Hant-TW,pǐn,,,false,unicode-unihan-17@17.0.0:kMandarin,kMandarin,source-attested-unreviewed
格,yue-HK,gaak3,,,false,unicode-unihan-17@17.0.0:kCantonese,kCantonese,source-attested-unreviewed
格,zh-Hant-TW,gé,,,false,unicode-unihan-17@17.0.0:kMandarin,kMandarin,source-attested-unreviewed
格,zh-Hant-TW,ge,attested-count:29,,false,unicode-unihan-17@17.0.0:kHanyuPinlu,kHanyuPinlu,source-attested-unreviewed
格,zh-Hant-TW,luò,,,false,unicode-unihan-17@17.0.0:kHanyuPinyin,kHanyuPinyin,source-attested-unreviewed
格,zh-Hant-TW,hè,,,false,unicode-unihan-17@17.0.0:kHanyuPinyin,kHanyuPinyin,source-attested-unreviewed
格,zh-Hant-TW,gē,,,false,unicode-unihan-17@17.0.0:kHanyuPinyin,kHanyuPinyin,source-attested-unreviewed
慢,yue-HK,maan6,,,false,unicode-unihan-17@17.0.0:kCantonese,kCantonese,source-attested-unreviewed
慢,zh-Hant-TW,màn,,,false,unicode-unihan-17@17.0.0:kMandarin,kMandarin,source-attested-unreviewed
慢,zh-Hant-TW,mán,,,false,unicode-unihan-17@17.0.0:kHanyuPinyin,kHanyuPinyin,source-attested-unreviewed
此,yue-HK,ci2,,,false,unicode-unihan-17@17.0.0:kCantonese,kCantonese,source-attested-unreviewed
此,zh-Hant-TW,cǐ,,,false,unicode-unihan-17@17.0.0:kMandarin,kMandarin,source-attested-unreviewed
斷,yue-HK,dyun6,,,false,unicode-unihan-17@17.0.0:kCantonese,kCantonese,source-attested-unreviewed
斷,zh-Hant-TW,duàn,,,false,unicode-unihan-17@17.0.0:kMandarin,kMandarin,source-attested-unreviewed
叔,yue-HK,suk1,,,false,unicode-unihan-17@17.0.0:kCantonese,kCantonese,source-attested-unreviewed
叔,zh-Hant-TW,shū,,,false,unicode-unihan-17@17.0.0:kMandarin,kMandarin,source-attested-unreviewed
叔,zh-Hant-TW,shu,attested-count:153,,false,unicode-unihan-17@17.0.0:kHanyuPinlu,kHanyuPinlu,source-attested-unreviewed
離,yue-HK,lei4,,,false,unicode-unihan-17@17.0.0:kCantonese,kCantonese,source-attested-unreviewed
離,zh-Hant-TW,lí,,,false,unicode-unihan-17@17.0.0:kMandarin,kMandarin,source-attested-unreviewed
離,zh-Hant-TW,lì,,,false,unicode-unihan-17@17.0.0:kHanyuPinyin,kHanyuPinyin,source-attested-unreviewed
離,zh-Hant-TW,lǐ,,,false,unicode-unihan-17@17.0.0:kHanyuPinyin,kHanyuPinyin,source-attested-unreviewed
離,zh-Hant-TW,chī,,,false,unicode-unihan-17@17.0.0:kHanyuPinyin,kHanyuPinyin,source-attested-unreviewed
離,zh-Hant-TW,gǔ,,,false,unicode-unihan-17@17.0.0:kHanyuPinyin,kHanyuPinyin,source-attested-unreviewed
牛,yue-HK,ngau4,,,false,unicode-unihan-17@17.0.0:kCantonese,kCantonese,source-attested-unreviewed
牛,zh-Hant-TW,niú,,,false,unicode-unihan-17@17.0.0:kMandarin,kMandarin,source-attested-unreviewed
信,yue-HK,seon3,,,false,unicode-unihan-17@17.0.0:kCantonese,kCantonese,source-attested-unreviewed
信,zh-Hant-TW,xìn,,,false,unicode-unihan-17@17.0.0:kMandarin,kMandarin,source-attested-unreviewed
信,zh-Hant-TW,shēn,,,false,unicode-unihan-17@17.0.0:kHanyuPinyin,kHanyuPinyin,source-attested-unreviewed
您,yue-HK,nei5,,,false,unicode-unihan-17@17.0.0:kCantonese,kCantonese,source-attested-unreviewed
您,zh-Hant-TW,nín,,,false,unicode-unihan-17@17.0.0:kMandarin,kMandarin,source-attested-unreviewed
袋,yue-HK,doi6,,,false,unicode-unihan-17@17.0.0:kCantonese,kCantonese,source-attested-unreviewed
袋,zh-Hant-TW,dài,,,false,unicode-unihan-17@17.0.0:kMandarin,kMandarin,source-attested-unreviewed
袋,zh-Hant-TW,dai,attested-count:93,,false,unicode-unihan-17@17.0.0:kHanyuPinlu,kHanyuPinlu,source-attested-unreviewed
達,yue-HK,daat6,,,false,unicode-unihan-17@17.0.0:kCantonese,kCantonese,source-attested-unreviewed
達,zh-Hant-TW,dá,,,false,unicode-unihan-17@17.0.0:kMandarin,kMandarin,source-attested-unreviewed
達,zh-Hant-TW,tà,,,false,unicode-unihan-17@17.0.0:kHanyuPinyin,kHanyuPinyin,source-attested-unreviewed
男,yue-HK,naam4,,,false,unicode-unihan-17@17.0.0:kCantonese,kCantonese,source-attested-unreviewed
男,zh-Hant-TW,nán,,,false,unicode-unihan-17@17.0.0:kMandarin,kMandarin,source-attested-unreviewed
村,yue-HK,cyun1,,,false,unicode-unihan-17@17.0.0:kCantonese,kCantonese,source-attested-unreviewed
村,zh-Hant-TW,cūn,,,false,unicode-unihan-17@17.0.0:kMandarin,kMandarin,source-attested-unreviewed
英,yue-HK,jing1,,,false,unicode-unihan-17@17.0.0:kCantonese,kCantonese,source-attested-unreviewed
英,zh-Hant-TW,yīng,,,false,unicode-unihan-17@17.0.0:kMandarin,kMandarin,source-attested-unreviewed
英,zh-Hant-TW,yāng,,,false,unicode-unihan-17@17.0.0:kHanyuPinyin,kHanyuPinyin,source-attested-unreviewed
欣,yue-HK,jan1,,,false,unicode-unihan-17@17.0.0:kCantonese,kCantonese,source-attested-unreviewed
欣,zh-Hant-TW,xīn,,,false,unicode-unihan-17@17.0.0:kMandarin,kMandarin,source-attested-unreviewed
億,yue-HK,jik1,,,false,unicode-unihan-17@17.0.0:kCantonese,kCantonese,source-attested-unreviewed
億,zh-Hant-TW,yì,,,false,unicode-unihan-17@17.0.0:kMandarin,kMandarin,source-attested-unreviewed
億,zh-Hant-TW,yī,,,false,unicode-unihan-17@17.0.0:kHanyuPinyin,kHanyuPinyin,source-attested-unreviewed
目,yue-HK,muk6,,,false,unicode-unihan-17@17.0.0:kCantonese,kCantonese,source-attested-unreviewed
目,zh-Hant-TW,mù,,,false,unicode-unihan-17@17.0.0:kMandarin,kMandarin,source-attested-unreviewed
取,yue-HK,ceoi2,,,false,unicode-unihan-17@17.0.0:kCantonese,kCantonese,source-attested-unreviewed
取,zh-Hant-TW,qǔ,,,false,unicode-unihan-17@17.0.0:kMandarin,kMandarin,source-attested-unreviewed
取,zh-Hant-TW,qū,,,false,unicode-unihan-17@17.0.0:kHanyuPinyin,kHanyuPinyin,source-attested-unreviewed
彈,yue-HK,daan6,,,false,unicode-unihan-17@17.0.0:kCantonese,kCantonese,source-attested-unreviewed
彈,yue-HK,daan2,mandarin-mapping:dàn,,false,unicode-unihan-17@17.0.0:kSMSZD2003Readings,kSMSZD2003Readings,source-attested-unreviewed
彈,yue-HK,taan4,mandarin-mapping:tán,,false,unicode-unihan-17@17.0.0:kSMSZD2003Readings,kSMSZD2003Readings,source-attested-unreviewed
彈,zh-Hant-TW,dàn,,,false,unicode-unihan-17@17.0.0:kMandarin,kMandarin,source-attested-unreviewed
彈,zh-Hant-TW,tán,attested-count:50,,false,unicode-unihan-17@17.0.0:kHanyuPinlu,kHanyuPinlu,source-attested-unreviewed
彈,zh-Hant-TW,tan,attested-count:13,,false,unicode-unihan-17@17.0.0:kHanyuPinlu,kHanyuPinlu,source-attested-unreviewed
革,yue-HK,gaak3,,,false,unicode-unihan-17@17.0.0:kCantonese,kCantonese,source-attested-unreviewed
革,yue-HK,gik1,mandarin-mapping:jí,,false,unicode-unihan-17@17.0.0:kSMSZD2003Readings,kSMSZD2003Readings,source-attested-unreviewed
革,zh-Hant-TW,gé,,,false,unicode-unihan-17@17.0.0:kMandarin,kMandarin,source-attested-unreviewed
革,zh-Hant-TW,jí,,,false,unicode-unihan-17@17.0.0:kHanyuPinyin,kHanyuPinyin,source-attested-unreviewed
稱,yue-HK,cing1,,,false,unicode-unihan-17@17.0.0:kCantonese,kCantonese,source-attested-unreviewed
稱,yue-HK,cing3,mandarin-mapping:chèn,,false,unicode-unihan-17@17.0.0:kSMSZD2003Readings,kSMSZD2003Readings,source-attested-unreviewed
稱,yue-HK,can3,mandarin-mapping:chèn,,false,unicode-unihan-17@17.0.0:kSMSZD2003Readings,kSMSZD2003Readings,source-attested-unreviewed
稱,zh-Hant-TW,chēng,,,false,unicode-unihan-17@17.0.0:kMandarin,kMandarin,source-attested-unreviewed
稱,zh-Hant-TW,chèn,attested-count:20,,false,unicode-unihan-17@17.0.0:kHanyuPinlu,kHanyuPinlu,source-attested-unreviewed
稱,zh-Hant-TW,chèng,,,false,unicode-unihan-17@17.0.0:kHanyuPinyin,kHanyuPinyin,source-attested-unreviewed
旋,yue-HK,syun4,,,false,unicode-unihan-17@17.0.0:kCantonese,kCantonese,source-attested-unreviewed
旋,zh-Hant-TW,xuán,,,false,unicode-unihan-17@17.0.0:kMandarin,kMandarin,source-attested-unreviewed
旋,zh-Hant-TW,xuàn,,,false,unicode-unihan-17@17.0.0:kHanyuPinyin,kHanyuPinyin,source-attested-unreviewed
巴,yue-HK,baa1,,,false,unicode-unihan-17@17.0.0:kCantonese,kCantonese,source-attested-unreviewed
巴,zh-Hant-TW,bā,,,false,unicode-unihan-17@17.0.0:kMandarin,kMandarin,source-attested-unreviewed
巴,zh-Hant-TW,ba,attested-count:207,,false,unicode-unihan-17@17.0.0:kHanyuPinlu,kHanyuPinlu,source-attested-unreviewed
坐,yue-HK,zo6,,,false,unicode-unihan-17@17.0.0:kCantonese,kCantonese,source-attested-unreviewed
坐,zh-Hant-TW,zuò,,,false,unicode-unihan-17@17.0.0:kMandarin,kMandarin,source-attested-unreviewed
交,yue-HK,gaau1,,,false,unicode-unihan-17@17.0.0:kCantonese,kCantonese,source-attested-unreviewed
交,zh-Hant-TW,jiāo,,,false,unicode-unihan-17@17.0.0:kMandarin,kMandarin,source-attested-unreviewed
午,yue-HK,ng5,,,false,unicode-unihan-17@17.0.0:kCantonese,kCantonese,source-attested-unreviewed
午,zh-Hant-TW,wǔ,,,false,unicode-unihan-17@17.0.0:kMandarin,kMandarin,source-attested-unreviewed
午,zh-Hant-TW,wu,attested-count:12,,false,unicode-unihan-17@17.0.0:kHanyuPinlu,kHanyuPinlu,source-attested-unreviewed
父,yue-HK,fu6,,,false,unicode-unihan-17@17.0.0:kCantonese,kCantonese,source-attested-unreviewed
父,yue-HK,fu2,mandarin-mapping:fǔ,,false,unicode-unihan-17@17.0.0:kSMSZD2003Readings,kSMSZD2003Readings,source-attested-unreviewed
父,zh-Hant-TW,fù,,,false,unicode-unihan-17@17.0.0:kMandarin,kMandarin,source-attested-unreviewed
父,zh-Hant-TW,fǔ,,,false,unicode-unihan-17@17.0.0:kHanyuPinyin,kHanyuPinyin,source-attested-unreviewed
遊,yue-HK,jau4,,,false,unicode-unihan-17@17.0.0:kCantonese,kCantonese,source-attested-unreviewed
遊,zh-Hant-TW,yóu,,,false,unicode-unihan-17@17.0.0:kMandarin,kMandarin,source-attested-unreviewed
箱,yue-HK,soeng1,,,false,unicode-unihan-17@17.0.0:kCantonese,kCantonese,source-attested-unreviewed
箱,zh-Hant-TW,xiāng,,,false,unicode-unihan-17@17.0.0:kMandarin,kMandarin,source-attested-unreviewed
松,yue-HK,cung4,,,false,unicode-unihan-17@17.0.0:kCantonese,kCantonese,source-attested-unreviewed
松,zh-Hant-TW,sōng,,,false,unicode-unihan-17@17.0.0:kMandarin,kMandarin,source-attested-unreviewed
靜,yue-HK,zing6,,,false,unicode-unihan-17@17.0.0:kCantonese,kCantonese,source-attested-unreviewed
靜,zh-Hant-TW,jìng,,,false,unicode-unihan-17@17.0.0:kMandarin,kMandarin,source-attested-unreviewed
靜,zh-Hant-TW,jing,attested-count:28,,false,unicode-unihan-17@17.0.0:kHanyuPinlu,kHanyuPinlu,source-attested-unreviewed
右,yue-HK,jau6,,,false,unicode-unihan-17@17.0.0:kCantonese,kCantonese,source-attested-unreviewed
右,zh-Hant-TW,yòu,,,false,unicode-unihan-17@17.0.0:kMandarin,kMandarin,source-attested-unreviewed
彩,yue-HK,coi2,,,false,unicode-unihan-17@17.0.0:kCantonese,kCantonese,source-attested-unreviewed
彩,zh-Hant-TW,cǎi,,,false,unicode-unihan-17@17.0.0:kMandarin,kMandarin,source-attested-unreviewed
彩,zh-Hant-TW,cai,attested-count:10,,false,unicode-unihan-17@17.0.0:kHanyuPinlu,kHanyuPinlu,source-attested-unreviewed
似,yue-HK,ci5,,,false,unicode-unihan-17@17.0.0:kCantonese,kCantonese,source-attested-unreviewed
似,zh-Hant-TW,sì,,,false,unicode-unihan-17@17.0.0:kMandarin,kMandarin,source-attested-unreviewed
似,zh-Hant-TW,shì,attested-count:599,,false,unicode-unihan-17@17.0.0:kHanyuPinlu,kHanyuPinlu,source-attested-unreviewed
里,yue-HK,lei5,,,false,unicode-unihan-17@17.0.0:kCantonese,kCantonese,source-attested-unreviewed
里,zh-Hant-TW,lǐ,,,false,unicode-unihan-17@17.0.0:kMandarin,kMandarin,source-attested-unreviewed
里,zh-Hant-TW,li,attested-count:754,,false,unicode-unihan-17@17.0.0:kHanyuPinlu,kHanyuPinlu,source-attested-unreviewed
晚,yue-HK,maan5,,,false,unicode-unihan-17@17.0.0:kCantonese,kCantonese,source-attested-unreviewed
晚,zh-Hant-TW,wǎn,,,false,unicode-unihan-17@17.0.0:kMandarin,kMandarin,source-attested-unreviewed
報,yue-HK,bou3,,,false,unicode-unihan-17@17.0.0:kCantonese,kCantonese,source-attested-unreviewed
報,zh-Hant-TW,bào,,,false,unicode-unihan-17@17.0.0:kMandarin,kMandarin,source-attested-unreviewed
報,zh-Hant-TW,fù,,,false,unicode-unihan-17@17.0.0:kHanyuPinyin,kHanyuPinyin,source-attested-unreviewed
雙,yue-HK,soeng1,,,false,unicode-unihan-17@17.0.0:kCantonese,kCantonese,source-attested-unreviewed
雙,zh-Hant-TW,shuāng,,,false,unicode-unihan-17@17.0.0:kMandarin,kMandarin,source-attested-unreviewed
死,yue-HK,sei2,,,false,unicode-unihan-17@17.0.0:kCantonese,kCantonese,source-attested-unreviewed
死,zh-Hant-TW,sǐ,,,false,unicode-unihan-17@17.0.0:kMandarin,kMandarin,source-attested-unreviewed
羊,yue-HK,joeng4,,,false,unicode-unihan-17@17.0.0:kCantonese,kCantonese,source-attested-unreviewed
羊,zh-Hant-TW,yáng,,,false,unicode-unihan-17@17.0.0:kMandarin,kMandarin,source-attested-unreviewed
奇,yue-HK,kei4,,,false,unicode-unihan-17@17.0.0:kCantonese,kCantonese,source-attested-unreviewed
奇,yue-HK,gei1,mandarin-mapping:jī,,false,unicode-unihan-17@17.0.0:kSMSZD2003Readings,kSMSZD2003Readings,source-attested-unreviewed
奇,zh-Hant-TW,qí,,,false,unicode-unihan-17@17.0.0:kMandarin,kMandarin,source-attested-unreviewed
奇,zh-Hant-TW,jī,,,false,unicode-unihan-17@17.0.0:kHanyuPinyin,kHanyuPinyin,source-attested-unreviewed
奇,zh-Hant-TW,ǎi,,,false,unicode-unihan-17@17.0.0:kHanyuPinyin,kHanyuPinyin,source-attested-unreviewed
奇,zh-Hant-TW,yǐ,,,false,unicode-unihan-17@17.0.0:kHanyuPinyin,kHanyuPinyin,source-attested-unreviewed
哎,yue-HK,aai1,,,false,unicode-unihan-17@17.0.0:kCantonese,kCantonese,source-attested-unreviewed
哎,zh-Hant-TW,āi,,,false,unicode-unihan-17@17.0.0:kMandarin,kMandarin,source-attested-unreviewed
土,yue-HK,tou2,,,false,unicode-unihan-17@17.0.0:kCantonese,kCantonese,source-attested-unreviewed
土,zh-Hant-TW,tǔ,,,false,unicode-unihan-17@17.0.0:kMandarin,kMandarin,source-attested-unreviewed
土,zh-Hant-TW,dù,,,false,unicode-unihan-17@17.0.0:kHanyuPinyin,kHanyuPinyin,source-attested-unreviewed
土,zh-Hant-TW,chǎ,,,false,unicode-unihan-17@17.0.0:kHanyuPinyin,kHanyuPinyin,source-attested-unreviewed
土,zh-Hant-TW,tú,,,false,unicode-unihan-17@17.0.0:kHanyuPinyin,kHanyuPinyin,source-attested-unreviewed
雲,yue-HK,wan4,,,false,unicode-unihan-17@17.0.0:kCantonese,kCantonese,source-attested-unreviewed
雲,zh-Hant-TW,yún,,,false,unicode-unihan-17@17.0.0:kMandarin,kMandarin,source-attested-unreviewed
哈,yue-HK,haa1,,,false,unicode-unihan-17@17.0.0:kCantonese,kCantonese,source-attested-unreviewed
哈,zh-Hant-TW,hā,,,false,unicode-unihan-17@17.0.0:kMandarin,kMandarin,source-attested-unreviewed
哈,zh-Hant-TW,hà,,,false,unicode-unihan-17@17.0.0:kHanyuPinyin,kHanyuPinyin,source-attested-unreviewed
哈,zh-Hant-TW,hē,,,false,unicode-unihan-17@17.0.0:kHanyuPinyin,kHanyuPinyin,source-attested-unreviewed
哈,zh-Hant-TW,hé,,,false,unicode-unihan-17@17.0.0:kHanyuPinyin,kHanyuPinyin,source-attested-unreviewed
哈,zh-Hant-TW,hǎ,,,false,unicode-unihan-17@17.0.0:kHanyuPinyin,kHanyuPinyin,source-attested-unreviewed
哈,zh-Hant-TW,tà,,,false,unicode-unihan-17@17.0.0:kHanyuPinyin,kHanyuPinyin,source-attested-unreviewed
哈,zh-Hant-TW,shà,,,false,unicode-unihan-17@17.0.0:kHanyuPinyin,kHanyuPinyin,source-attested-unreviewed
鼓,yue-HK,gu2,,,false,unicode-unihan-17@17.0.0:kCantonese,kCantonese,source-attested-unreviewed
鼓,zh-Hant-TW,gǔ,,,false,unicode-unihan-17@17.0.0:kMandarin,kMandarin,source-attested-unreviewed
短,yue-HK,dyun2,,,false,unicode-unihan-17@17.0.0:kCantonese,kCantonese,source-attested-unreviewed
短,zh-Hant-TW,duǎn,,,false,unicode-unihan-17@17.0.0:kMandarin,kMandarin,source-attested-unreviewed
菜,yue-HK,coi3,,,false,unicode-unihan-17@17.0.0:kCantonese,kCantonese,source-attested-unreviewed
菜,zh-Hant-TW,cài,,,false,unicode-unihan-17@17.0.0:kMandarin,kMandarin,source-attested-unreviewed
視,yue-HK,si6,,,false,unicode-unihan-17@17.0.0:kCantonese,kCantonese,source-attested-unreviewed
視,zh-Hant-TW,shì,,,false,unicode-unihan-17@17.0.0:kMandarin,kMandarin,source-attested-unreviewed
視,zh-Hant-TW,shi,attested-count:12,,false,unicode-unihan-17@17.0.0:kHanyuPinlu,kHanyuPinlu,source-attested-unreviewed
該,yue-HK,goi1,,,false,unicode-unihan-17@17.0.0:kCantonese,kCantonese,source-attested-unreviewed
該,zh-Hant-TW,gāi,,,false,unicode-unihan-17@17.0.0:kMandarin,kMandarin,source-attested-unreviewed
嘀,yue-HK,dik6,,,false,unicode-unihan-17@17.0.0:kCantonese,kCantonese,source-attested-unreviewed
嘀,zh-Hant-TW,dí,,,false,unicode-unihan-17@17.0.0:kMandarin,kMandarin,source-attested-unreviewed
嘀,zh-Hant-TW,zhé,,,false,unicode-unihan-17@17.0.0:kHanyuPinyin,kHanyuPinyin,source-attested-unreviewed
嘀,zh-Hant-TW,dī,,,false,unicode-unihan-17@17.0.0:kHanyuPinyin,kHanyuPinyin,source-attested-unreviewed
獨,yue-HK,duk6,,,false,unicode-unihan-17@17.0.0:kCantonese,kCantonese,source-attested-unreviewed
獨,zh-Hant-TW,dú,,,false,unicode-unihan-17@17.0.0:kMandarin,kMandarin,source-attested-unreviewed
夫,yue-HK,fu1,,,false,unicode-unihan-17@17.0.0:kCantonese,kCantonese,source-attested-unreviewed
夫,zh-Hant-TW,fū,,,false,unicode-unihan-17@17.0.0:kMandarin,kMandarin,source-attested-unreviewed
夫,zh-Hant-TW,fu,attested-count:396,,false,unicode-unihan-17@17.0.0:kHanyuPinlu,kHanyuPinlu,source-attested-unreviewed
夫,zh-Hant-TW,fú,,,false,unicode-unihan-17@17.0.0:kHanyuPinyin,kHanyuPinyin,source-attested-unreviewed
導,yue-HK,dou6,,,false,unicode-unihan-17@17.0.0:kCantonese,kCantonese,source-attested-unreviewed
導,zh-Hant-TW,dǎo,,,false,unicode-unihan-17@17.0.0:kMandarin,kMandarin,source-attested-unreviewed
導,zh-Hant-TW,dào,,,false,unicode-unihan-17@17.0.0:kHanyuPinyin,kHanyuPinyin,source-attested-unreviewed
舉,yue-HK,geoi2,,,false,unicode-unihan-17@17.0.0:kCantonese,kCantonese,source-attested-unreviewed
舉,zh-Hant-TW,jǔ,,,false,unicode-unihan-17@17.0.0:kMandarin,kMandarin,source-attested-unreviewed
舉,zh-Hant-TW,ju,attested-count:8,,false,unicode-unihan-17@17.0.0:kHanyuPinlu,kHanyuPinlu,source-attested-unreviewed
賣,yue-HK,maai6,,,false,unicode-unihan-17@17.0.0:kCantonese,kCantonese,source-attested-unreviewed
賣,zh-Hant-TW,mài,,,false,unicode-unihan-17@17.0.0:kMandarin,kMandarin,source-attested-unreviewed
賣,zh-Hant-TW,mai,attested-count:51,,false,unicode-unihan-17@17.0.0:kHanyuPinlu,kHanyuPinlu,source-attested-unreviewed
卻,yue-HK,koek3,,,false,unicode-unihan-17@17.0.0:kCantonese,kCantonese,source-attested-unreviewed
卻,zh-Hant-TW,què,,,false,unicode-unihan-17@17.0.0:kMandarin,kMandarin,source-attested-unreviewed
卻,zh-Hant-TW,jiǎo,,,false,unicode-unihan-17@17.0.0:kHanyuPinyin,kHanyuPinyin,source-attested-unreviewed
卻,zh-Hant-TW,xì,,,false,unicode-unihan-17@17.0.0:kHanyuPinyin,kHanyuPinyin,source-attested-unreviewed
喲,yue-HK,jo1,,,false,unicode-unihan-17@17.0.0:kCantonese,kCantonese,source-attested-unreviewed
喲,zh-Hant-TW,yō,,,false,unicode-unihan-17@17.0.0:kMandarin,kMandarin,source-attested-unreviewed
喲,zh-Hant-TW,yo,attested-count:32,,false,unicode-unihan-17@17.0.0:kHanyuPinlu,kHanyuPinlu,source-attested-unreviewed
價,yue-HK,gaa3,,,false,unicode-unihan-17@17.0.0:kCantonese,kCantonese,source-attested-unreviewed
價,zh-Hant-TW,jià,,,false,unicode-unihan-17@17.0.0:kMandarin,kMandarin,source-attested-unreviewed
價,zh-Hant-TW,qiǎ,,,false,unicode-unihan-17@17.0.0:kHanyuPinyin,kHanyuPinyin,source-attested-unreviewed
價,zh-Hant-TW,jie,,,false,unicode-unihan-17@17.0.0:kHanyuPinyin,kHanyuPinyin,source-attested-unreviewed
勞,yue-HK,lou4,,,false,unicode-unihan-17@17.0.0:kCantonese,kCantonese,source-attested-unreviewed
勞,yue-HK,lou6,"mandarin-mapping:láo,lào",,false,unicode-unihan-17@17.0.0:kSMSZD2003Readings,kSMSZD2003Readings,source-attested-unreviewed
勞,zh-Hant-TW,láo,,,false,unicode-unihan-17@17.0.0:kMandarin,kMandarin,source-attested-unreviewed
勞,zh-Hant-TW,lào,,,false,unicode-unihan-17@17.0.0:kHanyuPinyin,kHanyuPinyin,source-attested-unreviewed
勞,zh-Hant-TW,liáo,,,false,unicode-unihan-17@17.0.0:kHanyuPinyin,kHanyuPinyin,source-attested-unreviewed
鋼,yue-HK,gong3,,,false,unicode-unihan-17@17.0.0:kCantonese,kCantonese,source-attested-unreviewed
鋼,zh-Hant-TW,gāng,,,false,unicode-unihan-17@17.0.0:kMandarin,kMandarin,source-attested-unreviewed
鋼,zh-Hant-TW,gàng,,,false,unicode-unihan-17@17.0.0:kHanyuPinyin,kHanyuPinyin,source-attested-unreviewed
睛,yue-HK,zing1,,,false,unicode-unihan-17@17.0.0:kCantonese,kCantonese,source-attested-unreviewed
睛,zh-Hant-TW,jīng,,,false,unicode-unihan-17@17.0.0:kMandarin,kMandarin,source-attested-unreviewed
睛,zh-Hant-TW,jing,attested-count:707,,false,unicode-unihan-17@17.0.0:kHanyuPinlu,kHanyuPinlu,source-attested-unreviewed
睛,zh-Hant-TW,jǐng,,,false,unicode-unihan-17@17.0.0:kHanyuPinyin,kHanyuPinyin,source-attested-unreviewed
搖,yue-HK,jiu4,,,false,unicode-unihan-17@17.0.0:kCantonese,kCantonese,source-attested-unreviewed
搖,zh-Hant-TW,yáo,,,false,unicode-unihan-17@17.0.0:kMandarin,kMandarin,source-attested-unreviewed
旗,yue-HK,kei4,,,false,unicode-unihan-17@17.0.0:kCantonese,kCantonese,source-attested-unreviewed
旗,zh-Hant-TW,qí,,,false,unicode-unihan-17@17.0.0:kMandarin,kMandarin,source-attested-unreviewed
田,yue-HK,tin4,,,false,unicode-unihan-17@17.0.0:kCantonese,kCantonese,source-attested-unreviewed
田,zh-Hant-TW,tián,,,false,unicode-unihan-17@17.0.0:kMandarin,kMandarin,source-attested-unreviewed
弟,yue-HK,dai6,,,false,unicode-unihan-17@17.0.0:kCantonese,kCantonese,source-attested-unreviewed
弟,zh-Hant-TW,dì,,,false,unicode-unihan-17@17.0.0:kMandarin,kMandarin,source-attested-unreviewed
弟,zh-Hant-TW,di,attested-count:200,,false,unicode-unihan-17@17.0.0:kHanyuPinlu,kHanyuPinlu,source-attested-unreviewed
弟,zh-Hant-TW,tì,,,false,unicode-unihan-17@17.0.0:kHanyuPinyin,kHanyuPinyin,source-attested-unreviewed
弟,zh-Hant-TW,tuí,,,false,unicode-unihan-17@17.0.0:kHanyuPinyin,kHanyuPinyin,source-attested-unreviewed
賞,yue-HK,soeng2,,,false,unicode-unihan-17@17.0.0:kCantonese,kCantonese,source-attested-unreviewed
賞,zh-Hant-TW,shǎng,,,false,unicode-unihan-17@17.0.0:kMandarin,kMandarin,source-attested-unreviewed
爭,yue-HK,zaang1,,,false,unicode-unihan-17@17.0.0:kCantonese,kCantonese,source-attested-unreviewed
爭,yue-HK,zang1,mandarin-mapping:zhēng,,false,unicode-unihan-17@17.0.0:kSMSZD2003Readings,kSMSZD2003Readings,source-attested-unreviewed
爭,zh-Hant-TW,zhēng,,,false,unicode-unihan-17@17.0.0:kMandarin,kMandarin,source-attested-unreviewed
爭,zh-Hant-TW,zhèng,,,false,unicode-unihan-17@17.0.0:kHanyuPinyin,kHanyuPinyin,source-attested-unreviewed
歲,yue-HK,seoi3,,,false,unicode-unihan-17@17.0.0:kCantonese,kCantonese,source-attested-unreviewed
歲,zh-Hant-TW,suì,,,false,unicode-unihan-17@17.0.0:kMandarin,kMandarin,source-attested-unreviewed
歲,zh-Hant-TW,suò,,,false,unicode-unihan-17@17.0.0:kHanyuPinyin,kHanyuPinyin,source-attested-unreviewed
幫,yue-HK,bong1,,,false,unicode-unihan-17@17.0.0:kCantonese,kCantonese,source-attested-unreviewed
幫,zh-Hant-TW,bāng,,,false,unicode-unihan-17@17.0.0:kMandarin,kMandarin,source-attested-unreviewed
團,yue-HK,tyun4,,,false,unicode-unihan-17@17.0.0:kCantonese,kCantonese,source-attested-unreviewed
團,zh-Hant-TW,tuán,,,false,unicode-unihan-17@17.0.0:kMandarin,kMandarin,source-attested-unreviewed
團,zh-Hant-TW,chuán,,,false,unicode-unihan-17@17.0.0:kHanyuPinyin,kHanyuPinyin,source-attested-unreviewed
臉,yue-HK,lim5,,,false,unicode-unihan-17@17.0.0:kCantonese,kCantonese,source-attested-unreviewed
臉,zh-Hant-TW,liǎn,,,false,unicode-unihan-17@17.0.0:kMandarin,kMandarin,source-attested-unreviewed
忙,yue-HK,mong4,,,false,unicode-unihan-17@17.0.0:kCantonese,kCantonese,source-attested-unreviewed
忙,zh-Hant-TW,máng,,,false,unicode-unihan-17@17.0.0:kMandarin,kMandarin,source-attested-unreviewed
沙,yue-HK,saa1,,,false,unicode-unihan-17@17.0.0:kCantonese,kCantonese,source-attested-unreviewed
沙,zh-Hant-TW,shā,,,false,unicode-unihan-17@17.0.0:kMandarin,kMandarin,source-attested-unreviewed
沙,zh-Hant-TW,shà,,,false,unicode-unihan-17@17.0.0:kHanyuPinyin,kHanyuPinyin,source-attested-unreviewed
沙,zh-Hant-TW,suō,,,false,unicode-unihan-17@17.0.0:kHanyuPinyin,kHanyuPinyin,source-attested-unreviewed
燒,yue-HK,siu1,,,false,unicode-unihan-17@17.0.0:kCantonese,kCantonese,source-attested-unreviewed
燒,zh-Hant-TW,shāo,,,false,unicode-unihan-17@17.0.0:kMandarin,kMandarin,source-attested-unreviewed
燒,zh-Hant-TW,shào,,,false,unicode-unihan-17@17.0.0:kHanyuPinyin,kHanyuPinyin,source-attested-unreviewed
兵,yue-HK,bing1,,,false,unicode-unihan-17@17.0.0:kCantonese,kCantonese,source-attested-unreviewed
兵,zh-Hant-TW,bīng,,,false,unicode-unihan-17@17.0.0:kMandarin,kMandarin,source-attested-unreviewed
告,yue-HK,gou3,,,false,unicode-unihan-17@17.0.0:kCantonese,kCantonese,source-attested-unreviewed
告,zh-Hant-TW,gào,,,false,unicode-unihan-17@17.0.0:kMandarin,kMandarin,source-attested-unreviewed
告,zh-Hant-TW,jū,,,false,unicode-unihan-17@17.0.0:kHanyuPinyin,kHanyuPinyin,source-attested-unreviewed
告,zh-Hant-TW,gù,,,false,unicode-unihan-17@17.0.0:kHanyuPinyin,kHanyuPinyin,source-attested-unreviewed
編,yue-HK,pin1,,,false,unicode-unihan-17@17.0.0:kCantonese,kCantonese,source-attested-unreviewed
編,zh-Hant-TW,biān,,,false,unicode-unihan-17@17.0.0:kMandarin,kMandarin,source-attested-unreviewed
編,zh-Hant-TW,biǎn,,,false,unicode-unihan-17@17.0.0:kHanyuPinyin,kHanyuPinyin,source-attested-unreviewed
編,zh-Hant-TW,biàn,,,false,unicode-unihan-17@17.0.0:kHanyuPinyin,kHanyuPinyin,source-attested-unreviewed
類,yue-HK,leoi6,,,false,unicode-unihan-17@17.0.0:kCantonese,kCantonese,source-attested-unreviewed
類,zh-Hant-TW,lèi,,,false,unicode-unihan-17@17.0.0:kMandarin,kMandarin,source-attested-unreviewed
斯,yue-HK,si1,,,false,unicode-unihan-17@17.0.0:kCantonese,kCantonese,source-attested-unreviewed
斯,zh-Hant-TW,sī,,,false,unicode-unihan-17@17.0.0:kMandarin,kMandarin,source-attested-unreviewed
斯,zh-Hant-TW,shǐ,,,false,unicode-unihan-17@17.0.0:kHanyuPinyin,kHanyuPinyin,source-attested-unreviewed
影,yue-HK,jing2,,,false,unicode-unihan-17@17.0.0:kCantonese,kCantonese,source-attested-unreviewed
影,zh-Hant-TW,yǐng,,,false,unicode-unihan-17@17.0.0:kMandarin,kMandarin,source-attested-unreviewed
辦,yue-HK,baan6,,,false,unicode-unihan-17@17.0.0:kCantonese,kCantonese,source-attested-unreviewed
辦,zh-Hant-TW,bàn,,,false,unicode-unihan-17@17.0.0:kMandarin,kMandarin,source-attested-unreviewed
室,yue-HK,sat1,,,false,unicode-unihan-17@17.0.0:kCantonese,kCantonese,source-attested-unreviewed
室,zh-Hant-TW,shì,,,false,unicode-unihan-17@17.0.0:kMandarin,kMandarin,source-attested-unreviewed
害,yue-HK,hoi6,,,false,unicode-unihan-17@17.0.0:kCantonese,kCantonese,source-attested-unreviewed
害,zh-Hant-TW,hài,,,false,unicode-unihan-17@17.0.0:kMandarin,kMandarin,source-attested-unreviewed
害,zh-Hant-TW,hai,attested-count:107,,false,unicode-unihan-17@17.0.0:kHanyuPinlu,kHanyuPinlu,source-attested-unreviewed
害,zh-Hant-TW,hé,,,false,unicode-unihan-17@17.0.0:kHanyuPinyin,kHanyuPinyin,source-attested-unreviewed
始,yue-HK,ci2,,,false,unicode-unihan-17@17.0.0:kCantonese,kCantonese,source-attested-unreviewed
始,zh-Hant-TW,shǐ,,,false,unicode-unihan-17@17.0.0:kMandarin,kMandarin,source-attested-unreviewed
座,yue-HK,zo6,,,false,unicode-unihan-17@17.0.0:kCantonese,kCantonese,source-attested-unreviewed
座,zh-Hant-TW,zuò,,,false,unicode-unihan-17@17.0.0:kMandarin,kMandarin,source-attested-unreviewed
琴,yue-HK,kam4,,,false,unicode-unihan-17@17.0.0:kCantonese,kCantonese,source-attested-unreviewed
琴,zh-Hant-TW,qín,,,false,unicode-unihan-17@17.0.0:kMandarin,kMandarin,source-attested-unreviewed
切,yue-HK,cit3,,,false,unicode-unihan-17@17.0.0:kCantonese,kCantonese,source-attested-unreviewed
切,yue-HK,cai3,mandarin-mapping:qiè,,false,unicode-unihan-17@17.0.0:kSMSZD2003Readings,kSMSZD2003Readings,source-attested-unreviewed
切,zh-Hant-TW,qiè,,,false,unicode-unihan-17@17.0.0:kMandarin,kMandarin,source-attested-unreviewed
切,zh-Hant-TW,qiē,attested-count:70,,false,unicode-unihan-17@17.0.0:kHanyuPinlu,kHanyuPinlu,source-attested-unreviewed
切,zh-Hant-TW,qì,,,false,unicode-unihan-17@17.0.0:kHanyuPinyin,kHanyuPinyin,source-attested-unreviewed
京,yue-HK,ging1,,,false,unicode-unihan-17@17.0.0:kCantonese,kCantonese,source-attested-unreviewed
京,zh-Hant-TW,jīng,,,false,unicode-unihan-17@17.0.0:kMandarin,kMandarin,source-attested-unreviewed
刻,yue-HK,hak1,,,false,unicode-unihan-17@17.0.0:kCantonese,kCantonese,source-attested-unreviewed
刻,zh-Hant-TW,kè,,,false,unicode-unihan-17@17.0.0:kMandarin,kMandarin,source-attested-unreviewed
刻,zh-Hant-TW,kēi,,,false,unicode-unihan-17@17.0.0:kHanyuPinyin,kHanyuPinyin,source-attested-unreviewed
性,yue-HK,sing3,,,false,unicode-unihan-17@17.0.0:kCantonese,kCantonese,source-attested-unreviewed
性,zh-Hant-TW,xìng,,,false,unicode-unihan-17@17.0.0:kMandarin,kMandarin,source-attested-unreviewed
性,zh-Hant-TW,xing,attested-count:11,,false,unicode-unihan-17@17.0.0:kHanyuPinlu,kHanyuPinlu,source-attested-unreviewed
距,yue-HK,keoi5,,,false,unicode-unihan-17@17.0.0:kCantonese,kCantonese,source-attested-unreviewed
距,zh-Hant-TW,jù,,,false,unicode-unihan-17@17.0.0:kMandarin,kMandarin,source-attested-unreviewed
社,yue-HK,se5,,,false,unicode-unihan-17@17.0.0:kCantonese,kCantonese,source-attested-unreviewed
社,zh-Hant-TW,shè,,,false,unicode-unihan-17@17.0.0:kMandarin,kMandarin,source-attested-unreviewed
病,yue-HK,beng6,,,false,unicode-unihan-17@17.0.0:kCantonese,kCantonese,source-attested-unreviewed
病,yue-HK,bing6,mandarin-mapping:bìng,,false,unicode-unihan-17@17.0.0:kSMSZD2003Readings,kSMSZD2003Readings,source-attested-unreviewed
病,zh-Hant-TW,bìng,,,false,unicode-unihan-17@17.0.0:kMandarin,kMandarin,source-attested-unreviewed
鄉,yue-HK,hoeng1,,,false,unicode-unihan-17@17.0.0:kCantonese,kCantonese,source-attested-unreviewed
鄉,zh-Hant-TW,xiāng,,,false,unicode-unihan-17@17.0.0:kMandarin,kMandarin,source-attested-unreviewed
鄉,zh-Hant-TW,xiǎng,,,false,unicode-unihan-17@17.0.0:kHanyuPinyin,kHanyuPinyin,source-attested-unreviewed
鄉,zh-Hant-TW,xiàng,,,false,unicode-unihan-17@17.0.0:kHanyuPinyin,kHanyuPinyin,source-attested-unreviewed
廣,yue-HK,gwong2,,,false,unicode-unihan-17@17.0.0:kCantonese,kCantonese,source-attested-unreviewed
廣,zh-Hant-TW,guǎng,,,false,unicode-unihan-17@17.0.0:kMandarin,kMandarin,source-attested-unreviewed
廣,zh-Hant-TW,guàng,,,false,unicode-unihan-17@17.0.0:kHanyuPinyin,kHanyuPinyin,source-attested-unreviewed
廣,zh-Hant-TW,kuàng,,,false,unicode-unihan-17@17.0.0:kHanyuPinyin,kHanyuPinyin,source-attested-unreviewed
廣,zh-Hant-TW,guāng,,,false,unicode-unihan-17@17.0.0:kHanyuPinyin,kHanyuPinyin,source-attested-unreviewed
德,yue-HK,dak1,,,false,unicode-unihan-17@17.0.0:kCantonese,kCantonese,source-attested-unreviewed
德,zh-Hant-TW,dé,,,false,unicode-unihan-17@17.0.0:kMandarin,kMandarin,source-attested-unreviewed
批,yue-HK,pai1,,,false,unicode-unihan-17@17.0.0:kCantonese,kCantonese,source-attested-unreviewed
批,zh-Hant-TW,pī,,,false,unicode-unihan-17@17.0.0:kMandarin,kMandarin,source-attested-unreviewed
批,zh-Hant-TW,pí,,,false,unicode-unihan-17@17.0.0:kHanyuPinyin,kHanyuPinyin,source-attested-unreviewed
呼,yue-HK,fu1,,,false,unicode-unihan-17@17.0.0:kCantonese,kCantonese,source-attested-unreviewed
呼,zh-Hant-TW,hū,,,false,unicode-unihan-17@17.0.0:kMandarin,kMandarin,source-attested-unreviewed
呼,zh-Hant-TW,hu,attested-count:107,,false,unicode-unihan-17@17.0.0:kHanyuPinlu,kHanyuPinlu,source-attested-unreviewed
呼,zh-Hant-TW,xiāo,,,false,unicode-unihan-17@17.0.0:kHanyuPinyin,kHanyuPinyin,source-attested-unreviewed
呼,zh-Hant-TW,xū,,,false,unicode-unihan-17@17.0.0:kHanyuPinyin,kHanyuPinyin,source-attested-unreviewed
呼,zh-Hant-TW,hè,,,false,unicode-unihan-17@17.0.0:kHanyuPinyin,kHanyuPinyin,source-attested-unreviewed
呼,zh-Hant-TW,xià,,,false,unicode-unihan-17@17.0.0:kHanyuPinyin,kHanyuPinyin,source-attested-unreviewed
區,yue-HK,keoi1,,,false,unicode-unihan-17@17.0.0:kCantonese,kCantonese,source-attested-unreviewed
區,yue-HK,au1,mandarin-mapping:ōu,,false,unicode-unihan-17@17.0.0:kSMSZD2003Readings,kSMSZD2003Readings,source-attested-unreviewed
區,zh-Hant-TW,qū,,,false,unicode-unihan-17@17.0.0:kMandarin,kMandarin,source-attested-unreviewed
區,zh-Hant-TW,ōu,,,false,unicode-unihan-17@17.0.0:kHanyuPinyin,kHanyuPinyin,source-attested-unreviewed
區,zh-Hant-TW,gōu,,,false,unicode-unihan-17@17.0.0:kHanyuPinyin,kHanyuPinyin,source-attested-unreviewed
區,zh-Hant-TW,qiū,,,false,unicode-unihan-17@17.0.0:kHanyuPinyin,kHanyuPinyin,source-attested-unreviewed
區,zh-Hant-TW,kòu,,,false,unicode-unihan-17@17.0.0:kHanyuPinyin,kHanyuPinyin,source-attested-unreviewed
括,yue-HK,kut3,,,false,unicode-unihan-17@17.0.0:kCantonese,kCantonese,source-attested-unreviewed
括,yue-HK,gwaat3,mandarin-mapping:guā,,false,unicode-unihan-17@17.0.0:kSMSZD2003Readings,kSMSZD2003Readings,source-attested-unreviewed
括,zh-Hant-TW,kuò,,,false,unicode-unihan-17@17.0.0:kMandarin,kMandarin,source-attested-unreviewed
架,yue-HK,gaa3,,,false,unicode-unihan-17@17.0.0:kCantonese,kCantonese,source-attested-unreviewed
架,yue-HK,gaa2,mandarin-mapping:jià,,false,unicode-unihan-17@17.0.0:kSMSZD2003Readings,kSMSZD2003Readings,source-attested-unreviewed
架,zh-Hant-TW,jià,,,false,unicode-unihan-17@17.0.0:kMandarin,kMandarin,source-attested-unreviewed
哩,yue-HK,li1,,,false,unicode-unihan-17@17.0.0:kCantonese,kCantonese,source-attested-unreviewed
哩,yue-HK,le1,mandarin-mapping:li,,false,unicode-unihan-17@17.0.0:kSMSZD2003Readings,kSMSZD2003Readings,source-attested-unreviewed
哩,yue-HK,lei5,mandarin-mapping:lǐ,,false,unicode-unihan-17@17.0.0:kSMSZD2003Readings,kSMSZD2003Readings,source-attested-unreviewed
哩,zh-Hant-TW,lī,,,false,unicode-unihan-17@17.0.0:kMandarin,kMandarin,source-attested-unreviewed
哩,zh-Hant-TW,li,attested-count:225,,false,unicode-unihan-17@17.0.0:kHanyuPinlu,kHanyuPinlu,source-attested-unreviewed
哩,zh-Hant-TW,lì,,,false,unicode-unihan-17@17.0.0:kHanyuPinyin,kHanyuPinyin,source-attested-unreviewed
哩,zh-Hant-TW,lǐ,,,false,unicode-unihan-17@17.0.0:kHanyuPinyin,kHanyuPinyin,source-attested-unreviewed
哩,zh-Hant-TW,mái,,,false,unicode-unihan-17@17.0.0:kHanyuPinyin,kHanyuPinyin,source-attested-unreviewed
粉,yue-HK,fan2,,,false,unicode-unihan-17@17.0.0:kCantonese,kCantonese,source-attested-unreviewed
粉,zh-Hant-TW,fěn,,,false,unicode-unihan-17@17.0.0:kMandarin,kMandarin,source-attested-unreviewed
閃,yue-HK,sim2,,,false,unicode-unihan-17@17.0.0:kCantonese,kCantonese,source-attested-unreviewed
閃,zh-Hant-TW,shǎn,,,false,unicode-unihan-17@17.0.0:kMandarin,kMandarin,source-attested-unreviewed
頃,yue-HK,king2,,,false,unicode-unihan-17@17.0.0:kCantonese,kCantonese,source-attested-unreviewed
頃,yue-HK,king1,mandarin-mapping:qīng,,false,unicode-unihan-17@17.0.0:kSMSZD2003Readings,kSMSZD2003Readings,source-attested-unreviewed
頃,zh-Hant-TW,qǐng,,,false,unicode-unihan-17@17.0.0:kMandarin,kMandarin,source-attested-unreviewed
頃,zh-Hant-TW,qīng,,,false,unicode-unihan-17@17.0.0:kHanyuPinyin,kHanyuPinyin,source-attested-unreviewed
頃,zh-Hant-TW,kuǐ,,,false,unicode-unihan-17@17.0.0:kHanyuPinyin,kHanyuPinyin,source-attested-unreviewed
燈,yue-HK,dang1,,,false,unicode-unihan-17@17.0.0:kCantonese,kCantonese,source-attested-unreviewed
燈,zh-Hant-TW,dēng,,,false,unicode-unihan-17@17.0.0:kMandarin,kMandarin,source-attested-unreviewed
尾,yue-HK,mei5,,,false,unicode-unihan-17@17.0.0:kCantonese,kCantonese,source-attested-unreviewed
尾,zh-Hant-TW,wěi,,,false,unicode-unihan-17@17.0.0:kMandarin,kMandarin,source-attested-unreviewed
尾,zh-Hant-TW,yǐ,,,false,unicode-unihan-17@17.0.0:kHanyuPinyin,kHanyuPinyin,source-attested-unreviewed
查,yue-HK,caa4,,,false,unicode-unihan-17@17.0.0:kCantonese,kCantonese,source-attested-unreviewed
查,yue-HK,zaa1,mandarin-mapping:zhā,,false,unicode-unihan-17@17.0.0:kSMSZD2003Readings,kSMSZD2003Readings,source-attested-unreviewed
查,zh-Hant-TW,chá,,,false,unicode-unihan-17@17.0.0:kMandarin,kMandarin,source-attested-unreviewed
查,zh-Hant-TW,zhā,,,false,unicode-unihan-17@17.0.0:kHanyuPinyin,kHanyuPinyin,source-attested-unreviewed
查,zh-Hant-TW,chái,,,false,unicode-unihan-17@17.0.0:kHanyuPinyin,kHanyuPinyin,source-attested-unreviewed
穿,yue-HK,cyun1,,,false,unicode-unihan-17@17.0.0:kCantonese,kCantonese,source-attested-unreviewed
穿,zh-Hant-TW,chuān,,,false,unicode-unihan-17@17.0.0:kMandarin,kMandarin,source-attested-unreviewed
穿,zh-Hant-TW,chuàn,,,false,unicode-unihan-17@17.0.0:kHanyuPinyin,kHanyuPinyin,source-attested-unreviewed
穿,zh-Hant-TW,yuān,,,false,unicode-unihan-17@17.0.0:kHanyuPinyin,kHanyuPinyin,source-attested-unreviewed
停,yue-HK,ting4,,,false,unicode-unihan-17@17.0.0:kCantonese,kCantonese,source-attested-unreviewed
停,zh-Hant-TW,tíng,,,false,unicode-unihan-17@17.0.0:kMandarin,kMandarin,source-attested-unreviewed
務,yue-HK,mou6,,,false,unicode-unihan-17@17.0.0:kCantonese,kCantonese,source-attested-unreviewed
務,zh-Hant-TW,wù,,,false,unicode-unihan-17@17.0.0:kMandarin,kMandarin,source-attested-unreviewed
務,zh-Hant-TW,wu,attested-count:473,,false,unicode-unihan-17@17.0.0:kHanyuPinlu,kHanyuPinlu,source-attested-unreviewed
務,zh-Hant-TW,wǔ,,,false,unicode-unihan-17@17.0.0:kHanyuPinyin,kHanyuPinyin,source-attested-unreviewed
務,zh-Hant-TW,wú,,,false,unicode-unihan-17@17.0.0:kHanyuPinyin,kHanyuPinyin,source-attested-unreviewed
務,zh-Hant-TW,máo,,,false,unicode-unihan-17@17.0.0:kHanyuPinyin,kHanyuPinyin,source-attested-unreviewed
務,zh-Hant-TW,mào,,,false,unicode-unihan-17@17.0.0:kHanyuPinyin,kHanyuPinyin,source-attested-unreviewed
精,yue-HK,zing1,,,false,unicode-unihan-17@17.0.0:kCantonese,kCantonese,source-attested-unreviewed
精,zh-Hant-TW,jīng,,,false,unicode-unihan-17@17.0.0:kMandarin,kMandarin,source-attested-unreviewed
精,zh-Hant-TW,qíng,,,false,unicode-unihan-17@17.0.0:kHanyuPinyin,kHanyuPinyin,source-attested-unreviewed
精,zh-Hant-TW,jìng,,,false,unicode-unihan-17@17.0.0:kHanyuPinyin,kHanyuPinyin,source-attested-unreviewed
擊,yue-HK,gik1,,,false,unicode-unihan-17@17.0.0:kCantonese,kCantonese,source-attested-unreviewed
擊,zh-Hant-TW,jī,,,false,unicode-unihan-17@17.0.0:kMandarin,kMandarin,source-attested-unreviewed
擊,zh-Hant-TW,jì,,,false,unicode-unihan-17@17.0.0:kHanyuPinyin,kHanyuPinyin,source-attested-unreviewed
擊,zh-Hant-TW,xí,,,false,unicode-unihan-17@17.0.0:kHanyuPinyin,kHanyuPinyin,source-attested-unreviewed
蘋,yue-HK,pan4,,,false,unicode-unihan-17@17.0.0:kCantonese,kCantonese,source-attested-unreviewed
蘋,yue-HK,ping4,mandarin-mapping:píng,,false,unicode-unihan-17@17.0.0:kSMSZD2003Readings,kSMSZD2003Readings,source-attested-unreviewed
蘋,zh-Hant-TW,píng,,,false,unicode-unihan-17@17.0.0:kMandarin,kMandarin,source-attested-unreviewed
蘋,zh-Hant-TW,pín,,,false,unicode-unihan-17@17.0.0:kHanyuPinyin,kHanyuPinyin,source-attested-unreviewed
古,yue-HK,gu2,,,false,unicode-unihan-17@17.0.0:kCantonese,kCantonese,source-attested-unreviewed
古,zh-Hant-TW,gǔ,,,false,unicode-unihan-17@17.0.0:kMandarin,kMandarin,source-attested-unreviewed
古,zh-Hant-TW,gù,,,false,unicode-unihan-17@17.0.0:kHanyuPinyin,kHanyuPinyin,source-attested-unreviewed
古,zh-Hant-TW,kū,,,false,unicode-unihan-17@17.0.0:kHanyuPinyin,kHanyuPinyin,source-attested-unreviewed
材,yue-HK,coi4,,,false,unicode-unihan-17@17.0.0:kCantonese,kCantonese,source-attested-unreviewed
材,zh-Hant-TW,cái,,,false,unicode-unihan-17@17.0.0:kMandarin,kMandarin,source-attested-unreviewed
材,zh-Hant-TW,cai,attested-count:9,,false,unicode-unihan-17@17.0.0:kHanyuPinlu,kHanyuPinlu,source-attested-unreviewed
差,yue-HK,caa1,,,false,unicode-unihan-17@17.0.0:kCantonese,kCantonese,source-attested-unreviewed
差,yue-HK,caai1,mandarin-mapping:chāi,,false,unicode-unihan-17@17.0.0:kSMSZD2003Readings,kSMSZD2003Readings,source-attested-unreviewed
差,yue-HK,ci1,mandarin-mapping:cī,,false,unicode-unihan-17@17.0.0:kSMSZD2003Readings,kSMSZD2003Readings,source-attested-unreviewed
差,zh-Hant-TW,chà,,,false,unicode-unihan-17@17.0.0:kMandarin,kMandarin,source-attested-unreviewed
差,zh-Hant-TW,chā,,,false,unicode-unihan-17@17.0.0:kMandarin,kMandarin,source-attested-unreviewed
差,zh-Hant-TW,chāi,attested-count:26,,false,unicode-unihan-17@17.0.0:kHanyuPinlu,kHanyuPinlu,source-attested-unreviewed
差,zh-Hant-TW,chài,,,false,unicode-unihan-17@17.0.0:kHanyuPinyin,kHanyuPinyin,source-attested-unreviewed
差,zh-Hant-TW,cī,,,false,unicode-unihan-17@17.0.0:kHanyuPinyin,kHanyuPinyin,source-attested-unreviewed
差,zh-Hant-TW,cuō,,,false,unicode-unihan-17@17.0.0:kHanyuPinyin,kHanyuPinyin,source-attested-unreviewed
差,zh-Hant-TW,jiē,,,false,unicode-unihan-17@17.0.0:kHanyuPinyin,kHanyuPinyin,source-attested-unreviewed
默,yue-HK,mak6,,,false,unicode-unihan-17@17.0.0:kCantonese,kCantonese,source-attested-unreviewed
默,zh-Hant-TW,mò,,,false,unicode-unihan-17@17.0.0:kMandarin,kMandarin,source-attested-unreviewed
左,yue-HK,zo2,,,false,unicode-unihan-17@17.0.0:kCantonese,kCantonese,source-attested-unreviewed
左,zh-Hant-TW,zuǒ,,,false,unicode-unihan-17@17.0.0:kMandarin,kMandarin,source-attested-unreviewed
朗,yue-HK,long5,,,false,unicode-unihan-17@17.0.0:kCantonese,kCantonese,source-attested-unreviewed
朗,zh-Hant-TW,lǎng,,,false,unicode-unihan-17@17.0.0:kMandarin,kMandarin,source-attested-unreviewed
眾,yue-HK,zung3,,,false,unicode-unihan-17@17.0.0:kCantonese,kCantonese,source-attested-unreviewed
眾,zh-Hant-TW,zhòng,,,false,unicode-unihan-17@17.0.0:kMandarin,kMandarin,source-attested-unreviewed
係,yue-HK,hai6,,,false,unicode-unihan-17@17.0.0:kCantonese,kCantonese,source-attested-unreviewed
係,zh-Hant-TW,xì,,,false,unicode-unihan-17@17.0.0:kMandarin,kMandarin,source-attested-unreviewed
苦,yue-HK,fu2,,,false,unicode-unihan-17@17.0.0:kCantonese,kCantonese,source-attested-unreviewed
苦,zh-Hant-TW,kǔ,,,false,unicode-unihan-17@17.0.0:kMandarin,kMandarin,source-attested-unreviewed
苦,zh-Hant-TW,gǔ,,,false,unicode-unihan-17@17.0.0:kHanyuPinyin,kHanyuPinyin,source-attested-unreviewed
苦,zh-Hant-TW,hù,,,false,unicode-unihan-17@17.0.0:kHanyuPinyin,kHanyuPinyin,source-attested-unreviewed
聯,yue-HK,lyun4,,,false,unicode-unihan-17@17.0.0:kCantonese,kCantonese,source-attested-unreviewed
聯,zh-Hant-TW,lián,,,false,unicode-unihan-17@17.0.0:kMandarin,kMandarin,source-attested-unreviewed
急,yue-HK,gap1,,,false,unicode-unihan-17@17.0.0:kCantonese,kCantonese,source-attested-unreviewed
急,zh-Hant-TW,jí,,,false,unicode-unihan-17@17.0.0:kMandarin,kMandarin,source-attested-unreviewed
擇,yue-HK,zaak6,,,false,unicode-unihan-17@17.0.0:kCantonese,kCantonese,source-attested-unreviewed
擇,zh-Hant-TW,zé,,,false,unicode-unihan-17@17.0.0:kMandarin,kMandarin,source-attested-unreviewed
擇,zh-Hant-TW,zhái,,,false,unicode-unihan-17@17.0.0:kHanyuPinyin,kHanyuPinyin,source-attested-unreviewed
擇,zh-Hant-TW,yì,,,false,unicode-unihan-17@17.0.0:kHanyuPinyin,kHanyuPinyin,source-attested-unreviewed
齊,yue-HK,cai4,,,false,unicode-unihan-17@17.0.0:kCantonese,kCantonese,source-attested-unreviewed
齊,yue-HK,zaai1,mandarin-mapping:zhāi,,false,unicode-unihan-17@17.0.0:kSMSZD2003Readings,kSMSZD2003Readings,source-attested-unreviewed
齊,yue-HK,zi1,mandarin-mapping:zī,,false,unicode-unihan-17@17.0.0:kSMSZD2003Readings,kSMSZD2003Readings,source-attested-unreviewed
齊,zh-Hant-TW,qí,,,false,unicode-unihan-17@17.0.0:kMandarin,kMandarin,source-attested-unreviewed
齊,zh-Hant-TW,jī,,,false,unicode-unihan-17@17.0.0:kHanyuPinyin,kHanyuPinyin,source-attested-unreviewed
齊,zh-Hant-TW,jì,,,false,unicode-unihan-17@17.0.0:kHanyuPinyin,kHanyuPinyin,source-attested-unreviewed
齊,zh-Hant-TW,zī,,,false,unicode-unihan-17@17.0.0:kHanyuPinyin,kHanyuPinyin,source-attested-unreviewed
齊,zh-Hant-TW,zhāi,,,false,unicode-unihan-17@17.0.0:kHanyuPinyin,kHanyuPinyin,source-attested-unreviewed
齊,zh-Hant-TW,jiǎn,,,false,unicode-unihan-17@17.0.0:kHanyuPinyin,kHanyuPinyin,source-attested-unreviewed
複,yue-HK,fuk1,,,false,unicode-unihan-17@17.0.0:kCantonese,kCantonese,source-attested-unreviewed
複,zh-Hant-TW,fù,,,false,unicode-unihan-17@17.0.0:kMandarin,kMandarin,source-attested-unreviewed
複,zh-Hant-TW,fú,,,false,unicode-unihan-17@17.0.0:kHanyuPinyin,kHanyuPinyin,source-attested-unreviewed
珠,yue-HK,zyu1,,,false,unicode-unihan-17@17.0.0:kCantonese,kCantonese,source-attested-unreviewed
珠,zh-Hant-TW,zhū,,,false,unicode-unihan-17@17.0.0:kMandarin,kMandarin,source-attested-unreviewed
極,yue-HK,gik6,,,false,unicode-unihan-17@17.0.0:kCantonese,kCantonese,source-attested-unreviewed
極,zh-Hant-TW,jí,,,false,unicode-unihan-17@17.0.0:kMandarin,kMandarin,source-attested-unreviewed
極,zh-Hant-TW,jǐ,,,false,unicode-unihan-17@17.0.0:kHanyuPinyin,kHanyuPinyin,source-attested-unreviewed
模,yue-HK,mou4,,,false,unicode-unihan-17@17.0.0:kCantonese,kCantonese,source-attested-unreviewed
模,zh-Hant-TW,mó,,,false,unicode-unihan-17@17.0.0:kMandarin,kMandarin,source-attested-unreviewed
模,zh-Hant-TW,mú,attested-count:64,,false,unicode-unihan-17@17.0.0:kHanyuPinlu,kHanyuPinlu,source-attested-unreviewed
筐,yue-HK,hong1,,,false,unicode-unihan-17@17.0.0:kCantonese,kCantonese,source-attested-unreviewed
筐,yue-HK,kwaang1,mandarin-mapping:kuāng,,false,unicode-unihan-17@17.0.0:kSMSZD2003Readings,kSMSZD2003Readings,source-attested-unreviewed
筐,zh-Hant-TW,kuāng,,,false,unicode-unihan-17@17.0.0:kMandarin,kMandarin,source-attested-unreviewed
泥,yue-HK,nai4,,,false,unicode-unihan-17@17.0.0:kCantonese,kCantonese,source-attested-unreviewed
泥,yue-HK,nei6,mandarin-mapping:nì,,false,unicode-unihan-17@17.0.0:kSMSZD2003Readings,kSMSZD2003Readings,source-attested-unreviewed
泥,zh-Hant-TW,ní,,,false,unicode-unihan-17@17.0.0:kMandarin,kMandarin,source-attested-unreviewed
泥,zh-Hant-TW,nì,,,false,unicode-unihan-17@17.0.0:kHanyuPinyin,kHanyuPinyin,source-attested-unreviewed
泥,zh-Hant-TW,nǐ,,,false,unicode-unihan-17@17.0.0:kHanyuPinyin,kHanyuPinyin,source-attested-unreviewed
泥,zh-Hant-TW,niè,,,false,unicode-unihan-17@17.0.0:kHanyuPinyin,kHanyuPinyin,source-attested-unreviewed
泥,zh-Hant-TW,nìng,,,false,unicode-unihan-17@17.0.0:kHanyuPinyin,kHanyuPinyin,source-attested-unreviewed
採,yue-HK,coi2,,,false,unicode-unihan-17@17.0.0:kCantonese,kCantonese,source-attested-unreviewed
採,zh-Hant-TW,cǎi,,,false,unicode-unihan-17@17.0.0:kMandarin,kMandarin,source-attested-unreviewed
幹,yue-HK,gon3,,,false,unicode-unihan-17@17.0.0:kCantonese,kCantonese,source-attested-unreviewed
幹,zh-Hant-TW,gàn,,,false,unicode-unihan-17@17.0.0:kMandarin,kMandarin,source-attested-unreviewed
幹,zh-Hant-TW,gān,,,false,unicode-unihan-17@17.0.0:kHanyuPinyin,kHanyuPinyin,source-attested-unreviewed
幹,zh-Hant-TW,hán,,,false,unicode-unihan-17@17.0.0:kHanyuPinyin,kHanyuPinyin,source-attested-unreviewed
幹,zh-Hant-TW,guǎn,,,false,unicode-unihan-17@17.0.0:kHanyuPinyin,kHanyuPinyin,source-attested-unreviewed
嘴,yue-HK,zeoi2,,,false,unicode-unihan-17@17.0.0:kCantonese,kCantonese,source-attested-unreviewed
嘴,zh-Hant-TW,zuǐ,,,false,unicode-unihan-17@17.0.0:kMandarin,kMandarin,source-attested-unreviewed
飄,yue-HK,piu1,,,false,unicode-unihan-17@17.0.0:kCantonese,kCantonese,source-attested-unreviewed
飄,zh-Hant-TW,piāo,,,false,unicode-unihan-17@17.0.0:kMandarin,kMandarin,source-attested-unreviewed
勇,yue-HK,jung5,,,false,unicode-unihan-17@17.0.0:kCantonese,kCantonese,source-attested-unreviewed
勇,zh-Hant-TW,yǒng,,,false,unicode-unihan-17@17.0.0:kMandarin,kMandarin,source-attested-unreviewed
寶,yue-HK,bou2,,,false,unicode-unihan-17@17.0.0:kCantonese,kCantonese,source-attested-unreviewed
寶,zh-Hant-TW,bǎo,,,false,unicode-unihan-17@17.0.0:kMandarin,kMandarin,source-attested-unreviewed
掉,yue-HK,diu6,,,false,unicode-unihan-17@17.0.0:kCantonese,kCantonese,source-attested-unreviewed
掉,zh-Hant-TW,diào,,,false,unicode-unihan-17@17.0.0:kMandarin,kMandarin,source-attested-unreviewed
掉,zh-Hant-TW,nuó,,,false,unicode-unihan-17@17.0.0:kHanyuPinyin,kHanyuPinyin,source-attested-unreviewed
朝,yue-HK,ciu4,,,false,unicode-unihan-17@17.0.0:kCantonese,kCantonese,source-attested-unreviewed
朝,yue-HK,ziu1,mandarin-mapping:zhāo,,false,unicode-unihan-17@17.0.0:kSMSZD2003Readings,kSMSZD2003Readings,source-attested-unreviewed
朝,zh-Hant-TW,cháo,,,false,unicode-unihan-17@17.0.0:kMandarin,kMandarin,source-attested-unreviewed
朝,zh-Hant-TW,zhāo,attested-count:10,,false,unicode-unihan-17@17.0.0:kHanyuPinlu,kHanyuPinlu,source-attested-unreviewed
朝,zh-Hant-TW,zhū,,,false,unicode-unihan-17@17.0.0:kHanyuPinyin,kHanyuPinyin,source-attested-unreviewed
織,yue-HK,zik1,,,false,unicode-unihan-17@17.0.0:kCantonese,kCantonese,source-attested-unreviewed
織,zh-Hant-TW,zhī,,,false,unicode-unihan-17@17.0.0:kMandarin,kMandarin,source-attested-unreviewed
織,zh-Hant-TW,zhì,,,false,unicode-unihan-17@17.0.0:kHanyuPinyin,kHanyuPinyin,source-attested-unreviewed
技,yue-HK,gei6,,,false,unicode-unihan-17@17.0.0:kCantonese,kCantonese,source-attested-unreviewed
技,zh-Hant-TW,jì,,,false,unicode-unihan-17@17.0.0:kMandarin,kMandarin,source-attested-unreviewed
技,zh-Hant-TW,qí,,,false,unicode-unihan-17@17.0.0:kHanyuPinyin,kHanyuPinyin,source-attested-unreviewed
盒,yue-HK,hap6,,,false,unicode-unihan-17@17.0.0:kCantonese,kCantonese,source-attested-unreviewed
盒,zh-Hant-TW,hé,,,false,unicode-unihan-17@17.0.0:kMandarin,kMandarin,source-attested-unreviewed
盒,zh-Hant-TW,ān,,,false,unicode-unihan-17@17.0.0:kHanyuPinyin,kHanyuPinyin,source-attested-unreviewed
蟲,yue-HK,cung4,,,false,unicode-unihan-17@17.0.0:kCantonese,kCantonese,source-attested-unreviewed
蟲,zh-Hant-TW,chóng,,,false,unicode-unihan-17@17.0.0:kMandarin,kMandarin,source-attested-unreviewed
蟲,zh-Hant-TW,zhòng,,,false,unicode-unihan-17@17.0.0:kHanyuPinyin,kHanyuPinyin,source-attested-unreviewed
蟲,zh-Hant-TW,tóng,,,false,unicode-unihan-17@17.0.0:kHanyuPinyin,kHanyuPinyin,source-attested-unreviewed
嚴,yue-HK,jim4,,,false,unicode-unihan-17@17.0.0:kCantonese,kCantonese,source-attested-unreviewed
嚴,zh-Hant-TW,yán,,,false,unicode-unihan-17@17.0.0:kMandarin,kMandarin,source-attested-unreviewed
嚴,zh-Hant-TW,yǎn,,,false,unicode-unihan-17@17.0.0:kHanyuPinyin,kHanyuPinyin,source-attested-unreviewed
優,yue-HK,jau1,,,false,unicode-unihan-17@17.0.0:kCantonese,kCantonese,source-attested-unreviewed
優,zh-Hant-TW,yōu,,,false,unicode-unihan-17@17.0.0:kMandarin,kMandarin,source-attested-unreviewed
鮮,yue-HK,sin1,,,false,unicode-unihan-17@17.0.0:kCantonese,kCantonese,source-attested-unreviewed
鮮,yue-HK,sin2,mandarin-mapping:xiǎn,,false,unicode-unihan-17@17.0.0:kSMSZD2003Readings,kSMSZD2003Readings,source-attested-unreviewed
鮮,zh-Hant-TW,xiān,,,false,unicode-unihan-17@17.0.0:kMandarin,kMandarin,source-attested-unreviewed
鮮,zh-Hant-TW,xian,attested-count:66,,false,unicode-unihan-17@17.0.0:kHanyuPinlu,kHanyuPinlu,source-attested-unreviewed
鮮,zh-Hant-TW,xiǎn,,,false,unicode-unihan-17@17.0.0:kHanyuPinyin,kHanyuPinyin,source-attested-unreviewed
鮮,zh-Hant-TW,xiàn,,,false,unicode-unihan-17@17.0.0:kHanyuPinyin,kHanyuPinyin,source-attested-unreviewed
徑,yue-HK,ging3,,,false,unicode-unihan-17@17.0.0:kCantonese,kCantonese,source-attested-unreviewed
徑,zh-Hant-TW,jìng,,,false,unicode-unihan-17@17.0.0:kMandarin,kMandarin,source-attested-unreviewed
徑,zh-Hant-TW,jīng,,,false,unicode-unihan-17@17.0.0:kHanyuPinyin,kHanyuPinyin,source-attested-unreviewed
乾,yue-HK,kin4,,,false,unicode-unihan-17@17.0.0:kCantonese,kCantonese,source-attested-unreviewed
乾,yue-HK,gon1,mandarin-mapping:gān,,false,unicode-unihan-17@17.0.0:kSMSZD2003Readings,kSMSZD2003Readings,source-attested-unreviewed
乾,zh-Hant-TW,qián,,,false,unicode-unihan-17@17.0.0:kMandarin,kMandarin,source-attested-unreviewed
乾,zh-Hant-TW,gān,,,false,unicode-unihan-17@17.0.0:kMandarin,kMandarin,source-attested-unreviewed
野,yue-HK,je5,,,false,unicode-unihan-17@17.0.0:kCantonese,kCantonese,source-attested-unreviewed
野,zh-Hant-TW,yě,,,false,unicode-unihan-17@17.0.0:kMandarin,kMandarin,source-attested-unreviewed
野,zh-Hant-TW,shù,,,false,unicode-unihan-17@17.0.0:kHanyuPinyin,kHanyuPinyin,source-attested-unreviewed
頂,yue-HK,ding2,,,false,unicode-unihan-17@17.0.0:kCantonese,kCantonese,source-attested-unreviewed
頂,zh-Hant-TW,dǐng,,,false,unicode-unihan-17@17.0.0:kMandarin,kMandarin,source-attested-unreviewed
漸,yue-HK,zim6,,,false,unicode-unihan-17@17.0.0:kCantonese,kCantonese,source-attested-unreviewed
漸,yue-HK,zim1,mandarin-mapping:jiān,,false,unicode-unihan-17@17.0.0:kSMSZD2003Readings,kSMSZD2003Readings,source-attested-unreviewed
漸,zh-Hant-TW,jiàn,,,false,unicode-unihan-17@17.0.0:kMandarin,kMandarin,source-attested-unreviewed
漸,zh-Hant-TW,jiān,,,false,unicode-unihan-17@17.0.0:kHanyuPinyin,kHanyuPinyin,source-attested-unreviewed
漸,zh-Hant-TW,qián,,,false,unicode-unihan-17@17.0.0:kHanyuPinyin,kHanyuPinyin,source-attested-unreviewed
漸,zh-Hant-TW,chán,,,false,unicode-unihan-17@17.0.0:kHanyuPinyin,kHanyuPinyin,source-attested-unreviewed
叮,yue-HK,ding1,,,false,unicode-unihan-17@17.0.0:kCantonese,kCantonese,source-attested-unreviewed
叮,yue-HK,deng1,mandarin-mapping:dīng,,false,unicode-unihan-17@17.0.0:kSMSZD2003Readings,kSMSZD2003Readings,source-attested-unreviewed
叮,zh-Hant-TW,dīng,,,false,unicode-unihan-17@17.0.0:kMandarin,kMandarin,source-attested-unreviewed
瓶,yue-HK,ping4,,,false,unicode-unihan-17@17.0.0:kCantonese,kCantonese,source-attested-unreviewed
瓶,zh-Hant-TW,píng,,,false,unicode-unihan-17@17.0.0:kMandarin,kMandarin,source-attested-unreviewed
另,yue-HK,ling6,,,false,unicode-unihan-17@17.0.0:kCantonese,kCantonese,source-attested-unreviewed
另,zh-Hant-TW,lìng,,,false,unicode-unihan-17@17.0.0:kMandarin,kMandarin,source-attested-unreviewed
率,yue-HK,seot1,,,false,unicode-unihan-17@17.0.0:kCantonese,kCantonese,source-attested-unreviewed
率,yue-HK,leot6,mandarin-mapping:lǜ,,false,unicode-unihan-17@17.0.0:kSMSZD2003Readings,kSMSZD2003Readings,source-attested-unreviewed
率,zh-Hant-TW,lǜ,,,false,unicode-unihan-17@17.0.0:kMandarin,kMandarin,source-attested-unreviewed
率,zh-Hant-TW,shuài,attested-count:58,,false,unicode-unihan-17@17.0.0:kHanyuPinlu,kHanyuPinlu,source-attested-unreviewed
率,zh-Hant-TW,lüè,,,false,unicode-unihan-17@17.0.0:kHanyuPinyin,kHanyuPinyin,source-attested-unreviewed
睡,yue-HK,seoi6,,,false,unicode-unihan-17@17.0.0:kCantonese,kCantonese,source-attested-unreviewed
睡,zh-Hant-TW,shuì,,,false,unicode-unihan-17@17.0.0:kMandarin,kMandarin,source-attested-unreviewed
言,yue-HK,jin4,,,false,unicode-unihan-17@17.0.0:kCantonese,kCantonese,source-attested-unreviewed
言,zh-Hant-TW,yán,,,false,unicode-unihan-17@17.0.0:kMandarin,kMandarin,source-attested-unreviewed
言,zh-Hant-TW,yàn,,,false,unicode-unihan-17@17.0.0:kHanyuPinyin,kHanyuPinyin,source-attested-unreviewed
言,zh-Hant-TW,yín,,,false,unicode-unihan-17@17.0.0:kHanyuPinyin,kHanyuPinyin,source-attested-unreviewed
房,yue-HK,fong4,,,false,unicode-unihan-17@17.0.0:kCantonese,kCantonese,source-attested-unreviewed
房,zh-Hant-TW,fáng,,,false,unicode-unihan-17@17.0.0:kMandarin,kMandarin,source-attested-unreviewed
房,zh-Hant-TW,páng,,,false,unicode-unihan-17@17.0.0:kHanyuPinyin,kHanyuPinyin,source-attested-unreviewed
餘,yue-HK,jyu4,,,false,unicode-unihan-17@17.0.0:kCantonese,kCantonese,source-attested-unreviewed
餘,zh-Hant-TW,yú,,,false,unicode-unihan-17@17.0.0:kMandarin,kMandarin,source-attested-unreviewed
餘,zh-Hant-TW,yé,,,false,unicode-unihan-17@17.0.0:kHanyuPinyin,kHanyuPinyin,source-attested-unreviewed
鈴,yue-HK,ling4,,,false,unicode-unihan-17@17.0.0:kCantonese,kCantonese,source-attested-unreviewed
鈴,zh-Hant-TW,líng,,,false,unicode-unihan-17@17.0.0:kMandarin,kMandarin,source-attested-unreviewed
推,yue-HK,teoi1,,,false,unicode-unihan-17@17.0.0:kCantonese,kCantonese,source-attested-unreviewed
推,zh-Hant-TW,tuī,,,false,unicode-unihan-17@17.0.0:kMandarin,kMandarin,source-attested-unreviewed
族,yue-HK,zuk6,,,false,unicode-unihan-17@17.0.0:kCantonese,kCantonese,source-attested-unreviewed
族,zh-Hant-TW,zú,,,false,unicode-unihan-17@17.0.0:kMandarin,kMandarin,source-attested-unreviewed
族,zh-Hant-TW,sǒu,,,false,unicode-unihan-17@17.0.0:kHanyuPinyin,kHanyuPinyin,source-attested-unreviewed
族,zh-Hant-TW,còu,,,false,unicode-unihan-17@17.0.0:kHanyuPinyin,kHanyuPinyin,source-attested-unreviewed
族,zh-Hant-TW,zòu,,,false,unicode-unihan-17@17.0.0:kHanyuPinyin,kHanyuPinyin,source-attested-unreviewed
季,yue-HK,gwai3,,,false,unicode-unihan-17@17.0.0:kCantonese,kCantonese,source-attested-unreviewed
季,zh-Hant-TW,jì,,,false,unicode-unihan-17@17.0.0:kMandarin,kMandarin,source-attested-unreviewed
趕,yue-HK,gon2,,,false,unicode-unihan-17@17.0.0:kCantonese,kCantonese,source-attested-unreviewed
趕,zh-Hant-TW,gǎn,,,false,unicode-unihan-17@17.0.0:kMandarin,kMandarin,source-attested-unreviewed
增,yue-HK,zang1,,,false,unicode-unihan-17@17.0.0:kCantonese,kCantonese,source-attested-unreviewed
增,zh-Hant-TW,zēng,,,false,unicode-unihan-17@17.0.0:kMandarin,kMandarin,source-attested-unreviewed
增,zh-Hant-TW,zèng,,,false,unicode-unihan-17@17.0.0:kHanyuPinyin,kHanyuPinyin,source-attested-unreviewed
增,zh-Hant-TW,céng,,,false,unicode-unihan-17@17.0.0:kHanyuPinyin,kHanyuPinyin,source-attested-unreviewed
層,yue-HK,cang4,,,false,unicode-unihan-17@17.0.0:kCantonese,kCantonese,source-attested-unreviewed
層,zh-Hant-TW,céng,,,false,unicode-unihan-17@17.0.0:kMandarin,kMandarin,source-attested-unreviewed
怕,yue-HK,paa3,,,false,unicode-unihan-17@17.0.0:kCantonese,kCantonese,source-attested-unreviewed
怕,zh-Hant-TW,pà,,,false,unicode-unihan-17@17.0.0:kMandarin,kMandarin,source-attested-unreviewed
怕,zh-Hant-TW,bó,,,false,unicode-unihan-17@17.0.0:kHanyuPinyin,kHanyuPinyin,source-attested-unreviewed
桌,yue-HK,coek3,,,false,unicode-unihan-17@17.0.0:kCantonese,kCantonese,source-attested-unreviewed
桌,yue-HK,zoek3,mandarin-mapping:zhūo,,false,unicode-unihan-17@17.0.0:kSMSZD2003Readings,kSMSZD2003Readings,source-attested-unreviewed
桌,zh-Hant-TW,zhuō,,,false,unicode-unihan-17@17.0.0:kMandarin,kMandarin,source-attested-unreviewed
冬,yue-HK,dung1,,,false,unicode-unihan-17@17.0.0:kCantonese,kCantonese,source-attested-unreviewed
冬,zh-Hant-TW,dōng,,,false,unicode-unihan-17@17.0.0:kMandarin,kMandarin,source-attested-unreviewed
升,yue-HK,sing1,,,false,unicode-unihan-17@17.0.0:kCantonese,kCantonese,source-attested-unreviewed
升,zh-Hant-TW,shēng,,,false,unicode-unihan-17@17.0.0:kMandarin,kMandarin,source-attested-unreviewed
賽,yue-HK,coi3,,,false,unicode-unihan-17@17.0.0:kCantonese,kCantonese,source-attested-unreviewed
賽,zh-Hant-TW,sài,,,false,unicode-unihan-17@17.0.0:kMandarin,kMandarin,source-attested-unreviewed
洋,yue-HK,joeng4,,,false,unicode-unihan-17@17.0.0:kCantonese,kCantonese,source-attested-unreviewed
洋,zh-Hant-TW,yáng,,,false,unicode-unihan-17@17.0.0:kMandarin,kMandarin,source-attested-unreviewed
洋,zh-Hant-TW,xiáng,,,false,unicode-unihan-17@17.0.0:kHanyuPinyin,kHanyuPinyin,source-attested-unreviewed
洋,zh-Hant-TW,yǎng,,,false,unicode-unihan-17@17.0.0:kHanyuPinyin,kHanyuPinyin,source-attested-unreviewed
敲,yue-HK,haau1,,,false,unicode-unihan-17@17.0.0:kCantonese,kCantonese,source-attested-unreviewed
敲,zh-Hant-TW,qiāo,,,false,unicode-unihan-17@17.0.0:kMandarin,kMandarin,source-attested-unreviewed
調,yue-HK,diu6,,,false,unicode-unihan-17@17.0.0:kCantonese,kCantonese,source-attested-unreviewed
調,yue-HK,tiu4,mandarin-mapping:tiáo,,false,unicode-unihan-17@17.0.0:kSMSZD2003Readings,kSMSZD2003Readings,source-attested-unreviewed
調,zh-Hant-TW,diào,,,false,unicode-unihan-17@17.0.0:kMandarin,kMandarin,source-attested-unreviewed
調,zh-Hant-TW,tiáo,attested-count:213,,false,unicode-unihan-17@17.0.0:kHanyuPinlu,kHanyuPinlu,source-attested-unreviewed
調,zh-Hant-TW,zhōu,,,false,unicode-unihan-17@17.0.0:kHanyuPinyin,kHanyuPinyin,source-attested-unreviewed
隨,yue-HK,ceoi4,,,false,unicode-unihan-17@17.0.0:kCantonese,kCantonese,source-attested-unreviewed
隨,zh-Hant-TW,suí,,,false,unicode-unihan-17@17.0.0:kMandarin,kMandarin,source-attested-unreviewed
紀,yue-HK,gei2,,,false,unicode-unihan-17@17.0.0:kCantonese,kCantonese,source-attested-unreviewed
紀,zh-Hant-TW,jì,,,false,unicode-unihan-17@17.0.0:kMandarin,kMandarin,source-attested-unreviewed
紀,zh-Hant-TW,jǐ,,,false,unicode-unihan-17@17.0.0:kHanyuPinyin,kHanyuPinyin,source-attested-unreviewed
旁,yue-HK,pong4,,,false,unicode-unihan-17@17.0.0:kCantonese,kCantonese,source-attested-unreviewed
旁,zh-Hant-TW,páng,,,false,unicode-unihan-17@17.0.0:kMandarin,kMandarin,source-attested-unreviewed
旁,zh-Hant-TW,pēng,,,false,unicode-unihan-17@17.0.0:kHanyuPinyin,kHanyuPinyin,source-attested-unreviewed
旁,zh-Hant-TW,bēng,,,false,unicode-unihan-17@17.0.0:kHanyuPinyin,kHanyuPinyin,source-attested-unreviewed
旁,zh-Hant-TW,bàng,,,false,unicode-unihan-17@17.0.0:kHanyuPinyin,kHanyuPinyin,source-attested-unreviewed
腦,yue-HK,nou5,,,false,unicode-unihan-17@17.0.0:kCantonese,kCantonese,source-attested-unreviewed
腦,zh-Hant-TW,nǎo,,,false,unicode-unihan-17@17.0.0:kMandarin,kMandarin,source-attested-unreviewed
腦,zh-Hant-TW,nào,,,false,unicode-unihan-17@17.0.0:kHanyuPinyin,kHanyuPinyin,source-attested-unreviewed
鴨,yue-HK,aap3,,,false,unicode-unihan-17@17.0.0:kCantonese,kCantonese,source-attested-unreviewed
鴨,zh-Hant-TW,yā,,,false,unicode-unihan-17@17.0.0:kMandarin,kMandarin,source-attested-unreviewed
爬,yue-HK,paa4,,,false,unicode-unihan-17@17.0.0:kCantonese,kCantonese,source-attested-unreviewed
爬,zh-Hant-TW,pá,,,false,unicode-unihan-17@17.0.0:kMandarin,kMandarin,source-attested-unreviewed
決,yue-HK,kyut3,,,false,unicode-unihan-17@17.0.0:kCantonese,kCantonese,source-attested-unreviewed
決,zh-Hant-TW,jué,,,false,unicode-unihan-17@17.0.0:kMandarin,kMandarin,source-attested-unreviewed
決,zh-Hant-TW,quē,,,false,unicode-unihan-17@17.0.0:kHanyuPinyin,kHanyuPinyin,source-attested-unreviewed
決,zh-Hant-TW,xuè,,,false,unicode-unihan-17@17.0.0:kHanyuPinyin,kHanyuPinyin,source-attested-unreviewed
遇,yue-HK,jyu6,,,false,unicode-unihan-17@17.0.0:kCantonese,kCantonese,source-attested-unreviewed
遇,zh-Hant-TW,yù,,,false,unicode-unihan-17@17.0.0:kMandarin,kMandarin,source-attested-unreviewed
遇,zh-Hant-TW,yóng,,,false,unicode-unihan-17@17.0.0:kHanyuPinyin,kHanyuPinyin,source-attested-unreviewed
遇,zh-Hant-TW,ǒu,,,false,unicode-unihan-17@17.0.0:kHanyuPinyin,kHanyuPinyin,source-attested-unreviewed
伯,yue-HK,baak3,,,false,unicode-unihan-17@17.0.0:kCantonese,kCantonese,source-attested-unreviewed
伯,zh-Hant-TW,bó,,,false,unicode-unihan-17@17.0.0:kMandarin,kMandarin,source-attested-unreviewed
伯,zh-Hant-TW,bo,attested-count:56,,false,unicode-unihan-17@17.0.0:kHanyuPinlu,kHanyuPinlu,source-attested-unreviewed
伯,zh-Hant-TW,mò,,,false,unicode-unihan-17@17.0.0:kHanyuPinyin,kHanyuPinyin,source-attested-unreviewed
伯,zh-Hant-TW,bà,,,false,unicode-unihan-17@17.0.0:kHanyuPinyin,kHanyuPinyin,source-attested-unreviewed
沉,yue-HK,cam4,,,false,unicode-unihan-17@17.0.0:kCantonese,kCantonese,source-attested-unreviewed
沉,zh-Hant-TW,chén,,,false,unicode-unihan-17@17.0.0:kMandarin,kMandarin,source-attested-unreviewed
沉,zh-Hant-TW,chēn,attested-count:24,,false,unicode-unihan-17@17.0.0:kHanyuPinlu,kHanyuPinlu,source-attested-unreviewed
套,yue-HK,tou3,,,false,unicode-unihan-17@17.0.0:kCantonese,kCantonese,source-attested-unreviewed
套,zh-Hant-TW,tào,,,false,unicode-unihan-17@17.0.0:kMandarin,kMandarin,source-attested-unreviewed
套,zh-Hant-TW,tǎo,,,false,unicode-unihan-17@17.0.0:kHanyuPinyin,kHanyuPinyin,source-attested-unreviewed
敢,yue-HK,gam2,,,false,unicode-unihan-17@17.0.0:kCantonese,kCantonese,source-attested-unreviewed
敢,zh-Hant-TW,gǎn,,,false,unicode-unihan-17@17.0.0:kMandarin,kMandarin,source-attested-unreviewed
略,yue-HK,loek6,,,false,unicode-unihan-17@17.0.0:kCantonese,kCantonese,source-attested-unreviewed
略,zh-Hant-TW,lüè,,,false,unicode-unihan-17@17.0.0:kMandarin,kMandarin,source-attested-unreviewed
論,yue-HK,leon6,,,false,unicode-unihan-17@17.0.0:kCantonese,kCantonese,source-attested-unreviewed
論,yue-HK,leon4,mandarin-mapping:lún,,false,unicode-unihan-17@17.0.0:kSMSZD2003Readings,kSMSZD2003Readings,source-attested-unreviewed
論,zh-Hant-TW,lùn,,,false,unicode-unihan-17@17.0.0:kMandarin,kMandarin,source-attested-unreviewed
論,zh-Hant-TW,lún,,,false,unicode-unihan-17@17.0.0:kHanyuPinyin,kHanyuPinyin,source-attested-unreviewed
助,yue-HK,zo6,,,false,unicode-unihan-17@17.0.0:kCantonese,kCantonese,source-attested-unreviewed
助,zh-Hant-TW,zhù,,,false,unicode-unihan-17@17.0.0:kMandarin,kMandarin,source-attested-unreviewed
助,zh-Hant-TW,chú,,,false,unicode-unihan-17@17.0.0:kHanyuPinyin,kHanyuPinyin,source-attested-unreviewed
兔,yue-HK,tou3,,,false,unicode-unihan-17@17.0.0:kCantonese,kCantonese,source-attested-unreviewed
兔,zh-Hant-TW,tù,,,false,unicode-unihan-17@17.0.0:kMandarin,kMandarin,source-attested-unreviewed
兔,zh-Hant-TW,tú,,,false,unicode-unihan-17@17.0.0:kHanyuPinyin,kHanyuPinyin,source-attested-unreviewed
兔,zh-Hant-TW,chān,,,false,unicode-unihan-17@17.0.0:kHanyuPinyin,kHanyuPinyin,source-attested-unreviewed
驚,yue-HK,ging1,,,false,unicode-unihan-17@17.0.0:kCantonese,kCantonese,source-attested-unreviewed
驚,yue-HK,geng1,mandarin-mapping:jīng,,false,unicode-unihan-17@17.0.0:kSMSZD2003Readings,kSMSZD2003Readings,source-attested-unreviewed
驚,zh-Hant-TW,jīng,,,false,unicode-unihan-17@17.0.0:kMandarin,kMandarin,source-attested-unreviewed
令,yue-HK,ling6,,,false,unicode-unihan-17@17.0.0:kCantonese,kCantonese,source-attested-unreviewed
令,yue-HK,lim1,mandarin-mapping:lǐng,,false,unicode-unihan-17@17.0.0:kSMSZD2003Readings,kSMSZD2003Readings,source-attested-unreviewed
令,yue-HK,ling4,mandarin-mapping:líng,,false,unicode-unihan-17@17.0.0:kSMSZD2003Readings,kSMSZD2003Readings,source-attested-unreviewed
令,zh-Hant-TW,lìng,,,false,unicode-unihan-17@17.0.0:kMandarin,kMandarin,source-attested-unreviewed
令,zh-Hant-TW,líng,,,false,unicode-unihan-17@17.0.0:kHanyuPinyin,kHanyuPinyin,source-attested-unreviewed
令,zh-Hant-TW,lián,,,false,unicode-unihan-17@17.0.0:kHanyuPinyin,kHanyuPinyin,source-attested-unreviewed
令,zh-Hant-TW,lǐng,,,false,unicode-unihan-17@17.0.0:kHanyuPinyin,kHanyuPinyin,source-attested-unreviewed
武,yue-HK,mou5,,,false,unicode-unihan-17@17.0.0:kCantonese,kCantonese,source-attested-unreviewed
武,zh-Hant-TW,wǔ,,,false,unicode-unihan-17@17.0.0:kMandarin,kMandarin,source-attested-unreviewed
香,yue-HK,hoeng1,,,false,unicode-unihan-17@17.0.0:kCantonese,kCantonese,source-attested-unreviewed
香,zh-Hant-TW,xiāng,,,false,unicode-unihan-17@17.0.0:kMandarin,kMandarin,source-attested-unreviewed
游,yue-HK,jau4,,,false,unicode-unihan-17@17.0.0:kCantonese,kCantonese,source-attested-unreviewed
游,zh-Hant-TW,yóu,,,false,unicode-unihan-17@17.0.0:kMandarin,kMandarin,source-attested-unreviewed
游,zh-Hant-TW,liú,,,false,unicode-unihan-17@17.0.0:kHanyuPinyin,kHanyuPinyin,source-attested-unreviewed
藍,yue-HK,laam4,,,false,unicode-unihan-17@17.0.0:kCantonese,kCantonese,source-attested-unreviewed
藍,zh-Hant-TW,lán,,,false,unicode-unihan-17@17.0.0:kMandarin,kMandarin,source-attested-unreviewed
護,yue-HK,wu6,,,false,unicode-unihan-17@17.0.0:kCantonese,kCantonese,source-attested-unreviewed
護,zh-Hant-TW,hù,,,false,unicode-unihan-17@17.0.0:kMandarin,kMandarin,source-attested-unreviewed
引,yue-HK,jan5,,,false,unicode-unihan-17@17.0.0:kCantonese,kCantonese,source-attested-unreviewed
引,zh-Hant-TW,yǐn,,,false,unicode-unihan-17@17.0.0:kMandarin,kMandarin,source-attested-unreviewed
屋,yue-HK,uk1,,,false,unicode-unihan-17@17.0.0:kCantonese,kCantonese,source-attested-unreviewed
屋,zh-Hant-TW,wū,,,false,unicode-unihan-17@17.0.0:kMandarin,kMandarin,source-attested-unreviewed
烈,yue-HK,lit6,,,false,unicode-unihan-17@17.0.0:kCantonese,kCantonese,source-attested-unreviewed
烈,zh-Hant-TW,liè,,,false,unicode-unihan-17@17.0.0:kMandarin,kMandarin,source-attested-unreviewed
環,yue-HK,waan4,,,false,unicode-unihan-17@17.0.0:kCantonese,kCantonese,source-attested-unreviewed
環,zh-Hant-TW,huán,,,false,unicode-unihan-17@17.0.0:kMandarin,kMandarin,source-attested-unreviewed
環,zh-Hant-TW,huàn,,,false,unicode-unihan-17@17.0.0:kHanyuPinyin,kHanyuPinyin,source-attested-unreviewed
鐘,yue-HK,zung1,,,false,unicode-unihan-17@17.0.0:kCantonese,kCantonese,source-attested-unreviewed
鐘,zh-Hant-TW,zhōng,,,false,unicode-unihan-17@17.0.0:kMandarin,kMandarin,source-attested-unreviewed
政,yue-HK,zing3,,,false,unicode-unihan-17@17.0.0:kCantonese,kCantonese,source-attested-unreviewed
政,zh-Hant-TW,zhèng,,,false,unicode-unihan-17@17.0.0:kMandarin,kMandarin,source-attested-unreviewed
政,zh-Hant-TW,zhēng,,,false,unicode-unihan-17@17.0.0:kHanyuPinyin,kHanyuPinyin,source-attested-unreviewed
符,yue-HK,fu4,,,false,unicode-unihan-17@17.0.0:kCantonese,kCantonese,source-attested-unreviewed
符,zh-Hant-TW,fú,,,false,unicode-unihan-17@17.0.0:kMandarin,kMandarin,source-attested-unreviewed
蛋,yue-HK,daan6,,,false,unicode-unihan-17@17.0.0:kCantonese,kCantonese,source-attested-unreviewed
蛋,yue-HK,daan2,mandarin-mapping:dàn,,false,unicode-unihan-17@17.0.0:kSMSZD2003Readings,kSMSZD2003Readings,source-attested-unreviewed
蛋,zh-Hant-TW,dàn,,,false,unicode-unihan-17@17.0.0:kMandarin,kMandarin,source-attested-unreviewed
爾,yue-HK,ji5,,,false,unicode-unihan-17@17.0.0:kCantonese,kCantonese,source-attested-unreviewed
爾,zh-Hant-TW,ěr,,,false,unicode-unihan-17@17.0.0:kMandarin,kMandarin,source-attested-unreviewed
爾,zh-Hant-TW,mǐ,,,false,unicode-unihan-17@17.0.0:kHanyuPinyin,kHanyuPinyin,source-attested-unreviewed
爾,zh-Hant-TW,nǐ,,,false,unicode-unihan-17@17.0.0:kHanyuPinyin,kHanyuPinyin,source-attested-unreviewed
揚,yue-HK,joeng4,,,false,unicode-unihan-17@17.0.0:kCantonese,kCantonese,source-attested-unreviewed
揚,zh-Hant-TW,yáng,,,false,unicode-unihan-17@17.0.0:kMandarin,kMandarin,source-attested-unreviewed
標,yue-HK,biu1,,,false,unicode-unihan-17@17.0.0:kCantonese,kCantonese,source-attested-unreviewed
標,zh-Hant-TW,biāo,,,false,unicode-unihan-17@17.0.0:kMandarin,kMandarin,source-attested-unreviewed
標,zh-Hant-TW,biào,,,false,unicode-unihan-17@17.0.0:kHanyuPinyin,kHanyuPinyin,source-attested-unreviewed
持,yue-HK,ci4,,,false,unicode-unihan-17@17.0.0:kCantonese,kCantonese,source-attested-unreviewed
持,zh-Hant-TW,chí,,,false,unicode-unihan-17@17.0.0:kMandarin,kMandarin,source-attested-unreviewed
陣,yue-HK,zan6,,,false,unicode-unihan-17@17.0.0:kCantonese,kCantonese,source-attested-unreviewed
陣,zh-Hant-TW,zhèn,,,false,unicode-unihan-17@17.0.0:kMandarin,kMandarin,source-attested-unreviewed
密,yue-HK,mat6,,,false,unicode-unihan-17@17.0.0:kCantonese,kCantonese,source-attested-unreviewed
密,zh-Hant-TW,mì,,,false,unicode-unihan-17@17.0.0:kMandarin,kMandarin,source-attested-unreviewed
勝,yue-HK,sing3,,,false,unicode-unihan-17@17.0.0:kCantonese,kCantonese,source-attested-unreviewed
勝,yue-HK,sing1,"mandarin-mapping:shèng,shēng",,false,unicode-unihan-17@17.0.0:kSMSZD2003Readings,kSMSZD2003Readings,source-attested-unreviewed
勝,zh-Hant-TW,shèng,,,false,unicode-unihan-17@17.0.0:kMandarin,kMandarin,source-attested-unreviewed
傷,yue-HK,soeng1,,,false,unicode-unihan-17@17.0.0:kCantonese,kCantonese,source-attested-unreviewed
傷,zh-Hant-TW,shāng,,,false,unicode-unihan-17@17.0.0:kMandarin,kMandarin,source-attested-unreviewed
貓,yue-HK,maau1,,,false,unicode-unihan-17@17.0.0:kCantonese,kCantonese,source-attested-unreviewed
貓,zh-Hant-TW,māo,,,false,unicode-unihan-17@17.0.0:kMandarin,kMandarin,source-attested-unreviewed
議,yue-HK,ji5,,,false,unicode-unihan-17@17.0.0:kCantonese,kCantonese,source-attested-unreviewed
議,zh-Hant-TW,yì,,,false,unicode-unihan-17@17.0.0:kMandarin,kMandarin,source-attested-unreviewed
瓜,yue-HK,gwaa1,,,false,unicode-unihan-17@17.0.0:kCantonese,kCantonese,source-attested-unreviewed
瓜,zh-Hant-TW,guā,,,false,unicode-unihan-17@17.0.0:kMandarin,kMandarin,source-attested-unreviewed
竹,yue-HK,zuk1,,,false,unicode-unihan-17@17.0.0:kCantonese,kCantonese,source-attested-unreviewed
竹,zh-Hant-TW,zhú,,,false,unicode-unihan-17@17.0.0:kMandarin,kMandarin,source-attested-unreviewed
錄,yue-HK,luk6,,,false,unicode-unihan-17@17.0.0:kCantonese,kCantonese,source-attested-unreviewed
錄,zh-Hant-TW,lù,,,false,unicode-unihan-17@17.0.0:kMandarin,kMandarin,source-attested-unreviewed
續,yue-HK,zuk6,,,false,unicode-unihan-17@17.0.0:kCantonese,kCantonese,source-attested-unreviewed
續,zh-Hant-TW,xù,,,false,unicode-unihan-17@17.0.0:kMandarin,kMandarin,source-attested-unreviewed
育,yue-HK,juk6,,,false,unicode-unihan-17@17.0.0:kCantonese,kCantonese,source-attested-unreviewed
育,zh-Hant-TW,yù,,,false,unicode-unihan-17@17.0.0:kMandarin,kMandarin,source-attested-unreviewed
育,zh-Hant-TW,zhòu,,,false,unicode-unihan-17@17.0.0:kHanyuPinyin,kHanyuPinyin,source-attested-unreviewed
足,yue-HK,zuk1,,,false,unicode-unihan-17@17.0.0:kCantonese,kCantonese,source-attested-unreviewed
足,yue-HK,zeoi3,mandarin-mapping:jù,,false,unicode-unihan-17@17.0.0:kSMSZD2003Readings,kSMSZD2003Readings,source-attested-unreviewed
足,zh-Hant-TW,zú,,,false,unicode-unihan-17@17.0.0:kMandarin,kMandarin,source-attested-unreviewed
足,zh-Hant-TW,jù,,,false,unicode-unihan-17@17.0.0:kHanyuPinyin,kHanyuPinyin,source-attested-unreviewed
呱,yue-HK,gu1,,,false,unicode-unihan-17@17.0.0:kCantonese,kCantonese,source-attested-unreviewed
呱,yue-HK,gwaa1,mandarin-mapping:guā,,false,unicode-unihan-17@17.0.0:kSMSZD2003Readings,kSMSZD2003Readings,source-attested-unreviewed
呱,zh-Hant-TW,gū,,,false,unicode-unihan-17@17.0.0:kMandarin,kMandarin,source-attested-unreviewed
呱,zh-Hant-TW,guā,,,false,unicode-unihan-17@17.0.0:kHanyuPinyin,kHanyuPinyin,source-attested-unreviewed
呱,zh-Hant-TW,guǎ,,,false,unicode-unihan-17@17.0.0:kHanyuPinyin,kHanyuPinyin,source-attested-unreviewed
息,yue-HK,sik1,,,false,unicode-unihan-17@17.0.0:kCantonese,kCantonese,source-attested-unreviewed
息,zh-Hant-TW,xī,,,false,unicode-unihan-17@17.0.0:kMandarin,kMandarin,source-attested-unreviewed
息,zh-Hant-TW,xi,attested-count:392,,false,unicode-unihan-17@17.0.0:kHanyuPinlu,kHanyuPinlu,source-attested-unreviewed
煤,yue-HK,mui4,,,false,unicode-unihan-17@17.0.0:kCantonese,kCantonese,source-attested-unreviewed
煤,zh-Hant-TW,méi,,,false,unicode-unihan-17@17.0.0:kMandarin,kMandarin,source-attested-unreviewed
耳,yue-HK,ji5,,,false,unicode-unihan-17@17.0.0:kCantonese,kCantonese,source-attested-unreviewed
耳,zh-Hant-TW,ěr,,,false,unicode-unihan-17@17.0.0:kMandarin,kMandarin,source-attested-unreviewed
耳,zh-Hant-TW,réng,,,false,unicode-unihan-17@17.0.0:kHanyuPinyin,kHanyuPinyin,source-attested-unreviewed
及,yue-HK,kap6,,,false,unicode-unihan-17@17.0.0:kCantonese,kCantonese,source-attested-unreviewed
及,yue-HK,gap6,mandarin-mapping:jí,,false,unicode-unihan-17@17.0.0:kSMSZD2003Readings,kSMSZD2003Readings,source-attested-unreviewed
及,zh-Hant-TW,jí,,,false,unicode-unihan-17@17.0.0:kMandarin,kMandarin,source-attested-unreviewed
鬥,yue-HK,dau3,,,false,unicode-unihan-17@17.0.0:kCantonese,kCantonese,source-attested-unreviewed
鬥,zh-Hant-TW,dòu,,,false,unicode-unihan-17@17.0.0:kMandarin,kMandarin,source-attested-unreviewed
挖,yue-HK,waat3,,,false,unicode-unihan-17@17.0.0:kCantonese,kCantonese,source-attested-unreviewed
挖,zh-Hant-TW,wā,,,false,unicode-unihan-17@17.0.0:kMandarin,kMandarin,source-attested-unreviewed
術,yue-HK,seot6,,,false,unicode-unihan-17@17.0.0:kCantonese,kCantonese,source-attested-unreviewed
術,zh-Hant-TW,shù,,,false,unicode-unihan-17@17.0.0:kMandarin,kMandarin,source-attested-unreviewed
盤,yue-HK,pun4,,,false,unicode-unihan-17@17.0.0:kCantonese,kCantonese,source-attested-unreviewed
盤,zh-Hant-TW,pán,,,false,unicode-unihan-17@17.0.0:kMandarin,kMandarin,source-attested-unreviewed
盤,zh-Hant-TW,pan,attested-count:25,,false,unicode-unihan-17@17.0.0:kHanyuPinlu,kHanyuPinlu,source-attested-unreviewed
盤,zh-Hant-TW,xuán,,,false,unicode-unihan-17@17.0.0:kHanyuPinyin,kHanyuPinyin,source-attested-unreviewed
易,yue-HK,ji6,,,false,unicode-unihan-17@17.0.0:kCantonese,kCantonese,source-attested-unreviewed
易,yue-HK,jik6,mandarin-mapping:yì,,false,unicode-unihan-17@17.0.0:kSMSZD2003Readings,kSMSZD2003Readings,source-attested-unreviewed
易,zh-Hant-TW,yì,,,false,unicode-unihan-17@17.0.0:kMandarin,kMandarin,source-attested-unreviewed
客,yue-HK,haak3,,,false,unicode-unihan-17@17.0.0:kCantonese,kCantonese,source-attested-unreviewed
客,zh-Hant-TW,kè,,,false,unicode-unihan-17@17.0.0:kMandarin,kMandarin,source-attested-unreviewed
客,zh-Hant-TW,qià,,,false,unicode-unihan-17@17.0.0:kHanyuPinyin,kHanyuPinyin,source-attested-unreviewed
破,yue-HK,po3,,,false,unicode-unihan-17@17.0.0:kCantonese,kCantonese,source-attested-unreviewed
破,zh-Hant-TW,pò,,,false,unicode-unihan-17@17.0.0:kMandarin,kMandarin,source-attested-unreviewed
端,yue-HK,dyun1,,,false,unicode-unihan-17@17.0.0:kCantonese,kCantonese,source-attested-unreviewed
端,zh-Hant-TW,duān,,,false,unicode-unihan-17@17.0.0:kMandarin,kMandarin,source-attested-unreviewed
況,yue-HK,fong3,,,false,unicode-unihan-17@17.0.0:kCantonese,kCantonese,source-attested-unreviewed
況,zh-Hant-TW,kuàng,,,false,unicode-unihan-17@17.0.0:kMandarin,kMandarin,source-attested-unreviewed
莊,yue-HK,zong1,,,false,unicode-unihan-17@17.0.0:kCantonese,kCantonese,source-attested-unreviewed
莊,zh-Hant-TW,zhuāng,,,false,unicode-unihan-17@17.0.0:kMandarin,kMandarin,source-attested-unreviewed
雷,yue-HK,leoi4,,,false,unicode-unihan-17@17.0.0:kCantonese,kCantonese,source-attested-unreviewed
雷,zh-Hant-TW,léi,,,false,unicode-unihan-17@17.0.0:kMandarin,kMandarin,source-attested-unreviewed
雷,zh-Hant-TW,lèi,,,false,unicode-unihan-17@17.0.0:kHanyuPinyin,kHanyuPinyin,source-attested-unreviewed
籃,yue-HK,laam4,,,false,unicode-unihan-17@17.0.0:kCantonese,kCantonese,source-attested-unreviewed
籃,zh-Hant-TW,lán,,,false,unicode-unihan-17@17.0.0:kMandarin,kMandarin,source-attested-unreviewed
某,yue-HK,mau5,,,false,unicode-unihan-17@17.0.0:kCantonese,kCantonese,source-attested-unreviewed
某,zh-Hant-TW,mǒu,,,false,unicode-unihan-17@17.0.0:kMandarin,kMandarin,source-attested-unreviewed
某,zh-Hant-TW,méi,,,false,unicode-unihan-17@17.0.0:kHanyuPinyin,kHanyuPinyin,source-attested-unreviewed
描,yue-HK,miu4,,,false,unicode-unihan-17@17.0.0:kCantonese,kCantonese,source-attested-unreviewed
描,zh-Hant-TW,miáo,,,false,unicode-unihan-17@17.0.0:kMandarin,kMandarin,source-attested-unreviewed
描,zh-Hant-TW,mào,,,false,unicode-unihan-17@17.0.0:kHanyuPinyin,kHanyuPinyin,source-attested-unreviewed
測,yue-HK,cak1,,,false,unicode-unihan-17@17.0.0:kCantonese,kCantonese,source-attested-unreviewed
測,zh-Hant-TW,cè,,,false,unicode-unihan-17@17.0.0:kMandarin,kMandarin,source-attested-unreviewed
談,yue-HK,taam4,,,false,unicode-unihan-17@17.0.0:kCantonese,kCantonese,source-attested-unreviewed
談,zh-Hant-TW,tán,,,false,unicode-unihan-17@17.0.0:kMandarin,kMandarin,source-attested-unreviewed
且,yue-HK,ce2,,,false,unicode-unihan-17@17.0.0:kCantonese,kCantonese,source-attested-unreviewed
且,yue-HK,zeoi1,mandarin-mapping:jū,,false,unicode-unihan-17@17.0.0:kSMSZD2003Readings,kSMSZD2003Readings,source-attested-unreviewed
且,zh-Hant-TW,qiě,,,false,unicode-unihan-17@17.0.0:kMandarin,kMandarin,source-attested-unreviewed
且,zh-Hant-TW,jū,,,false,unicode-unihan-17@17.0.0:kHanyuPinyin,kHanyuPinyin,source-attested-unreviewed
且,zh-Hant-TW,cú,,,false,unicode-unihan-17@17.0.0:kHanyuPinyin,kHanyuPinyin,source-attested-unreviewed
伴,yue-HK,bun6,,,false,unicode-unihan-17@17.0.0:kCantonese,kCantonese,source-attested-unreviewed
伴,zh-Hant-TW,bàn,,,false,unicode-unihan-17@17.0.0:kMandarin,kMandarin,source-attested-unreviewed
伴,zh-Hant-TW,pàn,,,false,unicode-unihan-17@17.0.0:kHanyuPinyin,kHanyuPinyin,source-attested-unreviewed
狀,yue-HK,zong6,,,false,unicode-unihan-17@17.0.0:kCantonese,kCantonese,source-attested-unreviewed
狀,zh-Hant-TW,zhuàng,,,false,unicode-unihan-17@17.0.0:kMandarin,kMandarin,source-attested-unreviewed
研,yue-HK,jin4,,,false,unicode-unihan-17@17.0.0:kCantonese,kCantonese,source-attested-unreviewed
研,zh-Hant-TW,yán,,,false,unicode-unihan-17@17.0.0:kMandarin,kMandarin,source-attested-unreviewed
研,zh-Hant-TW,yàn,,,false,unicode-unihan-17@17.0.0:kHanyuPinyin,kHanyuPinyin,source-attested-unreviewed
研,zh-Hant-TW,xíng,,,false,unicode-unihan-17@17.0.0:kHanyuPinyin,kHanyuPinyin,source-attested-unreviewed
般,yue-HK,bun1,,,false,unicode-unihan-17@17.0.0:kCantonese,kCantonese,source-attested-unreviewed
般,yue-HK,baan1,mandarin-mapping:bān,,false,unicode-unihan-17@17.0.0:kSMSZD2003Readings,kSMSZD2003Readings,source-attested-unreviewed
般,yue-HK,bo1,mandarin-mapping:bō,,false,unicode-unihan-17@17.0.0:kSMSZD2003Readings,kSMSZD2003Readings,source-attested-unreviewed
般,zh-Hant-TW,bān,,,false,unicode-unihan-17@17.0.0:kMandarin,kMandarin,source-attested-unreviewed
般,zh-Hant-TW,pán,,,false,unicode-unihan-17@17.0.0:kHanyuPinyin,kHanyuPinyin,source-attested-unreviewed
般,zh-Hant-TW,bǎn,,,false,unicode-unihan-17@17.0.0:kHanyuPinyin,kHanyuPinyin,source-attested-unreviewed
般,zh-Hant-TW,bō,,,false,unicode-unihan-17@17.0.0:kHanyuPinyin,kHanyuPinyin,source-attested-unreviewed
院,yue-HK,jyun2,,,false,unicode-unihan-17@17.0.0:kCantonese,kCantonese,source-attested-unreviewed
院,zh-Hant-TW,yuàn,,,false,unicode-unihan-17@17.0.0:kMandarin,kMandarin,source-attested-unreviewed
詩,yue-HK,si1,,,false,unicode-unihan-17@17.0.0:kCantonese,kCantonese,source-attested-unreviewed
詩,zh-Hant-TW,shī,,,false,unicode-unihan-17@17.0.0:kMandarin,kMandarin,source-attested-unreviewed
譜,yue-HK,pou2,,,false,unicode-unihan-17@17.0.0:kCantonese,kCantonese,source-attested-unreviewed
譜,zh-Hant-TW,pǔ,,,false,unicode-unihan-17@17.0.0:kMandarin,kMandarin,source-attested-unreviewed
市,yue-HK,si5,,,false,unicode-unihan-17@17.0.0:kCantonese,kCantonese,source-attested-unreviewed
市,zh-Hant-TW,shì,,,false,unicode-unihan-17@17.0.0:kMandarin,kMandarin,source-attested-unreviewed
非,yue-HK,fei1,,,false,unicode-unihan-17@17.0.0:kCantonese,kCantonese,source-attested-unreviewed
非,zh-Hant-TW,fēi,,,false,unicode-unihan-17@17.0.0:kMandarin,kMandarin,source-attested-unreviewed
非,zh-Hant-TW,fěi,,,false,unicode-unihan-17@17.0.0:kHanyuPinyin,kHanyuPinyin,source-attested-unreviewed
帝,yue-HK,dai3,,,false,unicode-unihan-17@17.0.0:kCantonese,kCantonese,source-attested-unreviewed
帝,zh-Hant-TW,dì,,,false,unicode-unihan-17@17.0.0:kMandarin,kMandarin,source-attested-unreviewed
突,yue-HK,dat6,,,false,unicode-unihan-17@17.0.0:kCantonese,kCantonese,source-attested-unreviewed
突,zh-Hant-TW,tū,,,false,unicode-unihan-17@17.0.0:kMandarin,kMandarin,source-attested-unreviewed
規,yue-HK,kwai1,,,false,unicode-unihan-17@17.0.0:kCantonese,kCantonese,source-attested-unreviewed
規,zh-Hant-TW,guī,,,false,unicode-unihan-17@17.0.0:kMandarin,kMandarin,source-attested-unreviewed
規,zh-Hant-TW,guì,,,false,unicode-unihan-17@17.0.0:kHanyuPinyin,kHanyuPinyin,source-attested-unreviewed
規,zh-Hant-TW,xù,,,false,unicode-unihan-17@17.0.0:kHanyuPinyin,kHanyuPinyin,source-attested-unreviewed
雄,yue-HK,hung4,,,false,unicode-unihan-17@17.0.0:kCantonese,kCantonese,source-attested-unreviewed
雄,zh-Hant-TW,xióng,,,false,unicode-unihan-17@17.0.0:kMandarin,kMandarin,source-attested-unreviewed
劉,yue-HK,lau4,,,false,unicode-unihan-17@17.0.0:kCantonese,kCantonese,source-attested-unreviewed
劉,zh-Hant-TW,liú,,,false,unicode-unihan-17@17.0.0:kMandarin,kMandarin,source-attested-unreviewed
顆,yue-HK,fo2,,,false,unicode-unihan-17@17.0.0:kCantonese,kCantonese,source-attested-unreviewed
顆,zh-Hant-TW,kē,,,false,unicode-unihan-17@17.0.0:kMandarin,kMandarin,source-attested-unreviewed
顆,zh-Hant-TW,kě,,,false,unicode-unihan-17@17.0.0:kHanyuPinyin,kHanyuPinyin,source-attested-unreviewed
顆,zh-Hant-TW,kuǎn,,,false,unicode-unihan-17@17.0.0:kHanyuPinyin,kHanyuPinyin,source-attested-unreviewed
互,yue-HK,wu6,,,false,unicode-unihan-17@17.0.0:kCantonese,kCantonese,source-attested-unreviewed
互,zh-Hant-TW,hù,,,false,unicode-unihan-17@17.0.0:kMandarin,kMandarin,source-attested-unreviewed
枝,yue-HK,zi1,,,false,unicode-unihan-17@17.0.0:kCantonese,kCantonese,source-attested-unreviewed
枝,zh-Hant-TW,zhī,,,false,unicode-unihan-17@17.0.0:kMandarin,kMandarin,source-attested-unreviewed
枝,zh-Hant-TW,qí,,,false,unicode-unihan-17@17.0.0:kHanyuPinyin,kHanyuPinyin,source-attested-unreviewed
哥,yue-HK,go1,,,false,unicode-unihan-17@17.0.0:kCantonese,kCantonese,source-attested-unreviewed
哥,zh-Hant-TW,gē,,,false,unicode-unihan-17@17.0.0:kMandarin,kMandarin,source-attested-unreviewed
哥,zh-Hant-TW,ge,attested-count:217,,false,unicode-unihan-17@17.0.0:kHanyuPinlu,kHanyuPinlu,source-attested-unreviewed
願,yue-HK,jyun6,,,false,unicode-unihan-17@17.0.0:kCantonese,kCantonese,source-attested-unreviewed
願,zh-Hant-TW,yuàn,,,false,unicode-unihan-17@17.0.0:kMandarin,kMandarin,source-attested-unreviewed
願,zh-Hant-TW,yuǎn,,,false,unicode-unihan-17@17.0.0:kHanyuPinyin,kHanyuPinyin,source-attested-unreviewed
洗,yue-HK,sai2,,,false,unicode-unihan-17@17.0.0:kCantonese,kCantonese,source-attested-unreviewed
洗,zh-Hant-TW,xǐ,,,false,unicode-unihan-17@17.0.0:kMandarin,kMandarin,source-attested-unreviewed
洗,zh-Hant-TW,xiǎn,,,false,unicode-unihan-17@17.0.0:kHanyuPinyin,kHanyuPinyin,source-attested-unreviewed
折,yue-HK,zit3,,,false,unicode-unihan-17@17.0.0:kCantonese,kCantonese,source-attested-unreviewed
折,zh-Hant-TW,zhé,,,false,unicode-unihan-17@17.0.0:kMandarin,kMandarin,source-attested-unreviewed
折,zh-Hant-TW,zhē,attested-count:24,,false,unicode-unihan-17@17.0.0:kHanyuPinlu,kHanyuPinlu,source-attested-unreviewed
折,zh-Hant-TW,shé,attested-count:11,,false,unicode-unihan-17@17.0.0:kHanyuPinlu,kHanyuPinlu,source-attested-unreviewed
折,zh-Hant-TW,tí,,,false,unicode-unihan-17@17.0.0:kHanyuPinyin,kHanyuPinyin,source-attested-unreviewed
射,yue-HK,se6,,,false,unicode-unihan-17@17.0.0:kCantonese,kCantonese,source-attested-unreviewed
射,yue-HK,jik1,mandarin-mapping:yì,,false,unicode-unihan-17@17.0.0:kSMSZD2003Readings,kSMSZD2003Readings,source-attested-unreviewed
射,yue-HK,je6,mandarin-mapping:yè,,false,unicode-unihan-17@17.0.0:kSMSZD2003Readings,kSMSZD2003Readings,source-attested-unreviewed
射,zh-Hant-TW,shè,,,false,unicode-unihan-17@17.0.0:kMandarin,kMandarin,source-attested-unreviewed
射,zh-Hant-TW,yè,,,false,unicode-unihan-17@17.0.0:kHanyuPinyin,kHanyuPinyin,source-attested-unreviewed
射,zh-Hant-TW,yì,,,false,unicode-unihan-17@17.0.0:kHanyuPinyin,kHanyuPinyin,source-attested-unreviewed
圈,yue-HK,hyun1,,,false,unicode-unihan-17@17.0.0:kCantonese,kCantonese,source-attested-unreviewed
圈,zh-Hant-TW,quān,,,false,unicode-unihan-17@17.0.0:kMandarin,kMandarin,source-attested-unreviewed
圈,zh-Hant-TW,juàn,attested-count:12,,false,unicode-unihan-17@17.0.0:kHanyuPinlu,kHanyuPinlu,source-attested-unreviewed
圈,zh-Hant-TW,juān,,,false,unicode-unihan-17@17.0.0:kHanyuPinyin,kHanyuPinyin,source-attested-unreviewed
圈,zh-Hant-TW,quán,,,false,unicode-unihan-17@17.0.0:kHanyuPinyin,kHanyuPinyin,source-attested-unreviewed
圈,zh-Hant-TW,juǎn,,,false,unicode-unihan-17@17.0.0:kHanyuPinyin,kHanyuPinyin,source-attested-unreviewed
置,yue-HK,zi3,,,false,unicode-unihan-17@17.0.0:kCantonese,kCantonese,source-attested-unreviewed
置,zh-Hant-TW,zhì,,,false,unicode-unihan-17@17.0.0:kMandarin,kMandarin,source-attested-unreviewed
置,zh-Hant-TW,zhi,attested-count:104,,false,unicode-unihan-17@17.0.0:kHanyuPinlu,kHanyuPinlu,source-attested-unreviewed
戲,yue-HK,hei3,,,false,unicode-unihan-17@17.0.0:kCantonese,kCantonese,source-attested-unreviewed
戲,yue-HK,fu1,mandarin-mapping:hū,,false,unicode-unihan-17@17.0.0:kSMSZD2003Readings,kSMSZD2003Readings,source-attested-unreviewed
戲,zh-Hant-TW,xì,,,false,unicode-unihan-17@17.0.0:kMandarin,kMandarin,source-attested-unreviewed
戲,zh-Hant-TW,hū,,,false,unicode-unihan-17@17.0.0:kHanyuPinyin,kHanyuPinyin,source-attested-unreviewed
戲,zh-Hant-TW,xī,,,false,unicode-unihan-17@17.0.0:kHanyuPinyin,kHanyuPinyin,source-attested-unreviewed
戲,zh-Hant-TW,huī,,,false,unicode-unihan-17@17.0.0:kHanyuPinyin,kHanyuPinyin,source-attested-unreviewed
戲,zh-Hant-TW,suō,,,false,unicode-unihan-17@17.0.0:kHanyuPinyin,kHanyuPinyin,source-attested-unreviewed
戲,zh-Hant-TW,yī,,,false,unicode-unihan-17@17.0.0:kHanyuPinyin,kHanyuPinyin,source-attested-unreviewed
失,yue-HK,sat1,,,false,unicode-unihan-17@17.0.0:kCantonese,kCantonese,source-attested-unreviewed
失,zh-Hant-TW,shī,,,false,unicode-unihan-17@17.0.0:kMandarin,kMandarin,source-attested-unreviewed
失,zh-Hant-TW,yì,,,false,unicode-unihan-17@17.0.0:kHanyuPinyin,kHanyuPinyin,source-attested-unreviewed
冷,yue-HK,laang5,,,false,unicode-unihan-17@17.0.0:kCantonese,kCantonese,source-attested-unreviewed
冷,zh-Hant-TW,lěng,,,false,unicode-unihan-17@17.0.0:kMandarin,kMandarin,source-attested-unreviewed
冷,zh-Hant-TW,líng,,,false,unicode-unihan-17@17.0.0:kHanyuPinyin,kHanyuPinyin,source-attested-unreviewed
冷,zh-Hant-TW,lǐng,,,false,unicode-unihan-17@17.0.0:kHanyuPinyin,kHanyuPinyin,source-attested-unreviewed
福,yue-HK,fuk1,,,false,unicode-unihan-17@17.0.0:kCantonese,kCantonese,source-attested-unreviewed
福,zh-Hant-TW,fú,,,false,unicode-unihan-17@17.0.0:kMandarin,kMandarin,source-attested-unreviewed
福,zh-Hant-TW,fù,,,false,unicode-unihan-17@17.0.0:kHanyuPinyin,kHanyuPinyin,source-attested-unreviewed
砍,yue-HK,ham2,,,false,unicode-unihan-17@17.0.0:kCantonese,kCantonese,source-attested-unreviewed
砍,zh-Hant-TW,kǎn,,,false,unicode-unihan-17@17.0.0:kMandarin,kMandarin,source-attested-unreviewed
弱,yue-HK,joek6,,,false,unicode-unihan-17@17.0.0:kCantonese,kCantonese,source-attested-unreviewed
弱,zh-Hant-TW,ruò,,,false,unicode-unihan-17@17.0.0:kMandarin,kMandarin,source-attested-unreviewed
喊,yue-HK,haam3,,,false,unicode-unihan-17@17.0.0:kCantonese,kCantonese,source-attested-unreviewed
喊,zh-Hant-TW,hǎn,,,false,unicode-unihan-17@17.0.0:kMandarin,kMandarin,source-attested-unreviewed
喊,zh-Hant-TW,kàn,,,false,unicode-unihan-17@17.0.0:kHanyuPinyin,kHanyuPinyin,source-attested-unreviewed
喊,zh-Hant-TW,jiān,,,false,unicode-unihan-17@17.0.0:kHanyuPinyin,kHanyuPinyin,source-attested-unreviewed
寧,yue-HK,ning4,,,false,unicode-unihan-17@17.0.0:kCantonese,kCantonese,source-attested-unreviewed
寧,yue-HK,ning6,mandarin-mapping:nìng,,false,unicode-unihan-17@17.0.0:kSMSZD2003Readings,kSMSZD2003Readings,source-attested-unreviewed
寧,zh-Hant-TW,níng,,,false,unicode-unihan-17@17.0.0:kMandarin,kMandarin,source-attested-unreviewed
寧,zh-Hant-TW,nìng,attested-count:9,,false,unicode-unihan-17@17.0.0:kHanyuPinlu,kHanyuPinlu,source-attested-unreviewed
存,yue-HK,cyun4,,,false,unicode-unihan-17@17.0.0:kCantonese,kCantonese,source-attested-unreviewed
存,zh-Hant-TW,cún,,,false,unicode-unihan-17@17.0.0:kMandarin,kMandarin,source-attested-unreviewed
幅,yue-HK,fuk1,,,false,unicode-unihan-17@17.0.0:kCantonese,kCantonese,source-attested-unreviewed
幅,zh-Hant-TW,fú,,,false,unicode-unihan-17@17.0.0:kMandarin,kMandarin,source-attested-unreviewed
幅,zh-Hant-TW,bī,,,false,unicode-unihan-17@17.0.0:kHanyuPinyin,kHanyuPinyin,source-attested-unreviewed
統,yue-HK,tung2,,,false,unicode-unihan-17@17.0.0:kCantonese,kCantonese,source-attested-unreviewed
統,zh-Hant-TW,tǒng,,,false,unicode-unihan-17@17.0.0:kMandarin,kMandarin,source-attested-unreviewed
絲,yue-HK,si1,,,false,unicode-unihan-17@17.0.0:kCantonese,kCantonese,source-attested-unreviewed
絲,zh-Hant-TW,sī,,,false,unicode-unihan-17@17.0.0:kMandarin,kMandarin,source-attested-unreviewed
秋,yue-HK,cau1,,,false,unicode-unihan-17@17.0.0:kCantonese,kCantonese,source-attested-unreviewed
秋,zh-Hant-TW,qiū,,,false,unicode-unihan-17@17.0.0:kMandarin,kMandarin,source-attested-unreviewed
富,yue-HK,fu3,,,false,unicode-unihan-17@17.0.0:kCantonese,kCantonese,source-attested-unreviewed
富,zh-Hant-TW,fù,,,false,unicode-unihan-17@17.0.0:kMandarin,kMandarin,source-attested-unreviewed
銀,yue-HK,ngan4,,,false,unicode-unihan-17@17.0.0:kCantonese,kCantonese,source-attested-unreviewed
銀,zh-Hant-TW,yín,,,false,unicode-unihan-17@17.0.0:kMandarin,kMandarin,source-attested-unreviewed
良,yue-HK,loeng4,,,false,unicode-unihan-17@17.0.0:kCantonese,kCantonese,source-attested-unreviewed
良,zh-Hant-TW,liáng,,,false,unicode-unihan-17@17.0.0:kMandarin,kMandarin,source-attested-unreviewed
良,zh-Hant-TW,liǎng,,,false,unicode-unihan-17@17.0.0:kHanyuPinyin,kHanyuPinyin,source-attested-unreviewed
楊,yue-HK,joeng4,,,false,unicode-unihan-17@17.0.0:kCantonese,kCantonese,source-attested-unreviewed
楊,zh-Hant-TW,yáng,,,false,unicode-unihan-17@17.0.0:kMandarin,kMandarin,source-attested-unreviewed
摘,yue-HK,zaak6,,,false,unicode-unihan-17@17.0.0:kCantonese,kCantonese,source-attested-unreviewed
摘,zh-Hant-TW,zhāi,,,false,unicode-unihan-17@17.0.0:kMandarin,kMandarin,source-attested-unreviewed
功,yue-HK,gung1,,,false,unicode-unihan-17@17.0.0:kCantonese,kCantonese,source-attested-unreviewed
功,zh-Hant-TW,gōng,,,false,unicode-unihan-17@17.0.0:kMandarin,kMandarin,source-attested-unreviewed
至,yue-HK,zi3,,,false,unicode-unihan-17@17.0.0:kCantonese,kCantonese,source-attested-unreviewed
至,zh-Hant-TW,zhì,,,false,unicode-unihan-17@17.0.0:kMandarin,kMandarin,source-attested-unreviewed
至,zh-Hant-TW,dié,,,false,unicode-unihan-17@17.0.0:kHanyuPinyin,kHanyuPinyin,source-attested-unreviewed
堅,yue-HK,gin1,,,false,unicode-unihan-17@17.0.0:kCantonese,kCantonese,source-attested-unreviewed
堅,zh-Hant-TW,jiān,,,false,unicode-unihan-17@17.0.0:kMandarin,kMandarin,source-attested-unreviewed
換,yue-HK,wun6,,,false,unicode-unihan-17@17.0.0:kCantonese,kCantonese,source-attested-unreviewed
換,zh-Hant-TW,huàn,,,false,unicode-unihan-17@17.0.0:kMandarin,kMandarin,source-attested-unreviewed
槍,yue-HK,coeng1,,,false,unicode-unihan-17@17.0.0:kCantonese,kCantonese,source-attested-unreviewed
槍,zh-Hant-TW,qiāng,,,false,unicode-unihan-17@17.0.0:kMandarin,kMandarin,source-attested-unreviewed
槍,zh-Hant-TW,chēng,,,false,unicode-unihan-17@17.0.0:kHanyuPinyin,kHanyuPinyin,source-attested-unreviewed
槍,zh-Hant-TW,qiǎng,,,false,unicode-unihan-17@17.0.0:kHanyuPinyin,kHanyuPinyin,source-attested-unreviewed
懂,yue-HK,dung2,,,false,unicode-unihan-17@17.0.0:kCantonese,kCantonese,source-attested-unreviewed
懂,zh-Hant-TW,dǒng,,,false,unicode-unihan-17@17.0.0:kMandarin,kMandarin,source-attested-unreviewed
繩,yue-HK,sing4,,,false,unicode-unihan-17@17.0.0:kCantonese,kCantonese,source-attested-unreviewed
繩,zh-Hant-TW,shéng,,,false,unicode-unihan-17@17.0.0:kMandarin,kMandarin,source-attested-unreviewed
繩,zh-Hant-TW,sheng,attested-count:17,,false,unicode-unihan-17@17.0.0:kHanyuPinlu,kHanyuPinlu,source-attested-unreviewed
繩,zh-Hant-TW,yìng,,,false,unicode-unihan-17@17.0.0:kHanyuPinyin,kHanyuPinyin,source-attested-unreviewed
繩,zh-Hant-TW,mǐn,,,false,unicode-unihan-17@17.0.0:kHanyuPinyin,kHanyuPinyin,source-attested-unreviewed
繩,zh-Hant-TW,shèng,,,false,unicode-unihan-17@17.0.0:kHanyuPinyin,kHanyuPinyin,source-attested-unreviewed
露,yue-HK,lou6,,,false,unicode-unihan-17@17.0.0:kCantonese,kCantonese,source-attested-unreviewed
露,zh-Hant-TW,lù,,,false,unicode-unihan-17@17.0.0:kMandarin,kMandarin,source-attested-unreviewed
露,zh-Hant-TW,lòu,,,false,unicode-unihan-17@17.0.0:kHanyuPinyin,kHanyuPinyin,source-attested-unreviewed
售,yue-HK,sau6,,,false,unicode-unihan-17@17.0.0:kCantonese,kCantonese,source-attested-unreviewed
售,zh-Hant-TW,shòu,,,false,unicode-unihan-17@17.0.0:kMandarin,kMandarin,source-attested-unreviewed
售,zh-Hant-TW,shú,,,false,unicode-unihan-17@17.0.0:kHanyuPinyin,kHanyuPinyin,source-attested-unreviewed
插,yue-HK,caap3,,,false,unicode-unihan-17@17.0.0:kCantonese,kCantonese,source-attested-unreviewed
插,zh-Hant-TW,chā,,,false,unicode-unihan-17@17.0.0:kMandarin,kMandarin,source-attested-unreviewed
插,zh-Hant-TW,zhǎ,,,false,unicode-unihan-17@17.0.0:kHanyuPinyin,kHanyuPinyin,source-attested-unreviewed
補,yue-HK,bou2,,,false,unicode-unihan-17@17.0.0:kCantonese,kCantonese,source-attested-unreviewed
補,zh-Hant-TW,bǔ,,,false,unicode-unihan-17@17.0.0:kMandarin,kMandarin,source-attested-unreviewed
牆,yue-HK,coeng4,,,false,unicode-unihan-17@17.0.0:kCantonese,kCantonese,source-attested-unreviewed
牆,zh-Hant-TW,qiáng,,,false,unicode-unihan-17@17.0.0:kMandarin,kMandarin,source-attested-unreviewed
壞,yue-HK,waai6,,,false,unicode-unihan-17@17.0.0:kCantonese,kCantonese,source-attested-unreviewed
壞,zh-Hant-TW,huài,,,false,unicode-unihan-17@17.0.0:kMandarin,kMandarin,source-attested-unreviewed
壞,zh-Hant-TW,huì,,,false,unicode-unihan-17@17.0.0:kHanyuPinyin,kHanyuPinyin,source-attested-unreviewed
壞,zh-Hant-TW,huái,,,false,unicode-unihan-17@17.0.0:kHanyuPinyin,kHanyuPinyin,source-attested-unreviewed
配,yue-HK,pui3,,,false,unicode-unihan-17@17.0.0:kCantonese,kCantonese,source-attested-unreviewed
配,zh-Hant-TW,pèi,,,false,unicode-unihan-17@17.0.0:kMandarin,kMandarin,source-attested-unreviewed
陳,yue-HK,can4,,,false,unicode-unihan-17@17.0.0:kCantonese,kCantonese,source-attested-unreviewed
陳,yue-HK,zan6,mandarin-mapping:zhèn,,false,unicode-unihan-17@17.0.0:kSMSZD2003Readings,kSMSZD2003Readings,source-attested-unreviewed
陳,zh-Hant-TW,chén,,,false,unicode-unihan-17@17.0.0:kMandarin,kMandarin,source-attested-unreviewed
陳,zh-Hant-TW,zhèn,,,false,unicode-unihan-17@17.0.0:kHanyuPinyin,kHanyuPinyin,source-attested-unreviewed
資,yue-HK,zi1,,,false,unicode-unihan-17@17.0.0:kCantonese,kCantonese,source-attested-unreviewed
資,zh-Hant-TW,zī,,,false,unicode-unihan-17@17.0.0:kMandarin,kMandarin,source-attested-unreviewed
資,zh-Hant-TW,zì,,,false,unicode-unihan-17@17.0.0:kHanyuPinyin,kHanyuPinyin,source-attested-unreviewed
靠,yue-HK,kaau3,,,false,unicode-unihan-17@17.0.0:kCantonese,kCantonese,source-attested-unreviewed
靠,zh-Hant-TW,kào,,,false,unicode-unihan-17@17.0.0:kMandarin,kMandarin,source-attested-unreviewed
繼,yue-HK,gai3,,,false,unicode-unihan-17@17.0.0:kCantonese,kCantonese,source-attested-unreviewed
繼,zh-Hant-TW,jì,,,false,unicode-unihan-17@17.0.0:kMandarin,kMandarin,source-attested-unreviewed
卡,yue-HK,kaa1,,,false,unicode-unihan-17@17.0.0:kCantonese,kCantonese,source-attested-unreviewed
卡,yue-HK,kaa2,mandarin-mapping:qiǎ,,false,unicode-unihan-17@17.0.0:kSMSZD2003Readings,kSMSZD2003Readings,source-attested-unreviewed
卡,yue-HK,kaat1,mandarin-mapping:kǎ,,false,unicode-unihan-17@17.0.0:kSMSZD2003Readings,kSMSZD2003Readings,source-attested-unreviewed
卡,zh-Hant-TW,kǎ,,,false,unicode-unihan-17@17.0.0:kMandarin,kMandarin,source-attested-unreviewed
卡,zh-Hant-TW,qiǎ,,,false,unicode-unihan-17@17.0.0:kHanyuPinyin,kHanyuPinyin,source-attested-unreviewed
含,yue-HK,ham4,,,false,unicode-unihan-17@17.0.0:kCantonese,kCantonese,source-attested-unreviewed
含,zh-Hant-TW,hán,,,false,unicode-unihan-17@17.0.0:kMandarin,kMandarin,source-attested-unreviewed
含,zh-Hant-TW,hàn,,,false,unicode-unihan-17@17.0.0:kHanyuPinyin,kHanyuPinyin,source-attested-unreviewed
毫,yue-HK,hou4,,,false,unicode-unihan-17@17.0.0:kCantonese,kCantonese,source-attested-unreviewed
毫,zh-Hant-TW,háo,,,false,unicode-unihan-17@17.0.0:kMandarin,kMandarin,source-attested-unreviewed
楚,yue-HK,co2,,,false,unicode-unihan-17@17.0.0:kCantonese,kCantonese,source-attested-unreviewed
楚,zh-Hant-TW,chǔ,,,false,unicode-unihan-17@17.0.0:kMandarin,kMandarin,source-attested-unreviewed
楚,zh-Hant-TW,chu,attested-count:279,,false,unicode-unihan-17@17.0.0:kHanyuPinlu,kHanyuPinlu,source-attested-unreviewed
堆,yue-HK,deoi1,,,false,unicode-unihan-17@17.0.0:kCantonese,kCantonese,source-attested-unreviewed
堆,zh-Hant-TW,duī,,,false,unicode-unihan-17@17.0.0:kMandarin,kMandarin,source-attested-unreviewed
潑,yue-HK,put3,,,false,unicode-unihan-17@17.0.0:kCantonese,kCantonese,source-attested-unreviewed
潑,zh-Hant-TW,pō,,,false,unicode-unihan-17@17.0.0:kMandarin,kMandarin,source-attested-unreviewed
潑,zh-Hant-TW,po,attested-count:50,,false,unicode-unihan-17@17.0.0:kHanyuPinlu,kHanyuPinlu,source-attested-unreviewed
潑,zh-Hant-TW,bō,,,false,unicode-unihan-17@17.0.0:kHanyuPinyin,kHanyuPinyin,source-attested-unreviewed
輪,yue-HK,leon4,,,false,unicode-unihan-17@17.0.0:kCantonese,kCantonese,source-attested-unreviewed
輪,zh-Hant-TW,lún,,,false,unicode-unihan-17@17.0.0:kMandarin,kMandarin,source-attested-unreviewed
懷,yue-HK,waai4,,,false,unicode-unihan-17@17.0.0:kCantonese,kCantonese,source-attested-unreviewed
懷,zh-Hant-TW,huái,,,false,unicode-unihan-17@17.0.0:kMandarin,kMandarin,source-attested-unreviewed
肥,yue-HK,fei4,,,false,unicode-unihan-17@17.0.0:kCantonese,kCantonese,source-attested-unreviewed
肥,zh-Hant-TW,féi,,,false,unicode-unihan-17@17.0.0:kMandarin,kMandarin,source-attested-unreviewed
肥,zh-Hant-TW,bǐ,,,false,unicode-unihan-17@17.0.0:kHanyuPinyin,kHanyuPinyin,source-attested-unreviewed
假,yue-HK,gaa2,,,false,unicode-unihan-17@17.0.0:kCantonese,kCantonese,source-attested-unreviewed
假,yue-HK,gaa3,mandarin-mapping:jià,,false,unicode-unihan-17@17.0.0:kSMSZD2003Readings,kSMSZD2003Readings,source-attested-unreviewed
假,zh-Hant-TW,jiǎ,,,false,unicode-unihan-17@17.0.0:kMandarin,kMandarin,source-attested-unreviewed
假,zh-Hant-TW,jià,attested-count:44,,false,unicode-unihan-17@17.0.0:kHanyuPinlu,kHanyuPinlu,source-attested-unreviewed
假,zh-Hant-TW,jie,,,false,unicode-unihan-17@17.0.0:kHanyuPinyin,kHanyuPinyin,source-attested-unreviewed
假,zh-Hant-TW,xià,,,false,unicode-unihan-17@17.0.0:kHanyuPinyin,kHanyuPinyin,source-attested-unreviewed
假,zh-Hant-TW,xiá,,,false,unicode-unihan-17@17.0.0:kHanyuPinyin,kHanyuPinyin,source-attested-unreviewed
假,zh-Hant-TW,gé,,,false,unicode-unihan-17@17.0.0:kHanyuPinyin,kHanyuPinyin,source-attested-unreviewed
血,yue-HK,hyut3,,,false,unicode-unihan-17@17.0.0:kCantonese,kCantonese,source-attested-unreviewed
血,zh-Hant-TW,xuè,,,false,unicode-unihan-17@17.0.0:kMandarin,kMandarin,source-attested-unreviewed
血,zh-Hant-TW,xiě,attested-count:69,,false,unicode-unihan-17@17.0.0:kHanyuPinlu,kHanyuPinlu,source-attested-unreviewed
悄,yue-HK,ciu2,,,false,unicode-unihan-17@17.0.0:kCantonese,kCantonese,source-attested-unreviewed
悄,yue-HK,ciu1,mandarin-mapping:qiāo,,false,unicode-unihan-17@17.0.0:kSMSZD2003Readings,kSMSZD2003Readings,source-attested-unreviewed
悄,zh-Hant-TW,qiāo,,,false,unicode-unihan-17@17.0.0:kMandarin,kMandarin,source-attested-unreviewed
悄,zh-Hant-TW,qiǎo,,,false,unicode-unihan-17@17.0.0:kHanyuPinyin,kHanyuPinyin,source-attested-unreviewed
悄,zh-Hant-TW,qiào,,,false,unicode-unihan-17@17.0.0:kHanyuPinyin,kHanyuPinyin,source-attested-unreviewed
剪,yue-HK,zin2,,,false,unicode-unihan-17@17.0.0:kCantonese,kCantonese,source-attested-unreviewed
剪,zh-Hant-TW,jiǎn,,,false,unicode-unihan-17@17.0.0:kMandarin,kMandarin,source-attested-unreviewed
掌,yue-HK,zoeng2,,,false,unicode-unihan-17@17.0.0:kCantonese,kCantonese,source-attested-unreviewed
掌,zh-Hant-TW,zhǎng,,,false,unicode-unihan-17@17.0.0:kMandarin,kMandarin,source-attested-unreviewed
掌,zh-Hant-TW,zhang,attested-count:14,,false,unicode-unihan-17@17.0.0:kHanyuPinlu,kHanyuPinlu,source-attested-unreviewed
必,yue-HK,bit1,,,false,unicode-unihan-17@17.0.0:kCantonese,kCantonese,source-attested-unreviewed
必,zh-Hant-TW,bì,,,false,unicode-unihan-17@17.0.0:kMandarin,kMandarin,source-attested-unreviewed
守,yue-HK,sau2,,,false,unicode-unihan-17@17.0.0:kCantonese,kCantonese,source-attested-unreviewed
守,yue-HK,sau3,mandarin-mapping:shòu,,false,unicode-unihan-17@17.0.0:kSMSZD2003Readings,kSMSZD2003Readings,source-attested-unreviewed
守,zh-Hant-TW,shǒu,,,false,unicode-unihan-17@17.0.0:kMandarin,kMandarin,source-attested-unreviewed
守,zh-Hant-TW,shòu,,,false,unicode-unihan-17@17.0.0:kHanyuPinyin,kHanyuPinyin,source-attested-unreviewed
波,yue-HK,bo1,,,false,unicode-unihan-17@17.0.0:kCantonese,kCantonese,source-attested-unreviewed
波,zh-Hant-TW,bō,,,false,unicode-unihan-17@17.0.0:kMandarin,kMandarin,source-attested-unreviewed
波,zh-Hant-TW,bēi,,,false,unicode-unihan-17@17.0.0:kHanyuPinyin,kHanyuPinyin,source-attested-unreviewed
波,zh-Hant-TW,bì,,,false,unicode-unihan-17@17.0.0:kHanyuPinyin,kHanyuPinyin,source-attested-unreviewed
省,yue-HK,saang2,,,false,unicode-unihan-17@17.0.0:kCantonese,kCantonese,source-attested-unreviewed
省,yue-HK,sing2,mandarin-mapping:xǐng,,false,unicode-unihan-17@17.0.0:kSMSZD2003Readings,kSMSZD2003Readings,source-attested-unreviewed
省,zh-Hant-TW,shěng,,,false,unicode-unihan-17@17.0.0:kMandarin,kMandarin,source-attested-unreviewed
省,zh-Hant-TW,xǐng,,,false,unicode-unihan-17@17.0.0:kHanyuPinyin,kHanyuPinyin,source-attested-unreviewed
省,zh-Hant-TW,xiǎn,,,false,unicode-unihan-17@17.0.0:kHanyuPinyin,kHanyuPinyin,source-attested-unreviewed
腿,yue-HK,teoi2,,,false,unicode-unihan-17@17.0.0:kCantonese,kCantonese,source-attested-unreviewed
腿,zh-Hant-TW,tuǐ,,,false,unicode-unihan-17@17.0.0:kMandarin,kMandarin,source-attested-unreviewed
餅,yue-HK,beng2,,,false,unicode-unihan-17@17.0.0:kCantonese,kCantonese,source-attested-unreviewed
餅,yue-HK,bin2,mandarin-mapping:bǐng,,false,unicode-unihan-17@17.0.0:kSMSZD2003Readings,kSMSZD2003Readings,source-attested-unreviewed
餅,zh-Hant-TW,bǐng,,,false,unicode-unihan-17@17.0.0:kMandarin,kMandarin,source-attested-unreviewed
餅,zh-Hant-TW,bing,attested-count:35,,false,unicode-unihan-17@17.0.0:kHanyuPinlu,kHanyuPinlu,source-attested-unreviewed
幸,yue-HK,hang6,,,false,unicode-unihan-17@17.0.0:kCantonese,kCantonese,source-attested-unreviewed
幸,zh-Hant-TW,xìng,,,false,unicode-unihan-17@17.0.0:kMandarin,kMandarin,source-attested-unreviewed
幸,zh-Hant-TW,niè,,,false,unicode-unihan-17@17.0.0:kHanyuPinyin,kHanyuPinyin,source-attested-unreviewed
夠,yue-HK,gau3,,,false,unicode-unihan-17@17.0.0:kCantonese,kCantonese,source-attested-unreviewed
夠,zh-Hant-TW,gòu,,,false,unicode-unihan-17@17.0.0:kMandarin,kMandarin,source-attested-unreviewed
晨,yue-HK,san4,,,false,unicode-unihan-17@17.0.0:kCantonese,kCantonese,source-attested-unreviewed
晨,zh-Hant-TW,chén,,,false,unicode-unihan-17@17.0.0:kMandarin,kMandarin,source-attested-unreviewed
晨,zh-Hant-TW,chen,attested-count:124,,false,unicode-unihan-17@17.0.0:kHanyuPinlu,kHanyuPinlu,source-attested-unreviewed
橫,yue-HK,waang4,,,false,unicode-unihan-17@17.0.0:kCantonese,kCantonese,source-attested-unreviewed
橫,yue-HK,waang6,mandarin-mapping:hèng,,false,unicode-unihan-17@17.0.0:kSMSZD2003Readings,kSMSZD2003Readings,source-attested-unreviewed
橫,zh-Hant-TW,héng,,,false,unicode-unihan-17@17.0.0:kMandarin,kMandarin,source-attested-unreviewed
姐,yue-HK,ze2,,,false,unicode-unihan-17@17.0.0:kCantonese,kCantonese,source-attested-unreviewed
姐,zh-Hant-TW,jiě,,,false,unicode-unihan-17@17.0.0:kMandarin,kMandarin,source-attested-unreviewed
姐,zh-Hant-TW,jie,attested-count:237,,false,unicode-unihan-17@17.0.0:kHanyuPinlu,kHanyuPinlu,source-attested-unreviewed
姐,zh-Hant-TW,jù,,,false,unicode-unihan-17@17.0.0:kHanyuPinyin,kHanyuPinyin,source-attested-unreviewed
姐,zh-Hant-TW,xù,,,false,unicode-unihan-17@17.0.0:kHanyuPinyin,kHanyuPinyin,source-attested-unreviewed
姐,zh-Hant-TW,zū,,,false,unicode-unihan-17@17.0.0:kHanyuPinyin,kHanyuPinyin,source-attested-unreviewed
撥,yue-HK,but6,,,false,unicode-unihan-17@17.0.0:kCantonese,kCantonese,source-attested-unreviewed
撥,zh-Hant-TW,bō,,,false,unicode-unihan-17@17.0.0:kMandarin,kMandarin,source-attested-unreviewed
撥,zh-Hant-TW,fá,,,false,unicode-unihan-17@17.0.0:kHanyuPinyin,kHanyuPinyin,source-attested-unreviewed
依,yue-HK,ji1,,,false,unicode-unihan-17@17.0.0:kCantonese,kCantonese,source-attested-unreviewed
依,zh-Hant-TW,yī,,,false,unicode-unihan-17@17.0.0:kMandarin,kMandarin,source-attested-unreviewed
依,zh-Hant-TW,yǐ,,,false,unicode-unihan-17@17.0.0:kHanyuPinyin,kHanyuPinyin,source-attested-unreviewed
姑,yue-HK,gu1,,,false,unicode-unihan-17@17.0.0:kCantonese,kCantonese,source-attested-unreviewed
姑,zh-Hant-TW,gū,,,false,unicode-unihan-17@17.0.0:kMandarin,kMandarin,source-attested-unreviewed
姑,zh-Hant-TW,gu,attested-count:24,,false,unicode-unihan-17@17.0.0:kHanyuPinlu,kHanyuPinlu,source-attested-unreviewed
糖,yue-HK,tong4,,,false,unicode-unihan-17@17.0.0:kCantonese,kCantonese,source-attested-unreviewed
糖,yue-HK,tong2,mandarin-mapping:táng,,false,unicode-unihan-17@17.0.0:kSMSZD2003Readings,kSMSZD2003Readings,source-attested-unreviewed
糖,zh-Hant-TW,táng,,,false,unicode-unihan-17@17.0.0:kMandarin,kMandarin,source-attested-unreviewed
蘭,yue-HK,laan4,,,false,unicode-unihan-17@17.0.0:kCantonese,kCantonese,source-attested-unreviewed
蘭,zh-Hant-TW,lán,,,false,unicode-unihan-17@17.0.0:kMandarin,kMandarin,source-attested-unreviewed
久,yue-HK,gau2,,,false,unicode-unihan-17@17.0.0:kCantonese,kCantonese,source-attested-unreviewed
久,zh-Hant-TW,jiǔ,,,false,unicode-unihan-17@17.0.0:kMandarin,kMandarin,source-attested-unreviewed
究,yue-HK,gau3,,,false,unicode-unihan-17@17.0.0:kCantonese,kCantonese,source-attested-unreviewed
究,zh-Hant-TW,jiū,,,false,unicode-unihan-17@17.0.0:kMandarin,kMandarin,source-attested-unreviewed
究,zh-Hant-TW,jiu,attested-count:41,,false,unicode-unihan-17@17.0.0:kHanyuPinlu,kHanyuPinlu,source-attested-unreviewed
究,zh-Hant-TW,jiù,,,false,unicode-unihan-17@17.0.0:kHanyuPinyin,kHanyuPinyin,source-attested-unreviewed
虎,yue-HK,fu2,,,false,unicode-unihan-17@17.0.0:kCantonese,kCantonese,source-attested-unreviewed
虎,zh-Hant-TW,hǔ,,,false,unicode-unihan-17@17.0.0:kMandarin,kMandarin,source-attested-unreviewed
虎,zh-Hant-TW,hu,attested-count:19,,false,unicode-unihan-17@17.0.0:kHanyuPinlu,kHanyuPinlu,source-attested-unreviewed
虎,zh-Hant-TW,hù,,,false,unicode-unihan-17@17.0.0:kHanyuPinyin,kHanyuPinyin,source-attested-unreviewed
橡,yue-HK,zoeng6,,,false,unicode-unihan-17@17.0.0:kCantonese,kCantonese,source-attested-unreviewed
橡,zh-Hant-TW,xiàng,,,false,unicode-unihan-17@17.0.0:kMandarin,kMandarin,source-attested-unreviewed
司,yue-HK,si1,,,false,unicode-unihan-17@17.0.0:kCantonese,kCantonese,source-attested-unreviewed
司,zh-Hant-TW,sī,,,false,unicode-unihan-17@17.0.0:kMandarin,kMandarin,source-attested-unreviewed
司,zh-Hant-TW,cí,,,false,unicode-unihan-17@17.0.0:kHanyuPinyin,kHanyuPinyin,source-attested-unreviewed
司,zh-Hant-TW,sì,,,false,unicode-unihan-17@17.0.0:kHanyuPinyin,kHanyuPinyin,source-attested-unreviewed
冰,yue-HK,bing1,,,false,unicode-unihan-17@17.0.0:kCantonese,kCantonese,source-attested-unreviewed
冰,yue-HK,jing4,mandarin-mapping:níng,,false,unicode-unihan-17@17.0.0:kSMSZD2003Readings,kSMSZD2003Readings,source-attested-unreviewed
冰,zh-Hant-TW,bīng,,,false,unicode-unihan-17@17.0.0:kMandarin,kMandarin,source-attested-unreviewed
冰,zh-Hant-TW,níng,,,false,unicode-unihan-17@17.0.0:kHanyuPinyin,kHanyuPinyin,source-attested-unreviewed
稍,yue-HK,saau2,,,false,unicode-unihan-17@17.0.0:kCantonese,kCantonese,source-attested-unreviewed
稍,zh-Hant-TW,shāo,,,false,unicode-unihan-17@17.0.0:kMandarin,kMandarin,source-attested-unreviewed
稍,zh-Hant-TW,shào,,,false,unicode-unihan-17@17.0.0:kHanyuPinyin,kHanyuPinyin,source-attested-unreviewed
盡,yue-HK,zeon6,,,false,unicode-unihan-17@17.0.0:kCantonese,kCantonese,source-attested-unreviewed
盡,zh-Hant-TW,jǐn,,,false,unicode-unihan-17@17.0.0:kMandarin,kMandarin,source-attested-unreviewed
盡,zh-Hant-TW,jìn,attested-count:166,,false,unicode-unihan-17@17.0.0:kHanyuPinlu,kHanyuPinlu,source-attested-unreviewed
湖,yue-HK,wu4,,,false,unicode-unihan-17@17.0.0:kCantonese,kCantonese,source-attested-unreviewed
湖,zh-Hant-TW,hú,,,false,unicode-unihan-17@17.0.0:kMandarin,kMandarin,source-attested-unreviewed
訴,yue-HK,sou3,,,false,unicode-unihan-17@17.0.0:kCantonese,kCantonese,source-attested-unreviewed
訴,zh-Hant-TW,sù,,,false,unicode-unihan-17@17.0.0:kMandarin,kMandarin,source-attested-unreviewed
訴,zh-Hant-TW,su,attested-count:552,,false,unicode-unihan-17@17.0.0:kHanyuPinlu,kHanyuPinlu,source-attested-unreviewed
玉,yue-HK,juk6,,,false,unicode-unihan-17@17.0.0:kCantonese,kCantonese,source-attested-unreviewed
玉,zh-Hant-TW,yù,,,false,unicode-unihan-17@17.0.0:kMandarin,kMandarin,source-attested-unreviewed
值,yue-HK,zik6,,,false,unicode-unihan-17@17.0.0:kCantonese,kCantonese,source-attested-unreviewed
值,zh-Hant-TW,zhí,,,false,unicode-unihan-17@17.0.0:kMandarin,kMandarin,source-attested-unreviewed
席,yue-HK,zik6,,,false,unicode-unihan-17@17.0.0:kCantonese,kCantonese,source-attested-unreviewed
席,zh-Hant-TW,xí,,,false,unicode-unihan-17@17.0.0:kMandarin,kMandarin,source-attested-unreviewed
基,yue-HK,gei1,,,false,unicode-unihan-17@17.0.0:kCantonese,kCantonese,source-attested-unreviewed
基,zh-Hant-TW,jī,,,false,unicode-unihan-17@17.0.0:kMandarin,kMandarin,source-attested-unreviewed
勢,yue-HK,sai3,,,false,unicode-unihan-17@17.0.0:kCantonese,kCantonese,source-attested-unreviewed
勢,zh-Hant-TW,shì,,,false,unicode-unihan-17@17.0.0:kMandarin,kMandarin,source-attested-unreviewed
勢,zh-Hant-TW,shi,attested-count:10,,false,unicode-unihan-17@17.0.0:kHanyuPinlu,kHanyuPinlu,source-attested-unreviewed
繞,yue-HK,jiu5,,,false,unicode-unihan-17@17.0.0:kCantonese,kCantonese,source-attested-unreviewed
繞,yue-HK,jiu2,mandarin-mapping:rào,,false,unicode-unihan-17@17.0.0:kSMSZD2003Readings,kSMSZD2003Readings,source-attested-unreviewed
繞,zh-Hant-TW,rào,,,false,unicode-unihan-17@17.0.0:kMandarin,kMandarin,source-attested-unreviewed
繞,zh-Hant-TW,rǎo,attested-count:40,,false,unicode-unihan-17@17.0.0:kHanyuPinlu,kHanyuPinlu,source-attested-unreviewed
顏,yue-HK,ngaan4,,,false,unicode-unihan-17@17.0.0:kCantonese,kCantonese,source-attested-unreviewed
顏,zh-Hant-TW,yán,,,false,unicode-unihan-17@17.0.0:kMandarin,kMandarin,source-attested-unreviewed
夏,yue-HK,haa6,,,false,unicode-unihan-17@17.0.0:kCantonese,kCantonese,source-attested-unreviewed
夏,zh-Hant-TW,xià,,,false,unicode-unihan-17@17.0.0:kMandarin,kMandarin,source-attested-unreviewed
夏,zh-Hant-TW,jiǎ,,,false,unicode-unihan-17@17.0.0:kHanyuPinyin,kHanyuPinyin,source-attested-unreviewed
構,yue-HK,kau3,,,false,unicode-unihan-17@17.0.0:kCantonese,kCantonese,source-attested-unreviewed
構,yue-HK,gau3,mandarin-mapping:gòu,,false,unicode-unihan-17@17.0.0:kSMSZD2003Readings,kSMSZD2003Readings,source-attested-unreviewed
構,zh-Hant-TW,gòu,,,false,unicode-unihan-17@17.0.0:kMandarin,kMandarin,source-attested-unreviewed
構,zh-Hant-TW,jué,,,false,unicode-unihan-17@17.0.0:kHanyuPinyin,kHanyuPinyin,source-attested-unreviewed
介,yue-HK,gaai3,,,false,unicode-unihan-17@17.0.0:kCantonese,kCantonese,source-attested-unreviewed
介,zh-Hant-TW,jiè,,,false,unicode-unihan-17@17.0.0:kMandarin,kMandarin,source-attested-unreviewed
介,zh-Hant-TW,gè,,,false,unicode-unihan-17@17.0.0:kHanyuPinyin,kHanyuPinyin,source-attested-unreviewed
岸,yue-HK,ngon6,,,false,unicode-unihan-17@17.0.0:kCantonese,kCantonese,source-attested-unreviewed
岸,zh-Hant-TW,àn,,,false,unicode-unihan-17@17.0.0:kMandarin,kMandarin,source-attested-unreviewed
鏡,yue-HK,geng3,,,false,unicode-unihan-17@17.0.0:kCantonese,kCantonese,source-attested-unreviewed
鏡,zh-Hant-TW,jìng,,,false,unicode-unihan-17@17.0.0:kMandarin,kMandarin,source-attested-unreviewed
狗,yue-HK,gau2,,,false,unicode-unihan-17@17.0.0:kCantonese,kCantonese,source-attested-unreviewed
狗,zh-Hant-TW,gǒu,,,false,unicode-unihan-17@17.0.0:kMandarin,kMandarin,source-attested-unreviewed
棒,yue-HK,paang5,,,false,unicode-unihan-17@17.0.0:kCantonese,kCantonese,source-attested-unreviewed
棒,zh-Hant-TW,bàng,,,false,unicode-unihan-17@17.0.0:kMandarin,kMandarin,source-attested-unreviewed
微,yue-HK,mei4,,,false,unicode-unihan-17@17.0.0:kCantonese,kCantonese,source-attested-unreviewed
微,zh-Hant-TW,wēi,,,false,unicode-unihan-17@17.0.0:kMandarin,kMandarin,source-attested-unreviewed
浪,yue-HK,long6,,,false,unicode-unihan-17@17.0.0:kCantonese,kCantonese,source-attested-unreviewed
浪,zh-Hant-TW,làng,,,false,unicode-unihan-17@17.0.0:kMandarin,kMandarin,source-attested-unreviewed
浪,zh-Hant-TW,láng,,,false,unicode-unihan-17@17.0.0:kHanyuPinyin,kHanyuPinyin,source-attested-unreviewed
梨,yue-HK,lei4,,,false,unicode-unihan-17@17.0.0:kCantonese,kCantonese,source-attested-unreviewed
梨,zh-Hant-TW,lí,,,false,unicode-unihan-17@17.0.0:kMandarin,kMandarin,source-attested-unreviewed
蛙,yue-HK,waa1,,,false,unicode-unihan-17@17.0.0:kCantonese,kCantonese,source-attested-unreviewed
蛙,zh-Hant-TW,wā,,,false,unicode-unihan-17@17.0.0:kMandarin,kMandarin,source-attested-unreviewed
蛙,zh-Hant-TW,jué,,,false,unicode-unihan-17@17.0.0:kHanyuPinyin,kHanyuPinyin,source-attested-unreviewed
永,yue-HK,wing5,,,false,unicode-unihan-17@17.0.0:kCantonese,kCantonese,source-attested-unreviewed
永,zh-Hant-TW,yǒng,,,false,unicode-unihan-17@17.0.0:kMandarin,kMandarin,source-attested-unreviewed
阿,yue-HK,aa3,,,false,unicode-unihan-17@17.0.0:kCantonese,kCantonese,source-attested-unreviewed
阿,yue-HK,o1,mandarin-mapping:ē,,false,unicode-unihan-17@17.0.0:kSMSZD2003Readings,kSMSZD2003Readings,source-attested-unreviewed
阿,zh-Hant-TW,ā,,,false,unicode-unihan-17@17.0.0:kMandarin,kMandarin,source-attested-unreviewed
阿,zh-Hant-TW,ē,,,false,unicode-unihan-17@17.0.0:kHanyuPinyin,kHanyuPinyin,source-attested-unreviewed
阿,zh-Hant-TW,ě,,,false,unicode-unihan-17@17.0.0:kHanyuPinyin,kHanyuPinyin,source-attested-unreviewed
阿,zh-Hant-TW,ǎ,,,false,unicode-unihan-17@17.0.0:kHanyuPinyin,kHanyuPinyin,source-attested-unreviewed
阿,zh-Hant-TW,à,,,false,unicode-unihan-17@17.0.0:kHanyuPinyin,kHanyuPinyin,source-attested-unreviewed
甜,yue-HK,tim4,,,false,unicode-unihan-17@17.0.0:kCantonese,kCantonese,source-attested-unreviewed
甜,zh-Hant-TW,tián,,,false,unicode-unihan-17@17.0.0:kMandarin,kMandarin,source-attested-unreviewed
評,yue-HK,ping4,,,false,unicode-unihan-17@17.0.0:kCantonese,kCantonese,source-attested-unreviewed
評,zh-Hant-TW,píng,,,false,unicode-unihan-17@17.0.0:kMandarin,kMandarin,source-attested-unreviewed
樓,yue-HK,lau4,,,false,unicode-unihan-17@17.0.0:kCantonese,kCantonese,source-attested-unreviewed
樓,zh-Hant-TW,lóu,,,false,unicode-unihan-17@17.0.0:kMandarin,kMandarin,source-attested-unreviewed
樓,zh-Hant-TW,lǘ,,,false,unicode-unihan-17@17.0.0:kHanyuPinyin,kHanyuPinyin,source-attested-unreviewed
禮,yue-HK,lai5,,,false,unicode-unihan-17@17.0.0:kCantonese,kCantonese,source-attested-unreviewed
禮,zh-Hant-TW,lǐ,,,false,unicode-unihan-17@17.0.0:kMandarin,kMandarin,source-attested-unreviewed
顯,yue-HK,hin2,,,false,unicode-unihan-17@17.0.0:kCantonese,kCantonese,source-attested-unreviewed
顯,zh-Hant-TW,xiǎn,,,false,unicode-unihan-17@17.0.0:kMandarin,kMandarin,source-attested-unreviewed
顯,zh-Hant-TW,xiàn,,,false,unicode-unihan-17@17.0.0:kHanyuPinyin,kHanyuPinyin,source-attested-unreviewed
抗,yue-HK,kong3,,,false,unicode-unihan-17@17.0.0:kCantonese,kCantonese,source-attested-unreviewed
抗,zh-Hant-TW,kàng,,,false,unicode-unihan-17@17.0.0:kMandarin,kMandarin,source-attested-unreviewed
抗,zh-Hant-TW,gāng,,,false,unicode-unihan-17@17.0.0:kHanyuPinyin,kHanyuPinyin,source-attested-unreviewed
趣,yue-HK,ceoi3,,,false,unicode-unihan-17@17.0.0:kCantonese,kCantonese,source-attested-unreviewed
趣,zh-Hant-TW,qù,,,false,unicode-unihan-17@17.0.0:kMandarin,kMandarin,source-attested-unreviewed
趣,zh-Hant-TW,cù,,,false,unicode-unihan-17@17.0.0:kHanyuPinyin,kHanyuPinyin,source-attested-unreviewed
趣,zh-Hant-TW,qū,,,false,unicode-unihan-17@17.0.0:kHanyuPinyin,kHanyuPinyin,source-attested-unreviewed
趣,zh-Hant-TW,cǒu,,,false,unicode-unihan-17@17.0.0:kHanyuPinyin,kHanyuPinyin,source-attested-unreviewed
趣,zh-Hant-TW,zōu,,,false,unicode-unihan-17@17.0.0:kHanyuPinyin,kHanyuPinyin,source-attested-unreviewed
羅,yue-HK,lo4,,,false,unicode-unihan-17@17.0.0:kCantonese,kCantonese,source-attested-unreviewed
羅,yue-HK,lo1,mandarin-mapping:luó,,false,unicode-unihan-17@17.0.0:kSMSZD2003Readings,kSMSZD2003Readings,source-attested-unreviewed
羅,zh-Hant-TW,luó,,,false,unicode-unihan-17@17.0.0:kMandarin,kMandarin,source-attested-unreviewed
羅,zh-Hant-TW,luō,,,false,unicode-unihan-17@17.0.0:kHanyuPinyin,kHanyuPinyin,source-attested-unreviewed
羅,zh-Hant-TW,luo,,,false,unicode-unihan-17@17.0.0:kHanyuPinyin,kHanyuPinyin,source-attested-unreviewed
灰,yue-HK,fui1,,,false,unicode-unihan-17@17.0.0:kCantonese,kCantonese,source-attested-unreviewed
灰,zh-Hant-TW,huī,,,false,unicode-unihan-17@17.0.0:kMandarin,kMandarin,source-attested-unreviewed
柴,yue-HK,caai4,,,false,unicode-unihan-17@17.0.0:kCantonese,kCantonese,source-attested-unreviewed
柴,zh-Hant-TW,chái,,,false,unicode-unihan-17@17.0.0:kMandarin,kMandarin,source-attested-unreviewed
柴,zh-Hant-TW,cī,,,false,unicode-unihan-17@17.0.0:kHanyuPinyin,kHanyuPinyin,source-attested-unreviewed
柴,zh-Hant-TW,zhài,,,false,unicode-unihan-17@17.0.0:kHanyuPinyin,kHanyuPinyin,source-attested-unreviewed
柴,zh-Hant-TW,zì,,,false,unicode-unihan-17@17.0.0:kHanyuPinyin,kHanyuPinyin,source-attested-unreviewed
桃,yue-HK,tou4,,,false,unicode-unihan-17@17.0.0:kCantonese,kCantonese,source-attested-unreviewed
桃,zh-Hant-TW,táo,,,false,unicode-unihan-17@17.0.0:kMandarin,kMandarin,source-attested-unreviewed
桃,zh-Hant-TW,tiāo,,,false,unicode-unihan-17@17.0.0:kHanyuPinyin,kHanyuPinyin,source-attested-unreviewed
桃,zh-Hant-TW,zhào,,,false,unicode-unihan-17@17.0.0:kHanyuPinyin,kHanyuPinyin,source-attested-unreviewed
窗,yue-HK,coeng1,,,false,unicode-unihan-17@17.0.0:kCantonese,kCantonese,source-attested-unreviewed
窗,zh-Hant-TW,chuāng,,,false,unicode-unihan-17@17.0.0:kMandarin,kMandarin,source-attested-unreviewed
窗,zh-Hant-TW,cōng,,,false,unicode-unihan-17@17.0.0:kHanyuPinyin,kHanyuPinyin,source-attested-unreviewed
池,yue-HK,ci4,,,false,unicode-unihan-17@17.0.0:kCantonese,kCantonese,source-attested-unreviewed
池,zh-Hant-TW,chí,,,false,unicode-unihan-17@17.0.0:kMandarin,kMandarin,source-attested-unreviewed
池,zh-Hant-TW,tuó,,,false,unicode-unihan-17@17.0.0:kHanyuPinyin,kHanyuPinyin,source-attested-unreviewed
池,zh-Hant-TW,chè,,,false,unicode-unihan-17@17.0.0:kHanyuPinyin,kHanyuPinyin,source-attested-unreviewed
判,yue-HK,pun3,,,false,unicode-unihan-17@17.0.0:kCantonese,kCantonese,source-attested-unreviewed
判,zh-Hant-TW,pàn,,,false,unicode-unihan-17@17.0.0:kMandarin,kMandarin,source-attested-unreviewed
忽,yue-HK,fat1,,,false,unicode-unihan-17@17.0.0:kCantonese,kCantonese,source-attested-unreviewed
忽,zh-Hant-TW,hū,,,false,unicode-unihan-17@17.0.0:kMandarin,kMandarin,source-attested-unreviewed
厚,yue-HK,hau5,,,false,unicode-unihan-17@17.0.0:kCantonese,kCantonese,source-attested-unreviewed
厚,zh-Hant-TW,hòu,,,false,unicode-unihan-17@17.0.0:kMandarin,kMandarin,source-attested-unreviewed
創,yue-HK,cong3,,,false,unicode-unihan-17@17.0.0:kCantonese,kCantonese,source-attested-unreviewed
創,yue-HK,cong1,mandarin-mapping:chuāng,,false,unicode-unihan-17@17.0.0:kSMSZD2003Readings,kSMSZD2003Readings,source-attested-unreviewed
創,zh-Hant-TW,chuàng,,,false,unicode-unihan-17@17.0.0:kMandarin,kMandarin,source-attested-unreviewed
創,zh-Hant-TW,chuāng,attested-count:13,,false,unicode-unihan-17@17.0.0:kHanyuPinlu,kHanyuPinlu,source-attested-unreviewed
創,zh-Hant-TW,qiāng,,,false,unicode-unihan-17@17.0.0:kHanyuPinyin,kHanyuPinyin,source-attested-unreviewed
預,yue-HK,jyu6,,,false,unicode-unihan-17@17.0.0:kCantonese,kCantonese,source-attested-unreviewed
預,zh-Hant-TW,yù,,,false,unicode-unihan-17@17.0.0:kMandarin,kMandarin,source-attested-unreviewed
鋒,yue-HK,fung1,,,false,unicode-unihan-17@17.0.0:kCantonese,kCantonese,source-attested-unreviewed
鋒,zh-Hant-TW,fēng,,,false,unicode-unihan-17@17.0.0:kMandarin,kMandarin,source-attested-unreviewed
妹,yue-HK,mui6,,,false,unicode-unihan-17@17.0.0:kCantonese,kCantonese,source-attested-unreviewed
妹,zh-Hant-TW,mèi,,,false,unicode-unihan-17@17.0.0:kMandarin,kMandarin,source-attested-unreviewed
妹,zh-Hant-TW,mei,attested-count:100,,false,unicode-unihan-17@17.0.0:kHanyuPinlu,kHanyuPinlu,source-attested-unreviewed
娘,yue-HK,noeng4,,,false,unicode-unihan-17@17.0.0:kCantonese,kCantonese,source-attested-unreviewed
娘,zh-Hant-TW,niáng,,,false,unicode-unihan-17@17.0.0:kMandarin,kMandarin,source-attested-unreviewed
娘,zh-Hant-TW,niang,attested-count:362,,false,unicode-unihan-17@17.0.0:kHanyuPinlu,kHanyuPinlu,source-attested-unreviewed
章,yue-HK,zoeng1,,,false,unicode-unihan-17@17.0.0:kCantonese,kCantonese,source-attested-unreviewed
章,zh-Hant-TW,zhāng,,,false,unicode-unihan-17@17.0.0:kMandarin,kMandarin,source-attested-unreviewed
章,zh-Hant-TW,zhàng,,,false,unicode-unihan-17@17.0.0:kHanyuPinyin,kHanyuPinyin,source-attested-unreviewed
暖,yue-HK,nyun5,,,false,unicode-unihan-17@17.0.0:kCantonese,kCantonese,source-attested-unreviewed
暖,zh-Hant-TW,nuǎn,,,false,unicode-unihan-17@17.0.0:kMandarin,kMandarin,source-attested-unreviewed
暖,zh-Hant-TW,xuān,,,false,unicode-unihan-17@17.0.0:kHanyuPinyin,kHanyuPinyin,source-attested-unreviewed
彎,yue-HK,waan1,,,false,unicode-unihan-17@17.0.0:kCantonese,kCantonese,source-attested-unreviewed
彎,zh-Hant-TW,wān,,,false,unicode-unihan-17@17.0.0:kMandarin,kMandarin,source-attested-unreviewed
飯,yue-HK,faan6,,,false,unicode-unihan-17@17.0.0:kCantonese,kCantonese,source-attested-unreviewed
飯,zh-Hant-TW,fàn,,,false,unicode-unihan-17@17.0.0:kMandarin,kMandarin,source-attested-unreviewed
僅,yue-HK,gan2,,,false,unicode-unihan-17@17.0.0:kCantonese,kCantonese,source-attested-unreviewed
僅,yue-HK,gan6,mandarin-mapping:jìn,,false,unicode-unihan-17@17.0.0:kSMSZD2003Readings,kSMSZD2003Readings,source-attested-unreviewed
僅,zh-Hant-TW,jǐn,,,false,unicode-unihan-17@17.0.0:kMandarin,kMandarin,source-attested-unreviewed
僅,zh-Hant-TW,jìn,,,false,unicode-unihan-17@17.0.0:kHanyuPinyin,kHanyuPinyin,source-attested-unreviewed
箭,yue-HK,zin3,,,false,unicode-unihan-17@17.0.0:kCantonese,kCantonese,source-attested-unreviewed
箭,zh-Hant-TW,jiàn,,,false,unicode-unihan-17@17.0.0:kMandarin,kMandarin,source-attested-unreviewed
鵝,yue-HK,ngo4,,,false,unicode-unihan-17@17.0.0:kCantonese,kCantonese,source-attested-unreviewed
鵝,zh-Hant-TW,é,,,false,unicode-unihan-17@17.0.0:kMandarin,kMandarin,source-attested-unreviewed
即,yue-HK,zik1,,,false,unicode-unihan-17@17.0.0:kCantonese,kCantonese,source-attested-unreviewed
即,zh-Hant-TW,jí,,,false,unicode-unihan-17@17.0.0:kMandarin,kMandarin,source-attested-unreviewed
玻,yue-HK,bo1,,,false,unicode-unihan-17@17.0.0:kCantonese,kCantonese,source-attested-unreviewed
玻,zh-Hant-TW,bō,,,false,unicode-unihan-17@17.0.0:kMandarin,kMandarin,source-attested-unreviewed
麻,yue-HK,maa4,,,false,unicode-unihan-17@17.0.0:kCantonese,kCantonese,source-attested-unreviewed
麻,zh-Hant-TW,má,,,false,unicode-unihan-17@17.0.0:kMandarin,kMandarin,source-attested-unreviewed
麻,zh-Hant-TW,ma,attested-count:11,,false,unicode-unihan-17@17.0.0:kHanyuPinlu,kHanyuPinlu,source-attested-unreviewed
麻,zh-Hant-TW,mā,,,false,unicode-unihan-17@17.0.0:kHanyuPinyin,kHanyuPinyin,source-attested-unreviewed
絕,yue-HK,zyut6,,,false,unicode-unihan-17@17.0.0:kCantonese,kCantonese,source-attested-unreviewed
絕,zh-Hant-TW,jué,,,false,unicode-unihan-17@17.0.0:kMandarin,kMandarin,source-attested-unreviewed
嗨,yue-HK,haai1,,,false,unicode-unihan-17@17.0.0:kCantonese,kCantonese,source-attested-unreviewed
嗨,zh-Hant-TW,hāi,,,false,unicode-unihan-17@17.0.0:kMandarin,kMandarin,source-attested-unreviewed
嗨,zh-Hant-TW,hēi,,,false,unicode-unihan-17@17.0.0:kHanyuPinyin,kHanyuPinyin,source-attested-unreviewed
敬,yue-HK,ging3,,,false,unicode-unihan-17@17.0.0:kCantonese,kCantonese,source-attested-unreviewed
敬,zh-Hant-TW,jìng,,,false,unicode-unihan-17@17.0.0:kMandarin,kMandarin,source-attested-unreviewed
璃,yue-HK,lei4,,,false,unicode-unihan-17@17.0.0:kCantonese,kCantonese,source-attested-unreviewed
璃,yue-HK,lei1,mandarin-mapping:li,,false,unicode-unihan-17@17.0.0:kSMSZD2003Readings,kSMSZD2003Readings,source-attested-unreviewed
璃,zh-Hant-TW,lí,,,false,unicode-unihan-17@17.0.0:kMandarin,kMandarin,source-attested-unreviewed
洞,yue-HK,dung6,,,false,unicode-unihan-17@17.0.0:kCantonese,kCantonese,source-attested-unreviewed
洞,zh-Hant-TW,dòng,,,false,unicode-unihan-17@17.0.0:kMandarin,kMandarin,source-attested-unreviewed
洞,zh-Hant-TW,tóng,,,false,unicode-unihan-17@17.0.0:kHanyuPinyin,kHanyuPinyin,source-attested-unreviewed
述,yue-HK,seot6,,,false,unicode-unihan-17@17.0.0:kCantonese,kCantonese,source-attested-unreviewed
述,zh-Hant-TW,shù,,,false,unicode-unihan-17@17.0.0:kMandarin,kMandarin,source-attested-unreviewed
鼠,yue-HK,syu2,,,false,unicode-unihan-17@17.0.0:kCantonese,kCantonese,source-attested-unreviewed
鼠,zh-Hant-TW,shǔ,,,false,unicode-unihan-17@17.0.0:kMandarin,kMandarin,source-attested-unreviewed
壁,yue-HK,bik1,,,false,unicode-unihan-17@17.0.0:kCantonese,kCantonese,source-attested-unreviewed
壁,zh-Hant-TW,bì,,,false,unicode-unihan-17@17.0.0:kMandarin,kMandarin,source-attested-unreviewed
檢,yue-HK,gim2,,,false,unicode-unihan-17@17.0.0:kCantonese,kCantonese,source-attested-unreviewed
檢,zh-Hant-TW,jiǎn,,,false,unicode-unihan-17@17.0.0:kMandarin,kMandarin,source-attested-unreviewed
翻,yue-HK,faan1,,,false,unicode-unihan-17@17.0.0:kCantonese,kCantonese,source-attested-unreviewed
翻,zh-Hant-TW,fān,,,false,unicode-unihan-17@17.0.0:kMandarin,kMandarin,source-attested-unreviewed
顧,yue-HK,gu3,,,false,unicode-unihan-17@17.0.0:kCantonese,kCantonese,source-attested-unreviewed
顧,zh-Hant-TW,gù,,,false,unicode-unihan-17@17.0.0:kMandarin,kMandarin,source-attested-unreviewed
巾,yue-HK,gan1,,,false,unicode-unihan-17@17.0.0:kCantonese,kCantonese,source-attested-unreviewed
巾,zh-Hant-TW,jīn,,,false,unicode-unihan-17@17.0.0:kMandarin,kMandarin,source-attested-unreviewed
充,yue-HK,cung1,,,false,unicode-unihan-17@17.0.0:kCantonese,kCantonese,source-attested-unreviewed
充,zh-Hant-TW,chōng,,,false,unicode-unihan-17@17.0.0:kMandarin,kMandarin,source-attested-unreviewed
抓,yue-HK,zaau2,,,false,unicode-unihan-17@17.0.0:kCantonese,kCantonese,source-attested-unreviewed
抓,yue-HK,zaa1,mandarin-mapping:zhuā,,false,unicode-unihan-17@17.0.0:kSMSZD2003Readings,kSMSZD2003Readings,source-attested-unreviewed
抓,zh-Hant-TW,zhuā,,,false,unicode-unihan-17@17.0.0:kMandarin,kMandarin,source-attested-unreviewed
篇,yue-HK,pin1,,,false,unicode-unihan-17@17.0.0:kCantonese,kCantonese,source-attested-unreviewed
篇,zh-Hant-TW,piān,,,false,unicode-unihan-17@17.0.0:kMandarin,kMandarin,source-attested-unreviewed
謝,yue-HK,ze6,,,false,unicode-unihan-17@17.0.0:kCantonese,kCantonese,source-attested-unreviewed
謝,zh-Hant-TW,xiè,,,false,unicode-unihan-17@17.0.0:kMandarin,kMandarin,source-attested-unreviewed
謝,zh-Hant-TW,xie,attested-count:97,,false,unicode-unihan-17@17.0.0:kHanyuPinlu,kHanyuPinlu,source-attested-unreviewed
糧,yue-HK,loeng4,,,false,unicode-unihan-17@17.0.0:kCantonese,kCantonese,source-attested-unreviewed
糧,zh-Hant-TW,liáng,,,false,unicode-unihan-17@17.0.0:kMandarin,kMandarin,source-attested-unreviewed
騎,yue-HK,ke4,,,false,unicode-unihan-17@17.0.0:kCantonese,kCantonese,source-attested-unreviewed
騎,yue-HK,kei3,"mandarin-mapping:qí,jì",,false,unicode-unihan-17@17.0.0:kSMSZD2003Readings,kSMSZD2003Readings,source-attested-unreviewed
騎,zh-Hant-TW,qí,,,false,unicode-unihan-17@17.0.0:kMandarin,kMandarin,source-attested-unreviewed
騎,zh-Hant-TW,jì,,,false,unicode-unihan-17@17.0.0:kHanyuPinyin,kHanyuPinyin,source-attested-unreviewed
蘇,yue-HK,sou1,,,false,unicode-unihan-17@17.0.0:kCantonese,kCantonese,source-attested-unreviewed
蘇,zh-Hant-TW,sū,,,false,unicode-unihan-17@17.0.0:kMandarin,kMandarin,source-attested-unreviewed
官,yue-HK,gun1,,,false,unicode-unihan-17@17.0.0:kCantonese,kCantonese,source-attested-unreviewed
官,zh-Hant-TW,guān,,,false,unicode-unihan-17@17.0.0:kMandarin,kMandarin,source-attested-unreviewed
偉,yue-HK,wai5,,,false,unicode-unihan-17@17.0.0:kCantonese,kCantonese,source-attested-unreviewed
偉,zh-Hant-TW,wěi,,,false,unicode-unihan-17@17.0.0:kMandarin,kMandarin,source-attested-unreviewed
婆,yue-HK,po4,,,false,unicode-unihan-17@17.0.0:kCantonese,kCantonese,source-attested-unreviewed
婆,zh-Hant-TW,pó,,,false,unicode-unihan-17@17.0.0:kMandarin,kMandarin,source-attested-unreviewed
婆,zh-Hant-TW,po,attested-count:66,,false,unicode-unihan-17@17.0.0:kHanyuPinlu,kHanyuPinlu,source-attested-unreviewed
摸,yue-HK,mo2,,,false,unicode-unihan-17@17.0.0:kCantonese,kCantonese,source-attested-unreviewed
摸,zh-Hant-TW,mō,,,false,unicode-unihan-17@17.0.0:kMandarin,kMandarin,source-attested-unreviewed
摸,zh-Hant-TW,mo,attested-count:21,,false,unicode-unihan-17@17.0.0:kHanyuPinlu,kHanyuPinlu,source-attested-unreviewed
摸,zh-Hant-TW,mó,,,false,unicode-unihan-17@17.0.0:kHanyuPinyin,kHanyuPinyin,source-attested-unreviewed
伸,yue-HK,san1,,,false,unicode-unihan-17@17.0.0:kCantonese,kCantonese,source-attested-unreviewed
伸,zh-Hant-TW,shēn,,,false,unicode-unihan-17@17.0.0:kMandarin,kMandarin,source-attested-unreviewed
豆,yue-HK,dau6,,,false,unicode-unihan-17@17.0.0:kCantonese,kCantonese,source-attested-unreviewed
豆,yue-HK,dau2,mandarin-mapping:dòu,,false,unicode-unihan-17@17.0.0:kSMSZD2003Readings,kSMSZD2003Readings,source-attested-unreviewed
豆,zh-Hant-TW,dòu,,,false,unicode-unihan-17@17.0.0:kMandarin,kMandarin,source-attested-unreviewed
沿,yue-HK,jyun4,,,false,unicode-unihan-17@17.0.0:kCantonese,kCantonese,source-attested-unreviewed
沿,zh-Hant-TW,yán,,,false,unicode-unihan-17@17.0.0:kMandarin,kMandarin,source-attested-unreviewed
沿,zh-Hant-TW,yàn,attested-count:12,,false,unicode-unihan-17@17.0.0:kHanyuPinlu,kHanyuPinlu,source-attested-unreviewed
沿,zh-Hant-TW,yǎn,,,false,unicode-unihan-17@17.0.0:kHanyuPinyin,kHanyuPinyin,source-attested-unreviewed
貨,yue-HK,fo3,,,false,unicode-unihan-17@17.0.0:kCantonese,kCantonese,source-attested-unreviewed
貨,zh-Hant-TW,huò,,,false,unicode-unihan-17@17.0.0:kMandarin,kMandarin,source-attested-unreviewed
壓,yue-HK,aat3,,,false,unicode-unihan-17@17.0.0:kCantonese,kCantonese,source-attested-unreviewed
壓,zh-Hant-TW,yā,,,false,unicode-unihan-17@17.0.0:kMandarin,kMandarin,source-attested-unreviewed
壓,zh-Hant-TW,yà,,,false,unicode-unihan-17@17.0.0:kHanyuPinyin,kHanyuPinyin,source-attested-unreviewed
礦,yue-HK,kong3,,,false,unicode-unihan-17@17.0.0:kCantonese,kCantonese,source-attested-unreviewed
礦,yue-HK,kwong3,"mandarin-mapping:kuàng,gǒng",,false,unicode-unihan-17@17.0.0:kSMSZD2003Readings,kSMSZD2003Readings,source-attested-unreviewed
礦,zh-Hant-TW,kuàng,,,false,unicode-unihan-17@17.0.0:kMandarin,kMandarin,source-attested-unreviewed
礦,zh-Hant-TW,gǒng,,,false,unicode-unihan-17@17.0.0:kHanyuPinyin,kHanyuPinyin,source-attested-unreviewed
宇,yue-HK,jyu5,,,false,unicode-unihan-17@17.0.0:kCantonese,kCantonese,source-attested-unreviewed
宇,zh-Hant-TW,yǔ,,,false,unicode-unihan-17@17.0.0:kMandarin,kMandarin,source-attested-unreviewed
移,yue-HK,ji4,,,false,unicode-unihan-17@17.0.0:kCantonese,kCantonese,source-attested-unreviewed
移,zh-Hant-TW,yí,,,false,unicode-unihan-17@17.0.0:kMandarin,kMandarin,source-attested-unreviewed
移,zh-Hant-TW,chǐ,,,false,unicode-unihan-17@17.0.0:kHanyuPinyin,kHanyuPinyin,source-attested-unreviewed
移,zh-Hant-TW,yì,,,false,unicode-unihan-17@17.0.0:kHanyuPinyin,kHanyuPinyin,source-attested-unreviewed
止,yue-HK,zi2,,,false,unicode-unihan-17@17.0.0:kCantonese,kCantonese,source-attested-unreviewed
止,zh-Hant-TW,zhǐ,,,false,unicode-unihan-17@17.0.0:kMandarin,kMandarin,source-attested-unreviewed
居,yue-HK,geoi1,,,false,unicode-unihan-17@17.0.0:kCantonese,kCantonese,source-attested-unreviewed
居,zh-Hant-TW,jū,,,false,unicode-unihan-17@17.0.0:kMandarin,kMandarin,source-attested-unreviewed
居,zh-Hant-TW,jī,,,false,unicode-unihan-17@17.0.0:kHanyuPinyin,kHanyuPinyin,source-attested-unreviewed
拖,yue-HK,to1,,,false,unicode-unihan-17@17.0.0:kCantonese,kCantonese,source-attested-unreviewed
拖,zh-Hant-TW,tuō,,,false,unicode-unihan-17@17.0.0:kMandarin,kMandarin,source-attested-unreviewed
拖,zh-Hant-TW,chǐ,,,false,unicode-unihan-17@17.0.0:kHanyuPinyin,kHanyuPinyin,source-attested-unreviewed
境,yue-HK,ging2,,,false,unicode-unihan-17@17.0.0:kCantonese,kCantonese,source-attested-unreviewed
境,zh-Hant-TW,jìng,,,false,unicode-unihan-17@17.0.0:kMandarin,kMandarin,source-attested-unreviewed
豐,yue-HK,fung1,,,false,unicode-unihan-17@17.0.0:kCantonese,kCantonese,source-attested-unreviewed
豐,zh-Hant-TW,fēng,,,false,unicode-unihan-17@17.0.0:kMandarin,kMandarin,source-attested-unreviewed
刀,yue-HK,dou1,,,false,unicode-unihan-17@17.0.0:kCantonese,kCantonese,source-attested-unreviewed
刀,zh-Hant-TW,dāo,,,false,unicode-unihan-17@17.0.0:kMandarin,kMandarin,source-attested-unreviewed
刀,zh-Hant-TW,diāo,,,false,unicode-unihan-17@17.0.0:kHanyuPinyin,kHanyuPinyin,source-attested-unreviewed
壯,yue-HK,zong3,,,false,unicode-unihan-17@17.0.0:kCantonese,kCantonese,source-attested-unreviewed
壯,zh-Hant-TW,zhuàng,,,false,unicode-unihan-17@17.0.0:kMandarin,kMandarin,source-attested-unreviewed
壯,zh-Hant-TW,zhuāng,,,false,unicode-unihan-17@17.0.0:kHanyuPinyin,kHanyuPinyin,source-attested-unreviewed
迎,yue-HK,jing4,,,false,unicode-unihan-17@17.0.0:kCantonese,kCantonese,source-attested-unreviewed
迎,zh-Hant-TW,yíng,,,false,unicode-unihan-17@17.0.0:kMandarin,kMandarin,source-attested-unreviewed
迎,zh-Hant-TW,yìng,,,false,unicode-unihan-17@17.0.0:kHanyuPinyin,kHanyuPinyin,source-attested-unreviewed
降,yue-HK,gong3,,,false,unicode-unihan-17@17.0.0:kCantonese,kCantonese,source-attested-unreviewed
降,yue-HK,hong4,mandarin-mapping:xiáng,,false,unicode-unihan-17@17.0.0:kSMSZD2003Readings,kSMSZD2003Readings,source-attested-unreviewed
降,zh-Hant-TW,jiàng,,,false,unicode-unihan-17@17.0.0:kMandarin,kMandarin,source-attested-unreviewed
降,zh-Hant-TW,xiáng,attested-count:75,,false,unicode-unihan-17@17.0.0:kHanyuPinlu,kHanyuPinlu,source-attested-unreviewed
降,zh-Hant-TW,xiàng,,,false,unicode-unihan-17@17.0.0:kHanyuPinyin,kHanyuPinyin,source-attested-unreviewed
退,yue-HK,teoi3,,,false,unicode-unihan-17@17.0.0:kCantonese,kCantonese,source-attested-unreviewed
退,zh-Hant-TW,tuì,,,false,unicode-unihan-17@17.0.0:kMandarin,kMandarin,source-attested-unreviewed
搬,yue-HK,bun1,,,false,unicode-unihan-17@17.0.0:kCantonese,kCantonese,source-attested-unreviewed
搬,zh-Hant-TW,bān,,,false,unicode-unihan-17@17.0.0:kMandarin,kMandarin,source-attested-unreviewed
搬,zh-Hant-TW,sù,,,false,unicode-unihan-17@17.0.0:kHanyuPinyin,kHanyuPinyin,source-attested-unreviewed
播,yue-HK,bo3,,,false,unicode-unihan-17@17.0.0:kCantonese,kCantonese,source-attested-unreviewed
播,zh-Hant-TW,bō,,,false,unicode-unihan-17@17.0.0:kMandarin,kMandarin,source-attested-unreviewed
播,zh-Hant-TW,bǒ,,,false,unicode-unihan-17@17.0.0:kHanyuPinyin,kHanyuPinyin,source-attested-unreviewed
掛,yue-HK,gwaa3,,,false,unicode-unihan-17@17.0.0:kCantonese,kCantonese,source-attested-unreviewed
掛,zh-Hant-TW,guà,,,false,unicode-unihan-17@17.0.0:kMandarin,kMandarin,source-attested-unreviewed
傅,yue-HK,fu6,,,false,unicode-unihan-17@17.0.0:kCantonese,kCantonese,source-attested-unreviewed
傅,yue-HK,fu1,mandarin-mapping:fū,,false,unicode-unihan-17@17.0.0:kSMSZD2003Readings,kSMSZD2003Readings,source-attested-unreviewed
傅,zh-Hant-TW,fù,,,false,unicode-unihan-17@17.0.0:kMandarin,kMandarin,source-attested-unreviewed
傅,zh-Hant-TW,fu,attested-count:201,,false,unicode-unihan-17@17.0.0:kHanyuPinlu,kHanyuPinlu,source-attested-unreviewed
傅,zh-Hant-TW,fū,,,false,unicode-unihan-17@17.0.0:kHanyuPinyin,kHanyuPinyin,source-attested-unreviewed
趙,yue-HK,ziu6,,,false,unicode-unihan-17@17.0.0:kCantonese,kCantonese,source-attested-unreviewed
趙,zh-Hant-TW,zhào,,,false,unicode-unihan-17@17.0.0:kMandarin,kMandarin,source-attested-unreviewed
趙,zh-Hant-TW,diào,,,false,unicode-unihan-17@17.0.0:kHanyuPinyin,kHanyuPinyin,source-attested-unreviewed
激,yue-HK,gik1,,,false,unicode-unihan-17@17.0.0:kCantonese,kCantonese,source-attested-unreviewed
激,zh-Hant-TW,jī,,,false,unicode-unihan-17@17.0.0:kMandarin,kMandarin,source-attested-unreviewed
激,zh-Hant-TW,ji,attested-count:49,,false,unicode-unihan-17@17.0.0:kHanyuPinlu,kHanyuPinlu,source-attested-unreviewed
激,zh-Hant-TW,jiào,,,false,unicode-unihan-17@17.0.0:kHanyuPinyin,kHanyuPinyin,source-attested-unreviewed
激,zh-Hant-TW,jiāo,,,false,unicode-unihan-17@17.0.0:kHanyuPinyin,kHanyuPinyin,source-attested-unreviewed
磨,yue-HK,mo4,,,false,unicode-unihan-17@17.0.0:kCantonese,kCantonese,source-attested-unreviewed
磨,yue-HK,mo6,mandarin-mapping:mò,,false,unicode-unihan-17@17.0.0:kSMSZD2003Readings,kSMSZD2003Readings,source-attested-unreviewed
磨,zh-Hant-TW,mó,,,false,unicode-unihan-17@17.0.0:kMandarin,kMandarin,source-attested-unreviewed
磨,zh-Hant-TW,mo,attested-count:44,,false,unicode-unihan-17@17.0.0:kHanyuPinlu,kHanyuPinlu,source-attested-unreviewed
磨,zh-Hant-TW,mò,attested-count:30,,false,unicode-unihan-17@17.0.0:kHanyuPinlu,kHanyuPinlu,source-attested-unreviewed
擦,yue-HK,caat3,,,false,unicode-unihan-17@17.0.0:kCantonese,kCantonese,source-attested-unreviewed
擦,zh-Hant-TW,cā,,,false,unicode-unihan-17@17.0.0:kMandarin,kMandarin,source-attested-unreviewed
藝,yue-HK,ngai6,,,false,unicode-unihan-17@17.0.0:kCantonese,kCantonese,source-attested-unreviewed
藝,zh-Hant-TW,yì,,,false,unicode-unihan-17@17.0.0:kMandarin,kMandarin,source-attested-unreviewed
仿,yue-HK,fong2,,,false,unicode-unihan-17@17.0.0:kCantonese,kCantonese,source-attested-unreviewed
仿,zh-Hant-TW,fǎng,,,false,unicode-unihan-17@17.0.0:kMandarin,kMandarin,source-attested-unreviewed
仿,zh-Hant-TW,páng,,,false,unicode-unihan-17@17.0.0:kHanyuPinyin,kHanyuPinyin,source-attested-unreviewed
何,yue-HK,ho4,,,false,unicode-unihan-17@17.0.0:kCantonese,kCantonese,source-attested-unreviewed
何,zh-Hant-TW,hé,,,false,unicode-unihan-17@17.0.0:kMandarin,kMandarin,source-attested-unreviewed
何,zh-Hant-TW,hè,,,false,unicode-unihan-17@17.0.0:kHanyuPinyin,kHanyuPinyin,source-attested-unreviewed
衝,yue-HK,cung1,,,false,unicode-unihan-17@17.0.0:kCantonese,kCantonese,source-attested-unreviewed
衝,yue-HK,cung3,mandarin-mapping:chòng,,false,unicode-unihan-17@17.0.0:kSMSZD2003Readings,kSMSZD2003Readings,source-attested-unreviewed
衝,zh-Hant-TW,chōng,,,false,unicode-unihan-17@17.0.0:kMandarin,kMandarin,source-attested-unreviewed
衝,zh-Hant-TW,chǒng,,,false,unicode-unihan-17@17.0.0:kHanyuPinyin,kHanyuPinyin,source-attested-unreviewed
衝,zh-Hant-TW,chòng,,,false,unicode-unihan-17@17.0.0:kHanyuPinyin,kHanyuPinyin,source-attested-unreviewed
狼,yue-HK,long4,,,false,unicode-unihan-17@17.0.0:kCantonese,kCantonese,source-attested-unreviewed
狼,zh-Hant-TW,láng,,,false,unicode-unihan-17@17.0.0:kMandarin,kMandarin,source-attested-unreviewed
狼,zh-Hant-TW,lǎng,,,false,unicode-unihan-17@17.0.0:kHanyuPinyin,kHanyuPinyin,source-attested-unreviewed
狼,zh-Hant-TW,làng,,,false,unicode-unihan-17@17.0.0:kHanyuPinyin,kHanyuPinyin,source-attested-unreviewed
狼,zh-Hant-TW,hǎng,,,false,unicode-unihan-17@17.0.0:kHanyuPinyin,kHanyuPinyin,source-attested-unreviewed
堂,yue-HK,tong4,,,false,unicode-unihan-17@17.0.0:kCantonese,kCantonese,source-attested-unreviewed
堂,zh-Hant-TW,táng,,,false,unicode-unihan-17@17.0.0:kMandarin,kMandarin,source-attested-unreviewed
堂,zh-Hant-TW,tang,attested-count:10,,false,unicode-unihan-17@17.0.0:kHanyuPinlu,kHanyuPinlu,source-attested-unreviewed
猴,yue-HK,hau4,,,false,unicode-unihan-17@17.0.0:kCantonese,kCantonese,source-attested-unreviewed
猴,zh-Hant-TW,hóu,,,false,unicode-unihan-17@17.0.0:kMandarin,kMandarin,source-attested-unreviewed
稜,yue-HK,ling4,,,false,unicode-unihan-17@17.0.0:kCantonese,kCantonese,source-attested-unreviewed
稜,zh-Hant-TW,léng,,,false,unicode-unihan-17@17.0.0:kMandarin,kMandarin,source-attested-unreviewed
稜,zh-Hant-TW,lèng,,,false,unicode-unihan-17@17.0.0:kHanyuPinyin,kHanyuPinyin,source-attested-unreviewed
拼,yue-HK,ping1,,,false,unicode-unihan-17@17.0.0:kCantonese,kCantonese,source-attested-unreviewed
拼,yue-HK,ping3,mandarin-mapping:pīn,,false,unicode-unihan-17@17.0.0:kSMSZD2003Readings,kSMSZD2003Readings,source-attested-unreviewed
拼,zh-Hant-TW,pīn,,,false,unicode-unihan-17@17.0.0:kMandarin,kMandarin,source-attested-unreviewed
拼,zh-Hant-TW,bìng,,,false,unicode-unihan-17@17.0.0:kHanyuPinyin,kHanyuPinyin,source-attested-unreviewed
耕,yue-HK,gaang1,,,false,unicode-unihan-17@17.0.0:kCantonese,kCantonese,source-attested-unreviewed
耕,zh-Hant-TW,gēng,,,false,unicode-unihan-17@17.0.0:kMandarin,kMandarin,source-attested-unreviewed
航,yue-HK,hong4,,,false,unicode-unihan-17@17.0.0:kCantonese,kCantonese,source-attested-unreviewed
航,zh-Hant-TW,háng,,,false,unicode-unihan-17@17.0.0:kMandarin,kMandarin,source-attested-unreviewed
專,yue-HK,zyun1,,,false,unicode-unihan-17@17.0.0:kCantonese,kCantonese,source-attested-unreviewed
專,zh-Hant-TW,zhuān,,,false,unicode-unihan-17@17.0.0:kMandarin,kMandarin,source-attested-unreviewed
專,zh-Hant-TW,tuán,,,false,unicode-unihan-17@17.0.0:kHanyuPinyin,kHanyuPinyin,source-attested-unreviewed
專,zh-Hant-TW,shuàn,,,false,unicode-unihan-17@17.0.0:kHanyuPinyin,kHanyuPinyin,source-attested-unreviewed
麥,yue-HK,mak6,,,false,unicode-unihan-17@17.0.0:kCantonese,kCantonese,source-attested-unreviewed
麥,zh-Hant-TW,mài,,,false,unicode-unihan-17@17.0.0:kMandarin,kMandarin,source-attested-unreviewed
亂,yue-HK,lyun6,,,false,unicode-unihan-17@17.0.0:kCantonese,kCantonese,source-attested-unreviewed
亂,zh-Hant-TW,luàn,,,false,unicode-unihan-17@17.0.0:kMandarin,kMandarin,source-attested-unreviewed
誦,yue-HK,zung6,,,false,unicode-unihan-17@17.0.0:kCantonese,kCantonese,source-attested-unreviewed
誦,zh-Hant-TW,sòng,,,false,unicode-unihan-17@17.0.0:kMandarin,kMandarin,source-attested-unreviewed
鼻,yue-HK,bei6,,,false,unicode-unihan-17@17.0.0:kCantonese,kCantonese,source-attested-unreviewed
鼻,zh-Hant-TW,bí,,,false,unicode-unihan-17@17.0.0:kMandarin,kMandarin,source-attested-unreviewed
雖,yue-HK,seoi1,,,false,unicode-unihan-17@17.0.0:kCantonese,kCantonese,source-attested-unreviewed
雖,zh-Hant-TW,suī,,,false,unicode-unihan-17@17.0.0:kMandarin,kMandarin,source-attested-unreviewed
攻,yue-HK,gung1,,,false,unicode-unihan-17@17.0.0:kCantonese,kCantonese,source-attested-unreviewed
攻,zh-Hant-TW,gōng,,,false,unicode-unihan-17@17.0.0:kMandarin,kMandarin,source-attested-unreviewed
封,yue-HK,fung1,,,false,unicode-unihan-17@17.0.0:kCantonese,kCantonese,source-attested-unreviewed
封,zh-Hant-TW,fēng,,,false,unicode-unihan-17@17.0.0:kMandarin,kMandarin,source-attested-unreviewed
封,zh-Hant-TW,biǎn,,,false,unicode-unihan-17@17.0.0:kHanyuPinyin,kHanyuPinyin,source-attested-unreviewed
梯,yue-HK,tai1,,,false,unicode-unihan-17@17.0.0:kCantonese,kCantonese,source-attested-unreviewed
梯,zh-Hant-TW,tī,,,false,unicode-unihan-17@17.0.0:kMandarin,kMandarin,source-attested-unreviewed
梯,zh-Hant-TW,tí,,,false,unicode-unihan-17@17.0.0:kHanyuPinyin,kHanyuPinyin,source-attested-unreviewed
殺,yue-HK,saat3,,,false,unicode-unihan-17@17.0.0:kCantonese,kCantonese,source-attested-unreviewed
殺,zh-Hant-TW,shā,,,false,unicode-unihan-17@17.0.0:kMandarin,kMandarin,source-attested-unreviewed
殺,zh-Hant-TW,shài,,,false,unicode-unihan-17@17.0.0:kHanyuPinyin,kHanyuPinyin,source-attested-unreviewed
殺,zh-Hant-TW,sà,,,false,unicode-unihan-17@17.0.0:kHanyuPinyin,kHanyuPinyin,source-attested-unreviewed
殺,zh-Hant-TW,xiè,,,false,unicode-unihan-17@17.0.0:kHanyuPinyin,kHanyuPinyin,source-attested-unreviewed
殺,zh-Hant-TW,shì,,,false,unicode-unihan-17@17.0.0:kHanyuPinyin,kHanyuPinyin,source-attested-unreviewed
透,yue-HK,tau3,,,false,unicode-unihan-17@17.0.0:kCantonese,kCantonese,source-attested-unreviewed
透,zh-Hant-TW,tòu,,,false,unicode-unihan-17@17.0.0:kMandarin,kMandarin,source-attested-unreviewed
透,zh-Hant-TW,shū,,,false,unicode-unihan-17@17.0.0:kHanyuPinyin,kHanyuPinyin,source-attested-unreviewed
滅,yue-HK,mit6,,,false,unicode-unihan-17@17.0.0:kCantonese,kCantonese,source-attested-unreviewed
滅,zh-Hant-TW,miè,,,false,unicode-unihan-17@17.0.0:kMandarin,kMandarin,source-attested-unreviewed
頓,yue-HK,deon6,,,false,unicode-unihan-17@17.0.0:kCantonese,kCantonese,source-attested-unreviewed
頓,yue-HK,duk6,mandarin-mapping:dú,,false,unicode-unihan-17@17.0.0:kSMSZD2003Readings,kSMSZD2003Readings,source-attested-unreviewed
頓,zh-Hant-TW,dùn,,,false,unicode-unihan-17@17.0.0:kMandarin,kMandarin,source-attested-unreviewed
頓,zh-Hant-TW,dú,,,false,unicode-unihan-17@17.0.0:kHanyuPinyin,kHanyuPinyin,source-attested-unreviewed
窩,yue-HK,wo1,,,false,unicode-unihan-17@17.0.0:kCantonese,kCantonese,source-attested-unreviewed
窩,zh-Hant-TW,wō,,,false,unicode-unihan-17@17.0.0:kMandarin,kMandarin,source-attested-unreviewed
蓋,yue-HK,koi3,,,false,unicode-unihan-17@17.0.0:kCantonese,kCantonese,source-attested-unreviewed
蓋,yue-HK,goi3,mandarin-mapping:gài,,false,unicode-unihan-17@17.0.0:kSMSZD2003Readings,kSMSZD2003Readings,source-attested-unreviewed
蓋,yue-HK,gap3,mandarin-mapping:gě,,false,unicode-unihan-17@17.0.0:kSMSZD2003Readings,kSMSZD2003Readings,source-attested-unreviewed
蓋,yue-HK,hap6,mandarin-mapping:hé,,false,unicode-unihan-17@17.0.0:kSMSZD2003Readings,kSMSZD2003Readings,source-attested-unreviewed
蓋,zh-Hant-TW,gài,,,false,unicode-unihan-17@17.0.0:kMandarin,kMandarin,source-attested-unreviewed
蓋,zh-Hant-TW,gai,attested-count:10,,false,unicode-unihan-17@17.0.0:kHanyuPinlu,kHanyuPinlu,source-attested-unreviewed
蓋,zh-Hant-TW,gě,,,false,unicode-unihan-17@17.0.0:kHanyuPinyin,kHanyuPinyin,source-attested-unreviewed
劇,yue-HK,kek6,,,false,unicode-unihan-17@17.0.0:kCantonese,kCantonese,source-attested-unreviewed
劇,zh-Hant-TW,jù,,,false,unicode-unihan-17@17.0.0:kMandarin,kMandarin,source-attested-unreviewed
鞋,yue-HK,haai4,,,false,unicode-unihan-17@17.0.0:kCantonese,kCantonese,source-attested-unreviewed
鞋,zh-Hant-TW,xié,,,false,unicode-unihan-17@17.0.0:kMandarin,kMandarin,source-attested-unreviewed
鞋,zh-Hant-TW,wā,,,false,unicode-unihan-17@17.0.0:kHanyuPinyin,kHanyuPinyin,source-attested-unreviewed
仔,yue-HK,zai2,,,false,unicode-unihan-17@17.0.0:kCantonese,kCantonese,source-attested-unreviewed
仔,yue-HK,zi2,mandarin-mapping:zǐ,,false,unicode-unihan-17@17.0.0:kSMSZD2003Readings,kSMSZD2003Readings,source-attested-unreviewed
仔,zh-Hant-TW,zǐ,,,false,unicode-unihan-17@17.0.0:kMandarin,kMandarin,source-attested-unreviewed
仔,zh-Hant-TW,zī,,,false,unicode-unihan-17@17.0.0:kHanyuPinyin,kHanyuPinyin,source-attested-unreviewed
仔,zh-Hant-TW,zǎi,,,false,unicode-unihan-17@17.0.0:kHanyuPinyin,kHanyuPinyin,source-attested-unreviewed
困,yue-HK,kwan3,,,false,unicode-unihan-17@17.0.0:kCantonese,kCantonese,source-attested-unreviewed
困,zh-Hant-TW,kùn,,,false,unicode-unihan-17@17.0.0:kMandarin,kMandarin,source-attested-unreviewed
初,yue-HK,co1,,,false,unicode-unihan-17@17.0.0:kCantonese,kCantonese,source-attested-unreviewed
初,zh-Hant-TW,chū,,,false,unicode-unihan-17@17.0.0:kMandarin,kMandarin,source-attested-unreviewed
消,yue-HK,siu1,,,false,unicode-unihan-17@17.0.0:kCantonese,kCantonese,source-attested-unreviewed
消,zh-Hant-TW,xiāo,,,false,unicode-unihan-17@17.0.0:kMandarin,kMandarin,source-attested-unreviewed
嘰,yue-HK,gei1,,,false,unicode-unihan-17@17.0.0:kCantonese,kCantonese,source-attested-unreviewed
嘰,zh-Hant-TW,jī,,,false,unicode-unihan-17@17.0.0:kMandarin,kMandarin,source-attested-unreviewed
魯,yue-HK,lou5,,,false,unicode-unihan-17@17.0.0:kCantonese,kCantonese,source-attested-unreviewed
魯,zh-Hant-TW,lǔ,,,false,unicode-unihan-17@17.0.0:kMandarin,kMandarin,source-attested-unreviewed
魯,zh-Hant-TW,lǚ,,,false,unicode-unihan-17@17.0.0:kHanyuPinyin,kHanyuPinyin,source-attested-unreviewed
未,yue-HK,mei6,,,false,unicode-unihan-17@17.0.0:kCantonese,kCantonese,source-attested-unreviewed
未,zh-Hant-TW,wèi,,,false,unicode-unihan-17@17.0.0:kMandarin,kMandarin,source-attested-unreviewed
穀,yue-HK,guk1,,,false,unicode-unihan-17@17.0.0:kCantonese,kCantonese,source-attested-unreviewed
穀,zh-Hant-TW,gǔ,,,false,unicode-unihan-17@17.0.0:kMandarin,kMandarin,source-attested-unreviewed
掃,yue-HK,sou3,,,false,unicode-unihan-17@17.0.0:kCantonese,kCantonese,source-attested-unreviewed
掃,yue-HK,sou2,mandarin-mapping:sǎo,,false,unicode-unihan-17@17.0.0:kSMSZD2003Readings,kSMSZD2003Readings,source-attested-unreviewed
掃,zh-Hant-TW,sǎo,,,false,unicode-unihan-17@17.0.0:kMandarin,kMandarin,source-attested-unreviewed
掃,zh-Hant-TW,sào,attested-count:13,,false,unicode-unihan-17@17.0.0:kHanyuPinlu,kHanyuPinlu,source-attested-unreviewed
鉛,yue-HK,jyun4,,,false,unicode-unihan-17@17.0.0:kCantonese,kCantonese,source-attested-unreviewed
鉛,zh-Hant-TW,qiān,,,false,unicode-unihan-17@17.0.0:kMandarin,kMandarin,source-attested-unreviewed
鉛,zh-Hant-TW,yán,,,false,unicode-unihan-17@17.0.0:kHanyuPinyin,kHanyuPinyin,source-attested-unreviewed
漁,yue-HK,jyu4,,,false,unicode-unihan-17@17.0.0:kCantonese,kCantonese,source-attested-unreviewed
漁,zh-Hant-TW,yú,,,false,unicode-unihan-17@17.0.0:kMandarin,kMandarin,source-attested-unreviewed
誤,yue-HK,ng6,,,false,unicode-unihan-17@17.0.0:kCantonese,kCantonese,source-attested-unreviewed
誤,zh-Hant-TW,wù,,,false,unicode-unihan-17@17.0.0:kMandarin,kMandarin,source-attested-unreviewed
誤,zh-Hant-TW,wu,attested-count:33,,false,unicode-unihan-17@17.0.0:kHanyuPinlu,kHanyuPinlu,source-attested-unreviewed
職,yue-HK,zik1,,,false,unicode-unihan-17@17.0.0:kCantonese,kCantonese,source-attested-unreviewed
職,zh-Hant-TW,zhí,,,false,unicode-unihan-17@17.0.0:kMandarin,kMandarin,source-attested-unreviewed
職,zh-Hant-TW,tè,,,false,unicode-unihan-17@17.0.0:kHanyuPinyin,kHanyuPinyin,source-attested-unreviewed
藥,yue-HK,joek6,,,false,unicode-unihan-17@17.0.0:kCantonese,kCantonese,source-attested-unreviewed
藥,zh-Hant-TW,yào,,,false,unicode-unihan-17@17.0.0:kMandarin,kMandarin,source-attested-unreviewed
藥,zh-Hant-TW,shuò,,,false,unicode-unihan-17@17.0.0:kHanyuPinyin,kHanyuPinyin,source-attested-unreviewed
藥,zh-Hant-TW,lüè,,,false,unicode-unihan-17@17.0.0:kHanyuPinyin,kHanyuPinyin,source-attested-unreviewed
制,yue-HK,zai3,,,false,unicode-unihan-17@17.0.0:kCantonese,kCantonese,source-attested-unreviewed
制,zh-Hant-TW,zhì,,,false,unicode-unihan-17@17.0.0:kMandarin,kMandarin,source-attested-unreviewed
杯,yue-HK,bui1,,,false,unicode-unihan-17@17.0.0:kCantonese,kCantonese,source-attested-unreviewed
杯,zh-Hant-TW,bēi,,,false,unicode-unihan-17@17.0.0:kMandarin,kMandarin,source-attested-unreviewed
針,yue-HK,zam1,,,false,unicode-unihan-17@17.0.0:kCantonese,kCantonese,source-attested-unreviewed
針,zh-Hant-TW,zhēn,,,false,unicode-unihan-17@17.0.0:kMandarin,kMandarin,source-attested-unreviewed
揮,yue-HK,fai1,,,false,unicode-unihan-17@17.0.0:kCantonese,kCantonese,source-attested-unreviewed
揮,zh-Hant-TW,huī,,,false,unicode-unihan-17@17.0.0:kMandarin,kMandarin,source-attested-unreviewed
揮,zh-Hant-TW,hún,,,false,unicode-unihan-17@17.0.0:kHanyuPinyin,kHanyuPinyin,source-attested-unreviewed
蒙,yue-HK,mung4,,,false,unicode-unihan-17@17.0.0:kCantonese,kCantonese,source-attested-unreviewed
蒙,zh-Hant-TW,méng,,,false,unicode-unihan-17@17.0.0:kMandarin,kMandarin,source-attested-unreviewed
蒙,zh-Hant-TW,mēng,attested-count:15,,false,unicode-unihan-17@17.0.0:kHanyuPinlu,kHanyuPinlu,source-attested-unreviewed
蒙,zh-Hant-TW,měng,attested-count:13,,false,unicode-unihan-17@17.0.0:kHanyuPinlu,kHanyuPinlu,source-attested-unreviewed
醫,yue-HK,ji1,,,false,unicode-unihan-17@17.0.0:kCantonese,kCantonese,source-attested-unreviewed
醫,zh-Hant-TW,yī,,,false,unicode-unihan-17@17.0.0:kMandarin,kMandarin,source-attested-unreviewed
醫,zh-Hant-TW,yǐ,,,false,unicode-unihan-17@17.0.0:kHanyuPinyin,kHanyuPinyin,source-attested-unreviewed
孔,yue-HK,hung2,,,false,unicode-unihan-17@17.0.0:kCantonese,kCantonese,source-attested-unreviewed
孔,zh-Hant-TW,kǒng,,,false,unicode-unihan-17@17.0.0:kMandarin,kMandarin,source-attested-unreviewed
束,yue-HK,cuk1,,,false,unicode-unihan-17@17.0.0:kCantonese,kCantonese,source-attested-unreviewed
束,zh-Hant-TW,shù,,,false,unicode-unihan-17@17.0.0:kMandarin,kMandarin,source-attested-unreviewed
胡,yue-HK,wu4,,,false,unicode-unihan-17@17.0.0:kCantonese,kCantonese,source-attested-unreviewed
胡,zh-Hant-TW,hú,,,false,unicode-unihan-17@17.0.0:kMandarin,kMandarin,source-attested-unreviewed
島,yue-HK,dou2,,,false,unicode-unihan-17@17.0.0:kCantonese,kCantonese,source-attested-unreviewed
島,zh-Hant-TW,dǎo,,,false,unicode-unihan-17@17.0.0:kMandarin,kMandarin,source-attested-unreviewed
案,yue-HK,on3,,,false,unicode-unihan-17@17.0.0:kCantonese,kCantonese,source-attested-unreviewed
案,zh-Hant-TW,àn,,,false,unicode-unihan-17@17.0.0:kMandarin,kMandarin,source-attested-unreviewed
訣,yue-HK,kyut3,,,false,unicode-unihan-17@17.0.0:kCantonese,kCantonese,source-attested-unreviewed
訣,zh-Hant-TW,jué,,,false,unicode-unihan-17@17.0.0:kMandarin,kMandarin,source-attested-unreviewed
握,yue-HK,ak1,,,false,unicode-unihan-17@17.0.0:kCantonese,kCantonese,source-attested-unreviewed
握,yue-HK,aak1,mandarin-mapping:wò,,false,unicode-unihan-17@17.0.0:kSMSZD2003Readings,kSMSZD2003Readings,source-attested-unreviewed
握,zh-Hant-TW,wò,,,false,unicode-unihan-17@17.0.0:kMandarin,kMandarin,source-attested-unreviewed
握,zh-Hant-TW,òu,,,false,unicode-unihan-17@17.0.0:kHanyuPinyin,kHanyuPinyin,source-attested-unreviewed
塑,yue-HK,sou3,,,false,unicode-unihan-17@17.0.0:kCantonese,kCantonese,source-attested-unreviewed
塑,zh-Hant-TW,sù,,,false,unicode-unihan-17@17.0.0:kMandarin,kMandarin,source-attested-unreviewed
態,yue-HK,taai3,,,false,unicode-unihan-17@17.0.0:kCantonese,kCantonese,source-attested-unreviewed
態,zh-Hant-TW,tài,,,false,unicode-unihan-17@17.0.0:kMandarin,kMandarin,source-attested-unreviewed
操,yue-HK,cou1,,,false,unicode-unihan-17@17.0.0:kCantonese,kCantonese,source-attested-unreviewed
操,yue-HK,sou3,"mandarin-mapping:cāo,cào",,false,unicode-unihan-17@17.0.0:kSMSZD2003Readings,kSMSZD2003Readings,source-attested-unreviewed
操,zh-Hant-TW,cāo,,,false,unicode-unihan-17@17.0.0:kMandarin,kMandarin,source-attested-unreviewed
醒,yue-HK,sing2,,,false,unicode-unihan-17@17.0.0:kCantonese,kCantonese,source-attested-unreviewed
醒,yue-HK,seng2,mandarin-mapping:xǐng,,false,unicode-unihan-17@17.0.0:kSMSZD2003Readings,kSMSZD2003Readings,source-attested-unreviewed
醒,zh-Hant-TW,xǐng,,,false,unicode-unihan-17@17.0.0:kMandarin,kMandarin,source-attested-unreviewed
醒,zh-Hant-TW,chéng,,,false,unicode-unihan-17@17.0.0:kHanyuPinyin,kHanyuPinyin,source-attested-unreviewed
醒,zh-Hant-TW,jīng,,,false,unicode-unihan-17@17.0.0:kHanyuPinyin,kHanyuPinyin,source-attested-unreviewed
秒,yue-HK,miu5,,,false,unicode-unihan-17@17.0.0:kCantonese,kCantonese,source-attested-unreviewed
秒,zh-Hant-TW,miǎo,,,false,unicode-unihan-17@17.0.0:kMandarin,kMandarin,source-attested-unreviewed
陸,yue-HK,luk6,,,false,unicode-unihan-17@17.0.0:kCantonese,kCantonese,source-attested-unreviewed
陸,zh-Hant-TW,lù,,,false,unicode-unihan-17@17.0.0:kMandarin,kMandarin,source-attested-unreviewed
陸,zh-Hant-TW,liù,,,false,unicode-unihan-17@17.0.0:kHanyuPinyin,kHanyuPinyin,source-attested-unreviewed
晶,yue-HK,zing1,,,false,unicode-unihan-17@17.0.0:kCantonese,kCantonese,source-attested-unreviewed
晶,zh-Hant-TW,jīng,,,false,unicode-unihan-17@17.0.0:kMandarin,kMandarin,source-attested-unreviewed
貼,yue-HK,tip3,,,false,unicode-unihan-17@17.0.0:kCantonese,kCantonese,source-attested-unreviewed
貼,zh-Hant-TW,tiē,,,false,unicode-unihan-17@17.0.0:kMandarin,kMandarin,source-attested-unreviewed
獻,yue-HK,hin3,,,false,unicode-unihan-17@17.0.0:kCantonese,kCantonese,source-attested-unreviewed
獻,zh-Hant-TW,xiàn,,,false,unicode-unihan-17@17.0.0:kMandarin,kMandarin,source-attested-unreviewed
獻,zh-Hant-TW,suō,,,false,unicode-unihan-17@17.0.0:kHanyuPinyin,kHanyuPinyin,source-attested-unreviewed
獻,zh-Hant-TW,xī,,,false,unicode-unihan-17@17.0.0:kHanyuPinyin,kHanyuPinyin,source-attested-unreviewed
府,yue-HK,fu2,,,false,unicode-unihan-17@17.0.0:kCantonese,kCantonese,source-attested-unreviewed
府,zh-Hant-TW,fǔ,,,false,unicode-unihan-17@17.0.0:kMandarin,kMandarin,source-attested-unreviewed
附,yue-HK,fu6,,,false,unicode-unihan-17@17.0.0:kCantonese,kCantonese,source-attested-unreviewed
附,zh-Hant-TW,fù,,,false,unicode-unihan-17@17.0.0:kMandarin,kMandarin,source-attested-unreviewed
附,zh-Hant-TW,bù,,,false,unicode-unihan-17@17.0.0:kHanyuPinyin,kHanyuPinyin,source-attested-unreviewed
附,zh-Hant-TW,fū,,,false,unicode-unihan-17@17.0.0:kHanyuPinyin,kHanyuPinyin,source-attested-unreviewed
須,yue-HK,seoi1,,,false,unicode-unihan-17@17.0.0:kCantonese,kCantonese,source-attested-unreviewed
須,zh-Hant-TW,xū,,,false,unicode-unihan-17@17.0.0:kMandarin,kMandarin,source-attested-unreviewed
滑,yue-HK,waat6,,,false,unicode-unihan-17@17.0.0:kCantonese,kCantonese,source-attested-unreviewed
滑,zh-Hant-TW,huá,,,false,unicode-unihan-17@17.0.0:kMandarin,kMandarin,source-attested-unreviewed
滑,zh-Hant-TW,hua,attested-count:27,,false,unicode-unihan-17@17.0.0:kHanyuPinlu,kHanyuPinlu,source-attested-unreviewed
滑,zh-Hant-TW,gǔ,,,false,unicode-unihan-17@17.0.0:kHanyuPinyin,kHanyuPinyin,source-attested-unreviewed
嘩,yue-HK,waa1,,,false,unicode-unihan-17@17.0.0:kCantonese,kCantonese,source-attested-unreviewed
嘩,zh-Hant-TW,huā,,,false,unicode-unihan-17@17.0.0:kMandarin,kMandarin,source-attested-unreviewed
嘩,zh-Hant-TW,huá,,,false,unicode-unihan-17@17.0.0:kHanyuPinyin,kHanyuPinyin,source-attested-unreviewed
慶,yue-HK,hing3,,,false,unicode-unihan-17@17.0.0:kCantonese,kCantonese,source-attested-unreviewed
慶,zh-Hant-TW,qìng,,,false,unicode-unihan-17@17.0.0:kMandarin,kMandarin,source-attested-unreviewed
慶,zh-Hant-TW,qīng,,,false,unicode-unihan-17@17.0.0:kHanyuPinyin,kHanyuPinyin,source-attested-unreviewed
慶,zh-Hant-TW,qiāng,,,false,unicode-unihan-17@17.0.0:kHanyuPinyin,kHanyuPinyin,source-attested-unreviewed
肉,yue-HK,juk6,,,false,unicode-unihan-17@17.0.0:kCantonese,kCantonese,source-attested-unreviewed
肉,zh-Hant-TW,ròu,,,false,unicode-unihan-17@17.0.0:kMandarin,kMandarin,source-attested-unreviewed
肉,zh-Hant-TW,rù,,,false,unicode-unihan-17@17.0.0:kHanyuPinyin,kHanyuPinyin,source-attested-unreviewed
喂,yue-HK,wai3,,,false,unicode-unihan-17@17.0.0:kCantonese,kCantonese,source-attested-unreviewed
喂,zh-Hant-TW,wèi,,,false,unicode-unihan-17@17.0.0:kMandarin,kMandarin,source-attested-unreviewed
維,yue-HK,wai4,,,false,unicode-unihan-17@17.0.0:kCantonese,kCantonese,source-attested-unreviewed
維,zh-Hant-TW,wéi,,,false,unicode-unihan-17@17.0.0:kMandarin,kMandarin,source-attested-unreviewed
維,zh-Hant-TW,yí,,,false,unicode-unihan-17@17.0.0:kHanyuPinyin,kHanyuPinyin,source-attested-unreviewed
鬧,yue-HK,naau6,,,false,unicode-unihan-17@17.0.0:kCantonese,kCantonese,source-attested-unreviewed
鬧,zh-Hant-TW,nào,,,false,unicode-unihan-17@17.0.0:kMandarin,kMandarin,source-attested-unreviewed
鬧,zh-Hant-TW,nao,attested-count:68,,false,unicode-unihan-17@17.0.0:kHanyuPinlu,kHanyuPinlu,source-attested-unreviewed
柳,yue-HK,lau5,,,false,unicode-unihan-17@17.0.0:kCantonese,kCantonese,source-attested-unreviewed
柳,zh-Hant-TW,liǔ,,,false,unicode-unihan-17@17.0.0:kMandarin,kMandarin,source-attested-unreviewed
洲,yue-HK,zau1,,,false,unicode-unihan-17@17.0.0:kCantonese,kCantonese,source-attested-unreviewed
洲,zh-Hant-TW,zhōu,,,false,unicode-unihan-17@17.0.0:kMandarin,kMandarin,source-attested-unreviewed
捉,yue-HK,zuk1,,,false,unicode-unihan-17@17.0.0:kCantonese,kCantonese,source-attested-unreviewed
捉,zh-Hant-TW,zhuō,,,false,unicode-unihan-17@17.0.0:kMandarin,kMandarin,source-attested-unreviewed
澤,yue-HK,zaak6,,,false,unicode-unihan-17@17.0.0:kCantonese,kCantonese,source-attested-unreviewed
澤,zh-Hant-TW,zé,,,false,unicode-unihan-17@17.0.0:kMandarin,kMandarin,source-attested-unreviewed
澤,zh-Hant-TW,shì,,,false,unicode-unihan-17@17.0.0:kHanyuPinyin,kHanyuPinyin,source-attested-unreviewed
澤,zh-Hant-TW,yì,,,false,unicode-unihan-17@17.0.0:kHanyuPinyin,kHanyuPinyin,source-attested-unreviewed
澤,zh-Hant-TW,duó,,,false,unicode-unihan-17@17.0.0:kHanyuPinyin,kHanyuPinyin,source-attested-unreviewed
館,yue-HK,gun2,,,false,unicode-unihan-17@17.0.0:kCantonese,kCantonese,source-attested-unreviewed
館,zh-Hant-TW,guǎn,,,false,unicode-unihan-17@17.0.0:kMandarin,kMandarin,source-attested-unreviewed
嚕,yue-HK,lou1,,,false,unicode-unihan-17@17.0.0:kCantonese,kCantonese,source-attested-unreviewed
嚕,zh-Hant-TW,lǔ,,,false,unicode-unihan-17@17.0.0:kMandarin,kMandarin,source-attested-unreviewed
嚕,zh-Hant-TW,lū,,,false,unicode-unihan-17@17.0.0:kHanyuPinyin,kHanyuPinyin,source-attested-unreviewed
珍,yue-HK,zan1,,,false,unicode-unihan-17@17.0.0:kCantonese,kCantonese,source-attested-unreviewed
珍,zh-Hant-TW,zhēn,,,false,unicode-unihan-17@17.0.0:kMandarin,kMandarin,source-attested-unreviewed
腰,yue-HK,jiu1,,,false,unicode-unihan-17@17.0.0:kCantonese,kCantonese,source-attested-unreviewed
腰,zh-Hant-TW,yāo,,,false,unicode-unihan-17@17.0.0:kMandarin,kMandarin,source-attested-unreviewed
龍,yue-HK,lung4,,,false,unicode-unihan-17@17.0.0:kCantonese,kCantonese,source-attested-unreviewed
龍,zh-Hant-TW,lóng,,,false,unicode-unihan-17@17.0.0:kMandarin,kMandarin,source-attested-unreviewed
龍,zh-Hant-TW,máng,,,false,unicode-unihan-17@17.0.0:kHanyuPinyin,kHanyuPinyin,source-attested-unreviewed
靈,yue-HK,ling4,,,false,unicode-unihan-17@17.0.0:kCantonese,kCantonese,source-attested-unreviewed
靈,zh-Hant-TW,líng,,,false,unicode-unihan-17@17.0.0:kMandarin,kMandarin,source-attested-unreviewed
靈,zh-Hant-TW,ling,attested-count:15,,false,unicode-unihan-17@17.0.0:kHanyuPinlu,kHanyuPinlu,source-attested-unreviewed
托,yue-HK,tok3,,,false,unicode-unihan-17@17.0.0:kCantonese,kCantonese,source-attested-unreviewed
托,zh-Hant-TW,tuō,,,false,unicode-unihan-17@17.0.0:kMandarin,kMandarin,source-attested-unreviewed
治,yue-HK,zi6,,,false,unicode-unihan-17@17.0.0:kCantonese,kCantonese,source-attested-unreviewed
治,yue-HK,ci4,"mandarin-mapping:zhì,chí",,false,unicode-unihan-17@17.0.0:kSMSZD2003Readings,kSMSZD2003Readings,source-attested-unreviewed
治,zh-Hant-TW,zhì,,,false,unicode-unihan-17@17.0.0:kMandarin,kMandarin,source-attested-unreviewed
治,zh-Hant-TW,chí,,,false,unicode-unihan-17@17.0.0:kHanyuPinyin,kHanyuPinyin,source-attested-unreviewed
芽,yue-HK,ngaa4,,,false,unicode-unihan-17@17.0.0:kCantonese,kCantonese,source-attested-unreviewed
芽,zh-Hant-TW,yá,,,false,unicode-unihan-17@17.0.0:kMandarin,kMandarin,source-attested-unreviewed
桶,yue-HK,tung2,,,false,unicode-unihan-17@17.0.0:kCantonese,kCantonese,source-attested-unreviewed
桶,zh-Hant-TW,tǒng,,,false,unicode-unihan-17@17.0.0:kMandarin,kMandarin,source-attested-unreviewed
郵,yue-HK,jau4,,,false,unicode-unihan-17@17.0.0:kCantonese,kCantonese,source-attested-unreviewed
郵,zh-Hant-TW,yóu,,,false,unicode-unihan-17@17.0.0:kMandarin,kMandarin,source-attested-unreviewed
郵,zh-Hant-TW,chuí,,,false,unicode-unihan-17@17.0.0:kHanyuPinyin,kHanyuPinyin,source-attested-unreviewed
遍,yue-HK,pin3,,,false,unicode-unihan-17@17.0.0:kCantonese,kCantonese,source-attested-unreviewed
遍,zh-Hant-TW,biàn,,,false,unicode-unihan-17@17.0.0:kMandarin,kMandarin,source-attested-unreviewed
奮,yue-HK,fan5,,,false,unicode-unihan-17@17.0.0:kCantonese,kCantonese,source-attested-unreviewed
奮,zh-Hant-TW,fèn,,,false,unicode-unihan-17@17.0.0:kMandarin,kMandarin,source-attested-unreviewed
擔,yue-HK,daam1,,,false,unicode-unihan-17@17.0.0:kCantonese,kCantonese,source-attested-unreviewed
擔,yue-HK,daam3,mandarin-mapping:dàn,,false,unicode-unihan-17@17.0.0:kSMSZD2003Readings,kSMSZD2003Readings,source-attested-unreviewed
擔,zh-Hant-TW,dān,,,false,unicode-unihan-17@17.0.0:kMandarin,kMandarin,source-attested-unreviewed
擔,zh-Hant-TW,dàn,attested-count:61,,false,unicode-unihan-17@17.0.0:kHanyuPinlu,kHanyuPinlu,source-attested-unreviewed
擔,zh-Hant-TW,dan,attested-count:36,,false,unicode-unihan-17@17.0.0:kHanyuPinlu,kHanyuPinlu,source-attested-unreviewed
擔,zh-Hant-TW,shàn,,,false,unicode-unihan-17@17.0.0:kHanyuPinyin,kHanyuPinyin,source-attested-unreviewed
屬,yue-HK,suk6,,,false,unicode-unihan-17@17.0.0:kCantonese,kCantonese,source-attested-unreviewed
屬,yue-HK,zuk1,mandarin-mapping:zhǔ,,false,unicode-unihan-17@17.0.0:kSMSZD2003Readings,kSMSZD2003Readings,source-attested-unreviewed
屬,zh-Hant-TW,shǔ,,,false,unicode-unihan-17@17.0.0:kMandarin,kMandarin,source-attested-unreviewed
屬,zh-Hant-TW,zhǔ,,,false,unicode-unihan-17@17.0.0:kHanyuPinyin,kHanyuPinyin,source-attested-unreviewed
夥,yue-HK,fo2,,,false,unicode-unihan-17@17.0.0:kCantonese,kCantonese,source-attested-unreviewed
夥,zh-Hant-TW,huǒ,,,false,unicode-unihan-17@17.0.0:kMandarin,kMandarin,source-attested-unreviewed
委,yue-HK,wai2,,,false,unicode-unihan-17@17.0.0:kCantonese,kCantonese,source-attested-unreviewed
委,yue-HK,wai1,mandarin-mapping:wēi,,false,unicode-unihan-17@17.0.0:kSMSZD2003Readings,kSMSZD2003Readings,source-attested-unreviewed
委,zh-Hant-TW,wěi,,,false,unicode-unihan-17@17.0.0:kMandarin,kMandarin,source-attested-unreviewed
委,zh-Hant-TW,wēi,,,false,unicode-unihan-17@17.0.0:kHanyuPinyin,kHanyuPinyin,source-attested-unreviewed
委,zh-Hant-TW,wèi,,,false,unicode-unihan-17@17.0.0:kHanyuPinyin,kHanyuPinyin,source-attested-unreviewed
則,yue-HK,zak1,,,false,unicode-unihan-17@17.0.0:kCantonese,kCantonese,source-attested-unreviewed
則,zh-Hant-TW,zé,,,false,unicode-unihan-17@17.0.0:kMandarin,kMandarin,source-attested-unreviewed
待,yue-HK,doi6,,,false,unicode-unihan-17@17.0.0:kCantonese,kCantonese,source-attested-unreviewed
待,zh-Hant-TW,dài,,,false,unicode-unihan-17@17.0.0:kMandarin,kMandarin,source-attested-unreviewed
待,zh-Hant-TW,dāi,,,false,unicode-unihan-17@17.0.0:kHanyuPinyin,kHanyuPinyin,source-attested-unreviewed
派,yue-HK,paai3,,,false,unicode-unihan-17@17.0.0:kCantonese,kCantonese,source-attested-unreviewed
派,zh-Hant-TW,pài,,,false,unicode-unihan-17@17.0.0:kMandarin,kMandarin,source-attested-unreviewed
派,zh-Hant-TW,mài,,,false,unicode-unihan-17@17.0.0:kHanyuPinyin,kHanyuPinyin,source-attested-unreviewed
派,zh-Hant-TW,bài,,,false,unicode-unihan-17@17.0.0:kHanyuPinyin,kHanyuPinyin,source-attested-unreviewed
派,zh-Hant-TW,pā,,,false,unicode-unihan-17@17.0.0:kHanyuPinyin,kHanyuPinyin,source-attested-unreviewed
盛,yue-HK,sing6,,,false,unicode-unihan-17@17.0.0:kCantonese,kCantonese,source-attested-unreviewed
盛,yue-HK,sing4,mandarin-mapping:chéng,,false,unicode-unihan-17@17.0.0:kSMSZD2003Readings,kSMSZD2003Readings,source-attested-unreviewed
盛,zh-Hant-TW,shèng,,,false,unicode-unihan-17@17.0.0:kMandarin,kMandarin,source-attested-unreviewed
盛,zh-Hant-TW,chéng,attested-count:43,,false,unicode-unihan-17@17.0.0:kHanyuPinlu,kHanyuPinlu,source-attested-unreviewed
築,yue-HK,zuk1,,,false,unicode-unihan-17@17.0.0:kCantonese,kCantonese,source-attested-unreviewed
築,zh-Hant-TW,zhú,,,false,unicode-unihan-17@17.0.0:kMandarin,kMandarin,source-attested-unreviewed
築,zh-Hant-TW,zhù,,,false,unicode-unihan-17@17.0.0:kHanyuPinyin,kHanyuPinyin,source-attested-unreviewed
階,yue-HK,gaai1,,,false,unicode-unihan-17@17.0.0:kCantonese,kCantonese,source-attested-unreviewed
階,zh-Hant-TW,jiē,,,false,unicode-unihan-17@17.0.0:kMandarin,kMandarin,source-attested-unreviewed
蜂,yue-HK,fung1,,,false,unicode-unihan-17@17.0.0:kCantonese,kCantonese,source-attested-unreviewed
蜂,zh-Hant-TW,fēng,,,false,unicode-unihan-17@17.0.0:kMandarin,kMandarin,source-attested-unreviewed
尺,yue-HK,cek3,,,false,unicode-unihan-17@17.0.0:kCantonese,kCantonese,source-attested-unreviewed
尺,yue-HK,ce2,mandarin-mapping:chě,,false,unicode-unihan-17@17.0.0:kSMSZD2003Readings,kSMSZD2003Readings,source-attested-unreviewed
尺,zh-Hant-TW,chǐ,,,false,unicode-unihan-17@17.0.0:kMandarin,kMandarin,source-attested-unreviewed
尺,zh-Hant-TW,chě,,,false,unicode-unihan-17@17.0.0:kHanyuPinyin,kHanyuPinyin,source-attested-unreviewed
乎,yue-HK,fu4,,,false,unicode-unihan-17@17.0.0:kCantonese,kCantonese,source-attested-unreviewed
乎,zh-Hant-TW,hū,,,false,unicode-unihan-17@17.0.0:kMandarin,kMandarin,source-attested-unreviewed
乎,zh-Hant-TW,hu,attested-count:304,,false,unicode-unihan-17@17.0.0:kHanyuPinlu,kHanyuPinlu,source-attested-unreviewed
侵,yue-HK,cam1,,,false,unicode-unihan-17@17.0.0:kCantonese,kCantonese,source-attested-unreviewed
侵,zh-Hant-TW,qīn,,,false,unicode-unihan-17@17.0.0:kMandarin,kMandarin,source-attested-unreviewed
侵,zh-Hant-TW,qǐn,,,false,unicode-unihan-17@17.0.0:kHanyuPinyin,kHanyuPinyin,source-attested-unreviewed
淨,yue-HK,zing6,,,false,unicode-unihan-17@17.0.0:kCantonese,kCantonese,source-attested-unreviewed
淨,zh-Hant-TW,jìng,,,false,unicode-unihan-17@17.0.0:kMandarin,kMandarin,source-attested-unreviewed
淨,zh-Hant-TW,chéng,,,false,unicode-unihan-17@17.0.0:kHanyuPinyin,kHanyuPinyin,source-attested-unreviewed
溪,yue-HK,kai1,,,false,unicode-unihan-17@17.0.0:kCantonese,kCantonese,source-attested-unreviewed
溪,zh-Hant-TW,xī,,,false,unicode-unihan-17@17.0.0:kMandarin,kMandarin,source-attested-unreviewed
溪,zh-Hant-TW,qī,,,false,unicode-unihan-17@17.0.0:kHanyuPinyin,kHanyuPinyin,source-attested-unreviewed
歸,yue-HK,gwai1,,,false,unicode-unihan-17@17.0.0:kCantonese,kCantonese,source-attested-unreviewed
歸,zh-Hant-TW,guī,,,false,unicode-unihan-17@17.0.0:kMandarin,kMandarin,source-attested-unreviewed
歸,zh-Hant-TW,kuì,,,false,unicode-unihan-17@17.0.0:kHanyuPinyin,kHanyuPinyin,source-attested-unreviewed
歸,zh-Hant-TW,kuí,,,false,unicode-unihan-17@17.0.0:kHanyuPinyin,kHanyuPinyin,source-attested-unreviewed
票,yue-HK,piu3,,,false,unicode-unihan-17@17.0.0:kCantonese,kCantonese,source-attested-unreviewed
票,zh-Hant-TW,piào,,,false,unicode-unihan-17@17.0.0:kMandarin,kMandarin,source-attested-unreviewed
票,zh-Hant-TW,piāo,,,false,unicode-unihan-17@17.0.0:kHanyuPinyin,kHanyuPinyin,source-attested-unreviewed
尊,yue-HK,zyun1,,,false,unicode-unihan-17@17.0.0:kCantonese,kCantonese,source-attested-unreviewed
尊,zh-Hant-TW,zūn,,,false,unicode-unihan-17@17.0.0:kMandarin,kMandarin,source-attested-unreviewed
熟,yue-HK,suk6,,,false,unicode-unihan-17@17.0.0:kCantonese,kCantonese,source-attested-unreviewed
熟,zh-Hant-TW,shú,,,false,unicode-unihan-17@17.0.0:kMandarin,kMandarin,source-attested-unreviewed
熟,zh-Hant-TW,shóu,,,false,unicode-unihan-17@17.0.0:kHanyuPinyin,kHanyuPinyin,source-attested-unreviewed
績,yue-HK,zik1,,,false,unicode-unihan-17@17.0.0:kCantonese,kCantonese,source-attested-unreviewed
績,zh-Hant-TW,jī,,,false,unicode-unihan-17@17.0.0:kMandarin,kMandarin,source-attested-unreviewed
譯,yue-HK,jik6,,,false,unicode-unihan-17@17.0.0:kCantonese,kCantonese,source-attested-unreviewed
譯,zh-Hant-TW,yì,,,false,unicode-unihan-17@17.0.0:kMandarin,kMandarin,source-attested-unreviewed
忘,yue-HK,mong4,,,false,unicode-unihan-17@17.0.0:kCantonese,kCantonese,source-attested-unreviewed
忘,zh-Hant-TW,wàng,,,false,unicode-unihan-17@17.0.0:kMandarin,kMandarin,source-attested-unreviewed
典,yue-HK,din2,,,false,unicode-unihan-17@17.0.0:kCantonese,kCantonese,source-attested-unreviewed
典,zh-Hant-TW,diǎn,,,false,unicode-unihan-17@17.0.0:kMandarin,kMandarin,source-attested-unreviewed
典,zh-Hant-TW,tiǎn,,,false,unicode-unihan-17@17.0.0:kHanyuPinyin,kHanyuPinyin,source-attested-unreviewed
咱,yue-HK,zaa1,,,false,unicode-unihan-17@17.0.0:kCantonese,kCantonese,source-attested-unreviewed
咱,zh-Hant-TW,zán,,,false,unicode-unihan-17@17.0.0:kMandarin,kMandarin,source-attested-unreviewed
咱,zh-Hant-TW,zan,attested-count:11,,false,unicode-unihan-17@17.0.0:kHanyuPinlu,kHanyuPinlu,source-attested-unreviewed
咱,zh-Hant-TW,zá,,,false,unicode-unihan-17@17.0.0:kHanyuPinyin,kHanyuPinyin,source-attested-unreviewed
咱,zh-Hant-TW,zǎ,,,false,unicode-unihan-17@17.0.0:kHanyuPinyin,kHanyuPinyin,source-attested-unreviewed
痛,yue-HK,tung3,,,false,unicode-unihan-17@17.0.0:kCantonese,kCantonese,source-attested-unreviewed
痛,zh-Hant-TW,tòng,,,false,unicode-unihan-17@17.0.0:kMandarin,kMandarin,source-attested-unreviewed
舒,yue-HK,syu1,,,false,unicode-unihan-17@17.0.0:kCantonese,kCantonese,source-attested-unreviewed
舒,zh-Hant-TW,shū,,,false,unicode-unihan-17@17.0.0:kMandarin,kMandarin,source-attested-unreviewed
舒,zh-Hant-TW,yù,,,false,unicode-unihan-17@17.0.0:kHanyuPinyin,kHanyuPinyin,source-attested-unreviewed
概,yue-HK,koi3,,,false,unicode-unihan-17@17.0.0:kCantonese,kCantonese,source-attested-unreviewed
概,zh-Hant-TW,gài,,,false,unicode-unihan-17@17.0.0:kMandarin,kMandarin,source-attested-unreviewed
概,zh-Hant-TW,guì,,,false,unicode-unihan-17@17.0.0:kHanyuPinyin,kHanyuPinyin,source-attested-unreviewed
概,zh-Hant-TW,jié,,,false,unicode-unihan-17@17.0.0:kHanyuPinyin,kHanyuPinyin,source-attested-unreviewed
碗,yue-HK,wun2,,,false,unicode-unihan-17@17.0.0:kCantonese,kCantonese,source-attested-unreviewed
碗,zh-Hant-TW,wǎn,,,false,unicode-unihan-17@17.0.0:kMandarin,kMandarin,source-attested-unreviewed
豎,yue-HK,syu6,,,false,unicode-unihan-17@17.0.0:kCantonese,kCantonese,source-attested-unreviewed
豎,zh-Hant-TW,shù,,,false,unicode-unihan-17@17.0.0:kMandarin,kMandarin,source-attested-unreviewed
嶺,yue-HK,ling5,,,false,unicode-unihan-17@17.0.0:kCantonese,kCantonese,source-attested-unreviewed
嶺,zh-Hant-TW,lǐng,,,false,unicode-unihan-17@17.0.0:kMandarin,kMandarin,source-attested-unreviewed
刺,yue-HK,ci3,,,false,unicode-unihan-17@17.0.0:kCantonese,kCantonese,source-attested-unreviewed
刺,yue-HK,cik3,mandarin-mapping:cì,,false,unicode-unihan-17@17.0.0:kSMSZD2003Readings,kSMSZD2003Readings,source-attested-unreviewed
刺,zh-Hant-TW,cì,,,false,unicode-unihan-17@17.0.0:kMandarin,kMandarin,source-attested-unreviewed
刺,zh-Hant-TW,qì,,,false,unicode-unihan-17@17.0.0:kHanyuPinyin,kHanyuPinyin,source-attested-unreviewed
刺,zh-Hant-TW,cī,,,false,unicode-unihan-17@17.0.0:kHanyuPinyin,kHanyuPinyin,source-attested-unreviewed
追,yue-HK,zeoi1,,,false,unicode-unihan-17@17.0.0:kCantonese,kCantonese,source-attested-unreviewed
追,zh-Hant-TW,zhuī,,,false,unicode-unihan-17@17.0.0:kMandarin,kMandarin,source-attested-unreviewed
追,zh-Hant-TW,duī,,,false,unicode-unihan-17@17.0.0:kHanyuPinyin,kHanyuPinyin,source-attested-unreviewed
追,zh-Hant-TW,tuī,,,false,unicode-unihan-17@17.0.0:kHanyuPinyin,kHanyuPinyin,source-attested-unreviewed
健,yue-HK,gin6,,,false,unicode-unihan-17@17.0.0:kCantonese,kCantonese,source-attested-unreviewed
健,zh-Hant-TW,jiàn,,,false,unicode-unihan-17@17.0.0:kMandarin,kMandarin,source-attested-unreviewed
磚,yue-HK,zyun1,,,false,unicode-unihan-17@17.0.0:kCantonese,kCantonese,source-attested-unreviewed
磚,zh-Hant-TW,zhuān,,,false,unicode-unihan-17@17.0.0:kMandarin,kMandarin,source-attested-unreviewed
磚,zh-Hant-TW,tuán,,,false,unicode-unihan-17@17.0.0:kHanyuPinyin,kHanyuPinyin,source-attested-unreviewed
磚,zh-Hant-TW,tuó,,,false,unicode-unihan-17@17.0.0:kHanyuPinyin,kHanyuPinyin,source-attested-unreviewed
休,yue-HK,jau1,,,false,unicode-unihan-17@17.0.0:kCantonese,kCantonese,source-attested-unreviewed
休,zh-Hant-TW,xiū,,,false,unicode-unihan-17@17.0.0:kMandarin,kMandarin,source-attested-unreviewed
休,zh-Hant-TW,xù,,,false,unicode-unihan-17@17.0.0:kHanyuPinyin,kHanyuPinyin,source-attested-unreviewed
徵,yue-HK,zi2,,,false,unicode-unihan-17@17.0.0:kCantonese,kCantonese,source-attested-unreviewed
徵,yue-HK,zing1,mandarin-mapping:zhēng,,false,unicode-unihan-17@17.0.0:kSMSZD2003Readings,kSMSZD2003Readings,source-attested-unreviewed
徵,zh-Hant-TW,zhǐ,,,false,unicode-unihan-17@17.0.0:kMandarin,kMandarin,source-attested-unreviewed
徵,zh-Hant-TW,zhēng,,,false,unicode-unihan-17@17.0.0:kMandarin,kMandarin,source-attested-unreviewed
徵,zh-Hant-TW,chéng,,,false,unicode-unihan-17@17.0.0:kHanyuPinyin,kHanyuPinyin,source-attested-unreviewed
借,yue-HK,ze3,,,false,unicode-unihan-17@17.0.0:kCantonese,kCantonese,source-attested-unreviewed
借,zh-Hant-TW,jiè,,,false,unicode-unihan-17@17.0.0:kMandarin,kMandarin,source-attested-unreviewed
骨,yue-HK,gwat1,,,false,unicode-unihan-17@17.0.0:kCantonese,kCantonese,source-attested-unreviewed
骨,zh-Hant-TW,gǔ,,,false,unicode-unihan-17@17.0.0:kMandarin,kMandarin,source-attested-unreviewed
骨,zh-Hant-TW,gú,attested-count:62,,false,unicode-unihan-17@17.0.0:kHanyuPinlu,kHanyuPinlu,source-attested-unreviewed
骨,zh-Hant-TW,gū,,,false,unicode-unihan-17@17.0.0:kHanyuPinyin,kHanyuPinyin,source-attested-unreviewed
奧,yue-HK,ou3,,,false,unicode-unihan-17@17.0.0:kCantonese,kCantonese,source-attested-unreviewed
奧,zh-Hant-TW,ào,,,false,unicode-unihan-17@17.0.0:kMandarin,kMandarin,source-attested-unreviewed
暗,yue-HK,am3,,,false,unicode-unihan-17@17.0.0:kCantonese,kCantonese,source-attested-unreviewed
暗,zh-Hant-TW,àn,,,false,unicode-unihan-17@17.0.0:kMandarin,kMandarin,source-attested-unreviewed
碰,yue-HK,pung3,,,false,unicode-unihan-17@17.0.0:kCantonese,kCantonese,source-attested-unreviewed
碰,zh-Hant-TW,pèng,,,false,unicode-unihan-17@17.0.0:kMandarin,kMandarin,source-attested-unreviewed
蕩,yue-HK,dong6,,,false,unicode-unihan-17@17.0.0:kCantonese,kCantonese,source-attested-unreviewed
蕩,zh-Hant-TW,dàng,,,false,unicode-unihan-17@17.0.0:kMandarin,kMandarin,source-attested-unreviewed
蕩,zh-Hant-TW,tāng,,,false,unicode-unihan-17@17.0.0:kHanyuPinyin,kHanyuPinyin,source-attested-unreviewed
蕩,zh-Hant-TW,tàng,,,false,unicode-unihan-17@17.0.0:kHanyuPinyin,kHanyuPinyin,source-attested-unreviewed
牙,yue-HK,ngaa4,,,false,unicode-unihan-17@17.0.0:kCantonese,kCantonese,source-attested-unreviewed
牙,zh-Hant-TW,yá,,,false,unicode-unihan-17@17.0.0:kMandarin,kMandarin,source-attested-unreviewed
牙,zh-Hant-TW,yà,,,false,unicode-unihan-17@17.0.0:kHanyuPinyin,kHanyuPinyin,source-attested-unreviewed
念,yue-HK,nim6,,,false,unicode-unihan-17@17.0.0:kCantonese,kCantonese,source-attested-unreviewed
念,zh-Hant-TW,niàn,,,false,unicode-unihan-17@17.0.0:kMandarin,kMandarin,source-attested-unreviewed
怪,yue-HK,gwaai3,,,false,unicode-unihan-17@17.0.0:kCantonese,kCantonese,source-attested-unreviewed
怪,zh-Hant-TW,guài,,,false,unicode-unihan-17@17.0.0:kMandarin,kMandarin,source-attested-unreviewed
勁,yue-HK,ging6,,,false,unicode-unihan-17@17.0.0:kCantonese,kCantonese,source-attested-unreviewed
勁,yue-HK,ging3,mandarin-mapping:jìn,,false,unicode-unihan-17@17.0.0:kSMSZD2003Readings,kSMSZD2003Readings,source-attested-unreviewed
勁,zh-Hant-TW,jìn,,,false,unicode-unihan-17@17.0.0:kMandarin,kMandarin,source-attested-unreviewed
勁,zh-Hant-TW,jìng,,,false,unicode-unihan-17@17.0.0:kHanyuPinyin,kHanyuPinyin,source-attested-unreviewed
娃,yue-HK,waa1,,,false,unicode-unihan-17@17.0.0:kCantonese,kCantonese,source-attested-unreviewed
娃,zh-Hant-TW,wá,,,false,unicode-unihan-17@17.0.0:kMandarin,kMandarin,source-attested-unreviewed
娃,zh-Hant-TW,wa,attested-count:44,,false,unicode-unihan-17@17.0.0:kHanyuPinlu,kHanyuPinlu,source-attested-unreviewed
娃,zh-Hant-TW,wā,,,false,unicode-unihan-17@17.0.0:kHanyuPinyin,kHanyuPinyin,source-attested-unreviewed
娃,zh-Hant-TW,guì,,,false,unicode-unihan-17@17.0.0:kHanyuPinyin,kHanyuPinyin,source-attested-unreviewed
榮,yue-HK,wing4,,,false,unicode-unihan-17@17.0.0:kCantonese,kCantonese,source-attested-unreviewed
榮,zh-Hant-TW,róng,,,false,unicode-unihan-17@17.0.0:kMandarin,kMandarin,source-attested-unreviewed
蜜,yue-HK,mat6,,,false,unicode-unihan-17@17.0.0:kCantonese,kCantonese,source-attested-unreviewed
蜜,zh-Hant-TW,mì,,,false,unicode-unihan-17@17.0.0:kMandarin,kMandarin,source-attested-unreviewed
險,yue-HK,him2,,,false,unicode-unihan-17@17.0.0:kCantonese,kCantonese,source-attested-unreviewed
險,zh-Hant-TW,xiǎn,,,false,unicode-unihan-17@17.0.0:kMandarin,kMandarin,source-attested-unreviewed
險,zh-Hant-TW,jiǎn,,,false,unicode-unihan-17@17.0.0:kHanyuPinyin,kHanyuPinyin,source-attested-unreviewed
險,zh-Hant-TW,yán,,,false,unicode-unihan-17@17.0.0:kHanyuPinyin,kHanyuPinyin,source-attested-unreviewed
藏,yue-HK,cong4,,,false,unicode-unihan-17@17.0.0:kCantonese,kCantonese,source-attested-unreviewed
藏,yue-HK,zong6,mandarin-mapping:zàng,,false,unicode-unihan-17@17.0.0:kSMSZD2003Readings,kSMSZD2003Readings,source-attested-unreviewed
藏,zh-Hant-TW,cáng,,,false,unicode-unihan-17@17.0.0:kMandarin,kMandarin,source-attested-unreviewed
藏,zh-Hant-TW,zàng,,,false,unicode-unihan-17@17.0.0:kHanyuPinyin,kHanyuPinyin,source-attested-unreviewed
藏,zh-Hant-TW,zāng,,,false,unicode-unihan-17@17.0.0:kHanyuPinyin,kHanyuPinyin,source-attested-unreviewed
弄,yue-HK,lung6,,,false,unicode-unihan-17@17.0.0:kCantonese,kCantonese,source-attested-unreviewed
弄,zh-Hant-TW,nòng,,,false,unicode-unihan-17@17.0.0:kMandarin,kMandarin,source-attested-unreviewed
弄,zh-Hant-TW,lòng,,,false,unicode-unihan-17@17.0.0:kHanyuPinyin,kHanyuPinyin,source-attested-unreviewed
威,yue-HK,wai1,,,false,unicode-unihan-17@17.0.0:kCantonese,kCantonese,source-attested-unreviewed
威,zh-Hant-TW,wēi,,,false,unicode-unihan-17@17.0.0:kMandarin,kMandarin,source-attested-unreviewed
染,yue-HK,jim5,,,false,unicode-unihan-17@17.0.0:kCantonese,kCantonese,source-attested-unreviewed
染,zh-Hant-TW,rǎn,,,false,unicode-unihan-17@17.0.0:kMandarin,kMandarin,source-attested-unreviewed
盆,yue-HK,pun4,,,false,unicode-unihan-17@17.0.0:kCantonese,kCantonese,source-attested-unreviewed
盆,zh-Hant-TW,pén,,,false,unicode-unihan-17@17.0.0:kMandarin,kMandarin,source-attested-unreviewed
旅,yue-HK,leoi5,,,false,unicode-unihan-17@17.0.0:kCantonese,kCantonese,source-attested-unreviewed
旅,zh-Hant-TW,lǚ,,,false,unicode-unihan-17@17.0.0:kMandarin,kMandarin,source-attested-unreviewed
鬼,yue-HK,gwai2,,,false,unicode-unihan-17@17.0.0:kCantonese,kCantonese,source-attested-unreviewed
鬼,zh-Hant-TW,guǐ,,,false,unicode-unihan-17@17.0.0:kMandarin,kMandarin,source-attested-unreviewed
笛,yue-HK,dek6,,,false,unicode-unihan-17@17.0.0:kCantonese,kCantonese,source-attested-unreviewed
笛,zh-Hant-TW,dí,,,false,unicode-unihan-17@17.0.0:kMandarin,kMandarin,source-attested-unreviewed
曾,yue-HK,zang1,,,false,unicode-unihan-17@17.0.0:kCantonese,kCantonese,source-attested-unreviewed
曾,yue-HK,cang4,mandarin-mapping:céng,,false,unicode-unihan-17@17.0.0:kSMSZD2003Readings,kSMSZD2003Readings,source-attested-unreviewed
曾,zh-Hant-TW,céng,,,false,unicode-unihan-17@17.0.0:kMandarin,kMandarin,source-attested-unreviewed
曾,zh-Hant-TW,zēng,,,false,unicode-unihan-17@17.0.0:kHanyuPinyin,kHanyuPinyin,source-attested-unreviewed
舊,yue-HK,gau6,,,false,unicode-unihan-17@17.0.0:kCantonese,kCantonese,source-attested-unreviewed
舊,zh-Hant-TW,jiù,,,false,unicode-unihan-17@17.0.0:kMandarin,kMandarin,source-attested-unreviewed
釋,yue-HK,sik1,,,false,unicode-unihan-17@17.0.0:kCantonese,kCantonese,source-attested-unreviewed
釋,zh-Hant-TW,shì,,,false,unicode-unihan-17@17.0.0:kMandarin,kMandarin,source-attested-unreviewed
釋,zh-Hant-TW,yì,,,false,unicode-unihan-17@17.0.0:kHanyuPinyin,kHanyuPinyin,source-attested-unreviewed
丙,yue-HK,bing2,,,false,unicode-unihan-17@17.0.0:kCantonese,kCantonese,source-attested-unreviewed
丙,zh-Hant-TW,bǐng,,,false,unicode-unihan-17@17.0.0:kMandarin,kMandarin,source-attested-unreviewed
丙,zh-Hant-TW,bìng,,,false,unicode-unihan-17@17.0.0:kHanyuPinyin,kHanyuPinyin,source-attested-unreviewed
挑,yue-HK,tiu1,,,false,unicode-unihan-17@17.0.0:kCantonese,kCantonese,source-attested-unreviewed
挑,zh-Hant-TW,tiāo,,,false,unicode-unihan-17@17.0.0:kMandarin,kMandarin,source-attested-unreviewed
挑,zh-Hant-TW,tiǎo,attested-count:52,,false,unicode-unihan-17@17.0.0:kHanyuPinlu,kHanyuPinlu,source-attested-unreviewed
挑,zh-Hant-TW,táo,,,false,unicode-unihan-17@17.0.0:kHanyuPinyin,kHanyuPinyin,source-attested-unreviewed
挑,zh-Hant-TW,diào,,,false,unicode-unihan-17@17.0.0:kHanyuPinyin,kHanyuPinyin,source-attested-unreviewed
挑,zh-Hant-TW,tiáo,,,false,unicode-unihan-17@17.0.0:kHanyuPinyin,kHanyuPinyin,source-attested-unreviewed
挑,zh-Hant-TW,tiao,,,false,unicode-unihan-17@17.0.0:kHanyuPinyin,kHanyuPinyin,source-attested-unreviewed
酒,yue-HK,zau2,,,false,unicode-unihan-17@17.0.0:kCantonese,kCantonese,source-attested-unreviewed
酒,zh-Hant-TW,jiǔ,,,false,unicode-unihan-17@17.0.0:kMandarin,kMandarin,source-attested-unreviewed
喝,yue-HK,hot3,,,false,unicode-unihan-17@17.0.0:kCantonese,kCantonese,source-attested-unreviewed
喝,zh-Hant-TW,hē,,,false,unicode-unihan-17@17.0.0:kMandarin,kMandarin,source-attested-unreviewed
喝,zh-Hant-TW,he,attested-count:37,,false,unicode-unihan-17@17.0.0:kHanyuPinlu,kHanyuPinlu,source-attested-unreviewed
喝,zh-Hant-TW,hè,attested-count:19,,false,unicode-unihan-17@17.0.0:kHanyuPinlu,kHanyuPinlu,source-attested-unreviewed
喝,zh-Hant-TW,yè,,,false,unicode-unihan-17@17.0.0:kHanyuPinyin,kHanyuPinyin,source-attested-unreviewed
喝,zh-Hant-TW,kài,,,false,unicode-unihan-17@17.0.0:kHanyuPinyin,kHanyuPinyin,source-attested-unreviewed
獲,yue-HK,wok6,,,false,unicode-unihan-17@17.0.0:kCantonese,kCantonese,source-attested-unreviewed
獲,zh-Hant-TW,huò,,,false,unicode-unihan-17@17.0.0:kMandarin,kMandarin,source-attested-unreviewed
貝,yue-HK,bui3,,,false,unicode-unihan-17@17.0.0:kCantonese,kCantonese,source-attested-unreviewed
貝,zh-Hant-TW,bèi,,,false,unicode-unihan-17@17.0.0:kMandarin,kMandarin,source-attested-unreviewed
抽,yue-HK,cau1,,,false,unicode-unihan-17@17.0.0:kCantonese,kCantonese,source-attested-unreviewed
抽,zh-Hant-TW,chōu,,,false,unicode-unihan-17@17.0.0:kMandarin,kMandarin,source-attested-unreviewed
抱,yue-HK,pou5,,,false,unicode-unihan-17@17.0.0:kCantonese,kCantonese,source-attested-unreviewed
抱,zh-Hant-TW,bào,,,false,unicode-unihan-17@17.0.0:kMandarin,kMandarin,source-attested-unreviewed
抱,zh-Hant-TW,pāo,,,false,unicode-unihan-17@17.0.0:kHanyuPinyin,kHanyuPinyin,source-attested-unreviewed
抱,zh-Hant-TW,pǒu,,,false,unicode-unihan-17@17.0.0:kHanyuPinyin,kHanyuPinyin,source-attested-unreviewed
納,yue-HK,naap6,,,false,unicode-unihan-17@17.0.0:kCantonese,kCantonese,source-attested-unreviewed
納,zh-Hant-TW,nà,,,false,unicode-unihan-17@17.0.0:kMandarin,kMandarin,source-attested-unreviewed
缺,yue-HK,kyut3,,,false,unicode-unihan-17@17.0.0:kCantonese,kCantonese,source-attested-unreviewed
缺,zh-Hant-TW,quē,,,false,unicode-unihan-17@17.0.0:kMandarin,kMandarin,source-attested-unreviewed
缺,zh-Hant-TW,kuǐ,,,false,unicode-unihan-17@17.0.0:kHanyuPinyin,kHanyuPinyin,source-attested-unreviewed
討,yue-HK,tou2,,,false,unicode-unihan-17@17.0.0:kCantonese,kCantonese,source-attested-unreviewed
討,zh-Hant-TW,tǎo,,,false,unicode-unihan-17@17.0.0:kMandarin,kMandarin,source-attested-unreviewed
猛,yue-HK,maang5,,,false,unicode-unihan-17@17.0.0:kCantonese,kCantonese,source-attested-unreviewed
猛,zh-Hant-TW,měng,,,false,unicode-unihan-17@17.0.0:kMandarin,kMandarin,source-attested-unreviewed
荷,yue-HK,ho4,,,false,unicode-unihan-17@17.0.0:kCantonese,kCantonese,source-attested-unreviewed
荷,yue-HK,ho6,mandarin-mapping:hè,,false,unicode-unihan-17@17.0.0:kSMSZD2003Readings,kSMSZD2003Readings,source-attested-unreviewed
荷,zh-Hant-TW,hé,,,false,unicode-unihan-17@17.0.0:kMandarin,kMandarin,source-attested-unreviewed
荷,zh-Hant-TW,hè,,,false,unicode-unihan-17@17.0.0:kHanyuPinyin,kHanyuPinyin,source-attested-unreviewed
荷,zh-Hant-TW,hē,,,false,unicode-unihan-17@17.0.0:kHanyuPinyin,kHanyuPinyin,source-attested-unreviewed
熊,yue-HK,hung4,,,false,unicode-unihan-17@17.0.0:kCantonese,kCantonese,source-attested-unreviewed
熊,zh-Hant-TW,xióng,,,false,unicode-unihan-17@17.0.0:kMandarin,kMandarin,source-attested-unreviewed
鄰,yue-HK,leon4,,,false,unicode-unihan-17@17.0.0:kCantonese,kCantonese,source-attested-unreviewed
鄰,zh-Hant-TW,lín,,,false,unicode-unihan-17@17.0.0:kMandarin,kMandarin,source-attested-unreviewed
鄰,zh-Hant-TW,lìn,,,false,unicode-unihan-17@17.0.0:kHanyuPinyin,kHanyuPinyin,source-attested-unreviewed
鋪,yue-HK,pou1,,,false,unicode-unihan-17@17.0.0:kCantonese,kCantonese,source-attested-unreviewed
鋪,yue-HK,pou3,mandarin-mapping:pù,,false,unicode-unihan-17@17.0.0:kSMSZD2003Readings,kSMSZD2003Readings,source-attested-unreviewed
鋪,zh-Hant-TW,pù,,,false,unicode-unihan-17@17.0.0:kMandarin,kMandarin,source-attested-unreviewed
鋪,zh-Hant-TW,pū,attested-count:96,,false,unicode-unihan-17@17.0.0:kHanyuPinlu,kHanyuPinlu,source-attested-unreviewed
鋪,zh-Hant-TW,pu,attested-count:11,,false,unicode-unihan-17@17.0.0:kHanyuPinlu,kHanyuPinlu,source-attested-unreviewed
燃,yue-HK,jin4,,,false,unicode-unihan-17@17.0.0:kCantonese,kCantonese,source-attested-unreviewed
燃,zh-Hant-TW,rán,,,false,unicode-unihan-17@17.0.0:kMandarin,kMandarin,source-attested-unreviewed
繫,yue-HK,hai6,,,false,unicode-unihan-17@17.0.0:kCantonese,kCantonese,source-attested-unreviewed
繫,zh-Hant-TW,xì,,,false,unicode-unihan-17@17.0.0:kMandarin,kMandarin,source-attested-unreviewed
繫,zh-Hant-TW,jì,,,false,unicode-unihan-17@17.0.0:kHanyuPinyin,kHanyuPinyin,source-attested-unreviewed
映,yue-HK,jing2,,,false,unicode-unihan-17@17.0.0:kCantonese,kCantonese,source-attested-unreviewed
映,zh-Hant-TW,yìng,,,false,unicode-unihan-17@17.0.0:kMandarin,kMandarin,source-attested-unreviewed
映,zh-Hant-TW,yǎng,,,false,unicode-unihan-17@17.0.0:kHanyuPinyin,kHanyuPinyin,source-attested-unreviewed
挺,yue-HK,ting5,,,false,unicode-unihan-17@17.0.0:kCantonese,kCantonese,source-attested-unreviewed
挺,zh-Hant-TW,tǐng,,,false,unicode-unihan-17@17.0.0:kMandarin,kMandarin,source-attested-unreviewed
挺,zh-Hant-TW,tíng,,,false,unicode-unihan-17@17.0.0:kHanyuPinyin,kHanyuPinyin,source-attested-unreviewed
雀,yue-HK,zoek3,,,false,unicode-unihan-17@17.0.0:kCantonese,kCantonese,source-attested-unreviewed
雀,zh-Hant-TW,què,,,false,unicode-unihan-17@17.0.0:kMandarin,kMandarin,source-attested-unreviewed
雀,zh-Hant-TW,qiāo,,,false,unicode-unihan-17@17.0.0:kHanyuPinyin,kHanyuPinyin,source-attested-unreviewed
雀,zh-Hant-TW,qiǎo,,,false,unicode-unihan-17@17.0.0:kHanyuPinyin,kHanyuPinyin,source-attested-unreviewed
溝,yue-HK,kau1,,,false,unicode-unihan-17@17.0.0:kCantonese,kCantonese,source-attested-unreviewed
溝,yue-HK,gau1,mandarin-mapping:gōu,,false,unicode-unihan-17@17.0.0:kSMSZD2003Readings,kSMSZD2003Readings,source-attested-unreviewed
溝,zh-Hant-TW,gōu,,,false,unicode-unihan-17@17.0.0:kMandarin,kMandarin,source-attested-unreviewed
溝,zh-Hant-TW,gǎng,,,false,unicode-unihan-17@17.0.0:kHanyuPinyin,kHanyuPinyin,source-attested-unreviewed
溝,zh-Hant-TW,kòu,,,false,unicode-unihan-17@17.0.0:kHanyuPinyin,kHanyuPinyin,source-attested-unreviewed
摩,yue-HK,mo1,,,false,unicode-unihan-17@17.0.0:kCantonese,kCantonese,source-attested-unreviewed
摩,yue-HK,maa1,mandarin-mapping:mā,,false,unicode-unihan-17@17.0.0:kSMSZD2003Readings,kSMSZD2003Readings,source-attested-unreviewed
摩,zh-Hant-TW,mó,,,false,unicode-unihan-17@17.0.0:kMandarin,kMandarin,source-attested-unreviewed
摩,zh-Hant-TW,mí,,,false,unicode-unihan-17@17.0.0:kHanyuPinyin,kHanyuPinyin,source-attested-unreviewed
摩,zh-Hant-TW,mā,,,false,unicode-unihan-17@17.0.0:kHanyuPinyin,kHanyuPinyin,source-attested-unreviewed
燕,yue-HK,jin3,,,false,unicode-unihan-17@17.0.0:kCantonese,kCantonese,source-attested-unreviewed
燕,yue-HK,jin1,mandarin-mapping:yān,,false,unicode-unihan-17@17.0.0:kSMSZD2003Readings,kSMSZD2003Readings,source-attested-unreviewed
燕,zh-Hant-TW,yàn,,,false,unicode-unihan-17@17.0.0:kMandarin,kMandarin,source-attested-unreviewed
燕,zh-Hant-TW,yān,,,false,unicode-unihan-17@17.0.0:kHanyuPinyin,kHanyuPinyin,source-attested-unreviewed
丁,yue-HK,ding1,,,false,unicode-unihan-17@17.0.0:kCantonese,kCantonese,source-attested-unreviewed
丁,yue-HK,zang1,mandarin-mapping:zhéng,,false,unicode-unihan-17@17.0.0:kSMSZD2003Readings,kSMSZD2003Readings,source-attested-unreviewed
丁,zh-Hant-TW,dīng,,,false,unicode-unihan-17@17.0.0:kMandarin,kMandarin,source-attested-unreviewed
丁,zh-Hant-TW,zhēng,,,false,unicode-unihan-17@17.0.0:kHanyuPinyin,kHanyuPinyin,source-attested-unreviewed
哭,yue-HK,huk1,,,false,unicode-unihan-17@17.0.0:kCantonese,kCantonese,source-attested-unreviewed
哭,zh-Hant-TW,kū,,,false,unicode-unihan-17@17.0.0:kMandarin,kMandarin,source-attested-unreviewed
救,yue-HK,gau3,,,false,unicode-unihan-17@17.0.0:kCantonese,kCantonese,source-attested-unreviewed
救,zh-Hant-TW,jiù,,,false,unicode-unihan-17@17.0.0:kMandarin,kMandarin,source-attested-unreviewed
救,zh-Hant-TW,jiū,,,false,unicode-unihan-17@17.0.0:kHanyuPinyin,kHanyuPinyin,source-attested-unreviewed
陰,yue-HK,jam1,,,false,unicode-unihan-17@17.0.0:kCantonese,kCantonese,source-attested-unreviewed
陰,zh-Hant-TW,yīn,,,false,unicode-unihan-17@17.0.0:kMandarin,kMandarin,source-attested-unreviewed
陰,zh-Hant-TW,yìn,,,false,unicode-unihan-17@17.0.0:kHanyuPinyin,kHanyuPinyin,source-attested-unreviewed
陰,zh-Hant-TW,ān,,,false,unicode-unihan-17@17.0.0:kHanyuPinyin,kHanyuPinyin,source-attested-unreviewed
街,yue-HK,gaai1,,,false,unicode-unihan-17@17.0.0:kCantonese,kCantonese,source-attested-unreviewed
街,zh-Hant-TW,jiē,,,false,unicode-unihan-17@17.0.0:kMandarin,kMandarin,source-attested-unreviewed
截,yue-HK,zit6,,,false,unicode-unihan-17@17.0.0:kCantonese,kCantonese,source-attested-unreviewed
截,zh-Hant-TW,jié,,,false,unicode-unihan-17@17.0.0:kMandarin,kMandarin,source-attested-unreviewed
滴,yue-HK,dik6,,,false,unicode-unihan-17@17.0.0:kCantonese,kCantonese,source-attested-unreviewed
滴,zh-Hant-TW,dī,,,false,unicode-unihan-17@17.0.0:kMandarin,kMandarin,source-attested-unreviewed
噴,yue-HK,pan3,,,false,unicode-unihan-17@17.0.0:kCantonese,kCantonese,source-attested-unreviewed
噴,zh-Hant-TW,pēn,,,false,unicode-unihan-17@17.0.0:kMandarin,kMandarin,source-attested-unreviewed
噴,zh-Hant-TW,pèn,,,false,unicode-unihan-17@17.0.0:kHanyuPinyin,kHanyuPinyin,source-attested-unreviewed
噴,zh-Hant-TW,fèn,,,false,unicode-unihan-17@17.0.0:kHanyuPinyin,kHanyuPinyin,source-attested-unreviewed
杜,yue-HK,dou6,,,false,unicode-unihan-17@17.0.0:kCantonese,kCantonese,source-attested-unreviewed
杜,zh-Hant-TW,dù,,,false,unicode-unihan-17@17.0.0:kMandarin,kMandarin,source-attested-unreviewed
杜,zh-Hant-TW,dǔ,,,false,unicode-unihan-17@17.0.0:kHanyuPinyin,kHanyuPinyin,source-attested-unreviewed
杜,zh-Hant-TW,tú,,,false,unicode-unihan-17@17.0.0:kHanyuPinyin,kHanyuPinyin,source-attested-unreviewed
咕,yue-HK,gu1,,,false,unicode-unihan-17@17.0.0:kCantonese,kCantonese,source-attested-unreviewed
咕,zh-Hant-TW,gū,,,false,unicode-unihan-17@17.0.0:kMandarin,kMandarin,source-attested-unreviewed
咕,zh-Hant-TW,gu,attested-count:14,,false,unicode-unihan-17@17.0.0:kHanyuPinlu,kHanyuPinlu,source-attested-unreviewed
坡,yue-HK,po1,,,false,unicode-unihan-17@17.0.0:kCantonese,kCantonese,source-attested-unreviewed
坡,zh-Hant-TW,pō,,,false,unicode-unihan-17@17.0.0:kMandarin,kMandarin,source-attested-unreviewed
奔,yue-HK,ban1,,,false,unicode-unihan-17@17.0.0:kCantonese,kCantonese,source-attested-unreviewed
奔,yue-HK,ban3,mandarin-mapping:bèn,,false,unicode-unihan-17@17.0.0:kSMSZD2003Readings,kSMSZD2003Readings,source-attested-unreviewed
奔,zh-Hant-TW,bēn,,,false,unicode-unihan-17@17.0.0:kMandarin,kMandarin,source-attested-unreviewed
奔,zh-Hant-TW,bèn,attested-count:19,,false,unicode-unihan-17@17.0.0:kHanyuPinlu,kHanyuPinlu,source-attested-unreviewed
奔,zh-Hant-TW,fèn,,,false,unicode-unihan-17@17.0.0:kHanyuPinyin,kHanyuPinyin,source-attested-unreviewed
玲,yue-HK,ling4,,,false,unicode-unihan-17@17.0.0:kCantonese,kCantonese,source-attested-unreviewed
玲,zh-Hant-TW,líng,,,false,unicode-unihan-17@17.0.0:kMandarin,kMandarin,source-attested-unreviewed
限,yue-HK,haan6,,,false,unicode-unihan-17@17.0.0:kCantonese,kCantonese,source-attested-unreviewed
限,zh-Hant-TW,xiàn,,,false,unicode-unihan-17@17.0.0:kMandarin,kMandarin,source-attested-unreviewed
限,zh-Hant-TW,wěn,,,false,unicode-unihan-17@17.0.0:kHanyuPinyin,kHanyuPinyin,source-attested-unreviewed
紛,yue-HK,fan1,,,false,unicode-unihan-17@17.0.0:kCantonese,kCantonese,source-attested-unreviewed
紛,zh-Hant-TW,fēn,,,false,unicode-unihan-17@17.0.0:kMandarin,kMandarin,source-attested-unreviewed
超,yue-HK,ciu1,,,false,unicode-unihan-17@17.0.0:kCantonese,kCantonese,source-attested-unreviewed
超,zh-Hant-TW,chāo,,,false,unicode-unihan-17@17.0.0:kMandarin,kMandarin,source-attested-unreviewed
超,zh-Hant-TW,chǎo,,,false,unicode-unihan-17@17.0.0:kHanyuPinyin,kHanyuPinyin,source-attested-unreviewed
超,zh-Hant-TW,chào,,,false,unicode-unihan-17@17.0.0:kHanyuPinyin,kHanyuPinyin,source-attested-unreviewed
超,zh-Hant-TW,tiào,,,false,unicode-unihan-17@17.0.0:kHanyuPinyin,kHanyuPinyin,source-attested-unreviewed
碎,yue-HK,seoi3,,,false,unicode-unihan-17@17.0.0:kCantonese,kCantonese,source-attested-unreviewed
碎,zh-Hant-TW,suì,,,false,unicode-unihan-17@17.0.0:kMandarin,kMandarin,source-attested-unreviewed
擴,yue-HK,kwok3,,,false,unicode-unihan-17@17.0.0:kCantonese,kCantonese,source-attested-unreviewed
擴,yue-HK,kong3,mandarin-mapping:kuò,,false,unicode-unihan-17@17.0.0:kSMSZD2003Readings,kSMSZD2003Readings,source-attested-unreviewed
擴,zh-Hant-TW,kuò,,,false,unicode-unihan-17@17.0.0:kMandarin,kMandarin,source-attested-unreviewed
擴,zh-Hant-TW,tǎng,,,false,unicode-unihan-17@17.0.0:kHanyuPinyin,kHanyuPinyin,source-attested-unreviewed
擴,zh-Hant-TW,guàng,,,false,unicode-unihan-17@17.0.0:kHanyuPinyin,kHanyuPinyin,source-attested-unreviewed
讚,yue-HK,zaan3,,,false,unicode-unihan-17@17.0.0:kCantonese,kCantonese,source-attested-unreviewed
讚,zh-Hant-TW,zàn,,,false,unicode-unihan-17@17.0.0:kMandarin,kMandarin,source-attested-unreviewed
鑽,yue-HK,zyun3,,,false,unicode-unihan-17@17.0.0:kCantonese,kCantonese,source-attested-unreviewed
鑽,zh-Hant-TW,zuān,,,false,unicode-unihan-17@17.0.0:kMandarin,kMandarin,source-attested-unreviewed
鑽,zh-Hant-TW,zuàn,,,false,unicode-unihan-17@17.0.0:kHanyuPinyin,kHanyuPinyin,source-attested-unreviewed
味,yue-HK,mei6,,,false,unicode-unihan-17@17.0.0:kCantonese,kCantonese,source-attested-unreviewed
味,zh-Hant-TW,wèi,,,false,unicode-unihan-17@17.0.0:kMandarin,kMandarin,source-attested-unreviewed
味,zh-Hant-TW,mèi,,,false,unicode-unihan-17@17.0.0:kHanyuPinyin,kHanyuPinyin,source-attested-unreviewed
宙,yue-HK,zau6,,,false,unicode-unihan-17@17.0.0:kCantonese,kCantonese,source-attested-unreviewed
宙,zh-Hant-TW,zhòu,,,false,unicode-unihan-17@17.0.0:kMandarin,kMandarin,source-attested-unreviewed
紹,yue-HK,siu6,,,false,unicode-unihan-17@17.0.0:kCantonese,kCantonese,source-attested-unreviewed
紹,zh-Hant-TW,shào,,,false,unicode-unihan-17@17.0.0:kMandarin,kMandarin,source-attested-unreviewed
紹,zh-Hant-TW,chāo,,,false,unicode-unihan-17@17.0.0:kHanyuPinyin,kHanyuPinyin,source-attested-unreviewed
鹿,yue-HK,luk6,,,false,unicode-unihan-17@17.0.0:kCantonese,kCantonese,source-attested-unreviewed
鹿,zh-Hant-TW,lù,,,false,unicode-unihan-17@17.0.0:kMandarin,kMandarin,source-attested-unreviewed
鹿,zh-Hant-TW,lǘ,,,false,unicode-unihan-17@17.0.0:kHanyuPinyin,kHanyuPinyin,source-attested-unreviewed
寒,yue-HK,hon4,,,false,unicode-unihan-17@17.0.0:kCantonese,kCantonese,source-attested-unreviewed
寒,zh-Hant-TW,hán,,,false,unicode-unihan-17@17.0.0:kMandarin,kMandarin,source-attested-unreviewed
硬,yue-HK,ngaang6,,,false,unicode-unihan-17@17.0.0:kCantonese,kCantonese,source-attested-unreviewed
硬,zh-Hant-TW,yìng,,,false,unicode-unihan-17@17.0.0:kMandarin,kMandarin,source-attested-unreviewed
硬,zh-Hant-TW,gěng,,,false,unicode-unihan-17@17.0.0:kHanyuPinyin,kHanyuPinyin,source-attested-unreviewed
塔,yue-HK,taap3,,,false,unicode-unihan-17@17.0.0:kCantonese,kCantonese,source-attested-unreviewed
塔,zh-Hant-TW,tǎ,,,false,unicode-unihan-17@17.0.0:kMandarin,kMandarin,source-attested-unreviewed
塔,zh-Hant-TW,dā,,,false,unicode-unihan-17@17.0.0:kHanyuPinyin,kHanyuPinyin,source-attested-unreviewed
漢,yue-HK,hon3,,,false,unicode-unihan-17@17.0.0:kCantonese,kCantonese,source-attested-unreviewed
漢,zh-Hant-TW,hàn,,,false,unicode-unihan-17@17.0.0:kMandarin,kMandarin,source-attested-unreviewed
漢,zh-Hant-TW,tān,,,false,unicode-unihan-17@17.0.0:kHanyuPinyin,kHanyuPinyin,source-attested-unreviewed
仍,yue-HK,jing4,,,false,unicode-unihan-17@17.0.0:kCantonese,kCantonese,source-attested-unreviewed
仍,zh-Hant-TW,réng,,,false,unicode-unihan-17@17.0.0:kMandarin,kMandarin,source-attested-unreviewed
撲,yue-HK,pok3,,,false,unicode-unihan-17@17.0.0:kCantonese,kCantonese,source-attested-unreviewed
撲,zh-Hant-TW,pū,,,false,unicode-unihan-17@17.0.0:kMandarin,kMandarin,source-attested-unreviewed
撲,zh-Hant-TW,bǔ,,,false,unicode-unihan-17@17.0.0:kHanyuPinyin,kHanyuPinyin,source-attested-unreviewed
秀,yue-HK,sau3,,,false,unicode-unihan-17@17.0.0:kCantonese,kCantonese,source-attested-unreviewed
秀,zh-Hant-TW,xiù,,,false,unicode-unihan-17@17.0.0:kMandarin,kMandarin,source-attested-unreviewed
負,yue-HK,fu6,,,false,unicode-unihan-17@17.0.0:kCantonese,kCantonese,source-attested-unreviewed
負,zh-Hant-TW,fù,,,false,unicode-unihan-17@17.0.0:kMandarin,kMandarin,source-attested-unreviewed
負,zh-Hant-TW,fu,attested-count:25,,false,unicode-unihan-17@17.0.0:kHanyuPinlu,kHanyuPinlu,source-attested-unreviewed
孫,yue-HK,syun1,,,false,unicode-unihan-17@17.0.0:kCantonese,kCantonese,source-attested-unreviewed
孫,yue-HK,seon3,mandarin-mapping:xùn,,false,unicode-unihan-17@17.0.0:kSMSZD2003Readings,kSMSZD2003Readings,source-attested-unreviewed
孫,zh-Hant-TW,sūn,,,false,unicode-unihan-17@17.0.0:kMandarin,kMandarin,source-attested-unreviewed
孫,zh-Hant-TW,xùn,,,false,unicode-unihan-17@17.0.0:kHanyuPinyin,kHanyuPinyin,source-attested-unreviewed
扇,yue-HK,sin3,,,false,unicode-unihan-17@17.0.0:kCantonese,kCantonese,source-attested-unreviewed
扇,zh-Hant-TW,shàn,,,false,unicode-unihan-17@17.0.0:kMandarin,kMandarin,source-attested-unreviewed
扇,zh-Hant-TW,shān,attested-count:15,,false,unicode-unihan-17@17.0.0:kHanyuPinlu,kHanyuPinlu,source-attested-unreviewed
騰,yue-HK,tang4,,,false,unicode-unihan-17@17.0.0:kCantonese,kCantonese,source-attested-unreviewed
騰,zh-Hant-TW,téng,,,false,unicode-unihan-17@17.0.0:kMandarin,kMandarin,source-attested-unreviewed
騰,zh-Hant-TW,teng,attested-count:28,,false,unicode-unihan-17@17.0.0:kHanyuPinlu,kHanyuPinlu,source-attested-unreviewed
史,yue-HK,si2,,,false,unicode-unihan-17@17.0.0:kCantonese,kCantonese,source-attested-unreviewed
史,zh-Hant-TW,shǐ,,,false,unicode-unihan-17@17.0.0:kMandarin,kMandarin,source-attested-unreviewed
伏,yue-HK,fuk6,,,false,unicode-unihan-17@17.0.0:kCantonese,kCantonese,source-attested-unreviewed
伏,zh-Hant-TW,fú,,,false,unicode-unihan-17@17.0.0:kMandarin,kMandarin,source-attested-unreviewed
伏,zh-Hant-TW,fù,,,false,unicode-unihan-17@17.0.0:kHanyuPinyin,kHanyuPinyin,source-attested-unreviewed
炮,yue-HK,paau3,,,false,unicode-unihan-17@17.0.0:kCantonese,kCantonese,source-attested-unreviewed
炮,yue-HK,paau4,mandarin-mapping:páo,,false,unicode-unihan-17@17.0.0:kSMSZD2003Readings,kSMSZD2003Readings,source-attested-unreviewed
炮,yue-HK,baau3,mandarin-mapping:bāo,,false,unicode-unihan-17@17.0.0:kSMSZD2003Readings,kSMSZD2003Readings,source-attested-unreviewed
炮,zh-Hant-TW,pào,,,false,unicode-unihan-17@17.0.0:kMandarin,kMandarin,source-attested-unreviewed
炮,zh-Hant-TW,páo,,,false,unicode-unihan-17@17.0.0:kHanyuPinyin,kHanyuPinyin,source-attested-unreviewed
炮,zh-Hant-TW,bāo,,,false,unicode-unihan-17@17.0.0:kHanyuPinyin,kHanyuPinyin,source-attested-unreviewed
傘,yue-HK,saan3,,,false,unicode-unihan-17@17.0.0:kCantonese,kCantonese,source-attested-unreviewed
傘,zh-Hant-TW,sǎn,,,false,unicode-unihan-17@17.0.0:kMandarin,kMandarin,source-attested-unreviewed
普,yue-HK,pou2,,,false,unicode-unihan-17@17.0.0:kCantonese,kCantonese,source-attested-unreviewed
普,zh-Hant-TW,pǔ,,,false,unicode-unihan-17@17.0.0:kMandarin,kMandarin,source-attested-unreviewed
椅,yue-HK,ji2,,,false,unicode-unihan-17@17.0.0:kCantonese,kCantonese,source-attested-unreviewed
椅,yue-HK,ji1,mandarin-mapping:yī,,false,unicode-unihan-17@17.0.0:kSMSZD2003Readings,kSMSZD2003Readings,source-attested-unreviewed
椅,zh-Hant-TW,yǐ,,,false,unicode-unihan-17@17.0.0:kMandarin,kMandarin,source-attested-unreviewed
椅,zh-Hant-TW,yī,,,false,unicode-unihan-17@17.0.0:kHanyuPinyin,kHanyuPinyin,source-attested-unreviewed
渠,yue-HK,keoi4,,,false,unicode-unihan-17@17.0.0:kCantonese,kCantonese,source-attested-unreviewed
渠,zh-Hant-TW,qú,,,false,unicode-unihan-17@17.0.0:kMandarin,kMandarin,source-attested-unreviewed
渠,zh-Hant-TW,jù,,,false,unicode-unihan-17@17.0.0:kHanyuPinyin,kHanyuPinyin,source-attested-unreviewed
勤,yue-HK,kan4,,,false,unicode-unihan-17@17.0.0:kCantonese,kCantonese,source-attested-unreviewed
勤,zh-Hant-TW,qín,,,false,unicode-unihan-17@17.0.0:kMandarin,kMandarin,source-attested-unreviewed
勤,zh-Hant-TW,qí,,,false,unicode-unihan-17@17.0.0:kHanyuPinyin,kHanyuPinyin,source-attested-unreviewed
煉,yue-HK,lin6,,,false,unicode-unihan-17@17.0.0:kCantonese,kCantonese,source-attested-unreviewed
煉,zh-Hant-TW,liàn,,,false,unicode-unihan-17@17.0.0:kMandarin,kMandarin,source-attested-unreviewed
煉,zh-Hant-TW,làn,,,false,unicode-unihan-17@17.0.0:kHanyuPinyin,kHanyuPinyin,source-attested-unreviewed
銅,yue-HK,tung4,,,false,unicode-unihan-17@17.0.0:kCantonese,kCantonese,source-attested-unreviewed
銅,zh-Hant-TW,tóng,,,false,unicode-unihan-17@17.0.0:kMandarin,kMandarin,source-attested-unreviewed
央,yue-HK,joeng1,,,false,unicode-unihan-17@17.0.0:kCantonese,kCantonese,source-attested-unreviewed
央,zh-Hant-TW,yāng,,,false,unicode-unihan-17@17.0.0:kMandarin,kMandarin,source-attested-unreviewed
央,zh-Hant-TW,yīng,,,false,unicode-unihan-17@17.0.0:kHanyuPinyin,kHanyuPinyin,source-attested-unreviewed
投,yue-HK,tau4,,,false,unicode-unihan-17@17.0.0:kCantonese,kCantonese,source-attested-unreviewed
投,zh-Hant-TW,tóu,,,false,unicode-unihan-17@17.0.0:kMandarin,kMandarin,source-attested-unreviewed
投,zh-Hant-TW,dòu,,,false,unicode-unihan-17@17.0.0:kHanyuPinyin,kHanyuPinyin,source-attested-unreviewed
系,yue-HK,hai6,,,false,unicode-unihan-17@17.0.0:kCantonese,kCantonese,source-attested-unreviewed
系,zh-Hant-TW,xì,,,false,unicode-unihan-17@17.0.0:kMandarin,kMandarin,source-attested-unreviewed
系,zh-Hant-TW,xi,attested-count:643,,false,unicode-unihan-17@17.0.0:kHanyuPinlu,kHanyuPinlu,source-attested-unreviewed
系,zh-Hant-TW,jì,attested-count:15,,false,unicode-unihan-17@17.0.0:kHanyuPinlu,kHanyuPinlu,source-attested-unreviewed
防,yue-HK,fong4,,,false,unicode-unihan-17@17.0.0:kCantonese,kCantonese,source-attested-unreviewed
防,zh-Hant-TW,fáng,,,false,unicode-unihan-17@17.0.0:kMandarin,kMandarin,source-attested-unreviewed
惜,yue-HK,sik1,,,false,unicode-unihan-17@17.0.0:kCantonese,kCantonese,source-attested-unreviewed
惜,zh-Hant-TW,xī,,,false,unicode-unihan-17@17.0.0:kMandarin,kMandarin,source-attested-unreviewed
散,yue-HK,saan3,,,false,unicode-unihan-17@17.0.0:kCantonese,kCantonese,source-attested-unreviewed
散,yue-HK,saan2,mandarin-mapping:sǎn,,false,unicode-unihan-17@17.0.0:kSMSZD2003Readings,kSMSZD2003Readings,source-attested-unreviewed
散,zh-Hant-TW,sàn,,,false,unicode-unihan-17@17.0.0:kMandarin,kMandarin,source-attested-unreviewed
散,zh-Hant-TW,sǎn,attested-count:90,,false,unicode-unihan-17@17.0.0:kHanyuPinlu,kHanyuPinlu,source-attested-unreviewed
散,zh-Hant-TW,sān,,,false,unicode-unihan-17@17.0.0:kHanyuPinyin,kHanyuPinyin,source-attested-unreviewed
森,yue-HK,sam1,,,false,unicode-unihan-17@17.0.0:kCantonese,kCantonese,source-attested-unreviewed
森,zh-Hant-TW,sēn,,,false,unicode-unihan-17@17.0.0:kMandarin,kMandarin,source-attested-unreviewed
塞,yue-HK,sak1,,,false,unicode-unihan-17@17.0.0:kCantonese,kCantonese,source-attested-unreviewed
塞,yue-HK,coi3,mandarin-mapping:sài,,false,unicode-unihan-17@17.0.0:kSMSZD2003Readings,kSMSZD2003Readings,source-attested-unreviewed
塞,zh-Hant-TW,sāi,,,false,unicode-unihan-17@17.0.0:kMandarin,kMandarin,source-attested-unreviewed
塞,zh-Hant-TW,sè,attested-count:13,,false,unicode-unihan-17@17.0.0:kHanyuPinlu,kHanyuPinlu,source-attested-unreviewed
塞,zh-Hant-TW,sài,,,false,unicode-unihan-17@17.0.0:kHanyuPinyin,kHanyuPinyin,source-attested-unreviewed
戴,yue-HK,daai3,,,false,unicode-unihan-17@17.0.0:kCantonese,kCantonese,source-attested-unreviewed
戴,zh-Hant-TW,dài,,,false,unicode-unihan-17@17.0.0:kMandarin,kMandarin,source-attested-unreviewed
縮,yue-HK,suk1,,,false,unicode-unihan-17@17.0.0:kCantonese,kCantonese,source-attested-unreviewed
縮,zh-Hant-TW,suō,,,false,unicode-unihan-17@17.0.0:kMandarin,kMandarin,source-attested-unreviewed
縮,zh-Hant-TW,sù,,,false,unicode-unihan-17@17.0.0:kHanyuPinyin,kHanyuPinyin,source-attested-unreviewed
證,yue-HK,zing3,,,false,unicode-unihan-17@17.0.0:kCantonese,kCantonese,source-attested-unreviewed
證,zh-Hant-TW,zhèng,,,false,unicode-unihan-17@17.0.0:kMandarin,kMandarin,source-attested-unreviewed
巨,yue-HK,geoi6,,,false,unicode-unihan-17@17.0.0:kCantonese,kCantonese,source-attested-unreviewed
巨,zh-Hant-TW,jù,,,false,unicode-unihan-17@17.0.0:kMandarin,kMandarin,source-attested-unreviewed
巨,zh-Hant-TW,qú,,,false,unicode-unihan-17@17.0.0:kHanyuPinyin,kHanyuPinyin,source-attested-unreviewed
危,yue-HK,ngai4,,,false,unicode-unihan-17@17.0.0:kCantonese,kCantonese,source-attested-unreviewed
危,zh-Hant-TW,wēi,,,false,unicode-unihan-17@17.0.0:kMandarin,kMandarin,source-attested-unreviewed
垂,yue-HK,seoi4,,,false,unicode-unihan-17@17.0.0:kCantonese,kCantonese,source-attested-unreviewed
垂,zh-Hant-TW,chuí,,,false,unicode-unihan-17@17.0.0:kMandarin,kMandarin,source-attested-unreviewed
垂,zh-Hant-TW,zhuì,,,false,unicode-unihan-17@17.0.0:kHanyuPinyin,kHanyuPinyin,source-attested-unreviewed
既,yue-HK,gei3,,,false,unicode-unihan-17@17.0.0:kCantonese,kCantonese,source-attested-unreviewed
既,zh-Hant-TW,jì,,,false,unicode-unihan-17@17.0.0:kMandarin,kMandarin,source-attested-unreviewed
既,zh-Hant-TW,xì,,,false,unicode-unihan-17@17.0.0:kHanyuPinyin,kHanyuPinyin,source-attested-unreviewed
胸,yue-HK,hung1,,,false,unicode-unihan-17@17.0.0:kCantonese,kCantonese,source-attested-unreviewed
胸,zh-Hant-TW,xiōng,,,false,unicode-unihan-17@17.0.0:kMandarin,kMandarin,source-attested-unreviewed
淚,yue-HK,leoi6,,,false,unicode-unihan-17@17.0.0:kCantonese,kCantonese,source-attested-unreviewed
淚,zh-Hant-TW,lèi,,,false,unicode-unihan-17@17.0.0:kMandarin,kMandarin,source-attested-unreviewed
淚,zh-Hant-TW,lì,,,false,unicode-unihan-17@17.0.0:kHanyuPinyin,kHanyuPinyin,source-attested-unreviewed
煙,yue-HK,jin1,,,false,unicode-unihan-17@17.0.0:kCantonese,kCantonese,source-attested-unreviewed
煙,zh-Hant-TW,yān,,,false,unicode-unihan-17@17.0.0:kMandarin,kMandarin,source-attested-unreviewed
膀,yue-HK,bong2,,,false,unicode-unihan-17@17.0.0:kCantonese,kCantonese,source-attested-unreviewed
膀,yue-HK,pong4,mandarin-mapping:páng,,false,unicode-unihan-17@17.0.0:kSMSZD2003Readings,kSMSZD2003Readings,source-attested-unreviewed
膀,yue-HK,pong1,mandarin-mapping:pāng,,false,unicode-unihan-17@17.0.0:kSMSZD2003Readings,kSMSZD2003Readings,source-attested-unreviewed
膀,zh-Hant-TW,bǎng,,,false,unicode-unihan-17@17.0.0:kMandarin,kMandarin,source-attested-unreviewed
膀,zh-Hant-TW,páng,,,false,unicode-unihan-17@17.0.0:kHanyuPinyin,kHanyuPinyin,source-attested-unreviewed
膀,zh-Hant-TW,pāng,,,false,unicode-unihan-17@17.0.0:kHanyuPinyin,kHanyuPinyin,source-attested-unreviewed
膀,zh-Hant-TW,bàng,,,false,unicode-unihan-17@17.0.0:kHanyuPinyin,kHanyuPinyin,source-attested-unreviewed
膀,zh-Hant-TW,pǎng,,,false,unicode-unihan-17@17.0.0:kHanyuPinyin,kHanyuPinyin,source-attested-unreviewed
貌,yue-HK,maau6,,,false,unicode-unihan-17@17.0.0:kCantonese,kCantonese,source-attested-unreviewed
貌,zh-Hant-TW,mào,,,false,unicode-unihan-17@17.0.0:kMandarin,kMandarin,source-attested-unreviewed
貌,zh-Hant-TW,mò,,,false,unicode-unihan-17@17.0.0:kHanyuPinyin,kHanyuPinyin,source-attested-unreviewed
澆,yue-HK,hiu1,,,false,unicode-unihan-17@17.0.0:kCantonese,kCantonese,source-attested-unreviewed
澆,zh-Hant-TW,jiāo,,,false,unicode-unihan-17@17.0.0:kMandarin,kMandarin,source-attested-unreviewed
澆,zh-Hant-TW,ào,,,false,unicode-unihan-17@17.0.0:kHanyuPinyin,kHanyuPinyin,source-attested-unreviewed
澆,zh-Hant-TW,nào,,,false,unicode-unihan-17@17.0.0:kHanyuPinyin,kHanyuPinyin,source-attested-unreviewed
髮,yue-HK,faat3,,,false,unicode-unihan-17@17.0.0:kCantonese,kCantonese,source-attested-unreviewed
髮,zh-Hant-TW,fà,,,false,unicode-unihan-17@17.0.0:kMandarin,kMandarin,source-attested-unreviewed
髮,zh-Hant-TW,fǎ,,,false,unicode-unihan-17@17.0.0:kMandarin,kMandarin,source-attested-unreviewed
塗,yue-HK,tou4,,,false,unicode-unihan-17@17.0.0:kCantonese,kCantonese,source-attested-unreviewed
塗,zh-Hant-TW,tú,,,false,unicode-unihan-17@17.0.0:kMandarin,kMandarin,source-attested-unreviewed
塗,zh-Hant-TW,dù,,,false,unicode-unihan-17@17.0.0:kHanyuPinyin,kHanyuPinyin,source-attested-unreviewed
划,yue-HK,waa4,,,false,unicode-unihan-17@17.0.0:kCantonese,kCantonese,source-attested-unreviewed
划,yue-HK,waa1,mandarin-mapping:huá,,false,unicode-unihan-17@17.0.0:kSMSZD2003Readings,kSMSZD2003Readings,source-attested-unreviewed
划,zh-Hant-TW,huà,,,false,unicode-unihan-17@17.0.0:kMandarin,kMandarin,source-attested-unreviewed
划,zh-Hant-TW,huá,attested-count:68,,false,unicode-unihan-17@17.0.0:kHanyuPinlu,kHanyuPinlu,source-attested-unreviewed
划,zh-Hant-TW,guò,,,false,unicode-unihan-17@17.0.0:kHanyuPinyin,kHanyuPinyin,source-attested-unreviewed
划,zh-Hant-TW,guǒ,,,false,unicode-unihan-17@17.0.0:kHanyuPinyin,kHanyuPinyin,source-attested-unreviewed
希,yue-HK,hei1,,,false,unicode-unihan-17@17.0.0:kCantonese,kCantonese,source-attested-unreviewed
希,zh-Hant-TW,xī,,,false,unicode-unihan-17@17.0.0:kMandarin,kMandarin,source-attested-unreviewed
亞,yue-HK,aa3,,,false,unicode-unihan-17@17.0.0:kCantonese,kCantonese,source-attested-unreviewed
亞,zh-Hant-TW,yà,,,false,unicode-unihan-17@17.0.0:kMandarin,kMandarin,source-attested-unreviewed
亞,zh-Hant-TW,yā,,,false,unicode-unihan-17@17.0.0:kHanyuPinyin,kHanyuPinyin,source-attested-unreviewed
亞,zh-Hant-TW,è,,,false,unicode-unihan-17@17.0.0:kHanyuPinyin,kHanyuPinyin,source-attested-unreviewed
娜,yue-HK,no5,,,false,unicode-unihan-17@17.0.0:kCantonese,kCantonese,source-attested-unreviewed
娜,yue-HK,naa4,mandarin-mapping:nà,,false,unicode-unihan-17@17.0.0:kSMSZD2003Readings,kSMSZD2003Readings,source-attested-unreviewed
娜,zh-Hant-TW,nà,,,false,unicode-unihan-17@17.0.0:kMandarin,kMandarin,source-attested-unreviewed
娜,zh-Hant-TW,nuó,,,false,unicode-unihan-17@17.0.0:kHanyuPinyin,kHanyuPinyin,source-attested-unreviewed
恩,yue-HK,jan1,,,false,unicode-unihan-17@17.0.0:kCantonese,kCantonese,source-attested-unreviewed
恩,zh-Hant-TW,ēn,,,false,unicode-unihan-17@17.0.0:kMandarin,kMandarin,source-attested-unreviewed
桑,yue-HK,song1,,,false,unicode-unihan-17@17.0.0:kCantonese,kCantonese,source-attested-unreviewed
桑,zh-Hant-TW,sāng,,,false,unicode-unihan-17@17.0.0:kMandarin,kMandarin,source-attested-unreviewed
益,yue-HK,jik1,,,false,unicode-unihan-17@17.0.0:kCantonese,kCantonese,source-attested-unreviewed
益,zh-Hant-TW,yì,,,false,unicode-unihan-17@17.0.0:kMandarin,kMandarin,source-attested-unreviewed
竟,yue-HK,ging2,,,false,unicode-unihan-17@17.0.0:kCantonese,kCantonese,source-attested-unreviewed
竟,zh-Hant-TW,jìng,,,false,unicode-unihan-17@17.0.0:kMandarin,kMandarin,source-attested-unreviewed
蟈,yue-HK,gwok3,,,false,unicode-unihan-17@17.0.0:kCantonese,kCantonese,source-attested-unreviewed
蟈,zh-Hant-TW,guō,,,false,unicode-unihan-17@17.0.0:kMandarin,kMandarin,source-attested-unreviewed
蟈,zh-Hant-TW,yù,,,false,unicode-unihan-17@17.0.0:kHanyuPinyin,kHanyuPinyin,source-attested-unreviewed
繪,yue-HK,kui2,,,false,unicode-unihan-17@17.0.0:kCantonese,kCantonese,source-attested-unreviewed
繪,zh-Hant-TW,huì,,,false,unicode-unihan-17@17.0.0:kMandarin,kMandarin,source-attested-unreviewed
繪,zh-Hant-TW,guì,,,false,unicode-unihan-17@17.0.0:kHanyuPinyin,kHanyuPinyin,source-attested-unreviewed
籠,yue-HK,lung4,,,false,unicode-unihan-17@17.0.0:kCantonese,kCantonese,source-attested-unreviewed
籠,yue-HK,lung5,mandarin-mapping:lǒng,,false,unicode-unihan-17@17.0.0:kSMSZD2003Readings,kSMSZD2003Readings,source-attested-unreviewed
籠,zh-Hant-TW,lóng,,,false,unicode-unihan-17@17.0.0:kMandarin,kMandarin,source-attested-unreviewed
籠,zh-Hant-TW,long,attested-count:34,,false,unicode-unihan-17@17.0.0:kHanyuPinlu,kHanyuPinlu,source-attested-unreviewed
籠,zh-Hant-TW,lǒng,attested-count:23,,false,unicode-unihan-17@17.0.0:kHanyuPinlu,kHanyuPinlu,source-attested-unreviewed
幼,yue-HK,jau3,,,false,unicode-unihan-17@17.0.0:kCantonese,kCantonese,source-attested-unreviewed
幼,zh-Hant-TW,yòu,,,false,unicode-unihan-17@17.0.0:kMandarin,kMandarin,source-attested-unreviewed
幼,zh-Hant-TW,yào,,,false,unicode-unihan-17@17.0.0:kHanyuPinyin,kHanyuPinyin,source-attested-unreviewed
末,yue-HK,mut6,,,false,unicode-unihan-17@17.0.0:kCantonese,kCantonese,source-attested-unreviewed
末,zh-Hant-TW,mò,,,false,unicode-unihan-17@17.0.0:kMandarin,kMandarin,source-attested-unreviewed
伐,yue-HK,fat6,,,false,unicode-unihan-17@17.0.0:kCantonese,kCantonese,source-attested-unreviewed
伐,zh-Hant-TW,fá,,,false,unicode-unihan-17@17.0.0:kMandarin,kMandarin,source-attested-unreviewed
尖,yue-HK,zim1,,,false,unicode-unihan-17@17.0.0:kCantonese,kCantonese,source-attested-unreviewed
尖,zh-Hant-TW,jiān,,,false,unicode-unihan-17@17.0.0:kMandarin,kMandarin,source-attested-unreviewed
型,yue-HK,jing4,,,false,unicode-unihan-17@17.0.0:kCantonese,kCantonese,source-attested-unreviewed
型,zh-Hant-TW,xíng,,,false,unicode-unihan-17@17.0.0:kMandarin,kMandarin,source-attested-unreviewed
訂,yue-HK,ding3,,,false,unicode-unihan-17@17.0.0:kCantonese,kCantonese,source-attested-unreviewed
訂,yue-HK,ding6,mandarin-mapping:dìng,,false,unicode-unihan-17@17.0.0:kSMSZD2003Readings,kSMSZD2003Readings,source-attested-unreviewed
訂,zh-Hant-TW,dìng,,,false,unicode-unihan-17@17.0.0:kMandarin,kMandarin,source-attested-unreviewed
源,yue-HK,jyun4,,,false,unicode-unihan-17@17.0.0:kCantonese,kCantonese,source-attested-unreviewed
源,zh-Hant-TW,yuán,,,false,unicode-unihan-17@17.0.0:kMandarin,kMandarin,source-attested-unreviewed
箏,yue-HK,zang1,,,false,unicode-unihan-17@17.0.0:kCantonese,kCantonese,source-attested-unreviewed
箏,zh-Hant-TW,zhēng,,,false,unicode-unihan-17@17.0.0:kMandarin,kMandarin,source-attested-unreviewed
獎,yue-HK,zoeng2,,,false,unicode-unihan-17@17.0.0:kCantonese,kCantonese,source-attested-unreviewed
獎,zh-Hant-TW,jiǎng,,,false,unicode-unihan-17@17.0.0:kMandarin,kMandarin,source-attested-unreviewed
繁,yue-HK,faan4,,,false,unicode-unihan-17@17.0.0:kCantonese,kCantonese,source-attested-unreviewed
繁,yue-HK,po4,mandarin-mapping:pó,,false,unicode-unihan-17@17.0.0:kSMSZD2003Readings,kSMSZD2003Readings,source-attested-unreviewed
繁,zh-Hant-TW,fán,,,false,unicode-unihan-17@17.0.0:kMandarin,kMandarin,source-attested-unreviewed
繁,zh-Hant-TW,pán,,,false,unicode-unihan-17@17.0.0:kHanyuPinyin,kHanyuPinyin,source-attested-unreviewed
繁,zh-Hant-TW,pó,,,false,unicode-unihan-17@17.0.0:kHanyuPinyin,kHanyuPinyin,source-attested-unreviewed
鶯,yue-HK,ang1,,,false,unicode-unihan-17@17.0.0:kCantonese,kCantonese,source-attested-unreviewed
鶯,zh-Hant-TW,yīng,,,false,unicode-unihan-17@17.0.0:kMandarin,kMandarin,source-attested-unreviewed
尼,yue-HK,nei4,,,false,unicode-unihan-17@17.0.0:kCantonese,kCantonese,source-attested-unreviewed
尼,zh-Hant-TW,ní,,,false,unicode-unihan-17@17.0.0:kMandarin,kMandarin,source-attested-unreviewed
尼,zh-Hant-TW,nǐ,,,false,unicode-unihan-17@17.0.0:kHanyuPinyin,kHanyuPinyin,source-attested-unreviewed
印,yue-HK,jan3,,,false,unicode-unihan-17@17.0.0:kCantonese,kCantonese,source-attested-unreviewed
印,zh-Hant-TW,yìn,,,false,unicode-unihan-17@17.0.0:kMandarin,kMandarin,source-attested-unreviewed
印,zh-Hant-TW,yì,,,false,unicode-unihan-17@17.0.0:kHanyuPinyin,kHanyuPinyin,source-attested-unreviewed
抬,yue-HK,toi4,,,false,unicode-unihan-17@17.0.0:kCantonese,kCantonese,source-attested-unreviewed
抬,zh-Hant-TW,tái,,,false,unicode-unihan-17@17.0.0:kMandarin,kMandarin,source-attested-unreviewed
抬,zh-Hant-TW,chī,,,false,unicode-unihan-17@17.0.0:kHanyuPinyin,kHanyuPinyin,source-attested-unreviewed
晃,yue-HK,fong2,,,false,unicode-unihan-17@17.0.0:kCantonese,kCantonese,source-attested-unreviewed
晃,zh-Hant-TW,huǎng,,,false,unicode-unihan-17@17.0.0:kMandarin,kMandarin,source-attested-unreviewed
晃,zh-Hant-TW,huang,attested-count:39,,false,unicode-unihan-17@17.0.0:kHanyuPinlu,kHanyuPinlu,source-attested-unreviewed
晃,zh-Hant-TW,huàng,attested-count:13,,false,unicode-unihan-17@17.0.0:kHanyuPinlu,kHanyuPinlu,source-attested-unreviewed
釘,yue-HK,ding1,,,false,unicode-unihan-17@17.0.0:kCantonese,kCantonese,source-attested-unreviewed
釘,yue-HK,deng1,mandarin-mapping:dīng,,false,unicode-unihan-17@17.0.0:kSMSZD2003Readings,kSMSZD2003Readings,source-attested-unreviewed
釘,zh-Hant-TW,dīng,,,false,unicode-unihan-17@17.0.0:kMandarin,kMandarin,source-attested-unreviewed
釘,zh-Hant-TW,dìng,,,false,unicode-unihan-17@17.0.0:kHanyuPinyin,kHanyuPinyin,source-attested-unreviewed
釘,zh-Hant-TW,líng,,,false,unicode-unihan-17@17.0.0:kHanyuPinyin,kHanyuPinyin,source-attested-unreviewed
探,yue-HK,taam3,,,false,unicode-unihan-17@17.0.0:kCantonese,kCantonese,source-attested-unreviewed
探,yue-HK,taam1,mandarin-mapping:tān,,false,unicode-unihan-17@17.0.0:kSMSZD2003Readings,kSMSZD2003Readings,source-attested-unreviewed
探,zh-Hant-TW,tàn,,,false,unicode-unihan-17@17.0.0:kMandarin,kMandarin,source-attested-unreviewed
探,zh-Hant-TW,tan,attested-count:10,,false,unicode-unihan-17@17.0.0:kHanyuPinlu,kHanyuPinlu,source-attested-unreviewed
探,zh-Hant-TW,xián,,,false,unicode-unihan-17@17.0.0:kHanyuPinyin,kHanyuPinyin,source-attested-unreviewed
猜,yue-HK,caai1,,,false,unicode-unihan-17@17.0.0:kCantonese,kCantonese,source-attested-unreviewed
猜,zh-Hant-TW,cāi,,,false,unicode-unihan-17@17.0.0:kMandarin,kMandarin,source-attested-unreviewed
奪,yue-HK,dyut6,,,false,unicode-unihan-17@17.0.0:kCantonese,kCantonese,source-attested-unreviewed
奪,zh-Hant-TW,duó,,,false,unicode-unihan-17@17.0.0:kMandarin,kMandarin,source-attested-unreviewed
奪,zh-Hant-TW,duì,,,false,unicode-unihan-17@17.0.0:kHanyuPinyin,kHanyuPinyin,source-attested-unreviewed
暢,yue-HK,coeng3,,,false,unicode-unihan-17@17.0.0:kCantonese,kCantonese,source-attested-unreviewed
暢,zh-Hant-TW,chàng,,,false,unicode-unihan-17@17.0.0:kMandarin,kMandarin,source-attested-unreviewed
滾,yue-HK,gwan2,,,false,unicode-unihan-17@17.0.0:kCantonese,kCantonese,source-attested-unreviewed
滾,zh-Hant-TW,gǔn,,,false,unicode-unihan-17@17.0.0:kMandarin,kMandarin,source-attested-unreviewed
碼,yue-HK,maa5,,,false,unicode-unihan-17@17.0.0:kCantonese,kCantonese,source-attested-unreviewed
碼,zh-Hant-TW,mǎ,,,false,unicode-unihan-17@17.0.0:kMandarin,kMandarin,source-attested-unreviewed
駛,yue-HK,sai2,,,false,unicode-unihan-17@17.0.0:kCantonese,kCantonese,source-attested-unreviewed
駛,zh-Hant-TW,shǐ,,,false,unicode-unihan-17@17.0.0:kMandarin,kMandarin,source-attested-unreviewed
獵,yue-HK,lip6,,,false,unicode-unihan-17@17.0.0:kCantonese,kCantonese,source-attested-unreviewed
獵,zh-Hant-TW,liè,,,false,unicode-unihan-17@17.0.0:kMandarin,kMandarin,source-attested-unreviewed
付,yue-HK,fu6,,,false,unicode-unihan-17@17.0.0:kCantonese,kCantonese,source-attested-unreviewed
付,zh-Hant-TW,fù,,,false,unicode-unihan-17@17.0.0:kMandarin,kMandarin,source-attested-unreviewed
付,zh-Hant-TW,fu,attested-count:77,,false,unicode-unihan-17@17.0.0:kHanyuPinlu,kHanyuPinlu,source-attested-unreviewed
估,yue-HK,gu2,,,false,unicode-unihan-17@17.0.0:kCantonese,kCantonese,source-attested-unreviewed
估,yue-HK,gu3,mandarin-mapping:gù,,false,unicode-unihan-17@17.0.0:kSMSZD2003Readings,kSMSZD2003Readings,source-attested-unreviewed
估,zh-Hant-TW,gū,,,false,unicode-unihan-17@17.0.0:kMandarin,kMandarin,source-attested-unreviewed
估,zh-Hant-TW,gù,,,false,unicode-unihan-17@17.0.0:kHanyuPinyin,kHanyuPinyin,source-attested-unreviewed
咳,yue-HK,kat1,,,false,unicode-unihan-17@17.0.0:kCantonese,kCantonese,source-attested-unreviewed
咳,yue-HK,haai1,mandarin-mapping:hāi,,false,unicode-unihan-17@17.0.0:kSMSZD2003Readings,kSMSZD2003Readings,source-attested-unreviewed
咳,yue-HK,koi3,mandarin-mapping:kài,,false,unicode-unihan-17@17.0.0:kSMSZD2003Readings,kSMSZD2003Readings,source-attested-unreviewed
咳,zh-Hant-TW,hāi,,,false,unicode-unihan-17@17.0.0:kMandarin,kMandarin,source-attested-unreviewed
咳,zh-Hant-TW,ké,attested-count:39,,false,unicode-unihan-17@17.0.0:kHanyuPinlu,kHanyuPinlu,source-attested-unreviewed
咳,zh-Hant-TW,hái,,,false,unicode-unihan-17@17.0.0:kHanyuPinyin,kHanyuPinyin,source-attested-unreviewed
咳,zh-Hant-TW,gāi,,,false,unicode-unihan-17@17.0.0:kHanyuPinyin,kHanyuPinyin,source-attested-unreviewed
柱,yue-HK,cyu5,,,false,unicode-unihan-17@17.0.0:kCantonese,kCantonese,source-attested-unreviewed
柱,zh-Hant-TW,zhù,,,false,unicode-unihan-17@17.0.0:kMandarin,kMandarin,source-attested-unreviewed
柱,zh-Hant-TW,zhǔ,,,false,unicode-unihan-17@17.0.0:kHanyuPinyin,kHanyuPinyin,source-attested-unreviewed
栽,yue-HK,zoi1,,,false,unicode-unihan-17@17.0.0:kCantonese,kCantonese,source-attested-unreviewed
栽,zh-Hant-TW,zāi,,,false,unicode-unihan-17@17.0.0:kMandarin,kMandarin,source-attested-unreviewed
栽,zh-Hant-TW,zài,,,false,unicode-unihan-17@17.0.0:kHanyuPinyin,kHanyuPinyin,source-attested-unreviewed
副,yue-HK,fu3,,,false,unicode-unihan-17@17.0.0:kCantonese,kCantonese,source-attested-unreviewed
副,zh-Hant-TW,fù,,,false,unicode-unihan-17@17.0.0:kMandarin,kMandarin,source-attested-unreviewed
副,zh-Hant-TW,pì,,,false,unicode-unihan-17@17.0.0:kHanyuPinyin,kHanyuPinyin,source-attested-unreviewed
異,yue-HK,ji6,,,false,unicode-unihan-17@17.0.0:kCantonese,kCantonese,source-attested-unreviewed
異,zh-Hant-TW,yì,,,false,unicode-unihan-17@17.0.0:kMandarin,kMandarin,source-attested-unreviewed
筒,yue-HK,tung4,,,false,unicode-unihan-17@17.0.0:kCantonese,kCantonese,source-attested-unreviewed
筒,yue-HK,tung2,"mandarin-mapping:tǒng,tóng",,false,unicode-unihan-17@17.0.0:kSMSZD2003Readings,kSMSZD2003Readings,source-attested-unreviewed
筒,zh-Hant-TW,tǒng,,,false,unicode-unihan-17@17.0.0:kMandarin,kMandarin,source-attested-unreviewed
筒,zh-Hant-TW,dòng,,,false,unicode-unihan-17@17.0.0:kHanyuPinyin,kHanyuPinyin,source-attested-unreviewed
筒,zh-Hant-TW,tóng,,,false,unicode-unihan-17@17.0.0:kHanyuPinyin,kHanyuPinyin,source-attested-unreviewed
費,yue-HK,fai3,,,false,unicode-unihan-17@17.0.0:kCantonese,kCantonese,source-attested-unreviewed
費,yue-HK,bei3,mandarin-mapping:bì,,false,unicode-unihan-17@17.0.0:kSMSZD2003Readings,kSMSZD2003Readings,source-attested-unreviewed
費,zh-Hant-TW,fèi,,,false,unicode-unihan-17@17.0.0:kMandarin,kMandarin,source-attested-unreviewed
費,zh-Hant-TW,fú,,,false,unicode-unihan-17@17.0.0:kHanyuPinyin,kHanyuPinyin,source-attested-unreviewed
費,zh-Hant-TW,bì,,,false,unicode-unihan-17@17.0.0:kHanyuPinyin,kHanyuPinyin,source-attested-unreviewed
貴,yue-HK,gwai3,,,false,unicode-unihan-17@17.0.0:kCantonese,kCantonese,source-attested-unreviewed
貴,zh-Hant-TW,guì,,,false,unicode-unihan-17@17.0.0:kMandarin,kMandarin,source-attested-unreviewed
歷,yue-HK,lik6,,,false,unicode-unihan-17@17.0.0:kCantonese,kCantonese,source-attested-unreviewed
歷,zh-Hant-TW,lì,,,false,unicode-unihan-17@17.0.0:kMandarin,kMandarin,source-attested-unreviewed
誇,yue-HK,kwaa1,,,false,unicode-unihan-17@17.0.0:kCantonese,kCantonese,source-attested-unreviewed
誇,zh-Hant-TW,kuā,,,false,unicode-unihan-17@17.0.0:kMandarin,kMandarin,source-attested-unreviewed
誇,zh-Hant-TW,qù,,,false,unicode-unihan-17@17.0.0:kHanyuPinyin,kHanyuPinyin,source-attested-unreviewed
庫,yue-HK,fu3,,,false,unicode-unihan-17@17.0.0:kCantonese,kCantonese,source-attested-unreviewed
庫,zh-Hant-TW,kù,,,false,unicode-unihan-17@17.0.0:kMandarin,kMandarin,source-attested-unreviewed
貫,yue-HK,gun3,,,false,unicode-unihan-17@17.0.0:kCantonese,kCantonese,source-attested-unreviewed
貫,zh-Hant-TW,guàn,,,false,unicode-unihan-17@17.0.0:kMandarin,kMandarin,source-attested-unreviewed
貫,zh-Hant-TW,wān,,,false,unicode-unihan-17@17.0.0:kHanyuPinyin,kHanyuPinyin,source-attested-unreviewed
項,yue-HK,hong6,,,false,unicode-unihan-17@17.0.0:kCantonese,kCantonese,source-attested-unreviewed
項,zh-Hant-TW,xiàng,,,false,unicode-unihan-17@17.0.0:kMandarin,kMandarin,source-attested-unreviewed
鳴,yue-HK,ming4,,,false,unicode-unihan-17@17.0.0:kCantonese,kCantonese,source-attested-unreviewed
鳴,zh-Hant-TW,míng,,,false,unicode-unihan-17@17.0.0:kMandarin,kMandarin,source-attested-unreviewed
窮,yue-HK,kung4,,,false,unicode-unihan-17@17.0.0:kCantonese,kCantonese,source-attested-unreviewed
窮,zh-Hant-TW,qióng,,,false,unicode-unihan-17@17.0.0:kMandarin,kMandarin,source-attested-unreviewed
遵,yue-HK,zeon1,,,false,unicode-unihan-17@17.0.0:kCantonese,kCantonese,source-attested-unreviewed
遵,yue-HK,zyun1,mandarin-mapping:zūn,,false,unicode-unihan-17@17.0.0:kSMSZD2003Readings,kSMSZD2003Readings,source-attested-unreviewed
遵,zh-Hant-TW,zūn,,,false,unicode-unihan-17@17.0.0:kMandarin,kMandarin,source-attested-unreviewed
瞧,yue-HK,ciu4,,,false,unicode-unihan-17@17.0.0:kCantonese,kCantonese,source-attested-unreviewed
瞧,zh-Hant-TW,qiáo,,,false,unicode-unihan-17@17.0.0:kMandarin,kMandarin,source-attested-unreviewed
覆,yue-HK,fuk1,,,false,unicode-unihan-17@17.0.0:kCantonese,kCantonese,source-attested-unreviewed
覆,zh-Hant-TW,fù,,,false,unicode-unihan-17@17.0.0:kMandarin,kMandarin,source-attested-unreviewed
杆,yue-HK,gon1,,,false,unicode-unihan-17@17.0.0:kCantonese,kCantonese,source-attested-unreviewed
杆,zh-Hant-TW,gān,,,false,unicode-unihan-17@17.0.0:kMandarin,kMandarin,source-attested-unreviewed
杆,zh-Hant-TW,gǎn,attested-count:54,,false,unicode-unihan-17@17.0.0:kHanyuPinlu,kHanyuPinlu,source-attested-unreviewed
杆,zh-Hant-TW,gàn,,,false,unicode-unihan-17@17.0.0:kHanyuPinyin,kHanyuPinyin,source-attested-unreviewed
扁,yue-HK,bin2,,,false,unicode-unihan-17@17.0.0:kCantonese,kCantonese,source-attested-unreviewed
扁,yue-HK,pin1,mandarin-mapping:piān,,false,unicode-unihan-17@17.0.0:kSMSZD2003Readings,kSMSZD2003Readings,source-attested-unreviewed
扁,zh-Hant-TW,biǎn,,,false,unicode-unihan-17@17.0.0:kMandarin,kMandarin,source-attested-unreviewed
扁,zh-Hant-TW,piān,,,false,unicode-unihan-17@17.0.0:kHanyuPinyin,kHanyuPinyin,source-attested-unreviewed
扁,zh-Hant-TW,biān,,,false,unicode-unihan-17@17.0.0:kHanyuPinyin,kHanyuPinyin,source-attested-unreviewed
扁,zh-Hant-TW,pián,,,false,unicode-unihan-17@17.0.0:kHanyuPinyin,kHanyuPinyin,source-attested-unreviewed
致,yue-HK,zi3,,,false,unicode-unihan-17@17.0.0:kCantonese,kCantonese,source-attested-unreviewed
致,zh-Hant-TW,zhì,,,false,unicode-unihan-17@17.0.0:kMandarin,kMandarin,source-attested-unreviewed
致,zh-Hant-TW,zhuì,,,false,unicode-unihan-17@17.0.0:kHanyuPinyin,kHanyuPinyin,source-attested-unreviewed
塵,yue-HK,can4,,,false,unicode-unihan-17@17.0.0:kCantonese,kCantonese,source-attested-unreviewed
塵,zh-Hant-TW,chén,,,false,unicode-unihan-17@17.0.0:kMandarin,kMandarin,source-attested-unreviewed
艱,yue-HK,gaan1,,,false,unicode-unihan-17@17.0.0:kCantonese,kCantonese,source-attested-unreviewed
艱,zh-Hant-TW,jiān,,,false,unicode-unihan-17@17.0.0:kMandarin,kMandarin,source-attested-unreviewed
吉,yue-HK,gat1,,,false,unicode-unihan-17@17.0.0:kCantonese,kCantonese,source-attested-unreviewed
吉,zh-Hant-TW,jí,,,false,unicode-unihan-17@17.0.0:kMandarin,kMandarin,source-attested-unreviewed
局,yue-HK,guk6,,,false,unicode-unihan-17@17.0.0:kCantonese,kCantonese,source-attested-unreviewed
局,zh-Hant-TW,jú,,,false,unicode-unihan-17@17.0.0:kMandarin,kMandarin,source-attested-unreviewed
冒,yue-HK,mou6,,,false,unicode-unihan-17@17.0.0:kCantonese,kCantonese,source-attested-unreviewed
冒,yue-HK,mak6,mandarin-mapping:mò,,false,unicode-unihan-17@17.0.0:kSMSZD2003Readings,kSMSZD2003Readings,source-attested-unreviewed
冒,zh-Hant-TW,mào,,,false,unicode-unihan-17@17.0.0:kMandarin,kMandarin,source-attested-unreviewed
冒,zh-Hant-TW,mò,,,false,unicode-unihan-17@17.0.0:kHanyuPinyin,kHanyuPinyin,source-attested-unreviewed
效,yue-HK,haau6,,,false,unicode-unihan-17@17.0.0:kCantonese,kCantonese,source-attested-unreviewed
效,zh-Hant-TW,xiào,,,false,unicode-unihan-17@17.0.0:kMandarin,kMandarin,source-attested-unreviewed
培,yue-HK,pui4,,,false,unicode-unihan-17@17.0.0:kCantonese,kCantonese,source-attested-unreviewed
培,zh-Hant-TW,péi,,,false,unicode-unihan-17@17.0.0:kMandarin,kMandarin,source-attested-unreviewed
培,zh-Hant-TW,pǒu,,,false,unicode-unihan-17@17.0.0:kHanyuPinyin,kHanyuPinyin,source-attested-unreviewed
培,zh-Hant-TW,pī,,,false,unicode-unihan-17@17.0.0:kHanyuPinyin,kHanyuPinyin,source-attested-unreviewed
康,yue-HK,hong1,,,false,unicode-unihan-17@17.0.0:kCantonese,kCantonese,source-attested-unreviewed
康,zh-Hant-TW,kāng,,,false,unicode-unihan-17@17.0.0:kMandarin,kMandarin,source-attested-unreviewed
康,zh-Hant-TW,kàng,,,false,unicode-unihan-17@17.0.0:kHanyuPinyin,kHanyuPinyin,source-attested-unreviewed
混,yue-HK,wan6,,,false,unicode-unihan-17@17.0.0:kCantonese,kCantonese,source-attested-unreviewed
混,zh-Hant-TW,hùn,,,false,unicode-unihan-17@17.0.0:kMandarin,kMandarin,source-attested-unreviewed
混,zh-Hant-TW,hún,attested-count:10,,false,unicode-unihan-17@17.0.0:kHanyuPinlu,kHanyuPinlu,source-attested-unreviewed
混,zh-Hant-TW,gǔn,,,false,unicode-unihan-17@17.0.0:kHanyuPinyin,kHanyuPinyin,source-attested-unreviewed
混,zh-Hant-TW,kūn,,,false,unicode-unihan-17@17.0.0:kHanyuPinyin,kHanyuPinyin,source-attested-unreviewed
莖,yue-HK,hang1,,,false,unicode-unihan-17@17.0.0:kCantonese,kCantonese,source-attested-unreviewed
莖,yue-HK,ging3,mandarin-mapping:jīng,,false,unicode-unihan-17@17.0.0:kSMSZD2003Readings,kSMSZD2003Readings,source-attested-unreviewed
莖,zh-Hant-TW,jīng,,,false,unicode-unihan-17@17.0.0:kMandarin,kMandarin,source-attested-unreviewed
莖,zh-Hant-TW,yīng,,,false,unicode-unihan-17@17.0.0:kHanyuPinyin,kHanyuPinyin,source-attested-unreviewed
博,yue-HK,bok3,,,false,unicode-unihan-17@17.0.0:kCantonese,kCantonese,source-attested-unreviewed
博,zh-Hant-TW,bó,,,false,unicode-unihan-17@17.0.0:kMandarin,kMandarin,source-attested-unreviewed
肅,yue-HK,suk1,,,false,unicode-unihan-17@17.0.0:kCantonese,kCantonese,source-attested-unreviewed
肅,zh-Hant-TW,sù,,,false,unicode-unihan-17@17.0.0:kMandarin,kMandarin,source-attested-unreviewed
聞,yue-HK,man4,,,false,unicode-unihan-17@17.0.0:kCantonese,kCantonese,source-attested-unreviewed
聞,zh-Hant-TW,wén,,,false,unicode-unihan-17@17.0.0:kMandarin,kMandarin,source-attested-unreviewed
聞,zh-Hant-TW,wèn,,,false,unicode-unihan-17@17.0.0:kHanyuPinyin,kHanyuPinyin,source-attested-unreviewed
遞,yue-HK,dai6,,,false,unicode-unihan-17@17.0.0:kCantonese,kCantonese,source-attested-unreviewed
遞,zh-Hant-TW,dì,,,false,unicode-unihan-17@17.0.0:kMandarin,kMandarin,source-attested-unreviewed
遞,zh-Hant-TW,shì,,,false,unicode-unihan-17@17.0.0:kHanyuPinyin,kHanyuPinyin,source-attested-unreviewed
遞,zh-Hant-TW,dài,,,false,unicode-unihan-17@17.0.0:kHanyuPinyin,kHanyuPinyin,source-attested-unreviewed
豬,yue-HK,zyu1,,,false,unicode-unihan-17@17.0.0:kCantonese,kCantonese,source-attested-unreviewed
豬,zh-Hant-TW,zhū,,,false,unicode-unihan-17@17.0.0:kMandarin,kMandarin,source-attested-unreviewed
濕,yue-HK,sap1,,,false,unicode-unihan-17@17.0.0:kCantonese,kCantonese,source-attested-unreviewed
濕,zh-Hant-TW,shī,,,false,unicode-unihan-17@17.0.0:kMandarin,kMandarin,source-attested-unreviewed
濕,zh-Hant-TW,tà,,,false,unicode-unihan-17@17.0.0:kHanyuPinyin,kHanyuPinyin,source-attested-unreviewed
濕,zh-Hant-TW,xí,,,false,unicode-unihan-17@17.0.0:kHanyuPinyin,kHanyuPinyin,source-attested-unreviewed
否,yue-HK,fau2,,,false,unicode-unihan-17@17.0.0:kCantonese,kCantonese,source-attested-unreviewed
否,yue-HK,pei2,mandarin-mapping:pǐ,,false,unicode-unihan-17@17.0.0:kSMSZD2003Readings,kSMSZD2003Readings,source-attested-unreviewed
否,zh-Hant-TW,fǒu,,,false,unicode-unihan-17@17.0.0:kMandarin,kMandarin,source-attested-unreviewed
否,zh-Hant-TW,pǐ,,,false,unicode-unihan-17@17.0.0:kHanyuPinyin,kHanyuPinyin,source-attested-unreviewed
割,yue-HK,got3,,,false,unicode-unihan-17@17.0.0:kCantonese,kCantonese,source-attested-unreviewed
割,zh-Hant-TW,gē,,,false,unicode-unihan-17@17.0.0:kMandarin,kMandarin,source-attested-unreviewed
營,yue-HK,jing4,,,false,unicode-unihan-17@17.0.0:kCantonese,kCantonese,source-attested-unreviewed
營,zh-Hant-TW,yíng,,,false,unicode-unihan-17@17.0.0:kMandarin,kMandarin,source-attested-unreviewed
營,zh-Hant-TW,cuō,,,false,unicode-unihan-17@17.0.0:kHanyuPinyin,kHanyuPinyin,source-attested-unreviewed
縫,yue-HK,fung4,,,false,unicode-unihan-17@17.0.0:kCantonese,kCantonese,source-attested-unreviewed
縫,yue-HK,fung6,mandarin-mapping:fèng,,false,unicode-unihan-17@17.0.0:kSMSZD2003Readings,kSMSZD2003Readings,source-attested-unreviewed
縫,zh-Hant-TW,fèng,,,false,unicode-unihan-17@17.0.0:kMandarin,kMandarin,source-attested-unreviewed
縫,zh-Hant-TW,féng,attested-count:29,,false,unicode-unihan-17@17.0.0:kHanyuPinlu,kHanyuPinlu,source-attested-unreviewed
粒,yue-HK,nap1,,,false,unicode-unihan-17@17.0.0:kCantonese,kCantonese,source-attested-unreviewed
粒,zh-Hant-TW,lì,,,false,unicode-unihan-17@17.0.0:kMandarin,kMandarin,source-attested-unreviewed
途,yue-HK,tou4,,,false,unicode-unihan-17@17.0.0:kCantonese,kCantonese,source-attested-unreviewed
途,zh-Hant-TW,tú,,,false,unicode-unihan-17@17.0.0:kMandarin,kMandarin,source-attested-unreviewed
愉,yue-HK,jyu4,,,false,unicode-unihan-17@17.0.0:kCantonese,kCantonese,source-attested-unreviewed
愉,zh-Hant-TW,yú,,,false,unicode-unihan-17@17.0.0:kMandarin,kMandarin,source-attested-unreviewed
愉,zh-Hant-TW,tōu,,,false,unicode-unihan-17@17.0.0:kHanyuPinyin,kHanyuPinyin,source-attested-unreviewed
愉,zh-Hant-TW,yǔ,,,false,unicode-unihan-17@17.0.0:kHanyuPinyin,kHanyuPinyin,source-attested-unreviewed
賀,yue-HK,ho6,,,false,unicode-unihan-17@17.0.0:kCantonese,kCantonese,source-attested-unreviewed
賀,zh-Hant-TW,hè,,,false,unicode-unihan-17@17.0.0:kMandarin,kMandarin,source-attested-unreviewed
穩,yue-HK,wan2,,,false,unicode-unihan-17@17.0.0:kCantonese,kCantonese,source-attested-unreviewed
穩,zh-Hant-TW,wěn,,,false,unicode-unihan-17@17.0.0:kMandarin,kMandarin,source-attested-unreviewed
牧,yue-HK,muk6,,,false,unicode-unihan-17@17.0.0:kCantonese,kCantonese,source-attested-unreviewed
牧,zh-Hant-TW,mù,,,false,unicode-unihan-17@17.0.0:kMandarin,kMandarin,source-attested-unreviewed
肩,yue-HK,gin1,,,false,unicode-unihan-17@17.0.0:kCantonese,kCantonese,source-attested-unreviewed
肩,zh-Hant-TW,jiān,,,false,unicode-unihan-17@17.0.0:kMandarin,kMandarin,source-attested-unreviewed
肩,zh-Hant-TW,xián,,,false,unicode-unihan-17@17.0.0:kHanyuPinyin,kHanyuPinyin,source-attested-unreviewed
索,yue-HK,sok3,,,false,unicode-unihan-17@17.0.0:kCantonese,kCantonese,source-attested-unreviewed
索,yue-HK,saak3,mandarin-mapping:suǒ,,false,unicode-unihan-17@17.0.0:kSMSZD2003Readings,kSMSZD2003Readings,source-attested-unreviewed
索,zh-Hant-TW,suǒ,,,false,unicode-unihan-17@17.0.0:kMandarin,kMandarin,source-attested-unreviewed
索,zh-Hant-TW,suo,attested-count:18,,false,unicode-unihan-17@17.0.0:kHanyuPinlu,kHanyuPinlu,source-attested-unreviewed
翅,yue-HK,ci3,,,false,unicode-unihan-17@17.0.0:kCantonese,kCantonese,source-attested-unreviewed
翅,zh-Hant-TW,chì,,,false,unicode-unihan-17@17.0.0:kMandarin,kMandarin,source-attested-unreviewed
側,yue-HK,zak1,,,false,unicode-unihan-17@17.0.0:kCantonese,kCantonese,source-attested-unreviewed
側,zh-Hant-TW,cè,,,false,unicode-unihan-17@17.0.0:kMandarin,kMandarin,source-attested-unreviewed
側,zh-Hant-TW,zè,,,false,unicode-unihan-17@17.0.0:kHanyuPinyin,kHanyuPinyin,source-attested-unreviewed
側,zh-Hant-TW,zhāi,,,false,unicode-unihan-17@17.0.0:kHanyuPinyin,kHanyuPinyin,source-attested-unreviewed
責,yue-HK,zaak3,,,false,unicode-unihan-17@17.0.0:kCantonese,kCantonese,source-attested-unreviewed
責,zh-Hant-TW,zé,,,false,unicode-unihan-17@17.0.0:kMandarin,kMandarin,source-attested-unreviewed
責,zh-Hant-TW,zhài,,,false,unicode-unihan-17@17.0.0:kHanyuPinyin,kHanyuPinyin,source-attested-unreviewed
葛,yue-HK,got3,,,false,unicode-unihan-17@17.0.0:kCantonese,kCantonese,source-attested-unreviewed
葛,zh-Hant-TW,gé,,,false,unicode-unihan-17@17.0.0:kMandarin,kMandarin,source-attested-unreviewed
葛,zh-Hant-TW,gě,,,false,unicode-unihan-17@17.0.0:kHanyuPinyin,kHanyuPinyin,source-attested-unreviewed
磁,yue-HK,ci4,,,false,unicode-unihan-17@17.0.0:kCantonese,kCantonese,source-attested-unreviewed
磁,zh-Hant-TW,cí,,,false,unicode-unihan-17@17.0.0:kMandarin,kMandarin,source-attested-unreviewed
緒,yue-HK,seoi5,,,false,unicode-unihan-17@17.0.0:kCantonese,kCantonese,source-attested-unreviewed
緒,zh-Hant-TW,xù,,,false,unicode-unihan-17@17.0.0:kMandarin,kMandarin,source-attested-unreviewed
潔,yue-HK,git3,,,false,unicode-unihan-17@17.0.0:kCantonese,kCantonese,source-attested-unreviewed
潔,zh-Hant-TW,jié,,,false,unicode-unihan-17@17.0.0:kMandarin,kMandarin,source-attested-unreviewed
云,yue-HK,wan4,,,false,unicode-unihan-17@17.0.0:kCantonese,kCantonese,source-attested-unreviewed
云,zh-Hant-TW,yún,,,false,unicode-unihan-17@17.0.0:kMandarin,kMandarin,source-attested-unreviewed
妙,yue-HK,miu6,,,false,unicode-unihan-17@17.0.0:kCantonese,kCantonese,source-attested-unreviewed
妙,zh-Hant-TW,miào,,,false,unicode-unihan-17@17.0.0:kMandarin,kMandarin,source-attested-unreviewed
妙,zh-Hant-TW,miǎo,,,false,unicode-unihan-17@17.0.0:kHanyuPinyin,kHanyuPinyin,source-attested-unreviewed
辰,yue-HK,san4,,,false,unicode-unihan-17@17.0.0:kCantonese,kCantonese,source-attested-unreviewed
辰,zh-Hant-TW,chén,,,false,unicode-unihan-17@17.0.0:kMandarin,kMandarin,source-attested-unreviewed
刷,yue-HK,caat3,,,false,unicode-unihan-17@17.0.0:kCantonese,kCantonese,source-attested-unreviewed
刷,zh-Hant-TW,shuā,,,false,unicode-unihan-17@17.0.0:kMandarin,kMandarin,source-attested-unreviewed
刷,zh-Hant-TW,shuà,,,false,unicode-unihan-17@17.0.0:kHanyuPinyin,kHanyuPinyin,source-attested-unreviewed
泉,yue-HK,cyun4,,,false,unicode-unihan-17@17.0.0:kCantonese,kCantonese,source-attested-unreviewed
泉,zh-Hant-TW,quán,,,false,unicode-unihan-17@17.0.0:kMandarin,kMandarin,source-attested-unreviewed
哨,yue-HK,saau3,,,false,unicode-unihan-17@17.0.0:kCantonese,kCantonese,source-attested-unreviewed
哨,zh-Hant-TW,shào,,,false,unicode-unihan-17@17.0.0:kMandarin,kMandarin,source-attested-unreviewed
哨,zh-Hant-TW,sāo,,,false,unicode-unihan-17@17.0.0:kHanyuPinyin,kHanyuPinyin,source-attested-unreviewed
哨,zh-Hant-TW,xiāo,,,false,unicode-unihan-17@17.0.0:kHanyuPinyin,kHanyuPinyin,source-attested-unreviewed
哨,zh-Hant-TW,xiào,,,false,unicode-unihan-17@17.0.0:kHanyuPinyin,kHanyuPinyin,source-attested-unreviewed
哨,zh-Hant-TW,sào,,,false,unicode-unihan-17@17.0.0:kHanyuPinyin,kHanyuPinyin,source-attested-unreviewed
釣,yue-HK,diu3,,,false,unicode-unihan-17@17.0.0:kCantonese,kCantonese,source-attested-unreviewed
釣,zh-Hant-TW,diào,,,false,unicode-unihan-17@17.0.0:kMandarin,kMandarin,source-attested-unreviewed
喳,yue-HK,zaa1,,,false,unicode-unihan-17@17.0.0:kCantonese,kCantonese,source-attested-unreviewed
喳,yue-HK,caa1,mandarin-mapping:chā,,false,unicode-unihan-17@17.0.0:kSMSZD2003Readings,kSMSZD2003Readings,source-attested-unreviewed
喳,zh-Hant-TW,zhā,,,false,unicode-unihan-17@17.0.0:kMandarin,kMandarin,source-attested-unreviewed
喳,zh-Hant-TW,zha,,,false,unicode-unihan-17@17.0.0:kHanyuPinyin,kHanyuPinyin,source-attested-unreviewed
登,yue-HK,dang1,,,false,unicode-unihan-17@17.0.0:kCantonese,kCantonese,source-attested-unreviewed
登,zh-Hant-TW,dēng,,,false,unicode-unihan-17@17.0.0:kMandarin,kMandarin,source-attested-unreviewed
登,zh-Hant-TW,dé,,,false,unicode-unihan-17@17.0.0:kHanyuPinyin,kHanyuPinyin,source-attested-unreviewed
井,yue-HK,zeng2,,,false,unicode-unihan-17@17.0.0:kCantonese,kCantonese,source-attested-unreviewed
井,yue-HK,zing2,mandarin-mapping:jǐng,,false,unicode-unihan-17@17.0.0:kSMSZD2003Readings,kSMSZD2003Readings,source-attested-unreviewed
井,zh-Hant-TW,jǐng,,,false,unicode-unihan-17@17.0.0:kMandarin,kMandarin,source-attested-unreviewed
井,zh-Hant-TW,jìng,,,false,unicode-unihan-17@17.0.0:kHanyuPinyin,kHanyuPinyin,source-attested-unreviewed
奴,yue-HK,nou4,,,false,unicode-unihan-17@17.0.0:kCantonese,kCantonese,source-attested-unreviewed
奴,zh-Hant-TW,nú,,,false,unicode-unihan-17@17.0.0:kMandarin,kMandarin,source-attested-unreviewed
努,yue-HK,nou5,,,false,unicode-unihan-17@17.0.0:kCantonese,kCantonese,source-attested-unreviewed
努,zh-Hant-TW,nǔ,,,false,unicode-unihan-17@17.0.0:kMandarin,kMandarin,source-attested-unreviewed
宋,yue-HK,sung3,,,false,unicode-unihan-17@17.0.0:kCantonese,kCantonese,source-attested-unreviewed
宋,zh-Hant-TW,sòng,,,false,unicode-unihan-17@17.0.0:kMandarin,kMandarin,source-attested-unreviewed
招,yue-HK,ziu1,,,false,unicode-unihan-17@17.0.0:kCantonese,kCantonese,source-attested-unreviewed
招,zh-Hant-TW,zhāo,,,false,unicode-unihan-17@17.0.0:kMandarin,kMandarin,source-attested-unreviewed
招,zh-Hant-TW,qiáo,,,false,unicode-unihan-17@17.0.0:kHanyuPinyin,kHanyuPinyin,source-attested-unreviewed
招,zh-Hant-TW,sháo,,,false,unicode-unihan-17@17.0.0:kHanyuPinyin,kHanyuPinyin,source-attested-unreviewed
鬆,yue-HK,sung1,,,false,unicode-unihan-17@17.0.0:kCantonese,kCantonese,source-attested-unreviewed
鬆,zh-Hant-TW,sōng,,,false,unicode-unihan-17@17.0.0:kMandarin,kMandarin,source-attested-unreviewed
鬆,zh-Hant-TW,sòng,,,false,unicode-unihan-17@17.0.0:kHanyuPinyin,kHanyuPinyin,source-attested-unreviewed
鬆,zh-Hant-TW,sóng,,,false,unicode-unihan-17@17.0.0:kHanyuPinyin,kHanyuPinyin,source-attested-unreviewed
芳,yue-HK,fong1,,,false,unicode-unihan-17@17.0.0:kCantonese,kCantonese,source-attested-unreviewed
芳,zh-Hant-TW,fāng,,,false,unicode-unihan-17@17.0.0:kMandarin,kMandarin,source-attested-unreviewed
倆,yue-HK,loeng5,,,false,unicode-unihan-17@17.0.0:kCantonese,kCantonese,source-attested-unreviewed
倆,zh-Hant-TW,liǎ,,,false,unicode-unihan-17@17.0.0:kMandarin,kMandarin,source-attested-unreviewed
倆,zh-Hant-TW,liǎng,,,false,unicode-unihan-17@17.0.0:kHanyuPinyin,kHanyuPinyin,source-attested-unreviewed
循,yue-HK,ceon4,,,false,unicode-unihan-17@17.0.0:kCantonese,kCantonese,source-attested-unreviewed
循,zh-Hant-TW,xún,,,false,unicode-unihan-17@17.0.0:kMandarin,kMandarin,source-attested-unreviewed
緩,yue-HK,wun6,,,false,unicode-unihan-17@17.0.0:kCantonese,kCantonese,source-attested-unreviewed
緩,zh-Hant-TW,huǎn,,,false,unicode-unihan-17@17.0.0:kMandarin,kMandarin,source-attested-unreviewed
縣,yue-HK,jyun6,,,false,unicode-unihan-17@17.0.0:kCantonese,kCantonese,source-attested-unreviewed
縣,zh-Hant-TW,xiàn,,,false,unicode-unihan-17@17.0.0:kMandarin,kMandarin,source-attested-unreviewed
縣,zh-Hant-TW,xuán,,,false,unicode-unihan-17@17.0.0:kHanyuPinyin,kHanyuPinyin,source-attested-unreviewed
臨,yue-HK,lam4,,,false,unicode-unihan-17@17.0.0:kCantonese,kCantonese,source-attested-unreviewed
臨,zh-Hant-TW,lín,,,false,unicode-unihan-17@17.0.0:kMandarin,kMandarin,source-attested-unreviewed
臨,zh-Hant-TW,lìn,,,false,unicode-unihan-17@17.0.0:kHanyuPinyin,kHanyuPinyin,source-attested-unreviewed
闊,yue-HK,fut3,,,false,unicode-unihan-17@17.0.0:kCantonese,kCantonese,source-attested-unreviewed
闊,zh-Hant-TW,kuò,,,false,unicode-unihan-17@17.0.0:kMandarin,kMandarin,source-attested-unreviewed
拾,yue-HK,sap6,,,false,unicode-unihan-17@17.0.0:kCantonese,kCantonese,source-attested-unreviewed
拾,zh-Hant-TW,shí,,,false,unicode-unihan-17@17.0.0:kMandarin,kMandarin,source-attested-unreviewed
拾,zh-Hant-TW,shi,attested-count:60,,false,unicode-unihan-17@17.0.0:kHanyuPinlu,kHanyuPinlu,source-attested-unreviewed
拾,zh-Hant-TW,shè,,,false,unicode-unihan-17@17.0.0:kHanyuPinyin,kHanyuPinyin,source-attested-unreviewed
拾,zh-Hant-TW,jiè,,,false,unicode-unihan-17@17.0.0:kHanyuPinyin,kHanyuPinyin,source-attested-unreviewed
宮,yue-HK,gung1,,,false,unicode-unihan-17@17.0.0:kCantonese,kCantonese,source-attested-unreviewed
宮,zh-Hant-TW,gōng,,,false,unicode-unihan-17@17.0.0:kMandarin,kMandarin,source-attested-unreviewed
悟,yue-HK,ng6,,,false,unicode-unihan-17@17.0.0:kCantonese,kCantonese,source-attested-unreviewed
悟,zh-Hant-TW,wù,,,false,unicode-unihan-17@17.0.0:kMandarin,kMandarin,source-attested-unreviewed
添,yue-HK,tim1,,,false,unicode-unihan-17@17.0.0:kCantonese,kCantonese,source-attested-unreviewed
添,zh-Hant-TW,tiān,,,false,unicode-unihan-17@17.0.0:kMandarin,kMandarin,source-attested-unreviewed
添,zh-Hant-TW,tiàn,,,false,unicode-unihan-17@17.0.0:kHanyuPinyin,kHanyuPinyin,source-attested-unreviewed
累,yue-HK,leoi6,,,false,unicode-unihan-17@17.0.0:kCantonese,kCantonese,source-attested-unreviewed
累,yue-HK,leoi5,mandarin-mapping:lěi,,false,unicode-unihan-17@17.0.0:kSMSZD2003Readings,kSMSZD2003Readings,source-attested-unreviewed
累,yue-HK,leoi4,mandarin-mapping:léi,,false,unicode-unihan-17@17.0.0:kSMSZD2003Readings,kSMSZD2003Readings,source-attested-unreviewed
累,zh-Hant-TW,lèi,,,false,unicode-unihan-17@17.0.0:kMandarin,kMandarin,source-attested-unreviewed
累,zh-Hant-TW,lěi,attested-count:54,,false,unicode-unihan-17@17.0.0:kHanyuPinlu,kHanyuPinlu,source-attested-unreviewed
累,zh-Hant-TW,léi,,,false,unicode-unihan-17@17.0.0:kHanyuPinyin,kHanyuPinyin,source-attested-unreviewed
累,zh-Hant-TW,lǜ,,,false,unicode-unihan-17@17.0.0:kHanyuPinyin,kHanyuPinyin,source-attested-unreviewed
累,zh-Hant-TW,liè,,,false,unicode-unihan-17@17.0.0:kHanyuPinyin,kHanyuPinyin,source-attested-unreviewed
帽,yue-HK,mou6,,,false,unicode-unihan-17@17.0.0:kCantonese,kCantonese,source-attested-unreviewed
帽,yue-HK,mou4,mandarin-mapping:mào,,false,unicode-unihan-17@17.0.0:kSMSZD2003Readings,kSMSZD2003Readings,source-attested-unreviewed
帽,zh-Hant-TW,mào,,,false,unicode-unihan-17@17.0.0:kMandarin,kMandarin,source-attested-unreviewed
款,yue-HK,fun2,,,false,unicode-unihan-17@17.0.0:kCantonese,kCantonese,source-attested-unreviewed
款,zh-Hant-TW,kuǎn,,,false,unicode-unihan-17@17.0.0:kMandarin,kMandarin,source-attested-unreviewed
款,zh-Hant-TW,xīn,,,false,unicode-unihan-17@17.0.0:kHanyuPinyin,kHanyuPinyin,source-attested-unreviewed
殼,yue-HK,hok3,,,false,unicode-unihan-17@17.0.0:kCantonese,kCantonese,source-attested-unreviewed
殼,zh-Hant-TW,ké,,,false,unicode-unihan-17@17.0.0:kMandarin,kMandarin,source-attested-unreviewed
殼,zh-Hant-TW,qiào,attested-count:30,,false,unicode-unihan-17@17.0.0:kHanyuPinlu,kHanyuPinlu,source-attested-unreviewed
嗆,yue-HK,coeng1,,,false,unicode-unihan-17@17.0.0:kCantonese,kCantonese,source-attested-unreviewed
嗆,yue-HK,coeng3,mandarin-mapping:qiàng,,false,unicode-unihan-17@17.0.0:kSMSZD2003Readings,kSMSZD2003Readings,source-attested-unreviewed
嗆,zh-Hant-TW,qiāng,,,false,unicode-unihan-17@17.0.0:kMandarin,kMandarin,source-attested-unreviewed
嗆,zh-Hant-TW,qiàng,,,false,unicode-unihan-17@17.0.0:kHanyuPinyin,kHanyuPinyin,source-attested-unreviewed
嗆,zh-Hant-TW,chéng,,,false,unicode-unihan-17@17.0.0:kHanyuPinyin,kHanyuPinyin,source-attested-unreviewed
糊,yue-HK,wu4,,,false,unicode-unihan-17@17.0.0:kCantonese,kCantonese,source-attested-unreviewed
糊,zh-Hant-TW,hú,,,false,unicode-unihan-17@17.0.0:kMandarin,kMandarin,source-attested-unreviewed
糊,zh-Hant-TW,hu,attested-count:87,,false,unicode-unihan-17@17.0.0:kHanyuPinlu,kHanyuPinlu,source-attested-unreviewed
糊,zh-Hant-TW,hū,,,false,unicode-unihan-17@17.0.0:kHanyuPinyin,kHanyuPinyin,source-attested-unreviewed
糊,zh-Hant-TW,hù,,,false,unicode-unihan-17@17.0.0:kHanyuPinyin,kHanyuPinyin,source-attested-unreviewed
墨,yue-HK,mak6,,,false,unicode-unihan-17@17.0.0:kCantonese,kCantonese,source-attested-unreviewed
墨,zh-Hant-TW,mò,,,false,unicode-unihan-17@17.0.0:kMandarin,kMandarin,source-attested-unreviewed
墨,zh-Hant-TW,mèi,,,false,unicode-unihan-17@17.0.0:kHanyuPinyin,kHanyuPinyin,source-attested-unreviewed
甘,yue-HK,gam1,,,false,unicode-unihan-17@17.0.0:kCantonese,kCantonese,source-attested-unreviewed
甘,zh-Hant-TW,gān,,,false,unicode-unihan-17@17.0.0:kMandarin,kMandarin,source-attested-unreviewed
甘,zh-Hant-TW,hān,,,false,unicode-unihan-17@17.0.0:kHanyuPinyin,kHanyuPinyin,source-attested-unreviewed
迅,yue-HK,seon3,,,false,unicode-unihan-17@17.0.0:kCantonese,kCantonese,source-attested-unreviewed
迅,zh-Hant-TW,xùn,,,false,unicode-unihan-17@17.0.0:kMandarin,kMandarin,source-attested-unreviewed
苗,yue-HK,miu4,,,false,unicode-unihan-17@17.0.0:kCantonese,kCantonese,source-attested-unreviewed
苗,zh-Hant-TW,miáo,,,false,unicode-unihan-17@17.0.0:kMandarin,kMandarin,source-attested-unreviewed
唉,yue-HK,aai1,,,false,unicode-unihan-17@17.0.0:kCantonese,kCantonese,source-attested-unreviewed
唉,yue-HK,aai3,mandarin-mapping:ài,,false,unicode-unihan-17@17.0.0:kSMSZD2003Readings,kSMSZD2003Readings,source-attested-unreviewed
唉,zh-Hant-TW,āi,,,false,unicode-unihan-17@17.0.0:kMandarin,kMandarin,source-attested-unreviewed
唉,zh-Hant-TW,ǎi,,,false,unicode-unihan-17@17.0.0:kHanyuPinyin,kHanyuPinyin,source-attested-unreviewed
唉,zh-Hant-TW,ài,,,false,unicode-unihan-17@17.0.0:kHanyuPinyin,kHanyuPinyin,source-attested-unreviewed
桔,yue-HK,gat1,,,false,unicode-unihan-17@17.0.0:kCantonese,kCantonese,source-attested-unreviewed
桔,yue-HK,git3,mandarin-mapping:jié,,false,unicode-unihan-17@17.0.0:kSMSZD2003Readings,kSMSZD2003Readings,source-attested-unreviewed
桔,zh-Hant-TW,jié,,,false,unicode-unihan-17@17.0.0:kMandarin,kMandarin,source-attested-unreviewed
桔,zh-Hant-TW,jú,attested-count:11,,false,unicode-unihan-17@17.0.0:kHanyuPinlu,kHanyuPinlu,source-attested-unreviewed
桔,zh-Hant-TW,xié,,,false,unicode-unihan-17@17.0.0:kHanyuPinyin,kHanyuPinyin,source-attested-unreviewed
梅,yue-HK,mui4,,,false,unicode-unihan-17@17.0.0:kCantonese,kCantonese,source-attested-unreviewed
梅,zh-Hant-TW,méi,,,false,unicode-unihan-17@17.0.0:kMandarin,kMandarin,source-attested-unreviewed
殖,yue-HK,zik6,,,false,unicode-unihan-17@17.0.0:kCantonese,kCantonese,source-attested-unreviewed
殖,zh-Hant-TW,zhí,,,false,unicode-unihan-17@17.0.0:kMandarin,kMandarin,source-attested-unreviewed
殖,zh-Hant-TW,shì,,,false,unicode-unihan-17@17.0.0:kHanyuPinyin,kHanyuPinyin,source-attested-unreviewed
渡,yue-HK,dou6,,,false,unicode-unihan-17@17.0.0:kCantonese,kCantonese,source-attested-unreviewed
渡,zh-Hant-TW,dù,,,false,unicode-unihan-17@17.0.0:kMandarin,kMandarin,source-attested-unreviewed
蒼,yue-HK,cong1,,,false,unicode-unihan-17@17.0.0:kCantonese,kCantonese,source-attested-unreviewed
蒼,zh-Hant-TW,cāng,,,false,unicode-unihan-17@17.0.0:kMandarin,kMandarin,source-attested-unreviewed
蒼,zh-Hant-TW,cǎng,,,false,unicode-unihan-17@17.0.0:kHanyuPinyin,kHanyuPinyin,source-attested-unreviewed
撒,yue-HK,saat3,,,false,unicode-unihan-17@17.0.0:kCantonese,kCantonese,source-attested-unreviewed
撒,zh-Hant-TW,sā,,,false,unicode-unihan-17@17.0.0:kMandarin,kMandarin,source-attested-unreviewed
撒,zh-Hant-TW,sǎ,attested-count:14,,false,unicode-unihan-17@17.0.0:kHanyuPinlu,kHanyuPinlu,source-attested-unreviewed
蹦,yue-HK,bang1,,,false,unicode-unihan-17@17.0.0:kCantonese,kCantonese,source-attested-unreviewed
蹦,zh-Hant-TW,bèng,,,false,unicode-unihan-17@17.0.0:kMandarin,kMandarin,source-attested-unreviewed
復,yue-HK,fuk6,,,false,unicode-unihan-17@17.0.0:kCantonese,kCantonese,source-attested-unreviewed
復,yue-HK,fuk1,mandarin-mapping:fù,,false,unicode-unihan-17@17.0.0:kSMSZD2003Readings,kSMSZD2003Readings,source-attested-unreviewed
復,yue-HK,fau6,mandarin-mapping:fù,,false,unicode-unihan-17@17.0.0:kSMSZD2003Readings,kSMSZD2003Readings,source-attested-unreviewed
復,zh-Hant-TW,fù,,,false,unicode-unihan-17@17.0.0:kMandarin,kMandarin,source-attested-unreviewed
吳,yue-HK,ng4,,,false,unicode-unihan-17@17.0.0:kCantonese,kCantonese,source-attested-unreviewed
吳,zh-Hant-TW,wú,,,false,unicode-unihan-17@17.0.0:kMandarin,kMandarin,source-attested-unreviewed
吳,zh-Hant-TW,yú,,,false,unicode-unihan-17@17.0.0:kHanyuPinyin,kHanyuPinyin,source-attested-unreviewed
牢,yue-HK,lou4,,,false,unicode-unihan-17@17.0.0:kCantonese,kCantonese,source-attested-unreviewed
牢,zh-Hant-TW,láo,,,false,unicode-unihan-17@17.0.0:kMandarin,kMandarin,source-attested-unreviewed
牢,zh-Hant-TW,lào,,,false,unicode-unihan-17@17.0.0:kHanyuPinyin,kHanyuPinyin,source-attested-unreviewed
牢,zh-Hant-TW,lóu,,,false,unicode-unihan-17@17.0.0:kHanyuPinyin,kHanyuPinyin,source-attested-unreviewed
姿,yue-HK,zi1,,,false,unicode-unihan-17@17.0.0:kCantonese,kCantonese,source-attested-unreviewed
姿,zh-Hant-TW,zī,,,false,unicode-unihan-17@17.0.0:kMandarin,kMandarin,source-attested-unreviewed
姿,zh-Hant-TW,zì,,,false,unicode-unihan-17@17.0.0:kHanyuPinyin,kHanyuPinyin,source-attested-unreviewed
烏,yue-HK,wu1,,,false,unicode-unihan-17@17.0.0:kCantonese,kCantonese,source-attested-unreviewed
烏,zh-Hant-TW,wū,,,false,unicode-unihan-17@17.0.0:kMandarin,kMandarin,source-attested-unreviewed
烏,zh-Hant-TW,yā,,,false,unicode-unihan-17@17.0.0:kHanyuPinyin,kHanyuPinyin,source-attested-unreviewed
烏,zh-Hant-TW,wù,,,false,unicode-unihan-17@17.0.0:kHanyuPinyin,kHanyuPinyin,source-attested-unreviewed
祝,yue-HK,zuk1,,,false,unicode-unihan-17@17.0.0:kCantonese,kCantonese,source-attested-unreviewed
祝,zh-Hant-TW,zhù,,,false,unicode-unihan-17@17.0.0:kMandarin,kMandarin,source-attested-unreviewed
祝,zh-Hant-TW,zhòu,,,false,unicode-unihan-17@17.0.0:kHanyuPinyin,kHanyuPinyin,source-attested-unreviewed
祝,zh-Hant-TW,chù,,,false,unicode-unihan-17@17.0.0:kHanyuPinyin,kHanyuPinyin,source-attested-unreviewed
秦,yue-HK,ceon4,,,false,unicode-unihan-17@17.0.0:kCantonese,kCantonese,source-attested-unreviewed
秦,zh-Hant-TW,qín,,,false,unicode-unihan-17@17.0.0:kMandarin,kMandarin,source-attested-unreviewed
彷,yue-HK,pong4,,,false,unicode-unihan-17@17.0.0:kCantonese,kCantonese,source-attested-unreviewed
彷,zh-Hant-TW,páng,,,false,unicode-unihan-17@17.0.0:kMandarin,kMandarin,source-attested-unreviewed
彷,zh-Hant-TW,fǎng,,,false,unicode-unihan-17@17.0.0:kMandarin,kMandarin,source-attested-unreviewed
彷,zh-Hant-TW,fáng,,,false,unicode-unihan-17@17.0.0:kHanyuPinyin,kHanyuPinyin,source-attested-unreviewed
尚,yue-HK,soeng6,,,false,unicode-unihan-17@17.0.0:kCantonese,kCantonese,source-attested-unreviewed
尚,zh-Hant-TW,shàng,,,false,unicode-unihan-17@17.0.0:kMandarin,kMandarin,source-attested-unreviewed
尚,zh-Hant-TW,shang,attested-count:20,,false,unicode-unihan-17@17.0.0:kHanyuPinlu,kHanyuPinlu,source-attested-unreviewed
尚,zh-Hant-TW,cháng,,,false,unicode-unihan-17@17.0.0:kHanyuPinyin,kHanyuPinyin,source-attested-unreviewed
彿,yue-HK,fat1,,,false,unicode-unihan-17@17.0.0:kCantonese,kCantonese,source-attested-unreviewed
彿,zh-Hant-TW,fú,,,false,unicode-unihan-17@17.0.0:kMandarin,kMandarin,source-attested-unreviewed
捨,yue-HK,se2,,,false,unicode-unihan-17@17.0.0:kCantonese,kCantonese,source-attested-unreviewed
捨,zh-Hant-TW,shě,,,false,unicode-unihan-17@17.0.0:kMandarin,kMandarin,source-attested-unreviewed
缸,yue-HK,gong1,,,false,unicode-unihan-17@17.0.0:kCantonese,kCantonese,source-attested-unreviewed
缸,zh-Hant-TW,gāng,,,false,unicode-unihan-17@17.0.0:kMandarin,kMandarin,source-attested-unreviewed
範,yue-HK,faan6,,,false,unicode-unihan-17@17.0.0:kCantonese,kCantonese,source-attested-unreviewed
範,zh-Hant-TW,fàn,,,false,unicode-unihan-17@17.0.0:kMandarin,kMandarin,source-attested-unreviewed
埋,yue-HK,maai4,,,false,unicode-unihan-17@17.0.0:kCantonese,kCantonese,source-attested-unreviewed
埋,zh-Hant-TW,mái,,,false,unicode-unihan-17@17.0.0:kMandarin,kMandarin,source-attested-unreviewed
埋,zh-Hant-TW,mán,attested-count:14,,false,unicode-unihan-17@17.0.0:kHanyuPinlu,kHanyuPinlu,source-attested-unreviewed
捕,yue-HK,bou6,,,false,unicode-unihan-17@17.0.0:kCantonese,kCantonese,source-attested-unreviewed
捕,zh-Hant-TW,bǔ,,,false,unicode-unihan-17@17.0.0:kMandarin,kMandarin,source-attested-unreviewed
氧,yue-HK,joeng5,,,false,unicode-unihan-17@17.0.0:kCantonese,kCantonese,source-attested-unreviewed
氧,zh-Hant-TW,yǎng,,,false,unicode-unihan-17@17.0.0:kMandarin,kMandarin,source-attested-unreviewed
迷,yue-HK,mai4,,,false,unicode-unihan-17@17.0.0:kCantonese,kCantonese,source-attested-unreviewed
迷,zh-Hant-TW,mí,,,false,unicode-unihan-17@17.0.0:kMandarin,kMandarin,source-attested-unreviewed
迷,zh-Hant-TW,mì,,,false,unicode-unihan-17@17.0.0:kHanyuPinyin,kHanyuPinyin,source-attested-unreviewed
涼,yue-HK,loeng4,,,false,unicode-unihan-17@17.0.0:kCantonese,kCantonese,source-attested-unreviewed
涼,yue-HK,loeng6,mandarin-mapping:liàng,,false,unicode-unihan-17@17.0.0:kSMSZD2003Readings,kSMSZD2003Readings,source-attested-unreviewed
涼,zh-Hant-TW,liáng,,,false,unicode-unihan-17@17.0.0:kMandarin,kMandarin,source-attested-unreviewed
涼,zh-Hant-TW,liàng,,,false,unicode-unihan-17@17.0.0:kHanyuPinyin,kHanyuPinyin,source-attested-unreviewed
棉,yue-HK,min4,,,false,unicode-unihan-17@17.0.0:kCantonese,kCantonese,source-attested-unreviewed
棉,zh-Hant-TW,mián,,,false,unicode-unihan-17@17.0.0:kMandarin,kMandarin,source-attested-unreviewed
擠,yue-HK,zai1,,,false,unicode-unihan-17@17.0.0:kCantonese,kCantonese,source-attested-unreviewed
擠,zh-Hant-TW,jǐ,,,false,unicode-unihan-17@17.0.0:kMandarin,kMandarin,source-attested-unreviewed
濟,yue-HK,zai3,,,false,unicode-unihan-17@17.0.0:kCantonese,kCantonese,source-attested-unreviewed
濟,yue-HK,zai2,mandarin-mapping:jǐ,,false,unicode-unihan-17@17.0.0:kSMSZD2003Readings,kSMSZD2003Readings,source-attested-unreviewed
濟,zh-Hant-TW,jì,,,false,unicode-unihan-17@17.0.0:kMandarin,kMandarin,source-attested-unreviewed
濟,zh-Hant-TW,jǐ,,,false,unicode-unihan-17@17.0.0:kHanyuPinyin,kHanyuPinyin,source-attested-unreviewed
濟,zh-Hant-TW,qí,,,false,unicode-unihan-17@17.0.0:kHanyuPinyin,kHanyuPinyin,source-attested-unreviewed
朱,yue-HK,zyu1,,,false,unicode-unihan-17@17.0.0:kCantonese,kCantonese,source-attested-unreviewed
朱,zh-Hant-TW,zhū,,,false,unicode-unihan-17@17.0.0:kMandarin,kMandarin,source-attested-unreviewed
朱,zh-Hant-TW,shū,,,false,unicode-unihan-17@17.0.0:kHanyuPinyin,kHanyuPinyin,source-attested-unreviewed
析,yue-HK,sik1,,,false,unicode-unihan-17@17.0.0:kCantonese,kCantonese,source-attested-unreviewed
析,zh-Hant-TW,xī,,,false,unicode-unihan-17@17.0.0:kMandarin,kMandarin,source-attested-unreviewed
析,zh-Hant-TW,sī,,,false,unicode-unihan-17@17.0.0:kHanyuPinyin,kHanyuPinyin,source-attested-unreviewed
采,yue-HK,coi2,,,false,unicode-unihan-17@17.0.0:kCantonese,kCantonese,source-attested-unreviewed
采,yue-HK,coi3,mandarin-mapping:cài,,false,unicode-unihan-17@17.0.0:kSMSZD2003Readings,kSMSZD2003Readings,source-attested-unreviewed
采,zh-Hant-TW,cǎi,,,false,unicode-unihan-17@17.0.0:kMandarin,kMandarin,source-attested-unreviewed
采,zh-Hant-TW,cài,,,false,unicode-unihan-17@17.0.0:kHanyuPinyin,kHanyuPinyin,source-attested-unreviewed
宣,yue-HK,syun1,,,false,unicode-unihan-17@17.0.0:kCantonese,kCantonese,source-attested-unreviewed
宣,zh-Hant-TW,xuān,,,false,unicode-unihan-17@17.0.0:kMandarin,kMandarin,source-attested-unreviewed
恰,yue-HK,hap1,,,false,unicode-unihan-17@17.0.0:kCantonese,kCantonese,source-attested-unreviewed
恰,zh-Hant-TW,qià,,,false,unicode-unihan-17@17.0.0:kMandarin,kMandarin,source-attested-unreviewed
徒,yue-HK,tou4,,,false,unicode-unihan-17@17.0.0:kCantonese,kCantonese,source-attested-unreviewed
徒,zh-Hant-TW,tú,,,false,unicode-unihan-17@17.0.0:kMandarin,kMandarin,source-attested-unreviewed
逐,yue-HK,zuk6,,,false,unicode-unihan-17@17.0.0:kCantonese,kCantonese,source-attested-unreviewed
逐,zh-Hant-TW,zhú,,,false,unicode-unihan-17@17.0.0:kMandarin,kMandarin,source-attested-unreviewed
逐,zh-Hant-TW,dí,,,false,unicode-unihan-17@17.0.0:kHanyuPinyin,kHanyuPinyin,source-attested-unreviewed
逐,zh-Hant-TW,zhòu,,,false,unicode-unihan-17@17.0.0:kHanyuPinyin,kHanyuPinyin,source-attested-unreviewed
逐,zh-Hant-TW,tún,,,false,unicode-unihan-17@17.0.0:kHanyuPinyin,kHanyuPinyin,source-attested-unreviewed
棋,yue-HK,kei4,,,false,unicode-unihan-17@17.0.0:kCantonese,kCantonese,source-attested-unreviewed
棋,zh-Hant-TW,qí,,,false,unicode-unihan-17@17.0.0:kMandarin,kMandarin,source-attested-unreviewed
棋,zh-Hant-TW,jī,,,false,unicode-unihan-17@17.0.0:kHanyuPinyin,kHanyuPinyin,source-attested-unreviewed
搶,yue-HK,coeng2,,,false,unicode-unihan-17@17.0.0:kCantonese,kCantonese,source-attested-unreviewed
搶,zh-Hant-TW,qiǎng,,,false,unicode-unihan-17@17.0.0:kMandarin,kMandarin,source-attested-unreviewed
搶,zh-Hant-TW,qiāng,,,false,unicode-unihan-17@17.0.0:kHanyuPinyin,kHanyuPinyin,source-attested-unreviewed
搶,zh-Hant-TW,qiàng,,,false,unicode-unihan-17@17.0.0:kHanyuPinyin,kHanyuPinyin,source-attested-unreviewed
搶,zh-Hant-TW,chéng,,,false,unicode-unihan-17@17.0.0:kHanyuPinyin,kHanyuPinyin,source-attested-unreviewed
搶,zh-Hant-TW,chēng,,,false,unicode-unihan-17@17.0.0:kHanyuPinyin,kHanyuPinyin,source-attested-unreviewed
慣,yue-HK,gwaan3,,,false,unicode-unihan-17@17.0.0:kCantonese,kCantonese,source-attested-unreviewed
慣,zh-Hant-TW,guàn,,,false,unicode-unihan-17@17.0.0:kMandarin,kMandarin,source-attested-unreviewed
潤,yue-HK,jeon6,,,false,unicode-unihan-17@17.0.0:kCantonese,kCantonese,source-attested-unreviewed
潤,zh-Hant-TW,rùn,,,false,unicode-unihan-17@17.0.0:kMandarin,kMandarin,source-attested-unreviewed
稻,yue-HK,dou6,,,false,unicode-unihan-17@17.0.0:kCantonese,kCantonese,source-attested-unreviewed
稻,zh-Hant-TW,dào,,,false,unicode-unihan-17@17.0.0:kMandarin,kMandarin,source-attested-unreviewed
蔣,yue-HK,zoeng2,,,false,unicode-unihan-17@17.0.0:kCantonese,kCantonese,source-attested-unreviewed
蔣,zh-Hant-TW,jiǎng,,,false,unicode-unihan-17@17.0.0:kMandarin,kMandarin,source-attested-unreviewed
蔣,zh-Hant-TW,jiāng,,,false,unicode-unihan-17@17.0.0:kHanyuPinyin,kHanyuPinyin,source-attested-unreviewed
躺,yue-HK,tong2,,,false,unicode-unihan-17@17.0.0:kCantonese,kCantonese,source-attested-unreviewed
躺,zh-Hant-TW,tǎng,,,false,unicode-unihan-17@17.0.0:kMandarin,kMandarin,source-attested-unreviewed
躺,zh-Hant-TW,tàng,,,false,unicode-unihan-17@17.0.0:kHanyuPinyin,kHanyuPinyin,source-attested-unreviewed
辨,yue-HK,bin6,,,false,unicode-unihan-17@17.0.0:kCantonese,kCantonese,source-attested-unreviewed
辨,zh-Hant-TW,biàn,,,false,unicode-unihan-17@17.0.0:kMandarin,kMandarin,source-attested-unreviewed
辨,zh-Hant-TW,biǎn,,,false,unicode-unihan-17@17.0.0:kHanyuPinyin,kHanyuPinyin,source-attested-unreviewed
辨,zh-Hant-TW,bàn,,,false,unicode-unihan-17@17.0.0:kHanyuPinyin,kHanyuPinyin,source-attested-unreviewed
辨,zh-Hant-TW,piàn,,,false,unicode-unihan-17@17.0.0:kHanyuPinyin,kHanyuPinyin,source-attested-unreviewed
鎮,yue-HK,zan3,,,false,unicode-unihan-17@17.0.0:kCantonese,kCantonese,source-attested-unreviewed
鎮,zh-Hant-TW,zhèn,,,false,unicode-unihan-17@17.0.0:kMandarin,kMandarin,source-attested-unreviewed
鎮,zh-Hant-TW,zhēn,,,false,unicode-unihan-17@17.0.0:kHanyuPinyin,kHanyuPinyin,source-attested-unreviewed
鎮,zh-Hant-TW,tián,,,false,unicode-unihan-17@17.0.0:kHanyuPinyin,kHanyuPinyin,source-attested-unreviewed
額,yue-HK,ngaak6,,,false,unicode-unihan-17@17.0.0:kCantonese,kCantonese,source-attested-unreviewed
額,zh-Hant-TW,é,,,false,unicode-unihan-17@17.0.0:kMandarin,kMandarin,source-attested-unreviewed
鶉,yue-HK,seon4,,,false,unicode-unihan-17@17.0.0:kCantonese,kCantonese,source-attested-unreviewed
鶉,yue-HK,ceon1,mandarin-mapping:chún,,false,unicode-unihan-17@17.0.0:kSMSZD2003Readings,kSMSZD2003Readings,source-attested-unreviewed
鶉,zh-Hant-TW,chún,,,false,unicode-unihan-17@17.0.0:kMandarin,kMandarin,source-attested-unreviewed
鶉,zh-Hant-TW,chun,attested-count:21,,false,unicode-unihan-17@17.0.0:kHanyuPinlu,kHanyuPinlu,source-attested-unreviewed
鶉,zh-Hant-TW,tuán,,,false,unicode-unihan-17@17.0.0:kHanyuPinyin,kHanyuPinyin,source-attested-unreviewed
鵪,yue-HK,am1,,,false,unicode-unihan-17@17.0.0:kCantonese,kCantonese,source-attested-unreviewed
鵪,zh-Hant-TW,ān,,,false,unicode-unihan-17@17.0.0:kMandarin,kMandarin,source-attested-unreviewed
鵪,zh-Hant-TW,yā,,,false,unicode-unihan-17@17.0.0:kHanyuPinyin,kHanyuPinyin,source-attested-unreviewed
爐,yue-HK,lou4,,,false,unicode-unihan-17@17.0.0:kCantonese,kCantonese,source-attested-unreviewed
爐,zh-Hant-TW,lú,,,false,unicode-unihan-17@17.0.0:kMandarin,kMandarin,source-attested-unreviewed
灘,yue-HK,taan1,,,false,unicode-unihan-17@17.0.0:kCantonese,kCantonese,source-attested-unreviewed
灘,zh-Hant-TW,tān,,,false,unicode-unihan-17@17.0.0:kMandarin,kMandarin,source-attested-unreviewed
灘,zh-Hant-TW,hàn,,,false,unicode-unihan-17@17.0.0:kHanyuPinyin,kHanyuPinyin,source-attested-unreviewed
灘,zh-Hant-TW,nàn,,,false,unicode-unihan-17@17.0.0:kHanyuPinyin,kHanyuPinyin,source-attested-unreviewed
扎,yue-HK,zaat3,,,false,unicode-unihan-17@17.0.0:kCantonese,kCantonese,source-attested-unreviewed
扎,zh-Hant-TW,zhā,,,false,unicode-unihan-17@17.0.0:kMandarin,kMandarin,source-attested-unreviewed
扎,zh-Hant-TW,zhá,attested-count:43,,false,unicode-unihan-17@17.0.0:kHanyuPinlu,kHanyuPinlu,source-attested-unreviewed
扎,zh-Hant-TW,zhǎ,,,false,unicode-unihan-17@17.0.0:kHanyuPinyin,kHanyuPinyin,source-attested-unreviewed
扎,zh-Hant-TW,zā,,,false,unicode-unihan-17@17.0.0:kHanyuPinyin,kHanyuPinyin,source-attested-unreviewed
忍,yue-HK,jan2,,,false,unicode-unihan-17@17.0.0:kCantonese,kCantonese,source-attested-unreviewed
忍,zh-Hant-TW,rěn,,,false,unicode-unihan-17@17.0.0:kMandarin,kMandarin,source-attested-unreviewed
忍,zh-Hant-TW,rèn,,,false,unicode-unihan-17@17.0.0:kHanyuPinyin,kHanyuPinyin,source-attested-unreviewed
承,yue-HK,sing4,,,false,unicode-unihan-17@17.0.0:kCantonese,kCantonese,source-attested-unreviewed
承,zh-Hant-TW,chéng,,,false,unicode-unihan-17@17.0.0:kMandarin,kMandarin,source-attested-unreviewed
承,zh-Hant-TW,zhěng,,,false,unicode-unihan-17@17.0.0:kHanyuPinyin,kHanyuPinyin,source-attested-unreviewed
承,zh-Hant-TW,zhèng,,,false,unicode-unihan-17@17.0.0:kHanyuPinyin,kHanyuPinyin,source-attested-unreviewed
泡,yue-HK,pou5,,,false,unicode-unihan-17@17.0.0:kCantonese,kCantonese,source-attested-unreviewed
泡,yue-HK,paau1,mandarin-mapping:pào,,false,unicode-unihan-17@17.0.0:kSMSZD2003Readings,kSMSZD2003Readings,source-attested-unreviewed
泡,yue-HK,paau3,mandarin-mapping:pào,,false,unicode-unihan-17@17.0.0:kSMSZD2003Readings,kSMSZD2003Readings,source-attested-unreviewed
泡,zh-Hant-TW,pào,,,false,unicode-unihan-17@17.0.0:kMandarin,kMandarin,source-attested-unreviewed
泡,zh-Hant-TW,pāo,,,false,unicode-unihan-17@17.0.0:kHanyuPinyin,kHanyuPinyin,source-attested-unreviewed
泡,zh-Hant-TW,páo,,,false,unicode-unihan-17@17.0.0:kHanyuPinyin,kHanyuPinyin,source-attested-unreviewed
俄,yue-HK,ngo4,,,false,unicode-unihan-17@17.0.0:kCantonese,kCantonese,source-attested-unreviewed
俄,zh-Hant-TW,é,,,false,unicode-unihan-17@17.0.0:kMandarin,kMandarin,source-attested-unreviewed
柔,yue-HK,jau4,,,false,unicode-unihan-17@17.0.0:kCantonese,kCantonese,source-attested-unreviewed
柔,zh-Hant-TW,róu,,,false,unicode-unihan-17@17.0.0:kMandarin,kMandarin,source-attested-unreviewed
勒,yue-HK,lak6,,,false,unicode-unihan-17@17.0.0:kCantonese,kCantonese,source-attested-unreviewed
勒,yue-HK,laak6,mandarin-mapping:lè,,false,unicode-unihan-17@17.0.0:kSMSZD2003Readings,kSMSZD2003Readings,source-attested-unreviewed
勒,zh-Hant-TW,lēi,,,false,unicode-unihan-17@17.0.0:kMandarin,kMandarin,source-attested-unreviewed
勒,zh-Hant-TW,lè,,,false,unicode-unihan-17@17.0.0:kHanyuPinyin,kHanyuPinyin,source-attested-unreviewed
勒,zh-Hant-TW,lei,,,false,unicode-unihan-17@17.0.0:kHanyuPinyin,kHanyuPinyin,source-attested-unreviewed
獅,yue-HK,si1,,,false,unicode-unihan-17@17.0.0:kCantonese,kCantonese,source-attested-unreviewed
獅,zh-Hant-TW,shī,,,false,unicode-unihan-17@17.0.0:kMandarin,kMandarin,source-attested-unreviewed
輸,yue-HK,syu1,,,false,unicode-unihan-17@17.0.0:kCantonese,kCantonese,source-attested-unreviewed
輸,zh-Hant-TW,shū,,,false,unicode-unihan-17@17.0.0:kMandarin,kMandarin,source-attested-unreviewed
輸,zh-Hant-TW,shù,,,false,unicode-unihan-17@17.0.0:kHanyuPinyin,kHanyuPinyin,source-attested-unreviewed
霧,yue-HK,mou6,,,false,unicode-unihan-17@17.0.0:kCantonese,kCantonese,source-attested-unreviewed
霧,zh-Hant-TW,wù,,,false,unicode-unihan-17@17.0.0:kMandarin,kMandarin,source-attested-unreviewed
霧,zh-Hant-TW,méng,,,false,unicode-unihan-17@17.0.0:kHanyuPinyin,kHanyuPinyin,source-attested-unreviewed
凡,yue-HK,faan4,,,false,unicode-unihan-17@17.0.0:kCantonese,kCantonese,source-attested-unreviewed
凡,zh-Hant-TW,fán,,,false,unicode-unihan-17@17.0.0:kMandarin,kMandarin,source-attested-unreviewed
巧,yue-HK,haau2,,,false,unicode-unihan-17@17.0.0:kCantonese,kCantonese,source-attested-unreviewed
巧,zh-Hant-TW,qiǎo,,,false,unicode-unihan-17@17.0.0:kMandarin,kMandarin,source-attested-unreviewed
扔,yue-HK,wing1,,,false,unicode-unihan-17@17.0.0:kCantonese,kCantonese,source-attested-unreviewed
扔,zh-Hant-TW,rēng,,,false,unicode-unihan-17@17.0.0:kMandarin,kMandarin,source-attested-unreviewed
扔,zh-Hant-TW,rèng,,,false,unicode-unihan-17@17.0.0:kHanyuPinyin,kHanyuPinyin,source-attested-unreviewed
怒,yue-HK,nou6,,,false,unicode-unihan-17@17.0.0:kCantonese,kCantonese,source-attested-unreviewed
怒,zh-Hant-TW,nù,,,false,unicode-unihan-17@17.0.0:kMandarin,kMandarin,source-attested-unreviewed
柿,yue-HK,ci2,,,false,unicode-unihan-17@17.0.0:kCantonese,kCantonese,source-attested-unreviewed
柿,zh-Hant-TW,shì,,,false,unicode-unihan-17@17.0.0:kMandarin,kMandarin,source-attested-unreviewed
株,yue-HK,zyu1,,,false,unicode-unihan-17@17.0.0:kCantonese,kCantonese,source-attested-unreviewed
株,zh-Hant-TW,zhū,,,false,unicode-unihan-17@17.0.0:kMandarin,kMandarin,source-attested-unreviewed
浮,yue-HK,fau4,,,false,unicode-unihan-17@17.0.0:kCantonese,kCantonese,source-attested-unreviewed
浮,zh-Hant-TW,fú,,,false,unicode-unihan-17@17.0.0:kMandarin,kMandarin,source-attested-unreviewed
貧,yue-HK,pan4,,,false,unicode-unihan-17@17.0.0:kCantonese,kCantonese,source-attested-unreviewed
貧,zh-Hant-TW,pín,,,false,unicode-unihan-17@17.0.0:kMandarin,kMandarin,source-attested-unreviewed
蒸,yue-HK,zing1,,,false,unicode-unihan-17@17.0.0:kCantonese,kCantonese,source-attested-unreviewed
蒸,zh-Hant-TW,zhēng,,,false,unicode-unihan-17@17.0.0:kMandarin,kMandarin,source-attested-unreviewed
厲,yue-HK,lai6,,,false,unicode-unihan-17@17.0.0:kCantonese,kCantonese,source-attested-unreviewed
厲,zh-Hant-TW,lì,,,false,unicode-unihan-17@17.0.0:kMandarin,kMandarin,source-attested-unreviewed
厲,zh-Hant-TW,lài,,,false,unicode-unihan-17@17.0.0:kHanyuPinyin,kHanyuPinyin,source-attested-unreviewed
鄭,yue-HK,zeng6,,,false,unicode-unihan-17@17.0.0:kCantonese,kCantonese,source-attested-unreviewed
鄭,yue-HK,zing6,mandarin-mapping:zhèng,,false,unicode-unihan-17@17.0.0:kSMSZD2003Readings,kSMSZD2003Readings,source-attested-unreviewed
鄭,zh-Hant-TW,zhèng,,,false,unicode-unihan-17@17.0.0:kMandarin,kMandarin,source-attested-unreviewed
叢,yue-HK,cung4,,,false,unicode-unihan-17@17.0.0:kCantonese,kCantonese,source-attested-unreviewed
叢,zh-Hant-TW,cóng,,,false,unicode-unihan-17@17.0.0:kMandarin,kMandarin,source-attested-unreviewed
爛,yue-HK,laan6,,,false,unicode-unihan-17@17.0.0:kCantonese,kCantonese,source-attested-unreviewed
爛,zh-Hant-TW,làn,,,false,unicode-unihan-17@17.0.0:kMandarin,kMandarin,source-attested-unreviewed
權,yue-HK,kyun4,,,false,unicode-unihan-17@17.0.0:kCantonese,kCantonese,source-attested-unreviewed
權,zh-Hant-TW,quán,,,false,unicode-unihan-17@17.0.0:kMandarin,kMandarin,source-attested-unreviewed
權,zh-Hant-TW,guàn,,,false,unicode-unihan-17@17.0.0:kHanyuPinyin,kHanyuPinyin,source-attested-unreviewed
疊,yue-HK,dip6,,,false,unicode-unihan-17@17.0.0:kCantonese,kCantonese,source-attested-unreviewed
疊,zh-Hant-TW,dié,,,false,unicode-unihan-17@17.0.0:kMandarin,kMandarin,source-attested-unreviewed
伍,yue-HK,ng5,,,false,unicode-unihan-17@17.0.0:kCantonese,kCantonese,source-attested-unreviewed
伍,zh-Hant-TW,wǔ,,,false,unicode-unihan-17@17.0.0:kMandarin,kMandarin,source-attested-unreviewed
伍,zh-Hant-TW,wu,attested-count:216,,false,unicode-unihan-17@17.0.0:kHanyuPinlu,kHanyuPinlu,source-attested-unreviewed
呆,yue-HK,ngoi4,,,false,unicode-unihan-17@17.0.0:kCantonese,kCantonese,source-attested-unreviewed
呆,yue-HK,daai1,mandarin-mapping:dāi,,false,unicode-unihan-17@17.0.0:kSMSZD2003Readings,kSMSZD2003Readings,source-attested-unreviewed
呆,zh-Hant-TW,dāi,,,false,unicode-unihan-17@17.0.0:kMandarin,kMandarin,source-attested-unreviewed
呆,zh-Hant-TW,bǎo,,,false,unicode-unihan-17@17.0.0:kHanyuPinyin,kHanyuPinyin,source-attested-unreviewed
呆,zh-Hant-TW,ái,,,false,unicode-unihan-17@17.0.0:kHanyuPinyin,kHanyuPinyin,source-attested-unreviewed
甚,yue-HK,sam6,,,false,unicode-unihan-17@17.0.0:kCantonese,kCantonese,source-attested-unreviewed
甚,zh-Hant-TW,shèn,,,false,unicode-unihan-17@17.0.0:kMandarin,kMandarin,source-attested-unreviewed
甚,zh-Hant-TW,shén,attested-count:3394,,false,unicode-unihan-17@17.0.0:kHanyuPinlu,kHanyuPinlu,source-attested-unreviewed
迪,yue-HK,dik6,,,false,unicode-unihan-17@17.0.0:kCantonese,kCantonese,source-attested-unreviewed
迪,zh-Hant-TW,dí,,,false,unicode-unihan-17@17.0.0:kMandarin,kMandarin,source-attested-unreviewed
液,yue-HK,jik6,,,false,unicode-unihan-17@17.0.0:kCantonese,kCantonese,source-attested-unreviewed
液,zh-Hant-TW,yè,,,false,unicode-unihan-17@17.0.0:kMandarin,kMandarin,source-attested-unreviewed
液,zh-Hant-TW,shì,,,false,unicode-unihan-17@17.0.0:kHanyuPinyin,kHanyuPinyin,source-attested-unreviewed
莫,yue-HK,mok6,,,false,unicode-unihan-17@17.0.0:kCantonese,kCantonese,source-attested-unreviewed
莫,zh-Hant-TW,mò,,,false,unicode-unihan-17@17.0.0:kMandarin,kMandarin,source-attested-unreviewed
莫,zh-Hant-TW,mo,attested-count:21,,false,unicode-unihan-17@17.0.0:kHanyuPinlu,kHanyuPinlu,source-attested-unreviewed
莫,zh-Hant-TW,mù,,,false,unicode-unihan-17@17.0.0:kHanyuPinyin,kHanyuPinyin,source-attested-unreviewed
蜓,yue-HK,ting4,,,false,unicode-unihan-17@17.0.0:kCantonese,kCantonese,source-attested-unreviewed
蜓,zh-Hant-TW,tíng,,,false,unicode-unihan-17@17.0.0:kMandarin,kMandarin,source-attested-unreviewed
蜓,zh-Hant-TW,diàn,,,false,unicode-unihan-17@17.0.0:kHanyuPinyin,kHanyuPinyin,source-attested-unreviewed
跡,yue-HK,zik1,,,false,unicode-unihan-17@17.0.0:kCantonese,kCantonese,source-attested-unreviewed
跡,zh-Hant-TW,jī,,,false,unicode-unihan-17@17.0.0:kMandarin,kMandarin,source-attested-unreviewed
載,yue-HK,zoi3,,,false,unicode-unihan-17@17.0.0:kCantonese,kCantonese,source-attested-unreviewed
載,yue-HK,zoi2,mandarin-mapping:zǎi,,false,unicode-unihan-17@17.0.0:kSMSZD2003Readings,kSMSZD2003Readings,source-attested-unreviewed
載,zh-Hant-TW,zài,,,false,unicode-unihan-17@17.0.0:kMandarin,kMandarin,source-attested-unreviewed
載,zh-Hant-TW,zǎi,attested-count:64,,false,unicode-unihan-17@17.0.0:kHanyuPinlu,kHanyuPinlu,source-attested-unreviewed
載,zh-Hant-TW,dài,,,false,unicode-unihan-17@17.0.0:kHanyuPinyin,kHanyuPinyin,source-attested-unreviewed
載,zh-Hant-TW,zāi,,,false,unicode-unihan-17@17.0.0:kHanyuPinyin,kHanyuPinyin,source-attested-unreviewed
載,zh-Hant-TW,zī,,,false,unicode-unihan-17@17.0.0:kHanyuPinyin,kHanyuPinyin,source-attested-unreviewed
蜻,yue-HK,cing1,,,false,unicode-unihan-17@17.0.0:kCantonese,kCantonese,source-attested-unreviewed
蜻,zh-Hant-TW,qīng,,,false,unicode-unihan-17@17.0.0:kMandarin,kMandarin,source-attested-unreviewed
蜻,zh-Hant-TW,jīng,,,false,unicode-unihan-17@17.0.0:kHanyuPinyin,kHanyuPinyin,source-attested-unreviewed
豔,yue-HK,jim6,,,false,unicode-unihan-17@17.0.0:kCantonese,kCantonese,source-attested-unreviewed
豔,zh-Hant-TW,yàn,,,false,unicode-unihan-17@17.0.0:kMandarin,kMandarin,source-attested-unreviewed
犯,yue-HK,faan6,,,false,unicode-unihan-17@17.0.0:kCantonese,kCantonese,source-attested-unreviewed
犯,yue-HK,faan2,mandarin-mapping:fàn,,false,unicode-unihan-17@17.0.0:kSMSZD2003Readings,kSMSZD2003Readings,source-attested-unreviewed
犯,zh-Hant-TW,fàn,,,false,unicode-unihan-17@17.0.0:kMandarin,kMandarin,source-attested-unreviewed
辛,yue-HK,san1,,,false,unicode-unihan-17@17.0.0:kCantonese,kCantonese,source-attested-unreviewed
辛,zh-Hant-TW,xīn,,,false,unicode-unihan-17@17.0.0:kMandarin,kMandarin,source-attested-unreviewed
咪,yue-HK,mai5,,,false,unicode-unihan-17@17.0.0:kCantonese,kCantonese,source-attested-unreviewed
咪,yue-HK,mai1,mandarin-mapping:mī,,false,unicode-unihan-17@17.0.0:kSMSZD2003Readings,kSMSZD2003Readings,source-attested-unreviewed
咪,yue-HK,mei1,mandarin-mapping:mī,,false,unicode-unihan-17@17.0.0:kSMSZD2003Readings,kSMSZD2003Readings,source-attested-unreviewed
咪,zh-Hant-TW,mī,,,false,unicode-unihan-17@17.0.0:kMandarin,kMandarin,source-attested-unreviewed
咪,zh-Hant-TW,miē,,,false,unicode-unihan-17@17.0.0:kHanyuPinyin,kHanyuPinyin,source-attested-unreviewed
咪,zh-Hant-TW,mǎi,,,false,unicode-unihan-17@17.0.0:kHanyuPinyin,kHanyuPinyin,source-attested-unreviewed
咪,zh-Hant-TW,mǐ,,,false,unicode-unihan-17@17.0.0:kHanyuPinyin,kHanyuPinyin,source-attested-unreviewed
姨,yue-HK,ji4,,,false,unicode-unihan-17@17.0.0:kCantonese,kCantonese,source-attested-unreviewed
姨,yue-HK,ji1,mandarin-mapping:yí,,false,unicode-unihan-17@17.0.0:kSMSZD2003Readings,kSMSZD2003Readings,source-attested-unreviewed
姨,zh-Hant-TW,yí,,,false,unicode-unihan-17@17.0.0:kMandarin,kMandarin,source-attested-unreviewed
迫,yue-HK,baak1,,,false,unicode-unihan-17@17.0.0:kCantonese,kCantonese,source-attested-unreviewed
迫,yue-HK,bik1,mandarin-mapping:pò,,false,unicode-unihan-17@17.0.0:kSMSZD2003Readings,kSMSZD2003Readings,source-attested-unreviewed
迫,zh-Hant-TW,pò,,,false,unicode-unihan-17@17.0.0:kMandarin,kMandarin,source-attested-unreviewed
迫,zh-Hant-TW,pǎi,,,false,unicode-unihan-17@17.0.0:kHanyuPinyin,kHanyuPinyin,source-attested-unreviewed
徐,yue-HK,ceoi4,,,false,unicode-unihan-17@17.0.0:kCantonese,kCantonese,source-attested-unreviewed
徐,zh-Hant-TW,xú,,,false,unicode-unihan-17@17.0.0:kMandarin,kMandarin,source-attested-unreviewed
紋,yue-HK,man4,,,false,unicode-unihan-17@17.0.0:kCantonese,kCantonese,source-attested-unreviewed
紋,zh-Hant-TW,wén,,,false,unicode-unihan-17@17.0.0:kMandarin,kMandarin,source-attested-unreviewed
紋,zh-Hant-TW,wèn,,,false,unicode-unihan-17@17.0.0:kHanyuPinyin,kHanyuPinyin,source-attested-unreviewed
素,yue-HK,sou3,,,false,unicode-unihan-17@17.0.0:kCantonese,kCantonese,source-attested-unreviewed
素,zh-Hant-TW,sù,,,false,unicode-unihan-17@17.0.0:kMandarin,kMandarin,source-attested-unreviewed
蝶,yue-HK,dip6,,,false,unicode-unihan-17@17.0.0:kCantonese,kCantonese,source-attested-unreviewed
蝶,zh-Hant-TW,dié,,,false,unicode-unihan-17@17.0.0:kMandarin,kMandarin,source-attested-unreviewed
蝶,zh-Hant-TW,tiē,,,false,unicode-unihan-17@17.0.0:kHanyuPinyin,kHanyuPinyin,source-attested-unreviewed
諸,yue-HK,zyu1,,,false,unicode-unihan-17@17.0.0:kCantonese,kCantonese,source-attested-unreviewed
諸,zh-Hant-TW,zhū,,,false,unicode-unihan-17@17.0.0:kMandarin,kMandarin,source-attested-unreviewed
諸,zh-Hant-TW,chú,,,false,unicode-unihan-17@17.0.0:kHanyuPinyin,kHanyuPinyin,source-attested-unreviewed
踏,yue-HK,daap6,,,false,unicode-unihan-17@17.0.0:kCantonese,kCantonese,source-attested-unreviewed
踏,zh-Hant-TW,tà,,,false,unicode-unihan-17@17.0.0:kMandarin,kMandarin,source-attested-unreviewed
踏,zh-Hant-TW,tā,attested-count:10,,false,unicode-unihan-17@17.0.0:kHanyuPinlu,kHanyuPinlu,source-attested-unreviewed
駝,yue-HK,to4,,,false,unicode-unihan-17@17.0.0:kCantonese,kCantonese,source-attested-unreviewed
駝,zh-Hant-TW,tuó,,,false,unicode-unihan-17@17.0.0:kMandarin,kMandarin,source-attested-unreviewed
駝,zh-Hant-TW,tuo,attested-count:116,,false,unicode-unihan-17@17.0.0:kHanyuPinlu,kHanyuPinlu,source-attested-unreviewed
警,yue-HK,ging2,,,false,unicode-unihan-17@17.0.0:kCantonese,kCantonese,source-attested-unreviewed
警,zh-Hant-TW,jǐng,,,false,unicode-unihan-17@17.0.0:kMandarin,kMandarin,source-attested-unreviewed
斧,yue-HK,fu2,,,false,unicode-unihan-17@17.0.0:kCantonese,kCantonese,source-attested-unreviewed
斧,zh-Hant-TW,fǔ,,,false,unicode-unihan-17@17.0.0:kMandarin,kMandarin,source-attested-unreviewed
股,yue-HK,gu2,,,false,unicode-unihan-17@17.0.0:kCantonese,kCantonese,source-attested-unreviewed
股,zh-Hant-TW,gǔ,,,false,unicode-unihan-17@17.0.0:kMandarin,kMandarin,source-attested-unreviewed
股,zh-Hant-TW,gu,attested-count:33,,false,unicode-unihan-17@17.0.0:kHanyuPinlu,kHanyuPinlu,source-attested-unreviewed
財,yue-HK,coi4,,,false,unicode-unihan-17@17.0.0:kCantonese,kCantonese,source-attested-unreviewed
財,zh-Hant-TW,cái,,,false,unicode-unihan-17@17.0.0:kMandarin,kMandarin,source-attested-unreviewed
敗,yue-HK,baai6,,,false,unicode-unihan-17@17.0.0:kCantonese,kCantonese,source-attested-unreviewed
敗,zh-Hant-TW,bài,,,false,unicode-unihan-17@17.0.0:kMandarin,kMandarin,source-attested-unreviewed
粗,yue-HK,cou1,,,false,unicode-unihan-17@17.0.0:kCantonese,kCantonese,source-attested-unreviewed
粗,zh-Hant-TW,cū,,,false,unicode-unihan-17@17.0.0:kMandarin,kMandarin,source-attested-unreviewed
牌,yue-HK,paai4,,,false,unicode-unihan-17@17.0.0:kCantonese,kCantonese,source-attested-unreviewed
牌,zh-Hant-TW,pái,,,false,unicode-unihan-17@17.0.0:kMandarin,kMandarin,source-attested-unreviewed
誠,yue-HK,sing4,,,false,unicode-unihan-17@17.0.0:kCantonese,kCantonese,source-attested-unreviewed
誠,zh-Hant-TW,chéng,,,false,unicode-unihan-17@17.0.0:kMandarin,kMandarin,source-attested-unreviewed
飾,yue-HK,sik1,,,false,unicode-unihan-17@17.0.0:kCantonese,kCantonese,source-attested-unreviewed
飾,zh-Hant-TW,shì,,,false,unicode-unihan-17@17.0.0:kMandarin,kMandarin,source-attested-unreviewed
飾,zh-Hant-TW,chì,,,false,unicode-unihan-17@17.0.0:kHanyuPinyin,kHanyuPinyin,source-attested-unreviewed
漫,yue-HK,maan6,,,false,unicode-unihan-17@17.0.0:kCantonese,kCantonese,source-attested-unreviewed
漫,zh-Hant-TW,màn,,,false,unicode-unihan-17@17.0.0:kMandarin,kMandarin,source-attested-unreviewed
膠,yue-HK,gaau1,,,false,unicode-unihan-17@17.0.0:kCantonese,kCantonese,source-attested-unreviewed
膠,zh-Hant-TW,jiāo,,,false,unicode-unihan-17@17.0.0:kMandarin,kMandarin,source-attested-unreviewed
膠,zh-Hant-TW,jiǎo,,,false,unicode-unihan-17@17.0.0:kHanyuPinyin,kHanyuPinyin,source-attested-unreviewed
膠,zh-Hant-TW,háo,,,false,unicode-unihan-17@17.0.0:kHanyuPinyin,kHanyuPinyin,source-attested-unreviewed
膠,zh-Hant-TW,nǎo,,,false,unicode-unihan-17@17.0.0:kHanyuPinyin,kHanyuPinyin,source-attested-unreviewed
鵑,yue-HK,gyun1,,,false,unicode-unihan-17@17.0.0:kCantonese,kCantonese,source-attested-unreviewed
鵑,zh-Hant-TW,juān,,,false,unicode-unihan-17@17.0.0:kMandarin,kMandarin,source-attested-unreviewed
坑,yue-HK,haang1,,,false,unicode-unihan-17@17.0.0:kCantonese,kCantonese,source-attested-unreviewed
坑,zh-Hant-TW,kēng,,,false,unicode-unihan-17@17.0.0:kMandarin,kMandarin,source-attested-unreviewed
坑,zh-Hant-TW,kàng,,,false,unicode-unihan-17@17.0.0:kHanyuPinyin,kHanyuPinyin,source-attested-unreviewed
供,yue-HK,gung1,,,false,unicode-unihan-17@17.0.0:kCantonese,kCantonese,source-attested-unreviewed
供,yue-HK,gung3,mandarin-mapping:gòng,,false,unicode-unihan-17@17.0.0:kSMSZD2003Readings,kSMSZD2003Readings,source-attested-unreviewed
供,zh-Hant-TW,gōng,,,false,unicode-unihan-17@17.0.0:kMandarin,kMandarin,source-attested-unreviewed
供,zh-Hant-TW,gòng,attested-count:11,,false,unicode-unihan-17@17.0.0:kHanyuPinlu,kHanyuPinlu,source-attested-unreviewed
固,yue-HK,gu3,,,false,unicode-unihan-17@17.0.0:kCantonese,kCantonese,source-attested-unreviewed
固,zh-Hant-TW,gù,,,false,unicode-unihan-17@17.0.0:kMandarin,kMandarin,source-attested-unreviewed
肯,yue-HK,hang2,,,false,unicode-unihan-17@17.0.0:kCantonese,kCantonese,source-attested-unreviewed
肯,zh-Hant-TW,kěn,,,false,unicode-unihan-17@17.0.0:kMandarin,kMandarin,source-attested-unreviewed
昨,yue-HK,zok6,,,false,unicode-unihan-17@17.0.0:kCantonese,kCantonese,source-attested-unreviewed
昨,yue-HK,zok3,mandarin-mapping:zuó,,false,unicode-unihan-17@17.0.0:kSMSZD2003Readings,kSMSZD2003Readings,source-attested-unreviewed
昨,zh-Hant-TW,zuó,,,false,unicode-unihan-17@17.0.0:kMandarin,kMandarin,source-attested-unreviewed
若,yue-HK,joek6,,,false,unicode-unihan-17@17.0.0:kCantonese,kCantonese,source-attested-unreviewed
若,yue-HK,je5,mandarin-mapping:rě,,false,unicode-unihan-17@17.0.0:kSMSZD2003Readings,kSMSZD2003Readings,source-attested-unreviewed
若,zh-Hant-TW,ruò,,,false,unicode-unihan-17@17.0.0:kMandarin,kMandarin,source-attested-unreviewed
若,zh-Hant-TW,ré,,,false,unicode-unihan-17@17.0.0:kHanyuPinyin,kHanyuPinyin,source-attested-unreviewed
若,zh-Hant-TW,rè,,,false,unicode-unihan-17@17.0.0:kHanyuPinyin,kHanyuPinyin,source-attested-unreviewed
茶,yue-HK,caa4,,,false,unicode-unihan-17@17.0.0:kCantonese,kCantonese,source-attested-unreviewed
茶,zh-Hant-TW,chá,,,false,unicode-unihan-17@17.0.0:kMandarin,kMandarin,source-attested-unreviewed
偷,yue-HK,tau1,,,false,unicode-unihan-17@17.0.0:kCantonese,kCantonese,source-attested-unreviewed
偷,zh-Hant-TW,tōu,,,false,unicode-unihan-17@17.0.0:kMandarin,kMandarin,source-attested-unreviewed
終,yue-HK,zung1,,,false,unicode-unihan-17@17.0.0:kCantonese,kCantonese,source-attested-unreviewed
終,zh-Hant-TW,zhōng,,,false,unicode-unihan-17@17.0.0:kMandarin,kMandarin,source-attested-unreviewed
軟,yue-HK,jyun5,,,false,unicode-unihan-17@17.0.0:kCantonese,kCantonese,source-attested-unreviewed
軟,zh-Hant-TW,ruǎn,,,false,unicode-unihan-17@17.0.0:kMandarin,kMandarin,source-attested-unreviewed
軸,yue-HK,zuk6,,,false,unicode-unihan-17@17.0.0:kCantonese,kCantonese,source-attested-unreviewed
軸,zh-Hant-TW,zhóu,,,false,unicode-unihan-17@17.0.0:kMandarin,kMandarin,source-attested-unreviewed
軸,zh-Hant-TW,zhú,,,false,unicode-unihan-17@17.0.0:kHanyuPinyin,kHanyuPinyin,source-attested-unreviewed
軸,zh-Hant-TW,zhòu,,,false,unicode-unihan-17@17.0.0:kHanyuPinyin,kHanyuPinyin,source-attested-unreviewed
慌,yue-HK,fong1,,,false,unicode-unihan-17@17.0.0:kCantonese,kCantonese,source-attested-unreviewed
慌,zh-Hant-TW,huāng,,,false,unicode-unihan-17@17.0.0:kMandarin,kMandarin,source-attested-unreviewed
慌,zh-Hant-TW,huang,attested-count:15,,false,unicode-unihan-17@17.0.0:kHanyuPinlu,kHanyuPinlu,source-attested-unreviewed
慌,zh-Hant-TW,huǎng,,,false,unicode-unihan-17@17.0.0:kHanyuPinyin,kHanyuPinyin,source-attested-unreviewed
嫩,yue-HK,nyun6,,,false,unicode-unihan-17@17.0.0:kCantonese,kCantonese,source-attested-unreviewed
嫩,zh-Hant-TW,nèn,,,false,unicode-unihan-17@17.0.0:kMandarin,kMandarin,source-attested-unreviewed
毅,yue-HK,ngai6,,,false,unicode-unihan-17@17.0.0:kCantonese,kCantonese,source-attested-unreviewed
毅,zh-Hant-TW,yì,,,false,unicode-unihan-17@17.0.0:kMandarin,kMandarin,source-attested-unreviewed
嚇,yue-HK,haak3,,,false,unicode-unihan-17@17.0.0:kCantonese,kCantonese,source-attested-unreviewed
嚇,zh-Hant-TW,xià,,,false,unicode-unihan-17@17.0.0:kMandarin,kMandarin,source-attested-unreviewed
嚇,zh-Hant-TW,hè,,,false,unicode-unihan-17@17.0.0:kHanyuPinyin,kHanyuPinyin,source-attested-unreviewed
燭,yue-HK,zuk1,,,false,unicode-unihan-17@17.0.0:kCantonese,kCantonese,source-attested-unreviewed
燭,zh-Hant-TW,zhú,,,false,unicode-unihan-17@17.0.0:kMandarin,kMandarin,source-attested-unreviewed
燭,zh-Hant-TW,kuò,,,false,unicode-unihan-17@17.0.0:kHanyuPinyin,kHanyuPinyin,source-attested-unreviewed
齡,yue-HK,ling4,,,false,unicode-unihan-17@17.0.0:kCantonese,kCantonese,source-attested-unreviewed
齡,zh-Hant-TW,líng,,,false,unicode-unihan-17@17.0.0:kMandarin,kMandarin,source-attested-unreviewed
岡,yue-HK,gong1,,,false,unicode-unihan-17@17.0.0:kCantonese,kCantonese,source-attested-unreviewed
岡,zh-Hant-TW,gāng,,,false,unicode-unihan-17@17.0.0:kMandarin,kMandarin,source-attested-unreviewed
郁,yue-HK,juk1,,,false,unicode-unihan-17@17.0.0:kCantonese,kCantonese,source-attested-unreviewed
郁,zh-Hant-TW,yù,,,false,unicode-unihan-17@17.0.0:kMandarin,kMandarin,source-attested-unreviewed
逃,yue-HK,tou4,,,false,unicode-unihan-17@17.0.0:kCantonese,kCantonese,source-attested-unreviewed
逃,zh-Hant-TW,táo,,,false,unicode-unihan-17@17.0.0:kMandarin,kMandarin,source-attested-unreviewed
婦,yue-HK,fu5,,,false,unicode-unihan-17@17.0.0:kCantonese,kCantonese,source-attested-unreviewed
婦,zh-Hant-TW,fù,,,false,unicode-unihan-17@17.0.0:kMandarin,kMandarin,source-attested-unreviewed
婦,zh-Hant-TW,fu,attested-count:28,,false,unicode-unihan-17@17.0.0:kHanyuPinlu,kHanyuPinlu,source-attested-unreviewed
傾,yue-HK,king1,,,false,unicode-unihan-17@17.0.0:kCantonese,kCantonese,source-attested-unreviewed
傾,zh-Hant-TW,qīng,,,false,unicode-unihan-17@17.0.0:kMandarin,kMandarin,source-attested-unreviewed
傾,zh-Hant-TW,qǐng,,,false,unicode-unihan-17@17.0.0:kHanyuPinyin,kHanyuPinyin,source-attested-unreviewed
嗡,yue-HK,jung1,,,false,unicode-unihan-17@17.0.0:kCantonese,kCantonese,source-attested-unreviewed
嗡,zh-Hant-TW,wēng,,,false,unicode-unihan-17@17.0.0:kMandarin,kMandarin,source-attested-unreviewed
嗡,zh-Hant-TW,wěng,,,false,unicode-unihan-17@17.0.0:kHanyuPinyin,kHanyuPinyin,source-attested-unreviewed
聖,yue-HK,sing3,,,false,unicode-unihan-17@17.0.0:kCantonese,kCantonese,source-attested-unreviewed
聖,zh-Hant-TW,shèng,,,false,unicode-unihan-17@17.0.0:kMandarin,kMandarin,source-attested-unreviewed
碧,yue-HK,bik1,,,false,unicode-unihan-17@17.0.0:kCantonese,kCantonese,source-attested-unreviewed
碧,zh-Hant-TW,bì,,,false,unicode-unihan-17@17.0.0:kMandarin,kMandarin,source-attested-unreviewed
歐,yue-HK,au1,,,false,unicode-unihan-17@17.0.0:kCantonese,kCantonese,source-attested-unreviewed
歐,zh-Hant-TW,ōu,,,false,unicode-unihan-17@17.0.0:kMandarin,kMandarin,source-attested-unreviewed
歐,zh-Hant-TW,ǒu,,,false,unicode-unihan-17@17.0.0:kHanyuPinyin,kHanyuPinyin,source-attested-unreviewed
霞,yue-HK,haa4,,,false,unicode-unihan-17@17.0.0:kCantonese,kCantonese,source-attested-unreviewed
霞,zh-Hant-TW,xiá,,,false,unicode-unihan-17@17.0.0:kMandarin,kMandarin,source-attested-unreviewed
樸,yue-HK,pok3,,,false,unicode-unihan-17@17.0.0:kCantonese,kCantonese,source-attested-unreviewed
樸,zh-Hant-TW,pǔ,,,false,unicode-unihan-17@17.0.0:kMandarin,kMandarin,source-attested-unreviewed
樸,zh-Hant-TW,pú,,,false,unicode-unihan-17@17.0.0:kHanyuPinyin,kHanyuPinyin,source-attested-unreviewed
串,yue-HK,cyun3,,,false,unicode-unihan-17@17.0.0:kCantonese,kCantonese,source-attested-unreviewed
串,zh-Hant-TW,chuàn,,,false,unicode-unihan-17@17.0.0:kMandarin,kMandarin,source-attested-unreviewed
串,zh-Hant-TW,guàn,,,false,unicode-unihan-17@17.0.0:kHanyuPinyin,kHanyuPinyin,source-attested-unreviewed
串,zh-Hant-TW,quàn,,,false,unicode-unihan-17@17.0.0:kHanyuPinyin,kHanyuPinyin,source-attested-unreviewed
戒,yue-HK,gaai3,,,false,unicode-unihan-17@17.0.0:kCantonese,kCantonese,source-attested-unreviewed
戒,zh-Hant-TW,jiè,,,false,unicode-unihan-17@17.0.0:kMandarin,kMandarin,source-attested-unreviewed
咬,yue-HK,ngaau5,,,false,unicode-unihan-17@17.0.0:kCantonese,kCantonese,source-attested-unreviewed
咬,yue-HK,gaau1,mandarin-mapping:jiāo,,false,unicode-unihan-17@17.0.0:kSMSZD2003Readings,kSMSZD2003Readings,source-attested-unreviewed
咬,zh-Hant-TW,yǎo,,,false,unicode-unihan-17@17.0.0:kMandarin,kMandarin,source-attested-unreviewed
咬,zh-Hant-TW,jiāo,,,false,unicode-unihan-17@17.0.0:kHanyuPinyin,kHanyuPinyin,source-attested-unreviewed
咬,zh-Hant-TW,yāo,,,false,unicode-unihan-17@17.0.0:kHanyuPinyin,kHanyuPinyin,source-attested-unreviewed
咬,zh-Hant-TW,jiǎo,,,false,unicode-unihan-17@17.0.0:kHanyuPinyin,kHanyuPinyin,source-attested-unreviewed
欲,yue-HK,juk6,,,false,unicode-unihan-17@17.0.0:kCantonese,kCantonese,source-attested-unreviewed
欲,zh-Hant-TW,yù,,,false,unicode-unihan-17@17.0.0:kMandarin,kMandarin,source-attested-unreviewed
陷,yue-HK,haam6,,,false,unicode-unihan-17@17.0.0:kCantonese,kCantonese,source-attested-unreviewed
陷,zh-Hant-TW,xiàn,,,false,unicode-unihan-17@17.0.0:kMandarin,kMandarin,source-attested-unreviewed
惡,yue-HK,ok3,,,false,unicode-unihan-17@17.0.0:kCantonese,kCantonese,source-attested-unreviewed
惡,yue-HK,wu3,mandarin-mapping:wù,,false,unicode-unihan-17@17.0.0:kSMSZD2003Readings,kSMSZD2003Readings,source-attested-unreviewed
惡,yue-HK,wu1,mandarin-mapping:wū,,false,unicode-unihan-17@17.0.0:kSMSZD2003Readings,kSMSZD2003Readings,source-attested-unreviewed
惡,zh-Hant-TW,è,,,false,unicode-unihan-17@17.0.0:kMandarin,kMandarin,source-attested-unreviewed
惡,zh-Hant-TW,wù,attested-count:40,,false,unicode-unihan-17@17.0.0:kHanyuPinlu,kHanyuPinlu,source-attested-unreviewed
惡,zh-Hant-TW,wū,,,false,unicode-unihan-17@17.0.0:kHanyuPinyin,kHanyuPinyin,source-attested-unreviewed
惡,zh-Hant-TW,ě,,,false,unicode-unihan-17@17.0.0:kHanyuPinyin,kHanyuPinyin,source-attested-unreviewed
惡,zh-Hant-TW,hū,,,false,unicode-unihan-17@17.0.0:kHanyuPinyin,kHanyuPinyin,source-attested-unreviewed
紫,yue-HK,zi2,,,false,unicode-unihan-17@17.0.0:kCantonese,kCantonese,source-attested-unreviewed
紫,zh-Hant-TW,zǐ,,,false,unicode-unihan-17@17.0.0:kMandarin,kMandarin,source-attested-unreviewed
閏,yue-HK,jeon6,,,false,unicode-unihan-17@17.0.0:kCantonese,kCantonese,source-attested-unreviewed
閏,zh-Hant-TW,rùn,,,false,unicode-unihan-17@17.0.0:kMandarin,kMandarin,source-attested-unreviewed
網,yue-HK,mong5,,,false,unicode-unihan-17@17.0.0:kCantonese,kCantonese,source-attested-unreviewed
網,zh-Hant-TW,wǎng,,,false,unicode-unihan-17@17.0.0:kMandarin,kMandarin,source-attested-unreviewed
稿,yue-HK,gou2,,,false,unicode-unihan-17@17.0.0:kCantonese,kCantonese,source-attested-unreviewed
稿,zh-Hant-TW,gǎo,,,false,unicode-unihan-17@17.0.0:kMandarin,kMandarin,source-attested-unreviewed
丟,yue-HK,diu1,,,false,unicode-unihan-17@17.0.0:kCantonese,kCantonese,source-attested-unreviewed
丟,zh-Hant-TW,diū,,,false,unicode-unihan-17@17.0.0:kMandarin,kMandarin,source-attested-unreviewed
帆,yue-HK,faan4,,,false,unicode-unihan-17@17.0.0:kCantonese,kCantonese,source-attested-unreviewed
帆,zh-Hant-TW,fān,,,false,unicode-unihan-17@17.0.0:kMandarin,kMandarin,source-attested-unreviewed
帆,zh-Hant-TW,fán,,,false,unicode-unihan-17@17.0.0:kMandarin,kMandarin,source-attested-unreviewed
帆,zh-Hant-TW,fàn,,,false,unicode-unihan-17@17.0.0:kHanyuPinyin,kHanyuPinyin,source-attested-unreviewed
協,yue-HK,hip3,,,false,unicode-unihan-17@17.0.0:kCantonese,kCantonese,source-attested-unreviewed
協,zh-Hant-TW,xié,,,false,unicode-unihan-17@17.0.0:kMandarin,kMandarin,source-attested-unreviewed
眉,yue-HK,mei4,,,false,unicode-unihan-17@17.0.0:kCantonese,kCantonese,source-attested-unreviewed
眉,zh-Hant-TW,méi,,,false,unicode-unihan-17@17.0.0:kMandarin,kMandarin,source-attested-unreviewed
倉,yue-HK,cong1,,,false,unicode-unihan-17@17.0.0:kCantonese,kCantonese,source-attested-unreviewed
倉,zh-Hant-TW,cāng,,,false,unicode-unihan-17@17.0.0:kMandarin,kMandarin,source-attested-unreviewed
倉,zh-Hant-TW,chuàng,,,false,unicode-unihan-17@17.0.0:kHanyuPinyin,kHanyuPinyin,source-attested-unreviewed
茫,yue-HK,mong4,,,false,unicode-unihan-17@17.0.0:kCantonese,kCantonese,source-attested-unreviewed
茫,zh-Hant-TW,máng,,,false,unicode-unihan-17@17.0.0:kMandarin,kMandarin,source-attested-unreviewed
茫,zh-Hant-TW,māng,attested-count:36,,false,unicode-unihan-17@17.0.0:kHanyuPinlu,kHanyuPinlu,source-attested-unreviewed
茫,zh-Hant-TW,huǎng,,,false,unicode-unihan-17@17.0.0:kHanyuPinyin,kHanyuPinyin,source-attested-unreviewed
喀,yue-HK,kaak3,,,false,unicode-unihan-17@17.0.0:kCantonese,kCantonese,source-attested-unreviewed
喀,yue-HK,kaa1,mandarin-mapping:kā,,false,unicode-unihan-17@17.0.0:kSMSZD2003Readings,kSMSZD2003Readings,source-attested-unreviewed
喀,zh-Hant-TW,kā,,,false,unicode-unihan-17@17.0.0:kMandarin,kMandarin,source-attested-unreviewed
喀,zh-Hant-TW,kè,,,false,unicode-unihan-17@17.0.0:kHanyuPinyin,kHanyuPinyin,source-attested-unreviewed
喀,zh-Hant-TW,ke,,,false,unicode-unihan-17@17.0.0:kHanyuPinyin,kHanyuPinyin,source-attested-unreviewed
搞,yue-HK,gaau2,,,false,unicode-unihan-17@17.0.0:kCantonese,kCantonese,source-attested-unreviewed
搞,zh-Hant-TW,gǎo,,,false,unicode-unihan-17@17.0.0:kMandarin,kMandarin,source-attested-unreviewed
搞,zh-Hant-TW,qiāo,,,false,unicode-unihan-17@17.0.0:kHanyuPinyin,kHanyuPinyin,source-attested-unreviewed
搞,zh-Hant-TW,kào,,,false,unicode-unihan-17@17.0.0:kHanyuPinyin,kHanyuPinyin,source-attested-unreviewed
詳,yue-HK,coeng4,,,false,unicode-unihan-17@17.0.0:kCantonese,kCantonese,source-attested-unreviewed
詳,zh-Hant-TW,xiáng,,,false,unicode-unihan-17@17.0.0:kMandarin,kMandarin,source-attested-unreviewed
詳,zh-Hant-TW,yáng,,,false,unicode-unihan-17@17.0.0:kHanyuPinyin,kHanyuPinyin,source-attested-unreviewed
幕,yue-HK,mok6,,,false,unicode-unihan-17@17.0.0:kCantonese,kCantonese,source-attested-unreviewed
幕,zh-Hant-TW,mù,,,false,unicode-unihan-17@17.0.0:kMandarin,kMandarin,source-attested-unreviewed
幕,zh-Hant-TW,màn,,,false,unicode-unihan-17@17.0.0:kHanyuPinyin,kHanyuPinyin,source-attested-unreviewed
綿,yue-HK,min4,,,false,unicode-unihan-17@17.0.0:kCantonese,kCantonese,source-attested-unreviewed
綿,zh-Hant-TW,mián,,,false,unicode-unihan-17@17.0.0:kMandarin,kMandarin,source-attested-unreviewed
撿,yue-HK,gim2,,,false,unicode-unihan-17@17.0.0:kCantonese,kCantonese,source-attested-unreviewed
撿,zh-Hant-TW,jiǎn,,,false,unicode-unihan-17@17.0.0:kMandarin,kMandarin,source-attested-unreviewed
撿,zh-Hant-TW,liàn,,,false,unicode-unihan-17@17.0.0:kHanyuPinyin,kHanyuPinyin,source-attested-unreviewed
頸,yue-HK,geng2,,,false,unicode-unihan-17@17.0.0:kCantonese,kCantonese,source-attested-unreviewed
頸,zh-Hant-TW,jǐng,,,false,unicode-unihan-17@17.0.0:kMandarin,kMandarin,source-attested-unreviewed
頸,zh-Hant-TW,gěng,,,false,unicode-unihan-17@17.0.0:kHanyuPinyin,kHanyuPinyin,source-attested-unreviewed
鍛,yue-HK,dyun3,,,false,unicode-unihan-17@17.0.0:kCantonese,kCantonese,source-attested-unreviewed
鍛,zh-Hant-TW,duàn,,,false,unicode-unihan-17@17.0.0:kMandarin,kMandarin,source-attested-unreviewed
斤,yue-HK,gan1,,,false,unicode-unihan-17@17.0.0:kCantonese,kCantonese,source-attested-unreviewed
斤,zh-Hant-TW,jīn,,,false,unicode-unihan-17@17.0.0:kMandarin,kMandarin,source-attested-unreviewed
召,yue-HK,ziu6,,,false,unicode-unihan-17@17.0.0:kCantonese,kCantonese,source-attested-unreviewed
召,yue-HK,siu6,mandarin-mapping:shào,,false,unicode-unihan-17@17.0.0:kSMSZD2003Readings,kSMSZD2003Readings,source-attested-unreviewed
召,zh-Hant-TW,zhào,,,false,unicode-unihan-17@17.0.0:kMandarin,kMandarin,source-attested-unreviewed
召,zh-Hant-TW,shào,,,false,unicode-unihan-17@17.0.0:kHanyuPinyin,kHanyuPinyin,source-attested-unreviewed
谷,yue-HK,guk1,,,false,unicode-unihan-17@17.0.0:kCantonese,kCantonese,source-attested-unreviewed
谷,yue-HK,juk6,mandarin-mapping:yù,,false,unicode-unihan-17@17.0.0:kSMSZD2003Readings,kSMSZD2003Readings,source-attested-unreviewed
谷,zh-Hant-TW,gǔ,,,false,unicode-unihan-17@17.0.0:kMandarin,kMandarin,source-attested-unreviewed
谷,zh-Hant-TW,lù,,,false,unicode-unihan-17@17.0.0:kHanyuPinyin,kHanyuPinyin,source-attested-unreviewed
谷,zh-Hant-TW,yù,,,false,unicode-unihan-17@17.0.0:kHanyuPinyin,kHanyuPinyin,source-attested-unreviewed
郎,yue-HK,long4,,,false,unicode-unihan-17@17.0.0:kCantonese,kCantonese,source-attested-unreviewed
郎,zh-Hant-TW,láng,,,false,unicode-unihan-17@17.0.0:kMandarin,kMandarin,source-attested-unreviewed
啟,yue-HK,kai2,,,false,unicode-unihan-17@17.0.0:kCantonese,kCantonese,source-attested-unreviewed
啟,zh-Hant-TW,qǐ,,,false,unicode-unihan-17@17.0.0:kMandarin,kMandarin,source-attested-unreviewed
斜,yue-HK,ce4,,,false,unicode-unihan-17@17.0.0:kCantonese,kCantonese,source-attested-unreviewed
斜,yue-HK,je4,mandarin-mapping:yé,,false,unicode-unihan-17@17.0.0:kSMSZD2003Readings,kSMSZD2003Readings,source-attested-unreviewed
斜,zh-Hant-TW,xié,,,false,unicode-unihan-17@17.0.0:kMandarin,kMandarin,source-attested-unreviewed
斜,zh-Hant-TW,xiá,,,false,unicode-unihan-17@17.0.0:kHanyuPinyin,kHanyuPinyin,source-attested-unreviewed
斜,zh-Hant-TW,chá,,,false,unicode-unihan-17@17.0.0:kHanyuPinyin,kHanyuPinyin,source-attested-unreviewed
斜,zh-Hant-TW,yé,,,false,unicode-unihan-17@17.0.0:kHanyuPinyin,kHanyuPinyin,source-attested-unreviewed
尋,yue-HK,cam4,,,false,unicode-unihan-17@17.0.0:kCantonese,kCantonese,source-attested-unreviewed
尋,zh-Hant-TW,xún,,,false,unicode-unihan-17@17.0.0:kMandarin,kMandarin,source-attested-unreviewed
尋,zh-Hant-TW,xín,attested-count:14,,false,unicode-unihan-17@17.0.0:kHanyuPinlu,kHanyuPinlu,source-attested-unreviewed
替,yue-HK,tai3,,,false,unicode-unihan-17@17.0.0:kCantonese,kCantonese,source-attested-unreviewed
替,zh-Hant-TW,tì,,,false,unicode-unihan-17@17.0.0:kMandarin,kMandarin,source-attested-unreviewed
飽,yue-HK,baau2,,,false,unicode-unihan-17@17.0.0:kCantonese,kCantonese,source-attested-unreviewed
飽,zh-Hant-TW,bǎo,,,false,unicode-unihan-17@17.0.0:kMandarin,kMandarin,source-attested-unreviewed
夢,yue-HK,mung6,,,false,unicode-unihan-17@17.0.0:kCantonese,kCantonese,source-attested-unreviewed
夢,zh-Hant-TW,mèng,,,false,unicode-unihan-17@17.0.0:kMandarin,kMandarin,source-attested-unreviewed
夢,zh-Hant-TW,méng,,,false,unicode-unihan-17@17.0.0:kHanyuPinyin,kHanyuPinyin,source-attested-unreviewed
榨,yue-HK,zaa3,,,false,unicode-unihan-17@17.0.0:kCantonese,kCantonese,source-attested-unreviewed
榨,zh-Hant-TW,zhà,,,false,unicode-unihan-17@17.0.0:kMandarin,kMandarin,source-attested-unreviewed
廢,yue-HK,fai3,,,false,unicode-unihan-17@17.0.0:kCantonese,kCantonese,source-attested-unreviewed
廢,zh-Hant-TW,fèi,,,false,unicode-unihan-17@17.0.0:kMandarin,kMandarin,source-attested-unreviewed
憐,yue-HK,lin4,,,false,unicode-unihan-17@17.0.0:kCantonese,kCantonese,source-attested-unreviewed
憐,zh-Hant-TW,lián,,,false,unicode-unihan-17@17.0.0:kMandarin,kMandarin,source-attested-unreviewed
潮,yue-HK,ciu4,,,false,unicode-unihan-17@17.0.0:kCantonese,kCantonese,source-attested-unreviewed
潮,zh-Hant-TW,cháo,,,false,unicode-unihan-17@17.0.0:kMandarin,kMandarin,source-attested-unreviewed
蝴,yue-HK,wu4,,,false,unicode-unihan-17@17.0.0:kCantonese,kCantonese,source-attested-unreviewed
蝴,zh-Hant-TW,hú,,,false,unicode-unihan-17@17.0.0:kMandarin,kMandarin,source-attested-unreviewed
膽,yue-HK,daam2,,,false,unicode-unihan-17@17.0.0:kCantonese,kCantonese,source-attested-unreviewed
膽,zh-Hant-TW,dǎn,,,false,unicode-unihan-17@17.0.0:kMandarin,kMandarin,source-attested-unreviewed
蠟,yue-HK,laap6,,,false,unicode-unihan-17@17.0.0:kCantonese,kCantonese,source-attested-unreviewed
蠟,zh-Hant-TW,là,,,false,unicode-unihan-17@17.0.0:kMandarin,kMandarin,source-attested-unreviewed
鑼,yue-HK,lo4,,,false,unicode-unihan-17@17.0.0:kCantonese,kCantonese,source-attested-unreviewed
鑼,zh-Hant-TW,luó,,,false,unicode-unihan-17@17.0.0:kMandarin,kMandarin,source-attested-unreviewed
川,yue-HK,cyun1,,,false,unicode-unihan-17@17.0.0:kCantonese,kCantonese,source-attested-unreviewed
川,zh-Hant-TW,chuān,,,false,unicode-unihan-17@17.0.0:kMandarin,kMandarin,source-attested-unreviewed
狂,yue-HK,kong4,,,false,unicode-unihan-17@17.0.0:kCantonese,kCantonese,source-attested-unreviewed
狂,yue-HK,kwong4,mandarin-mapping:kuáng,,false,unicode-unihan-17@17.0.0:kSMSZD2003Readings,kSMSZD2003Readings,source-attested-unreviewed
狂,zh-Hant-TW,kuáng,,,false,unicode-unihan-17@17.0.0:kMandarin,kMandarin,source-attested-unreviewed
狂,zh-Hant-TW,jué,,,false,unicode-unihan-17@17.0.0:kHanyuPinyin,kHanyuPinyin,source-attested-unreviewed
肚,yue-HK,tou5,,,false,unicode-unihan-17@17.0.0:kCantonese,kCantonese,source-attested-unreviewed
肚,zh-Hant-TW,dù,,,false,unicode-unihan-17@17.0.0:kMandarin,kMandarin,source-attested-unreviewed
肚,zh-Hant-TW,dǔ,,,false,unicode-unihan-17@17.0.0:kHanyuPinyin,kHanyuPinyin,source-attested-unreviewed
捲,yue-HK,gyun2,,,false,unicode-unihan-17@17.0.0:kCantonese,kCantonese,source-attested-unreviewed
捲,zh-Hant-TW,juǎn,,,false,unicode-unihan-17@17.0.0:kMandarin,kMandarin,source-attested-unreviewed
捲,zh-Hant-TW,quán,,,false,unicode-unihan-17@17.0.0:kHanyuPinyin,kHanyuPinyin,source-attested-unreviewed
捲,zh-Hant-TW,juàn,,,false,unicode-unihan-17@17.0.0:kHanyuPinyin,kHanyuPinyin,source-attested-unreviewed
勃,yue-HK,but6,,,false,unicode-unihan-17@17.0.0:kCantonese,kCantonese,source-attested-unreviewed
勃,zh-Hant-TW,bó,,,false,unicode-unihan-17@17.0.0:kMandarin,kMandarin,source-attested-unreviewed
屏,yue-HK,ping4,,,false,unicode-unihan-17@17.0.0:kCantonese,kCantonese,source-attested-unreviewed
屏,yue-HK,bing2,mandarin-mapping:bǐng,,false,unicode-unihan-17@17.0.0:kSMSZD2003Readings,kSMSZD2003Readings,source-attested-unreviewed
屏,zh-Hant-TW,píng,,,false,unicode-unihan-17@17.0.0:kMandarin,kMandarin,source-attested-unreviewed
屏,zh-Hant-TW,bǐng,,,false,unicode-unihan-17@17.0.0:kHanyuPinyin,kHanyuPinyin,source-attested-unreviewed
屏,zh-Hant-TW,bìng,,,false,unicode-unihan-17@17.0.0:kHanyuPinyin,kHanyuPinyin,source-attested-unreviewed
屏,zh-Hant-TW,bīng,,,false,unicode-unihan-17@17.0.0:kHanyuPinyin,kHanyuPinyin,source-attested-unreviewed
皇,yue-HK,wong4,,,false,unicode-unihan-17@17.0.0:kCantonese,kCantonese,source-attested-unreviewed
皇,zh-Hant-TW,huáng,,,false,unicode-unihan-17@17.0.0:kMandarin,kMandarin,source-attested-unreviewed
皇,zh-Hant-TW,wǎng,,,false,unicode-unihan-17@17.0.0:kHanyuPinyin,kHanyuPinyin,source-attested-unreviewed
庭,yue-HK,ting4,,,false,unicode-unihan-17@17.0.0:kCantonese,kCantonese,source-attested-unreviewed
庭,zh-Hant-TW,tíng,,,false,unicode-unihan-17@17.0.0:kMandarin,kMandarin,source-attested-unreviewed
晏,yue-HK,aan3,,,false,unicode-unihan-17@17.0.0:kCantonese,kCantonese,source-attested-unreviewed
晏,zh-Hant-TW,yàn,,,false,unicode-unihan-17@17.0.0:kMandarin,kMandarin,source-attested-unreviewed
悲,yue-HK,bei1,,,false,unicode-unihan-17@17.0.0:kCantonese,kCantonese,source-attested-unreviewed
悲,zh-Hant-TW,bēi,,,false,unicode-unihan-17@17.0.0:kMandarin,kMandarin,source-attested-unreviewed
滋,yue-HK,zi1,,,false,unicode-unihan-17@17.0.0:kCantonese,kCantonese,source-attested-unreviewed
滋,zh-Hant-TW,zī,,,false,unicode-unihan-17@17.0.0:kMandarin,kMandarin,source-attested-unreviewed
滋,zh-Hant-TW,cí,,,false,unicode-unihan-17@17.0.0:kHanyuPinyin,kHanyuPinyin,source-attested-unreviewed
滋,zh-Hant-TW,xuán,,,false,unicode-unihan-17@17.0.0:kHanyuPinyin,kHanyuPinyin,source-attested-unreviewed
漂,yue-HK,piu1,,,false,unicode-unihan-17@17.0.0:kCantonese,kCantonese,source-attested-unreviewed
漂,yue-HK,piu3,mandarin-mapping:piǎo,,false,unicode-unihan-17@17.0.0:kSMSZD2003Readings,kSMSZD2003Readings,source-attested-unreviewed
漂,zh-Hant-TW,piào,,,false,unicode-unihan-17@17.0.0:kMandarin,kMandarin,source-attested-unreviewed
漂,zh-Hant-TW,piāo,attested-count:17,,false,unicode-unihan-17@17.0.0:kHanyuPinlu,kHanyuPinlu,source-attested-unreviewed
漂,zh-Hant-TW,piǎo,,,false,unicode-unihan-17@17.0.0:kHanyuPinyin,kHanyuPinyin,source-attested-unreviewed
漂,zh-Hant-TW,biāo,,,false,unicode-unihan-17@17.0.0:kHanyuPinyin,kHanyuPinyin,source-attested-unreviewed
薄,yue-HK,bok6,,,false,unicode-unihan-17@17.0.0:kCantonese,kCantonese,source-attested-unreviewed
薄,zh-Hant-TW,báo,,,false,unicode-unihan-17@17.0.0:kMandarin,kMandarin,source-attested-unreviewed
薄,zh-Hant-TW,bó,,,false,unicode-unihan-17@17.0.0:kMandarin,kMandarin,source-attested-unreviewed
薄,zh-Hant-TW,bù,,,false,unicode-unihan-17@17.0.0:kHanyuPinyin,kHanyuPinyin,source-attested-unreviewed
薄,zh-Hant-TW,bò,,,false,unicode-unihan-17@17.0.0:kHanyuPinyin,kHanyuPinyin,source-attested-unreviewed
瀝,yue-HK,lik6,,,false,unicode-unihan-17@17.0.0:kCantonese,kCantonese,source-attested-unreviewed
瀝,yue-HK,lik1,mandarin-mapping:lì,,false,unicode-unihan-17@17.0.0:kSMSZD2003Readings,kSMSZD2003Readings,source-attested-unreviewed
瀝,zh-Hant-TW,lì,,,false,unicode-unihan-17@17.0.0:kMandarin,kMandarin,source-attested-unreviewed
灣,yue-HK,waan1,,,false,unicode-unihan-17@17.0.0:kCantonese,kCantonese,source-attested-unreviewed
灣,zh-Hant-TW,wān,,,false,unicode-unihan-17@17.0.0:kMandarin,kMandarin,source-attested-unreviewed
仰,yue-HK,joeng5,,,false,unicode-unihan-17@17.0.0:kCantonese,kCantonese,source-attested-unreviewed
仰,zh-Hant-TW,yǎng,,,false,unicode-unihan-17@17.0.0:kMandarin,kMandarin,source-attested-unreviewed
仰,zh-Hant-TW,áng,,,false,unicode-unihan-17@17.0.0:kHanyuPinyin,kHanyuPinyin,source-attested-unreviewed
吐,yue-HK,tou3,,,false,unicode-unihan-17@17.0.0:kCantonese,kCantonese,source-attested-unreviewed
吐,zh-Hant-TW,tǔ,,,false,unicode-unihan-17@17.0.0:kMandarin,kMandarin,source-attested-unreviewed
吐,zh-Hant-TW,tù,attested-count:38,,false,unicode-unihan-17@17.0.0:kHanyuPinlu,kHanyuPinlu,source-attested-unreviewed
披,yue-HK,pei1,,,false,unicode-unihan-17@17.0.0:kCantonese,kCantonese,source-attested-unreviewed
披,zh-Hant-TW,pī,,,false,unicode-unihan-17@17.0.0:kMandarin,kMandarin,source-attested-unreviewed
狠,yue-HK,han2,,,false,unicode-unihan-17@17.0.0:kCantonese,kCantonese,source-attested-unreviewed
狠,zh-Hant-TW,hěn,,,false,unicode-unihan-17@17.0.0:kMandarin,kMandarin,source-attested-unreviewed
狠,zh-Hant-TW,yán,,,false,unicode-unihan-17@17.0.0:kHanyuPinyin,kHanyuPinyin,source-attested-unreviewed
狠,zh-Hant-TW,kěn,,,false,unicode-unihan-17@17.0.0:kHanyuPinyin,kHanyuPinyin,source-attested-unreviewed
狠,zh-Hant-TW,hǎng,,,false,unicode-unihan-17@17.0.0:kHanyuPinyin,kHanyuPinyin,source-attested-unreviewed
鬍,yue-HK,wu4,,,false,unicode-unihan-17@17.0.0:kCantonese,kCantonese,source-attested-unreviewed
鬍,zh-Hant-TW,hú,,,false,unicode-unihan-17@17.0.0:kMandarin,kMandarin,source-attested-unreviewed
浩,yue-HK,hou6,,,false,unicode-unihan-17@17.0.0:kCantonese,kCantonese,source-attested-unreviewed
浩,zh-Hant-TW,hào,,,false,unicode-unihan-17@17.0.0:kMandarin,kMandarin,source-attested-unreviewed
浩,zh-Hant-TW,gǎo,,,false,unicode-unihan-17@17.0.0:kHanyuPinyin,kHanyuPinyin,source-attested-unreviewed
浩,zh-Hant-TW,gé,,,false,unicode-unihan-17@17.0.0:kHanyuPinyin,kHanyuPinyin,source-attested-unreviewed
疼,yue-HK,tang4,,,false,unicode-unihan-17@17.0.0:kCantonese,kCantonese,source-attested-unreviewed
疼,zh-Hant-TW,téng,,,false,unicode-unihan-17@17.0.0:kMandarin,kMandarin,source-attested-unreviewed
絃,yue-HK,jin4,,,false,unicode-unihan-17@17.0.0:kCantonese,kCantonese,source-attested-unreviewed
絃,zh-Hant-TW,xián,,,false,unicode-unihan-17@17.0.0:kMandarin,kMandarin,source-attested-unreviewed
絃,zh-Hant-TW,xuàn,,,false,unicode-unihan-17@17.0.0:kHanyuPinyin,kHanyuPinyin,source-attested-unreviewed
閉,yue-HK,bai3,,,false,unicode-unihan-17@17.0.0:kCantonese,kCantonese,source-attested-unreviewed
閉,zh-Hant-TW,bì,,,false,unicode-unihan-17@17.0.0:kMandarin,kMandarin,source-attested-unreviewed
渾,yue-HK,wan4,,,false,unicode-unihan-17@17.0.0:kCantonese,kCantonese,source-attested-unreviewed
渾,yue-HK,wan6,mandarin-mapping:hùn,,false,unicode-unihan-17@17.0.0:kSMSZD2003Readings,kSMSZD2003Readings,source-attested-unreviewed
渾,zh-Hant-TW,hún,,,false,unicode-unihan-17@17.0.0:kMandarin,kMandarin,source-attested-unreviewed
渾,zh-Hant-TW,hùn,,,false,unicode-unihan-17@17.0.0:kHanyuPinyin,kHanyuPinyin,source-attested-unreviewed
渾,zh-Hant-TW,gǔn,,,false,unicode-unihan-17@17.0.0:kHanyuPinyin,kHanyuPinyin,source-attested-unreviewed
筍,yue-HK,seon2,,,false,unicode-unihan-17@17.0.0:kCantonese,kCantonese,source-attested-unreviewed
筍,zh-Hant-TW,sǔn,,,false,unicode-unihan-17@17.0.0:kMandarin,kMandarin,source-attested-unreviewed
筍,zh-Hant-TW,yún,,,false,unicode-unihan-17@17.0.0:kHanyuPinyin,kHanyuPinyin,source-attested-unreviewed
筍,zh-Hant-TW,xùn,,,false,unicode-unihan-17@17.0.0:kHanyuPinyin,kHanyuPinyin,source-attested-unreviewed
善,yue-HK,sin6,,,false,unicode-unihan-17@17.0.0:kCantonese,kCantonese,source-attested-unreviewed
善,zh-Hant-TW,shàn,,,false,unicode-unihan-17@17.0.0:kMandarin,kMandarin,source-attested-unreviewed
蛛,yue-HK,zyu1,,,false,unicode-unihan-17@17.0.0:kCantonese,kCantonese,source-attested-unreviewed
蛛,zh-Hant-TW,zhū,,,false,unicode-unihan-17@17.0.0:kMandarin,kMandarin,source-attested-unreviewed
罪,yue-HK,zeoi6,,,false,unicode-unihan-17@17.0.0:kCantonese,kCantonese,source-attested-unreviewed
罪,zh-Hant-TW,zuì,,,false,unicode-unihan-17@17.0.0:kMandarin,kMandarin,source-attested-unreviewed
罪,zh-Hant-TW,zui,attested-count:15,,false,unicode-unihan-17@17.0.0:kHanyuPinlu,kHanyuPinlu,source-attested-unreviewed
嘗,yue-HK,soeng4,,,false,unicode-unihan-17@17.0.0:kCantonese,kCantonese,source-attested-unreviewed
嘗,zh-Hant-TW,cháng,,,false,unicode-unihan-17@17.0.0:kMandarin,kMandarin,source-attested-unreviewed
蜘,yue-HK,zi1,,,false,unicode-unihan-17@17.0.0:kCantonese,kCantonese,source-attested-unreviewed
蜘,zh-Hant-TW,zhī,,,false,unicode-unihan-17@17.0.0:kMandarin,kMandarin,source-attested-unreviewed
誕,yue-HK,daan3,,,false,unicode-unihan-17@17.0.0:kCantonese,kCantonese,source-attested-unreviewed
誕,zh-Hant-TW,dàn,,,false,unicode-unihan-17@17.0.0:kMandarin,kMandarin,source-attested-unreviewed
鯨,yue-HK,king4,,,false,unicode-unihan-17@17.0.0:kCantonese,kCantonese,source-attested-unreviewed
鯨,zh-Hant-TW,jīng,,,false,unicode-unihan-17@17.0.0:kMandarin,kMandarin,source-attested-unreviewed
鯨,zh-Hant-TW,qíng,,,false,unicode-unihan-17@17.0.0:kHanyuPinyin,kHanyuPinyin,source-attested-unreviewed
轟,yue-HK,gwang1,,,false,unicode-unihan-17@17.0.0:kCantonese,kCantonese,source-attested-unreviewed
轟,zh-Hant-TW,hōng,,,false,unicode-unihan-17@17.0.0:kMandarin,kMandarin,source-attested-unreviewed
鑿,yue-HK,zok6,,,false,unicode-unihan-17@17.0.0:kCantonese,kCantonese,source-attested-unreviewed
鑿,zh-Hant-TW,záo,,,false,unicode-unihan-17@17.0.0:kMandarin,kMandarin,source-attested-unreviewed
鑿,zh-Hant-TW,zuò,,,false,unicode-unihan-17@17.0.0:kHanyuPinyin,kHanyuPinyin,source-attested-unreviewed
鑿,zh-Hant-TW,zú,,,false,unicode-unihan-17@17.0.0:kHanyuPinyin,kHanyuPinyin,source-attested-unreviewed
鑿,zh-Hant-TW,zào,,,false,unicode-unihan-17@17.0.0:kHanyuPinyin,kHanyuPinyin,source-attested-unreviewed
叭,yue-HK,baa1,,,false,unicode-unihan-17@17.0.0:kCantonese,kCantonese,source-attested-unreviewed
叭,zh-Hant-TW,bā,,,false,unicode-unihan-17@17.0.0:kMandarin,kMandarin,source-attested-unreviewed
叭,zh-Hant-TW,ba,attested-count:25,,false,unicode-unihan-17@17.0.0:kHanyuPinlu,kHanyuPinlu,source-attested-unreviewed
叭,zh-Hant-TW,pā,,,false,unicode-unihan-17@17.0.0:kHanyuPinyin,kHanyuPinyin,source-attested-unreviewed
汗,yue-HK,hon6,,,false,unicode-unihan-17@17.0.0:kCantonese,kCantonese,source-attested-unreviewed
汗,yue-HK,hon4,mandarin-mapping:hán,,false,unicode-unihan-17@17.0.0:kSMSZD2003Readings,kSMSZD2003Readings,source-attested-unreviewed
汗,zh-Hant-TW,hàn,,,false,unicode-unihan-17@17.0.0:kMandarin,kMandarin,source-attested-unreviewed
汗,zh-Hant-TW,hán,,,false,unicode-unihan-17@17.0.0:kHanyuPinyin,kHanyuPinyin,source-attested-unreviewed
汗,zh-Hant-TW,gān,,,false,unicode-unihan-17@17.0.0:kHanyuPinyin,kHanyuPinyin,source-attested-unreviewed
征,yue-HK,zing1,,,false,unicode-unihan-17@17.0.0:kCantonese,kCantonese,source-attested-unreviewed
征,zh-Hant-TW,zhēng,,,false,unicode-unihan-17@17.0.0:kMandarin,kMandarin,source-attested-unreviewed
昌,yue-HK,coeng1,,,false,unicode-unihan-17@17.0.0:kCantonese,kCantonese,source-attested-unreviewed
昌,zh-Hant-TW,chāng,,,false,unicode-unihan-17@17.0.0:kMandarin,kMandarin,source-attested-unreviewed
昌,zh-Hant-TW,chàng,,,false,unicode-unihan-17@17.0.0:kHanyuPinyin,kHanyuPinyin,source-attested-unreviewed
咯,yue-HK,gok1,,,false,unicode-unihan-17@17.0.0:kCantonese,kCantonese,source-attested-unreviewed
咯,yue-HK,kaak3,mandarin-mapping:kǎ,,false,unicode-unihan-17@17.0.0:kSMSZD2003Readings,kSMSZD2003Readings,source-attested-unreviewed
咯,yue-HK,lo1,mandarin-mapping:lo,,false,unicode-unihan-17@17.0.0:kSMSZD2003Readings,kSMSZD2003Readings,source-attested-unreviewed
咯,zh-Hant-TW,gē,,,false,unicode-unihan-17@17.0.0:kMandarin,kMandarin,source-attested-unreviewed
咯,zh-Hant-TW,luò,,,false,unicode-unihan-17@17.0.0:kHanyuPinyin,kHanyuPinyin,source-attested-unreviewed
咯,zh-Hant-TW,kǎ,,,false,unicode-unihan-17@17.0.0:kHanyuPinyin,kHanyuPinyin,source-attested-unreviewed
咯,zh-Hant-TW,kā,,,false,unicode-unihan-17@17.0.0:kHanyuPinyin,kHanyuPinyin,source-attested-unreviewed
咯,zh-Hant-TW,lo,,,false,unicode-unihan-17@17.0.0:kHanyuPinyin,kHanyuPinyin,source-attested-unreviewed
秧,yue-HK,joeng1,,,false,unicode-unihan-17@17.0.0:kCantonese,kCantonese,source-attested-unreviewed
秧,zh-Hant-TW,yāng,,,false,unicode-unihan-17@17.0.0:kMandarin,kMandarin,source-attested-unreviewed
偶,yue-HK,ngau5,,,false,unicode-unihan-17@17.0.0:kCantonese,kCantonese,source-attested-unreviewed
偶,zh-Hant-TW,ǒu,,,false,unicode-unihan-17@17.0.0:kMandarin,kMandarin,source-attested-unreviewed
崗,yue-HK,gong1,,,false,unicode-unihan-17@17.0.0:kCantonese,kCantonese,source-attested-unreviewed
崗,zh-Hant-TW,gǎng,,,false,unicode-unihan-17@17.0.0:kMandarin,kMandarin,source-attested-unreviewed
崗,zh-Hant-TW,gāng,attested-count:11,,false,unicode-unihan-17@17.0.0:kHanyuPinlu,kHanyuPinlu,source-attested-unreviewed
掏,yue-HK,tou4,,,false,unicode-unihan-17@17.0.0:kCantonese,kCantonese,source-attested-unreviewed
掏,zh-Hant-TW,tāo,,,false,unicode-unihan-17@17.0.0:kMandarin,kMandarin,source-attested-unreviewed
梁,yue-HK,loeng4,,,false,unicode-unihan-17@17.0.0:kCantonese,kCantonese,source-attested-unreviewed
梁,zh-Hant-TW,liáng,,,false,unicode-unihan-17@17.0.0:kMandarin,kMandarin,source-attested-unreviewed
梁,zh-Hant-TW,liang,attested-count:73,,false,unicode-unihan-17@17.0.0:kHanyuPinlu,kHanyuPinlu,source-attested-unreviewed
訪,yue-HK,fong2,,,false,unicode-unihan-17@17.0.0:kCantonese,kCantonese,source-attested-unreviewed
訪,zh-Hant-TW,fǎng,,,false,unicode-unihan-17@17.0.0:kMandarin,kMandarin,source-attested-unreviewed
溜,yue-HK,lau6,,,false,unicode-unihan-17@17.0.0:kCantonese,kCantonese,source-attested-unreviewed
溜,yue-HK,liu1,mandarin-mapping:liū,,false,unicode-unihan-17@17.0.0:kSMSZD2003Readings,kSMSZD2003Readings,source-attested-unreviewed
溜,zh-Hant-TW,liū,,,false,unicode-unihan-17@17.0.0:kMandarin,kMandarin,source-attested-unreviewed
溜,zh-Hant-TW,liù,,,false,unicode-unihan-17@17.0.0:kHanyuPinyin,kHanyuPinyin,source-attested-unreviewed
溜,zh-Hant-TW,liú,,,false,unicode-unihan-17@17.0.0:kHanyuPinyin,kHanyuPinyin,source-attested-unreviewed
躲,yue-HK,do2,,,false,unicode-unihan-17@17.0.0:kCantonese,kCantonese,source-attested-unreviewed
躲,zh-Hant-TW,duǒ,,,false,unicode-unihan-17@17.0.0:kMandarin,kMandarin,source-attested-unreviewed
稼,yue-HK,gaa3,,,false,unicode-unihan-17@17.0.0:kCantonese,kCantonese,source-attested-unreviewed
稼,zh-Hant-TW,jià,,,false,unicode-unihan-17@17.0.0:kMandarin,kMandarin,source-attested-unreviewed
稼,zh-Hant-TW,jia,attested-count:118,,false,unicode-unihan-17@17.0.0:kHanyuPinlu,kHanyuPinlu,source-attested-unreviewed
雕,yue-HK,diu1,,,false,unicode-unihan-17@17.0.0:kCantonese,kCantonese,source-attested-unreviewed
雕,zh-Hant-TW,diāo,,,false,unicode-unihan-17@17.0.0:kMandarin,kMandarin,source-attested-unreviewed
駱,yue-HK,lok3,,,false,unicode-unihan-17@17.0.0:kCantonese,kCantonese,source-attested-unreviewed
駱,yue-HK,lok6,mandarin-mapping:luò,,false,unicode-unihan-17@17.0.0:kSMSZD2003Readings,kSMSZD2003Readings,source-attested-unreviewed
駱,zh-Hant-TW,luò,,,false,unicode-unihan-17@17.0.0:kMandarin,kMandarin,source-attested-unreviewed
駱,zh-Hant-TW,jià,,,false,unicode-unihan-17@17.0.0:kHanyuPinyin,kHanyuPinyin,source-attested-unreviewed
濤,yue-HK,tou4,,,false,unicode-unihan-17@17.0.0:kCantonese,kCantonese,source-attested-unreviewed
濤,zh-Hant-TW,tāo,,,false,unicode-unihan-17@17.0.0:kMandarin,kMandarin,source-attested-unreviewed
濤,zh-Hant-TW,cháo,,,false,unicode-unihan-17@17.0.0:kHanyuPinyin,kHanyuPinyin,source-attested-unreviewed
濤,zh-Hant-TW,shòu,,,false,unicode-unihan-17@17.0.0:kHanyuPinyin,kHanyuPinyin,source-attested-unreviewed
濤,zh-Hant-TW,dào,,,false,unicode-unihan-17@17.0.0:kHanyuPinyin,kHanyuPinyin,source-attested-unreviewed
覽,yue-HK,laam5,,,false,unicode-unihan-17@17.0.0:kCantonese,kCantonese,source-attested-unreviewed
覽,zh-Hant-TW,lǎn,,,false,unicode-unihan-17@17.0.0:kMandarin,kMandarin,source-attested-unreviewed
覽,zh-Hant-TW,làn,,,false,unicode-unihan-17@17.0.0:kHanyuPinyin,kHanyuPinyin,source-attested-unreviewed
灑,yue-HK,saa2,,,false,unicode-unihan-17@17.0.0:kCantonese,kCantonese,source-attested-unreviewed
灑,zh-Hant-TW,sǎ,,,false,unicode-unihan-17@17.0.0:kMandarin,kMandarin,source-attested-unreviewed
灑,zh-Hant-TW,xiǎn,,,false,unicode-unihan-17@17.0.0:kHanyuPinyin,kHanyuPinyin,source-attested-unreviewed
灑,zh-Hant-TW,xǐ,,,false,unicode-unihan-17@17.0.0:kHanyuPinyin,kHanyuPinyin,source-attested-unreviewed
灑,zh-Hant-TW,lí,,,false,unicode-unihan-17@17.0.0:kHanyuPinyin,kHanyuPinyin,source-attested-unreviewed
灑,zh-Hant-TW,shī,,,false,unicode-unihan-17@17.0.0:kHanyuPinyin,kHanyuPinyin,source-attested-unreviewed
匹,yue-HK,pat1,,,false,unicode-unihan-17@17.0.0:kCantonese,kCantonese,source-attested-unreviewed
匹,zh-Hant-TW,pǐ,,,false,unicode-unihan-17@17.0.0:kMandarin,kMandarin,source-attested-unreviewed
役,yue-HK,jik6,,,false,unicode-unihan-17@17.0.0:kCantonese,kCantonese,source-attested-unreviewed
役,zh-Hant-TW,yì,,,false,unicode-unihan-17@17.0.0:kMandarin,kMandarin,source-attested-unreviewed
咩,yue-HK,me1,,,false,unicode-unihan-17@17.0.0:kCantonese,kCantonese,source-attested-unreviewed
咩,zh-Hant-TW,miē,,,false,unicode-unihan-17@17.0.0:kMandarin,kMandarin,source-attested-unreviewed
咩,zh-Hant-TW,mie,,,false,unicode-unihan-17@17.0.0:kHanyuPinyin,kHanyuPinyin,source-attested-unreviewed
焦,yue-HK,ziu1,,,false,unicode-unihan-17@17.0.0:kCantonese,kCantonese,source-attested-unreviewed
焦,zh-Hant-TW,jiāo,,,false,unicode-unihan-17@17.0.0:kMandarin,kMandarin,source-attested-unreviewed
焦,zh-Hant-TW,qiáo,,,false,unicode-unihan-17@17.0.0:kHanyuPinyin,kHanyuPinyin,source-attested-unreviewed
震,yue-HK,zan3,,,false,unicode-unihan-17@17.0.0:kCantonese,kCantonese,source-attested-unreviewed
震,zh-Hant-TW,zhèn,,,false,unicode-unihan-17@17.0.0:kMandarin,kMandarin,source-attested-unreviewed
震,zh-Hant-TW,shēn,,,false,unicode-unihan-17@17.0.0:kHanyuPinyin,kHanyuPinyin,source-attested-unreviewed
鴿,yue-HK,gap3,,,false,unicode-unihan-17@17.0.0:kCantonese,kCantonese,source-attested-unreviewed
鴿,yue-HK,gaap3,mandarin-mapping:gē,,false,unicode-unihan-17@17.0.0:kSMSZD2003Readings,kSMSZD2003Readings,source-attested-unreviewed
鴿,zh-Hant-TW,gē,,,false,unicode-unihan-17@17.0.0:kMandarin,kMandarin,source-attested-unreviewed
雜,yue-HK,zaap6,,,false,unicode-unihan-17@17.0.0:kCantonese,kCantonese,source-attested-unreviewed
雜,zh-Hant-TW,zá,,,false,unicode-unihan-17@17.0.0:kMandarin,kMandarin,source-attested-unreviewed
耀,yue-HK,jiu6,,,false,unicode-unihan-17@17.0.0:kCantonese,kCantonese,source-attested-unreviewed
耀,zh-Hant-TW,yào,,,false,unicode-unihan-17@17.0.0:kMandarin,kMandarin,source-attested-unreviewed
藺,yue-HK,leon6,,,false,unicode-unihan-17@17.0.0:kCantonese,kCantonese,source-attested-unreviewed
藺,zh-Hant-TW,lìn,,,false,unicode-unihan-17@17.0.0:kMandarin,kMandarin,source-attested-unreviewed
躍,yue-HK,joek6,,,false,unicode-unihan-17@17.0.0:kCantonese,kCantonese,source-attested-unreviewed
躍,yue-HK,joek3,mandarin-mapping:yuè,,false,unicode-unihan-17@17.0.0:kSMSZD2003Readings,kSMSZD2003Readings,source-attested-unreviewed
躍,zh-Hant-TW,yuè,,,false,unicode-unihan-17@17.0.0:kMandarin,kMandarin,source-attested-unreviewed
躍,zh-Hant-TW,tì,,,false,unicode-unihan-17@17.0.0:kHanyuPinyin,kHanyuPinyin,source-attested-unreviewed
臟,yue-HK,zong6,,,false,unicode-unihan-17@17.0.0:kCantonese,kCantonese,source-attested-unreviewed
臟,zh-Hant-TW,zàng,,,false,unicode-unihan-17@17.0.0:kMandarin,kMandarin,source-attested-unreviewed
臟,zh-Hant-TW,zāng,attested-count:54,,false,unicode-unihan-17@17.0.0:kHanyuPinlu,kHanyuPinlu,source-attested-unreviewed
舟,yue-HK,zau1,,,false,unicode-unihan-17@17.0.0:kCantonese,kCantonese,source-attested-unreviewed
舟,zh-Hant-TW,zhōu,,,false,unicode-unihan-17@17.0.0:kMandarin,kMandarin,source-attested-unreviewed
拔,yue-HK,bat6,,,false,unicode-unihan-17@17.0.0:kCantonese,kCantonese,source-attested-unreviewed
拔,zh-Hant-TW,bá,,,false,unicode-unihan-17@17.0.0:kMandarin,kMandarin,source-attested-unreviewed
拔,zh-Hant-TW,ba,attested-count:13,,false,unicode-unihan-17@17.0.0:kHanyuPinlu,kHanyuPinlu,source-attested-unreviewed
拔,zh-Hant-TW,bō,,,false,unicode-unihan-17@17.0.0:kHanyuPinyin,kHanyuPinyin,source-attested-unreviewed
拔,zh-Hant-TW,bié,,,false,unicode-unihan-17@17.0.0:kHanyuPinyin,kHanyuPinyin,source-attested-unreviewed
拔,zh-Hant-TW,fá,,,false,unicode-unihan-17@17.0.0:kHanyuPinyin,kHanyuPinyin,source-attested-unreviewed
拔,zh-Hant-TW,bèi,,,false,unicode-unihan-17@17.0.0:kHanyuPinyin,kHanyuPinyin,source-attested-unreviewed
施,yue-HK,si1,,,false,unicode-unihan-17@17.0.0:kCantonese,kCantonese,source-attested-unreviewed
施,zh-Hant-TW,shī,,,false,unicode-unihan-17@17.0.0:kMandarin,kMandarin,source-attested-unreviewed
施,zh-Hant-TW,yì,,,false,unicode-unihan-17@17.0.0:kHanyuPinyin,kHanyuPinyin,source-attested-unreviewed
施,zh-Hant-TW,shǐ,,,false,unicode-unihan-17@17.0.0:kHanyuPinyin,kHanyuPinyin,source-attested-unreviewed
挽,yue-HK,waan5,,,false,unicode-unihan-17@17.0.0:kCantonese,kCantonese,source-attested-unreviewed
挽,zh-Hant-TW,wǎn,,,false,unicode-unihan-17@17.0.0:kMandarin,kMandarin,source-attested-unreviewed
疾,yue-HK,zat6,,,false,unicode-unihan-17@17.0.0:kCantonese,kCantonese,source-attested-unreviewed
疾,zh-Hant-TW,jí,,,false,unicode-unihan-17@17.0.0:kMandarin,kMandarin,source-attested-unreviewed
豹,yue-HK,paau3,,,false,unicode-unihan-17@17.0.0:kCantonese,kCantonese,source-attested-unreviewed
豹,zh-Hant-TW,bào,,,false,unicode-unihan-17@17.0.0:kMandarin,kMandarin,source-attested-unreviewed
貢,yue-HK,gung3,,,false,unicode-unihan-17@17.0.0:kCantonese,kCantonese,source-attested-unreviewed
貢,zh-Hant-TW,gòng,,,false,unicode-unihan-17@17.0.0:kMandarin,kMandarin,source-attested-unreviewed
畢,yue-HK,bat1,,,false,unicode-unihan-17@17.0.0:kCantonese,kCantonese,source-attested-unreviewed
畢,zh-Hant-TW,bì,,,false,unicode-unihan-17@17.0.0:kMandarin,kMandarin,source-attested-unreviewed
儀,yue-HK,ji4,,,false,unicode-unihan-17@17.0.0:kCantonese,kCantonese,source-attested-unreviewed
儀,zh-Hant-TW,yí,,,false,unicode-unihan-17@17.0.0:kMandarin,kMandarin,source-attested-unreviewed
糕,yue-HK,gou1,,,false,unicode-unihan-17@17.0.0:kCantonese,kCantonese,source-attested-unreviewed
糕,zh-Hant-TW,gāo,,,false,unicode-unihan-17@17.0.0:kMandarin,kMandarin,source-attested-unreviewed
衡,yue-HK,hang4,,,false,unicode-unihan-17@17.0.0:kCantonese,kCantonese,source-attested-unreviewed
衡,yue-HK,waang4,mandarin-mapping:héng,,false,unicode-unihan-17@17.0.0:kSMSZD2003Readings,kSMSZD2003Readings,source-attested-unreviewed
衡,zh-Hant-TW,héng,,,false,unicode-unihan-17@17.0.0:kMandarin,kMandarin,source-attested-unreviewed
諧,yue-HK,haai4,,,false,unicode-unihan-17@17.0.0:kCantonese,kCantonese,source-attested-unreviewed
諧,zh-Hant-TW,xié,,,false,unicode-unihan-17@17.0.0:kMandarin,kMandarin,source-attested-unreviewed
蹈,yue-HK,dou6,,,false,unicode-unihan-17@17.0.0:kCantonese,kCantonese,source-attested-unreviewed
蹈,zh-Hant-TW,dǎo,,,false,unicode-unihan-17@17.0.0:kMandarin,kMandarin,source-attested-unreviewed
勸,yue-HK,hyun3,,,false,unicode-unihan-17@17.0.0:kCantonese,kCantonese,source-attested-unreviewed
勸,zh-Hant-TW,quàn,,,false,unicode-unihan-17@17.0.0:kMandarin,kMandarin,source-attested-unreviewed
仁,yue-HK,jan4,,,false,unicode-unihan-17@17.0.0:kCantonese,kCantonese,source-attested-unreviewed
仁,zh-Hant-TW,rén,,,false,unicode-unihan-17@17.0.0:kMandarin,kMandarin,source-attested-unreviewed
促,yue-HK,cuk1,,,false,unicode-unihan-17@17.0.0:kCantonese,kCantonese,source-attested-unreviewed
促,zh-Hant-TW,cù,,,false,unicode-unihan-17@17.0.0:kMandarin,kMandarin,source-attested-unreviewed
促,zh-Hant-TW,chuò,,,false,unicode-unihan-17@17.0.0:kHanyuPinyin,kHanyuPinyin,source-attested-unreviewed
茂,yue-HK,mau6,,,false,unicode-unihan-17@17.0.0:kCantonese,kCantonese,source-attested-unreviewed
茂,zh-Hant-TW,mào,,,false,unicode-unihan-17@17.0.0:kMandarin,kMandarin,source-attested-unreviewed
虹,yue-HK,hung4,,,false,unicode-unihan-17@17.0.0:kCantonese,kCantonese,source-attested-unreviewed
虹,zh-Hant-TW,hóng,,,false,unicode-unihan-17@17.0.0:kMandarin,kMandarin,source-attested-unreviewed
虹,zh-Hant-TW,hòng,,,false,unicode-unihan-17@17.0.0:kHanyuPinyin,kHanyuPinyin,source-attested-unreviewed
虹,zh-Hant-TW,gòng,,,false,unicode-unihan-17@17.0.0:kHanyuPinyin,kHanyuPinyin,source-attested-unreviewed
凍,yue-HK,dung3,,,false,unicode-unihan-17@17.0.0:kCantonese,kCantonese,source-attested-unreviewed
凍,zh-Hant-TW,dòng,,,false,unicode-unihan-17@17.0.0:kMandarin,kMandarin,source-attested-unreviewed
脂,yue-HK,zi1,,,false,unicode-unihan-17@17.0.0:kCantonese,kCantonese,source-attested-unreviewed
脂,zh-Hant-TW,zhī,,,false,unicode-unihan-17@17.0.0:kMandarin,kMandarin,source-attested-unreviewed
脂,zh-Hant-TW,zhǐ,,,false,unicode-unihan-17@17.0.0:kHanyuPinyin,kHanyuPinyin,source-attested-unreviewed
尉,yue-HK,wai3,,,false,unicode-unihan-17@17.0.0:kCantonese,kCantonese,source-attested-unreviewed
尉,yue-HK,wat1,mandarin-mapping:yù,,false,unicode-unihan-17@17.0.0:kSMSZD2003Readings,kSMSZD2003Readings,source-attested-unreviewed
尉,zh-Hant-TW,wèi,,,false,unicode-unihan-17@17.0.0:kMandarin,kMandarin,source-attested-unreviewed
尉,zh-Hant-TW,yù,,,false,unicode-unihan-17@17.0.0:kHanyuPinyin,kHanyuPinyin,source-attested-unreviewed
尉,zh-Hant-TW,yùn,,,false,unicode-unihan-17@17.0.0:kHanyuPinyin,kHanyuPinyin,source-attested-unreviewed
淡,yue-HK,daam6,,,false,unicode-unihan-17@17.0.0:kCantonese,kCantonese,source-attested-unreviewed
淡,zh-Hant-TW,dàn,,,false,unicode-unihan-17@17.0.0:kMandarin,kMandarin,source-attested-unreviewed
淡,zh-Hant-TW,yàn,,,false,unicode-unihan-17@17.0.0:kHanyuPinyin,kHanyuPinyin,source-attested-unreviewed
淡,zh-Hant-TW,tán,,,false,unicode-unihan-17@17.0.0:kHanyuPinyin,kHanyuPinyin,source-attested-unreviewed
脖,yue-HK,but6,,,false,unicode-unihan-17@17.0.0:kCantonese,kCantonese,source-attested-unreviewed
脖,zh-Hant-TW,bó,,,false,unicode-unihan-17@17.0.0:kMandarin,kMandarin,source-attested-unreviewed
脖,zh-Hant-TW,bō,,,false,unicode-unihan-17@17.0.0:kHanyuPinyin,kHanyuPinyin,source-attested-unreviewed
彭,yue-HK,paang4,,,false,unicode-unihan-17@17.0.0:kCantonese,kCantonese,source-attested-unreviewed
彭,zh-Hant-TW,péng,,,false,unicode-unihan-17@17.0.0:kMandarin,kMandarin,source-attested-unreviewed
彭,zh-Hant-TW,páng,,,false,unicode-unihan-17@17.0.0:kHanyuPinyin,kHanyuPinyin,source-attested-unreviewed
彭,zh-Hant-TW,bāng,,,false,unicode-unihan-17@17.0.0:kHanyuPinyin,kHanyuPinyin,source-attested-unreviewed
彭,zh-Hant-TW,pēng,,,false,unicode-unihan-17@17.0.0:kHanyuPinyin,kHanyuPinyin,source-attested-unreviewed
殘,yue-HK,caan4,,,false,unicode-unihan-17@17.0.0:kCantonese,kCantonese,source-attested-unreviewed
殘,zh-Hant-TW,cán,,,false,unicode-unihan-17@17.0.0:kMandarin,kMandarin,source-attested-unreviewed
禁,yue-HK,gam3,,,false,unicode-unihan-17@17.0.0:kCantonese,kCantonese,source-attested-unreviewed
禁,yue-HK,gam1,mandarin-mapping:jīn,,false,unicode-unihan-17@17.0.0:kSMSZD2003Readings,kSMSZD2003Readings,source-attested-unreviewed
禁,zh-Hant-TW,jìn,,,false,unicode-unihan-17@17.0.0:kMandarin,kMandarin,source-attested-unreviewed
禁,zh-Hant-TW,jīn,attested-count:64,,false,unicode-unihan-17@17.0.0:kHanyuPinlu,kHanyuPinlu,source-attested-unreviewed
綱,yue-HK,gong1,,,false,unicode-unihan-17@17.0.0:kCantonese,kCantonese,source-attested-unreviewed
綱,zh-Hant-TW,gāng,,,false,unicode-unihan-17@17.0.0:kMandarin,kMandarin,source-attested-unreviewed
嘿,yue-HK,hei1,,,false,unicode-unihan-17@17.0.0:kCantonese,kCantonese,source-attested-unreviewed
嘿,zh-Hant-TW,hēi,,,false,unicode-unihan-17@17.0.0:kMandarin,kMandarin,source-attested-unreviewed
嘿,zh-Hant-TW,mò,,,false,unicode-unihan-17@17.0.0:kHanyuPinyin,kHanyuPinyin,source-attested-unreviewed
嘿,zh-Hant-TW,mù,,,false,unicode-unihan-17@17.0.0:kHanyuPinyin,kHanyuPinyin,source-attested-unreviewed
黎,yue-HK,lai4,,,false,unicode-unihan-17@17.0.0:kCantonese,kCantonese,source-attested-unreviewed
黎,zh-Hant-TW,lí,,,false,unicode-unihan-17@17.0.0:kMandarin,kMandarin,source-attested-unreviewed
聰,yue-HK,cung1,,,false,unicode-unihan-17@17.0.0:kCantonese,kCantonese,source-attested-unreviewed
聰,zh-Hant-TW,cōng,,,false,unicode-unihan-17@17.0.0:kMandarin,kMandarin,source-attested-unreviewed
獸,yue-HK,sau3,,,false,unicode-unihan-17@17.0.0:kCantonese,kCantonese,source-attested-unreviewed
獸,zh-Hant-TW,shòu,,,false,unicode-unihan-17@17.0.0:kMandarin,kMandarin,source-attested-unreviewed
觸,yue-HK,zuk1,,,false,unicode-unihan-17@17.0.0:kCantonese,kCantonese,source-attested-unreviewed
觸,yue-HK,cuk1,mandarin-mapping:chù,,false,unicode-unihan-17@17.0.0:kSMSZD2003Readings,kSMSZD2003Readings,source-attested-unreviewed
觸,zh-Hant-TW,chù,,,false,unicode-unihan-17@17.0.0:kMandarin,kMandarin,source-attested-unreviewed
汁,yue-HK,zap1,,,false,unicode-unihan-17@17.0.0:kCantonese,kCantonese,source-attested-unreviewed
汁,zh-Hant-TW,zhī,,,false,unicode-unihan-17@17.0.0:kMandarin,kMandarin,source-attested-unreviewed
汁,zh-Hant-TW,xié,,,false,unicode-unihan-17@17.0.0:kHanyuPinyin,kHanyuPinyin,source-attested-unreviewed
汁,zh-Hant-TW,shí,,,false,unicode-unihan-17@17.0.0:kHanyuPinyin,kHanyuPinyin,source-attested-unreviewed
州,yue-HK,zau1,,,false,unicode-unihan-17@17.0.0:kCantonese,kCantonese,source-attested-unreviewed
州,zh-Hant-TW,zhōu,,,false,unicode-unihan-17@17.0.0:kMandarin,kMandarin,source-attested-unreviewed
羽,yue-HK,jyu5,,,false,unicode-unihan-17@17.0.0:kCantonese,kCantonese,source-attested-unreviewed
羽,zh-Hant-TW,yǔ,,,false,unicode-unihan-17@17.0.0:kMandarin,kMandarin,source-attested-unreviewed
羽,zh-Hant-TW,hù,,,false,unicode-unihan-17@17.0.0:kHanyuPinyin,kHanyuPinyin,source-attested-unreviewed
佑,yue-HK,jau6,,,false,unicode-unihan-17@17.0.0:kCantonese,kCantonese,source-attested-unreviewed
佑,zh-Hant-TW,yòu,,,false,unicode-unihan-17@17.0.0:kMandarin,kMandarin,source-attested-unreviewed
抄,yue-HK,caau1,,,false,unicode-unihan-17@17.0.0:kCantonese,kCantonese,source-attested-unreviewed
抄,zh-Hant-TW,chāo,,,false,unicode-unihan-17@17.0.0:kMandarin,kMandarin,source-attested-unreviewed
抄,zh-Hant-TW,suō,,,false,unicode-unihan-17@17.0.0:kHanyuPinyin,kHanyuPinyin,source-attested-unreviewed
抄,zh-Hant-TW,chào,,,false,unicode-unihan-17@17.0.0:kHanyuPinyin,kHanyuPinyin,source-attested-unreviewed
抄,zh-Hant-TW,chǎo,,,false,unicode-unihan-17@17.0.0:kHanyuPinyin,kHanyuPinyin,source-attested-unreviewed
弦,yue-HK,jin4,,,false,unicode-unihan-17@17.0.0:kCantonese,kCantonese,source-attested-unreviewed
弦,zh-Hant-TW,xián,,,false,unicode-unihan-17@17.0.0:kMandarin,kMandarin,source-attested-unreviewed
柏,yue-HK,paak3,,,false,unicode-unihan-17@17.0.0:kCantonese,kCantonese,source-attested-unreviewed
柏,zh-Hant-TW,bǎi,,,false,unicode-unihan-17@17.0.0:kMandarin,kMandarin,source-attested-unreviewed
柏,zh-Hant-TW,bó,,,false,unicode-unihan-17@17.0.0:kMandarin,kMandarin,source-attested-unreviewed
柏,zh-Hant-TW,bò,,,false,unicode-unihan-17@17.0.0:kHanyuPinyin,kHanyuPinyin,source-attested-unreviewed
軌,yue-HK,gwai2,,,false,unicode-unihan-17@17.0.0:kCantonese,kCantonese,source-attested-unreviewed
軌,zh-Hant-TW,guǐ,,,false,unicode-unihan-17@17.0.0:kMandarin,kMandarin,source-attested-unreviewed
偏,yue-HK,pin1,,,false,unicode-unihan-17@17.0.0:kCantonese,kCantonese,source-attested-unreviewed
偏,zh-Hant-TW,piān,,,false,unicode-unihan-17@17.0.0:kMandarin,kMandarin,source-attested-unreviewed
虛,yue-HK,heoi1,,,false,unicode-unihan-17@17.0.0:kCantonese,kCantonese,source-attested-unreviewed
虛,zh-Hant-TW,xū,,,false,unicode-unihan-17@17.0.0:kMandarin,kMandarin,source-attested-unreviewed
雁,yue-HK,ngaan6,,,false,unicode-unihan-17@17.0.0:kCantonese,kCantonese,source-attested-unreviewed
雁,zh-Hant-TW,yàn,,,false,unicode-unihan-17@17.0.0:kMandarin,kMandarin,source-attested-unreviewed
傲,yue-HK,ngou6,,,false,unicode-unihan-17@17.0.0:kCantonese,kCantonese,source-attested-unreviewed
傲,zh-Hant-TW,ào,,,false,unicode-unihan-17@17.0.0:kMandarin,kMandarin,source-attested-unreviewed
傲,zh-Hant-TW,áo,,,false,unicode-unihan-17@17.0.0:kHanyuPinyin,kHanyuPinyin,source-attested-unreviewed
矮,yue-HK,ai2,,,false,unicode-unihan-17@17.0.0:kCantonese,kCantonese,source-attested-unreviewed
矮,zh-Hant-TW,ǎi,,,false,unicode-unihan-17@17.0.0:kMandarin,kMandarin,source-attested-unreviewed
隔,yue-HK,gaak3,,,false,unicode-unihan-17@17.0.0:kCantonese,kCantonese,source-attested-unreviewed
隔,zh-Hant-TW,gé,,,false,unicode-unihan-17@17.0.0:kMandarin,kMandarin,source-attested-unreviewed
隔,zh-Hant-TW,rǒng,,,false,unicode-unihan-17@17.0.0:kHanyuPinyin,kHanyuPinyin,source-attested-unreviewed
隔,zh-Hant-TW,jī,,,false,unicode-unihan-17@17.0.0:kHanyuPinyin,kHanyuPinyin,source-attested-unreviewed
翠,yue-HK,ceoi3,,,false,unicode-unihan-17@17.0.0:kCantonese,kCantonese,source-attested-unreviewed
翠,zh-Hant-TW,cuì,,,false,unicode-unihan-17@17.0.0:kMandarin,kMandarin,source-attested-unreviewed
酸,yue-HK,syun1,,,false,unicode-unihan-17@17.0.0:kCantonese,kCantonese,source-attested-unreviewed
酸,zh-Hant-TW,suān,,,false,unicode-unihan-17@17.0.0:kMandarin,kMandarin,source-attested-unreviewed
輝,yue-HK,fai1,,,false,unicode-unihan-17@17.0.0:kCantonese,kCantonese,source-attested-unreviewed
輝,zh-Hant-TW,huī,,,false,unicode-unihan-17@17.0.0:kMandarin,kMandarin,source-attested-unreviewed
擋,yue-HK,dong2,,,false,unicode-unihan-17@17.0.0:kCantonese,kCantonese,source-attested-unreviewed
擋,yue-HK,dong3,mandarin-mapping:dàng,,false,unicode-unihan-17@17.0.0:kSMSZD2003Readings,kSMSZD2003Readings,source-attested-unreviewed
擋,zh-Hant-TW,dǎng,,,false,unicode-unihan-17@17.0.0:kMandarin,kMandarin,source-attested-unreviewed
擋,zh-Hant-TW,dàng,,,false,unicode-unihan-17@17.0.0:kHanyuPinyin,kHanyuPinyin,source-attested-unreviewed
曉,yue-HK,hiu2,,,false,unicode-unihan-17@17.0.0:kCantonese,kCantonese,source-attested-unreviewed
曉,zh-Hant-TW,xiǎo,,,false,unicode-unihan-17@17.0.0:kMandarin,kMandarin,source-attested-unreviewed
臂,yue-HK,bei3,,,false,unicode-unihan-17@17.0.0:kCantonese,kCantonese,source-attested-unreviewed
臂,zh-Hant-TW,bì,,,false,unicode-unihan-17@17.0.0:kMandarin,kMandarin,source-attested-unreviewed
臂,zh-Hant-TW,bei,attested-count:20,,false,unicode-unihan-17@17.0.0:kHanyuPinlu,kHanyuPinlu,source-attested-unreviewed
螺,yue-HK,lo4,,,false,unicode-unihan-17@17.0.0:kCantonese,kCantonese,source-attested-unreviewed
螺,yue-HK,lo2,mandarin-mapping:luó,,false,unicode-unihan-17@17.0.0:kSMSZD2003Readings,kSMSZD2003Readings,source-attested-unreviewed
螺,zh-Hant-TW,luó,,,false,unicode-unihan-17@17.0.0:kMandarin,kMandarin,source-attested-unreviewed
礎,yue-HK,co2,,,false,unicode-unihan-17@17.0.0:kCantonese,kCantonese,source-attested-unreviewed
礎,zh-Hant-TW,chǔ,,,false,unicode-unihan-17@17.0.0:kMandarin,kMandarin,source-attested-unreviewed
蠅,yue-HK,jing4,,,false,unicode-unihan-17@17.0.0:kCantonese,kCantonese,source-attested-unreviewed
蠅,zh-Hant-TW,yíng,,,false,unicode-unihan-17@17.0.0:kMandarin,kMandarin,source-attested-unreviewed
蠅,zh-Hant-TW,ying,attested-count:39,,false,unicode-unihan-17@17.0.0:kHanyuPinlu,kHanyuPinlu,source-attested-unreviewed
攝,yue-HK,sip3,,,false,unicode-unihan-17@17.0.0:kCantonese,kCantonese,source-attested-unreviewed
攝,zh-Hant-TW,shè,,,false,unicode-unihan-17@17.0.0:kMandarin,kMandarin,source-attested-unreviewed
攝,zh-Hant-TW,zhé,,,false,unicode-unihan-17@17.0.0:kHanyuPinyin,kHanyuPinyin,source-attested-unreviewed
攝,zh-Hant-TW,niè,,,false,unicode-unihan-17@17.0.0:kHanyuPinyin,kHanyuPinyin,source-attested-unreviewed
攝,zh-Hant-TW,shà,,,false,unicode-unihan-17@17.0.0:kHanyuPinyin,kHanyuPinyin,source-attested-unreviewed
襪,yue-HK,mat6,,,false,unicode-unihan-17@17.0.0:kCantonese,kCantonese,source-attested-unreviewed
襪,zh-Hant-TW,wà,,,false,unicode-unihan-17@17.0.0:kMandarin,kMandarin,source-attested-unreviewed
丹,yue-HK,daan1,,,false,unicode-unihan-17@17.0.0:kCantonese,kCantonese,source-attested-unreviewed
丹,zh-Hant-TW,dān,,,false,unicode-unihan-17@17.0.0:kMandarin,kMandarin,source-attested-unreviewed
丹,zh-Hant-TW,dan,attested-count:11,,false,unicode-unihan-17@17.0.0:kHanyuPinlu,kHanyuPinlu,source-attested-unreviewed
抵,yue-HK,dai2,,,false,unicode-unihan-17@17.0.0:kCantonese,kCantonese,source-attested-unreviewed
抵,zh-Hant-TW,dǐ,,,false,unicode-unihan-17@17.0.0:kMandarin,kMandarin,source-attested-unreviewed
抵,zh-Hant-TW,zhǐ,,,false,unicode-unihan-17@17.0.0:kHanyuPinyin,kHanyuPinyin,source-attested-unreviewed
抵,zh-Hant-TW,qí,,,false,unicode-unihan-17@17.0.0:kHanyuPinyin,kHanyuPinyin,source-attested-unreviewed
津,yue-HK,zeon1,,,false,unicode-unihan-17@17.0.0:kCantonese,kCantonese,source-attested-unreviewed
津,zh-Hant-TW,jīn,,,false,unicode-unihan-17@17.0.0:kMandarin,kMandarin,source-attested-unreviewed
掙,yue-HK,zang1,,,false,unicode-unihan-17@17.0.0:kCantonese,kCantonese,source-attested-unreviewed
掙,yue-HK,zaang5,mandarin-mapping:zhèng,,false,unicode-unihan-17@17.0.0:kSMSZD2003Readings,kSMSZD2003Readings,source-attested-unreviewed
掙,yue-HK,zaang1,mandarin-mapping:zhēng,,false,unicode-unihan-17@17.0.0:kSMSZD2003Readings,kSMSZD2003Readings,source-attested-unreviewed
掙,zh-Hant-TW,zhēng,,,false,unicode-unihan-17@17.0.0:kMandarin,kMandarin,source-attested-unreviewed
掙,zh-Hant-TW,zhèng,attested-count:33,,false,unicode-unihan-17@17.0.0:kHanyuPinlu,kHanyuPinlu,source-attested-unreviewed
逗,yue-HK,dau6,,,false,unicode-unihan-17@17.0.0:kCantonese,kCantonese,source-attested-unreviewed
逗,zh-Hant-TW,dòu,,,false,unicode-unihan-17@17.0.0:kMandarin,kMandarin,source-attested-unreviewed
逗,zh-Hant-TW,zhù,,,false,unicode-unihan-17@17.0.0:kHanyuPinyin,kHanyuPinyin,source-attested-unreviewed
逗,zh-Hant-TW,tóu,,,false,unicode-unihan-17@17.0.0:kHanyuPinyin,kHanyuPinyin,source-attested-unreviewed
逗,zh-Hant-TW,qí,,,false,unicode-unihan-17@17.0.0:kHanyuPinyin,kHanyuPinyin,source-attested-unreviewed
陵,yue-HK,ling4,,,false,unicode-unihan-17@17.0.0:kCantonese,kCantonese,source-attested-unreviewed
陵,zh-Hant-TW,líng,,,false,unicode-unihan-17@17.0.0:kMandarin,kMandarin,source-attested-unreviewed
喇,yue-HK,laa3,,,false,unicode-unihan-17@17.0.0:kCantonese,kCantonese,source-attested-unreviewed
喇,yue-HK,laa1,mandarin-mapping:lǎ,,false,unicode-unihan-17@17.0.0:kSMSZD2003Readings,kSMSZD2003Readings,source-attested-unreviewed
喇,zh-Hant-TW,lǎ,,,false,unicode-unihan-17@17.0.0:kMandarin,kMandarin,source-attested-unreviewed
喇,zh-Hant-TW,lá,,,false,unicode-unihan-17@17.0.0:kHanyuPinyin,kHanyuPinyin,source-attested-unreviewed
喇,zh-Hant-TW,lā,,,false,unicode-unihan-17@17.0.0:kHanyuPinyin,kHanyuPinyin,source-attested-unreviewed
喇,zh-Hant-TW,la,,,false,unicode-unihan-17@17.0.0:kHanyuPinyin,kHanyuPinyin,source-attested-unreviewed
翔,yue-HK,coeng4,,,false,unicode-unihan-17@17.0.0:kCantonese,kCantonese,source-attested-unreviewed
翔,zh-Hant-TW,xiáng,,,false,unicode-unihan-17@17.0.0:kMandarin,kMandarin,source-attested-unreviewed
葦,yue-HK,wai5,,,false,unicode-unihan-17@17.0.0:kCantonese,kCantonese,source-attested-unreviewed
葦,zh-Hant-TW,wěi,,,false,unicode-unihan-17@17.0.0:kMandarin,kMandarin,source-attested-unreviewed
審,yue-HK,sam2,,,false,unicode-unihan-17@17.0.0:kCantonese,kCantonese,source-attested-unreviewed
審,zh-Hant-TW,shěn,,,false,unicode-unihan-17@17.0.0:kMandarin,kMandarin,source-attested-unreviewed
審,zh-Hant-TW,pán,,,false,unicode-unihan-17@17.0.0:kHanyuPinyin,kHanyuPinyin,source-attested-unreviewed
遭,yue-HK,zou1,,,false,unicode-unihan-17@17.0.0:kCantonese,kCantonese,source-attested-unreviewed
遭,zh-Hant-TW,zāo,,,false,unicode-unihan-17@17.0.0:kMandarin,kMandarin,source-attested-unreviewed
濃,yue-HK,nung4,,,false,unicode-unihan-17@17.0.0:kCantonese,kCantonese,source-attested-unreviewed
濃,zh-Hant-TW,nóng,,,false,unicode-unihan-17@17.0.0:kMandarin,kMandarin,source-attested-unreviewed
欄,yue-HK,laan4,,,false,unicode-unihan-17@17.0.0:kCantonese,kCantonese,source-attested-unreviewed
欄,zh-Hant-TW,lán,,,false,unicode-unihan-17@17.0.0:kMandarin,kMandarin,source-attested-unreviewed
欄,zh-Hant-TW,liàn,,,false,unicode-unihan-17@17.0.0:kHanyuPinyin,kHanyuPinyin,source-attested-unreviewed
弓,yue-HK,gung1,,,false,unicode-unihan-17@17.0.0:kCantonese,kCantonese,source-attested-unreviewed
弓,zh-Hant-TW,gōng,,,false,unicode-unihan-17@17.0.0:kMandarin,kMandarin,source-attested-unreviewed
免,yue-HK,min5,,,false,unicode-unihan-17@17.0.0:kCantonese,kCantonese,source-attested-unreviewed
免,zh-Hant-TW,miǎn,,,false,unicode-unihan-17@17.0.0:kMandarin,kMandarin,source-attested-unreviewed
免,zh-Hant-TW,wèn,,,false,unicode-unihan-17@17.0.0:kHanyuPinyin,kHanyuPinyin,source-attested-unreviewed
免,zh-Hant-TW,wǎn,,,false,unicode-unihan-17@17.0.0:kHanyuPinyin,kHanyuPinyin,source-attested-unreviewed
扭,yue-HK,nau2,,,false,unicode-unihan-17@17.0.0:kCantonese,kCantonese,source-attested-unreviewed
扭,zh-Hant-TW,niǔ,,,false,unicode-unihan-17@17.0.0:kMandarin,kMandarin,source-attested-unreviewed
扭,zh-Hant-TW,niu,attested-count:14,,false,unicode-unihan-17@17.0.0:kHanyuPinlu,kHanyuPinlu,source-attested-unreviewed
扭,zh-Hant-TW,chǒu,,,false,unicode-unihan-17@17.0.0:kHanyuPinyin,kHanyuPinyin,source-attested-unreviewed
扭,zh-Hant-TW,zhǒu,,,false,unicode-unihan-17@17.0.0:kHanyuPinyin,kHanyuPinyin,source-attested-unreviewed
扭,zh-Hant-TW,zhòu,,,false,unicode-unihan-17@17.0.0:kHanyuPinyin,kHanyuPinyin,source-attested-unreviewed
沖,yue-HK,cung1,,,false,unicode-unihan-17@17.0.0:kCantonese,kCantonese,source-attested-unreviewed
沖,zh-Hant-TW,chōng,,,false,unicode-unihan-17@17.0.0:kMandarin,kMandarin,source-attested-unreviewed
沖,zh-Hant-TW,chòng,attested-count:33,,false,unicode-unihan-17@17.0.0:kHanyuPinlu,kHanyuPinlu,source-attested-unreviewed
皂,yue-HK,zou6,,,false,unicode-unihan-17@17.0.0:kCantonese,kCantonese,source-attested-unreviewed
皂,zh-Hant-TW,zào,,,false,unicode-unihan-17@17.0.0:kMandarin,kMandarin,source-attested-unreviewed
呵,yue-HK,ho1,,,false,unicode-unihan-17@17.0.0:kCantonese,kCantonese,source-attested-unreviewed
呵,zh-Hant-TW,hē,,,false,unicode-unihan-17@17.0.0:kMandarin,kMandarin,source-attested-unreviewed
呵,zh-Hant-TW,ā,attested-count:392,,false,unicode-unihan-17@17.0.0:kHanyuPinlu,kHanyuPinlu,source-attested-unreviewed
呵,zh-Hant-TW,hā,,,false,unicode-unihan-17@17.0.0:kHanyuPinyin,kHanyuPinyin,source-attested-unreviewed
呵,zh-Hant-TW,a,,,false,unicode-unihan-17@17.0.0:kHanyuPinyin,kHanyuPinyin,source-attested-unreviewed
呵,zh-Hant-TW,kē,,,false,unicode-unihan-17@17.0.0:kHanyuPinyin,kHanyuPinyin,source-attested-unreviewed
呵,zh-Hant-TW,huō,,,false,unicode-unihan-17@17.0.0:kHanyuPinyin,kHanyuPinyin,source-attested-unreviewed
屈,yue-HK,wat1,,,false,unicode-unihan-17@17.0.0:kCantonese,kCantonese,source-attested-unreviewed
屈,zh-Hant-TW,qū,,,false,unicode-unihan-17@17.0.0:kMandarin,kMandarin,source-attested-unreviewed
屈,zh-Hant-TW,qu,attested-count:27,,false,unicode-unihan-17@17.0.0:kHanyuPinlu,kHanyuPinlu,source-attested-unreviewed
屈,zh-Hant-TW,jué,,,false,unicode-unihan-17@17.0.0:kHanyuPinyin,kHanyuPinyin,source-attested-unreviewed
屈,zh-Hant-TW,què,,,false,unicode-unihan-17@17.0.0:kHanyuPinyin,kHanyuPinyin,source-attested-unreviewed
屈,zh-Hant-TW,jú,,,false,unicode-unihan-17@17.0.0:kHanyuPinyin,kHanyuPinyin,source-attested-unreviewed
挨,yue-HK,aai1,,,false,unicode-unihan-17@17.0.0:kCantonese,kCantonese,source-attested-unreviewed
挨,zh-Hant-TW,āi,,,false,unicode-unihan-17@17.0.0:kMandarin,kMandarin,source-attested-unreviewed
挨,zh-Hant-TW,ái,,,false,unicode-unihan-17@17.0.0:kHanyuPinyin,kHanyuPinyin,source-attested-unreviewed
喚,yue-HK,wun6,,,false,unicode-unihan-17@17.0.0:kCantonese,kCantonese,source-attested-unreviewed
喚,zh-Hant-TW,huàn,,,false,unicode-unihan-17@17.0.0:kMandarin,kMandarin,source-attested-unreviewed
喚,zh-Hant-TW,huan,attested-count:35,,false,unicode-unihan-17@17.0.0:kHanyuPinlu,kHanyuPinlu,source-attested-unreviewed
絨,yue-HK,jung2,,,false,unicode-unihan-17@17.0.0:kCantonese,kCantonese,source-attested-unreviewed
絨,yue-HK,jung4,mandarin-mapping:róng,,false,unicode-unihan-17@17.0.0:kSMSZD2003Readings,kSMSZD2003Readings,source-attested-unreviewed
絨,zh-Hant-TW,róng,,,false,unicode-unihan-17@17.0.0:kMandarin,kMandarin,source-attested-unreviewed
嘛,yue-HK,maa1,,,false,unicode-unihan-17@17.0.0:kCantonese,kCantonese,source-attested-unreviewed
嘛,yue-HK,maa3,mandarin-mapping:ma,,false,unicode-unihan-17@17.0.0:kSMSZD2003Readings,kSMSZD2003Readings,source-attested-unreviewed
嘛,yue-HK,maa4,mandarin-mapping:ma,,false,unicode-unihan-17@17.0.0:kSMSZD2003Readings,kSMSZD2003Readings,source-attested-unreviewed
嘛,zh-Hant-TW,ma,,,false,unicode-unihan-17@17.0.0:kMandarin,kMandarin,source-attested-unreviewed
嘛,zh-Hant-TW,má,attested-count:93,,false,unicode-unihan-17@17.0.0:kHanyuPinlu,kHanyuPinlu,source-attested-unreviewed
漠,yue-HK,mok6,,,false,unicode-unihan-17@17.0.0:kCantonese,kCantonese,source-attested-unreviewed
漠,zh-Hant-TW,mò,,,false,unicode-unihan-17@17.0.0:kMandarin,kMandarin,source-attested-unreviewed
聚,yue-HK,zeoi6,,,false,unicode-unihan-17@17.0.0:kCantonese,kCantonese,source-attested-unreviewed
聚,zh-Hant-TW,jù,,,false,unicode-unihan-17@17.0.0:kMandarin,kMandarin,source-attested-unreviewed
腐,yue-HK,fu6,,,false,unicode-unihan-17@17.0.0:kCantonese,kCantonese,source-attested-unreviewed
腐,zh-Hant-TW,fǔ,,,false,unicode-unihan-17@17.0.0:kMandarin,kMandarin,source-attested-unreviewed
腐,zh-Hant-TW,fu,attested-count:31,,false,unicode-unihan-17@17.0.0:kHanyuPinlu,kHanyuPinlu,source-attested-unreviewed
劍,yue-HK,gim3,,,false,unicode-unihan-17@17.0.0:kCantonese,kCantonese,source-attested-unreviewed
劍,zh-Hant-TW,jiàn,,,false,unicode-unihan-17@17.0.0:kMandarin,kMandarin,source-attested-unreviewed
齒,yue-HK,ci2,,,false,unicode-unihan-17@17.0.0:kCantonese,kCantonese,source-attested-unreviewed
齒,zh-Hant-TW,chǐ,,,false,unicode-unihan-17@17.0.0:kMandarin,kMandarin,source-attested-unreviewed
噹,yue-HK,dong1,,,false,unicode-unihan-17@17.0.0:kCantonese,kCantonese,source-attested-unreviewed
噹,zh-Hant-TW,dāng,,,false,unicode-unihan-17@17.0.0:kMandarin,kMandarin,source-attested-unreviewed
憶,yue-HK,jik1,,,false,unicode-unihan-17@17.0.0:kCantonese,kCantonese,source-attested-unreviewed
憶,zh-Hant-TW,yì,,,false,unicode-unihan-17@17.0.0:kMandarin,kMandarin,source-attested-unreviewed
樺,yue-HK,waa4,,,false,unicode-unihan-17@17.0.0:kCantonese,kCantonese,source-attested-unreviewed
樺,yue-HK,waa6,mandarin-mapping:huà,,false,unicode-unihan-17@17.0.0:kSMSZD2003Readings,kSMSZD2003Readings,source-attested-unreviewed
樺,zh-Hant-TW,huà,,,false,unicode-unihan-17@17.0.0:kMandarin,kMandarin,source-attested-unreviewed
驟,yue-HK,zaau6,,,false,unicode-unihan-17@17.0.0:kCantonese,kCantonese,source-attested-unreviewed
驟,zh-Hant-TW,zhòu,,,false,unicode-unihan-17@17.0.0:kMandarin,kMandarin,source-attested-unreviewed
岩,yue-HK,ngaam4,,,false,unicode-unihan-17@17.0.0:kCantonese,kCantonese,source-attested-unreviewed
岩,zh-Hant-TW,yán,,,false,unicode-unihan-17@17.0.0:kMandarin,kMandarin,source-attested-unreviewed
延,yue-HK,jin4,,,false,unicode-unihan-17@17.0.0:kCantonese,kCantonese,source-attested-unreviewed
延,zh-Hant-TW,yán,,,false,unicode-unihan-17@17.0.0:kMandarin,kMandarin,source-attested-unreviewed
毒,yue-HK,duk6,,,false,unicode-unihan-17@17.0.0:kCantonese,kCantonese,source-attested-unreviewed
毒,yue-HK,duk1,mandarin-mapping:dú,,false,unicode-unihan-17@17.0.0:kSMSZD2003Readings,kSMSZD2003Readings,source-attested-unreviewed
毒,zh-Hant-TW,dú,,,false,unicode-unihan-17@17.0.0:kMandarin,kMandarin,source-attested-unreviewed
毒,zh-Hant-TW,dài,,,false,unicode-unihan-17@17.0.0:kHanyuPinyin,kHanyuPinyin,source-attested-unreviewed
胖,yue-HK,bun6,,,false,unicode-unihan-17@17.0.0:kCantonese,kCantonese,source-attested-unreviewed
胖,yue-HK,pun4,mandarin-mapping:pán,,false,unicode-unihan-17@17.0.0:kSMSZD2003Readings,kSMSZD2003Readings,source-attested-unreviewed
胖,zh-Hant-TW,pàng,,,false,unicode-unihan-17@17.0.0:kMandarin,kMandarin,source-attested-unreviewed
胖,zh-Hant-TW,pàn,,,false,unicode-unihan-17@17.0.0:kHanyuPinyin,kHanyuPinyin,source-attested-unreviewed
胖,zh-Hant-TW,pán,,,false,unicode-unihan-17@17.0.0:kHanyuPinyin,kHanyuPinyin,source-attested-unreviewed
恐,yue-HK,hung2,,,false,unicode-unihan-17@17.0.0:kCantonese,kCantonese,source-attested-unreviewed
恐,zh-Hant-TW,kǒng,,,false,unicode-unihan-17@17.0.0:kMandarin,kMandarin,source-attested-unreviewed
爹,yue-HK,de1,,,false,unicode-unihan-17@17.0.0:kCantonese,kCantonese,source-attested-unreviewed
爹,zh-Hant-TW,diē,,,false,unicode-unihan-17@17.0.0:kMandarin,kMandarin,source-attested-unreviewed
捧,yue-HK,pung2,,,false,unicode-unihan-17@17.0.0:kCantonese,kCantonese,source-attested-unreviewed
捧,yue-HK,bung2,mandarin-mapping:pěng,,false,unicode-unihan-17@17.0.0:kSMSZD2003Readings,kSMSZD2003Readings,source-attested-unreviewed
捧,zh-Hant-TW,pěng,,,false,unicode-unihan-17@17.0.0:kMandarin,kMandarin,source-attested-unreviewed
捧,zh-Hant-TW,fèng,,,false,unicode-unihan-17@17.0.0:kHanyuPinyin,kHanyuPinyin,source-attested-unreviewed
斑,yue-HK,baan1,,,false,unicode-unihan-17@17.0.0:kCantonese,kCantonese,source-attested-unreviewed
斑,zh-Hant-TW,bān,,,false,unicode-unihan-17@17.0.0:kMandarin,kMandarin,source-attested-unreviewed
詹,yue-HK,zim1,,,false,unicode-unihan-17@17.0.0:kCantonese,kCantonese,source-attested-unreviewed
詹,zh-Hant-TW,zhān,,,false,unicode-unihan-17@17.0.0:kMandarin,kMandarin,source-attested-unreviewed
詹,zh-Hant-TW,dàn,,,false,unicode-unihan-17@17.0.0:kHanyuPinyin,kHanyuPinyin,source-attested-unreviewed
鳳,yue-HK,fung6,,,false,unicode-unihan-17@17.0.0:kCantonese,kCantonese,source-attested-unreviewed
鳳,zh-Hant-TW,fèng,,,false,unicode-unihan-17@17.0.0:kMandarin,kMandarin,source-attested-unreviewed
膜,yue-HK,mok6,,,false,unicode-unihan-17@17.0.0:kCantonese,kCantonese,source-attested-unreviewed
膜,yue-HK,mou4,mandarin-mapping:mó,,false,unicode-unihan-17@17.0.0:kSMSZD2003Readings,kSMSZD2003Readings,source-attested-unreviewed
膜,zh-Hant-TW,mó,,,false,unicode-unihan-17@17.0.0:kMandarin,kMandarin,source-attested-unreviewed
輩,yue-HK,bui3,,,false,unicode-unihan-17@17.0.0:kCantonese,kCantonese,source-attested-unreviewed
輩,zh-Hant-TW,bèi,,,false,unicode-unihan-17@17.0.0:kMandarin,kMandarin,source-attested-unreviewed
鋸,yue-HK,geoi3,,,false,unicode-unihan-17@17.0.0:kCantonese,kCantonese,source-attested-unreviewed
鋸,yue-HK,goe3,mandarin-mapping:jù,,false,unicode-unihan-17@17.0.0:kSMSZD2003Readings,kSMSZD2003Readings,source-attested-unreviewed
鋸,zh-Hant-TW,jù,,,false,unicode-unihan-17@17.0.0:kMandarin,kMandarin,source-attested-unreviewed
鋸,zh-Hant-TW,jū,,,false,unicode-unihan-17@17.0.0:kHanyuPinyin,kHanyuPinyin,source-attested-unreviewed
購,yue-HK,gau3,,,false,unicode-unihan-17@17.0.0:kCantonese,kCantonese,source-attested-unreviewed
購,yue-HK,kau3,mandarin-mapping:gòu,,false,unicode-unihan-17@17.0.0:kSMSZD2003Readings,kSMSZD2003Readings,source-attested-unreviewed
購,zh-Hant-TW,gòu,,,false,unicode-unihan-17@17.0.0:kMandarin,kMandarin,source-attested-unreviewed
翹,yue-HK,kiu4,,,false,unicode-unihan-17@17.0.0:kCantonese,kCantonese,source-attested-unreviewed
翹,yue-HK,kiu3,mandarin-mapping:qiào,,false,unicode-unihan-17@17.0.0:kSMSZD2003Readings,kSMSZD2003Readings,source-attested-unreviewed
翹,yue-HK,hiu3,mandarin-mapping:qiào,,false,unicode-unihan-17@17.0.0:kSMSZD2003Readings,kSMSZD2003Readings,source-attested-unreviewed
翹,zh-Hant-TW,qiào,,,false,unicode-unihan-17@17.0.0:kMandarin,kMandarin,source-attested-unreviewed
翹,zh-Hant-TW,qiáo,,,false,unicode-unihan-17@17.0.0:kHanyuPinyin,kHanyuPinyin,source-attested-unreviewed
譽,yue-HK,jyu6,,,false,unicode-unihan-17@17.0.0:kCantonese,kCantonese,source-attested-unreviewed
譽,zh-Hant-TW,yù,,,false,unicode-unihan-17@17.0.0:kMandarin,kMandarin,source-attested-unreviewed
亡,yue-HK,mong4,,,false,unicode-unihan-17@17.0.0:kCantonese,kCantonese,source-attested-unreviewed
亡,zh-Hant-TW,wáng,,,false,unicode-unihan-17@17.0.0:kMandarin,kMandarin,source-attested-unreviewed
亡,zh-Hant-TW,wú,,,false,unicode-unihan-17@17.0.0:kHanyuPinyin,kHanyuPinyin,source-attested-unreviewed
斗,yue-HK,dau3,,,false,unicode-unihan-17@17.0.0:kCantonese,kCantonese,source-attested-unreviewed
斗,yue-HK,dau2,mandarin-mapping:dǒu,,false,unicode-unihan-17@17.0.0:kSMSZD2003Readings,kSMSZD2003Readings,source-attested-unreviewed
斗,zh-Hant-TW,dòu,,,false,unicode-unihan-17@17.0.0:kMandarin,kMandarin,source-attested-unreviewed
斗,zh-Hant-TW,dǒu,,,false,unicode-unihan-17@17.0.0:kMandarin,kMandarin,source-attested-unreviewed
斗,zh-Hant-TW,zhǔ,,,false,unicode-unihan-17@17.0.0:kHanyuPinyin,kHanyuPinyin,source-attested-unreviewed
仙,yue-HK,sin1,,,false,unicode-unihan-17@17.0.0:kCantonese,kCantonese,source-attested-unreviewed
仙,zh-Hant-TW,xiān,,,false,unicode-unihan-17@17.0.0:kMandarin,kMandarin,source-attested-unreviewed
仙,zh-Hant-TW,xian,attested-count:18,,false,unicode-unihan-17@17.0.0:kHanyuPinlu,kHanyuPinlu,source-attested-unreviewed
仙,zh-Hant-TW,xiǎn,,,false,unicode-unihan-17@17.0.0:kHanyuPinyin,kHanyuPinyin,source-attested-unreviewed
兄,yue-HK,hing1,,,false,unicode-unihan-17@17.0.0:kCantonese,kCantonese,source-attested-unreviewed
兄,zh-Hant-TW,xiōng,,,false,unicode-unihan-17@17.0.0:kMandarin,kMandarin,source-attested-unreviewed
兄,zh-Hant-TW,xiong,attested-count:25,,false,unicode-unihan-17@17.0.0:kHanyuPinlu,kHanyuPinlu,source-attested-unreviewed
兄,zh-Hant-TW,kuàng,,,false,unicode-unihan-17@17.0.0:kHanyuPinyin,kHanyuPinyin,source-attested-unreviewed
匆,yue-HK,cung1,,,false,unicode-unihan-17@17.0.0:kCantonese,kCantonese,source-attested-unreviewed
匆,zh-Hant-TW,cōng,,,false,unicode-unihan-17@17.0.0:kMandarin,kMandarin,source-attested-unreviewed
吼,yue-HK,hau3,,,false,unicode-unihan-17@17.0.0:kCantonese,kCantonese,source-attested-unreviewed
吼,yue-HK,haau1,mandarin-mapping:hǒu,,false,unicode-unihan-17@17.0.0:kSMSZD2003Readings,kSMSZD2003Readings,source-attested-unreviewed
吼,zh-Hant-TW,hǒu,,,false,unicode-unihan-17@17.0.0:kMandarin,kMandarin,source-attested-unreviewed
災,yue-HK,zoi1,,,false,unicode-unihan-17@17.0.0:kCantonese,kCantonese,source-attested-unreviewed
災,zh-Hant-TW,zāi,,,false,unicode-unihan-17@17.0.0:kMandarin,kMandarin,source-attested-unreviewed
牲,yue-HK,sang1,,,false,unicode-unihan-17@17.0.0:kCantonese,kCantonese,source-attested-unreviewed
牲,zh-Hant-TW,shēng,,,false,unicode-unihan-17@17.0.0:kMandarin,kMandarin,source-attested-unreviewed
耐,yue-HK,noi6,,,false,unicode-unihan-17@17.0.0:kCantonese,kCantonese,source-attested-unreviewed
耐,zh-Hant-TW,nài,,,false,unicode-unihan-17@17.0.0:kMandarin,kMandarin,source-attested-unreviewed
耐,zh-Hant-TW,néng,,,false,unicode-unihan-17@17.0.0:kHanyuPinyin,kHanyuPinyin,source-attested-unreviewed
捆,yue-HK,kwan2,,,false,unicode-unihan-17@17.0.0:kCantonese,kCantonese,source-attested-unreviewed
捆,zh-Hant-TW,kǔn,,,false,unicode-unihan-17@17.0.0:kMandarin,kMandarin,source-attested-unreviewed
捆,zh-Hant-TW,hún,,,false,unicode-unihan-17@17.0.0:kHanyuPinyin,kHanyuPinyin,source-attested-unreviewed
淺,yue-HK,cin2,,,false,unicode-unihan-17@17.0.0:kCantonese,kCantonese,source-attested-unreviewed
淺,zh-Hant-TW,qiǎn,,,false,unicode-unihan-17@17.0.0:kMandarin,kMandarin,source-attested-unreviewed
淺,zh-Hant-TW,jiān,,,false,unicode-unihan-17@17.0.0:kHanyuPinyin,kHanyuPinyin,source-attested-unreviewed
淺,zh-Hant-TW,jiàn,,,false,unicode-unihan-17@17.0.0:kHanyuPinyin,kHanyuPinyin,source-attested-unreviewed
淺,zh-Hant-TW,cán,,,false,unicode-unihan-17@17.0.0:kHanyuPinyin,kHanyuPinyin,source-attested-unreviewed
淺,zh-Hant-TW,zàn,,,false,unicode-unihan-17@17.0.0:kHanyuPinyin,kHanyuPinyin,source-attested-unreviewed
郭,yue-HK,gwok3,,,false,unicode-unihan-17@17.0.0:kCantonese,kCantonese,source-attested-unreviewed
郭,zh-Hant-TW,guō,,,false,unicode-unihan-17@17.0.0:kMandarin,kMandarin,source-attested-unreviewed
郭,zh-Hant-TW,guó,,,false,unicode-unihan-17@17.0.0:kHanyuPinyin,kHanyuPinyin,source-attested-unreviewed
晴,yue-HK,cing4,,,false,unicode-unihan-17@17.0.0:kCantonese,kCantonese,source-attested-unreviewed
晴,zh-Hant-TW,qíng,,,false,unicode-unihan-17@17.0.0:kMandarin,kMandarin,source-attested-unreviewed
智,yue-HK,zi3,,,false,unicode-unihan-17@17.0.0:kCantonese,kCantonese,source-attested-unreviewed
智,zh-Hant-TW,zhì,,,false,unicode-unihan-17@17.0.0:kMandarin,kMandarin,source-attested-unreviewed
湧,yue-HK,jung2,,,false,unicode-unihan-17@17.0.0:kCantonese,kCantonese,source-attested-unreviewed
湧,zh-Hant-TW,yǒng,,,false,unicode-unihan-17@17.0.0:kMandarin,kMandarin,source-attested-unreviewed
渴,yue-HK,hot3,,,false,unicode-unihan-17@17.0.0:kCantonese,kCantonese,source-attested-unreviewed
渴,zh-Hant-TW,kě,,,false,unicode-unihan-17@17.0.0:kMandarin,kMandarin,source-attested-unreviewed
渴,zh-Hant-TW,jié,,,false,unicode-unihan-17@17.0.0:kHanyuPinyin,kHanyuPinyin,source-attested-unreviewed
渴,zh-Hant-TW,kài,,,false,unicode-unihan-17@17.0.0:kHanyuPinyin,kHanyuPinyin,source-attested-unreviewed
渴,zh-Hant-TW,hé,,,false,unicode-unihan-17@17.0.0:kHanyuPinyin,kHanyuPinyin,source-attested-unreviewed
筋,yue-HK,gan1,,,false,unicode-unihan-17@17.0.0:kCantonese,kCantonese,source-attested-unreviewed
筋,zh-Hant-TW,jīn,,,false,unicode-unihan-17@17.0.0:kMandarin,kMandarin,source-attested-unreviewed
筋,zh-Hant-TW,qián,,,false,unicode-unihan-17@17.0.0:kHanyuPinyin,kHanyuPinyin,source-attested-unreviewed
搭,yue-HK,daap3,,,false,unicode-unihan-17@17.0.0:kCantonese,kCantonese,source-attested-unreviewed
搭,zh-Hant-TW,dā,,,false,unicode-unihan-17@17.0.0:kMandarin,kMandarin,source-attested-unreviewed
搭,zh-Hant-TW,tà,,,false,unicode-unihan-17@17.0.0:kHanyuPinyin,kHanyuPinyin,source-attested-unreviewed
裙,yue-HK,kwan4,,,false,unicode-unihan-17@17.0.0:kCantonese,kCantonese,source-attested-unreviewed
裙,zh-Hant-TW,qún,,,false,unicode-unihan-17@17.0.0:kMandarin,kMandarin,source-attested-unreviewed
撞,yue-HK,zong6,,,false,unicode-unihan-17@17.0.0:kCantonese,kCantonese,source-attested-unreviewed
撞,zh-Hant-TW,zhuàng,,,false,unicode-unihan-17@17.0.0:kMandarin,kMandarin,source-attested-unreviewed
餐,yue-HK,caan1,,,false,unicode-unihan-17@17.0.0:kCantonese,kCantonese,source-attested-unreviewed
餐,zh-Hant-TW,cān,,,false,unicode-unihan-17@17.0.0:kMandarin,kMandarin,source-attested-unreviewed
餐,zh-Hant-TW,sūn,,,false,unicode-unihan-17@17.0.0:kHanyuPinyin,kHanyuPinyin,source-attested-unreviewed
隱,yue-HK,jan2,,,false,unicode-unihan-17@17.0.0:kCantonese,kCantonese,source-attested-unreviewed
隱,zh-Hant-TW,yǐn,,,false,unicode-unihan-17@17.0.0:kMandarin,kMandarin,source-attested-unreviewed
隱,zh-Hant-TW,yìn,,,false,unicode-unihan-17@17.0.0:kHanyuPinyin,kHanyuPinyin,source-attested-unreviewed
爆,yue-HK,baau3,,,false,unicode-unihan-17@17.0.0:kCantonese,kCantonese,source-attested-unreviewed
爆,zh-Hant-TW,bào,,,false,unicode-unihan-17@17.0.0:kMandarin,kMandarin,source-attested-unreviewed
爆,zh-Hant-TW,bó,,,false,unicode-unihan-17@17.0.0:kHanyuPinyin,kHanyuPinyin,source-attested-unreviewed
鷹,yue-HK,jing1,,,false,unicode-unihan-17@17.0.0:kCantonese,kCantonese,source-attested-unreviewed
鷹,zh-Hant-TW,yīng,,,false,unicode-unihan-17@17.0.0:kMandarin,kMandarin,source-attested-unreviewed
勾,yue-HK,ngau1,,,false,unicode-unihan-17@17.0.0:kCantonese,kCantonese,source-attested-unreviewed
勾,zh-Hant-TW,gōu,,,false,unicode-unihan-17@17.0.0:kMandarin,kMandarin,source-attested-unreviewed
勾,zh-Hant-TW,gòu,,,false,unicode-unihan-17@17.0.0:kHanyuPinyin,kHanyuPinyin,source-attested-unreviewed
凸,yue-HK,dat6,,,false,unicode-unihan-17@17.0.0:kCantonese,kCantonese,source-attested-unreviewed
凸,zh-Hant-TW,tū,,,false,unicode-unihan-17@17.0.0:kMandarin,kMandarin,source-attested-unreviewed
芒,yue-HK,mong4,,,false,unicode-unihan-17@17.0.0:kCantonese,kCantonese,source-attested-unreviewed
芒,yue-HK,mong1,mandarin-mapping:máng,,false,unicode-unihan-17@17.0.0:kSMSZD2003Readings,kSMSZD2003Readings,source-attested-unreviewed
芒,zh-Hant-TW,máng,,,false,unicode-unihan-17@17.0.0:kMandarin,kMandarin,source-attested-unreviewed
芒,zh-Hant-TW,huāng,,,false,unicode-unihan-17@17.0.0:kHanyuPinyin,kHanyuPinyin,source-attested-unreviewed
芒,zh-Hant-TW,huǎng,,,false,unicode-unihan-17@17.0.0:kHanyuPinyin,kHanyuPinyin,source-attested-unreviewed
赤,yue-HK,cek3,,,false,unicode-unihan-17@17.0.0:kCantonese,kCantonese,source-attested-unreviewed
赤,yue-HK,cik3,mandarin-mapping:chì,,false,unicode-unihan-17@17.0.0:kSMSZD2003Readings,kSMSZD2003Readings,source-attested-unreviewed
赤,zh-Hant-TW,chì,,,false,unicode-unihan-17@17.0.0:kMandarin,kMandarin,source-attested-unreviewed
乳,yue-HK,jyu5,,,false,unicode-unihan-17@17.0.0:kCantonese,kCantonese,source-attested-unreviewed
乳,zh-Hant-TW,rǔ,,,false,unicode-unihan-17@17.0.0:kMandarin,kMandarin,source-attested-unreviewed
佳,yue-HK,gaai1,,,false,unicode-unihan-17@17.0.0:kCantonese,kCantonese,source-attested-unreviewed
佳,zh-Hant-TW,jiā,,,false,unicode-unihan-17@17.0.0:kMandarin,kMandarin,source-attested-unreviewed
佩,yue-HK,pui3,,,false,unicode-unihan-17@17.0.0:kCantonese,kCantonese,source-attested-unreviewed
佩,zh-Hant-TW,pèi,,,false,unicode-unihan-17@17.0.0:kMandarin,kMandarin,source-attested-unreviewed
昏,yue-HK,fan1,,,false,unicode-unihan-17@17.0.0:kCantonese,kCantonese,source-attested-unreviewed
昏,zh-Hant-TW,hūn,,,false,unicode-unihan-17@17.0.0:kMandarin,kMandarin,source-attested-unreviewed
昏,zh-Hant-TW,hún,attested-count:10,,false,unicode-unihan-17@17.0.0:kHanyuPinlu,kHanyuPinlu,source-attested-unreviewed
昏,zh-Hant-TW,hùn,,,false,unicode-unihan-17@17.0.0:kHanyuPinyin,kHanyuPinyin,source-attested-unreviewed
洪,yue-HK,hung4,,,false,unicode-unihan-17@17.0.0:kCantonese,kCantonese,source-attested-unreviewed
洪,zh-Hant-TW,hóng,,,false,unicode-unihan-17@17.0.0:kMandarin,kMandarin,source-attested-unreviewed
竿,yue-HK,gon1,,,false,unicode-unihan-17@17.0.0:kCantonese,kCantonese,source-attested-unreviewed
竿,zh-Hant-TW,gān,,,false,unicode-unihan-17@17.0.0:kMandarin,kMandarin,source-attested-unreviewed
竿,zh-Hant-TW,gàn,,,false,unicode-unihan-17@17.0.0:kHanyuPinyin,kHanyuPinyin,source-attested-unreviewed
竿,zh-Hant-TW,gǎn,,,false,unicode-unihan-17@17.0.0:kHanyuPinyin,kHanyuPinyin,source-attested-unreviewed
哦,yue-HK,ngo4,,,false,unicode-unihan-17@17.0.0:kCantonese,kCantonese,source-attested-unreviewed
哦,yue-HK,o4,mandarin-mapping:ó,,false,unicode-unihan-17@17.0.0:kSMSZD2003Readings,kSMSZD2003Readings,source-attested-unreviewed
哦,yue-HK,o6,mandarin-mapping:ò,,false,unicode-unihan-17@17.0.0:kSMSZD2003Readings,kSMSZD2003Readings,source-attested-unreviewed
哦,zh-Hant-TW,ó,,,false,unicode-unihan-17@17.0.0:kMandarin,kMandarin,source-attested-unreviewed
哦,zh-Hant-TW,ò,attested-count:98,,false,unicode-unihan-17@17.0.0:kHanyuPinlu,kHanyuPinlu,source-attested-unreviewed
哦,zh-Hant-TW,é,attested-count:63,,false,unicode-unihan-17@17.0.0:kHanyuPinlu,kHanyuPinlu,source-attested-unreviewed
振,yue-HK,zan3,,,false,unicode-unihan-17@17.0.0:kCantonese,kCantonese,source-attested-unreviewed
振,zh-Hant-TW,zhèn,,,false,unicode-unihan-17@17.0.0:kMandarin,kMandarin,source-attested-unreviewed
振,zh-Hant-TW,zhēn,,,false,unicode-unihan-17@17.0.0:kHanyuPinyin,kHanyuPinyin,source-attested-unreviewed
振,zh-Hant-TW,zhěn,,,false,unicode-unihan-17@17.0.0:kHanyuPinyin,kHanyuPinyin,source-attested-unreviewed
秩,yue-HK,dit6,,,false,unicode-unihan-17@17.0.0:kCantonese,kCantonese,source-attested-unreviewed
秩,zh-Hant-TW,zhì,,,false,unicode-unihan-17@17.0.0:kMandarin,kMandarin,source-attested-unreviewed
傍,yue-HK,bong6,,,false,unicode-unihan-17@17.0.0:kCantonese,kCantonese,source-attested-unreviewed
傍,yue-HK,pong4,mandarin-mapping:páng,,false,unicode-unihan-17@17.0.0:kSMSZD2003Readings,kSMSZD2003Readings,source-attested-unreviewed
傍,zh-Hant-TW,bàng,,,false,unicode-unihan-17@17.0.0:kMandarin,kMandarin,source-attested-unreviewed
傍,zh-Hant-TW,páng,,,false,unicode-unihan-17@17.0.0:kHanyuPinyin,kHanyuPinyin,source-attested-unreviewed
傍,zh-Hant-TW,bēng,,,false,unicode-unihan-17@17.0.0:kHanyuPinyin,kHanyuPinyin,source-attested-unreviewed
傍,zh-Hant-TW,péng,,,false,unicode-unihan-17@17.0.0:kHanyuPinyin,kHanyuPinyin,source-attested-unreviewed
猶,yue-HK,jau4,,,false,unicode-unihan-17@17.0.0:kCantonese,kCantonese,source-attested-unreviewed
猶,zh-Hant-TW,yóu,,,false,unicode-unihan-17@17.0.0:kMandarin,kMandarin,source-attested-unreviewed
猶,zh-Hant-TW,yáo,,,false,unicode-unihan-17@17.0.0:kHanyuPinyin,kHanyuPinyin,source-attested-unreviewed
腔,yue-HK,hong1,,,false,unicode-unihan-17@17.0.0:kCantonese,kCantonese,source-attested-unreviewed
腔,zh-Hant-TW,qiāng,,,false,unicode-unihan-17@17.0.0:kMandarin,kMandarin,source-attested-unreviewed
腔,zh-Hant-TW,kòng,,,false,unicode-unihan-17@17.0.0:kHanyuPinyin,kHanyuPinyin,source-attested-unreviewed
愁,yue-HK,sau4,,,false,unicode-unihan-17@17.0.0:kCantonese,kCantonese,source-attested-unreviewed
愁,zh-Hant-TW,chóu,,,false,unicode-unihan-17@17.0.0:kMandarin,kMandarin,source-attested-unreviewed
愁,zh-Hant-TW,qiǎo,,,false,unicode-unihan-17@17.0.0:kHanyuPinyin,kHanyuPinyin,source-attested-unreviewed
愁,zh-Hant-TW,jiū,,,false,unicode-unihan-17@17.0.0:kHanyuPinyin,kHanyuPinyin,source-attested-unreviewed
頑,yue-HK,waan4,,,false,unicode-unihan-17@17.0.0:kCantonese,kCantonese,source-attested-unreviewed
頑,zh-Hant-TW,wán,,,false,unicode-unihan-17@17.0.0:kMandarin,kMandarin,source-attested-unreviewed
頑,zh-Hant-TW,kūn,,,false,unicode-unihan-17@17.0.0:kHanyuPinyin,kHanyuPinyin,source-attested-unreviewed
疑,yue-HK,ji4,,,false,unicode-unihan-17@17.0.0:kCantonese,kCantonese,source-attested-unreviewed
疑,zh-Hant-TW,yí,,,false,unicode-unihan-17@17.0.0:kMandarin,kMandarin,source-attested-unreviewed
疑,zh-Hant-TW,níng,,,false,unicode-unihan-17@17.0.0:kHanyuPinyin,kHanyuPinyin,source-attested-unreviewed
賓,yue-HK,ban1,,,false,unicode-unihan-17@17.0.0:kCantonese,kCantonese,source-attested-unreviewed
賓,zh-Hant-TW,bīn,,,false,unicode-unihan-17@17.0.0:kMandarin,kMandarin,source-attested-unreviewed
罷,yue-HK,baa6,,,false,unicode-unihan-17@17.0.0:kCantonese,kCantonese,source-attested-unreviewed
罷,zh-Hant-TW,bà,,,false,unicode-unihan-17@17.0.0:kMandarin,kMandarin,source-attested-unreviewed
罷,zh-Hant-TW,ba,attested-count:2073,,false,unicode-unihan-17@17.0.0:kHanyuPinlu,kHanyuPinlu,source-attested-unreviewed
罷,zh-Hant-TW,pí,,,false,unicode-unihan-17@17.0.0:kHanyuPinyin,kHanyuPinyin,source-attested-unreviewed
罷,zh-Hant-TW,pì,,,false,unicode-unihan-17@17.0.0:kHanyuPinyin,kHanyuPinyin,source-attested-unreviewed
罷,zh-Hant-TW,bǐ,,,false,unicode-unihan-17@17.0.0:kHanyuPinyin,kHanyuPinyin,source-attested-unreviewed
罷,zh-Hant-TW,bǎi,,,false,unicode-unihan-17@17.0.0:kHanyuPinyin,kHanyuPinyin,source-attested-unreviewed
蔬,yue-HK,so1,,,false,unicode-unihan-17@17.0.0:kCantonese,kCantonese,source-attested-unreviewed
蔬,zh-Hant-TW,shū,,,false,unicode-unihan-17@17.0.0:kMandarin,kMandarin,source-attested-unreviewed
蔬,zh-Hant-TW,shǔ,,,false,unicode-unihan-17@17.0.0:kHanyuPinyin,kHanyuPinyin,source-attested-unreviewed
蝦,yue-HK,haa1,,,false,unicode-unihan-17@17.0.0:kCantonese,kCantonese,source-attested-unreviewed
蝦,yue-HK,haa4,mandarin-mapping:há,,false,unicode-unihan-17@17.0.0:kSMSZD2003Readings,kSMSZD2003Readings,source-attested-unreviewed
蝦,zh-Hant-TW,xiā,,,false,unicode-unihan-17@17.0.0:kMandarin,kMandarin,source-attested-unreviewed
蝦,zh-Hant-TW,há,,,false,unicode-unihan-17@17.0.0:kHanyuPinyin,kHanyuPinyin,source-attested-unreviewed
蝦,zh-Hant-TW,jiǎ,,,false,unicode-unihan-17@17.0.0:kHanyuPinyin,kHanyuPinyin,source-attested-unreviewed
擁,yue-HK,jung2,,,false,unicode-unihan-17@17.0.0:kCantonese,kCantonese,source-attested-unreviewed
擁,zh-Hant-TW,yōng,,,false,unicode-unihan-17@17.0.0:kMandarin,kMandarin,source-attested-unreviewed
龜,yue-HK,gwai1,,,false,unicode-unihan-17@17.0.0:kCantonese,kCantonese,source-attested-unreviewed
龜,yue-HK,gwan1,mandarin-mapping:jūn,,false,unicode-unihan-17@17.0.0:kSMSZD2003Readings,kSMSZD2003Readings,source-attested-unreviewed
龜,yue-HK,gau1,mandarin-mapping:qiū,,false,unicode-unihan-17@17.0.0:kSMSZD2003Readings,kSMSZD2003Readings,source-attested-unreviewed
龜,zh-Hant-TW,guī,,,false,unicode-unihan-17@17.0.0:kMandarin,kMandarin,source-attested-unreviewed
龜,zh-Hant-TW,qiū,,,false,unicode-unihan-17@17.0.0:kHanyuPinyin,kHanyuPinyin,source-attested-unreviewed
龜,zh-Hant-TW,jūn,,,false,unicode-unihan-17@17.0.0:kHanyuPinyin,kHanyuPinyin,source-attested-unreviewed
疆,yue-HK,goeng1,,,false,unicode-unihan-17@17.0.0:kCantonese,kCantonese,source-attested-unreviewed
疆,zh-Hant-TW,jiāng,,,false,unicode-unihan-17@17.0.0:kMandarin,kMandarin,source-attested-unreviewed
疆,zh-Hant-TW,jiàng,,,false,unicode-unihan-17@17.0.0:kHanyuPinyin,kHanyuPinyin,source-attested-unreviewed
襯,yue-HK,can3,,,false,unicode-unihan-17@17.0.0:kCantonese,kCantonese,source-attested-unreviewed
襯,zh-Hant-TW,chèn,,,false,unicode-unihan-17@17.0.0:kMandarin,kMandarin,source-attested-unreviewed
夕,yue-HK,zik6,,,false,unicode-unihan-17@17.0.0:kCantonese,kCantonese,source-attested-unreviewed
夕,zh-Hant-TW,xī,,,false,unicode-unihan-17@17.0.0:kMandarin,kMandarin,source-attested-unreviewed
夕,zh-Hant-TW,yì,,,false,unicode-unihan-17@17.0.0:kHanyuPinyin,kHanyuPinyin,source-attested-unreviewed
企,yue-HK,kei5,,,false,unicode-unihan-17@17.0.0:kCantonese,kCantonese,source-attested-unreviewed
企,zh-Hant-TW,qǐ,,,false,unicode-unihan-17@17.0.0:kMandarin,kMandarin,source-attested-unreviewed
君,yue-HK,gwan1,,,false,unicode-unihan-17@17.0.0:kCantonese,kCantonese,source-attested-unreviewed
君,zh-Hant-TW,jūn,,,false,unicode-unihan-17@17.0.0:kMandarin,kMandarin,source-attested-unreviewed
扶,yue-HK,fu4,,,false,unicode-unihan-17@17.0.0:kCantonese,kCantonese,source-attested-unreviewed
扶,zh-Hant-TW,fú,,,false,unicode-unihan-17@17.0.0:kMandarin,kMandarin,source-attested-unreviewed
扶,zh-Hant-TW,pú,,,false,unicode-unihan-17@17.0.0:kHanyuPinyin,kHanyuPinyin,source-attested-unreviewed
屆,yue-HK,gaai3,,,false,unicode-unihan-17@17.0.0:kCantonese,kCantonese,source-attested-unreviewed
屆,zh-Hant-TW,jiè,,,false,unicode-unihan-17@17.0.0:kMandarin,kMandarin,source-attested-unreviewed
盲,yue-HK,maang4,,,false,unicode-unihan-17@17.0.0:kCantonese,kCantonese,source-attested-unreviewed
盲,zh-Hant-TW,máng,,,false,unicode-unihan-17@17.0.0:kMandarin,kMandarin,source-attested-unreviewed
唐,yue-HK,tong4,,,false,unicode-unihan-17@17.0.0:kCantonese,kCantonese,source-attested-unreviewed
唐,zh-Hant-TW,táng,,,false,unicode-unihan-17@17.0.0:kMandarin,kMandarin,source-attested-unreviewed
眠,yue-HK,min4,,,false,unicode-unihan-17@17.0.0:kCantonese,kCantonese,source-attested-unreviewed
眠,zh-Hant-TW,mián,,,false,unicode-unihan-17@17.0.0:kMandarin,kMandarin,source-attested-unreviewed
眠,zh-Hant-TW,miǎn,,,false,unicode-unihan-17@17.0.0:kHanyuPinyin,kHanyuPinyin,source-attested-unreviewed
眠,zh-Hant-TW,mǐn,,,false,unicode-unihan-17@17.0.0:kHanyuPinyin,kHanyuPinyin,source-attested-unreviewed
蚌,yue-HK,pong5,,,false,unicode-unihan-17@17.0.0:kCantonese,kCantonese,source-attested-unreviewed
蚌,zh-Hant-TW,bàng,,,false,unicode-unihan-17@17.0.0:kMandarin,kMandarin,source-attested-unreviewed
蚌,zh-Hant-TW,pí,,,false,unicode-unihan-17@17.0.0:kHanyuPinyin,kHanyuPinyin,source-attested-unreviewed
蚌,zh-Hant-TW,fēng,,,false,unicode-unihan-17@17.0.0:kHanyuPinyin,kHanyuPinyin,source-attested-unreviewed
蚌,zh-Hant-TW,bèng,,,false,unicode-unihan-17@17.0.0:kHanyuPinyin,kHanyuPinyin,source-attested-unreviewed
控,yue-HK,hung3,,,false,unicode-unihan-17@17.0.0:kCantonese,kCantonese,source-attested-unreviewed
控,zh-Hant-TW,kòng,,,false,unicode-unihan-17@17.0.0:kMandarin,kMandarin,source-attested-unreviewed
控,zh-Hant-TW,kōng,,,false,unicode-unihan-17@17.0.0:kHanyuPinyin,kHanyuPinyin,source-attested-unreviewed
控,zh-Hant-TW,qiāng,,,false,unicode-unihan-17@17.0.0:kHanyuPinyin,kHanyuPinyin,source-attested-unreviewed
牽,yue-HK,hin1,,,false,unicode-unihan-17@17.0.0:kCantonese,kCantonese,source-attested-unreviewed
牽,zh-Hant-TW,qiān,,,false,unicode-unihan-17@17.0.0:kMandarin,kMandarin,source-attested-unreviewed
牽,zh-Hant-TW,qiàn,,,false,unicode-unihan-17@17.0.0:kHanyuPinyin,kHanyuPinyin,source-attested-unreviewed
壺,yue-HK,wu4,,,false,unicode-unihan-17@17.0.0:kCantonese,kCantonese,source-attested-unreviewed
壺,zh-Hant-TW,hú,,,false,unicode-unihan-17@17.0.0:kMandarin,kMandarin,source-attested-unreviewed
援,yue-HK,wun4,,,false,unicode-unihan-17@17.0.0:kCantonese,kCantonese,source-attested-unreviewed
援,yue-HK,jyun4,mandarin-mapping:yuán,,false,unicode-unihan-17@17.0.0:kSMSZD2003Readings,kSMSZD2003Readings,source-attested-unreviewed
援,zh-Hant-TW,yuán,,,false,unicode-unihan-17@17.0.0:kMandarin,kMandarin,source-attested-unreviewed
援,zh-Hant-TW,huàn,,,false,unicode-unihan-17@17.0.0:kHanyuPinyin,kHanyuPinyin,source-attested-unreviewed
睜,yue-HK,zang1,,,false,unicode-unihan-17@17.0.0:kCantonese,kCantonese,source-attested-unreviewed
睜,yue-HK,zaang1,mandarin-mapping:zhēng,,false,unicode-unihan-17@17.0.0:kSMSZD2003Readings,kSMSZD2003Readings,source-attested-unreviewed
睜,zh-Hant-TW,zhēng,,,false,unicode-unihan-17@17.0.0:kMandarin,kMandarin,source-attested-unreviewed
摔,yue-HK,seot1,,,false,unicode-unihan-17@17.0.0:kCantonese,kCantonese,source-attested-unreviewed
摔,zh-Hant-TW,shuāi,,,false,unicode-unihan-17@17.0.0:kMandarin,kMandarin,source-attested-unreviewed
暴,yue-HK,bou6,,,false,unicode-unihan-17@17.0.0:kCantonese,kCantonese,source-attested-unreviewed
暴,yue-HK,buk6,mandarin-mapping:pù,,false,unicode-unihan-17@17.0.0:kSMSZD2003Readings,kSMSZD2003Readings,source-attested-unreviewed
暴,zh-Hant-TW,bào,,,false,unicode-unihan-17@17.0.0:kMandarin,kMandarin,source-attested-unreviewed
暴,zh-Hant-TW,pù,,,false,unicode-unihan-17@17.0.0:kHanyuPinyin,kHanyuPinyin,source-attested-unreviewed
暴,zh-Hant-TW,bó,,,false,unicode-unihan-17@17.0.0:kHanyuPinyin,kHanyuPinyin,source-attested-unreviewed
燦,yue-HK,caan3,,,false,unicode-unihan-17@17.0.0:kCantonese,kCantonese,source-attested-unreviewed
燦,zh-Hant-TW,càn,,,false,unicode-unihan-17@17.0.0:kMandarin,kMandarin,source-attested-unreviewed
餵,yue-HK,wai3,,,false,unicode-unihan-17@17.0.0:kCantonese,kCantonese,source-attested-unreviewed
餵,zh-Hant-TW,wèi,,,false,unicode-unihan-17@17.0.0:kMandarin,kMandarin,source-attested-unreviewed
蟬,yue-HK,sim4,,,false,unicode-unihan-17@17.0.0:kCantonese,kCantonese,source-attested-unreviewed
蟬,zh-Hant-TW,chán,,,false,unicode-unihan-17@17.0.0:kMandarin,kMandarin,source-attested-unreviewed
蟬,zh-Hant-TW,tí,,,false,unicode-unihan-17@17.0.0:kHanyuPinyin,kHanyuPinyin,source-attested-unreviewed
蟬,zh-Hant-TW,shàn,,,false,unicode-unihan-17@17.0.0:kHanyuPinyin,kHanyuPinyin,source-attested-unreviewed
蹲,yue-HK,cyun4,,,false,unicode-unihan-17@17.0.0:kCantonese,kCantonese,source-attested-unreviewed
蹲,yue-HK,deon1,mandarin-mapping:dūn,,false,unicode-unihan-17@17.0.0:kSMSZD2003Readings,kSMSZD2003Readings,source-attested-unreviewed
蹲,zh-Hant-TW,dūn,,,false,unicode-unihan-17@17.0.0:kMandarin,kMandarin,source-attested-unreviewed
蹲,zh-Hant-TW,zún,,,false,unicode-unihan-17@17.0.0:kHanyuPinyin,kHanyuPinyin,source-attested-unreviewed
蹲,zh-Hant-TW,cún,,,false,unicode-unihan-17@17.0.0:kHanyuPinyin,kHanyuPinyin,source-attested-unreviewed
蹲,zh-Hant-TW,zūn,,,false,unicode-unihan-17@17.0.0:kHanyuPinyin,kHanyuPinyin,source-attested-unreviewed
蹲,zh-Hant-TW,cǔn,,,false,unicode-unihan-17@17.0.0:kHanyuPinyin,kHanyuPinyin,source-attested-unreviewed
蹲,zh-Hant-TW,cuán,,,false,unicode-unihan-17@17.0.0:kHanyuPinyin,kHanyuPinyin,source-attested-unreviewed
蹲,zh-Hant-TW,qǔn,,,false,unicode-unihan-17@17.0.0:kHanyuPinyin,kHanyuPinyin,source-attested-unreviewed
懸,yue-HK,jyun4,,,false,unicode-unihan-17@17.0.0:kCantonese,kCantonese,source-attested-unreviewed
懸,zh-Hant-TW,xuán,,,false,unicode-unihan-17@17.0.0:kMandarin,kMandarin,source-attested-unreviewed
籬,yue-HK,lei4,,,false,unicode-unihan-17@17.0.0:kCantonese,kCantonese,source-attested-unreviewed
籬,yue-HK,lei1,mandarin-mapping:li,,false,unicode-unihan-17@17.0.0:kSMSZD2003Readings,kSMSZD2003Readings,source-attested-unreviewed
籬,zh-Hant-TW,lí,,,false,unicode-unihan-17@17.0.0:kMandarin,kMandarin,source-attested-unreviewed
甩,yue-HK,lat1,,,false,unicode-unihan-17@17.0.0:kCantonese,kCantonese,source-attested-unreviewed
甩,zh-Hant-TW,shuǎi,,,false,unicode-unihan-17@17.0.0:kMandarin,kMandarin,source-attested-unreviewed
乒,yue-HK,bing1,,,false,unicode-unihan-17@17.0.0:kCantonese,kCantonese,source-attested-unreviewed
乒,yue-HK,ping1,mandarin-mapping:pīng,,false,unicode-unihan-17@17.0.0:kSMSZD2003Readings,kSMSZD2003Readings,source-attested-unreviewed
乒,zh-Hant-TW,pīng,,,false,unicode-unihan-17@17.0.0:kMandarin,kMandarin,source-attested-unreviewed
乓,yue-HK,bam1,,,false,unicode-unihan-17@17.0.0:kCantonese,kCantonese,source-attested-unreviewed
乓,yue-HK,pong1,mandarin-mapping:pāng,,false,unicode-unihan-17@17.0.0:kSMSZD2003Readings,kSMSZD2003Readings,source-attested-unreviewed
乓,zh-Hant-TW,pāng,,,false,unicode-unihan-17@17.0.0:kMandarin,kMandarin,source-attested-unreviewed
肌,yue-HK,gei1,,,false,unicode-unihan-17@17.0.0:kCantonese,kCantonese,source-attested-unreviewed
肌,zh-Hant-TW,jī,,,false,unicode-unihan-17@17.0.0:kMandarin,kMandarin,source-attested-unreviewed
肌,zh-Hant-TW,jì,,,false,unicode-unihan-17@17.0.0:kHanyuPinyin,kHanyuPinyin,source-attested-unreviewed
坊,yue-HK,fong1,,,false,unicode-unihan-17@17.0.0:kCantonese,kCantonese,source-attested-unreviewed
坊,yue-HK,fong4,mandarin-mapping:fáng,,false,unicode-unihan-17@17.0.0:kSMSZD2003Readings,kSMSZD2003Readings,source-attested-unreviewed
坊,zh-Hant-TW,fāng,,,false,unicode-unihan-17@17.0.0:kMandarin,kMandarin,source-attested-unreviewed
坊,zh-Hant-TW,fang,attested-count:11,,false,unicode-unihan-17@17.0.0:kHanyuPinlu,kHanyuPinlu,source-attested-unreviewed
坊,zh-Hant-TW,fáng,,,false,unicode-unihan-17@17.0.0:kHanyuPinyin,kHanyuPinyin,source-attested-unreviewed
夾,yue-HK,gaap3,,,false,unicode-unihan-17@17.0.0:kCantonese,kCantonese,source-attested-unreviewed
夾,zh-Hant-TW,jiā,,,false,unicode-unihan-17@17.0.0:kMandarin,kMandarin,source-attested-unreviewed
夾,zh-Hant-TW,jiá,attested-count:23,,false,unicode-unihan-17@17.0.0:kHanyuPinlu,kHanyuPinlu,source-attested-unreviewed
夾,zh-Hant-TW,xié,,,false,unicode-unihan-17@17.0.0:kHanyuPinyin,kHanyuPinyin,source-attested-unreviewed
夾,zh-Hant-TW,xiá,,,false,unicode-unihan-17@17.0.0:kHanyuPinyin,kHanyuPinyin,source-attested-unreviewed
夾,zh-Hant-TW,gā,,,false,unicode-unihan-17@17.0.0:kHanyuPinyin,kHanyuPinyin,source-attested-unreviewed
扯,yue-HK,ce2,,,false,unicode-unihan-17@17.0.0:kCantonese,kCantonese,source-attested-unreviewed
扯,zh-Hant-TW,chě,,,false,unicode-unihan-17@17.0.0:kMandarin,kMandarin,source-attested-unreviewed
扯,zh-Hant-TW,che,attested-count:14,,false,unicode-unihan-17@17.0.0:kHanyuPinlu,kHanyuPinlu,source-attested-unreviewed
庚,yue-HK,gang1,,,false,unicode-unihan-17@17.0.0:kCantonese,kCantonese,source-attested-unreviewed
庚,zh-Hant-TW,gēng,,,false,unicode-unihan-17@17.0.0:kMandarin,kMandarin,source-attested-unreviewed
拐,yue-HK,gwaai2,,,false,unicode-unihan-17@17.0.0:kCantonese,kCantonese,source-attested-unreviewed
拐,zh-Hant-TW,guǎi,,,false,unicode-unihan-17@17.0.0:kMandarin,kMandarin,source-attested-unreviewed
舍,yue-HK,se3,,,false,unicode-unihan-17@17.0.0:kCantonese,kCantonese,source-attested-unreviewed
舍,zh-Hant-TW,shě,,,false,unicode-unihan-17@17.0.0:kMandarin,kMandarin,source-attested-unreviewed
舍,zh-Hant-TW,shè,,,false,unicode-unihan-17@17.0.0:kMandarin,kMandarin,source-attested-unreviewed
舍,zh-Hant-TW,shì,,,false,unicode-unihan-17@17.0.0:kHanyuPinyin,kHanyuPinyin,source-attested-unreviewed
阻,yue-HK,zo2,,,false,unicode-unihan-17@17.0.0:kCantonese,kCantonese,source-attested-unreviewed
阻,zh-Hant-TW,zǔ,,,false,unicode-unihan-17@17.0.0:kMandarin,kMandarin,source-attested-unreviewed
阻,zh-Hant-TW,zhù,,,false,unicode-unihan-17@17.0.0:kHanyuPinyin,kHanyuPinyin,source-attested-unreviewed
炸,yue-HK,zaa3,,,false,unicode-unihan-17@17.0.0:kCantonese,kCantonese,source-attested-unreviewed
炸,zh-Hant-TW,zhà,,,false,unicode-unihan-17@17.0.0:kMandarin,kMandarin,source-attested-unreviewed
炸,zh-Hant-TW,zhá,,,false,unicode-unihan-17@17.0.0:kHanyuPinyin,kHanyuPinyin,source-attested-unreviewed
韋,yue-HK,wai4,,,false,unicode-unihan-17@17.0.0:kCantonese,kCantonese,source-attested-unreviewed
韋,yue-HK,wai5,mandarin-mapping:wéi,,false,unicode-unihan-17@17.0.0:kSMSZD2003Readings,kSMSZD2003Readings,source-attested-unreviewed
韋,zh-Hant-TW,wéi,,,false,unicode-unihan-17@17.0.0:kMandarin,kMandarin,source-attested-unreviewed
韋,zh-Hant-TW,huí,,,false,unicode-unihan-17@17.0.0:kHanyuPinyin,kHanyuPinyin,source-attested-unreviewed
核,yue-HK,hat6,,,false,unicode-unihan-17@17.0.0:kCantonese,kCantonese,source-attested-unreviewed
核,yue-HK,wat6,mandarin-mapping:hú,,false,unicode-unihan-17@17.0.0:kSMSZD2003Readings,kSMSZD2003Readings,source-attested-unreviewed
核,zh-Hant-TW,hé,,,false,unicode-unihan-17@17.0.0:kMandarin,kMandarin,source-attested-unreviewed
核,zh-Hant-TW,gāi,,,false,unicode-unihan-17@17.0.0:kHanyuPinyin,kHanyuPinyin,source-attested-unreviewed
核,zh-Hant-TW,kài,,,false,unicode-unihan-17@17.0.0:kHanyuPinyin,kHanyuPinyin,source-attested-unreviewed
悠,yue-HK,jau4,,,false,unicode-unihan-17@17.0.0:kCantonese,kCantonese,source-attested-unreviewed
悠,zh-Hant-TW,yōu,,,false,unicode-unihan-17@17.0.0:kMandarin,kMandarin,source-attested-unreviewed
喔,yue-HK,ak1,,,false,unicode-unihan-17@17.0.0:kCantonese,kCantonese,source-attested-unreviewed
喔,yue-HK,aak1,mandarin-mapping:wō,,false,unicode-unihan-17@17.0.0:kSMSZD2003Readings,kSMSZD2003Readings,source-attested-unreviewed
喔,yue-HK,o1,mandarin-mapping:ō,,false,unicode-unihan-17@17.0.0:kSMSZD2003Readings,kSMSZD2003Readings,source-attested-unreviewed
喔,zh-Hant-TW,ō,,,false,unicode-unihan-17@17.0.0:kMandarin,kMandarin,source-attested-unreviewed
喔,zh-Hant-TW,wō,,,false,unicode-unihan-17@17.0.0:kHanyuPinyin,kHanyuPinyin,source-attested-unreviewed
喔,zh-Hant-TW,wū,,,false,unicode-unihan-17@17.0.0:kHanyuPinyin,kHanyuPinyin,source-attested-unreviewed
喔,zh-Hant-TW,o,,,false,unicode-unihan-17@17.0.0:kHanyuPinyin,kHanyuPinyin,source-attested-unreviewed
寓,yue-HK,jyu6,,,false,unicode-unihan-17@17.0.0:kCantonese,kCantonese,source-attested-unreviewed
寓,zh-Hant-TW,yù,,,false,unicode-unihan-17@17.0.0:kMandarin,kMandarin,source-attested-unreviewed
飲,yue-HK,jam2,,,false,unicode-unihan-17@17.0.0:kCantonese,kCantonese,source-attested-unreviewed
飲,zh-Hant-TW,yǐn,,,false,unicode-unihan-17@17.0.0:kMandarin,kMandarin,source-attested-unreviewed
飲,zh-Hant-TW,yìn,,,false,unicode-unihan-17@17.0.0:kHanyuPinyin,kHanyuPinyin,source-attested-unreviewed
損,yue-HK,syun2,,,false,unicode-unihan-17@17.0.0:kCantonese,kCantonese,source-attested-unreviewed
損,zh-Hant-TW,sǔn,,,false,unicode-unihan-17@17.0.0:kMandarin,kMandarin,source-attested-unreviewed
滬,yue-HK,wu6,,,false,unicode-unihan-17@17.0.0:kCantonese,kCantonese,source-attested-unreviewed
滬,zh-Hant-TW,hù,,,false,unicode-unihan-17@17.0.0:kMandarin,kMandarin,source-attested-unreviewed
槳,yue-HK,zoeng2,,,false,unicode-unihan-17@17.0.0:kCantonese,kCantonese,source-attested-unreviewed
槳,zh-Hant-TW,jiǎng,,,false,unicode-unihan-17@17.0.0:kMandarin,kMandarin,source-attested-unreviewed
槳,zh-Hant-TW,jiāng,,,false,unicode-unihan-17@17.0.0:kHanyuPinyin,kHanyuPinyin,source-attested-unreviewed
蓮,yue-HK,lin4,,,false,unicode-unihan-17@17.0.0:kCantonese,kCantonese,source-attested-unreviewed
蓮,zh-Hant-TW,lián,,,false,unicode-unihan-17@17.0.0:kMandarin,kMandarin,source-attested-unreviewed
蓮,zh-Hant-TW,liǎn,,,false,unicode-unihan-17@17.0.0:kHanyuPinyin,kHanyuPinyin,source-attested-unreviewed
壇,yue-HK,taan4,,,false,unicode-unihan-17@17.0.0:kCantonese,kCantonese,source-attested-unreviewed
壇,zh-Hant-TW,tán,,,false,unicode-unihan-17@17.0.0:kMandarin,kMandarin,source-attested-unreviewed
壇,zh-Hant-TW,shàn,,,false,unicode-unihan-17@17.0.0:kHanyuPinyin,kHanyuPinyin,source-attested-unreviewed
壇,zh-Hant-TW,dàn,,,false,unicode-unihan-17@17.0.0:kHanyuPinyin,kHanyuPinyin,source-attested-unreviewed
壇,zh-Hant-TW,tǎn,,,false,unicode-unihan-17@17.0.0:kHanyuPinyin,kHanyuPinyin,source-attested-unreviewed
聶,yue-HK,nip6,,,false,unicode-unihan-17@17.0.0:kCantonese,kCantonese,source-attested-unreviewed
聶,zh-Hant-TW,niè,,,false,unicode-unihan-17@17.0.0:kMandarin,kMandarin,source-attested-unreviewed
聶,zh-Hant-TW,zhé,,,false,unicode-unihan-17@17.0.0:kHanyuPinyin,kHanyuPinyin,source-attested-unreviewed
聶,zh-Hant-TW,shè,,,false,unicode-unihan-17@17.0.0:kHanyuPinyin,kHanyuPinyin,source-attested-unreviewed
聶,zh-Hant-TW,yè,,,false,unicode-unihan-17@17.0.0:kHanyuPinyin,kHanyuPinyin,source-attested-unreviewed
扣,yue-HK,kau3,,,false,unicode-unihan-17@17.0.0:kCantonese,kCantonese,source-attested-unreviewed
扣,zh-Hant-TW,kòu,,,false,unicode-unihan-17@17.0.0:kMandarin,kMandarin,source-attested-unreviewed
坦,yue-HK,taan2,,,false,unicode-unihan-17@17.0.0:kCantonese,kCantonese,source-attested-unreviewed
坦,zh-Hant-TW,tǎn,,,false,unicode-unihan-17@17.0.0:kMandarin,kMandarin,source-attested-unreviewed
姓,yue-HK,sing3,,,false,unicode-unihan-17@17.0.0:kCantonese,kCantonese,source-attested-unreviewed
姓,zh-Hant-TW,xìng,,,false,unicode-unihan-17@17.0.0:kMandarin,kMandarin,source-attested-unreviewed
姓,zh-Hant-TW,shēng,,,false,unicode-unihan-17@17.0.0:kHanyuPinyin,kHanyuPinyin,source-attested-unreviewed
孤,yue-HK,gu1,,,false,unicode-unihan-17@17.0.0:kCantonese,kCantonese,source-attested-unreviewed
孤,zh-Hant-TW,gū,,,false,unicode-unihan-17@17.0.0:kMandarin,kMandarin,source-attested-unreviewed
彼,yue-HK,bei2,,,false,unicode-unihan-17@17.0.0:kCantonese,kCantonese,source-attested-unreviewed
彼,zh-Hant-TW,bǐ,,,false,unicode-unihan-17@17.0.0:kMandarin,kMandarin,source-attested-unreviewed
炎,yue-HK,jim4,,,false,unicode-unihan-17@17.0.0:kCantonese,kCantonese,source-attested-unreviewed
炎,zh-Hant-TW,yán,,,false,unicode-unihan-17@17.0.0:kMandarin,kMandarin,source-attested-unreviewed
炎,zh-Hant-TW,yàn,,,false,unicode-unihan-17@17.0.0:kHanyuPinyin,kHanyuPinyin,source-attested-unreviewed
炎,zh-Hant-TW,tán,,,false,unicode-unihan-17@17.0.0:kHanyuPinyin,kHanyuPinyin,source-attested-unreviewed
茄,yue-HK,ke2,,,false,unicode-unihan-17@17.0.0:kCantonese,kCantonese,source-attested-unreviewed
茄,yue-HK,gaa1,mandarin-mapping:jiā,,false,unicode-unihan-17@17.0.0:kSMSZD2003Readings,kSMSZD2003Readings,source-attested-unreviewed
茄,zh-Hant-TW,jiā,,,false,unicode-unihan-17@17.0.0:kMandarin,kMandarin,source-attested-unreviewed
茄,zh-Hant-TW,qié,,,false,unicode-unihan-17@17.0.0:kHanyuPinyin,kHanyuPinyin,source-attested-unreviewed
捏,yue-HK,nip6,,,false,unicode-unihan-17@17.0.0:kCantonese,kCantonese,source-attested-unreviewed
捏,zh-Hant-TW,niē,,,false,unicode-unihan-17@17.0.0:kMandarin,kMandarin,source-attested-unreviewed
純,yue-HK,seon4,,,false,unicode-unihan-17@17.0.0:kCantonese,kCantonese,source-attested-unreviewed
純,zh-Hant-TW,chún,,,false,unicode-unihan-17@17.0.0:kMandarin,kMandarin,source-attested-unreviewed
純,zh-Hant-TW,zhǔn,,,false,unicode-unihan-17@17.0.0:kHanyuPinyin,kHanyuPinyin,source-attested-unreviewed
純,zh-Hant-TW,tún,,,false,unicode-unihan-17@17.0.0:kHanyuPinyin,kHanyuPinyin,source-attested-unreviewed
純,zh-Hant-TW,quán,,,false,unicode-unihan-17@17.0.0:kHanyuPinyin,kHanyuPinyin,source-attested-unreviewed
純,zh-Hant-TW,zī,,,false,unicode-unihan-17@17.0.0:kHanyuPinyin,kHanyuPinyin,source-attested-unreviewed
純,zh-Hant-TW,zhūn,,,false,unicode-unihan-17@17.0.0:kHanyuPinyin,kHanyuPinyin,source-attested-unreviewed
授,yue-HK,sau6,,,false,unicode-unihan-17@17.0.0:kCantonese,kCantonese,source-attested-unreviewed
授,zh-Hant-TW,shòu,,,false,unicode-unihan-17@17.0.0:kMandarin,kMandarin,source-attested-unreviewed
械,yue-HK,haai6,,,false,unicode-unihan-17@17.0.0:kCantonese,kCantonese,source-attested-unreviewed
械,zh-Hant-TW,xiè,,,false,unicode-unihan-17@17.0.0:kMandarin,kMandarin,source-attested-unreviewed
淋,yue-HK,lam4,,,false,unicode-unihan-17@17.0.0:kCantonese,kCantonese,source-attested-unreviewed
淋,yue-HK,lam6,mandarin-mapping:lìn,,false,unicode-unihan-17@17.0.0:kSMSZD2003Readings,kSMSZD2003Readings,source-attested-unreviewed
淋,zh-Hant-TW,lín,,,false,unicode-unihan-17@17.0.0:kMandarin,kMandarin,source-attested-unreviewed
淋,zh-Hant-TW,lìn,,,false,unicode-unihan-17@17.0.0:kHanyuPinyin,kHanyuPinyin,source-attested-unreviewed
堡,yue-HK,bou2,,,false,unicode-unihan-17@17.0.0:kCantonese,kCantonese,source-attested-unreviewed
堡,yue-HK,pou3,mandarin-mapping:pù,,false,unicode-unihan-17@17.0.0:kSMSZD2003Readings,kSMSZD2003Readings,source-attested-unreviewed
堡,zh-Hant-TW,bǎo,,,false,unicode-unihan-17@17.0.0:kMandarin,kMandarin,source-attested-unreviewed
堡,zh-Hant-TW,bǔ,,,false,unicode-unihan-17@17.0.0:kHanyuPinyin,kHanyuPinyin,source-attested-unreviewed
堡,zh-Hant-TW,pù,,,false,unicode-unihan-17@17.0.0:kHanyuPinyin,kHanyuPinyin,source-attested-unreviewed
塘,yue-HK,tong4,,,false,unicode-unihan-17@17.0.0:kCantonese,kCantonese,source-attested-unreviewed
塘,zh-Hant-TW,táng,,,false,unicode-unihan-17@17.0.0:kMandarin,kMandarin,source-attested-unreviewed
葵,yue-HK,kwai4,,,false,unicode-unihan-17@17.0.0:kCantonese,kCantonese,source-attested-unreviewed
葵,zh-Hant-TW,kuí,,,false,unicode-unihan-17@17.0.0:kMandarin,kMandarin,source-attested-unreviewed
裕,yue-HK,jyu6,,,false,unicode-unihan-17@17.0.0:kCantonese,kCantonese,source-attested-unreviewed
裕,zh-Hant-TW,yù,,,false,unicode-unihan-17@17.0.0:kMandarin,kMandarin,source-attested-unreviewed
碳,yue-HK,taan3,,,false,unicode-unihan-17@17.0.0:kCantonese,kCantonese,source-attested-unreviewed
碳,zh-Hant-TW,tàn,,,false,unicode-unihan-17@17.0.0:kMandarin,kMandarin,source-attested-unreviewed
潛,yue-HK,cim4,,,false,unicode-unihan-17@17.0.0:kCantonese,kCantonese,source-attested-unreviewed
潛,zh-Hant-TW,qián,,,false,unicode-unihan-17@17.0.0:kMandarin,kMandarin,source-attested-unreviewed
瘦,yue-HK,sau3,,,false,unicode-unihan-17@17.0.0:kCantonese,kCantonese,source-attested-unreviewed
瘦,zh-Hant-TW,shòu,,,false,unicode-unihan-17@17.0.0:kMandarin,kMandarin,source-attested-unreviewed
鄧,yue-HK,dang6,,,false,unicode-unihan-17@17.0.0:kCantonese,kCantonese,source-attested-unreviewed
鄧,zh-Hant-TW,dèng,,,false,unicode-unihan-17@17.0.0:kMandarin,kMandarin,source-attested-unreviewed
駕,yue-HK,gaa3,,,false,unicode-unihan-17@17.0.0:kCantonese,kCantonese,source-attested-unreviewed
駕,zh-Hant-TW,jià,,,false,unicode-unihan-17@17.0.0:kMandarin,kMandarin,source-attested-unreviewed
駕,zh-Hant-TW,jiā,,,false,unicode-unihan-17@17.0.0:kHanyuPinyin,kHanyuPinyin,source-attested-unreviewed
融,yue-HK,jung4,,,false,unicode-unihan-17@17.0.0:kCantonese,kCantonese,source-attested-unreviewed
融,zh-Hant-TW,róng,,,false,unicode-unihan-17@17.0.0:kMandarin,kMandarin,source-attested-unreviewed
賴,yue-HK,laai6,,,false,unicode-unihan-17@17.0.0:kCantonese,kCantonese,source-attested-unreviewed
賴,zh-Hant-TW,lài,,,false,unicode-unihan-17@17.0.0:kMandarin,kMandarin,source-attested-unreviewed
勵,yue-HK,lai6,,,false,unicode-unihan-17@17.0.0:kCantonese,kCantonese,source-attested-unreviewed
勵,zh-Hant-TW,lì,,,false,unicode-unihan-17@17.0.0:kMandarin,kMandarin,source-attested-unreviewed
鷗,yue-HK,au1,,,false,unicode-unihan-17@17.0.0:kCantonese,kCantonese,source-attested-unreviewed
鷗,zh-Hant-TW,ōu,,,false,unicode-unihan-17@17.0.0:kMandarin,kMandarin,source-attested-unreviewed
冊,yue-HK,caak3,,,false,unicode-unihan-17@17.0.0:kCantonese,kCantonese,source-attested-unreviewed
冊,zh-Hant-TW,cè,,,false,unicode-unihan-17@17.0.0:kMandarin,kMandarin,source-attested-unreviewed
吊,yue-HK,diu3,,,false,unicode-unihan-17@17.0.0:kCantonese,kCantonese,source-attested-unreviewed
吊,zh-Hant-TW,diào,,,false,unicode-unihan-17@17.0.0:kMandarin,kMandarin,source-attested-unreviewed
伽,yue-HK,gaa1,,,false,unicode-unihan-17@17.0.0:kCantonese,kCantonese,source-attested-unreviewed
伽,yue-HK,ke4,mandarin-mapping:qié,,false,unicode-unihan-17@17.0.0:kSMSZD2003Readings,kSMSZD2003Readings,source-attested-unreviewed
伽,zh-Hant-TW,jiā,,,false,unicode-unihan-17@17.0.0:kMandarin,kMandarin,source-attested-unreviewed
伽,zh-Hant-TW,qié,,,false,unicode-unihan-17@17.0.0:kHanyuPinyin,kHanyuPinyin,source-attested-unreviewed
伽,zh-Hant-TW,gā,,,false,unicode-unihan-17@17.0.0:kHanyuPinyin,kHanyuPinyin,source-attested-unreviewed
刨,yue-HK,paau4,,,false,unicode-unihan-17@17.0.0:kCantonese,kCantonese,source-attested-unreviewed
刨,zh-Hant-TW,páo,,,false,unicode-unihan-17@17.0.0:kMandarin,kMandarin,source-attested-unreviewed
刨,zh-Hant-TW,bào,,,false,unicode-unihan-17@17.0.0:kHanyuPinyin,kHanyuPinyin,source-attested-unreviewed
抒,yue-HK,syu1,,,false,unicode-unihan-17@17.0.0:kCantonese,kCantonese,source-attested-unreviewed
抒,zh-Hant-TW,shū,,,false,unicode-unihan-17@17.0.0:kMandarin,kMandarin,source-attested-unreviewed
弧,yue-HK,wu4,,,false,unicode-unihan-17@17.0.0:kCantonese,kCantonese,source-attested-unreviewed
弧,zh-Hant-TW,hú,,,false,unicode-unihan-17@17.0.0:kMandarin,kMandarin,source-attested-unreviewed
哺,yue-HK,bou6,,,false,unicode-unihan-17@17.0.0:kCantonese,kCantonese,source-attested-unreviewed
哺,zh-Hant-TW,bǔ,,,false,unicode-unihan-17@17.0.0:kMandarin,kMandarin,source-attested-unreviewed
哺,zh-Hant-TW,bū,,,false,unicode-unihan-17@17.0.0:kHanyuPinyin,kHanyuPinyin,source-attested-unreviewed
哺,zh-Hant-TW,fǔ,,,false,unicode-unihan-17@17.0.0:kHanyuPinyin,kHanyuPinyin,source-attested-unreviewed
框,yue-HK,kwaang1,,,false,unicode-unihan-17@17.0.0:kCantonese,kCantonese,source-attested-unreviewed
框,yue-HK,hong1,mandarin-mapping:kuàng,,false,unicode-unihan-17@17.0.0:kSMSZD2003Readings,kSMSZD2003Readings,source-attested-unreviewed
框,zh-Hant-TW,kuàng,,,false,unicode-unihan-17@17.0.0:kMandarin,kMandarin,source-attested-unreviewed
框,zh-Hant-TW,kuāng,,,false,unicode-unihan-17@17.0.0:kMandarin,kMandarin,source-attested-unreviewed
框,zh-Hant-TW,kuáng,,,false,unicode-unihan-17@17.0.0:kHanyuPinyin,kHanyuPinyin,source-attested-unreviewed
桂,yue-HK,gwai3,,,false,unicode-unihan-17@17.0.0:kCantonese,kCantonese,source-attested-unreviewed
桂,zh-Hant-TW,guì,,,false,unicode-unihan-17@17.0.0:kMandarin,kMandarin,source-attested-unreviewed
烘,yue-HK,hung3,,,false,unicode-unihan-17@17.0.0:kCantonese,kCantonese,source-attested-unreviewed
烘,yue-HK,hung1,mandarin-mapping:hōng,,false,unicode-unihan-17@17.0.0:kSMSZD2003Readings,kSMSZD2003Readings,source-attested-unreviewed
烘,zh-Hant-TW,hōng,,,false,unicode-unihan-17@17.0.0:kMandarin,kMandarin,source-attested-unreviewed
脆,yue-HK,ceoi3,,,false,unicode-unihan-17@17.0.0:kCantonese,kCantonese,source-attested-unreviewed
脆,zh-Hant-TW,cuì,,,false,unicode-unihan-17@17.0.0:kMandarin,kMandarin,source-attested-unreviewed
脊,yue-HK,zik3,,,false,unicode-unihan-17@17.0.0:kCantonese,kCantonese,source-attested-unreviewed
脊,yue-HK,zek3,mandarin-mapping:jǐ,,false,unicode-unihan-17@17.0.0:kSMSZD2003Readings,kSMSZD2003Readings,source-attested-unreviewed
脊,zh-Hant-TW,jǐ,,,false,unicode-unihan-17@17.0.0:kMandarin,kMandarin,source-attested-unreviewed
脊,zh-Hant-TW,jí,attested-count:38,,false,unicode-unihan-17@17.0.0:kHanyuPinlu,kHanyuPinlu,source-attested-unreviewed
啄,yue-HK,doek3,,,false,unicode-unihan-17@17.0.0:kCantonese,kCantonese,source-attested-unreviewed
啄,zh-Hant-TW,zhuó,,,false,unicode-unihan-17@17.0.0:kMandarin,kMandarin,source-attested-unreviewed
啄,zh-Hant-TW,zhòu,,,false,unicode-unihan-17@17.0.0:kHanyuPinyin,kHanyuPinyin,source-attested-unreviewed
帳,yue-HK,zoeng3,,,false,unicode-unihan-17@17.0.0:kCantonese,kCantonese,source-attested-unreviewed
帳,zh-Hant-TW,zhàng,,,false,unicode-unihan-17@17.0.0:kMandarin,kMandarin,source-attested-unreviewed
曹,yue-HK,cou4,,,false,unicode-unihan-17@17.0.0:kCantonese,kCantonese,source-attested-unreviewed
曹,zh-Hant-TW,cáo,,,false,unicode-unihan-17@17.0.0:kMandarin,kMandarin,source-attested-unreviewed
袖,yue-HK,zau6,,,false,unicode-unihan-17@17.0.0:kCantonese,kCantonese,source-attested-unreviewed
袖,zh-Hant-TW,xiù,,,false,unicode-unihan-17@17.0.0:kMandarin,kMandarin,source-attested-unreviewed
喘,yue-HK,cyun2,,,false,unicode-unihan-17@17.0.0:kCantonese,kCantonese,source-attested-unreviewed
喘,zh-Hant-TW,chuǎn,,,false,unicode-unihan-17@17.0.0:kMandarin,kMandarin,source-attested-unreviewed
棚,yue-HK,paang4,,,false,unicode-unihan-17@17.0.0:kCantonese,kCantonese,source-attested-unreviewed
棚,zh-Hant-TW,péng,,,false,unicode-unihan-17@17.0.0:kMandarin,kMandarin,source-attested-unreviewed
棚,zh-Hant-TW,peng,attested-count:14,,false,unicode-unihan-17@17.0.0:kHanyuPinlu,kHanyuPinlu,source-attested-unreviewed
嗯,yue-HK,ng6,,,false,unicode-unihan-17@17.0.0:kCantonese,kCantonese,source-attested-unreviewed
嗯,yue-HK,ng2,"mandarin-mapping:ń,ńg",,false,unicode-unihan-17@17.0.0:kSMSZD2003Readings,kSMSZD2003Readings,source-attested-unreviewed
嗯,zh-Hant-TW,ǹg,,,false,unicode-unihan-17@17.0.0:kMandarin,kMandarin,source-attested-unreviewed
嗯,zh-Hant-TW,en,,,false,unicode-unihan-17@17.0.0:kMandarin,kMandarin,source-attested-unreviewed
嗯,zh-Hant-TW,ń,attested-count:48,,false,unicode-unihan-17@17.0.0:kHanyuPinlu,kHanyuPinlu,source-attested-unreviewed
嗯,zh-Hant-TW,ň,attested-count:48,,false,unicode-unihan-17@17.0.0:kHanyuPinlu,kHanyuPinlu,source-attested-unreviewed
嗯,zh-Hant-TW,ǹ,attested-count:48,,false,unicode-unihan-17@17.0.0:kHanyuPinlu,kHanyuPinlu,source-attested-unreviewed
嗯,zh-Hant-TW,ńg,attested-count:48,,false,unicode-unihan-17@17.0.0:kHanyuPinlu,kHanyuPinlu,source-attested-unreviewed
嗯,zh-Hant-TW,ňg,attested-count:48,,false,unicode-unihan-17@17.0.0:kHanyuPinlu,kHanyuPinlu,source-attested-unreviewed
跺,yue-HK,do2,,,false,unicode-unihan-17@17.0.0:kCantonese,kCantonese,source-attested-unreviewed
跺,zh-Hant-TW,duò,,,false,unicode-unihan-17@17.0.0:kMandarin,kMandarin,source-attested-unreviewed
逼,yue-HK,bik1,,,false,unicode-unihan-17@17.0.0:kCantonese,kCantonese,source-attested-unreviewed
逼,zh-Hant-TW,bī,,,false,unicode-unihan-17@17.0.0:kMandarin,kMandarin,source-attested-unreviewed
頌,yue-HK,zung6,,,false,unicode-unihan-17@17.0.0:kCantonese,kCantonese,source-attested-unreviewed
頌,zh-Hant-TW,sòng,,,false,unicode-unihan-17@17.0.0:kMandarin,kMandarin,source-attested-unreviewed
頌,zh-Hant-TW,róng,,,false,unicode-unihan-17@17.0.0:kHanyuPinyin,kHanyuPinyin,source-attested-unreviewed
榜,yue-HK,bong2,,,false,unicode-unihan-17@17.0.0:kCantonese,kCantonese,source-attested-unreviewed
榜,zh-Hant-TW,bǎng,,,false,unicode-unihan-17@17.0.0:kMandarin,kMandarin,source-attested-unreviewed
榜,zh-Hant-TW,bēng,,,false,unicode-unihan-17@17.0.0:kHanyuPinyin,kHanyuPinyin,source-attested-unreviewed
榜,zh-Hant-TW,bàng,,,false,unicode-unihan-17@17.0.0:kHanyuPinyin,kHanyuPinyin,source-attested-unreviewed
榜,zh-Hant-TW,páng,,,false,unicode-unihan-17@17.0.0:kHanyuPinyin,kHanyuPinyin,source-attested-unreviewed
誌,yue-HK,zi3,,,false,unicode-unihan-17@17.0.0:kCantonese,kCantonese,source-attested-unreviewed
誌,zh-Hant-TW,zhì,,,false,unicode-unihan-17@17.0.0:kMandarin,kMandarin,source-attested-unreviewed
慰,yue-HK,wai3,,,false,unicode-unihan-17@17.0.0:kCantonese,kCantonese,source-attested-unreviewed
慰,zh-Hant-TW,wèi,,,false,unicode-unihan-17@17.0.0:kMandarin,kMandarin,source-attested-unreviewed
餓,yue-HK,ngo6,,,false,unicode-unihan-17@17.0.0:kCantonese,kCantonese,source-attested-unreviewed
餓,zh-Hant-TW,è,,,false,unicode-unihan-17@17.0.0:kMandarin,kMandarin,source-attested-unreviewed
盧,yue-HK,lou4,,,false,unicode-unihan-17@17.0.0:kCantonese,kCantonese,source-attested-unreviewed
盧,zh-Hant-TW,lú,,,false,unicode-unihan-17@17.0.0:kMandarin,kMandarin,source-attested-unreviewed
盧,zh-Hant-TW,lǘ,,,false,unicode-unihan-17@17.0.0:kHanyuPinyin,kHanyuPinyin,source-attested-unreviewed
盧,zh-Hant-TW,léi,,,false,unicode-unihan-17@17.0.0:kHanyuPinyin,kHanyuPinyin,source-attested-unreviewed
遼,yue-HK,liu4,,,false,unicode-unihan-17@17.0.0:kCantonese,kCantonese,source-attested-unreviewed
遼,zh-Hant-TW,liáo,,,false,unicode-unihan-17@17.0.0:kMandarin,kMandarin,source-attested-unreviewed
遺,yue-HK,wai4,,,false,unicode-unihan-17@17.0.0:kCantonese,kCantonese,source-attested-unreviewed
遺,yue-HK,wai6,mandarin-mapping:wèi,,false,unicode-unihan-17@17.0.0:kSMSZD2003Readings,kSMSZD2003Readings,source-attested-unreviewed
遺,zh-Hant-TW,yí,,,false,unicode-unihan-17@17.0.0:kMandarin,kMandarin,source-attested-unreviewed
遺,zh-Hant-TW,wèi,,,false,unicode-unihan-17@17.0.0:kHanyuPinyin,kHanyuPinyin,source-attested-unreviewed
遺,zh-Hant-TW,suí,,,false,unicode-unihan-17@17.0.0:kHanyuPinyin,kHanyuPinyin,source-attested-unreviewed
灌,yue-HK,gun3,,,false,unicode-unihan-17@17.0.0:kCantonese,kCantonese,source-attested-unreviewed
灌,zh-Hant-TW,guàn,,,false,unicode-unihan-17@17.0.0:kMandarin,kMandarin,source-attested-unreviewed
灌,zh-Hant-TW,huàn,,,false,unicode-unihan-17@17.0.0:kHanyuPinyin,kHanyuPinyin,source-attested-unreviewed
犧,yue-HK,hei1,,,false,unicode-unihan-17@17.0.0:kCantonese,kCantonese,source-attested-unreviewed
犧,zh-Hant-TW,xī,,,false,unicode-unihan-17@17.0.0:kMandarin,kMandarin,source-attested-unreviewed
犧,zh-Hant-TW,suō,,,false,unicode-unihan-17@17.0.0:kHanyuPinyin,kHanyuPinyin,source-attested-unreviewed
蔔,yue-HK,baak6,,,false,unicode-unihan-17@17.0.0:kCantonese,kCantonese,source-attested-unreviewed
蔔,zh-Hant-TW,bó,,,false,unicode-unihan-17@17.0.0:kMandarin,kMandarin,source-attested-unreviewed
蔔,zh-Hant-TW,bo,,,false,unicode-unihan-17@17.0.0:kHanyuPinyin,kHanyuPinyin,source-attested-unreviewed
丘,yue-HK,jau1,,,false,unicode-unihan-17@17.0.0:kCantonese,kCantonese,source-attested-unreviewed
丘,zh-Hant-TW,qiū,,,false,unicode-unihan-17@17.0.0:kMandarin,kMandarin,source-attested-unreviewed
旦,yue-HK,daan3,,,false,unicode-unihan-17@17.0.0:kCantonese,kCantonese,source-attested-unreviewed
旦,yue-HK,daan2,mandarin-mapping:dàn,,false,unicode-unihan-17@17.0.0:kSMSZD2003Readings,kSMSZD2003Readings,source-attested-unreviewed
旦,zh-Hant-TW,dàn,,,false,unicode-unihan-17@17.0.0:kMandarin,kMandarin,source-attested-unreviewed
旬,yue-HK,ceon4,,,false,unicode-unihan-17@17.0.0:kCantonese,kCantonese,source-attested-unreviewed
旬,zh-Hant-TW,xún,,,false,unicode-unihan-17@17.0.0:kMandarin,kMandarin,source-attested-unreviewed
旬,zh-Hant-TW,jūn,,,false,unicode-unihan-17@17.0.0:kHanyuPinyin,kHanyuPinyin,source-attested-unreviewed
宜,yue-HK,ji4,,,false,unicode-unihan-17@17.0.0:kCantonese,kCantonese,source-attested-unreviewed
宜,zh-Hant-TW,yí,,,false,unicode-unihan-17@17.0.0:kMandarin,kMandarin,source-attested-unreviewed
宜,zh-Hant-TW,yi,attested-count:58,,false,unicode-unihan-17@17.0.0:kHanyuPinlu,kHanyuPinlu,source-attested-unreviewed
枚,yue-HK,mui4,,,false,unicode-unihan-17@17.0.0:kCantonese,kCantonese,source-attested-unreviewed
枚,zh-Hant-TW,méi,,,false,unicode-unihan-17@17.0.0:kMandarin,kMandarin,source-attested-unreviewed
泊,yue-HK,bok6,,,false,unicode-unihan-17@17.0.0:kCantonese,kCantonese,source-attested-unreviewed
泊,zh-Hant-TW,pō,,,false,unicode-unihan-17@17.0.0:kMandarin,kMandarin,source-attested-unreviewed
泊,zh-Hant-TW,bó,attested-count:11,,false,unicode-unihan-17@17.0.0:kHanyuPinlu,kHanyuPinlu,source-attested-unreviewed
泊,zh-Hant-TW,pò,,,false,unicode-unihan-17@17.0.0:kHanyuPinyin,kHanyuPinyin,source-attested-unreviewed
芬,yue-HK,fan1,,,false,unicode-unihan-17@17.0.0:kCantonese,kCantonese,source-attested-unreviewed
芬,zh-Hant-TW,fēn,,,false,unicode-unihan-17@17.0.0:kMandarin,kMandarin,source-attested-unreviewed
返,yue-HK,faan2,,,false,unicode-unihan-17@17.0.0:kCantonese,kCantonese,source-attested-unreviewed
返,zh-Hant-TW,fǎn,,,false,unicode-unihan-17@17.0.0:kMandarin,kMandarin,source-attested-unreviewed
枯,yue-HK,fu1,,,false,unicode-unihan-17@17.0.0:kCantonese,kCantonese,source-attested-unreviewed
枯,zh-Hant-TW,kū,,,false,unicode-unihan-17@17.0.0:kMandarin,kMandarin,source-attested-unreviewed
枯,zh-Hant-TW,gū,,,false,unicode-unihan-17@17.0.0:kHanyuPinyin,kHanyuPinyin,source-attested-unreviewed
郊,yue-HK,gaau1,,,false,unicode-unihan-17@17.0.0:kCantonese,kCantonese,source-attested-unreviewed
郊,zh-Hant-TW,jiāo,,,false,unicode-unihan-17@17.0.0:kMandarin,kMandarin,source-attested-unreviewed
凌,yue-HK,ling4,,,false,unicode-unihan-17@17.0.0:kCantonese,kCantonese,source-attested-unreviewed
凌,zh-Hant-TW,líng,,,false,unicode-unihan-17@17.0.0:kMandarin,kMandarin,source-attested-unreviewed
凌,zh-Hant-TW,lìng,,,false,unicode-unihan-17@17.0.0:kHanyuPinyin,kHanyuPinyin,source-attested-unreviewed
哼,yue-HK,hang1,,,false,unicode-unihan-17@17.0.0:kCantonese,kCantonese,source-attested-unreviewed
哼,yue-HK,hng6,mandarin-mapping:hng,,false,unicode-unihan-17@17.0.0:kSMSZD2003Readings,kSMSZD2003Readings,source-attested-unreviewed
哼,zh-Hant-TW,hēng,,,false,unicode-unihan-17@17.0.0:kMandarin,kMandarin,source-attested-unreviewed
哼,zh-Hant-TW,hng,,,false,unicode-unihan-17@17.0.0:kHanyuPinyin,kHanyuPinyin,source-attested-unreviewed
峽,yue-HK,haap6,,,false,unicode-unihan-17@17.0.0:kCantonese,kCantonese,source-attested-unreviewed
峽,zh-Hant-TW,xiá,,,false,unicode-unihan-17@17.0.0:kMandarin,kMandarin,source-attested-unreviewed
紡,yue-HK,fong2,,,false,unicode-unihan-17@17.0.0:kCantonese,kCantonese,source-attested-unreviewed
紡,zh-Hant-TW,fǎng,,,false,unicode-unihan-17@17.0.0:kMandarin,kMandarin,source-attested-unreviewed
紡,zh-Hant-TW,bǎng,,,false,unicode-unihan-17@17.0.0:kHanyuPinyin,kHanyuPinyin,source-attested-unreviewed
紡,zh-Hant-TW,fàng,,,false,unicode-unihan-17@17.0.0:kHanyuPinyin,kHanyuPinyin,source-attested-unreviewed
紗,yue-HK,saa1,,,false,unicode-unihan-17@17.0.0:kCantonese,kCantonese,source-attested-unreviewed
紗,zh-Hant-TW,shā,,,false,unicode-unihan-17@17.0.0:kMandarin,kMandarin,source-attested-unreviewed
紗,zh-Hant-TW,miǎo,,,false,unicode-unihan-17@17.0.0:kHanyuPinyin,kHanyuPinyin,source-attested-unreviewed
掀,yue-HK,hin1,,,false,unicode-unihan-17@17.0.0:kCantonese,kCantonese,source-attested-unreviewed
掀,zh-Hant-TW,xiān,,,false,unicode-unihan-17@17.0.0:kMandarin,kMandarin,source-attested-unreviewed
掀,zh-Hant-TW,hén,,,false,unicode-unihan-17@17.0.0:kHanyuPinyin,kHanyuPinyin,source-attested-unreviewed
紮,yue-HK,zaat3,,,false,unicode-unihan-17@17.0.0:kCantonese,kCantonese,source-attested-unreviewed
紮,zh-Hant-TW,zā,,,false,unicode-unihan-17@17.0.0:kMandarin,kMandarin,source-attested-unreviewed
紮,zh-Hant-TW,zhā,,,false,unicode-unihan-17@17.0.0:kHanyuPinyin,kHanyuPinyin,source-attested-unreviewed
晰,yue-HK,sik1,,,false,unicode-unihan-17@17.0.0:kCantonese,kCantonese,source-attested-unreviewed
晰,zh-Hant-TW,xī,,,false,unicode-unihan-17@17.0.0:kMandarin,kMandarin,source-attested-unreviewed
毀,yue-HK,wai2,,,false,unicode-unihan-17@17.0.0:kCantonese,kCantonese,source-attested-unreviewed
毀,zh-Hant-TW,huǐ,,,false,unicode-unihan-17@17.0.0:kMandarin,kMandarin,source-attested-unreviewed
絹,yue-HK,gyun3,,,false,unicode-unihan-17@17.0.0:kCantonese,kCantonese,source-attested-unreviewed
絹,zh-Hant-TW,juàn,,,false,unicode-unihan-17@17.0.0:kMandarin,kMandarin,source-attested-unreviewed
絹,zh-Hant-TW,xuàn,,,false,unicode-unihan-17@17.0.0:kHanyuPinyin,kHanyuPinyin,source-attested-unreviewed
艇,yue-HK,ting5,,,false,unicode-unihan-17@17.0.0:kCantonese,kCantonese,source-attested-unreviewed
艇,yue-HK,teng5,mandarin-mapping:tǐng,,false,unicode-unihan-17@17.0.0:kSMSZD2003Readings,kSMSZD2003Readings,source-attested-unreviewed
艇,zh-Hant-TW,tǐng,,,false,unicode-unihan-17@17.0.0:kMandarin,kMandarin,source-attested-unreviewed
幣,yue-HK,bai6,,,false,unicode-unihan-17@17.0.0:kCantonese,kCantonese,source-attested-unreviewed
幣,zh-Hant-TW,bì,,,false,unicode-unihan-17@17.0.0:kMandarin,kMandarin,source-attested-unreviewed
漆,yue-HK,cat1,,,false,unicode-unihan-17@17.0.0:kCantonese,kCantonese,source-attested-unreviewed
漆,zh-Hant-TW,qī,,,false,unicode-unihan-17@17.0.0:kMandarin,kMandarin,source-attested-unreviewed
漆,zh-Hant-TW,qiè,,,false,unicode-unihan-17@17.0.0:kHanyuPinyin,kHanyuPinyin,source-attested-unreviewed
餃,yue-HK,gaau2,,,false,unicode-unihan-17@17.0.0:kCantonese,kCantonese,source-attested-unreviewed
餃,zh-Hant-TW,jiǎo,,,false,unicode-unihan-17@17.0.0:kMandarin,kMandarin,source-attested-unreviewed
餃,zh-Hant-TW,jiào,,,false,unicode-unihan-17@17.0.0:kHanyuPinyin,kHanyuPinyin,source-attested-unreviewed
憤,yue-HK,fan5,,,false,unicode-unihan-17@17.0.0:kCantonese,kCantonese,source-attested-unreviewed
憤,zh-Hant-TW,fèn,,,false,unicode-unihan-17@17.0.0:kMandarin,kMandarin,source-attested-unreviewed
賭,yue-HK,dou2,,,false,unicode-unihan-17@17.0.0:kCantonese,kCantonese,source-attested-unreviewed
賭,zh-Hant-TW,dǔ,,,false,unicode-unihan-17@17.0.0:kMandarin,kMandarin,source-attested-unreviewed
踩,yue-HK,caai2,,,false,unicode-unihan-17@17.0.0:kCantonese,kCantonese,source-attested-unreviewed
踩,zh-Hant-TW,cǎi,,,false,unicode-unihan-17@17.0.0:kMandarin,kMandarin,source-attested-unreviewed
踩,zh-Hant-TW,kuí,,,false,unicode-unihan-17@17.0.0:kHanyuPinyin,kHanyuPinyin,source-attested-unreviewed
蕉,yue-HK,ziu1,,,false,unicode-unihan-17@17.0.0:kCantonese,kCantonese,source-attested-unreviewed
蕉,zh-Hant-TW,jiāo,,,false,unicode-unihan-17@17.0.0:kMandarin,kMandarin,source-attested-unreviewed
蕉,zh-Hant-TW,qiáo,,,false,unicode-unihan-17@17.0.0:kHanyuPinyin,kHanyuPinyin,source-attested-unreviewed
蕉,zh-Hant-TW,qiāo,,,false,unicode-unihan-17@17.0.0:kHanyuPinyin,kHanyuPinyin,source-attested-unreviewed
謀,yue-HK,mau4,,,false,unicode-unihan-17@17.0.0:kCantonese,kCantonese,source-attested-unreviewed
謀,zh-Hant-TW,móu,,,false,unicode-unihan-17@17.0.0:kMandarin,kMandarin,source-attested-unreviewed
謀,zh-Hant-TW,mou,attested-count:24,,false,unicode-unihan-17@17.0.0:kHanyuPinlu,kHanyuPinlu,source-attested-unreviewed
爍,yue-HK,soek3,,,false,unicode-unihan-17@17.0.0:kCantonese,kCantonese,source-attested-unreviewed
爍,zh-Hant-TW,shuò,,,false,unicode-unihan-17@17.0.0:kMandarin,kMandarin,source-attested-unreviewed
爍,zh-Hant-TW,luò,,,false,unicode-unihan-17@17.0.0:kHanyuPinyin,kHanyuPinyin,source-attested-unreviewed
爍,zh-Hant-TW,yuè,,,false,unicode-unihan-17@17.0.0:kHanyuPinyin,kHanyuPinyin,source-attested-unreviewed
殲,yue-HK,cim1,,,false,unicode-unihan-17@17.0.0:kCantonese,kCantonese,source-attested-unreviewed
殲,zh-Hant-TW,jiān,,,false,unicode-unihan-17@17.0.0:kMandarin,kMandarin,source-attested-unreviewed
驕,yue-HK,giu1,,,false,unicode-unihan-17@17.0.0:kCantonese,kCantonese,source-attested-unreviewed
驕,zh-Hant-TW,jiāo,,,false,unicode-unihan-17@17.0.0:kMandarin,kMandarin,source-attested-unreviewed
驕,zh-Hant-TW,xiāo,,,false,unicode-unihan-17@17.0.0:kHanyuPinyin,kHanyuPinyin,source-attested-unreviewed
驕,zh-Hant-TW,jū,,,false,unicode-unihan-17@17.0.0:kHanyuPinyin,kHanyuPinyin,source-attested-unreviewed
驕,zh-Hant-TW,qiáo,,,false,unicode-unihan-17@17.0.0:kHanyuPinyin,kHanyuPinyin,source-attested-unreviewed
蘿,yue-HK,lo4,,,false,unicode-unihan-17@17.0.0:kCantonese,kCantonese,source-attested-unreviewed
蘿,zh-Hant-TW,luó,,,false,unicode-unihan-17@17.0.0:kMandarin,kMandarin,source-attested-unreviewed
仇,yue-HK,sau4,,,false,unicode-unihan-17@17.0.0:kCantonese,kCantonese,source-attested-unreviewed
仇,yue-HK,cau4,mandarin-mapping:chóu,,false,unicode-unihan-17@17.0.0:kSMSZD2003Readings,kSMSZD2003Readings,source-attested-unreviewed
仇,yue-HK,kau4,mandarin-mapping:qiú,,false,unicode-unihan-17@17.0.0:kSMSZD2003Readings,kSMSZD2003Readings,source-attested-unreviewed
仇,zh-Hant-TW,chóu,,,false,unicode-unihan-17@17.0.0:kMandarin,kMandarin,source-attested-unreviewed
仇,zh-Hant-TW,qiú,,,false,unicode-unihan-17@17.0.0:kHanyuPinyin,kHanyuPinyin,source-attested-unreviewed
仇,zh-Hant-TW,jū,,,false,unicode-unihan-17@17.0.0:kHanyuPinyin,kHanyuPinyin,source-attested-unreviewed
氏,yue-HK,si6,,,false,unicode-unihan-17@17.0.0:kCantonese,kCantonese,source-attested-unreviewed
氏,yue-HK,zi1,mandarin-mapping:zhī,,false,unicode-unihan-17@17.0.0:kSMSZD2003Readings,kSMSZD2003Readings,source-attested-unreviewed
氏,zh-Hant-TW,shì,,,false,unicode-unihan-17@17.0.0:kMandarin,kMandarin,source-attested-unreviewed
氏,zh-Hant-TW,zhī,,,false,unicode-unihan-17@17.0.0:kHanyuPinyin,kHanyuPinyin,source-attested-unreviewed
氏,zh-Hant-TW,jīng,,,false,unicode-unihan-17@17.0.0:kHanyuPinyin,kHanyuPinyin,source-attested-unreviewed
刑,yue-HK,jing4,,,false,unicode-unihan-17@17.0.0:kCantonese,kCantonese,source-attested-unreviewed
刑,zh-Hant-TW,xíng,,,false,unicode-unihan-17@17.0.0:kMandarin,kMandarin,source-attested-unreviewed
私,yue-HK,si1,,,false,unicode-unihan-17@17.0.0:kCantonese,kCantonese,source-attested-unreviewed
私,zh-Hant-TW,sī,,,false,unicode-unihan-17@17.0.0:kMandarin,kMandarin,source-attested-unreviewed
泳,yue-HK,wing6,,,false,unicode-unihan-17@17.0.0:kCantonese,kCantonese,source-attested-unreviewed
泳,zh-Hant-TW,yǒng,,,false,unicode-unihan-17@17.0.0:kMandarin,kMandarin,source-attested-unreviewed
恢,yue-HK,fui1,,,false,unicode-unihan-17@17.0.0:kCantonese,kCantonese,source-attested-unreviewed
恢,zh-Hant-TW,huī,,,false,unicode-unihan-17@17.0.0:kMandarin,kMandarin,source-attested-unreviewed
茅,yue-HK,maau4,,,false,unicode-unihan-17@17.0.0:kCantonese,kCantonese,source-attested-unreviewed
茅,zh-Hant-TW,máo,,,false,unicode-unihan-17@17.0.0:kMandarin,kMandarin,source-attested-unreviewed
倫,yue-HK,leon4,,,false,unicode-unihan-17@17.0.0:kCantonese,kCantonese,source-attested-unreviewed
倫,zh-Hant-TW,lún,,,false,unicode-unihan-17@17.0.0:kMandarin,kMandarin,source-attested-unreviewed
茹,yue-HK,jyu4,,,false,unicode-unihan-17@17.0.0:kCantonese,kCantonese,source-attested-unreviewed
茹,zh-Hant-TW,rú,,,false,unicode-unihan-17@17.0.0:kMandarin,kMandarin,source-attested-unreviewed
寂,yue-HK,zik6,,,false,unicode-unihan-17@17.0.0:kCantonese,kCantonese,source-attested-unreviewed
寂,zh-Hant-TW,jì,,,false,unicode-unihan-17@17.0.0:kMandarin,kMandarin,source-attested-unreviewed
羞,yue-HK,sau1,,,false,unicode-unihan-17@17.0.0:kCantonese,kCantonese,source-attested-unreviewed
羞,zh-Hant-TW,xiū,,,false,unicode-unihan-17@17.0.0:kMandarin,kMandarin,source-attested-unreviewed
萊,yue-HK,loi4,,,false,unicode-unihan-17@17.0.0:kCantonese,kCantonese,source-attested-unreviewed
萊,zh-Hant-TW,lái,,,false,unicode-unihan-17@17.0.0:kMandarin,kMandarin,source-attested-unreviewed
逮,yue-HK,dai6,,,false,unicode-unihan-17@17.0.0:kCantonese,kCantonese,source-attested-unreviewed
逮,yue-HK,doi6,mandarin-mapping:dài,,false,unicode-unihan-17@17.0.0:kSMSZD2003Readings,kSMSZD2003Readings,source-attested-unreviewed
逮,zh-Hant-TW,dǎi,,,false,unicode-unihan-17@17.0.0:kMandarin,kMandarin,source-attested-unreviewed
逮,zh-Hant-TW,dài,attested-count:20,,false,unicode-unihan-17@17.0.0:kHanyuPinlu,kHanyuPinlu,source-attested-unreviewed
逮,zh-Hant-TW,dì,,,false,unicode-unihan-17@17.0.0:kHanyuPinyin,kHanyuPinyin,source-attested-unreviewed
慈,yue-HK,ci4,,,false,unicode-unihan-17@17.0.0:kCantonese,kCantonese,source-attested-unreviewed
慈,zh-Hant-TW,cí,,,false,unicode-unihan-17@17.0.0:kMandarin,kMandarin,source-attested-unreviewed
孵,yue-HK,fu1,,,false,unicode-unihan-17@17.0.0:kCantonese,kCantonese,source-attested-unreviewed
孵,zh-Hant-TW,fū,,,false,unicode-unihan-17@17.0.0:kMandarin,kMandarin,source-attested-unreviewed
綢,yue-HK,cau4,,,false,unicode-unihan-17@17.0.0:kCantonese,kCantonese,source-attested-unreviewed
綢,zh-Hant-TW,chóu,,,false,unicode-unihan-17@17.0.0:kMandarin,kMandarin,source-attested-unreviewed
綢,zh-Hant-TW,tāo,,,false,unicode-unihan-17@17.0.0:kHanyuPinyin,kHanyuPinyin,source-attested-unreviewed
綢,zh-Hant-TW,diào,,,false,unicode-unihan-17@17.0.0:kHanyuPinyin,kHanyuPinyin,source-attested-unreviewed
裳,yue-HK,soeng4,,,false,unicode-unihan-17@17.0.0:kCantonese,kCantonese,source-attested-unreviewed
裳,zh-Hant-TW,shang,,,false,unicode-unihan-17@17.0.0:kMandarin,kMandarin,source-attested-unreviewed
裳,zh-Hant-TW,cháng,,,false,unicode-unihan-17@17.0.0:kHanyuPinyin,kHanyuPinyin,source-attested-unreviewed
遙,yue-HK,jiu4,,,false,unicode-unihan-17@17.0.0:kCantonese,kCantonese,source-attested-unreviewed
遙,zh-Hant-TW,yáo,,,false,unicode-unihan-17@17.0.0:kMandarin,kMandarin,source-attested-unreviewed
避,yue-HK,bei6,,,false,unicode-unihan-17@17.0.0:kCantonese,kCantonese,source-attested-unreviewed
避,zh-Hant-TW,bì,,,false,unicode-unihan-17@17.0.0:kMandarin,kMandarin,source-attested-unreviewed
隸,yue-HK,dai6,,,false,unicode-unihan-17@17.0.0:kCantonese,kCantonese,source-attested-unreviewed
隸,zh-Hant-TW,lì,,,false,unicode-unihan-17@17.0.0:kMandarin,kMandarin,source-attested-unreviewed
懶,yue-HK,laan5,,,false,unicode-unihan-17@17.0.0:kCantonese,kCantonese,source-attested-unreviewed
懶,zh-Hant-TW,lǎn,,,false,unicode-unihan-17@17.0.0:kMandarin,kMandarin,source-attested-unreviewed
懶,zh-Hant-TW,lài,,,false,unicode-unihan-17@17.0.0:kHanyuPinyin,kHanyuPinyin,source-attested-unreviewed
鵲,yue-HK,zoek3,,,false,unicode-unihan-17@17.0.0:kCantonese,kCantonese,source-attested-unreviewed
鵲,zh-Hant-TW,què,,,false,unicode-unihan-17@17.0.0:kMandarin,kMandarin,source-attested-unreviewed
鵲,zh-Hant-TW,que,attested-count:28,,false,unicode-unihan-17@17.0.0:kHanyuPinlu,kHanyuPinlu,source-attested-unreviewed
纖,yue-HK,cim1,,,false,unicode-unihan-17@17.0.0:kCantonese,kCantonese,source-attested-unreviewed
纖,zh-Hant-TW,xiān,,,false,unicode-unihan-17@17.0.0:kMandarin,kMandarin,source-attested-unreviewed
纖,zh-Hant-TW,jiān,,,false,unicode-unihan-17@17.0.0:kHanyuPinyin,kHanyuPinyin,source-attested-unreviewed
壩,yue-HK,baa3,,,false,unicode-unihan-17@17.0.0:kCantonese,kCantonese,source-attested-unreviewed
壩,zh-Hant-TW,bà,,,false,unicode-unihan-17@17.0.0:kMandarin,kMandarin,source-attested-unreviewed
鹽,yue-HK,jim4,,,false,unicode-unihan-17@17.0.0:kCantonese,kCantonese,source-attested-unreviewed
鹽,zh-Hant-TW,yán,,,false,unicode-unihan-17@17.0.0:kMandarin,kMandarin,source-attested-unreviewed
鹽,zh-Hant-TW,yàn,,,false,unicode-unihan-17@17.0.0:kHanyuPinyin,kHanyuPinyin,source-attested-unreviewed
窪,yue-HK,waa1,,,false,unicode-unihan-17@17.0.0:kCantonese,kCantonese,source-attested-unreviewed
窪,zh-Hant-TW,wā,,,false,unicode-unihan-17@17.0.0:kMandarin,kMandarin,source-attested-unreviewed
勻,yue-HK,wan4,,,false,unicode-unihan-17@17.0.0:kCantonese,kCantonese,source-attested-unreviewed
勻,zh-Hant-TW,yún,,,false,unicode-unihan-17@17.0.0:kMandarin,kMandarin,source-attested-unreviewed
弗,yue-HK,fat1,,,false,unicode-unihan-17@17.0.0:kCantonese,kCantonese,source-attested-unreviewed
弗,zh-Hant-TW,fú,,,false,unicode-unihan-17@17.0.0:kMandarin,kMandarin,source-attested-unreviewed
匠,yue-HK,zoeng6,,,false,unicode-unihan-17@17.0.0:kCantonese,kCantonese,source-attested-unreviewed
匠,zh-Hant-TW,jiàng,,,false,unicode-unihan-17@17.0.0:kMandarin,kMandarin,source-attested-unreviewed
匠,zh-Hant-TW,jiang,attested-count:70,,false,unicode-unihan-17@17.0.0:kHanyuPinlu,kHanyuPinlu,source-attested-unreviewed
忠,yue-HK,zung1,,,false,unicode-unihan-17@17.0.0:kCantonese,kCantonese,source-attested-unreviewed
忠,zh-Hant-TW,zhōng,,,false,unicode-unihan-17@17.0.0:kMandarin,kMandarin,source-attested-unreviewed
泛,yue-HK,faan3,,,false,unicode-unihan-17@17.0.0:kCantonese,kCantonese,source-attested-unreviewed
泛,yue-HK,faan6,mandarin-mapping:fàn,,false,unicode-unihan-17@17.0.0:kSMSZD2003Readings,kSMSZD2003Readings,source-attested-unreviewed
泛,zh-Hant-TW,fàn,,,false,unicode-unihan-17@17.0.0:kMandarin,kMandarin,source-attested-unreviewed
泛,zh-Hant-TW,fěng,,,false,unicode-unihan-17@17.0.0:kHanyuPinyin,kHanyuPinyin,source-attested-unreviewed
泛,zh-Hant-TW,fá,,,false,unicode-unihan-17@17.0.0:kHanyuPinyin,kHanyuPinyin,source-attested-unreviewed
邱,yue-HK,jau1,,,false,unicode-unihan-17@17.0.0:kCantonese,kCantonese,source-attested-unreviewed
邱,zh-Hant-TW,qiū,,,false,unicode-unihan-17@17.0.0:kMandarin,kMandarin,source-attested-unreviewed
削,yue-HK,soek3,,,false,unicode-unihan-17@17.0.0:kCantonese,kCantonese,source-attested-unreviewed
削,zh-Hant-TW,xuē,,,false,unicode-unihan-17@17.0.0:kMandarin,kMandarin,source-attested-unreviewed
削,zh-Hant-TW,xiāo,attested-count:33,,false,unicode-unihan-17@17.0.0:kHanyuPinlu,kHanyuPinlu,source-attested-unreviewed
削,zh-Hant-TW,qiào,,,false,unicode-unihan-17@17.0.0:kHanyuPinyin,kHanyuPinyin,source-attested-unreviewed
削,zh-Hant-TW,shào,,,false,unicode-unihan-17@17.0.0:kHanyuPinyin,kHanyuPinyin,source-attested-unreviewed
珊,yue-HK,saan1,,,false,unicode-unihan-17@17.0.0:kCantonese,kCantonese,source-attested-unreviewed
珊,zh-Hant-TW,shān,,,false,unicode-unihan-17@17.0.0:kMandarin,kMandarin,source-attested-unreviewed
耍,yue-HK,saa2,,,false,unicode-unihan-17@17.0.0:kCantonese,kCantonese,source-attested-unreviewed
耍,zh-Hant-TW,shuǎ,,,false,unicode-unihan-17@17.0.0:kMandarin,kMandarin,source-attested-unreviewed
悔,yue-HK,fui3,,,false,unicode-unihan-17@17.0.0:kCantonese,kCantonese,source-attested-unreviewed
悔,zh-Hant-TW,huǐ,,,false,unicode-unihan-17@17.0.0:kMandarin,kMandarin,source-attested-unreviewed
殊,yue-HK,syu4,,,false,unicode-unihan-17@17.0.0:kCantonese,kCantonese,source-attested-unreviewed
殊,zh-Hant-TW,shū,,,false,unicode-unihan-17@17.0.0:kMandarin,kMandarin,source-attested-unreviewed
唯,yue-HK,wai4,,,false,unicode-unihan-17@17.0.0:kCantonese,kCantonese,source-attested-unreviewed
唯,yue-HK,wai2,mandarin-mapping:wěi,,false,unicode-unihan-17@17.0.0:kSMSZD2003Readings,kSMSZD2003Readings,source-attested-unreviewed
唯,zh-Hant-TW,wéi,,,false,unicode-unihan-17@17.0.0:kMandarin,kMandarin,source-attested-unreviewed
唯,zh-Hant-TW,wěi,,,false,unicode-unihan-17@17.0.0:kHanyuPinyin,kHanyuPinyin,source-attested-unreviewed
屠,yue-HK,tou4,,,false,unicode-unihan-17@17.0.0:kCantonese,kCantonese,source-attested-unreviewed
屠,zh-Hant-TW,tú,,,false,unicode-unihan-17@17.0.0:kMandarin,kMandarin,source-attested-unreviewed
崖,yue-HK,ngaai4,,,false,unicode-unihan-17@17.0.0:kCantonese,kCantonese,source-attested-unreviewed
崖,zh-Hant-TW,yá,,,false,unicode-unihan-17@17.0.0:kMandarin,kMandarin,source-attested-unreviewed
巢,yue-HK,caau4,,,false,unicode-unihan-17@17.0.0:kCantonese,kCantonese,source-attested-unreviewed
巢,zh-Hant-TW,cháo,,,false,unicode-unihan-17@17.0.0:kMandarin,kMandarin,source-attested-unreviewed
巢,zh-Hant-TW,chào,,,false,unicode-unihan-17@17.0.0:kHanyuPinyin,kHanyuPinyin,source-attested-unreviewed
患,yue-HK,waan6,,,false,unicode-unihan-17@17.0.0:kCantonese,kCantonese,source-attested-unreviewed
患,zh-Hant-TW,huàn,,,false,unicode-unihan-17@17.0.0:kMandarin,kMandarin,source-attested-unreviewed
爽,yue-HK,song2,,,false,unicode-unihan-17@17.0.0:kCantonese,kCantonese,source-attested-unreviewed
爽,zh-Hant-TW,shuǎng,,,false,unicode-unihan-17@17.0.0:kMandarin,kMandarin,source-attested-unreviewed
爽,zh-Hant-TW,shuāng,,,false,unicode-unihan-17@17.0.0:kHanyuPinyin,kHanyuPinyin,source-attested-unreviewed
瓷,yue-HK,ci4,,,false,unicode-unihan-17@17.0.0:kCantonese,kCantonese,source-attested-unreviewed
瓷,zh-Hant-TW,cí,,,false,unicode-unihan-17@17.0.0:kMandarin,kMandarin,source-attested-unreviewed
趁,yue-HK,can3,,,false,unicode-unihan-17@17.0.0:kCantonese,kCantonese,source-attested-unreviewed
趁,zh-Hant-TW,chèn,,,false,unicode-unihan-17@17.0.0:kMandarin,kMandarin,source-attested-unreviewed
趁,zh-Hant-TW,zhēn,,,false,unicode-unihan-17@17.0.0:kHanyuPinyin,kHanyuPinyin,source-attested-unreviewed
趁,zh-Hant-TW,chén,,,false,unicode-unihan-17@17.0.0:kHanyuPinyin,kHanyuPinyin,source-attested-unreviewed
趁,zh-Hant-TW,niǎn,,,false,unicode-unihan-17@17.0.0:kHanyuPinyin,kHanyuPinyin,source-attested-unreviewed
趁,zh-Hant-TW,zhěn,,,false,unicode-unihan-17@17.0.0:kHanyuPinyin,kHanyuPinyin,source-attested-unreviewed
隆,yue-HK,lung4,,,false,unicode-unihan-17@17.0.0:kCantonese,kCantonese,source-attested-unreviewed
隆,zh-Hant-TW,lóng,,,false,unicode-unihan-17@17.0.0:kMandarin,kMandarin,source-attested-unreviewed
隆,zh-Hant-TW,lōng,attested-count:10,,false,unicode-unihan-17@17.0.0:kHanyuPinlu,kHanyuPinlu,source-attested-unreviewed
嗦,yue-HK,so1,,,false,unicode-unihan-17@17.0.0:kCantonese,kCantonese,source-attested-unreviewed
嗦,zh-Hant-TW,suō,,,false,unicode-unihan-17@17.0.0:kMandarin,kMandarin,source-attested-unreviewed
嗦,zh-Hant-TW,suo,attested-count:30,,false,unicode-unihan-17@17.0.0:kHanyuPinlu,kHanyuPinlu,source-attested-unreviewed
盞,yue-HK,zaan2,,,false,unicode-unihan-17@17.0.0:kCantonese,kCantonese,source-attested-unreviewed
盞,zh-Hant-TW,zhǎn,,,false,unicode-unihan-17@17.0.0:kMandarin,kMandarin,source-attested-unreviewed
飼,yue-HK,zi6,,,false,unicode-unihan-17@17.0.0:kCantonese,kCantonese,source-attested-unreviewed
飼,zh-Hant-TW,sì,,,false,unicode-unihan-17@17.0.0:kMandarin,kMandarin,source-attested-unreviewed
馳,yue-HK,ci4,,,false,unicode-unihan-17@17.0.0:kCantonese,kCantonese,source-attested-unreviewed
馳,zh-Hant-TW,chí,,,false,unicode-unihan-17@17.0.0:kMandarin,kMandarin,source-attested-unreviewed
豪,yue-HK,hou4,,,false,unicode-unihan-17@17.0.0:kCantonese,kCantonese,source-attested-unreviewed
豪,zh-Hant-TW,háo,,,false,unicode-unihan-17@17.0.0:kMandarin,kMandarin,source-attested-unreviewed
遲,yue-HK,ci4,,,false,unicode-unihan-17@17.0.0:kCantonese,kCantonese,source-attested-unreviewed
遲,zh-Hant-TW,chí,,,false,unicode-unihan-17@17.0.0:kMandarin,kMandarin,source-attested-unreviewed
遲,zh-Hant-TW,zhì,,,false,unicode-unihan-17@17.0.0:kHanyuPinyin,kHanyuPinyin,source-attested-unreviewed
糟,yue-HK,zou1,,,false,unicode-unihan-17@17.0.0:kCantonese,kCantonese,source-attested-unreviewed
糟,zh-Hant-TW,zāo,,,false,unicode-unihan-17@17.0.0:kMandarin,kMandarin,source-attested-unreviewed
翼,yue-HK,jik6,,,false,unicode-unihan-17@17.0.0:kCantonese,kCantonese,source-attested-unreviewed
翼,zh-Hant-TW,yì,,,false,unicode-unihan-17@17.0.0:kMandarin,kMandarin,source-attested-unreviewed
謎,yue-HK,mai4,,,false,unicode-unihan-17@17.0.0:kCantonese,kCantonese,source-attested-unreviewed
謎,zh-Hant-TW,mí,,,false,unicode-unihan-17@17.0.0:kMandarin,kMandarin,source-attested-unreviewed
邀,yue-HK,jiu1,,,false,unicode-unihan-17@17.0.0:kCantonese,kCantonese,source-attested-unreviewed
邀,zh-Hant-TW,yāo,,,false,unicode-unihan-17@17.0.0:kMandarin,kMandarin,source-attested-unreviewed
黏,yue-HK,nim4,,,false,unicode-unihan-17@17.0.0:kCantonese,kCantonese,source-attested-unreviewed
黏,yue-HK,nim1,"mandarin-mapping:zhān,niān",,false,unicode-unihan-17@17.0.0:kSMSZD2003Readings,kSMSZD2003Readings,source-attested-unreviewed
黏,yue-HK,zim1,"mandarin-mapping:zhān,niān",,false,unicode-unihan-17@17.0.0:kSMSZD2003Readings,kSMSZD2003Readings,source-attested-unreviewed
黏,zh-Hant-TW,nián,,,false,unicode-unihan-17@17.0.0:kMandarin,kMandarin,source-attested-unreviewed
嚷,yue-HK,joeng6,,,false,unicode-unihan-17@17.0.0:kCantonese,kCantonese,source-attested-unreviewed
嚷,yue-HK,joeng5,mandarin-mapping:rǎng,,false,unicode-unihan-17@17.0.0:kSMSZD2003Readings,kSMSZD2003Readings,source-attested-unreviewed
嚷,zh-Hant-TW,rǎng,,,false,unicode-unihan-17@17.0.0:kMandarin,kMandarin,source-attested-unreviewed
嚷,zh-Hant-TW,rāng,,,false,unicode-unihan-17@17.0.0:kHanyuPinyin,kHanyuPinyin,source-attested-unreviewed
寸,yue-HK,cyun3,,,false,unicode-unihan-17@17.0.0:kCantonese,kCantonese,source-attested-unreviewed
寸,zh-Hant-TW,cùn,,,false,unicode-unihan-17@17.0.0:kMandarin,kMandarin,source-attested-unreviewed
寸,zh-Hant-TW,cun,attested-count:29,,false,unicode-unihan-17@17.0.0:kHanyuPinlu,kHanyuPinlu,source-attested-unreviewed
寸,zh-Hant-TW,cǔn,,,false,unicode-unihan-17@17.0.0:kHanyuPinyin,kHanyuPinyin,source-attested-unreviewed
卵,yue-HK,leon2,,,false,unicode-unihan-17@17.0.0:kCantonese,kCantonese,source-attested-unreviewed
卵,zh-Hant-TW,luǎn,,,false,unicode-unihan-17@17.0.0:kMandarin,kMandarin,source-attested-unreviewed
卵,zh-Hant-TW,kūn,,,false,unicode-unihan-17@17.0.0:kHanyuPinyin,kHanyuPinyin,source-attested-unreviewed
吵,yue-HK,caau2,,,false,unicode-unihan-17@17.0.0:kCantonese,kCantonese,source-attested-unreviewed
吵,zh-Hant-TW,chǎo,,,false,unicode-unihan-17@17.0.0:kMandarin,kMandarin,source-attested-unreviewed
吵,zh-Hant-TW,miǎo,,,false,unicode-unihan-17@17.0.0:kHanyuPinyin,kHanyuPinyin,source-attested-unreviewed
吵,zh-Hant-TW,chāo,,,false,unicode-unihan-17@17.0.0:kHanyuPinyin,kHanyuPinyin,source-attested-unreviewed
吵,zh-Hant-TW,chào,,,false,unicode-unihan-17@17.0.0:kHanyuPinyin,kHanyuPinyin,source-attested-unreviewed
抖,yue-HK,dau2,,,false,unicode-unihan-17@17.0.0:kCantonese,kCantonese,source-attested-unreviewed
抖,zh-Hant-TW,dǒu,,,false,unicode-unihan-17@17.0.0:kMandarin,kMandarin,source-attested-unreviewed
扮,yue-HK,baan6,,,false,unicode-unihan-17@17.0.0:kCantonese,kCantonese,source-attested-unreviewed
扮,yue-HK,baan3,mandarin-mapping:bàn,,false,unicode-unihan-17@17.0.0:kSMSZD2003Readings,kSMSZD2003Readings,source-attested-unreviewed
扮,zh-Hant-TW,bàn,,,false,unicode-unihan-17@17.0.0:kMandarin,kMandarin,source-attested-unreviewed
扮,zh-Hant-TW,ban,attested-count:35,,false,unicode-unihan-17@17.0.0:kHanyuPinlu,kHanyuPinlu,source-attested-unreviewed
扮,zh-Hant-TW,fěn,,,false,unicode-unihan-17@17.0.0:kHanyuPinyin,kHanyuPinyin,source-attested-unreviewed
扮,zh-Hant-TW,fēn,,,false,unicode-unihan-17@17.0.0:kHanyuPinyin,kHanyuPinyin,source-attested-unreviewed
扮,zh-Hant-TW,huǒ,,,false,unicode-unihan-17@17.0.0:kHanyuPinyin,kHanyuPinyin,source-attested-unreviewed
肢,yue-HK,zi1,,,false,unicode-unihan-17@17.0.0:kCantonese,kCantonese,source-attested-unreviewed
肢,zh-Hant-TW,zhī,,,false,unicode-unihan-17@17.0.0:kMandarin,kMandarin,source-attested-unreviewed
肢,zh-Hant-TW,shì,,,false,unicode-unihan-17@17.0.0:kHanyuPinyin,kHanyuPinyin,source-attested-unreviewed
藉,yue-HK,zik6,,,false,unicode-unihan-17@17.0.0:kCantonese,kCantonese,source-attested-unreviewed
藉,yue-HK,ze3,mandarin-mapping:jiè,,false,unicode-unihan-17@17.0.0:kSMSZD2003Readings,kSMSZD2003Readings,source-attested-unreviewed
藉,zh-Hant-TW,jí,,,false,unicode-unihan-17@17.0.0:kMandarin,kMandarin,source-attested-unreviewed
藉,zh-Hant-TW,jiè,,,false,unicode-unihan-17@17.0.0:kHanyuPinyin,kHanyuPinyin,source-attested-unreviewed
胳,yue-HK,gok3,,,false,unicode-unihan-17@17.0.0:kCantonese,kCantonese,source-attested-unreviewed
胳,yue-HK,gaak3,mandarin-mapping:gē,,false,unicode-unihan-17@17.0.0:kSMSZD2003Readings,kSMSZD2003Readings,source-attested-unreviewed
胳,zh-Hant-TW,gē,,,false,unicode-unihan-17@17.0.0:kMandarin,kMandarin,source-attested-unreviewed
胳,zh-Hant-TW,gé,,,false,unicode-unihan-17@17.0.0:kHanyuPinyin,kHanyuPinyin,source-attested-unreviewed
訊,yue-HK,seon3,,,false,unicode-unihan-17@17.0.0:kCantonese,kCantonese,source-attested-unreviewed
訊,zh-Hant-TW,xùn,,,false,unicode-unihan-17@17.0.0:kMandarin,kMandarin,source-attested-unreviewed
悉,yue-HK,sik1,,,false,unicode-unihan-17@17.0.0:kCantonese,kCantonese,source-attested-unreviewed
悉,zh-Hant-TW,xī,,,false,unicode-unihan-17@17.0.0:kMandarin,kMandarin,source-attested-unreviewed
番,yue-HK,faan1,,,false,unicode-unihan-17@17.0.0:kCantonese,kCantonese,source-attested-unreviewed
番,yue-HK,pun1,mandarin-mapping:pān,,false,unicode-unihan-17@17.0.0:kSMSZD2003Readings,kSMSZD2003Readings,source-attested-unreviewed
番,zh-Hant-TW,fān,,,false,unicode-unihan-17@17.0.0:kMandarin,kMandarin,source-attested-unreviewed
番,zh-Hant-TW,fán,,,false,unicode-unihan-17@17.0.0:kHanyuPinyin,kHanyuPinyin,source-attested-unreviewed
番,zh-Hant-TW,bō,,,false,unicode-unihan-17@17.0.0:kHanyuPinyin,kHanyuPinyin,source-attested-unreviewed
番,zh-Hant-TW,pó,,,false,unicode-unihan-17@17.0.0:kHanyuPinyin,kHanyuPinyin,source-attested-unreviewed
番,zh-Hant-TW,pān,,,false,unicode-unihan-17@17.0.0:kHanyuPinyin,kHanyuPinyin,source-attested-unreviewed
番,zh-Hant-TW,pán,,,false,unicode-unihan-17@17.0.0:kHanyuPinyin,kHanyuPinyin,source-attested-unreviewed
番,zh-Hant-TW,pàn,,,false,unicode-unihan-17@17.0.0:kHanyuPinyin,kHanyuPinyin,source-attested-unreviewed
番,zh-Hant-TW,pí,,,false,unicode-unihan-17@17.0.0:kHanyuPinyin,kHanyuPinyin,source-attested-unreviewed
稀,yue-HK,hei1,,,false,unicode-unihan-17@17.0.0:kCantonese,kCantonese,source-attested-unreviewed
稀,zh-Hant-TW,xī,,,false,unicode-unihan-17@17.0.0:kMandarin,kMandarin,source-attested-unreviewed
策,yue-HK,caak3,,,false,unicode-unihan-17@17.0.0:kCantonese,kCantonese,source-attested-unreviewed
策,zh-Hant-TW,cè,,,false,unicode-unihan-17@17.0.0:kMandarin,kMandarin,source-attested-unreviewed
嫂,yue-HK,sou2,,,false,unicode-unihan-17@17.0.0:kCantonese,kCantonese,source-attested-unreviewed
嫂,zh-Hant-TW,sǎo,,,false,unicode-unihan-17@17.0.0:kMandarin,kMandarin,source-attested-unreviewed
嫂,zh-Hant-TW,sao,attested-count:14,,false,unicode-unihan-17@17.0.0:kHanyuPinlu,kHanyuPinlu,source-attested-unreviewed
煩,yue-HK,faan4,,,false,unicode-unihan-17@17.0.0:kCantonese,kCantonese,source-attested-unreviewed
煩,zh-Hant-TW,fán,,,false,unicode-unihan-17@17.0.0:kMandarin,kMandarin,source-attested-unreviewed
煩,zh-Hant-TW,fan,attested-count:63,,false,unicode-unihan-17@17.0.0:kHanyuPinlu,kHanyuPinlu,source-attested-unreviewed
壽,yue-HK,sau6,,,false,unicode-unihan-17@17.0.0:kCantonese,kCantonese,source-attested-unreviewed
壽,zh-Hant-TW,shòu,,,false,unicode-unihan-17@17.0.0:kMandarin,kMandarin,source-attested-unreviewed
暫,yue-HK,zaam6,,,false,unicode-unihan-17@17.0.0:kCantonese,kCantonese,source-attested-unreviewed
暫,zh-Hant-TW,zàn,,,false,unicode-unihan-17@17.0.0:kMandarin,kMandarin,source-attested-unreviewed
緣,yue-HK,jyun4,,,false,unicode-unihan-17@17.0.0:kCantonese,kCantonese,source-attested-unreviewed
緣,zh-Hant-TW,yuán,,,false,unicode-unihan-17@17.0.0:kMandarin,kMandarin,source-attested-unreviewed
緣,zh-Hant-TW,yuàn,,,false,unicode-unihan-17@17.0.0:kHanyuPinyin,kHanyuPinyin,source-attested-unreviewed
誼,yue-HK,ji4,,,false,unicode-unihan-17@17.0.0:kCantonese,kCantonese,source-attested-unreviewed
誼,yue-HK,ji6,mandarin-mapping:yì,,false,unicode-unihan-17@17.0.0:kSMSZD2003Readings,kSMSZD2003Readings,source-attested-unreviewed
誼,zh-Hant-TW,yì,,,false,unicode-unihan-17@17.0.0:kMandarin,kMandarin,source-attested-unreviewed
銷,yue-HK,siu1,,,false,unicode-unihan-17@17.0.0:kCantonese,kCantonese,source-attested-unreviewed
銷,zh-Hant-TW,xiāo,,,false,unicode-unihan-17@17.0.0:kMandarin,kMandarin,source-attested-unreviewed
蹄,yue-HK,tai4,,,false,unicode-unihan-17@17.0.0:kCantonese,kCantonese,source-attested-unreviewed
蹄,zh-Hant-TW,tí,,,false,unicode-unihan-17@17.0.0:kMandarin,kMandarin,source-attested-unreviewed
蹄,zh-Hant-TW,dì,,,false,unicode-unihan-17@17.0.0:kHanyuPinyin,kHanyuPinyin,source-attested-unreviewed
儲,yue-HK,cyu5,,,false,unicode-unihan-17@17.0.0:kCantonese,kCantonese,source-attested-unreviewed
儲,zh-Hant-TW,chǔ,,,false,unicode-unihan-17@17.0.0:kMandarin,kMandarin,source-attested-unreviewed
儲,zh-Hant-TW,chú,,,false,unicode-unihan-17@17.0.0:kHanyuPinyin,kHanyuPinyin,source-attested-unreviewed
竄,yue-HK,cyun2,,,false,unicode-unihan-17@17.0.0:kCantonese,kCantonese,source-attested-unreviewed
竄,yue-HK,cyun3,mandarin-mapping:cuàn,,false,unicode-unihan-17@17.0.0:kSMSZD2003Readings,kSMSZD2003Readings,source-attested-unreviewed
竄,zh-Hant-TW,cuàn,,,false,unicode-unihan-17@17.0.0:kMandarin,kMandarin,source-attested-unreviewed
竄,zh-Hant-TW,cuān,,,false,unicode-unihan-17@17.0.0:kHanyuPinyin,kHanyuPinyin,source-attested-unreviewed
吶,yue-HK,naap6,,,false,unicode-unihan-17@17.0.0:kCantonese,kCantonese,source-attested-unreviewed
吶,zh-Hant-TW,nà,,,false,unicode-unihan-17@17.0.0:kMandarin,kMandarin,source-attested-unreviewed
吶,zh-Hant-TW,ne,attested-count:2307,,false,unicode-unihan-17@17.0.0:kHanyuPinlu,kHanyuPinlu,source-attested-unreviewed
吱,yue-HK,zi1,,,false,unicode-unihan-17@17.0.0:kCantonese,kCantonese,source-attested-unreviewed
吱,zh-Hant-TW,zhī,,,false,unicode-unihan-17@17.0.0:kMandarin,kMandarin,source-attested-unreviewed
吱,zh-Hant-TW,zī,,,false,unicode-unihan-17@17.0.0:kHanyuPinyin,kHanyuPinyin,source-attested-unreviewed
吱,zh-Hant-TW,qì,,,false,unicode-unihan-17@17.0.0:kHanyuPinyin,kHanyuPinyin,source-attested-unreviewed
杏,yue-HK,hang6,,,false,unicode-unihan-17@17.0.0:kCantonese,kCantonese,source-attested-unreviewed
杏,zh-Hant-TW,xìng,,,false,unicode-unihan-17@17.0.0:kMandarin,kMandarin,source-attested-unreviewed
併,yue-HK,bing3,,,false,unicode-unihan-17@17.0.0:kCantonese,kCantonese,source-attested-unreviewed
併,yue-HK,ping3,mandarin-mapping:bìng,,false,unicode-unihan-17@17.0.0:kSMSZD2003Readings,kSMSZD2003Readings,source-attested-unreviewed
併,zh-Hant-TW,bìng,,,false,unicode-unihan-17@17.0.0:kMandarin,kMandarin,source-attested-unreviewed
肺,yue-HK,fai3,,,false,unicode-unihan-17@17.0.0:kCantonese,kCantonese,source-attested-unreviewed
肺,zh-Hant-TW,fèi,,,false,unicode-unihan-17@17.0.0:kMandarin,kMandarin,source-attested-unreviewed
肺,zh-Hant-TW,pèi,,,false,unicode-unihan-17@17.0.0:kHanyuPinyin,kHanyuPinyin,source-attested-unreviewed
砌,yue-HK,cai3,,,false,unicode-unihan-17@17.0.0:kCantonese,kCantonese,source-attested-unreviewed
砌,zh-Hant-TW,qì,,,false,unicode-unihan-17@17.0.0:kMandarin,kMandarin,source-attested-unreviewed
砌,zh-Hant-TW,qiè,,,false,unicode-unihan-17@17.0.0:kHanyuPinyin,kHanyuPinyin,source-attested-unreviewed
趴,yue-HK,paa1,,,false,unicode-unihan-17@17.0.0:kCantonese,kCantonese,source-attested-unreviewed
趴,zh-Hant-TW,pā,,,false,unicode-unihan-17@17.0.0:kMandarin,kMandarin,source-attested-unreviewed
倩,yue-HK,sin6,,,false,unicode-unihan-17@17.0.0:kCantonese,kCantonese,source-attested-unreviewed
倩,zh-Hant-TW,qiàn,,,false,unicode-unihan-17@17.0.0:kMandarin,kMandarin,source-attested-unreviewed
倩,zh-Hant-TW,qìng,,,false,unicode-unihan-17@17.0.0:kHanyuPinyin,kHanyuPinyin,source-attested-unreviewed
埃,yue-HK,oi1,,,false,unicode-unihan-17@17.0.0:kCantonese,kCantonese,source-attested-unreviewed
埃,zh-Hant-TW,āi,,,false,unicode-unihan-17@17.0.0:kMandarin,kMandarin,source-attested-unreviewed
埃,zh-Hant-TW,zhì,,,false,unicode-unihan-17@17.0.0:kHanyuPinyin,kHanyuPinyin,source-attested-unreviewed
畜,yue-HK,cuk1,,,false,unicode-unihan-17@17.0.0:kCantonese,kCantonese,source-attested-unreviewed
畜,zh-Hant-TW,chù,,,false,unicode-unihan-17@17.0.0:kMandarin,kMandarin,source-attested-unreviewed
畜,zh-Hant-TW,xù,attested-count:14,,false,unicode-unihan-17@17.0.0:kHanyuPinlu,kHanyuPinlu,source-attested-unreviewed
笆,yue-HK,baa1,,,false,unicode-unihan-17@17.0.0:kCantonese,kCantonese,source-attested-unreviewed
笆,zh-Hant-TW,bā,,,false,unicode-unihan-17@17.0.0:kMandarin,kMandarin,source-attested-unreviewed
笆,zh-Hant-TW,ba,attested-count:15,,false,unicode-unihan-17@17.0.0:kHanyuPinlu,kHanyuPinlu,source-attested-unreviewed
淹,yue-HK,jim1,,,false,unicode-unihan-17@17.0.0:kCantonese,kCantonese,source-attested-unreviewed
淹,zh-Hant-TW,yān,,,false,unicode-unihan-17@17.0.0:kMandarin,kMandarin,source-attested-unreviewed
淹,zh-Hant-TW,yǎn,,,false,unicode-unihan-17@17.0.0:kHanyuPinyin,kHanyuPinyin,source-attested-unreviewed
蛇,yue-HK,se4,,,false,unicode-unihan-17@17.0.0:kCantonese,kCantonese,source-attested-unreviewed
蛇,yue-HK,ji4,mandarin-mapping:yí,,false,unicode-unihan-17@17.0.0:kSMSZD2003Readings,kSMSZD2003Readings,source-attested-unreviewed
蛇,zh-Hant-TW,shé,,,false,unicode-unihan-17@17.0.0:kMandarin,kMandarin,source-attested-unreviewed
蛇,zh-Hant-TW,yí,,,false,unicode-unihan-17@17.0.0:kHanyuPinyin,kHanyuPinyin,source-attested-unreviewed
蛇,zh-Hant-TW,tuó,,,false,unicode-unihan-17@17.0.0:kHanyuPinyin,kHanyuPinyin,source-attested-unreviewed
蛇,zh-Hant-TW,chí,,,false,unicode-unihan-17@17.0.0:kHanyuPinyin,kHanyuPinyin,source-attested-unreviewed
販,yue-HK,faan3,,,false,unicode-unihan-17@17.0.0:kCantonese,kCantonese,source-attested-unreviewed
販,yue-HK,faan2,mandarin-mapping:fàn,,false,unicode-unihan-17@17.0.0:kSMSZD2003Readings,kSMSZD2003Readings,source-attested-unreviewed
販,zh-Hant-TW,fàn,,,false,unicode-unihan-17@17.0.0:kMandarin,kMandarin,source-attested-unreviewed
貪,yue-HK,taam1,,,false,unicode-unihan-17@17.0.0:kCantonese,kCantonese,source-attested-unreviewed
貪,zh-Hant-TW,tān,,,false,unicode-unihan-17@17.0.0:kMandarin,kMandarin,source-attested-unreviewed
湯,yue-HK,tong1,,,false,unicode-unihan-17@17.0.0:kCantonese,kCantonese,source-attested-unreviewed
湯,yue-HK,soeng1,mandarin-mapping:shāng,,false,unicode-unihan-17@17.0.0:kSMSZD2003Readings,kSMSZD2003Readings,source-attested-unreviewed
湯,zh-Hant-TW,tāng,,,false,unicode-unihan-17@17.0.0:kMandarin,kMandarin,source-attested-unreviewed
湯,zh-Hant-TW,tang,attested-count:15,,false,unicode-unihan-17@17.0.0:kHanyuPinlu,kHanyuPinlu,source-attested-unreviewed
湯,zh-Hant-TW,tàng,,,false,unicode-unihan-17@17.0.0:kHanyuPinyin,kHanyuPinyin,source-attested-unreviewed
湯,zh-Hant-TW,shāng,,,false,unicode-unihan-17@17.0.0:kHanyuPinyin,kHanyuPinyin,source-attested-unreviewed
湯,zh-Hant-TW,yáng,,,false,unicode-unihan-17@17.0.0:kHanyuPinyin,kHanyuPinyin,source-attested-unreviewed
焰,yue-HK,jim6,,,false,unicode-unihan-17@17.0.0:kCantonese,kCantonese,source-attested-unreviewed
焰,zh-Hant-TW,yàn,,,false,unicode-unihan-17@17.0.0:kMandarin,kMandarin,source-attested-unreviewed
裁,yue-HK,coi4,,,false,unicode-unihan-17@17.0.0:kCantonese,kCantonese,source-attested-unreviewed
裁,zh-Hant-TW,cái,,,false,unicode-unihan-17@17.0.0:kMandarin,kMandarin,source-attested-unreviewed
診,yue-HK,can2,,,false,unicode-unihan-17@17.0.0:kCantonese,kCantonese,source-attested-unreviewed
診,zh-Hant-TW,zhěn,,,false,unicode-unihan-17@17.0.0:kMandarin,kMandarin,source-attested-unreviewed
瑜,yue-HK,jyu4,,,false,unicode-unihan-17@17.0.0:kCantonese,kCantonese,source-attested-unreviewed
瑜,zh-Hant-TW,yú,,,false,unicode-unihan-17@17.0.0:kMandarin,kMandarin,source-attested-unreviewed
罩,yue-HK,zaau3,,,false,unicode-unihan-17@17.0.0:kCantonese,kCantonese,source-attested-unreviewed
罩,zh-Hant-TW,zhào,,,false,unicode-unihan-17@17.0.0:kMandarin,kMandarin,source-attested-unreviewed
漏,yue-HK,lau6,,,false,unicode-unihan-17@17.0.0:kCantonese,kCantonese,source-attested-unreviewed
漏,zh-Hant-TW,lòu,,,false,unicode-unihan-17@17.0.0:kMandarin,kMandarin,source-attested-unreviewed
漏,zh-Hant-TW,lóu,,,false,unicode-unihan-17@17.0.0:kHanyuPinyin,kHanyuPinyin,source-attested-unreviewed
蓄,yue-HK,cuk1,,,false,unicode-unihan-17@17.0.0:kCantonese,kCantonese,source-attested-unreviewed
蓄,zh-Hant-TW,xù,,,false,unicode-unihan-17@17.0.0:kMandarin,kMandarin,source-attested-unreviewed
閥,yue-HK,fat6,,,false,unicode-unihan-17@17.0.0:kCantonese,kCantonese,source-attested-unreviewed
閥,zh-Hant-TW,fá,,,false,unicode-unihan-17@17.0.0:kMandarin,kMandarin,source-attested-unreviewed
慧,yue-HK,wai6,,,false,unicode-unihan-17@17.0.0:kCantonese,kCantonese,source-attested-unreviewed
慧,zh-Hant-TW,huì,,,false,unicode-unihan-17@17.0.0:kMandarin,kMandarin,source-attested-unreviewed
潭,yue-HK,taam4,,,false,unicode-unihan-17@17.0.0:kCantonese,kCantonese,source-attested-unreviewed
潭,zh-Hant-TW,tán,,,false,unicode-unihan-17@17.0.0:kMandarin,kMandarin,source-attested-unreviewed
潭,zh-Hant-TW,xún,,,false,unicode-unihan-17@17.0.0:kHanyuPinyin,kHanyuPinyin,source-attested-unreviewed
潭,zh-Hant-TW,yǐn,,,false,unicode-unihan-17@17.0.0:kHanyuPinyin,kHanyuPinyin,source-attested-unreviewed
潭,zh-Hant-TW,dàn,,,false,unicode-unihan-17@17.0.0:kHanyuPinyin,kHanyuPinyin,source-attested-unreviewed
霉,yue-HK,mui4,,,false,unicode-unihan-17@17.0.0:kCantonese,kCantonese,source-attested-unreviewed
霉,zh-Hant-TW,méi,,,false,unicode-unihan-17@17.0.0:kMandarin,kMandarin,source-attested-unreviewed
簇,yue-HK,cuk1,,,false,unicode-unihan-17@17.0.0:kCantonese,kCantonese,source-attested-unreviewed
簇,zh-Hant-TW,cù,,,false,unicode-unihan-17@17.0.0:kMandarin,kMandarin,source-attested-unreviewed
簇,zh-Hant-TW,chuò,,,false,unicode-unihan-17@17.0.0:kHanyuPinyin,kHanyuPinyin,source-attested-unreviewed
簇,zh-Hant-TW,còu,,,false,unicode-unihan-17@17.0.0:kHanyuPinyin,kHanyuPinyin,source-attested-unreviewed
謠,yue-HK,jiu4,,,false,unicode-unihan-17@17.0.0:kCantonese,kCantonese,source-attested-unreviewed
謠,zh-Hant-TW,yáo,,,false,unicode-unihan-17@17.0.0:kMandarin,kMandarin,source-attested-unreviewed
艦,yue-HK,laam6,,,false,unicode-unihan-17@17.0.0:kCantonese,kCantonese,source-attested-unreviewed
艦,zh-Hant-TW,jiàn,,,false,unicode-unihan-17@17.0.0:kMandarin,kMandarin,source-attested-unreviewed
丈,yue-HK,zoeng6,,,false,unicode-unihan-17@17.0.0:kCantonese,kCantonese,source-attested-unreviewed
丈,zh-Hant-TW,zhàng,,,false,unicode-unihan-17@17.0.0:kMandarin,kMandarin,source-attested-unreviewed
叉,yue-HK,caa1,,,false,unicode-unihan-17@17.0.0:kCantonese,kCantonese,source-attested-unreviewed
叉,yue-HK,caa5,mandarin-mapping:chǎ,,false,unicode-unihan-17@17.0.0:kSMSZD2003Readings,kSMSZD2003Readings,source-attested-unreviewed
叉,zh-Hant-TW,chā,,,false,unicode-unihan-17@17.0.0:kMandarin,kMandarin,source-attested-unreviewed
叉,zh-Hant-TW,chá,,,false,unicode-unihan-17@17.0.0:kHanyuPinyin,kHanyuPinyin,source-attested-unreviewed
叉,zh-Hant-TW,chǎ,,,false,unicode-unihan-17@17.0.0:kHanyuPinyin,kHanyuPinyin,source-attested-unreviewed
叉,zh-Hant-TW,chà,,,false,unicode-unihan-17@17.0.0:kHanyuPinyin,kHanyuPinyin,source-attested-unreviewed
瓦,yue-HK,ngaa5,,,false,unicode-unihan-17@17.0.0:kCantonese,kCantonese,source-attested-unreviewed
瓦,yue-HK,ngaa6,mandarin-mapping:wà,,false,unicode-unihan-17@17.0.0:kSMSZD2003Readings,kSMSZD2003Readings,source-attested-unreviewed
瓦,zh-Hant-TW,wǎ,,,false,unicode-unihan-17@17.0.0:kMandarin,kMandarin,source-attested-unreviewed
瓦,zh-Hant-TW,wà,,,false,unicode-unihan-17@17.0.0:kHanyuPinyin,kHanyuPinyin,source-attested-unreviewed
圾,yue-HK,saap3,,,false,unicode-unihan-17@17.0.0:kCantonese,kCantonese,source-attested-unreviewed
圾,zh-Hant-TW,jī,,,false,unicode-unihan-17@17.0.0:kMandarin,kMandarin,source-attested-unreviewed
圾,zh-Hant-TW,jí,,,false,unicode-unihan-17@17.0.0:kHanyuPinyin,kHanyuPinyin,source-attested-unreviewed
圾,zh-Hant-TW,jié,,,false,unicode-unihan-17@17.0.0:kHanyuPinyin,kHanyuPinyin,source-attested-unreviewed
旱,yue-HK,hon5,,,false,unicode-unihan-17@17.0.0:kCantonese,kCantonese,source-attested-unreviewed
旱,zh-Hant-TW,hàn,,,false,unicode-unihan-17@17.0.0:kMandarin,kMandarin,source-attested-unreviewed
垃,yue-HK,laap6,,,false,unicode-unihan-17@17.0.0:kCantonese,kCantonese,source-attested-unreviewed
垃,yue-HK,laai1,mandarin-mapping:la,,false,unicode-unihan-17@17.0.0:kSMSZD2003Readings,kSMSZD2003Readings,source-attested-unreviewed
垃,zh-Hant-TW,lā,,,false,unicode-unihan-17@17.0.0:kMandarin,kMandarin,source-attested-unreviewed
垃,zh-Hant-TW,la,,,false,unicode-unihan-17@17.0.0:kHanyuPinyin,kHanyuPinyin,source-attested-unreviewed
抹,yue-HK,mut3,,,false,unicode-unihan-17@17.0.0:kCantonese,kCantonese,source-attested-unreviewed
抹,yue-HK,maat3,mandarin-mapping:mǒ,,false,unicode-unihan-17@17.0.0:kSMSZD2003Readings,kSMSZD2003Readings,source-attested-unreviewed
抹,zh-Hant-TW,mǒ,,,false,unicode-unihan-17@17.0.0:kMandarin,kMandarin,source-attested-unreviewed
抹,zh-Hant-TW,mā,attested-count:10,,false,unicode-unihan-17@17.0.0:kHanyuPinlu,kHanyuPinlu,source-attested-unreviewed
抹,zh-Hant-TW,mò,,,false,unicode-unihan-17@17.0.0:kHanyuPinyin,kHanyuPinyin,source-attested-unreviewed
冠,yue-HK,gun1,,,false,unicode-unihan-17@17.0.0:kCantonese,kCantonese,source-attested-unreviewed
冠,yue-HK,gun3,mandarin-mapping:guàn,,false,unicode-unihan-17@17.0.0:kSMSZD2003Readings,kSMSZD2003Readings,source-attested-unreviewed
冠,zh-Hant-TW,guān,,,false,unicode-unihan-17@17.0.0:kMandarin,kMandarin,source-attested-unreviewed
冠,zh-Hant-TW,guàn,,,false,unicode-unihan-17@17.0.0:kHanyuPinyin,kHanyuPinyin,source-attested-unreviewed
幽,yue-HK,jau1,,,false,unicode-unihan-17@17.0.0:kCantonese,kCantonese,source-attested-unreviewed
幽,zh-Hant-TW,yōu,,,false,unicode-unihan-17@17.0.0:kMandarin,kMandarin,source-attested-unreviewed
恍,yue-HK,fong2,,,false,unicode-unihan-17@17.0.0:kCantonese,kCantonese,source-attested-unreviewed
恍,zh-Hant-TW,huǎng,,,false,unicode-unihan-17@17.0.0:kMandarin,kMandarin,source-attested-unreviewed
恍,zh-Hant-TW,guāng,,,false,unicode-unihan-17@17.0.0:kHanyuPinyin,kHanyuPinyin,source-attested-unreviewed
盈,yue-HK,jing4,,,false,unicode-unihan-17@17.0.0:kCantonese,kCantonese,source-attested-unreviewed
盈,zh-Hant-TW,yíng,,,false,unicode-unihan-17@17.0.0:kMandarin,kMandarin,source-attested-unreviewed
俱,yue-HK,keoi1,,,false,unicode-unihan-17@17.0.0:kCantonese,kCantonese,source-attested-unreviewed
俱,zh-Hant-TW,jù,,,false,unicode-unihan-17@17.0.0:kMandarin,kMandarin,source-attested-unreviewed
俱,zh-Hant-TW,jū,,,false,unicode-unihan-17@17.0.0:kHanyuPinyin,kHanyuPinyin,source-attested-unreviewed
烤,yue-HK,haau1,,,false,unicode-unihan-17@17.0.0:kCantonese,kCantonese,source-attested-unreviewed
烤,yue-HK,haau2,mandarin-mapping:kǎo,,false,unicode-unihan-17@17.0.0:kSMSZD2003Readings,kSMSZD2003Readings,source-attested-unreviewed
烤,zh-Hant-TW,kǎo,,,false,unicode-unihan-17@17.0.0:kMandarin,kMandarin,source-attested-unreviewed
狹,yue-HK,haap6,,,false,unicode-unihan-17@17.0.0:kCantonese,kCantonese,source-attested-unreviewed
狹,yue-HK,haap3,mandarin-mapping:xiá,,false,unicode-unihan-17@17.0.0:kSMSZD2003Readings,kSMSZD2003Readings,source-attested-unreviewed
狹,zh-Hant-TW,xiá,,,false,unicode-unihan-17@17.0.0:kMandarin,kMandarin,source-attested-unreviewed
荒,yue-HK,fong1,,,false,unicode-unihan-17@17.0.0:kCantonese,kCantonese,source-attested-unreviewed
荒,zh-Hant-TW,huāng,,,false,unicode-unihan-17@17.0.0:kMandarin,kMandarin,source-attested-unreviewed
荒,zh-Hant-TW,huǎng,,,false,unicode-unihan-17@17.0.0:kHanyuPinyin,kHanyuPinyin,source-attested-unreviewed
荒,zh-Hant-TW,kāng,,,false,unicode-unihan-17@17.0.0:kHanyuPinyin,kHanyuPinyin,source-attested-unreviewed
荒,zh-Hant-TW,huáng,,,false,unicode-unihan-17@17.0.0:kHanyuPinyin,kHanyuPinyin,source-attested-unreviewed
宿,yue-HK,suk1,,,false,unicode-unihan-17@17.0.0:kCantonese,kCantonese,source-attested-unreviewed
宿,yue-HK,sau3,mandarin-mapping:xiù,,false,unicode-unihan-17@17.0.0:kSMSZD2003Readings,kSMSZD2003Readings,source-attested-unreviewed
宿,zh-Hant-TW,sù,,,false,unicode-unihan-17@17.0.0:kMandarin,kMandarin,source-attested-unreviewed
宿,zh-Hant-TW,xiǔ,attested-count:15,,false,unicode-unihan-17@17.0.0:kHanyuPinlu,kHanyuPinlu,source-attested-unreviewed
宿,zh-Hant-TW,xiù,,,false,unicode-unihan-17@17.0.0:kHanyuPinyin,kHanyuPinyin,source-attested-unreviewed
宿,zh-Hant-TW,qī,,,false,unicode-unihan-17@17.0.0:kHanyuPinyin,kHanyuPinyin,source-attested-unreviewed
捷,yue-HK,zit6,,,false,unicode-unihan-17@17.0.0:kCantonese,kCantonese,source-attested-unreviewed
捷,zh-Hant-TW,jié,,,false,unicode-unihan-17@17.0.0:kMandarin,kMandarin,source-attested-unreviewed
捷,zh-Hant-TW,qiè,,,false,unicode-unihan-17@17.0.0:kHanyuPinyin,kHanyuPinyin,source-attested-unreviewed
捷,zh-Hant-TW,chā,,,false,unicode-unihan-17@17.0.0:kHanyuPinyin,kHanyuPinyin,source-attested-unreviewed
敏,yue-HK,man5,,,false,unicode-unihan-17@17.0.0:kCantonese,kCantonese,source-attested-unreviewed
敏,zh-Hant-TW,mǐn,,,false,unicode-unihan-17@17.0.0:kMandarin,kMandarin,source-attested-unreviewed
陪,yue-HK,pui4,,,false,unicode-unihan-17@17.0.0:kCantonese,kCantonese,source-attested-unreviewed
陪,zh-Hant-TW,péi,,,false,unicode-unihan-17@17.0.0:kMandarin,kMandarin,source-attested-unreviewed
喪,yue-HK,song1,,,false,unicode-unihan-17@17.0.0:kCantonese,kCantonese,source-attested-unreviewed
喪,yue-HK,song3,mandarin-mapping:sàng,,false,unicode-unihan-17@17.0.0:kSMSZD2003Readings,kSMSZD2003Readings,source-attested-unreviewed
喪,zh-Hant-TW,sàng,,,false,unicode-unihan-17@17.0.0:kMandarin,kMandarin,source-attested-unreviewed
喪,zh-Hant-TW,sāng,,,false,unicode-unihan-17@17.0.0:kHanyuPinyin,kHanyuPinyin,source-attested-unreviewed
愣,yue-HK,ling6,,,false,unicode-unihan-17@17.0.0:kCantonese,kCantonese,source-attested-unreviewed
愣,zh-Hant-TW,lèng,,,false,unicode-unihan-17@17.0.0:kMandarin,kMandarin,source-attested-unreviewed
棗,yue-HK,zou2,,,false,unicode-unihan-17@17.0.0:kCantonese,kCantonese,source-attested-unreviewed
棗,zh-Hant-TW,zǎo,,,false,unicode-unihan-17@17.0.0:kMandarin,kMandarin,source-attested-unreviewed
跨,yue-HK,kwaa3,,,false,unicode-unihan-17@17.0.0:kCantonese,kCantonese,source-attested-unreviewed
跨,yue-HK,kwaa1,mandarin-mapping:kuà,,false,unicode-unihan-17@17.0.0:kSMSZD2003Readings,kSMSZD2003Readings,source-attested-unreviewed
跨,zh-Hant-TW,kuà,,,false,unicode-unihan-17@17.0.0:kMandarin,kMandarin,source-attested-unreviewed
跨,zh-Hant-TW,kù,,,false,unicode-unihan-17@17.0.0:kHanyuPinyin,kHanyuPinyin,source-attested-unreviewed
跨,zh-Hant-TW,kuā,,,false,unicode-unihan-17@17.0.0:kHanyuPinyin,kHanyuPinyin,source-attested-unreviewed
跨,zh-Hant-TW,kuǎ,,,false,unicode-unihan-17@17.0.0:kHanyuPinyin,kHanyuPinyin,source-attested-unreviewed
墓,yue-HK,mou6,,,false,unicode-unihan-17@17.0.0:kCantonese,kCantonese,source-attested-unreviewed
墓,zh-Hant-TW,mù,,,false,unicode-unihan-17@17.0.0:kMandarin,kMandarin,source-attested-unreviewed
罵,yue-HK,maa6,,,false,unicode-unihan-17@17.0.0:kCantonese,kCantonese,source-attested-unreviewed
罵,zh-Hant-TW,mà,,,false,unicode-unihan-17@17.0.0:kMandarin,kMandarin,source-attested-unreviewed
蔗,yue-HK,ze3,,,false,unicode-unihan-17@17.0.0:kCantonese,kCantonese,source-attested-unreviewed
蔗,zh-Hant-TW,zhè,,,false,unicode-unihan-17@17.0.0:kMandarin,kMandarin,source-attested-unreviewed
蔗,zh-Hant-TW,zhe,attested-count:10,,false,unicode-unihan-17@17.0.0:kHanyuPinlu,kHanyuPinlu,source-attested-unreviewed
螂,yue-HK,long4,,,false,unicode-unihan-17@17.0.0:kCantonese,kCantonese,source-attested-unreviewed
螂,zh-Hant-TW,láng,,,false,unicode-unihan-17@17.0.0:kMandarin,kMandarin,source-attested-unreviewed
儘,yue-HK,zeon2,,,false,unicode-unihan-17@17.0.0:kCantonese,kCantonese,source-attested-unreviewed
儘,zh-Hant-TW,jǐn,,,false,unicode-unihan-17@17.0.0:kMandarin,kMandarin,source-attested-unreviewed
儘,zh-Hant-TW,jìn,,,false,unicode-unihan-17@17.0.0:kHanyuPinyin,kHanyuPinyin,source-attested-unreviewed
凝,yue-HK,jing4,,,false,unicode-unihan-17@17.0.0:kCantonese,kCantonese,source-attested-unreviewed
凝,zh-Hant-TW,níng,,,false,unicode-unihan-17@17.0.0:kMandarin,kMandarin,source-attested-unreviewed
霍,yue-HK,fok3,,,false,unicode-unihan-17@17.0.0:kCantonese,kCantonese,source-attested-unreviewed
霍,zh-Hant-TW,huò,,,false,unicode-unihan-17@17.0.0:kMandarin,kMandarin,source-attested-unreviewed
霍,zh-Hant-TW,hè,,,false,unicode-unihan-17@17.0.0:kHanyuPinyin,kHanyuPinyin,source-attested-unreviewed
霍,zh-Hant-TW,suǒ,,,false,unicode-unihan-17@17.0.0:kHanyuPinyin,kHanyuPinyin,source-attested-unreviewed
瞪,yue-HK,dang1,,,false,unicode-unihan-17@17.0.0:kCantonese,kCantonese,source-attested-unreviewed
瞪,yue-HK,dang6,mandarin-mapping:dèng,,false,unicode-unihan-17@17.0.0:kSMSZD2003Readings,kSMSZD2003Readings,source-attested-unreviewed
瞪,zh-Hant-TW,dèng,,,false,unicode-unihan-17@17.0.0:kMandarin,kMandarin,source-attested-unreviewed
螳,yue-HK,tong4,,,false,unicode-unihan-17@17.0.0:kCantonese,kCantonese,source-attested-unreviewed
螳,zh-Hant-TW,táng,,,false,unicode-unihan-17@17.0.0:kMandarin,kMandarin,source-attested-unreviewed
鍋,yue-HK,wo1,,,false,unicode-unihan-17@17.0.0:kCantonese,kCantonese,source-attested-unreviewed
鍋,zh-Hant-TW,guō,,,false,unicode-unihan-17@17.0.0:kMandarin,kMandarin,source-attested-unreviewed
鍋,zh-Hant-TW,guǒ,,,false,unicode-unihan-17@17.0.0:kHanyuPinyin,kHanyuPinyin,source-attested-unreviewed
韓,yue-HK,hon4,,,false,unicode-unihan-17@17.0.0:kCantonese,kCantonese,source-attested-unreviewed
韓,zh-Hant-TW,hán,,,false,unicode-unihan-17@17.0.0:kMandarin,kMandarin,source-attested-unreviewed
瀑,yue-HK,buk6,,,false,unicode-unihan-17@17.0.0:kCantonese,kCantonese,source-attested-unreviewed
瀑,yue-HK,bou6,mandarin-mapping:bào,,false,unicode-unihan-17@17.0.0:kSMSZD2003Readings,kSMSZD2003Readings,source-attested-unreviewed
瀑,zh-Hant-TW,pù,,,false,unicode-unihan-17@17.0.0:kMandarin,kMandarin,source-attested-unreviewed
瀑,zh-Hant-TW,bào,,,false,unicode-unihan-17@17.0.0:kHanyuPinyin,kHanyuPinyin,source-attested-unreviewed
瀑,zh-Hant-TW,bó,,,false,unicode-unihan-17@17.0.0:kHanyuPinyin,kHanyuPinyin,source-attested-unreviewed
攀,yue-HK,paan1,,,false,unicode-unihan-17@17.0.0:kCantonese,kCantonese,source-attested-unreviewed
攀,zh-Hant-TW,pān,,,false,unicode-unihan-17@17.0.0:kMandarin,kMandarin,source-attested-unreviewed
繳,yue-HK,giu2,,,false,unicode-unihan-17@17.0.0:kCantonese,kCantonese,source-attested-unreviewed
繳,yue-HK,zoek3,mandarin-mapping:zhuó,,false,unicode-unihan-17@17.0.0:kSMSZD2003Readings,kSMSZD2003Readings,source-attested-unreviewed
繳,zh-Hant-TW,jiǎo,,,false,unicode-unihan-17@17.0.0:kMandarin,kMandarin,source-attested-unreviewed
繳,zh-Hant-TW,zhuó,,,false,unicode-unihan-17@17.0.0:kHanyuPinyin,kHanyuPinyin,source-attested-unreviewed
繳,zh-Hant-TW,jiào,,,false,unicode-unihan-17@17.0.0:kHanyuPinyin,kHanyuPinyin,source-attested-unreviewed
繳,zh-Hant-TW,hé,,,false,unicode-unihan-17@17.0.0:kHanyuPinyin,kHanyuPinyin,source-attested-unreviewed
騙,yue-HK,pin3,,,false,unicode-unihan-17@17.0.0:kCantonese,kCantonese,source-attested-unreviewed
騙,zh-Hant-TW,piàn,,,false,unicode-unihan-17@17.0.0:kMandarin,kMandarin,source-attested-unreviewed
攔,yue-HK,laan4,,,false,unicode-unihan-17@17.0.0:kCantonese,kCantonese,source-attested-unreviewed
攔,zh-Hant-TW,lán,,,false,unicode-unihan-17@17.0.0:kMandarin,kMandarin,source-attested-unreviewed
鏽,yue-HK,sau3,,,false,unicode-unihan-17@17.0.0:kCantonese,kCantonese,source-attested-unreviewed
鏽,zh-Hant-TW,xiù,,,false,unicode-unihan-17@17.0.0:kMandarin,kMandarin,source-attested-unreviewed
聾,yue-HK,lung4,,,false,unicode-unihan-17@17.0.0:kCantonese,kCantonese,source-attested-unreviewed
聾,zh-Hant-TW,lóng,,,false,unicode-unihan-17@17.0.0:kMandarin,kMandarin,source-attested-unreviewed
予,yue-HK,jyu4,,,false,unicode-unihan-17@17.0.0:kCantonese,kCantonese,source-attested-unreviewed
予,yue-HK,jyu5,mandarin-mapping:yǔ,,false,unicode-unihan-17@17.0.0:kSMSZD2003Readings,kSMSZD2003Readings,source-attested-unreviewed
予,zh-Hant-TW,yǔ,,,false,unicode-unihan-17@17.0.0:kMandarin,kMandarin,source-attested-unreviewed
予,zh-Hant-TW,yú,,,false,unicode-unihan-17@17.0.0:kHanyuPinyin,kHanyuPinyin,source-attested-unreviewed
予,zh-Hant-TW,zhù,,,false,unicode-unihan-17@17.0.0:kHanyuPinyin,kHanyuPinyin,source-attested-unreviewed
幻,yue-HK,waan6,,,false,unicode-unihan-17@17.0.0:kCantonese,kCantonese,source-attested-unreviewed
幻,zh-Hant-TW,huàn,,,false,unicode-unihan-17@17.0.0:kMandarin,kMandarin,source-attested-unreviewed
禾,yue-HK,wo4,,,false,unicode-unihan-17@17.0.0:kCantonese,kCantonese,source-attested-unreviewed
禾,zh-Hant-TW,hé,,,false,unicode-unihan-17@17.0.0:kMandarin,kMandarin,source-attested-unreviewed
污,yue-HK,wu1,,,false,unicode-unihan-17@17.0.0:kCantonese,kCantonese,source-attested-unreviewed
污,zh-Hant-TW,wū,,,false,unicode-unihan-17@17.0.0:kMandarin,kMandarin,source-attested-unreviewed
吾,yue-HK,ng4,,,false,unicode-unihan-17@17.0.0:kCantonese,kCantonese,source-attested-unreviewed
吾,zh-Hant-TW,wú,,,false,unicode-unihan-17@17.0.0:kMandarin,kMandarin,source-attested-unreviewed
吾,zh-Hant-TW,yú,,,false,unicode-unihan-17@17.0.0:kHanyuPinyin,kHanyuPinyin,source-attested-unreviewed
吾,zh-Hant-TW,yá,,,false,unicode-unihan-17@17.0.0:kHanyuPinyin,kHanyuPinyin,source-attested-unreviewed
呃,yue-HK,ak1,,,false,unicode-unihan-17@17.0.0:kCantonese,kCantonese,source-attested-unreviewed
呃,yue-HK,aak1,mandarin-mapping:è,,false,unicode-unihan-17@17.0.0:kSMSZD2003Readings,kSMSZD2003Readings,source-attested-unreviewed
呃,zh-Hant-TW,è,,,false,unicode-unihan-17@17.0.0:kMandarin,kMandarin,source-attested-unreviewed
呃,zh-Hant-TW,ài,,,false,unicode-unihan-17@17.0.0:kHanyuPinyin,kHanyuPinyin,source-attested-unreviewed
呃,zh-Hant-TW,e,,,false,unicode-unihan-17@17.0.0:kHanyuPinyin,kHanyuPinyin,source-attested-unreviewed
呂,yue-HK,leoi5,,,false,unicode-unihan-17@17.0.0:kCantonese,kCantonese,source-attested-unreviewed
呂,zh-Hant-TW,lǚ,,,false,unicode-unihan-17@17.0.0:kMandarin,kMandarin,source-attested-unreviewed
杉,yue-HK,caam3,,,false,unicode-unihan-17@17.0.0:kCantonese,kCantonese,source-attested-unreviewed
杉,yue-HK,saam1,mandarin-mapping:shān,,false,unicode-unihan-17@17.0.0:kSMSZD2003Readings,kSMSZD2003Readings,source-attested-unreviewed
杉,zh-Hant-TW,shān,,,false,unicode-unihan-17@17.0.0:kMandarin,kMandarin,source-attested-unreviewed
杉,zh-Hant-TW,shā,,,false,unicode-unihan-17@17.0.0:kHanyuPinyin,kHanyuPinyin,source-attested-unreviewed
禿,yue-HK,tuk1,,,false,unicode-unihan-17@17.0.0:kCantonese,kCantonese,source-attested-unreviewed
禿,zh-Hant-TW,tū,,,false,unicode-unihan-17@17.0.0:kMandarin,kMandarin,source-attested-unreviewed
享,yue-HK,hoeng2,,,false,unicode-unihan-17@17.0.0:kCantonese,kCantonese,source-attested-unreviewed
享,zh-Hant-TW,xiǎng,,,false,unicode-unihan-17@17.0.0:kMandarin,kMandarin,source-attested-unreviewed
卷,yue-HK,gyun2,,,false,unicode-unihan-17@17.0.0:kCantonese,kCantonese,source-attested-unreviewed
卷,yue-HK,kyun1,mandarin-mapping:quán,,false,unicode-unihan-17@17.0.0:kSMSZD2003Readings,kSMSZD2003Readings,source-attested-unreviewed
卷,zh-Hant-TW,juǎn,,,false,unicode-unihan-17@17.0.0:kMandarin,kMandarin,source-attested-unreviewed
卷,zh-Hant-TW,juàn,attested-count:14,,false,unicode-unihan-17@17.0.0:kHanyuPinlu,kHanyuPinlu,source-attested-unreviewed
卷,zh-Hant-TW,quán,,,false,unicode-unihan-17@17.0.0:kHanyuPinyin,kHanyuPinyin,source-attested-unreviewed
卷,zh-Hant-TW,quān,,,false,unicode-unihan-17@17.0.0:kHanyuPinyin,kHanyuPinyin,source-attested-unreviewed
卷,zh-Hant-TW,gǔn,,,false,unicode-unihan-17@17.0.0:kHanyuPinyin,kHanyuPinyin,source-attested-unreviewed
卷,zh-Hant-TW,jùn,,,false,unicode-unihan-17@17.0.0:kHanyuPinyin,kHanyuPinyin,source-attested-unreviewed
咐,yue-HK,fu3,,,false,unicode-unihan-17@17.0.0:kCantonese,kCantonese,source-attested-unreviewed
咐,zh-Hant-TW,fù,,,false,unicode-unihan-17@17.0.0:kMandarin,kMandarin,source-attested-unreviewed
咐,zh-Hant-TW,fu,attested-count:72,,false,unicode-unihan-17@17.0.0:kHanyuPinlu,kHanyuPinlu,source-attested-unreviewed
咐,zh-Hant-TW,fú,,,false,unicode-unihan-17@17.0.0:kHanyuPinyin,kHanyuPinyin,source-attested-unreviewed
帕,yue-HK,paak3,,,false,unicode-unihan-17@17.0.0:kCantonese,kCantonese,source-attested-unreviewed
帕,zh-Hant-TW,pà,,,false,unicode-unihan-17@17.0.0:kMandarin,kMandarin,source-attested-unreviewed
帕,zh-Hant-TW,mò,,,false,unicode-unihan-17@17.0.0:kHanyuPinyin,kHanyuPinyin,source-attested-unreviewed
昂,yue-HK,ngong4,,,false,unicode-unihan-17@17.0.0:kCantonese,kCantonese,source-attested-unreviewed
昂,zh-Hant-TW,áng,,,false,unicode-unihan-17@17.0.0:kMandarin,kMandarin,source-attested-unreviewed
昂,zh-Hant-TW,yàng,,,false,unicode-unihan-17@17.0.0:kHanyuPinyin,kHanyuPinyin,source-attested-unreviewed
杰,yue-HK,git6,,,false,unicode-unihan-17@17.0.0:kCantonese,kCantonese,source-attested-unreviewed
杰,zh-Hant-TW,jié,,,false,unicode-unihan-17@17.0.0:kMandarin,kMandarin,source-attested-unreviewed
珀,yue-HK,paak3,,,false,unicode-unihan-17@17.0.0:kCantonese,kCantonese,source-attested-unreviewed
珀,zh-Hant-TW,pò,,,false,unicode-unihan-17@17.0.0:kMandarin,kMandarin,source-attested-unreviewed
緻,yue-HK,zi3,,,false,unicode-unihan-17@17.0.0:kCantonese,kCantonese,source-attested-unreviewed
緻,zh-Hant-TW,zhì,,,false,unicode-unihan-17@17.0.0:kMandarin,kMandarin,source-attested-unreviewed
畝,yue-HK,mau5,,,false,unicode-unihan-17@17.0.0:kCantonese,kCantonese,source-attested-unreviewed
畝,zh-Hant-TW,mǔ,,,false,unicode-unihan-17@17.0.0:kMandarin,kMandarin,source-attested-unreviewed
畝,zh-Hant-TW,mǒu,,,false,unicode-unihan-17@17.0.0:kHanyuPinyin,kHanyuPinyin,source-attested-unreviewed
翁,yue-HK,jung1,,,false,unicode-unihan-17@17.0.0:kCantonese,kCantonese,source-attested-unreviewed
翁,zh-Hant-TW,wēng,,,false,unicode-unihan-17@17.0.0:kMandarin,kMandarin,source-attested-unreviewed
翁,zh-Hant-TW,wěng,,,false,unicode-unihan-17@17.0.0:kHanyuPinyin,kHanyuPinyin,source-attested-unreviewed
脈,yue-HK,mak6,,,false,unicode-unihan-17@17.0.0:kCantonese,kCantonese,source-attested-unreviewed
脈,zh-Hant-TW,mài,,,false,unicode-unihan-17@17.0.0:kMandarin,kMandarin,source-attested-unreviewed
蚪,yue-HK,dau2,,,false,unicode-unihan-17@17.0.0:kCantonese,kCantonese,source-attested-unreviewed
蚪,zh-Hant-TW,dǒu,,,false,unicode-unihan-17@17.0.0:kMandarin,kMandarin,source-attested-unreviewed
堵,yue-HK,dou2,,,false,unicode-unihan-17@17.0.0:kCantonese,kCantonese,source-attested-unreviewed
堵,zh-Hant-TW,dǔ,,,false,unicode-unihan-17@17.0.0:kMandarin,kMandarin,source-attested-unreviewed
堵,zh-Hant-TW,zhě,,,false,unicode-unihan-17@17.0.0:kHanyuPinyin,kHanyuPinyin,source-attested-unreviewed
堵,zh-Hant-TW,dū,,,false,unicode-unihan-17@17.0.0:kHanyuPinyin,kHanyuPinyin,source-attested-unreviewed
祥,yue-HK,coeng4,,,false,unicode-unihan-17@17.0.0:kCantonese,kCantonese,source-attested-unreviewed
祥,zh-Hant-TW,xiáng,,,false,unicode-unihan-17@17.0.0:kMandarin,kMandarin,source-attested-unreviewed
紳,yue-HK,san1,,,false,unicode-unihan-17@17.0.0:kCantonese,kCantonese,source-attested-unreviewed
紳,zh-Hant-TW,shēn,,,false,unicode-unihan-17@17.0.0:kMandarin,kMandarin,source-attested-unreviewed
逝,yue-HK,sai6,,,false,unicode-unihan-17@17.0.0:kCantonese,kCantonese,source-attested-unreviewed
逝,zh-Hant-TW,shì,,,false,unicode-unihan-17@17.0.0:kMandarin,kMandarin,source-attested-unreviewed
港,yue-HK,gong2,,,false,unicode-unihan-17@17.0.0:kCantonese,kCantonese,source-attested-unreviewed
港,zh-Hant-TW,gǎng,,,false,unicode-unihan-17@17.0.0:kMandarin,kMandarin,source-attested-unreviewed
港,zh-Hant-TW,hòng,,,false,unicode-unihan-17@17.0.0:kHanyuPinyin,kHanyuPinyin,source-attested-unreviewed
琥,yue-HK,fu2,,,false,unicode-unihan-17@17.0.0:kCantonese,kCantonese,source-attested-unreviewed
琥,zh-Hant-TW,hǔ,,,false,unicode-unihan-17@17.0.0:kMandarin,kMandarin,source-attested-unreviewed
廉,yue-HK,lim4,,,false,unicode-unihan-17@17.0.0:kCantonese,kCantonese,source-attested-unreviewed
廉,zh-Hant-TW,lián,,,false,unicode-unihan-17@17.0.0:kMandarin,kMandarin,source-attested-unreviewed
搏,yue-HK,bok3,,,false,unicode-unihan-17@17.0.0:kCantonese,kCantonese,source-attested-unreviewed
搏,zh-Hant-TW,bó,,,false,unicode-unihan-17@17.0.0:kMandarin,kMandarin,source-attested-unreviewed
搜,yue-HK,sau1,,,false,unicode-unihan-17@17.0.0:kCantonese,kCantonese,source-attested-unreviewed
搜,yue-HK,sau2,mandarin-mapping:sōu,,false,unicode-unihan-17@17.0.0:kSMSZD2003Readings,kSMSZD2003Readings,source-attested-unreviewed
搜,zh-Hant-TW,sōu,,,false,unicode-unihan-17@17.0.0:kMandarin,kMandarin,source-attested-unreviewed
搜,zh-Hant-TW,xiāo,,,false,unicode-unihan-17@17.0.0:kHanyuPinyin,kHanyuPinyin,source-attested-unreviewed
搜,zh-Hant-TW,sòu,,,false,unicode-unihan-17@17.0.0:kHanyuPinyin,kHanyuPinyin,source-attested-unreviewed
搜,zh-Hant-TW,shǎo,,,false,unicode-unihan-17@17.0.0:kHanyuPinyin,kHanyuPinyin,source-attested-unreviewed
瑞,yue-HK,seoi6,,,false,unicode-unihan-17@17.0.0:kCantonese,kCantonese,source-attested-unreviewed
瑞,zh-Hant-TW,ruì,,,false,unicode-unihan-17@17.0.0:kMandarin,kMandarin,source-attested-unreviewed
綁,yue-HK,bong2,,,false,unicode-unihan-17@17.0.0:kCantonese,kCantonese,source-attested-unreviewed
綁,zh-Hant-TW,bǎng,,,false,unicode-unihan-17@17.0.0:kMandarin,kMandarin,source-attested-unreviewed
榴,yue-HK,lau4,,,false,unicode-unihan-17@17.0.0:kCantonese,kCantonese,source-attested-unreviewed
榴,zh-Hant-TW,liú,,,false,unicode-unihan-17@17.0.0:kMandarin,kMandarin,source-attested-unreviewed
歉,yue-HK,hip3,,,false,unicode-unihan-17@17.0.0:kCantonese,kCantonese,source-attested-unreviewed
歉,yue-HK,him3,mandarin-mapping:qiàn,,false,unicode-unihan-17@17.0.0:kSMSZD2003Readings,kSMSZD2003Readings,source-attested-unreviewed
歉,zh-Hant-TW,qiàn,,,false,unicode-unihan-17@17.0.0:kMandarin,kMandarin,source-attested-unreviewed
儉,yue-HK,gim6,,,false,unicode-unihan-17@17.0.0:kCantonese,kCantonese,source-attested-unreviewed
儉,zh-Hant-TW,jiǎn,,,false,unicode-unihan-17@17.0.0:kMandarin,kMandarin,source-attested-unreviewed
撕,yue-HK,si1,,,false,unicode-unihan-17@17.0.0:kCantonese,kCantonese,source-attested-unreviewed
撕,zh-Hant-TW,sī,,,false,unicode-unihan-17@17.0.0:kMandarin,kMandarin,source-attested-unreviewed
撕,zh-Hant-TW,xī,,,false,unicode-unihan-17@17.0.0:kHanyuPinyin,kHanyuPinyin,source-attested-unreviewed
撫,yue-HK,fu2,,,false,unicode-unihan-17@17.0.0:kCantonese,kCantonese,source-attested-unreviewed
撫,zh-Hant-TW,fǔ,,,false,unicode-unihan-17@17.0.0:kMandarin,kMandarin,source-attested-unreviewed
撫,zh-Hant-TW,mó,,,false,unicode-unihan-17@17.0.0:kHanyuPinyin,kHanyuPinyin,source-attested-unreviewed
蝌,yue-HK,fo1,,,false,unicode-unihan-17@17.0.0:kCantonese,kCantonese,source-attested-unreviewed
蝌,zh-Hant-TW,kē,,,false,unicode-unihan-17@17.0.0:kMandarin,kMandarin,source-attested-unreviewed
懇,yue-HK,han2,,,false,unicode-unihan-17@17.0.0:kCantonese,kCantonese,source-attested-unreviewed
懇,zh-Hant-TW,kěn,,,false,unicode-unihan-17@17.0.0:kMandarin,kMandarin,source-attested-unreviewed
檔,yue-HK,dong3,,,false,unicode-unihan-17@17.0.0:kCantonese,kCantonese,source-attested-unreviewed
檔,zh-Hant-TW,dàng,,,false,unicode-unihan-17@17.0.0:kMandarin,kMandarin,source-attested-unreviewed
檔,zh-Hant-TW,dāng,,,false,unicode-unihan-17@17.0.0:kHanyuPinyin,kHanyuPinyin,source-attested-unreviewed
霜,yue-HK,soeng1,,,false,unicode-unihan-17@17.0.0:kCantonese,kCantonese,source-attested-unreviewed
霜,zh-Hant-TW,shuāng,,,false,unicode-unihan-17@17.0.0:kMandarin,kMandarin,source-attested-unreviewed
朦,yue-HK,mung4,,,false,unicode-unihan-17@17.0.0:kCantonese,kCantonese,source-attested-unreviewed
朦,zh-Hant-TW,méng,,,false,unicode-unihan-17@17.0.0:kMandarin,kMandarin,source-attested-unreviewed
朦,zh-Hant-TW,mǎng,,,false,unicode-unihan-17@17.0.0:kHanyuPinyin,kHanyuPinyin,source-attested-unreviewed
繡,yue-HK,sau3,,,false,unicode-unihan-17@17.0.0:kCantonese,kCantonese,source-attested-unreviewed
繡,zh-Hant-TW,xiù,,,false,unicode-unihan-17@17.0.0:kMandarin,kMandarin,source-attested-unreviewed
簽,yue-HK,cim1,,,false,unicode-unihan-17@17.0.0:kCantonese,kCantonese,source-attested-unreviewed
簽,zh-Hant-TW,qiān,,,false,unicode-unihan-17@17.0.0:kMandarin,kMandarin,source-attested-unreviewed
贈,yue-HK,zang6,,,false,unicode-unihan-17@17.0.0:kCantonese,kCantonese,source-attested-unreviewed
贈,zh-Hant-TW,zèng,,,false,unicode-unihan-17@17.0.0:kMandarin,kMandarin,source-attested-unreviewed
辭,yue-HK,ci4,,,false,unicode-unihan-17@17.0.0:kCantonese,kCantonese,source-attested-unreviewed
辭,zh-Hant-TW,cí,,,false,unicode-unihan-17@17.0.0:kMandarin,kMandarin,source-attested-unreviewed
嚼,yue-HK,zoek3,,,false,unicode-unihan-17@17.0.0:kCantonese,kCantonese,source-attested-unreviewed
嚼,yue-HK,ziu6,mandarin-mapping:jiào,,false,unicode-unihan-17@17.0.0:kSMSZD2003Readings,kSMSZD2003Readings,source-attested-unreviewed
嚼,zh-Hant-TW,jué,,,false,unicode-unihan-17@17.0.0:kMandarin,kMandarin,source-attested-unreviewed
嚼,zh-Hant-TW,jiáo,,,false,unicode-unihan-17@17.0.0:kHanyuPinyin,kHanyuPinyin,source-attested-unreviewed
朧,yue-HK,lung4,,,false,unicode-unihan-17@17.0.0:kCantonese,kCantonese,source-attested-unreviewed
朧,zh-Hant-TW,lóng,,,false,unicode-unihan-17@17.0.0:kMandarin,kMandarin,source-attested-unreviewed
朧,zh-Hant-TW,lǒng,,,false,unicode-unihan-17@17.0.0:kHanyuPinyin,kHanyuPinyin,source-attested-unreviewed
饒,yue-HK,jiu4,,,false,unicode-unihan-17@17.0.0:kCantonese,kCantonese,source-attested-unreviewed
饒,zh-Hant-TW,ráo,,,false,unicode-unihan-17@17.0.0:kMandarin,kMandarin,source-attested-unreviewed
顫,yue-HK,zin3,,,false,unicode-unihan-17@17.0.0:kCantonese,kCantonese,source-attested-unreviewed
顫,zh-Hant-TW,chàn,,,false,unicode-unihan-17@17.0.0:kMandarin,kMandarin,source-attested-unreviewed
顫,zh-Hant-TW,zhàn,,,false,unicode-unihan-17@17.0.0:kHanyuPinyin,kHanyuPinyin,source-attested-unreviewed
顫,zh-Hant-TW,shān,,,false,unicode-unihan-17@17.0.0:kHanyuPinyin,kHanyuPinyin,source-attested-unreviewed
尤,yue-HK,jau4,,,false,unicode-unihan-17@17.0.0:kCantonese,kCantonese,source-attested-unreviewed
尤,zh-Hant-TW,yóu,,,false,unicode-unihan-17@17.0.0:kMandarin,kMandarin,source-attested-unreviewed
爪,yue-HK,zaau2,,,false,unicode-unihan-17@17.0.0:kCantonese,kCantonese,source-attested-unreviewed
爪,zh-Hant-TW,zhǎo,,,false,unicode-unihan-17@17.0.0:kMandarin,kMandarin,source-attested-unreviewed
爪,zh-Hant-TW,zhuǎ,attested-count:12,,false,unicode-unihan-17@17.0.0:kHanyuPinlu,kHanyuPinlu,source-attested-unreviewed
戊,yue-HK,mou6,,,false,unicode-unihan-17@17.0.0:kCantonese,kCantonese,source-attested-unreviewed
戊,zh-Hant-TW,wù,,,false,unicode-unihan-17@17.0.0:kMandarin,kMandarin,source-attested-unreviewed
吒,yue-HK,zaa1,,,false,unicode-unihan-17@17.0.0:kCantonese,kCantonese,source-attested-unreviewed
吒,zh-Hant-TW,zhā,,,false,unicode-unihan-17@17.0.0:kMandarin,kMandarin,source-attested-unreviewed
吒,zh-Hant-TW,zhà,,,false,unicode-unihan-17@17.0.0:kHanyuPinyin,kHanyuPinyin,source-attested-unreviewed
宏,yue-HK,wang4,,,false,unicode-unihan-17@17.0.0:kCantonese,kCantonese,source-attested-unreviewed
宏,zh-Hant-TW,hóng,,,false,unicode-unihan-17@17.0.0:kMandarin,kMandarin,source-attested-unreviewed
汪,yue-HK,wong1,,,false,unicode-unihan-17@17.0.0:kCantonese,kCantonese,source-attested-unreviewed
汪,zh-Hant-TW,wāng,,,false,unicode-unihan-17@17.0.0:kMandarin,kMandarin,source-attested-unreviewed
汪,zh-Hant-TW,wǎng,,,false,unicode-unihan-17@17.0.0:kHanyuPinyin,kHanyuPinyin,source-attested-unreviewed
汪,zh-Hant-TW,hóng,,,false,unicode-unihan-17@17.0.0:kHanyuPinyin,kHanyuPinyin,source-attested-unreviewed
甸,yue-HK,din6,,,false,unicode-unihan-17@17.0.0:kCantonese,kCantonese,source-attested-unreviewed
甸,zh-Hant-TW,diàn,,,false,unicode-unihan-17@17.0.0:kMandarin,kMandarin,source-attested-unreviewed
甸,zh-Hant-TW,diān,attested-count:28,,false,unicode-unihan-17@17.0.0:kHanyuPinlu,kHanyuPinlu,source-attested-unreviewed
甸,zh-Hant-TW,tián,,,false,unicode-unihan-17@17.0.0:kHanyuPinyin,kHanyuPinyin,source-attested-unreviewed
甸,zh-Hant-TW,shèng,,,false,unicode-unihan-17@17.0.0:kHanyuPinyin,kHanyuPinyin,source-attested-unreviewed
甸,zh-Hant-TW,yìng,,,false,unicode-unihan-17@17.0.0:kHanyuPinyin,kHanyuPinyin,source-attested-unreviewed
簾,yue-HK,lim4,,,false,unicode-unihan-17@17.0.0:kCantonese,kCantonese,source-attested-unreviewed
簾,zh-Hant-TW,lián,,,false,unicode-unihan-17@17.0.0:kMandarin,kMandarin,source-attested-unreviewed
炕,yue-HK,kong3,,,false,unicode-unihan-17@17.0.0:kCantonese,kCantonese,source-attested-unreviewed
炕,yue-HK,hong3,mandarin-mapping:kàng,,false,unicode-unihan-17@17.0.0:kSMSZD2003Readings,kSMSZD2003Readings,source-attested-unreviewed
炕,zh-Hant-TW,kàng,,,false,unicode-unihan-17@17.0.0:kMandarin,kMandarin,source-attested-unreviewed
炕,zh-Hant-TW,hāng,,,false,unicode-unihan-17@17.0.0:kHanyuPinyin,kHanyuPinyin,source-attested-unreviewed
錶,yue-HK,biu1,,,false,unicode-unihan-17@17.0.0:kCantonese,kCantonese,source-attested-unreviewed
錶,zh-Hant-TW,biǎo,,,false,unicode-unihan-17@17.0.0:kMandarin,kMandarin,source-attested-unreviewed
亭,yue-HK,ting4,,,false,unicode-unihan-17@17.0.0:kCantonese,kCantonese,source-attested-unreviewed
亭,zh-Hant-TW,tíng,,,false,unicode-unihan-17@17.0.0:kMandarin,kMandarin,source-attested-unreviewed
俗,yue-HK,zuk6,,,false,unicode-unihan-17@17.0.0:kCantonese,kCantonese,source-attested-unreviewed
俗,zh-Hant-TW,sú,,,false,unicode-unihan-17@17.0.0:kMandarin,kMandarin,source-attested-unreviewed
恆,yue-HK,hang4,,,false,unicode-unihan-17@17.0.0:kCantonese,kCantonese,source-attested-unreviewed
恆,zh-Hant-TW,héng,,,false,unicode-unihan-17@17.0.0:kMandarin,kMandarin,source-attested-unreviewed
恆,zh-Hant-TW,gèng,,,false,unicode-unihan-17@17.0.0:kHanyuPinyin,kHanyuPinyin,source-attested-unreviewed
拜,yue-HK,baai3,,,false,unicode-unihan-17@17.0.0:kCantonese,kCantonese,source-attested-unreviewed
拜,zh-Hant-TW,bài,,,false,unicode-unihan-17@17.0.0:kMandarin,kMandarin,source-attested-unreviewed
胎,yue-HK,toi1,,,false,unicode-unihan-17@17.0.0:kCantonese,kCantonese,source-attested-unreviewed
胎,zh-Hant-TW,tāi,,,false,unicode-unihan-17@17.0.0:kMandarin,kMandarin,source-attested-unreviewed
衫,yue-HK,saam1,,,false,unicode-unihan-17@17.0.0:kCantonese,kCantonese,source-attested-unreviewed
衫,zh-Hant-TW,shān,,,false,unicode-unihan-17@17.0.0:kMandarin,kMandarin,source-attested-unreviewed
傢,yue-HK,gaa1,,,false,unicode-unihan-17@17.0.0:kCantonese,kCantonese,source-attested-unreviewed
傢,zh-Hant-TW,jiā,,,false,unicode-unihan-17@17.0.0:kMandarin,kMandarin,source-attested-unreviewed
傢,zh-Hant-TW,xiàng,,,false,unicode-unihan-17@17.0.0:kHanyuPinyin,kHanyuPinyin,source-attested-unreviewed
疲,yue-HK,pei4,,,false,unicode-unihan-17@17.0.0:kCantonese,kCantonese,source-attested-unreviewed
疲,zh-Hant-TW,pí,,,false,unicode-unihan-17@17.0.0:kMandarin,kMandarin,source-attested-unreviewed
陡,yue-HK,dau2,,,false,unicode-unihan-17@17.0.0:kCantonese,kCantonese,source-attested-unreviewed
陡,zh-Hant-TW,dǒu,,,false,unicode-unihan-17@17.0.0:kMandarin,kMandarin,source-attested-unreviewed
陝,yue-HK,sim2,,,false,unicode-unihan-17@17.0.0:kCantonese,kCantonese,source-attested-unreviewed
陝,zh-Hant-TW,shǎn,,,false,unicode-unihan-17@17.0.0:kMandarin,kMandarin,source-attested-unreviewed
悼,yue-HK,dou6,,,false,unicode-unihan-17@17.0.0:kCantonese,kCantonese,source-attested-unreviewed
悼,zh-Hant-TW,dào,,,false,unicode-unihan-17@17.0.0:kMandarin,kMandarin,source-attested-unreviewed
梢,yue-HK,saau1,,,false,unicode-unihan-17@17.0.0:kCantonese,kCantonese,source-attested-unreviewed
梢,zh-Hant-TW,shāo,,,false,unicode-unihan-17@17.0.0:kMandarin,kMandarin,source-attested-unreviewed
梢,zh-Hant-TW,shào,,,false,unicode-unihan-17@17.0.0:kHanyuPinyin,kHanyuPinyin,source-attested-unreviewed
梢,zh-Hant-TW,xiāo,,,false,unicode-unihan-17@17.0.0:kHanyuPinyin,kHanyuPinyin,source-attested-unreviewed
淮,yue-HK,waai4,,,false,unicode-unihan-17@17.0.0:kCantonese,kCantonese,source-attested-unreviewed
淮,zh-Hant-TW,huái,,,false,unicode-unihan-17@17.0.0:kMandarin,kMandarin,source-attested-unreviewed
惑,yue-HK,waak6,,,false,unicode-unihan-17@17.0.0:kCantonese,kCantonese,source-attested-unreviewed
惑,zh-Hant-TW,huò,,,false,unicode-unihan-17@17.0.0:kMandarin,kMandarin,source-attested-unreviewed
惑,zh-Hant-TW,huo,attested-count:11,,false,unicode-unihan-17@17.0.0:kHanyuPinlu,kHanyuPinlu,source-attested-unreviewed
敦,yue-HK,deon1,,,false,unicode-unihan-17@17.0.0:kCantonese,kCantonese,source-attested-unreviewed
敦,yue-HK,deoi3,mandarin-mapping:duì,,false,unicode-unihan-17@17.0.0:kSMSZD2003Readings,kSMSZD2003Readings,source-attested-unreviewed
敦,yue-HK,deoi1,mandarin-mapping:duī,,false,unicode-unihan-17@17.0.0:kSMSZD2003Readings,kSMSZD2003Readings,source-attested-unreviewed
敦,zh-Hant-TW,dūn,,,false,unicode-unihan-17@17.0.0:kMandarin,kMandarin,source-attested-unreviewed
敦,zh-Hant-TW,duī,,,false,unicode-unihan-17@17.0.0:kHanyuPinyin,kHanyuPinyin,source-attested-unreviewed
敦,zh-Hant-TW,tuán,,,false,unicode-unihan-17@17.0.0:kHanyuPinyin,kHanyuPinyin,source-attested-unreviewed
敦,zh-Hant-TW,diāo,,,false,unicode-unihan-17@17.0.0:kHanyuPinyin,kHanyuPinyin,source-attested-unreviewed
敦,zh-Hant-TW,dùn,,,false,unicode-unihan-17@17.0.0:kHanyuPinyin,kHanyuPinyin,source-attested-unreviewed
敦,zh-Hant-TW,dào,,,false,unicode-unihan-17@17.0.0:kHanyuPinyin,kHanyuPinyin,source-attested-unreviewed
敦,zh-Hant-TW,zhǔn,,,false,unicode-unihan-17@17.0.0:kHanyuPinyin,kHanyuPinyin,source-attested-unreviewed
敦,zh-Hant-TW,tūn,,,false,unicode-unihan-17@17.0.0:kHanyuPinyin,kHanyuPinyin,source-attested-unreviewed
敦,zh-Hant-TW,duì,,,false,unicode-unihan-17@17.0.0:kHanyuPinyin,kHanyuPinyin,source-attested-unreviewed
敦,zh-Hant-TW,tún,,,false,unicode-unihan-17@17.0.0:kHanyuPinyin,kHanyuPinyin,source-attested-unreviewed
椎,yue-HK,ceoi4,,,false,unicode-unihan-17@17.0.0:kCantonese,kCantonese,source-attested-unreviewed
椎,yue-HK,zeoi1,mandarin-mapping:zhuī,,false,unicode-unihan-17@17.0.0:kSMSZD2003Readings,kSMSZD2003Readings,source-attested-unreviewed
椎,zh-Hant-TW,zhuī,,,false,unicode-unihan-17@17.0.0:kMandarin,kMandarin,source-attested-unreviewed
椎,zh-Hant-TW,chuí,,,false,unicode-unihan-17@17.0.0:kHanyuPinyin,kHanyuPinyin,source-attested-unreviewed
湊,yue-HK,cau3,,,false,unicode-unihan-17@17.0.0:kCantonese,kCantonese,source-attested-unreviewed
湊,zh-Hant-TW,còu,,,false,unicode-unihan-17@17.0.0:kMandarin,kMandarin,source-attested-unreviewed
鬚,yue-HK,sou1,,,false,unicode-unihan-17@17.0.0:kCantonese,kCantonese,source-attested-unreviewed
鬚,zh-Hant-TW,xū,,,false,unicode-unihan-17@17.0.0:kMandarin,kMandarin,source-attested-unreviewed
嗚,yue-HK,wu1,,,false,unicode-unihan-17@17.0.0:kCantonese,kCantonese,source-attested-unreviewed
嗚,zh-Hant-TW,wū,,,false,unicode-unihan-17@17.0.0:kMandarin,kMandarin,source-attested-unreviewed
嗚,zh-Hant-TW,wù,,,false,unicode-unihan-17@17.0.0:kHanyuPinyin,kHanyuPinyin,source-attested-unreviewed
滔,yue-HK,tou1,,,false,unicode-unihan-17@17.0.0:kCantonese,kCantonese,source-attested-unreviewed
滔,zh-Hant-TW,tāo,,,false,unicode-unihan-17@17.0.0:kMandarin,kMandarin,source-attested-unreviewed
碌,yue-HK,luk1,,,false,unicode-unihan-17@17.0.0:kCantonese,kCantonese,source-attested-unreviewed
碌,yue-HK,luk6,mandarin-mapping:liù,,false,unicode-unihan-17@17.0.0:kSMSZD2003Readings,kSMSZD2003Readings,source-attested-unreviewed
碌,zh-Hant-TW,lù,,,false,unicode-unihan-17@17.0.0:kMandarin,kMandarin,source-attested-unreviewed
碌,zh-Hant-TW,luò,,,false,unicode-unihan-17@17.0.0:kHanyuPinyin,kHanyuPinyin,source-attested-unreviewed
碌,zh-Hant-TW,liù,,,false,unicode-unihan-17@17.0.0:kHanyuPinyin,kHanyuPinyin,source-attested-unreviewed
瘋,yue-HK,fung1,,,false,unicode-unihan-17@17.0.0:kCantonese,kCantonese,source-attested-unreviewed
瘋,zh-Hant-TW,fēng,,,false,unicode-unihan-17@17.0.0:kMandarin,kMandarin,source-attested-unreviewed
頗,yue-HK,po2,,,false,unicode-unihan-17@17.0.0:kCantonese,kCantonese,source-attested-unreviewed
頗,yue-HK,po1,mandarin-mapping:pō,,false,unicode-unihan-17@17.0.0:kSMSZD2003Readings,kSMSZD2003Readings,source-attested-unreviewed
頗,zh-Hant-TW,pō,,,false,unicode-unihan-17@17.0.0:kMandarin,kMandarin,source-attested-unreviewed
頗,zh-Hant-TW,pǒ,,,false,unicode-unihan-17@17.0.0:kMandarin,kMandarin,source-attested-unreviewed
頗,zh-Hant-TW,pò,,,false,unicode-unihan-17@17.0.0:kHanyuPinyin,kHanyuPinyin,source-attested-unreviewed
頗,zh-Hant-TW,pí,,,false,unicode-unihan-17@17.0.0:kHanyuPinyin,kHanyuPinyin,source-attested-unreviewed
嘯,yue-HK,siu3,,,false,unicode-unihan-17@17.0.0:kCantonese,kCantonese,source-attested-unreviewed
嘯,zh-Hant-TW,xiào,,,false,unicode-unihan-17@17.0.0:kMandarin,kMandarin,source-attested-unreviewed
嘯,zh-Hant-TW,chì,,,false,unicode-unihan-17@17.0.0:kHanyuPinyin,kHanyuPinyin,source-attested-unreviewed
樁,yue-HK,zong1,,,false,unicode-unihan-17@17.0.0:kCantonese,kCantonese,source-attested-unreviewed
樁,zh-Hant-TW,zhuāng,,,false,unicode-unihan-17@17.0.0:kMandarin,kMandarin,source-attested-unreviewed
樁,zh-Hant-TW,chōng,,,false,unicode-unihan-17@17.0.0:kHanyuPinyin,kHanyuPinyin,source-attested-unreviewed
皺,yue-HK,zau3,,,false,unicode-unihan-17@17.0.0:kCantonese,kCantonese,source-attested-unreviewed
皺,zh-Hant-TW,zhòu,,,false,unicode-unihan-17@17.0.0:kMandarin,kMandarin,source-attested-unreviewed
皺,zh-Hant-TW,zhōu,,,false,unicode-unihan-17@17.0.0:kHanyuPinyin,kHanyuPinyin,source-attested-unreviewed
褲,yue-HK,fu3,,,false,unicode-unihan-17@17.0.0:kCantonese,kCantonese,source-attested-unreviewed
褲,zh-Hant-TW,kù,,,false,unicode-unihan-17@17.0.0:kMandarin,kMandarin,source-attested-unreviewed
諺,yue-HK,jin6,,,false,unicode-unihan-17@17.0.0:kCantonese,kCantonese,source-attested-unreviewed
諺,zh-Hant-TW,yàn,,,false,unicode-unihan-17@17.0.0:kMandarin,kMandarin,source-attested-unreviewed
隧,yue-HK,seoi6,,,false,unicode-unihan-17@17.0.0:kCantonese,kCantonese,source-attested-unreviewed
隧,zh-Hant-TW,suì,,,false,unicode-unihan-17@17.0.0:kMandarin,kMandarin,source-attested-unreviewed
隧,zh-Hant-TW,zhuì,,,false,unicode-unihan-17@17.0.0:kHanyuPinyin,kHanyuPinyin,source-attested-unreviewed
櫃,yue-HK,gwai6,,,false,unicode-unihan-17@17.0.0:kCantonese,kCantonese,source-attested-unreviewed
櫃,zh-Hant-TW,guì,,,false,unicode-unihan-17@17.0.0:kMandarin,kMandarin,source-attested-unreviewed
攏,yue-HK,lung5,,,false,unicode-unihan-17@17.0.0:kCantonese,kCantonese,source-attested-unreviewed
攏,zh-Hant-TW,lǒng,,,false,unicode-unihan-17@17.0.0:kMandarin,kMandarin,source-attested-unreviewed
簷,yue-HK,jim4,,,false,unicode-unihan-17@17.0.0:kCantonese,kCantonese,source-attested-unreviewed
簷,zh-Hant-TW,yán,,,false,unicode-unihan-17@17.0.0:kMandarin,kMandarin,source-attested-unreviewed
壤,yue-HK,joeng6,,,false,unicode-unihan-17@17.0.0:kCantonese,kCantonese,source-attested-unreviewed
壤,zh-Hant-TW,rǎng,,,false,unicode-unihan-17@17.0.0:kMandarin,kMandarin,source-attested-unreviewed
蘆,yue-HK,lou4,,,false,unicode-unihan-17@17.0.0:kCantonese,kCantonese,source-attested-unreviewed
蘆,zh-Hant-TW,lú,,,false,unicode-unihan-17@17.0.0:kMandarin,kMandarin,source-attested-unreviewed
蘆,zh-Hant-TW,lu,attested-count:28,,false,unicode-unihan-17@17.0.0:kHanyuPinlu,kHanyuPinlu,source-attested-unreviewed
攪,yue-HK,gaau2,,,false,unicode-unihan-17@17.0.0:kCantonese,kCantonese,source-attested-unreviewed
攪,zh-Hant-TW,jiǎo,,,false,unicode-unihan-17@17.0.0:kMandarin,kMandarin,source-attested-unreviewed
于,yue-HK,jyu1,,,false,unicode-unihan-17@17.0.0:kCantonese,kCantonese,source-attested-unreviewed
于,zh-Hant-TW,yú,,,false,unicode-unihan-17@17.0.0:kMandarin,kMandarin,source-attested-unreviewed
于,zh-Hant-TW,wéi,,,false,unicode-unihan-17@17.0.0:kHanyuPinyin,kHanyuPinyin,source-attested-unreviewed
于,zh-Hant-TW,yū,,,false,unicode-unihan-17@17.0.0:kHanyuPinyin,kHanyuPinyin,source-attested-unreviewed
于,zh-Hant-TW,xū,,,false,unicode-unihan-17@17.0.0:kHanyuPinyin,kHanyuPinyin,source-attested-unreviewed
匈,yue-HK,hung1,,,false,unicode-unihan-17@17.0.0:kCantonese,kCantonese,source-attested-unreviewed
匈,zh-Hant-TW,xiōng,,,false,unicode-unihan-17@17.0.0:kMandarin,kMandarin,source-attested-unreviewed
吞,yue-HK,tan1,,,false,unicode-unihan-17@17.0.0:kCantonese,kCantonese,source-attested-unreviewed
吞,zh-Hant-TW,tūn,,,false,unicode-unihan-17@17.0.0:kMandarin,kMandarin,source-attested-unreviewed
吞,zh-Hant-TW,tiān,,,false,unicode-unihan-17@17.0.0:kHanyuPinyin,kHanyuPinyin,source-attested-unreviewed
邦,yue-HK,bong1,,,false,unicode-unihan-17@17.0.0:kCantonese,kCantonese,source-attested-unreviewed
邦,zh-Hant-TW,bāng,,,false,unicode-unihan-17@17.0.0:kMandarin,kMandarin,source-attested-unreviewed
颳,yue-HK,gwaat3,,,false,unicode-unihan-17@17.0.0:kCantonese,kCantonese,source-attested-unreviewed
颳,zh-Hant-TW,guā,,,false,unicode-unihan-17@17.0.0:kMandarin,kMandarin,source-attested-unreviewed
颳,zh-Hant-TW,jǐ,,,false,unicode-unihan-17@17.0.0:kHanyuPinyin,kHanyuPinyin,source-attested-unreviewed
卓,yue-HK,coek3,,,false,unicode-unihan-17@17.0.0:kCantonese,kCantonese,source-attested-unreviewed
卓,zh-Hant-TW,zhuó,,,false,unicode-unihan-17@17.0.0:kMandarin,kMandarin,source-attested-unreviewed
卓,zh-Hant-TW,zhuō,,,false,unicode-unihan-17@17.0.0:kHanyuPinyin,kHanyuPinyin,source-attested-unreviewed
拋,yue-HK,paau1,,,false,unicode-unihan-17@17.0.0:kCantonese,kCantonese,source-attested-unreviewed
拋,zh-Hant-TW,pāo,,,false,unicode-unihan-17@17.0.0:kMandarin,kMandarin,source-attested-unreviewed
氛,yue-HK,fan1,,,false,unicode-unihan-17@17.0.0:kCantonese,kCantonese,source-attested-unreviewed
氛,zh-Hant-TW,fēn,,,false,unicode-unihan-17@17.0.0:kMandarin,kMandarin,source-attested-unreviewed
芝,yue-HK,zi1,,,false,unicode-unihan-17@17.0.0:kCantonese,kCantonese,source-attested-unreviewed
芝,zh-Hant-TW,zhī,,,false,unicode-unihan-17@17.0.0:kMandarin,kMandarin,source-attested-unreviewed
哄,yue-HK,hung1,,,false,unicode-unihan-17@17.0.0:kCantonese,kCantonese,source-attested-unreviewed
哄,yue-HK,hung3,mandarin-mapping:hǒng,,false,unicode-unihan-17@17.0.0:kSMSZD2003Readings,kSMSZD2003Readings,source-attested-unreviewed
哄,zh-Hant-TW,hōng,,,false,unicode-unihan-17@17.0.0:kMandarin,kMandarin,source-attested-unreviewed
哄,zh-Hant-TW,hǒng,attested-count:14,,false,unicode-unihan-17@17.0.0:kHanyuPinlu,kHanyuPinlu,source-attested-unreviewed
哄,zh-Hant-TW,hòng,,,false,unicode-unihan-17@17.0.0:kHanyuPinyin,kHanyuPinyin,source-attested-unreviewed
怨,yue-HK,jyun3,,,false,unicode-unihan-17@17.0.0:kCantonese,kCantonese,source-attested-unreviewed
怨,zh-Hant-TW,yuàn,,,false,unicode-unihan-17@17.0.0:kMandarin,kMandarin,source-attested-unreviewed
怨,zh-Hant-TW,yuan,attested-count:13,,false,unicode-unihan-17@17.0.0:kHanyuPinlu,kHanyuPinlu,source-attested-unreviewed
怨,zh-Hant-TW,yùn,,,false,unicode-unihan-17@17.0.0:kHanyuPinyin,kHanyuPinyin,source-attested-unreviewed
洶,yue-HK,hung1,,,false,unicode-unihan-17@17.0.0:kCantonese,kCantonese,source-attested-unreviewed
洶,zh-Hant-TW,xiōng,,,false,unicode-unihan-17@17.0.0:kMandarin,kMandarin,source-attested-unreviewed
剝,yue-HK,mok1,,,false,unicode-unihan-17@17.0.0:kCantonese,kCantonese,source-attested-unreviewed
剝,zh-Hant-TW,bō,,,false,unicode-unihan-17@17.0.0:kMandarin,kMandarin,source-attested-unreviewed
捐,yue-HK,gyun1,,,false,unicode-unihan-17@17.0.0:kCantonese,kCantonese,source-attested-unreviewed
捐,zh-Hant-TW,juān,,,false,unicode-unihan-17@17.0.0:kMandarin,kMandarin,source-attested-unreviewed
捐,zh-Hant-TW,yuán,,,false,unicode-unihan-17@17.0.0:kHanyuPinyin,kHanyuPinyin,source-attested-unreviewed
浸,yue-HK,zam3,,,false,unicode-unihan-17@17.0.0:kCantonese,kCantonese,source-attested-unreviewed
浸,zh-Hant-TW,jìn,,,false,unicode-unihan-17@17.0.0:kMandarin,kMandarin,source-attested-unreviewed
浸,zh-Hant-TW,qīn,,,false,unicode-unihan-17@17.0.0:kHanyuPinyin,kHanyuPinyin,source-attested-unreviewed
眨,yue-HK,zaap3,,,false,unicode-unihan-17@17.0.0:kCantonese,kCantonese,source-attested-unreviewed
眨,zh-Hant-TW,zhǎ,,,false,unicode-unihan-17@17.0.0:kMandarin,kMandarin,source-attested-unreviewed
窄,yue-HK,zaak3,,,false,unicode-unihan-17@17.0.0:kCantonese,kCantonese,source-attested-unreviewed
窄,zh-Hant-TW,zhǎi,,,false,unicode-unihan-17@17.0.0:kMandarin,kMandarin,source-attested-unreviewed
羔,yue-HK,gou1,,,false,unicode-unihan-17@17.0.0:kCantonese,kCantonese,source-attested-unreviewed
羔,zh-Hant-TW,gāo,,,false,unicode-unihan-17@17.0.0:kMandarin,kMandarin,source-attested-unreviewed
脅,yue-HK,hip3,,,false,unicode-unihan-17@17.0.0:kCantonese,kCantonese,source-attested-unreviewed
脅,zh-Hant-TW,xié,,,false,unicode-unihan-17@17.0.0:kMandarin,kMandarin,source-attested-unreviewed
脅,zh-Hant-TW,xiàn,,,false,unicode-unihan-17@17.0.0:kHanyuPinyin,kHanyuPinyin,source-attested-unreviewed
脅,zh-Hant-TW,xī,,,false,unicode-unihan-17@17.0.0:kHanyuPinyin,kHanyuPinyin,source-attested-unreviewed
執,yue-HK,zap1,,,false,unicode-unihan-17@17.0.0:kCantonese,kCantonese,source-attested-unreviewed
執,zh-Hant-TW,zhí,,,false,unicode-unihan-17@17.0.0:kMandarin,kMandarin,source-attested-unreviewed
寄,yue-HK,gei3,,,false,unicode-unihan-17@17.0.0:kCantonese,kCantonese,source-attested-unreviewed
寄,zh-Hant-TW,jì,,,false,unicode-unihan-17@17.0.0:kMandarin,kMandarin,source-attested-unreviewed
措,yue-HK,cou3,,,false,unicode-unihan-17@17.0.0:kCantonese,kCantonese,source-attested-unreviewed
措,zh-Hant-TW,cuò,,,false,unicode-unihan-17@17.0.0:kMandarin,kMandarin,source-attested-unreviewed
措,zh-Hant-TW,zé,,,false,unicode-unihan-17@17.0.0:kHanyuPinyin,kHanyuPinyin,source-attested-unreviewed
措,zh-Hant-TW,cì,,,false,unicode-unihan-17@17.0.0:kHanyuPinyin,kHanyuPinyin,source-attested-unreviewed
揉,yue-HK,jau4,,,false,unicode-unihan-17@17.0.0:kCantonese,kCantonese,source-attested-unreviewed
揉,zh-Hant-TW,róu,,,false,unicode-unihan-17@17.0.0:kMandarin,kMandarin,source-attested-unreviewed
菌,yue-HK,kwan2,,,false,unicode-unihan-17@17.0.0:kCantonese,kCantonese,source-attested-unreviewed
菌,zh-Hant-TW,jūn,,,false,unicode-unihan-17@17.0.0:kMandarin,kMandarin,source-attested-unreviewed
菌,zh-Hant-TW,jùn,,,false,unicode-unihan-17@17.0.0:kHanyuPinyin,kHanyuPinyin,source-attested-unreviewed
菊,yue-HK,guk1,,,false,unicode-unihan-17@17.0.0:kCantonese,kCantonese,source-attested-unreviewed
菊,zh-Hant-TW,jú,,,false,unicode-unihan-17@17.0.0:kMandarin,kMandarin,source-attested-unreviewed
楓,yue-HK,fung1,,,false,unicode-unihan-17@17.0.0:kCantonese,kCantonese,source-attested-unreviewed
楓,zh-Hant-TW,fēng,,,false,unicode-unihan-17@17.0.0:kMandarin,kMandarin,source-attested-unreviewed
楓,zh-Hant-TW,fán,,,false,unicode-unihan-17@17.0.0:kHanyuPinyin,kHanyuPinyin,source-attested-unreviewed
祿,yue-HK,luk6,,,false,unicode-unihan-17@17.0.0:kCantonese,kCantonese,source-attested-unreviewed
祿,zh-Hant-TW,lù,,,false,unicode-unihan-17@17.0.0:kMandarin,kMandarin,source-attested-unreviewed
腸,yue-HK,coeng4,,,false,unicode-unihan-17@17.0.0:kCantonese,kCantonese,source-attested-unreviewed
腸,zh-Hant-TW,cháng,,,false,unicode-unihan-17@17.0.0:kMandarin,kMandarin,source-attested-unreviewed
慘,yue-HK,caam2,,,false,unicode-unihan-17@17.0.0:kCantonese,kCantonese,source-attested-unreviewed
慘,zh-Hant-TW,cǎn,,,false,unicode-unihan-17@17.0.0:kMandarin,kMandarin,source-attested-unreviewed
裹,yue-HK,gwo2,,,false,unicode-unihan-17@17.0.0:kCantonese,kCantonese,source-attested-unreviewed
裹,zh-Hant-TW,guǒ,,,false,unicode-unihan-17@17.0.0:kMandarin,kMandarin,source-attested-unreviewed
翩,yue-HK,pin1,,,false,unicode-unihan-17@17.0.0:kCantonese,kCantonese,source-attested-unreviewed
翩,zh-Hant-TW,piān,,,false,unicode-unihan-17@17.0.0:kMandarin,kMandarin,source-attested-unreviewed
趟,yue-HK,tong3,,,false,unicode-unihan-17@17.0.0:kCantonese,kCantonese,source-attested-unreviewed
趟,zh-Hant-TW,tàng,,,false,unicode-unihan-17@17.0.0:kMandarin,kMandarin,source-attested-unreviewed
趟,zh-Hant-TW,zhēng,,,false,unicode-unihan-17@17.0.0:kHanyuPinyin,kHanyuPinyin,source-attested-unreviewed
趟,zh-Hant-TW,zhèng,,,false,unicode-unihan-17@17.0.0:kHanyuPinyin,kHanyuPinyin,source-attested-unreviewed
趟,zh-Hant-TW,chéng,,,false,unicode-unihan-17@17.0.0:kHanyuPinyin,kHanyuPinyin,source-attested-unreviewed
趟,zh-Hant-TW,tāng,,,false,unicode-unihan-17@17.0.0:kHanyuPinyin,kHanyuPinyin,source-attested-unreviewed
踐,yue-HK,cin5,,,false,unicode-unihan-17@17.0.0:kCantonese,kCantonese,source-attested-unreviewed
踐,yue-HK,zin6,mandarin-mapping:jiàn,,false,unicode-unihan-17@17.0.0:kSMSZD2003Readings,kSMSZD2003Readings,source-attested-unreviewed
踐,zh-Hant-TW,jiàn,,,false,unicode-unihan-17@17.0.0:kMandarin,kMandarin,source-attested-unreviewed
醉,yue-HK,zeoi3,,,false,unicode-unihan-17@17.0.0:kCantonese,kCantonese,source-attested-unreviewed
醉,zh-Hant-TW,zuì,,,false,unicode-unihan-17@17.0.0:kMandarin,kMandarin,source-attested-unreviewed
鴉,yue-HK,aa1,,,false,unicode-unihan-17@17.0.0:kCantonese,kCantonese,source-attested-unreviewed
鴉,zh-Hant-TW,yā,,,false,unicode-unihan-17@17.0.0:kMandarin,kMandarin,source-attested-unreviewed
鴉,zh-Hant-TW,yǎ,,,false,unicode-unihan-17@17.0.0:kHanyuPinyin,kHanyuPinyin,source-attested-unreviewed
彝,yue-HK,ji4,,,false,unicode-unihan-17@17.0.0:kCantonese,kCantonese,source-attested-unreviewed
彝,zh-Hant-TW,yí,,,false,unicode-unihan-17@17.0.0:kMandarin,kMandarin,source-attested-unreviewed
濺,yue-HK,zin3,,,false,unicode-unihan-17@17.0.0:kCantonese,kCantonese,source-attested-unreviewed
濺,yue-HK,zin1,mandarin-mapping:jiān,,false,unicode-unihan-17@17.0.0:kSMSZD2003Readings,kSMSZD2003Readings,source-attested-unreviewed
濺,zh-Hant-TW,jiàn,,,false,unicode-unihan-17@17.0.0:kMandarin,kMandarin,source-attested-unreviewed
濺,zh-Hant-TW,jiān,,,false,unicode-unihan-17@17.0.0:kHanyuPinyin,kHanyuPinyin,source-attested-unreviewed
濺,zh-Hant-TW,zàn,,,false,unicode-unihan-17@17.0.0:kHanyuPinyin,kHanyuPinyin,source-attested-unreviewed
鵬,yue-HK,paang4,,,false,unicode-unihan-17@17.0.0:kCantonese,kCantonese,source-attested-unreviewed
鵬,zh-Hant-TW,péng,,,false,unicode-unihan-17@17.0.0:kMandarin,kMandarin,source-attested-unreviewed
鵬,zh-Hant-TW,fèng,,,false,unicode-unihan-17@17.0.0:kHanyuPinyin,kHanyuPinyin,source-attested-unreviewed
籍,yue-HK,zik6,,,false,unicode-unihan-17@17.0.0:kCantonese,kCantonese,source-attested-unreviewed
籍,zh-Hant-TW,jí,,,false,unicode-unihan-17@17.0.0:kMandarin,kMandarin,source-attested-unreviewed
籍,zh-Hant-TW,jiè,,,false,unicode-unihan-17@17.0.0:kHanyuPinyin,kHanyuPinyin,source-attested-unreviewed
鶴,yue-HK,hok6,,,false,unicode-unihan-17@17.0.0:kCantonese,kCantonese,source-attested-unreviewed
鶴,zh-Hant-TW,hè,,,false,unicode-unihan-17@17.0.0:kMandarin,kMandarin,source-attested-unreviewed
髒,yue-HK,zong1,,,false,unicode-unihan-17@17.0.0:kCantonese,kCantonese,source-attested-unreviewed
髒,yue-HK,zong3,mandarin-mapping:zāng,,false,unicode-unihan-17@17.0.0:kSMSZD2003Readings,kSMSZD2003Readings,source-attested-unreviewed
髒,zh-Hant-TW,zāng,,,false,unicode-unihan-17@17.0.0:kMandarin,kMandarin,source-attested-unreviewed
髒,zh-Hant-TW,zǎng,,,false,unicode-unihan-17@17.0.0:kHanyuPinyin,kHanyuPinyin,source-attested-unreviewed
廳,yue-HK,teng1,,,false,unicode-unihan-17@17.0.0:kCantonese,kCantonese,source-attested-unreviewed
廳,yue-HK,ting1,mandarin-mapping:tīng,,false,unicode-unihan-17@17.0.0:kSMSZD2003Readings,kSMSZD2003Readings,source-attested-unreviewed
廳,zh-Hant-TW,tīng,,,false,unicode-unihan-17@17.0.0:kMandarin,kMandarin,source-attested-unreviewed
驢,yue-HK,lou4,,,false,unicode-unihan-17@17.0.0:kCantonese,kCantonese,source-attested-unreviewed
驢,yue-HK,leoi4,mandarin-mapping:lǘ,,false,unicode-unihan-17@17.0.0:kSMSZD2003Readings,kSMSZD2003Readings,source-attested-unreviewed
驢,zh-Hant-TW,lǘ,,,false,unicode-unihan-17@17.0.0:kMandarin,kMandarin,source-attested-unreviewed
鬱,yue-HK,wat1,,,false,unicode-unihan-17@17.0.0:kCantonese,kCantonese,source-attested-unreviewed
鬱,zh-Hant-TW,yù,,,false,unicode-unihan-17@17.0.0:kMandarin,kMandarin,source-attested-unreviewed
匡,yue-HK,hong1,,,false,unicode-unihan-17@17.0.0:kCantonese,kCantonese,source-attested-unreviewed
匡,zh-Hant-TW,kuāng,,,false,unicode-unihan-17@17.0.0:kMandarin,kMandarin,source-attested-unreviewed
匡,zh-Hant-TW,wāng,,,false,unicode-unihan-17@17.0.0:kHanyuPinyin,kHanyuPinyin,source-attested-unreviewed
巫,yue-HK,mou4,,,false,unicode-unihan-17@17.0.0:kCantonese,kCantonese,source-attested-unreviewed
巫,zh-Hant-TW,wū,,,false,unicode-unihan-17@17.0.0:kMandarin,kMandarin,source-attested-unreviewed
瀋,yue-HK,sam2,,,false,unicode-unihan-17@17.0.0:kCantonese,kCantonese,source-attested-unreviewed
瀋,zh-Hant-TW,shěn,,,false,unicode-unihan-17@17.0.0:kMandarin,kMandarin,source-attested-unreviewed
瀋,zh-Hant-TW,chèn,,,false,unicode-unihan-17@17.0.0:kHanyuPinyin,kHanyuPinyin,source-attested-unreviewed
瀋,zh-Hant-TW,pán,,,false,unicode-unihan-17@17.0.0:kHanyuPinyin,kHanyuPinyin,source-attested-unreviewed
拂,yue-HK,fat1,,,false,unicode-unihan-17@17.0.0:kCantonese,kCantonese,source-attested-unreviewed
拂,zh-Hant-TW,fú,,,false,unicode-unihan-17@17.0.0:kMandarin,kMandarin,source-attested-unreviewed
拂,zh-Hant-TW,bì,,,false,unicode-unihan-17@17.0.0:kHanyuPinyin,kHanyuPinyin,source-attested-unreviewed
拂,zh-Hant-TW,pì,,,false,unicode-unihan-17@17.0.0:kHanyuPinyin,kHanyuPinyin,source-attested-unreviewed
拂,zh-Hant-TW,fèi,,,false,unicode-unihan-17@17.0.0:kHanyuPinyin,kHanyuPinyin,source-attested-unreviewed
咽,yue-HK,jin1,,,false,unicode-unihan-17@17.0.0:kCantonese,kCantonese,source-attested-unreviewed
咽,yue-HK,jit3,mandarin-mapping:yè,,false,unicode-unihan-17@17.0.0:kSMSZD2003Readings,kSMSZD2003Readings,source-attested-unreviewed
咽,zh-Hant-TW,yàn,,,false,unicode-unihan-17@17.0.0:kMandarin,kMandarin,source-attested-unreviewed
咽,zh-Hant-TW,yè,attested-count:23,,false,unicode-unihan-17@17.0.0:kHanyuPinlu,kHanyuPinlu,source-attested-unreviewed
咽,zh-Hant-TW,yān,attested-count:9,,false,unicode-unihan-17@17.0.0:kHanyuPinlu,kHanyuPinlu,source-attested-unreviewed
咽,zh-Hant-TW,yuān,,,false,unicode-unihan-17@17.0.0:kHanyuPinyin,kHanyuPinyin,source-attested-unreviewed
咧,yue-HK,le2,,,false,unicode-unihan-17@17.0.0:kCantonese,kCantonese,source-attested-unreviewed
咧,yue-HK,le4,mandarin-mapping:lié,,false,unicode-unihan-17@17.0.0:kSMSZD2003Readings,kSMSZD2003Readings,source-attested-unreviewed
咧,yue-HK,le1,mandarin-mapping:lie,,false,unicode-unihan-17@17.0.0:kSMSZD2003Readings,kSMSZD2003Readings,source-attested-unreviewed
咧,zh-Hant-TW,liě,,,false,unicode-unihan-17@17.0.0:kMandarin,kMandarin,source-attested-unreviewed
咧,zh-Hant-TW,lie,attested-count:53,,false,unicode-unihan-17@17.0.0:kHanyuPinlu,kHanyuPinlu,source-attested-unreviewed
咧,zh-Hant-TW,liè,,,false,unicode-unihan-17@17.0.0:kHanyuPinyin,kHanyuPinyin,source-attested-unreviewed
咧,zh-Hant-TW,liē,,,false,unicode-unihan-17@17.0.0:kHanyuPinyin,kHanyuPinyin,source-attested-unreviewed
咧,zh-Hant-TW,lié,,,false,unicode-unihan-17@17.0.0:kHanyuPinyin,kHanyuPinyin,source-attested-unreviewed
垮,yue-HK,kwaa1,,,false,unicode-unihan-17@17.0.0:kCantonese,kCantonese,source-attested-unreviewed
垮,zh-Hant-TW,kuǎ,,,false,unicode-unihan-17@17.0.0:kMandarin,kMandarin,source-attested-unreviewed
恨,yue-HK,han6,,,false,unicode-unihan-17@17.0.0:kCantonese,kCantonese,source-attested-unreviewed
恨,zh-Hant-TW,hèn,,,false,unicode-unihan-17@17.0.0:kMandarin,kMandarin,source-attested-unreviewed
洛,yue-HK,lok3,,,false,unicode-unihan-17@17.0.0:kCantonese,kCantonese,source-attested-unreviewed
洛,yue-HK,lok6,mandarin-mapping:luò,,false,unicode-unihan-17@17.0.0:kSMSZD2003Readings,kSMSZD2003Readings,source-attested-unreviewed
洛,zh-Hant-TW,luò,,,false,unicode-unihan-17@17.0.0:kMandarin,kMandarin,source-attested-unreviewed
炭,yue-HK,taan3,,,false,unicode-unihan-17@17.0.0:kCantonese,kCantonese,source-attested-unreviewed
炭,zh-Hant-TW,tàn,,,false,unicode-unihan-17@17.0.0:kMandarin,kMandarin,source-attested-unreviewed
籽,yue-HK,zi2,,,false,unicode-unihan-17@17.0.0:kCantonese,kCantonese,source-attested-unreviewed
籽,zh-Hant-TW,zǐ,,,false,unicode-unihan-17@17.0.0:kMandarin,kMandarin,source-attested-unreviewed
俯,yue-HK,fu2,,,false,unicode-unihan-17@17.0.0:kCantonese,kCantonese,source-attested-unreviewed
俯,zh-Hant-TW,fǔ,,,false,unicode-unihan-17@17.0.0:kMandarin,kMandarin,source-attested-unreviewed
拳,yue-HK,kyun4,,,false,unicode-unihan-17@17.0.0:kCantonese,kCantonese,source-attested-unreviewed
拳,zh-Hant-TW,quán,,,false,unicode-unihan-17@17.0.0:kMandarin,kMandarin,source-attested-unreviewed
桅,yue-HK,wai4,,,false,unicode-unihan-17@17.0.0:kCantonese,kCantonese,source-attested-unreviewed
桅,zh-Hant-TW,wéi,,,false,unicode-unihan-17@17.0.0:kMandarin,kMandarin,source-attested-unreviewed
桅,zh-Hant-TW,guǐ,,,false,unicode-unihan-17@17.0.0:kHanyuPinyin,kHanyuPinyin,source-attested-unreviewed
浴,yue-HK,juk6,,,false,unicode-unihan-17@17.0.0:kCantonese,kCantonese,source-attested-unreviewed
浴,zh-Hant-TW,yù,,,false,unicode-unihan-17@17.0.0:kMandarin,kMandarin,source-attested-unreviewed
耗,yue-HK,hou3,,,false,unicode-unihan-17@17.0.0:kCantonese,kCantonese,source-attested-unreviewed
耗,zh-Hant-TW,hào,,,false,unicode-unihan-17@17.0.0:kMandarin,kMandarin,source-attested-unreviewed
耗,zh-Hant-TW,máo,,,false,unicode-unihan-17@17.0.0:kHanyuPinyin,kHanyuPinyin,source-attested-unreviewed
耗,zh-Hant-TW,mào,,,false,unicode-unihan-17@17.0.0:kHanyuPinyin,kHanyuPinyin,source-attested-unreviewed
茸,yue-HK,jung4,,,false,unicode-unihan-17@17.0.0:kCantonese,kCantonese,source-attested-unreviewed
茸,yue-HK,jung2,mandarin-mapping:rǒng,,false,unicode-unihan-17@17.0.0:kSMSZD2003Readings,kSMSZD2003Readings,source-attested-unreviewed
茸,zh-Hant-TW,róng,,,false,unicode-unihan-17@17.0.0:kMandarin,kMandarin,source-attested-unreviewed
茸,zh-Hant-TW,rōng,attested-count:20,,false,unicode-unihan-17@17.0.0:kHanyuPinlu,kHanyuPinlu,source-attested-unreviewed
茸,zh-Hant-TW,rǒng,,,false,unicode-unihan-17@17.0.0:kHanyuPinyin,kHanyuPinyin,source-attested-unreviewed
勘,yue-HK,ham3,,,false,unicode-unihan-17@17.0.0:kCantonese,kCantonese,source-attested-unreviewed
勘,yue-HK,ham1,mandarin-mapping:kān,,false,unicode-unihan-17@17.0.0:kSMSZD2003Readings,kSMSZD2003Readings,source-attested-unreviewed
勘,zh-Hant-TW,kān,,,false,unicode-unihan-17@17.0.0:kMandarin,kMandarin,source-attested-unreviewed
掘,yue-HK,gwat6,,,false,unicode-unihan-17@17.0.0:kCantonese,kCantonese,source-attested-unreviewed
掘,zh-Hant-TW,jué,,,false,unicode-unihan-17@17.0.0:kMandarin,kMandarin,source-attested-unreviewed
掘,zh-Hant-TW,kū,,,false,unicode-unihan-17@17.0.0:kHanyuPinyin,kHanyuPinyin,source-attested-unreviewed
疏,yue-HK,so1,,,false,unicode-unihan-17@17.0.0:kCantonese,kCantonese,source-attested-unreviewed
疏,yue-HK,so3,"mandarin-mapping:shū,shù",,false,unicode-unihan-17@17.0.0:kSMSZD2003Readings,kSMSZD2003Readings,source-attested-unreviewed
疏,zh-Hant-TW,shū,,,false,unicode-unihan-17@17.0.0:kMandarin,kMandarin,source-attested-unreviewed
揭,yue-HK,kit3,,,false,unicode-unihan-17@17.0.0:kCantonese,kCantonese,source-attested-unreviewed
揭,zh-Hant-TW,jiē,,,false,unicode-unihan-17@17.0.0:kMandarin,kMandarin,source-attested-unreviewed
揭,zh-Hant-TW,qì,,,false,unicode-unihan-17@17.0.0:kHanyuPinyin,kHanyuPinyin,source-attested-unreviewed
揭,zh-Hant-TW,hé,,,false,unicode-unihan-17@17.0.0:kHanyuPinyin,kHanyuPinyin,source-attested-unreviewed
絡,yue-HK,lok3,,,false,unicode-unihan-17@17.0.0:kCantonese,kCantonese,source-attested-unreviewed
絡,zh-Hant-TW,luò,,,false,unicode-unihan-17@17.0.0:kMandarin,kMandarin,source-attested-unreviewed
絡,zh-Hant-TW,lào,,,false,unicode-unihan-17@17.0.0:kHanyuPinyin,kHanyuPinyin,source-attested-unreviewed
盟,yue-HK,mang4,,,false,unicode-unihan-17@17.0.0:kCantonese,kCantonese,source-attested-unreviewed
盟,zh-Hant-TW,méng,,,false,unicode-unihan-17@17.0.0:kMandarin,kMandarin,source-attested-unreviewed
盟,zh-Hant-TW,mèng,,,false,unicode-unihan-17@17.0.0:kHanyuPinyin,kHanyuPinyin,source-attested-unreviewed
跪,yue-HK,gwai6,,,false,unicode-unihan-17@17.0.0:kCantonese,kCantonese,source-attested-unreviewed
跪,zh-Hant-TW,guì,,,false,unicode-unihan-17@17.0.0:kMandarin,kMandarin,source-attested-unreviewed
徹,yue-HK,cit3,,,false,unicode-unihan-17@17.0.0:kCantonese,kCantonese,source-attested-unreviewed
徹,zh-Hant-TW,chè,,,false,unicode-unihan-17@17.0.0:kMandarin,kMandarin,source-attested-unreviewed
膊,yue-HK,bok3,,,false,unicode-unihan-17@17.0.0:kCantonese,kCantonese,source-attested-unreviewed
膊,zh-Hant-TW,bó,,,false,unicode-unihan-17@17.0.0:kMandarin,kMandarin,source-attested-unreviewed
膊,zh-Hant-TW,bo,attested-count:45,,false,unicode-unihan-17@17.0.0:kHanyuPinlu,kHanyuPinlu,source-attested-unreviewed
膊,zh-Hant-TW,pò,,,false,unicode-unihan-17@17.0.0:kHanyuPinyin,kHanyuPinyin,source-attested-unreviewed
膊,zh-Hant-TW,liè,,,false,unicode-unihan-17@17.0.0:kHanyuPinyin,kHanyuPinyin,source-attested-unreviewed
濛,yue-HK,mung4,,,false,unicode-unihan-17@17.0.0:kCantonese,kCantonese,source-attested-unreviewed
濛,zh-Hant-TW,méng,,,false,unicode-unihan-17@17.0.0:kMandarin,kMandarin,source-attested-unreviewed
隙,yue-HK,gwik1,,,false,unicode-unihan-17@17.0.0:kCantonese,kCantonese,source-attested-unreviewed
隙,yue-HK,kwik1,mandarin-mapping:xì,,false,unicode-unihan-17@17.0.0:kSMSZD2003Readings,kSMSZD2003Readings,source-attested-unreviewed
隙,zh-Hant-TW,xì,,,false,unicode-unihan-17@17.0.0:kMandarin,kMandarin,source-attested-unreviewed
墜,yue-HK,zeoi6,,,false,unicode-unihan-17@17.0.0:kCantonese,kCantonese,source-attested-unreviewed
墜,zh-Hant-TW,zhuì,,,false,unicode-unihan-17@17.0.0:kMandarin,kMandarin,source-attested-unreviewed
廚,yue-HK,cyu4,,,false,unicode-unihan-17@17.0.0:kCantonese,kCantonese,source-attested-unreviewed
廚,yue-HK,ceoi4,mandarin-mapping:chú,,false,unicode-unihan-17@17.0.0:kSMSZD2003Readings,kSMSZD2003Readings,source-attested-unreviewed
廚,zh-Hant-TW,chú,,,false,unicode-unihan-17@17.0.0:kMandarin,kMandarin,source-attested-unreviewed
慮,yue-HK,leoi6,,,false,unicode-unihan-17@17.0.0:kCantonese,kCantonese,source-attested-unreviewed
慮,zh-Hant-TW,lǜ,,,false,unicode-unihan-17@17.0.0:kMandarin,kMandarin,source-attested-unreviewed
慮,zh-Hant-TW,lǘ,,,false,unicode-unihan-17@17.0.0:kHanyuPinyin,kHanyuPinyin,source-attested-unreviewed
憂,yue-HK,jau1,,,false,unicode-unihan-17@17.0.0:kCantonese,kCantonese,source-attested-unreviewed
憂,zh-Hant-TW,yōu,,,false,unicode-unihan-17@17.0.0:kMandarin,kMandarin,source-attested-unreviewed
遷,yue-HK,cin1,,,false,unicode-unihan-17@17.0.0:kCantonese,kCantonese,source-attested-unreviewed
遷,zh-Hant-TW,qiān,,,false,unicode-unihan-17@17.0.0:kMandarin,kMandarin,source-attested-unreviewed
鋤,yue-HK,co4,,,false,unicode-unihan-17@17.0.0:kCantonese,kCantonese,source-attested-unreviewed
鋤,zh-Hant-TW,chú,,,false,unicode-unihan-17@17.0.0:kMandarin,kMandarin,source-attested-unreviewed
鋤,zh-Hant-TW,jǔ,,,false,unicode-unihan-17@17.0.0:kHanyuPinyin,kHanyuPinyin,source-attested-unreviewed
冀,yue-HK,kei3,,,false,unicode-unihan-17@17.0.0:kCantonese,kCantonese,source-attested-unreviewed
冀,zh-Hant-TW,jì,,,false,unicode-unihan-17@17.0.0:kMandarin,kMandarin,source-attested-unreviewed
翰,yue-HK,hon6,,,false,unicode-unihan-17@17.0.0:kCantonese,kCantonese,source-attested-unreviewed
翰,zh-Hant-TW,hàn,,,false,unicode-unihan-17@17.0.0:kMandarin,kMandarin,source-attested-unreviewed
擬,yue-HK,ji5,,,false,unicode-unihan-17@17.0.0:kCantonese,kCantonese,source-attested-unreviewed
擬,zh-Hant-TW,nǐ,,,false,unicode-unihan-17@17.0.0:kMandarin,kMandarin,source-attested-unreviewed
濘,yue-HK,ning6,,,false,unicode-unihan-17@17.0.0:kCantonese,kCantonese,source-attested-unreviewed
濘,zh-Hant-TW,nìng,,,false,unicode-unihan-17@17.0.0:kMandarin,kMandarin,source-attested-unreviewed
濘,zh-Hant-TW,níng,,,false,unicode-unihan-17@17.0.0:kHanyuPinyin,kHanyuPinyin,source-attested-unreviewed
濘,zh-Hant-TW,nì,,,false,unicode-unihan-17@17.0.0:kHanyuPinyin,kHanyuPinyin,source-attested-unreviewed
虧,yue-HK,kwai1,,,false,unicode-unihan-17@17.0.0:kCantonese,kCantonese,source-attested-unreviewed
虧,zh-Hant-TW,kuī,,,false,unicode-unihan-17@17.0.0:kMandarin,kMandarin,source-attested-unreviewed
簧,yue-HK,wong4,,,false,unicode-unihan-17@17.0.0:kCantonese,kCantonese,source-attested-unreviewed
簧,zh-Hant-TW,huáng,,,false,unicode-unihan-17@17.0.0:kMandarin,kMandarin,source-attested-unreviewed
薩,yue-HK,saat3,,,false,unicode-unihan-17@17.0.0:kCantonese,kCantonese,source-attested-unreviewed
薩,zh-Hant-TW,sà,,,false,unicode-unihan-17@17.0.0:kMandarin,kMandarin,source-attested-unreviewed
襲,yue-HK,zaap6,,,false,unicode-unihan-17@17.0.0:kCantonese,kCantonese,source-attested-unreviewed
襲,zh-Hant-TW,xí,,,false,unicode-unihan-17@17.0.0:kMandarin,kMandarin,source-attested-unreviewed
丫,yue-HK,aa1,,,false,unicode-unihan-17@17.0.0:kCantonese,kCantonese,source-attested-unreviewed
丫,zh-Hant-TW,yā,,,false,unicode-unihan-17@17.0.0:kMandarin,kMandarin,source-attested-unreviewed
冉,yue-HK,jim5,,,false,unicode-unihan-17@17.0.0:kCantonese,kCantonese,source-attested-unreviewed
冉,zh-Hant-TW,rǎn,,,false,unicode-unihan-17@17.0.0:kMandarin,kMandarin,source-attested-unreviewed
冉,zh-Hant-TW,nán,,,false,unicode-unihan-17@17.0.0:kHanyuPinyin,kHanyuPinyin,source-attested-unreviewed
冉,zh-Hant-TW,dān,,,false,unicode-unihan-17@17.0.0:kHanyuPinyin,kHanyuPinyin,source-attested-unreviewed
臣,yue-HK,san4,,,false,unicode-unihan-17@17.0.0:kCantonese,kCantonese,source-attested-unreviewed
臣,zh-Hant-TW,chén,,,false,unicode-unihan-17@17.0.0:kMandarin,kMandarin,source-attested-unreviewed
舌,yue-HK,sit3,,,false,unicode-unihan-17@17.0.0:kCantonese,kCantonese,source-attested-unreviewed
舌,zh-Hant-TW,shé,,,false,unicode-unihan-17@17.0.0:kMandarin,kMandarin,source-attested-unreviewed
舌,zh-Hant-TW,guā,,,false,unicode-unihan-17@17.0.0:kHanyuPinyin,kHanyuPinyin,source-attested-unreviewed
吟,yue-HK,jam4,,,false,unicode-unihan-17@17.0.0:kCantonese,kCantonese,source-attested-unreviewed
吟,zh-Hant-TW,yín,,,false,unicode-unihan-17@17.0.0:kMandarin,kMandarin,source-attested-unreviewed
吟,zh-Hant-TW,yǐn,,,false,unicode-unihan-17@17.0.0:kHanyuPinyin,kHanyuPinyin,source-attested-unreviewed
吟,zh-Hant-TW,jìn,,,false,unicode-unihan-17@17.0.0:kHanyuPinyin,kHanyuPinyin,source-attested-unreviewed
盯,yue-HK,ding1,,,false,unicode-unihan-17@17.0.0:kCantonese,kCantonese,source-attested-unreviewed
盯,yue-HK,deng1,mandarin-mapping:dīng,,false,unicode-unihan-17@17.0.0:kSMSZD2003Readings,kSMSZD2003Readings,source-attested-unreviewed
盯,zh-Hant-TW,dīng,,,false,unicode-unihan-17@17.0.0:kMandarin,kMandarin,source-attested-unreviewed
盯,zh-Hant-TW,chéng,,,false,unicode-unihan-17@17.0.0:kHanyuPinyin,kHanyuPinyin,source-attested-unreviewed
巡,yue-HK,ceon4,,,false,unicode-unihan-17@17.0.0:kCantonese,kCantonese,source-attested-unreviewed
巡,zh-Hant-TW,xún,,,false,unicode-unihan-17@17.0.0:kMandarin,kMandarin,source-attested-unreviewed
巡,zh-Hant-TW,yán,,,false,unicode-unihan-17@17.0.0:kHanyuPinyin,kHanyuPinyin,source-attested-unreviewed
巡,zh-Hant-TW,shùn,,,false,unicode-unihan-17@17.0.0:kHanyuPinyin,kHanyuPinyin,source-attested-unreviewed
乖,yue-HK,gwaai1,,,false,unicode-unihan-17@17.0.0:kCantonese,kCantonese,source-attested-unreviewed
乖,zh-Hant-TW,guāi,,,false,unicode-unihan-17@17.0.0:kMandarin,kMandarin,source-attested-unreviewed
奉,yue-HK,fung6,,,false,unicode-unihan-17@17.0.0:kCantonese,kCantonese,source-attested-unreviewed
奉,zh-Hant-TW,fèng,,,false,unicode-unihan-17@17.0.0:kMandarin,kMandarin,source-attested-unreviewed
宗,yue-HK,zung1,,,false,unicode-unihan-17@17.0.0:kCantonese,kCantonese,source-attested-unreviewed
宗,zh-Hant-TW,zōng,,,false,unicode-unihan-17@17.0.0:kMandarin,kMandarin,source-attested-unreviewed
宗,zh-Hant-TW,zong,attested-count:18,,false,unicode-unihan-17@17.0.0:kHanyuPinlu,kHanyuPinlu,source-attested-unreviewed
盼,yue-HK,paan3,,,false,unicode-unihan-17@17.0.0:kCantonese,kCantonese,source-attested-unreviewed
盼,zh-Hant-TW,pàn,,,false,unicode-unihan-17@17.0.0:kMandarin,kMandarin,source-attested-unreviewed
盼,zh-Hant-TW,fén,,,false,unicode-unihan-17@17.0.0:kHanyuPinyin,kHanyuPinyin,source-attested-unreviewed
屑,yue-HK,sit3,,,false,unicode-unihan-17@17.0.0:kCantonese,kCantonese,source-attested-unreviewed
屑,zh-Hant-TW,xiè,,,false,unicode-unihan-17@17.0.0:kMandarin,kMandarin,source-attested-unreviewed
泰,yue-HK,taai3,,,false,unicode-unihan-17@17.0.0:kCantonese,kCantonese,source-attested-unreviewed
泰,zh-Hant-TW,tài,,,false,unicode-unihan-17@17.0.0:kMandarin,kMandarin,source-attested-unreviewed
匙,yue-HK,ci4,,,false,unicode-unihan-17@17.0.0:kCantonese,kCantonese,source-attested-unreviewed
匙,yue-HK,si4,mandarin-mapping:shi,,false,unicode-unihan-17@17.0.0:kSMSZD2003Readings,kSMSZD2003Readings,source-attested-unreviewed
匙,zh-Hant-TW,shi,,,false,unicode-unihan-17@17.0.0:kMandarin,kMandarin,source-attested-unreviewed
匙,zh-Hant-TW,chí,,,false,unicode-unihan-17@17.0.0:kHanyuPinyin,kHanyuPinyin,source-attested-unreviewed
曼,yue-HK,maan6,,,false,unicode-unihan-17@17.0.0:kCantonese,kCantonese,source-attested-unreviewed
曼,zh-Hant-TW,màn,,,false,unicode-unihan-17@17.0.0:kMandarin,kMandarin,source-attested-unreviewed
啞,yue-HK,aa2,,,false,unicode-unihan-17@17.0.0:kCantonese,kCantonese,source-attested-unreviewed
啞,yue-HK,aa1,mandarin-mapping:yā,,false,unicode-unihan-17@17.0.0:kSMSZD2003Readings,kSMSZD2003Readings,source-attested-unreviewed
啞,yue-HK,ak1,mandarin-mapping:yǎ,,false,unicode-unihan-17@17.0.0:kSMSZD2003Readings,kSMSZD2003Readings,source-attested-unreviewed
啞,zh-Hant-TW,yǎ,,,false,unicode-unihan-17@17.0.0:kMandarin,kMandarin,source-attested-unreviewed
啞,zh-Hant-TW,è,,,false,unicode-unihan-17@17.0.0:kHanyuPinyin,kHanyuPinyin,source-attested-unreviewed
啞,zh-Hant-TW,yā,,,false,unicode-unihan-17@17.0.0:kHanyuPinyin,kHanyuPinyin,source-attested-unreviewed
掩,yue-HK,jim2,,,false,unicode-unihan-17@17.0.0:kCantonese,kCantonese,source-attested-unreviewed
掩,zh-Hant-TW,yǎn,,,false,unicode-unihan-17@17.0.0:kMandarin,kMandarin,source-attested-unreviewed
掩,zh-Hant-TW,yàn,,,false,unicode-unihan-17@17.0.0:kHanyuPinyin,kHanyuPinyin,source-attested-unreviewed
斬,yue-HK,zaam2,,,false,unicode-unihan-17@17.0.0:kCantonese,kCantonese,source-attested-unreviewed
斬,zh-Hant-TW,zhǎn,,,false,unicode-unihan-17@17.0.0:kMandarin,kMandarin,source-attested-unreviewed
斬,zh-Hant-TW,zhàn,,,false,unicode-unihan-17@17.0.0:kHanyuPinyin,kHanyuPinyin,source-attested-unreviewed
荸,yue-HK,but6,,,false,unicode-unihan-17@17.0.0:kCantonese,kCantonese,source-attested-unreviewed
荸,zh-Hant-TW,bí,,,false,unicode-unihan-17@17.0.0:kMandarin,kMandarin,source-attested-unreviewed
欺,yue-HK,hei1,,,false,unicode-unihan-17@17.0.0:kCantonese,kCantonese,source-attested-unreviewed
欺,zh-Hant-TW,qī,,,false,unicode-unihan-17@17.0.0:kMandarin,kMandarin,source-attested-unreviewed
湃,yue-HK,baai3,,,false,unicode-unihan-17@17.0.0:kCantonese,kCantonese,source-attested-unreviewed
湃,yue-HK,paai3,mandarin-mapping:pài,,false,unicode-unihan-17@17.0.0:kSMSZD2003Readings,kSMSZD2003Readings,source-attested-unreviewed
湃,zh-Hant-TW,pài,,,false,unicode-unihan-17@17.0.0:kMandarin,kMandarin,source-attested-unreviewed
湃,zh-Hant-TW,bá,,,false,unicode-unihan-17@17.0.0:kHanyuPinyin,kHanyuPinyin,source-attested-unreviewed
琪,yue-HK,kei4,,,false,unicode-unihan-17@17.0.0:kCantonese,kCantonese,source-attested-unreviewed
琪,zh-Hant-TW,qí,,,false,unicode-unihan-17@17.0.0:kMandarin,kMandarin,source-attested-unreviewed
鈍,yue-HK,deon6,,,false,unicode-unihan-17@17.0.0:kCantonese,kCantonese,source-attested-unreviewed
鈍,zh-Hant-TW,dùn,,,false,unicode-unihan-17@17.0.0:kMandarin,kMandarin,source-attested-unreviewed
匯,yue-HK,wui6,,,false,unicode-unihan-17@17.0.0:kCantonese,kCantonese,source-attested-unreviewed
匯,zh-Hant-TW,huì,,,false,unicode-unihan-17@17.0.0:kMandarin,kMandarin,source-attested-unreviewed
賈,yue-HK,gaa2,,,false,unicode-unihan-17@17.0.0:kCantonese,kCantonese,source-attested-unreviewed
賈,yue-HK,gu2,mandarin-mapping:gǔ,,false,unicode-unihan-17@17.0.0:kSMSZD2003Readings,kSMSZD2003Readings,source-attested-unreviewed
賈,zh-Hant-TW,jiǎ,,,false,unicode-unihan-17@17.0.0:kMandarin,kMandarin,source-attested-unreviewed
賈,zh-Hant-TW,gǔ,,,false,unicode-unihan-17@17.0.0:kHanyuPinyin,kHanyuPinyin,source-attested-unreviewed
賈,zh-Hant-TW,jià,,,false,unicode-unihan-17@17.0.0:kHanyuPinyin,kHanyuPinyin,source-attested-unreviewed
凳,yue-HK,dang3,,,false,unicode-unihan-17@17.0.0:kCantonese,kCantonese,source-attested-unreviewed
凳,zh-Hant-TW,dèng,,,false,unicode-unihan-17@17.0.0:kMandarin,kMandarin,source-attested-unreviewed
漾,yue-HK,joeng6,,,false,unicode-unihan-17@17.0.0:kCantonese,kCantonese,source-attested-unreviewed
漾,zh-Hant-TW,yàng,,,false,unicode-unihan-17@17.0.0:kMandarin,kMandarin,source-attested-unreviewed
漲,yue-HK,zoeng2,,,false,unicode-unihan-17@17.0.0:kCantonese,kCantonese,source-attested-unreviewed
漲,yue-HK,zoeng3,mandarin-mapping:zhǎng,,false,unicode-unihan-17@17.0.0:kSMSZD2003Readings,kSMSZD2003Readings,source-attested-unreviewed
漲,zh-Hant-TW,zhǎng,,,false,unicode-unihan-17@17.0.0:kMandarin,kMandarin,source-attested-unreviewed
漲,zh-Hant-TW,zhàng,attested-count:11,,false,unicode-unihan-17@17.0.0:kHanyuPinlu,kHanyuPinlu,source-attested-unreviewed
漲,zh-Hant-TW,zhāng,,,false,unicode-unihan-17@17.0.0:kHanyuPinyin,kHanyuPinyin,source-attested-unreviewed
監,yue-HK,gaam1,,,false,unicode-unihan-17@17.0.0:kCantonese,kCantonese,source-attested-unreviewed
監,yue-HK,gaam3,mandarin-mapping:jiàn,,false,unicode-unihan-17@17.0.0:kSMSZD2003Readings,kSMSZD2003Readings,source-attested-unreviewed
監,zh-Hant-TW,jiān,,,false,unicode-unihan-17@17.0.0:kMandarin,kMandarin,source-attested-unreviewed
監,zh-Hant-TW,jiàn,,,false,unicode-unihan-17@17.0.0:kHanyuPinyin,kHanyuPinyin,source-attested-unreviewed
監,zh-Hant-TW,kàn,,,false,unicode-unihan-17@17.0.0:kHanyuPinyin,kHanyuPinyin,source-attested-unreviewed
褂,yue-HK,gwaa3,,,false,unicode-unihan-17@17.0.0:kCantonese,kCantonese,source-attested-unreviewed
褂,yue-HK,kwaa2,mandarin-mapping:guà,,false,unicode-unihan-17@17.0.0:kSMSZD2003Readings,kSMSZD2003Readings,source-attested-unreviewed
褂,zh-Hant-TW,guà,,,false,unicode-unihan-17@17.0.0:kMandarin,kMandarin,source-attested-unreviewed
辣,yue-HK,laat6,,,false,unicode-unihan-17@17.0.0:kCantonese,kCantonese,source-attested-unreviewed
辣,zh-Hant-TW,là,,,false,unicode-unihan-17@17.0.0:kMandarin,kMandarin,source-attested-unreviewed
慕,yue-HK,mou6,,,false,unicode-unihan-17@17.0.0:kCantonese,kCantonese,source-attested-unreviewed
慕,zh-Hant-TW,mù,,,false,unicode-unihan-17@17.0.0:kMandarin,kMandarin,source-attested-unreviewed
撈,yue-HK,laau4,,,false,unicode-unihan-17@17.0.0:kCantonese,kCantonese,source-attested-unreviewed
撈,yue-HK,lou1,mandarin-mapping:lāo,,false,unicode-unihan-17@17.0.0:kSMSZD2003Readings,kSMSZD2003Readings,source-attested-unreviewed
撈,zh-Hant-TW,lāo,,,false,unicode-unihan-17@17.0.0:kMandarin,kMandarin,source-attested-unreviewed
澎,yue-HK,paang4,,,false,unicode-unihan-17@17.0.0:kCantonese,kCantonese,source-attested-unreviewed
澎,yue-HK,paang1,mandarin-mapping:pēng,,false,unicode-unihan-17@17.0.0:kSMSZD2003Readings,kSMSZD2003Readings,source-attested-unreviewed
澎,zh-Hant-TW,péng,,,false,unicode-unihan-17@17.0.0:kMandarin,kMandarin,source-attested-unreviewed
澎,zh-Hant-TW,pēng,attested-count:11,,false,unicode-unihan-17@17.0.0:kHanyuPinlu,kHanyuPinlu,source-attested-unreviewed
碾,yue-HK,nin5,,,false,unicode-unihan-17@17.0.0:kCantonese,kCantonese,source-attested-unreviewed
碾,yue-HK,zin2,mandarin-mapping:niǎn,,false,unicode-unihan-17@17.0.0:kSMSZD2003Readings,kSMSZD2003Readings,source-attested-unreviewed
碾,zh-Hant-TW,niǎn,,,false,unicode-unihan-17@17.0.0:kMandarin,kMandarin,source-attested-unreviewed
憑,yue-HK,pang4,,,false,unicode-unihan-17@17.0.0:kCantonese,kCantonese,source-attested-unreviewed
憑,zh-Hant-TW,píng,,,false,unicode-unihan-17@17.0.0:kMandarin,kMandarin,source-attested-unreviewed
曆,yue-HK,lik6,,,false,unicode-unihan-17@17.0.0:kCantonese,kCantonese,source-attested-unreviewed
曆,zh-Hant-TW,lì,,,false,unicode-unihan-17@17.0.0:kMandarin,kMandarin,source-attested-unreviewed
艘,yue-HK,sau1,,,false,unicode-unihan-17@17.0.0:kCantonese,kCantonese,source-attested-unreviewed
艘,yue-HK,sau2,mandarin-mapping:sōu,,false,unicode-unihan-17@17.0.0:kSMSZD2003Readings,kSMSZD2003Readings,source-attested-unreviewed
艘,zh-Hant-TW,sōu,,,false,unicode-unihan-17@17.0.0:kMandarin,kMandarin,source-attested-unreviewed
錫,yue-HK,sek3,,,false,unicode-unihan-17@17.0.0:kCantonese,kCantonese,source-attested-unreviewed
錫,zh-Hant-TW,xī,,,false,unicode-unihan-17@17.0.0:kMandarin,kMandarin,source-attested-unreviewed
錫,zh-Hant-TW,tì,,,false,unicode-unihan-17@17.0.0:kHanyuPinyin,kHanyuPinyin,source-attested-unreviewed
療,yue-HK,liu4,,,false,unicode-unihan-17@17.0.0:kCantonese,kCantonese,source-attested-unreviewed
療,zh-Hant-TW,liáo,,,false,unicode-unihan-17@17.0.0:kMandarin,kMandarin,source-attested-unreviewed
療,zh-Hant-TW,liào,,,false,unicode-unihan-17@17.0.0:kHanyuPinyin,kHanyuPinyin,source-attested-unreviewed
療,zh-Hant-TW,shuò,,,false,unicode-unihan-17@17.0.0:kHanyuPinyin,kHanyuPinyin,source-attested-unreviewed
縱,yue-HK,zung3,,,false,unicode-unihan-17@17.0.0:kCantonese,kCantonese,source-attested-unreviewed
縱,yue-HK,zung1,"mandarin-mapping:zòng,zōng",,false,unicode-unihan-17@17.0.0:kSMSZD2003Readings,kSMSZD2003Readings,source-attested-unreviewed
縱,zh-Hant-TW,zòng,,,false,unicode-unihan-17@17.0.0:kMandarin,kMandarin,source-attested-unreviewed
縱,zh-Hant-TW,cóng,,,false,unicode-unihan-17@17.0.0:kHanyuPinyin,kHanyuPinyin,source-attested-unreviewed
縱,zh-Hant-TW,zǒng,,,false,unicode-unihan-17@17.0.0:kHanyuPinyin,kHanyuPinyin,source-attested-unreviewed
聳,yue-HK,sung2,,,false,unicode-unihan-17@17.0.0:kCantonese,kCantonese,source-attested-unreviewed
聳,zh-Hant-TW,sǒng,,,false,unicode-unihan-17@17.0.0:kMandarin,kMandarin,source-attested-unreviewed
謊,yue-HK,fong1,,,false,unicode-unihan-17@17.0.0:kCantonese,kCantonese,source-attested-unreviewed
謊,zh-Hant-TW,huǎng,,,false,unicode-unihan-17@17.0.0:kMandarin,kMandarin,source-attested-unreviewed
嬸,yue-HK,sam2,,,false,unicode-unihan-17@17.0.0:kCantonese,kCantonese,source-attested-unreviewed
嬸,zh-Hant-TW,shěn,,,false,unicode-unihan-17@17.0.0:kMandarin,kMandarin,source-attested-unreviewed
嬸,zh-Hant-TW,shen,attested-count:66,,false,unicode-unihan-17@17.0.0:kHanyuPinlu,kHanyuPinlu,source-attested-unreviewed
鞭,yue-HK,bin1,,,false,unicode-unihan-17@17.0.0:kCantonese,kCantonese,source-attested-unreviewed
鞭,zh-Hant-TW,biān,,,false,unicode-unihan-17@17.0.0:kMandarin,kMandarin,source-attested-unreviewed
魏,yue-HK,ngai6,,,false,unicode-unihan-17@17.0.0:kCantonese,kCantonese,source-attested-unreviewed
魏,zh-Hant-TW,wèi,,,false,unicode-unihan-17@17.0.0:kMandarin,kMandarin,source-attested-unreviewed
魏,zh-Hant-TW,wéi,,,false,unicode-unihan-17@17.0.0:kHanyuPinyin,kHanyuPinyin,source-attested-unreviewed
魏,zh-Hant-TW,wēi,,,false,unicode-unihan-17@17.0.0:kHanyuPinyin,kHanyuPinyin,source-attested-unreviewed
鯉,yue-HK,lei5,,,false,unicode-unihan-17@17.0.0:kCantonese,kCantonese,source-attested-unreviewed
鯉,zh-Hant-TW,lǐ,,,false,unicode-unihan-17@17.0.0:kMandarin,kMandarin,source-attested-unreviewed
韻,yue-HK,wan6,,,false,unicode-unihan-17@17.0.0:kCantonese,kCantonese,source-attested-unreviewed
韻,yue-HK,wan5,mandarin-mapping:yùn,,false,unicode-unihan-17@17.0.0:kSMSZD2003Readings,kSMSZD2003Readings,source-attested-unreviewed
韻,zh-Hant-TW,yùn,,,false,unicode-unihan-17@17.0.0:kMandarin,kMandarin,source-attested-unreviewed
櫻,yue-HK,jing1,,,false,unicode-unihan-17@17.0.0:kCantonese,kCantonese,source-attested-unreviewed
櫻,zh-Hant-TW,yīng,,,false,unicode-unihan-17@17.0.0:kMandarin,kMandarin,source-attested-unreviewed
戀,yue-HK,lyun2,,,false,unicode-unihan-17@17.0.0:kCantonese,kCantonese,source-attested-unreviewed
戀,zh-Hant-TW,liàn,,,false,unicode-unihan-17@17.0.0:kMandarin,kMandarin,source-attested-unreviewed
竊,yue-HK,sit3,,,false,unicode-unihan-17@17.0.0:kCantonese,kCantonese,source-attested-unreviewed
竊,zh-Hant-TW,qiè,,,false,unicode-unihan-17@17.0.0:kMandarin,kMandarin,source-attested-unreviewed
鑰,yue-HK,joek6,,,false,unicode-unihan-17@17.0.0:kCantonese,kCantonese,source-attested-unreviewed
鑰,zh-Hant-TW,yào,,,false,unicode-unihan-17@17.0.0:kMandarin,kMandarin,source-attested-unreviewed
鑰,zh-Hant-TW,yuè,,,false,unicode-unihan-17@17.0.0:kHanyuPinyin,kHanyuPinyin,source-attested-unreviewed
凶,yue-HK,hung1,,,false,unicode-unihan-17@17.0.0:kCantonese,kCantonese,source-attested-unreviewed
凶,zh-Hant-TW,xiōng,,,false,unicode-unihan-17@17.0.0:kMandarin,kMandarin,source-attested-unreviewed
犬,yue-HK,hyun2,,,false,unicode-unihan-17@17.0.0:kCantonese,kCantonese,source-attested-unreviewed
犬,zh-Hant-TW,quǎn,,,false,unicode-unihan-17@17.0.0:kMandarin,kMandarin,source-attested-unreviewed
仗,yue-HK,zoeng6,,,false,unicode-unihan-17@17.0.0:kCantonese,kCantonese,source-attested-unreviewed
仗,yue-HK,zoeng3,mandarin-mapping:zhàng,,false,unicode-unihan-17@17.0.0:kSMSZD2003Readings,kSMSZD2003Readings,source-attested-unreviewed
仗,zh-Hant-TW,zhàng,,,false,unicode-unihan-17@17.0.0:kMandarin,kMandarin,source-attested-unreviewed
申,yue-HK,san1,,,false,unicode-unihan-17@17.0.0:kCantonese,kCantonese,source-attested-unreviewed
申,zh-Hant-TW,shēn,,,false,unicode-unihan-17@17.0.0:kMandarin,kMandarin,source-attested-unreviewed
奸,yue-HK,gaan1,,,false,unicode-unihan-17@17.0.0:kCantonese,kCantonese,source-attested-unreviewed
奸,zh-Hant-TW,jiān,,,false,unicode-unihan-17@17.0.0:kMandarin,kMandarin,source-attested-unreviewed
奸,zh-Hant-TW,gān,,,false,unicode-unihan-17@17.0.0:kHanyuPinyin,kHanyuPinyin,source-attested-unreviewed
卸,yue-HK,se3,,,false,unicode-unihan-17@17.0.0:kCantonese,kCantonese,source-attested-unreviewed
卸,zh-Hant-TW,xiè,,,false,unicode-unihan-17@17.0.0:kMandarin,kMandarin,source-attested-unreviewed
拆,yue-HK,caak3,,,false,unicode-unihan-17@17.0.0:kCantonese,kCantonese,source-attested-unreviewed
拆,zh-Hant-TW,chāi,,,false,unicode-unihan-17@17.0.0:kMandarin,kMandarin,source-attested-unreviewed
拆,zh-Hant-TW,chè,,,false,unicode-unihan-17@17.0.0:kHanyuPinyin,kHanyuPinyin,source-attested-unreviewed
拆,zh-Hant-TW,chì,,,false,unicode-unihan-17@17.0.0:kHanyuPinyin,kHanyuPinyin,source-attested-unreviewed
拆,zh-Hant-TW,cā,,,false,unicode-unihan-17@17.0.0:kHanyuPinyin,kHanyuPinyin,source-attested-unreviewed
旺,yue-HK,wong6,,,false,unicode-unihan-17@17.0.0:kCantonese,kCantonese,source-attested-unreviewed
旺,zh-Hant-TW,wàng,,,false,unicode-unihan-17@17.0.0:kMandarin,kMandarin,source-attested-unreviewed
沾,yue-HK,zim1,,,false,unicode-unihan-17@17.0.0:kCantonese,kCantonese,source-attested-unreviewed
沾,zh-Hant-TW,zhān,,,false,unicode-unihan-17@17.0.0:kMandarin,kMandarin,source-attested-unreviewed
沾,zh-Hant-TW,tiān,,,false,unicode-unihan-17@17.0.0:kHanyuPinyin,kHanyuPinyin,source-attested-unreviewed
沾,zh-Hant-TW,diàn,,,false,unicode-unihan-17@17.0.0:kHanyuPinyin,kHanyuPinyin,source-attested-unreviewed
沾,zh-Hant-TW,chān,,,false,unicode-unihan-17@17.0.0:kHanyuPinyin,kHanyuPinyin,source-attested-unreviewed
炒,yue-HK,caau2,,,false,unicode-unihan-17@17.0.0:kCantonese,kCantonese,source-attested-unreviewed
炒,zh-Hant-TW,chǎo,,,false,unicode-unihan-17@17.0.0:kMandarin,kMandarin,source-attested-unreviewed
勉,yue-HK,min5,,,false,unicode-unihan-17@17.0.0:kCantonese,kCantonese,source-attested-unreviewed
勉,zh-Hant-TW,miǎn,,,false,unicode-unihan-17@17.0.0:kMandarin,kMandarin,source-attested-unreviewed
哇,yue-HK,waa1,,,false,unicode-unihan-17@17.0.0:kCantonese,kCantonese,source-attested-unreviewed
哇,zh-Hant-TW,wa,,,false,unicode-unihan-17@17.0.0:kMandarin,kMandarin,source-attested-unreviewed
哇,zh-Hant-TW,wā,attested-count:26,,false,unicode-unihan-17@17.0.0:kHanyuPinlu,kHanyuPinlu,source-attested-unreviewed
哇,zh-Hant-TW,guī,,,false,unicode-unihan-17@17.0.0:kHanyuPinyin,kHanyuPinyin,source-attested-unreviewed
哇,zh-Hant-TW,huá,,,false,unicode-unihan-17@17.0.0:kHanyuPinyin,kHanyuPinyin,source-attested-unreviewed
哇,zh-Hant-TW,wá,,,false,unicode-unihan-17@17.0.0:kHanyuPinyin,kHanyuPinyin,source-attested-unreviewed
屍,yue-HK,si1,,,false,unicode-unihan-17@17.0.0:kCantonese,kCantonese,source-attested-unreviewed
屍,zh-Hant-TW,shī,,,false,unicode-unihan-17@17.0.0:kMandarin,kMandarin,source-attested-unreviewed
屍,zh-Hant-TW,shì,,,false,unicode-unihan-17@17.0.0:kHanyuPinyin,kHanyuPinyin,source-attested-unreviewed
躬,yue-HK,gung1,,,false,unicode-unihan-17@17.0.0:kCantonese,kCantonese,source-attested-unreviewed
躬,zh-Hant-TW,gōng,,,false,unicode-unihan-17@17.0.0:kMandarin,kMandarin,source-attested-unreviewed
兜,yue-HK,dau1,,,false,unicode-unihan-17@17.0.0:kCantonese,kCantonese,source-attested-unreviewed
兜,zh-Hant-TW,dōu,,,false,unicode-unihan-17@17.0.0:kMandarin,kMandarin,source-attested-unreviewed
痕,yue-HK,han4,,,false,unicode-unihan-17@17.0.0:kCantonese,kCantonese,source-attested-unreviewed
痕,zh-Hant-TW,hén,,,false,unicode-unihan-17@17.0.0:kMandarin,kMandarin,source-attested-unreviewed
痕,zh-Hant-TW,gèn,,,false,unicode-unihan-17@17.0.0:kHanyuPinyin,kHanyuPinyin,source-attested-unreviewed
彪,yue-HK,biu1,,,false,unicode-unihan-17@17.0.0:kCantonese,kCantonese,source-attested-unreviewed
彪,zh-Hant-TW,biāo,,,false,unicode-unihan-17@17.0.0:kMandarin,kMandarin,source-attested-unreviewed
揍,yue-HK,zau3,,,false,unicode-unihan-17@17.0.0:kCantonese,kCantonese,source-attested-unreviewed
揍,zh-Hant-TW,zòu,,,false,unicode-unihan-17@17.0.0:kMandarin,kMandarin,source-attested-unreviewed
揍,zh-Hant-TW,còu,,,false,unicode-unihan-17@17.0.0:kHanyuPinyin,kHanyuPinyin,source-attested-unreviewed
猩,yue-HK,sing1,,,false,unicode-unihan-17@17.0.0:kCantonese,kCantonese,source-attested-unreviewed
猩,zh-Hant-TW,xīng,,,false,unicode-unihan-17@17.0.0:kMandarin,kMandarin,source-attested-unreviewed
猩,zh-Hant-TW,xing,attested-count:13,,false,unicode-unihan-17@17.0.0:kHanyuPinlu,kHanyuPinlu,source-attested-unreviewed
絢,yue-HK,hyun3,,,false,unicode-unihan-17@17.0.0:kCantonese,kCantonese,source-attested-unreviewed
絢,zh-Hant-TW,xuàn,,,false,unicode-unihan-17@17.0.0:kMandarin,kMandarin,source-attested-unreviewed
絢,zh-Hant-TW,xún,,,false,unicode-unihan-17@17.0.0:kHanyuPinyin,kHanyuPinyin,source-attested-unreviewed
腕,yue-HK,wun2,,,false,unicode-unihan-17@17.0.0:kCantonese,kCantonese,source-attested-unreviewed
腕,zh-Hant-TW,wàn,,,false,unicode-unihan-17@17.0.0:kMandarin,kMandarin,source-attested-unreviewed
脹,yue-HK,zoeng3,,,false,unicode-unihan-17@17.0.0:kCantonese,kCantonese,source-attested-unreviewed
脹,zh-Hant-TW,zhàng,,,false,unicode-unihan-17@17.0.0:kMandarin,kMandarin,source-attested-unreviewed
脹,zh-Hant-TW,cháng,,,false,unicode-unihan-17@17.0.0:kHanyuPinyin,kHanyuPinyin,source-attested-unreviewed
萌,yue-HK,mang4,,,false,unicode-unihan-17@17.0.0:kCantonese,kCantonese,source-attested-unreviewed
萌,zh-Hant-TW,méng,,,false,unicode-unihan-17@17.0.0:kMandarin,kMandarin,source-attested-unreviewed
萌,zh-Hant-TW,míng,,,false,unicode-unihan-17@17.0.0:kHanyuPinyin,kHanyuPinyin,source-attested-unreviewed
惹,yue-HK,je5,,,false,unicode-unihan-17@17.0.0:kCantonese,kCantonese,source-attested-unreviewed
惹,zh-Hant-TW,rě,,,false,unicode-unihan-17@17.0.0:kMandarin,kMandarin,source-attested-unreviewed
惹,zh-Hant-TW,ruò,,,false,unicode-unihan-17@17.0.0:kHanyuPinyin,kHanyuPinyin,source-attested-unreviewed
愧,yue-HK,kwai5,,,false,unicode-unihan-17@17.0.0:kCantonese,kCantonese,source-attested-unreviewed
愧,zh-Hant-TW,kuì,,,false,unicode-unihan-17@17.0.0:kMandarin,kMandarin,source-attested-unreviewed
搔,yue-HK,sou1,,,false,unicode-unihan-17@17.0.0:kCantonese,kCantonese,source-attested-unreviewed
搔,zh-Hant-TW,sāo,,,false,unicode-unihan-17@17.0.0:kMandarin,kMandarin,source-attested-unreviewed
搔,zh-Hant-TW,sào,,,false,unicode-unihan-17@17.0.0:kHanyuPinyin,kHanyuPinyin,source-attested-unreviewed
碑,yue-HK,bei1,,,false,unicode-unihan-17@17.0.0:kCantonese,kCantonese,source-attested-unreviewed
碑,zh-Hant-TW,bēi,,,false,unicode-unihan-17@17.0.0:kMandarin,kMandarin,source-attested-unreviewed
粵,yue-HK,jyut6,,,false,unicode-unihan-17@17.0.0:kCantonese,kCantonese,source-attested-unreviewed
粵,zh-Hant-TW,yuè,,,false,unicode-unihan-17@17.0.0:kMandarin,kMandarin,source-attested-unreviewed
嘟,yue-HK,dou1,,,false,unicode-unihan-17@17.0.0:kCantonese,kCantonese,source-attested-unreviewed
嘟,zh-Hant-TW,dū,,,false,unicode-unihan-17@17.0.0:kMandarin,kMandarin,source-attested-unreviewed
墊,yue-HK,din3,,,false,unicode-unihan-17@17.0.0:kCantonese,kCantonese,source-attested-unreviewed
墊,yue-HK,din2,mandarin-mapping:diàn,,false,unicode-unihan-17@17.0.0:kSMSZD2003Readings,kSMSZD2003Readings,source-attested-unreviewed
墊,yue-HK,din6,mandarin-mapping:diàn,,false,unicode-unihan-17@17.0.0:kSMSZD2003Readings,kSMSZD2003Readings,source-attested-unreviewed
墊,zh-Hant-TW,diàn,,,false,unicode-unihan-17@17.0.0:kMandarin,kMandarin,source-attested-unreviewed
榕,yue-HK,jung4,,,false,unicode-unihan-17@17.0.0:kCantonese,kCantonese,source-attested-unreviewed
榕,zh-Hant-TW,róng,,,false,unicode-unihan-17@17.0.0:kMandarin,kMandarin,source-attested-unreviewed
瑪,yue-HK,maa5,,,false,unicode-unihan-17@17.0.0:kCantonese,kCantonese,source-attested-unreviewed
瑪,zh-Hant-TW,mǎ,,,false,unicode-unihan-17@17.0.0:kMandarin,kMandarin,source-attested-unreviewed
罰,yue-HK,fat6,,,false,unicode-unihan-17@17.0.0:kCantonese,kCantonese,source-attested-unreviewed
罰,zh-Hant-TW,fá,,,false,unicode-unihan-17@17.0.0:kMandarin,kMandarin,source-attested-unreviewed
嘹,yue-HK,liu4,,,false,unicode-unihan-17@17.0.0:kCantonese,kCantonese,source-attested-unreviewed
嘹,zh-Hant-TW,liáo,,,false,unicode-unihan-17@17.0.0:kMandarin,kMandarin,source-attested-unreviewed
嘹,zh-Hant-TW,liào,,,false,unicode-unihan-17@17.0.0:kHanyuPinyin,kHanyuPinyin,source-attested-unreviewed
嬌,yue-HK,giu1,,,false,unicode-unihan-17@17.0.0:kCantonese,kCantonese,source-attested-unreviewed
嬌,zh-Hant-TW,jiāo,,,false,unicode-unihan-17@17.0.0:kMandarin,kMandarin,source-attested-unreviewed
撐,yue-HK,caang1,,,false,unicode-unihan-17@17.0.0:kCantonese,kCantonese,source-attested-unreviewed
撐,zh-Hant-TW,chēng,,,false,unicode-unihan-17@17.0.0:kMandarin,kMandarin,source-attested-unreviewed
撐,zh-Hant-TW,cheng,attested-count:17,,false,unicode-unihan-17@17.0.0:kHanyuPinlu,kHanyuPinlu,source-attested-unreviewed
瑩,yue-HK,jing4,,,false,unicode-unihan-17@17.0.0:kCantonese,kCantonese,source-attested-unreviewed
瑩,zh-Hant-TW,yíng,,,false,unicode-unihan-17@17.0.0:kMandarin,kMandarin,source-attested-unreviewed
瑩,zh-Hant-TW,yǐng,,,false,unicode-unihan-17@17.0.0:kHanyuPinyin,kHanyuPinyin,source-attested-unreviewed
蔑,yue-HK,mit6,,,false,unicode-unihan-17@17.0.0:kCantonese,kCantonese,source-attested-unreviewed
蔑,zh-Hant-TW,miè,,,false,unicode-unihan-17@17.0.0:kMandarin,kMandarin,source-attested-unreviewed
遮,yue-HK,ze1,,,false,unicode-unihan-17@17.0.0:kCantonese,kCantonese,source-attested-unreviewed
遮,zh-Hant-TW,zhē,,,false,unicode-unihan-17@17.0.0:kMandarin,kMandarin,source-attested-unreviewed
駐,yue-HK,zyu3,,,false,unicode-unihan-17@17.0.0:kCantonese,kCantonese,source-attested-unreviewed
駐,zh-Hant-TW,zhù,,,false,unicode-unihan-17@17.0.0:kMandarin,kMandarin,source-attested-unreviewed
擒,yue-HK,kam4,,,false,unicode-unihan-17@17.0.0:kCantonese,kCantonese,source-attested-unreviewed
擒,zh-Hant-TW,qín,,,false,unicode-unihan-17@17.0.0:kMandarin,kMandarin,source-attested-unreviewed
艙,yue-HK,cong1,,,false,unicode-unihan-17@17.0.0:kCantonese,kCantonese,source-attested-unreviewed
艙,zh-Hant-TW,cāng,,,false,unicode-unihan-17@17.0.0:kMandarin,kMandarin,source-attested-unreviewed
螞,yue-HK,maa5,,,false,unicode-unihan-17@17.0.0:kCantonese,kCantonese,source-attested-unreviewed
螞,yue-HK,maa1,mandarin-mapping:mā,,false,unicode-unihan-17@17.0.0:kSMSZD2003Readings,kSMSZD2003Readings,source-attested-unreviewed
螞,yue-HK,maa6,mandarin-mapping:mà,,false,unicode-unihan-17@17.0.0:kSMSZD2003Readings,kSMSZD2003Readings,source-attested-unreviewed
螞,zh-Hant-TW,mǎ,,,false,unicode-unihan-17@17.0.0:kMandarin,kMandarin,source-attested-unreviewed
螞,zh-Hant-TW,mā,,,false,unicode-unihan-17@17.0.0:kHanyuPinyin,kHanyuPinyin,source-attested-unreviewed
螞,zh-Hant-TW,mà,,,false,unicode-unihan-17@17.0.0:kHanyuPinyin,kHanyuPinyin,source-attested-unreviewed
澀,yue-HK,sap1,,,false,unicode-unihan-17@17.0.0:kCantonese,kCantonese,source-attested-unreviewed
澀,yue-HK,sik1,mandarin-mapping:sè,,false,unicode-unihan-17@17.0.0:kSMSZD2003Readings,kSMSZD2003Readings,source-attested-unreviewed
澀,zh-Hant-TW,sè,,,false,unicode-unihan-17@17.0.0:kMandarin,kMandarin,source-attested-unreviewed
瞬,yue-HK,seon3,,,false,unicode-unihan-17@17.0.0:kCantonese,kCantonese,source-attested-unreviewed
瞬,zh-Hant-TW,shùn,,,false,unicode-unihan-17@17.0.0:kMandarin,kMandarin,source-attested-unreviewed
邁,yue-HK,maai6,,,false,unicode-unihan-17@17.0.0:kCantonese,kCantonese,source-attested-unreviewed
邁,zh-Hant-TW,mài,,,false,unicode-unihan-17@17.0.0:kMandarin,kMandarin,source-attested-unreviewed
軀,yue-HK,keoi1,,,false,unicode-unihan-17@17.0.0:kCantonese,kCantonese,source-attested-unreviewed
軀,zh-Hant-TW,qū,,,false,unicode-unihan-17@17.0.0:kMandarin,kMandarin,source-attested-unreviewed
競,yue-HK,ging6,,,false,unicode-unihan-17@17.0.0:kCantonese,kCantonese,source-attested-unreviewed
競,yue-HK,ging3,mandarin-mapping:jìng,,false,unicode-unihan-17@17.0.0:kSMSZD2003Readings,kSMSZD2003Readings,source-attested-unreviewed
競,zh-Hant-TW,jìng,,,false,unicode-unihan-17@17.0.0:kMandarin,kMandarin,source-attested-unreviewed
贏,yue-HK,jing4,,,false,unicode-unihan-17@17.0.0:kCantonese,kCantonese,source-attested-unreviewed
贏,zh-Hant-TW,yíng,,,false,unicode-unihan-17@17.0.0:kMandarin,kMandarin,source-attested-unreviewed
闢,yue-HK,pik1,,,false,unicode-unihan-17@17.0.0:kCantonese,kCantonese,source-attested-unreviewed
闢,zh-Hant-TW,pì,,,false,unicode-unihan-17@17.0.0:kMandarin,kMandarin,source-attested-unreviewed
罐,yue-HK,gun3,,,false,unicode-unihan-17@17.0.0:kCantonese,kCantonese,source-attested-unreviewed
罐,zh-Hant-TW,guàn,,,false,unicode-unihan-17@17.0.0:kMandarin,kMandarin,source-attested-unreviewed
扛,yue-HK,gong1,,,false,unicode-unihan-17@17.0.0:kCantonese,kCantonese,source-attested-unreviewed
扛,yue-HK,kong1,mandarin-mapping:káng,,false,unicode-unihan-17@17.0.0:kSMSZD2003Readings,kSMSZD2003Readings,source-attested-unreviewed
扛,zh-Hant-TW,káng,,,false,unicode-unihan-17@17.0.0:kMandarin,kMandarin,source-attested-unreviewed
扛,zh-Hant-TW,gāng,,,false,unicode-unihan-17@17.0.0:kHanyuPinyin,kHanyuPinyin,source-attested-unreviewed
沈,yue-HK,sam2,,,false,unicode-unihan-17@17.0.0:kCantonese,kCantonese,source-attested-unreviewed
沈,zh-Hant-TW,shěn,,,false,unicode-unihan-17@17.0.0:kMandarin,kMandarin,source-attested-unreviewed
沈,zh-Hant-TW,chén,,,false,unicode-unihan-17@17.0.0:kMandarin,kMandarin,source-attested-unreviewed
沈,zh-Hant-TW,tán,,,false,unicode-unihan-17@17.0.0:kHanyuPinyin,kHanyuPinyin,source-attested-unreviewed
妻,yue-HK,cai1,,,false,unicode-unihan-17@17.0.0:kCantonese,kCantonese,source-attested-unreviewed
妻,yue-HK,cai3,mandarin-mapping:qì,,false,unicode-unihan-17@17.0.0:kSMSZD2003Readings,kSMSZD2003Readings,source-attested-unreviewed
妻,zh-Hant-TW,qī,,,false,unicode-unihan-17@17.0.0:kMandarin,kMandarin,source-attested-unreviewed
妻,zh-Hant-TW,qì,,,false,unicode-unihan-17@17.0.0:kHanyuPinyin,kHanyuPinyin,source-attested-unreviewed
拒,yue-HK,keoi5,,,false,unicode-unihan-17@17.0.0:kCantonese,kCantonese,source-attested-unreviewed
拒,zh-Hant-TW,jù,,,false,unicode-unihan-17@17.0.0:kMandarin,kMandarin,source-attested-unreviewed
拒,zh-Hant-TW,jǔ,,,false,unicode-unihan-17@17.0.0:kHanyuPinyin,kHanyuPinyin,source-attested-unreviewed
枕,yue-HK,zam2,,,false,unicode-unihan-17@17.0.0:kCantonese,kCantonese,source-attested-unreviewed
枕,yue-HK,zam3,"mandarin-mapping:zhèn,zhěn",,false,unicode-unihan-17@17.0.0:kSMSZD2003Readings,kSMSZD2003Readings,source-attested-unreviewed
枕,zh-Hant-TW,zhěn,,,false,unicode-unihan-17@17.0.0:kMandarin,kMandarin,source-attested-unreviewed
枕,zh-Hant-TW,chén,,,false,unicode-unihan-17@17.0.0:kHanyuPinyin,kHanyuPinyin,source-attested-unreviewed
沸,yue-HK,fai3,,,false,unicode-unihan-17@17.0.0:kCantonese,kCantonese,source-attested-unreviewed
沸,zh-Hant-TW,fèi,,,false,unicode-unihan-17@17.0.0:kMandarin,kMandarin,source-attested-unreviewed
沸,zh-Hant-TW,fú,,,false,unicode-unihan-17@17.0.0:kHanyuPinyin,kHanyuPinyin,source-attested-unreviewed
糾,yue-HK,gau2,,,false,unicode-unihan-17@17.0.0:kCantonese,kCantonese,source-attested-unreviewed
糾,yue-HK,dau2,mandarin-mapping:jiū,,false,unicode-unihan-17@17.0.0:kSMSZD2003Readings,kSMSZD2003Readings,source-attested-unreviewed
糾,zh-Hant-TW,jiū,,,false,unicode-unihan-17@17.0.0:kMandarin,kMandarin,source-attested-unreviewed
糾,zh-Hant-TW,jiǎo,,,false,unicode-unihan-17@17.0.0:kHanyuPinyin,kHanyuPinyin,source-attested-unreviewed
軋,yue-HK,aat3,,,false,unicode-unihan-17@17.0.0:kCantonese,kCantonese,source-attested-unreviewed
軋,yue-HK,zaat3,mandarin-mapping:zhá,,false,unicode-unihan-17@17.0.0:kSMSZD2003Readings,kSMSZD2003Readings,source-attested-unreviewed
軋,yue-HK,gaat3,mandarin-mapping:gá,,false,unicode-unihan-17@17.0.0:kSMSZD2003Readings,kSMSZD2003Readings,source-attested-unreviewed
軋,zh-Hant-TW,yà,,,false,unicode-unihan-17@17.0.0:kMandarin,kMandarin,source-attested-unreviewed
軋,zh-Hant-TW,zhá,,,false,unicode-unihan-17@17.0.0:kHanyuPinyin,kHanyuPinyin,source-attested-unreviewed
軋,zh-Hant-TW,gá,,,false,unicode-unihan-17@17.0.0:kHanyuPinyin,kHanyuPinyin,source-attested-unreviewed
俊,yue-HK,zeon3,,,false,unicode-unihan-17@17.0.0:kCantonese,kCantonese,source-attested-unreviewed
俊,zh-Hant-TW,jùn,,,false,unicode-unihan-17@17.0.0:kMandarin,kMandarin,source-attested-unreviewed
俊,zh-Hant-TW,shùn,,,false,unicode-unihan-17@17.0.0:kHanyuPinyin,kHanyuPinyin,source-attested-unreviewed
俊,zh-Hant-TW,dūn,,,false,unicode-unihan-17@17.0.0:kHanyuPinyin,kHanyuPinyin,source-attested-unreviewed
姚,yue-HK,jiu4,,,false,unicode-unihan-17@17.0.0:kCantonese,kCantonese,source-attested-unreviewed
姚,zh-Hant-TW,yáo,,,false,unicode-unihan-17@17.0.0:kMandarin,kMandarin,source-attested-unreviewed
姚,zh-Hant-TW,tiào,,,false,unicode-unihan-17@17.0.0:kHanyuPinyin,kHanyuPinyin,source-attested-unreviewed
姚,zh-Hant-TW,táo,,,false,unicode-unihan-17@17.0.0:kHanyuPinyin,kHanyuPinyin,source-attested-unreviewed
姚,zh-Hant-TW,yào,,,false,unicode-unihan-17@17.0.0:kHanyuPinyin,kHanyuPinyin,source-attested-unreviewed
歪,yue-HK,waai1,,,false,unicode-unihan-17@17.0.0:kCantonese,kCantonese,source-attested-unreviewed
歪,zh-Hant-TW,wāi,,,false,unicode-unihan-17@17.0.0:kMandarin,kMandarin,source-attested-unreviewed
歪,zh-Hant-TW,wǎi,,,false,unicode-unihan-17@17.0.0:kHanyuPinyin,kHanyuPinyin,source-attested-unreviewed
冥,yue-HK,ming4,,,false,unicode-unihan-17@17.0.0:kCantonese,kCantonese,source-attested-unreviewed
冥,zh-Hant-TW,míng,,,false,unicode-unihan-17@17.0.0:kMandarin,kMandarin,source-attested-unreviewed
冥,zh-Hant-TW,mián,,,false,unicode-unihan-17@17.0.0:kHanyuPinyin,kHanyuPinyin,source-attested-unreviewed
冥,zh-Hant-TW,miàn,,,false,unicode-unihan-17@17.0.0:kHanyuPinyin,kHanyuPinyin,source-attested-unreviewed
哲,yue-HK,zit3,,,false,unicode-unihan-17@17.0.0:kCantonese,kCantonese,source-attested-unreviewed
哲,zh-Hant-TW,zhé,,,false,unicode-unihan-17@17.0.0:kMandarin,kMandarin,source-attested-unreviewed
栗,yue-HK,leot6,,,false,unicode-unihan-17@17.0.0:kCantonese,kCantonese,source-attested-unreviewed
栗,zh-Hant-TW,lì,,,false,unicode-unihan-17@17.0.0:kMandarin,kMandarin,source-attested-unreviewed
栗,zh-Hant-TW,liè,,,false,unicode-unihan-17@17.0.0:kHanyuPinyin,kHanyuPinyin,source-attested-unreviewed
荊,yue-HK,ging1,,,false,unicode-unihan-17@17.0.0:kCantonese,kCantonese,source-attested-unreviewed
荊,zh-Hant-TW,jīng,,,false,unicode-unihan-17@17.0.0:kMandarin,kMandarin,source-attested-unreviewed
衰,yue-HK,seoi1,,,false,unicode-unihan-17@17.0.0:kCantonese,kCantonese,source-attested-unreviewed
衰,yue-HK,ceoi1,mandarin-mapping:cuī,,false,unicode-unihan-17@17.0.0:kSMSZD2003Readings,kSMSZD2003Readings,source-attested-unreviewed
衰,zh-Hant-TW,shuāi,,,false,unicode-unihan-17@17.0.0:kMandarin,kMandarin,source-attested-unreviewed
衰,zh-Hant-TW,suō,,,false,unicode-unihan-17@17.0.0:kHanyuPinyin,kHanyuPinyin,source-attested-unreviewed
衰,zh-Hant-TW,cuī,,,false,unicode-unihan-17@17.0.0:kHanyuPinyin,kHanyuPinyin,source-attested-unreviewed
託,yue-HK,tok3,,,false,unicode-unihan-17@17.0.0:kCantonese,kCantonese,source-attested-unreviewed
託,zh-Hant-TW,tuō,,,false,unicode-unihan-17@17.0.0:kMandarin,kMandarin,source-attested-unreviewed
辱,yue-HK,juk6,,,false,unicode-unihan-17@17.0.0:kCantonese,kCantonese,source-attested-unreviewed
辱,zh-Hant-TW,rǔ,,,false,unicode-unihan-17@17.0.0:kMandarin,kMandarin,source-attested-unreviewed
逆,yue-HK,jik6,,,false,unicode-unihan-17@17.0.0:kCantonese,kCantonese,source-attested-unreviewed
逆,yue-HK,ngaak6,mandarin-mapping:nì,,false,unicode-unihan-17@17.0.0:kSMSZD2003Readings,kSMSZD2003Readings,source-attested-unreviewed
逆,zh-Hant-TW,nì,,,false,unicode-unihan-17@17.0.0:kMandarin,kMandarin,source-attested-unreviewed
偽,yue-HK,ngai6,,,false,unicode-unihan-17@17.0.0:kCantonese,kCantonese,source-attested-unreviewed
偽,zh-Hant-TW,wěi,,,false,unicode-unihan-17@17.0.0:kMandarin,kMandarin,source-attested-unreviewed
偽,zh-Hant-TW,wéi,,,false,unicode-unihan-17@17.0.0:kHanyuPinyin,kHanyuPinyin,source-attested-unreviewed
偽,zh-Hant-TW,é,,,false,unicode-unihan-17@17.0.0:kHanyuPinyin,kHanyuPinyin,source-attested-unreviewed
偽,zh-Hant-TW,guì,,,false,unicode-unihan-17@17.0.0:kHanyuPinyin,kHanyuPinyin,source-attested-unreviewed
崇,yue-HK,sung4,,,false,unicode-unihan-17@17.0.0:kCantonese,kCantonese,source-attested-unreviewed
崇,zh-Hant-TW,chóng,,,false,unicode-unihan-17@17.0.0:kMandarin,kMandarin,source-attested-unreviewed
崎,yue-HK,kei1,,,false,unicode-unihan-17@17.0.0:kCantonese,kCantonese,source-attested-unreviewed
崎,zh-Hant-TW,qí,,,false,unicode-unihan-17@17.0.0:kMandarin,kMandarin,source-attested-unreviewed
崎,zh-Hant-TW,qǐ,,,false,unicode-unihan-17@17.0.0:kHanyuPinyin,kHanyuPinyin,source-attested-unreviewed
崎,zh-Hant-TW,yī,,,false,unicode-unihan-17@17.0.0:kHanyuPinyin,kHanyuPinyin,source-attested-unreviewed
惕,yue-HK,tik1,,,false,unicode-unihan-17@17.0.0:kCantonese,kCantonese,source-attested-unreviewed
惕,zh-Hant-TW,tì,,,false,unicode-unihan-17@17.0.0:kMandarin,kMandarin,source-attested-unreviewed
掠,yue-HK,loek6,,,false,unicode-unihan-17@17.0.0:kCantonese,kCantonese,source-attested-unreviewed
掠,zh-Hant-TW,lüè,,,false,unicode-unihan-17@17.0.0:kMandarin,kMandarin,source-attested-unreviewed
掠,zh-Hant-TW,lüě,,,false,unicode-unihan-17@17.0.0:kHanyuPinyin,kHanyuPinyin,source-attested-unreviewed
晝,yue-HK,zau3,,,false,unicode-unihan-17@17.0.0:kCantonese,kCantonese,source-attested-unreviewed
晝,zh-Hant-TW,zhòu,,,false,unicode-unihan-17@17.0.0:kMandarin,kMandarin,source-attested-unreviewed
涯,yue-HK,ngaai4,,,false,unicode-unihan-17@17.0.0:kCantonese,kCantonese,source-attested-unreviewed
涯,zh-Hant-TW,yá,,,false,unicode-unihan-17@17.0.0:kMandarin,kMandarin,source-attested-unreviewed
逢,yue-HK,fung4,,,false,unicode-unihan-17@17.0.0:kCantonese,kCantonese,source-attested-unreviewed
逢,zh-Hant-TW,féng,,,false,unicode-unihan-17@17.0.0:kMandarin,kMandarin,source-attested-unreviewed
逢,zh-Hant-TW,péng,,,false,unicode-unihan-17@17.0.0:kHanyuPinyin,kHanyuPinyin,source-attested-unreviewed
逢,zh-Hant-TW,páng,,,false,unicode-unihan-17@17.0.0:kHanyuPinyin,kHanyuPinyin,source-attested-unreviewed
媚,yue-HK,mei6,,,false,unicode-unihan-17@17.0.0:kCantonese,kCantonese,source-attested-unreviewed
媚,zh-Hant-TW,mèi,,,false,unicode-unihan-17@17.0.0:kMandarin,kMandarin,source-attested-unreviewed
琵,yue-HK,pei4,,,false,unicode-unihan-17@17.0.0:kCantonese,kCantonese,source-attested-unreviewed
琵,zh-Hant-TW,pí,,,false,unicode-unihan-17@17.0.0:kMandarin,kMandarin,source-attested-unreviewed
琶,yue-HK,paa4,,,false,unicode-unihan-17@17.0.0:kCantonese,kCantonese,source-attested-unreviewed
琶,zh-Hant-TW,pá,,,false,unicode-unihan-17@17.0.0:kMandarin,kMandarin,source-attested-unreviewed
搓,yue-HK,co1,,,false,unicode-unihan-17@17.0.0:kCantonese,kCantonese,source-attested-unreviewed
搓,zh-Hant-TW,cuō,,,false,unicode-unihan-17@17.0.0:kMandarin,kMandarin,source-attested-unreviewed
搓,zh-Hant-TW,cuǒ,,,false,unicode-unihan-17@17.0.0:kHanyuPinyin,kHanyuPinyin,source-attested-unreviewed
搓,zh-Hant-TW,chāi,,,false,unicode-unihan-17@17.0.0:kHanyuPinyin,kHanyuPinyin,source-attested-unreviewed
腫,yue-HK,zung2,,,false,unicode-unihan-17@17.0.0:kCantonese,kCantonese,source-attested-unreviewed
腫,zh-Hant-TW,zhǒng,,,false,unicode-unihan-17@17.0.0:kMandarin,kMandarin,source-attested-unreviewed
撤,yue-HK,cit3,,,false,unicode-unihan-17@17.0.0:kCantonese,kCantonese,source-attested-unreviewed
撤,zh-Hant-TW,chè,,,false,unicode-unihan-17@17.0.0:kMandarin,kMandarin,source-attested-unreviewed
獄,yue-HK,juk6,,,false,unicode-unihan-17@17.0.0:kCantonese,kCantonese,source-attested-unreviewed
獄,zh-Hant-TW,yù,,,false,unicode-unihan-17@17.0.0:kMandarin,kMandarin,source-attested-unreviewed
鄙,yue-HK,pei2,,,false,unicode-unihan-17@17.0.0:kCantonese,kCantonese,source-attested-unreviewed
鄙,zh-Hant-TW,bǐ,,,false,unicode-unihan-17@17.0.0:kMandarin,kMandarin,source-attested-unreviewed
嘻,yue-HK,hei1,,,false,unicode-unihan-17@17.0.0:kCantonese,kCantonese,source-attested-unreviewed
嘻,zh-Hant-TW,xī,,,false,unicode-unihan-17@17.0.0:kMandarin,kMandarin,source-attested-unreviewed
撓,yue-HK,naau5,,,false,unicode-unihan-17@17.0.0:kCantonese,kCantonese,source-attested-unreviewed
撓,yue-HK,naau4,mandarin-mapping:náo,,false,unicode-unihan-17@17.0.0:kSMSZD2003Readings,kSMSZD2003Readings,source-attested-unreviewed
撓,zh-Hant-TW,náo,,,false,unicode-unihan-17@17.0.0:kMandarin,kMandarin,source-attested-unreviewed
撓,zh-Hant-TW,xiāo,,,false,unicode-unihan-17@17.0.0:kHanyuPinyin,kHanyuPinyin,source-attested-unreviewed
撓,zh-Hant-TW,rào,,,false,unicode-unihan-17@17.0.0:kHanyuPinyin,kHanyuPinyin,source-attested-unreviewed
漿,yue-HK,zoeng1,,,false,unicode-unihan-17@17.0.0:kCantonese,kCantonese,source-attested-unreviewed
漿,zh-Hant-TW,jiāng,,,false,unicode-unihan-17@17.0.0:kMandarin,kMandarin,source-attested-unreviewed
漿,zh-Hant-TW,jiàng,,,false,unicode-unihan-17@17.0.0:kHanyuPinyin,kHanyuPinyin,source-attested-unreviewed
蔭,yue-HK,jam1,,,false,unicode-unihan-17@17.0.0:kCantonese,kCantonese,source-attested-unreviewed
蔭,yue-HK,jam3,mandarin-mapping:yìn,,false,unicode-unihan-17@17.0.0:kSMSZD2003Readings,kSMSZD2003Readings,source-attested-unreviewed
蔭,zh-Hant-TW,yīn,,,false,unicode-unihan-17@17.0.0:kMandarin,kMandarin,source-attested-unreviewed
蔭,zh-Hant-TW,yìn,,,false,unicode-unihan-17@17.0.0:kHanyuPinyin,kHanyuPinyin,source-attested-unreviewed
噢,yue-HK,jyu2,,,false,unicode-unihan-17@17.0.0:kCantonese,kCantonese,source-attested-unreviewed
噢,yue-HK,o1,mandarin-mapping:ō,,false,unicode-unihan-17@17.0.0:kSMSZD2003Readings,kSMSZD2003Readings,source-attested-unreviewed
噢,zh-Hant-TW,ō,,,false,unicode-unihan-17@17.0.0:kMandarin,kMandarin,source-attested-unreviewed
噢,zh-Hant-TW,yǔ,,,false,unicode-unihan-17@17.0.0:kHanyuPinyin,kHanyuPinyin,source-attested-unreviewed
噢,zh-Hant-TW,yù,,,false,unicode-unihan-17@17.0.0:kHanyuPinyin,kHanyuPinyin,source-attested-unreviewed
噢,zh-Hant-TW,ào,,,false,unicode-unihan-17@17.0.0:kHanyuPinyin,kHanyuPinyin,source-attested-unreviewed
豫,yue-HK,jyu6,,,false,unicode-unihan-17@17.0.0:kCantonese,kCantonese,source-attested-unreviewed
豫,zh-Hant-TW,yù,,,false,unicode-unihan-17@17.0.0:kMandarin,kMandarin,source-attested-unreviewed
豫,zh-Hant-TW,xiè,,,false,unicode-unihan-17@17.0.0:kHanyuPinyin,kHanyuPinyin,source-attested-unreviewed
豫,zh-Hant-TW,shū,,,false,unicode-unihan-17@17.0.0:kHanyuPinyin,kHanyuPinyin,source-attested-unreviewed
燥,yue-HK,cou3,,,false,unicode-unihan-17@17.0.0:kCantonese,kCantonese,source-attested-unreviewed
燥,zh-Hant-TW,zào,,,false,unicode-unihan-17@17.0.0:kMandarin,kMandarin,source-attested-unreviewed
燥,zh-Hant-TW,sào,,,false,unicode-unihan-17@17.0.0:kHanyuPinyin,kHanyuPinyin,source-attested-unreviewed
縷,yue-HK,leoi5,,,false,unicode-unihan-17@17.0.0:kCantonese,kCantonese,source-attested-unreviewed
縷,yue-HK,lau5,mandarin-mapping:lǚ,,false,unicode-unihan-17@17.0.0:kSMSZD2003Readings,kSMSZD2003Readings,source-attested-unreviewed
縷,zh-Hant-TW,lǚ,,,false,unicode-unihan-17@17.0.0:kMandarin,kMandarin,source-attested-unreviewed
繃,yue-HK,bang1,,,false,unicode-unihan-17@17.0.0:kCantonese,kCantonese,source-attested-unreviewed
繃,yue-HK,maang1,mandarin-mapping:běng,,false,unicode-unihan-17@17.0.0:kSMSZD2003Readings,kSMSZD2003Readings,source-attested-unreviewed
繃,zh-Hant-TW,běng,,,false,unicode-unihan-17@17.0.0:kMandarin,kMandarin,source-attested-unreviewed
繃,zh-Hant-TW,bēng,,,false,unicode-unihan-17@17.0.0:kMandarin,kMandarin,source-attested-unreviewed
繃,zh-Hant-TW,bèng,,,false,unicode-unihan-17@17.0.0:kHanyuPinyin,kHanyuPinyin,source-attested-unreviewed
壘,yue-HK,leoi5,,,false,unicode-unihan-17@17.0.0:kCantonese,kCantonese,source-attested-unreviewed
壘,yue-HK,leoi4,mandarin-mapping:léi,,false,unicode-unihan-17@17.0.0:kSMSZD2003Readings,kSMSZD2003Readings,source-attested-unreviewed
壘,yue-HK,leot6,mandarin-mapping:lǜ,,false,unicode-unihan-17@17.0.0:kSMSZD2003Readings,kSMSZD2003Readings,source-attested-unreviewed
壘,zh-Hant-TW,lěi,,,false,unicode-unihan-17@17.0.0:kMandarin,kMandarin,source-attested-unreviewed
壘,zh-Hant-TW,léi,,,false,unicode-unihan-17@17.0.0:kHanyuPinyin,kHanyuPinyin,source-attested-unreviewed
壘,zh-Hant-TW,lǜ,,,false,unicode-unihan-17@17.0.0:kHanyuPinyin,kHanyuPinyin,source-attested-unreviewed
瀏,yue-HK,lau4,,,false,unicode-unihan-17@17.0.0:kCantonese,kCantonese,source-attested-unreviewed
瀏,zh-Hant-TW,liú,,,false,unicode-unihan-17@17.0.0:kMandarin,kMandarin,source-attested-unreviewed
瀏,zh-Hant-TW,liū,,,false,unicode-unihan-17@17.0.0:kHanyuPinyin,kHanyuPinyin,source-attested-unreviewed
櫥,yue-HK,cyu4,,,false,unicode-unihan-17@17.0.0:kCantonese,kCantonese,source-attested-unreviewed
櫥,zh-Hant-TW,chú,,,false,unicode-unihan-17@17.0.0:kMandarin,kMandarin,source-attested-unreviewed
瓣,yue-HK,faan6,,,false,unicode-unihan-17@17.0.0:kCantonese,kCantonese,source-attested-unreviewed
瓣,zh-Hant-TW,bàn,,,false,unicode-unihan-17@17.0.0:kMandarin,kMandarin,source-attested-unreviewed
纏,yue-HK,cin4,,,false,unicode-unihan-17@17.0.0:kCantonese,kCantonese,source-attested-unreviewed
纏,zh-Hant-TW,chán,,,false,unicode-unihan-17@17.0.0:kMandarin,kMandarin,source-attested-unreviewed
辯,yue-HK,bin6,,,false,unicode-unihan-17@17.0.0:kCantonese,kCantonese,source-attested-unreviewed
辯,zh-Hant-TW,biàn,,,false,unicode-unihan-17@17.0.0:kMandarin,kMandarin,source-attested-unreviewed
辯,zh-Hant-TW,pián,,,false,unicode-unihan-17@17.0.0:kHanyuPinyin,kHanyuPinyin,source-attested-unreviewed
辯,zh-Hant-TW,biǎn,,,false,unicode-unihan-17@17.0.0:kHanyuPinyin,kHanyuPinyin,source-attested-unreviewed
辯,zh-Hant-TW,bàn,,,false,unicode-unihan-17@17.0.0:kHanyuPinyin,kHanyuPinyin,source-attested-unreviewed
蘸,yue-HK,zaam3,,,false,unicode-unihan-17@17.0.0:kCantonese,kCantonese,source-attested-unreviewed
蘸,zh-Hant-TW,zhàn,,,false,unicode-unihan-17@17.0.0:kMandarin,kMandarin,source-attested-unreviewed
丸,yue-HK,jyun4,,,false,unicode-unihan-17@17.0.0:kCantonese,kCantonese,source-attested-unreviewed
丸,yue-HK,jyun2,mandarin-mapping:wán,,false,unicode-unihan-17@17.0.0:kSMSZD2003Readings,kSMSZD2003Readings,source-attested-unreviewed
丸,zh-Hant-TW,wán,,,false,unicode-unihan-17@17.0.0:kMandarin,kMandarin,source-attested-unreviewed
戈,yue-HK,gwo1,,,false,unicode-unihan-17@17.0.0:kCantonese,kCantonese,source-attested-unreviewed
戈,zh-Hant-TW,gē,,,false,unicode-unihan-17@17.0.0:kMandarin,kMandarin,source-attested-unreviewed
曰,yue-HK,joek6,,,false,unicode-unihan-17@17.0.0:kCantonese,kCantonese,source-attested-unreviewed
曰,yue-HK,jyut6,mandarin-mapping:yuē,,false,unicode-unihan-17@17.0.0:kSMSZD2003Readings,kSMSZD2003Readings,source-attested-unreviewed
曰,zh-Hant-TW,yuē,,,false,unicode-unihan-17@17.0.0:kMandarin,kMandarin,source-attested-unreviewed
乏,yue-HK,fat6,,,false,unicode-unihan-17@17.0.0:kCantonese,kCantonese,source-attested-unreviewed
乏,zh-Hant-TW,fá,,,false,unicode-unihan-17@17.0.0:kMandarin,kMandarin,source-attested-unreviewed
扒,yue-HK,paa4,,,false,unicode-unihan-17@17.0.0:kCantonese,kCantonese,source-attested-unreviewed
扒,zh-Hant-TW,bā,,,false,unicode-unihan-17@17.0.0:kMandarin,kMandarin,source-attested-unreviewed
扒,zh-Hant-TW,bài,,,false,unicode-unihan-17@17.0.0:kHanyuPinyin,kHanyuPinyin,source-attested-unreviewed
扒,zh-Hant-TW,bié,,,false,unicode-unihan-17@17.0.0:kHanyuPinyin,kHanyuPinyin,source-attested-unreviewed
扒,zh-Hant-TW,pá,,,false,unicode-unihan-17@17.0.0:kHanyuPinyin,kHanyuPinyin,source-attested-unreviewed
斥,yue-HK,cik1,,,false,unicode-unihan-17@17.0.0:kCantonese,kCantonese,source-attested-unreviewed
斥,zh-Hant-TW,chì,,,false,unicode-unihan-17@17.0.0:kMandarin,kMandarin,source-attested-unreviewed
斥,zh-Hant-TW,chè,,,false,unicode-unihan-17@17.0.0:kHanyuPinyin,kHanyuPinyin,source-attested-unreviewed
斥,zh-Hant-TW,zhè,,,false,unicode-unihan-17@17.0.0:kHanyuPinyin,kHanyuPinyin,source-attested-unreviewed
兇,yue-HK,hung1,,,false,unicode-unihan-17@17.0.0:kCantonese,kCantonese,source-attested-unreviewed
兇,zh-Hant-TW,xiōng,,,false,unicode-unihan-17@17.0.0:kMandarin,kMandarin,source-attested-unreviewed
戎,yue-HK,jung4,,,false,unicode-unihan-17@17.0.0:kCantonese,kCantonese,source-attested-unreviewed
戎,zh-Hant-TW,róng,,,false,unicode-unihan-17@17.0.0:kMandarin,kMandarin,source-attested-unreviewed
戎,zh-Hant-TW,rēng,,,false,unicode-unihan-17@17.0.0:kHanyuPinyin,kHanyuPinyin,source-attested-unreviewed
余,yue-HK,jyu4,,,false,unicode-unihan-17@17.0.0:kCantonese,kCantonese,source-attested-unreviewed
余,zh-Hant-TW,yú,,,false,unicode-unihan-17@17.0.0:kMandarin,kMandarin,source-attested-unreviewed
余,zh-Hant-TW,tú,,,false,unicode-unihan-17@17.0.0:kHanyuPinyin,kHanyuPinyin,source-attested-unreviewed
余,zh-Hant-TW,xú,,,false,unicode-unihan-17@17.0.0:kHanyuPinyin,kHanyuPinyin,source-attested-unreviewed
余,zh-Hant-TW,yù,,,false,unicode-unihan-17@17.0.0:kHanyuPinyin,kHanyuPinyin,source-attested-unreviewed
呈,yue-HK,cing4,,,false,unicode-unihan-17@17.0.0:kCantonese,kCantonese,source-attested-unreviewed
呈,zh-Hant-TW,chéng,,,false,unicode-unihan-17@17.0.0:kMandarin,kMandarin,source-attested-unreviewed
呈,zh-Hant-TW,kuáng,,,false,unicode-unihan-17@17.0.0:kHanyuPinyin,kHanyuPinyin,source-attested-unreviewed
呈,zh-Hant-TW,chěng,,,false,unicode-unihan-17@17.0.0:kHanyuPinyin,kHanyuPinyin,source-attested-unreviewed
吩,yue-HK,fan1,,,false,unicode-unihan-17@17.0.0:kCantonese,kCantonese,source-attested-unreviewed
吩,zh-Hant-TW,fēn,,,false,unicode-unihan-17@17.0.0:kMandarin,kMandarin,source-attested-unreviewed
吩,zh-Hant-TW,pèn,,,false,unicode-unihan-17@17.0.0:kHanyuPinyin,kHanyuPinyin,source-attested-unreviewed
址,yue-HK,zi2,,,false,unicode-unihan-17@17.0.0:kCantonese,kCantonese,source-attested-unreviewed
址,zh-Hant-TW,zhǐ,,,false,unicode-unihan-17@17.0.0:kMandarin,kMandarin,source-attested-unreviewed
妒,yue-HK,dou3,,,false,unicode-unihan-17@17.0.0:kCantonese,kCantonese,source-attested-unreviewed
妒,zh-Hant-TW,dù,,,false,unicode-unihan-17@17.0.0:kMandarin,kMandarin,source-attested-unreviewed
彤,yue-HK,tung4,,,false,unicode-unihan-17@17.0.0:kCantonese,kCantonese,source-attested-unreviewed
彤,zh-Hant-TW,tóng,,,false,unicode-unihan-17@17.0.0:kMandarin,kMandarin,source-attested-unreviewed
忌,yue-HK,gei6,,,false,unicode-unihan-17@17.0.0:kCantonese,kCantonese,source-attested-unreviewed
忌,zh-Hant-TW,jì,,,false,unicode-unihan-17@17.0.0:kMandarin,kMandarin,source-attested-unreviewed
灼,yue-HK,coek3,,,false,unicode-unihan-17@17.0.0:kCantonese,kCantonese,source-attested-unreviewed
灼,yue-HK,zoek3,mandarin-mapping:zhuó,,false,unicode-unihan-17@17.0.0:kSMSZD2003Readings,kSMSZD2003Readings,source-attested-unreviewed
灼,zh-Hant-TW,zhuó,,,false,unicode-unihan-17@17.0.0:kMandarin,kMandarin,source-attested-unreviewed
帚,yue-HK,zau2,,,false,unicode-unihan-17@17.0.0:kCantonese,kCantonese,source-attested-unreviewed
帚,yue-HK,zaau2,mandarin-mapping:zhǒu,,false,unicode-unihan-17@17.0.0:kSMSZD2003Readings,kSMSZD2003Readings,source-attested-unreviewed
帚,zh-Hant-TW,zhǒu,,,false,unicode-unihan-17@17.0.0:kMandarin,kMandarin,source-attested-unreviewed
帚,zh-Hant-TW,zhou,attested-count:13,,false,unicode-unihan-17@17.0.0:kHanyuPinlu,kHanyuPinlu,source-attested-unreviewed
怡,yue-HK,ji4,,,false,unicode-unihan-17@17.0.0:kCantonese,kCantonese,source-attested-unreviewed
怡,zh-Hant-TW,yí,,,false,unicode-unihan-17@17.0.0:kMandarin,kMandarin,source-attested-unreviewed
拘,yue-HK,keoi1,,,false,unicode-unihan-17@17.0.0:kCantonese,kCantonese,source-attested-unreviewed
拘,zh-Hant-TW,jū,,,false,unicode-unihan-17@17.0.0:kMandarin,kMandarin,source-attested-unreviewed
拘,zh-Hant-TW,gōu,,,false,unicode-unihan-17@17.0.0:kHanyuPinyin,kHanyuPinyin,source-attested-unreviewed
拘,zh-Hant-TW,jǔ,,,false,unicode-unihan-17@17.0.0:kHanyuPinyin,kHanyuPinyin,source-attested-unreviewed
拘,zh-Hant-TW,jú,,,false,unicode-unihan-17@17.0.0:kHanyuPinyin,kHanyuPinyin,source-attested-unreviewed
姥,yue-HK,mou5,,,false,unicode-unihan-17@17.0.0:kCantonese,kCantonese,source-attested-unreviewed
姥,yue-HK,lou5,mandarin-mapping:lǎo,,false,unicode-unihan-17@17.0.0:kSMSZD2003Readings,kSMSZD2003Readings,source-attested-unreviewed
姥,zh-Hant-TW,lǎo,,,false,unicode-unihan-17@17.0.0:kMandarin,kMandarin,source-attested-unreviewed
姥,zh-Hant-TW,mǔ,,,false,unicode-unihan-17@17.0.0:kHanyuPinyin,kHanyuPinyin,source-attested-unreviewed
畏,yue-HK,wai3,,,false,unicode-unihan-17@17.0.0:kCantonese,kCantonese,source-attested-unreviewed
畏,zh-Hant-TW,wèi,,,false,unicode-unihan-17@17.0.0:kMandarin,kMandarin,source-attested-unreviewed
畏,zh-Hant-TW,wēi,,,false,unicode-unihan-17@17.0.0:kHanyuPinyin,kHanyuPinyin,source-attested-unreviewed
畏,zh-Hant-TW,wěi,,,false,unicode-unihan-17@17.0.0:kHanyuPinyin,kHanyuPinyin,source-attested-unreviewed
峻,yue-HK,zeon3,,,false,unicode-unihan-17@17.0.0:kCantonese,kCantonese,source-attested-unreviewed
峻,zh-Hant-TW,jùn,,,false,unicode-unihan-17@17.0.0:kMandarin,kMandarin,source-attested-unreviewed
挪,yue-HK,no4,,,false,unicode-unihan-17@17.0.0:kCantonese,kCantonese,source-attested-unreviewed
挪,zh-Hant-TW,nuó,,,false,unicode-unihan-17@17.0.0:kMandarin,kMandarin,source-attested-unreviewed
浙,yue-HK,zit3,,,false,unicode-unihan-17@17.0.0:kCantonese,kCantonese,source-attested-unreviewed
浙,zh-Hant-TW,zhè,,,false,unicode-unihan-17@17.0.0:kMandarin,kMandarin,source-attested-unreviewed
蚊,yue-HK,man1,,,false,unicode-unihan-17@17.0.0:kCantonese,kCantonese,source-attested-unreviewed
蚊,zh-Hant-TW,wén,,,false,unicode-unihan-17@17.0.0:kMandarin,kMandarin,source-attested-unreviewed
飢,yue-HK,gei1,,,false,unicode-unihan-17@17.0.0:kCantonese,kCantonese,source-attested-unreviewed
飢,zh-Hant-TW,jī,,,false,unicode-unihan-17@17.0.0:kMandarin,kMandarin,source-attested-unreviewed
屜,yue-HK,tai3,,,false,unicode-unihan-17@17.0.0:kCantonese,kCantonese,source-attested-unreviewed
屜,zh-Hant-TW,tì,,,false,unicode-unihan-17@17.0.0:kMandarin,kMandarin,source-attested-unreviewed
屜,zh-Hant-TW,ti,attested-count:17,,false,unicode-unihan-17@17.0.0:kHanyuPinlu,kHanyuPinlu,source-attested-unreviewed
棄,yue-HK,hei3,,,false,unicode-unihan-17@17.0.0:kCantonese,kCantonese,source-attested-unreviewed
棄,zh-Hant-TW,qì,,,false,unicode-unihan-17@17.0.0:kMandarin,kMandarin,source-attested-unreviewed
淅,yue-HK,sik1,,,false,unicode-unihan-17@17.0.0:kCantonese,kCantonese,source-attested-unreviewed
淅,zh-Hant-TW,xī,,,false,unicode-unihan-17@17.0.0:kMandarin,kMandarin,source-attested-unreviewed
淘,yue-HK,tou4,,,false,unicode-unihan-17@17.0.0:kCantonese,kCantonese,source-attested-unreviewed
淘,zh-Hant-TW,táo,,,false,unicode-unihan-17@17.0.0:kMandarin,kMandarin,source-attested-unreviewed
眶,yue-HK,kwaang1,,,false,unicode-unihan-17@17.0.0:kCantonese,kCantonese,source-attested-unreviewed
眶,yue-HK,hong1,mandarin-mapping:kuàng,,false,unicode-unihan-17@17.0.0:kSMSZD2003Readings,kSMSZD2003Readings,source-attested-unreviewed
眶,zh-Hant-TW,kuàng,,,false,unicode-unihan-17@17.0.0:kMandarin,kMandarin,source-attested-unreviewed
廊,yue-HK,long4,,,false,unicode-unihan-17@17.0.0:kCantonese,kCantonese,source-attested-unreviewed
廊,zh-Hant-TW,láng,,,false,unicode-unihan-17@17.0.0:kMandarin,kMandarin,source-attested-unreviewed
揀,yue-HK,gaan2,,,false,unicode-unihan-17@17.0.0:kCantonese,kCantonese,source-attested-unreviewed
揀,zh-Hant-TW,jiǎn,,,false,unicode-unihan-17@17.0.0:kMandarin,kMandarin,source-attested-unreviewed
歇,yue-HK,hit3,,,false,unicode-unihan-17@17.0.0:kCantonese,kCantonese,source-attested-unreviewed
歇,zh-Hant-TW,xiē,,,false,unicode-unihan-17@17.0.0:kMandarin,kMandarin,source-attested-unreviewed
歇,zh-Hant-TW,yà,,,false,unicode-unihan-17@17.0.0:kHanyuPinyin,kHanyuPinyin,source-attested-unreviewed
殿,yue-HK,din6,,,false,unicode-unihan-17@17.0.0:kCantonese,kCantonese,source-attested-unreviewed
殿,zh-Hant-TW,diàn,,,false,unicode-unihan-17@17.0.0:kMandarin,kMandarin,source-attested-unreviewed
督,yue-HK,duk1,,,false,unicode-unihan-17@17.0.0:kCantonese,kCantonese,source-attested-unreviewed
督,zh-Hant-TW,dū,,,false,unicode-unihan-17@17.0.0:kMandarin,kMandarin,source-attested-unreviewed
羨,yue-HK,sin6,,,false,unicode-unihan-17@17.0.0:kCantonese,kCantonese,source-attested-unreviewed
羨,zh-Hant-TW,xiàn,,,false,unicode-unihan-17@17.0.0:kMandarin,kMandarin,source-attested-unreviewed
腹,yue-HK,fuk1,,,false,unicode-unihan-17@17.0.0:kCantonese,kCantonese,source-attested-unreviewed
腹,zh-Hant-TW,fù,,,false,unicode-unihan-17@17.0.0:kMandarin,kMandarin,source-attested-unreviewed
董,yue-HK,dung2,,,false,unicode-unihan-17@17.0.0:kCantonese,kCantonese,source-attested-unreviewed
董,zh-Hant-TW,dǒng,,,false,unicode-unihan-17@17.0.0:kMandarin,kMandarin,source-attested-unreviewed
董,zh-Hant-TW,zhǒng,,,false,unicode-unihan-17@17.0.0:kHanyuPinyin,kHanyuPinyin,source-attested-unreviewed
馴,yue-HK,seon4,,,false,unicode-unihan-17@17.0.0:kCantonese,kCantonese,source-attested-unreviewed
馴,zh-Hant-TW,xún,,,false,unicode-unihan-17@17.0.0:kMandarin,kMandarin,source-attested-unreviewed
嘉,yue-HK,gaa1,,,false,unicode-unihan-17@17.0.0:kCantonese,kCantonese,source-attested-unreviewed
嘉,zh-Hant-TW,jiā,,,false,unicode-unihan-17@17.0.0:kMandarin,kMandarin,source-attested-unreviewed
嶇,yue-HK,keoi1,,,false,unicode-unihan-17@17.0.0:kCantonese,kCantonese,source-attested-unreviewed
嶇,zh-Hant-TW,qū,,,false,unicode-unihan-17@17.0.0:kMandarin,kMandarin,source-attested-unreviewed
漳,yue-HK,zoeng1,,,false,unicode-unihan-17@17.0.0:kCantonese,kCantonese,source-attested-unreviewed
漳,zh-Hant-TW,zhāng,,,false,unicode-unihan-17@17.0.0:kMandarin,kMandarin,source-attested-unreviewed
熄,yue-HK,sik1,,,false,unicode-unihan-17@17.0.0:kCantonese,kCantonese,source-attested-unreviewed
熄,zh-Hant-TW,xī,,,false,unicode-unihan-17@17.0.0:kMandarin,kMandarin,source-attested-unreviewed
禍,yue-HK,wo6,,,false,unicode-unihan-17@17.0.0:kCantonese,kCantonese,source-attested-unreviewed
禍,zh-Hant-TW,huò,,,false,unicode-unihan-17@17.0.0:kMandarin,kMandarin,source-attested-unreviewed
膏,yue-HK,gou1,,,false,unicode-unihan-17@17.0.0:kCantonese,kCantonese,source-attested-unreviewed
膏,yue-HK,gou3,mandarin-mapping:gào,,false,unicode-unihan-17@17.0.0:kSMSZD2003Readings,kSMSZD2003Readings,source-attested-unreviewed
膏,zh-Hant-TW,gāo,,,false,unicode-unihan-17@17.0.0:kMandarin,kMandarin,source-attested-unreviewed
膏,zh-Hant-TW,gào,,,false,unicode-unihan-17@17.0.0:kHanyuPinyin,kHanyuPinyin,source-attested-unreviewed
輔,yue-HK,fu6,,,false,unicode-unihan-17@17.0.0:kCantonese,kCantonese,source-attested-unreviewed
輔,zh-Hant-TW,fǔ,,,false,unicode-unihan-17@17.0.0:kMandarin,kMandarin,source-attested-unreviewed
劈,yue-HK,pik1,,,false,unicode-unihan-17@17.0.0:kCantonese,kCantonese,source-attested-unreviewed
劈,yue-HK,pek3,mandarin-mapping:pī,,false,unicode-unihan-17@17.0.0:kSMSZD2003Readings,kSMSZD2003Readings,source-attested-unreviewed
劈,zh-Hant-TW,pī,,,false,unicode-unihan-17@17.0.0:kMandarin,kMandarin,source-attested-unreviewed
劈,zh-Hant-TW,pǐ,,,false,unicode-unihan-17@17.0.0:kHanyuPinyin,kHanyuPinyin,source-attested-unreviewed
暮,yue-HK,mou6,,,false,unicode-unihan-17@17.0.0:kCantonese,kCantonese,source-attested-unreviewed
暮,zh-Hant-TW,mù,,,false,unicode-unihan-17@17.0.0:kMandarin,kMandarin,source-attested-unreviewed
蓬,yue-HK,pung4,,,false,unicode-unihan-17@17.0.0:kCantonese,kCantonese,source-attested-unreviewed
蓬,yue-HK,fung4,mandarin-mapping:péng,,false,unicode-unihan-17@17.0.0:kSMSZD2003Readings,kSMSZD2003Readings,source-attested-unreviewed
蓬,zh-Hant-TW,péng,,,false,unicode-unihan-17@17.0.0:kMandarin,kMandarin,source-attested-unreviewed
蓬,zh-Hant-TW,pèng,,,false,unicode-unihan-17@17.0.0:kHanyuPinyin,kHanyuPinyin,source-attested-unreviewed
蝠,yue-HK,fuk1,,,false,unicode-unihan-17@17.0.0:kCantonese,kCantonese,source-attested-unreviewed
蝠,zh-Hant-TW,fú,,,false,unicode-unihan-17@17.0.0:kMandarin,kMandarin,source-attested-unreviewed
蝙,yue-HK,bin1,,,false,unicode-unihan-17@17.0.0:kCantonese,kCantonese,source-attested-unreviewed
蝙,yue-HK,pin1,mandarin-mapping:biān,,false,unicode-unihan-17@17.0.0:kSMSZD2003Readings,kSMSZD2003Readings,source-attested-unreviewed
蝙,zh-Hant-TW,biān,,,false,unicode-unihan-17@17.0.0:kMandarin,kMandarin,source-attested-unreviewed
蝙,zh-Hant-TW,pián,,,false,unicode-unihan-17@17.0.0:kHanyuPinyin,kHanyuPinyin,source-attested-unreviewed
褐,yue-HK,hot3,,,false,unicode-unihan-17@17.0.0:kCantonese,kCantonese,source-attested-unreviewed
褐,zh-Hant-TW,hè,,,false,unicode-unihan-17@17.0.0:kMandarin,kMandarin,source-attested-unreviewed
霄,yue-HK,siu1,,,false,unicode-unihan-17@17.0.0:kCantonese,kCantonese,source-attested-unreviewed
霄,zh-Hant-TW,xiāo,,,false,unicode-unihan-17@17.0.0:kMandarin,kMandarin,source-attested-unreviewed
霄,zh-Hant-TW,xiào,,,false,unicode-unihan-17@17.0.0:kHanyuPinyin,kHanyuPinyin,source-attested-unreviewed
懊,yue-HK,ou3,,,false,unicode-unihan-17@17.0.0:kCantonese,kCantonese,source-attested-unreviewed
懊,zh-Hant-TW,ào,,,false,unicode-unihan-17@17.0.0:kMandarin,kMandarin,source-attested-unreviewed
懊,zh-Hant-TW,yù,,,false,unicode-unihan-17@17.0.0:kHanyuPinyin,kHanyuPinyin,source-attested-unreviewed
澱,yue-HK,din6,,,false,unicode-unihan-17@17.0.0:kCantonese,kCantonese,source-attested-unreviewed
澱,zh-Hant-TW,diàn,,,false,unicode-unihan-17@17.0.0:kMandarin,kMandarin,source-attested-unreviewed
徽,yue-HK,fai1,,,false,unicode-unihan-17@17.0.0:kCantonese,kCantonese,source-attested-unreviewed
徽,zh-Hant-TW,huī,,,false,unicode-unihan-17@17.0.0:kMandarin,kMandarin,source-attested-unreviewed
糞,yue-HK,fan3,,,false,unicode-unihan-17@17.0.0:kCantonese,kCantonese,source-attested-unreviewed
糞,zh-Hant-TW,fèn,,,false,unicode-unihan-17@17.0.0:kMandarin,kMandarin,source-attested-unreviewed
謙,yue-HK,him1,,,false,unicode-unihan-17@17.0.0:kCantonese,kCantonese,source-attested-unreviewed
謙,zh-Hant-TW,qiān,,,false,unicode-unihan-17@17.0.0:kMandarin,kMandarin,source-attested-unreviewed
謙,zh-Hant-TW,zhàn,,,false,unicode-unihan-17@17.0.0:kHanyuPinyin,kHanyuPinyin,source-attested-unreviewed
鎖,yue-HK,so2,,,false,unicode-unihan-17@17.0.0:kCantonese,kCantonese,source-attested-unreviewed
鎖,zh-Hant-TW,suǒ,,,false,unicode-unihan-17@17.0.0:kMandarin,kMandarin,source-attested-unreviewed
龐,yue-HK,pong4,,,false,unicode-unihan-17@17.0.0:kCantonese,kCantonese,source-attested-unreviewed
龐,zh-Hant-TW,páng,,,false,unicode-unihan-17@17.0.0:kMandarin,kMandarin,source-attested-unreviewed
龐,zh-Hant-TW,lóng,,,false,unicode-unihan-17@17.0.0:kHanyuPinyin,kHanyuPinyin,source-attested-unreviewed
懲,yue-HK,cing4,,,false,unicode-unihan-17@17.0.0:kCantonese,kCantonese,source-attested-unreviewed
懲,zh-Hant-TW,chéng,,,false,unicode-unihan-17@17.0.0:kMandarin,kMandarin,source-attested-unreviewed
臘,yue-HK,laap6,,,false,unicode-unihan-17@17.0.0:kCantonese,kCantonese,source-attested-unreviewed
臘,zh-Hant-TW,là,,,false,unicode-unihan-17@17.0.0:kMandarin,kMandarin,source-attested-unreviewed
臘,zh-Hant-TW,liè,,,false,unicode-unihan-17@17.0.0:kHanyuPinyin,kHanyuPinyin,source-attested-unreviewed
蟻,yue-HK,ngai5,,,false,unicode-unihan-17@17.0.0:kCantonese,kCantonese,source-attested-unreviewed
蟻,zh-Hant-TW,yǐ,,,false,unicode-unihan-17@17.0.0:kMandarin,kMandarin,source-attested-unreviewed
蟻,zh-Hant-TW,jǐ,,,false,unicode-unihan-17@17.0.0:kHanyuPinyin,kHanyuPinyin,source-attested-unreviewed
贊,yue-HK,zaan3,,,false,unicode-unihan-17@17.0.0:kCantonese,kCantonese,source-attested-unreviewed
贊,zh-Hant-TW,zàn,,,false,unicode-unihan-17@17.0.0:kMandarin,kMandarin,source-attested-unreviewed
饅,yue-HK,maan6,,,false,unicode-unihan-17@17.0.0:kCantonese,kCantonese,source-attested-unreviewed
饅,zh-Hant-TW,mán,,,false,unicode-unihan-17@17.0.0:kMandarin,kMandarin,source-attested-unreviewed
竇,yue-HK,dau6,,,false,unicode-unihan-17@17.0.0:kCantonese,kCantonese,source-attested-unreviewed
竇,zh-Hant-TW,dòu,,,false,unicode-unihan-17@17.0.0:kMandarin,kMandarin,source-attested-unreviewed
竇,zh-Hant-TW,dú,,,false,unicode-unihan-17@17.0.0:kHanyuPinyin,kHanyuPinyin,source-attested-unreviewed
巍,yue-HK,ngai4,,,false,unicode-unihan-17@17.0.0:kCantonese,kCantonese,source-attested-unreviewed
巍,zh-Hant-TW,wēi,,,false,unicode-unihan-17@17.0.0:kMandarin,kMandarin,source-attested-unreviewed
霸,yue-HK,baa3,,,false,unicode-unihan-17@17.0.0:kCantonese,kCantonese,source-attested-unreviewed
霸,zh-Hant-TW,bà,,,false,unicode-unihan-17@17.0.0:kMandarin,kMandarin,source-attested-unreviewed
霸,zh-Hant-TW,pò,,,false,unicode-unihan-17@17.0.0:kHanyuPinyin,kHanyuPinyin,source-attested-unreviewed
纜,yue-HK,laam6,,,false,unicode-unihan-17@17.0.0:kCantonese,kCantonese,source-attested-unreviewed
纜,zh-Hant-TW,lǎn,,,false,unicode-unihan-17@17.0.0:kMandarin,kMandarin,source-attested-unreviewed
干,yue-HK,gon1,,,false,unicode-unihan-17@17.0.0:kCantonese,kCantonese,source-attested-unreviewed
干,zh-Hant-TW,gàn,,,false,unicode-unihan-17@17.0.0:kMandarin,kMandarin,source-attested-unreviewed
干,zh-Hant-TW,gān,attested-count:482,,false,unicode-unihan-17@17.0.0:kHanyuPinlu,kHanyuPinlu,source-attested-unreviewed
干,zh-Hant-TW,àn,,,false,unicode-unihan-17@17.0.0:kHanyuPinyin,kHanyuPinyin,source-attested-unreviewed
亦,yue-HK,jik6,,,false,unicode-unihan-17@17.0.0:kCantonese,kCantonese,source-attested-unreviewed
亦,zh-Hant-TW,yì,,,false,unicode-unihan-17@17.0.0:kMandarin,kMandarin,source-attested-unreviewed
杖,yue-HK,zoeng6,,,false,unicode-unihan-17@17.0.0:kCantonese,kCantonese,source-attested-unreviewed
杖,zh-Hant-TW,zhàng,,,false,unicode-unihan-17@17.0.0:kMandarin,kMandarin,source-attested-unreviewed
宛,yue-HK,jyun2,,,false,unicode-unihan-17@17.0.0:kCantonese,kCantonese,source-attested-unreviewed
宛,zh-Hant-TW,wǎn,,,false,unicode-unihan-17@17.0.0:kMandarin,kMandarin,source-attested-unreviewed
宛,zh-Hant-TW,yuān,,,false,unicode-unihan-17@17.0.0:kHanyuPinyin,kHanyuPinyin,source-attested-unreviewed
宛,zh-Hant-TW,yǔn,,,false,unicode-unihan-17@17.0.0:kHanyuPinyin,kHanyuPinyin,source-attested-unreviewed
宛,zh-Hant-TW,yù,,,false,unicode-unihan-17@17.0.0:kHanyuPinyin,kHanyuPinyin,source-attested-unreviewed
版,yue-HK,baan2,,,false,unicode-unihan-17@17.0.0:kCantonese,kCantonese,source-attested-unreviewed
版,zh-Hant-TW,bǎn,,,false,unicode-unihan-17@17.0.0:kMandarin,kMandarin,source-attested-unreviewed
俞,yue-HK,jyu4,,,false,unicode-unihan-17@17.0.0:kCantonese,kCantonese,source-attested-unreviewed
俞,yue-HK,syu3,mandarin-mapping:shù,,false,unicode-unihan-17@17.0.0:kSMSZD2003Readings,kSMSZD2003Readings,source-attested-unreviewed
俞,zh-Hant-TW,yú,,,false,unicode-unihan-17@17.0.0:kMandarin,kMandarin,source-attested-unreviewed
叛,yue-HK,bun6,,,false,unicode-unihan-17@17.0.0:kCantonese,kCantonese,source-attested-unreviewed
叛,zh-Hant-TW,pàn,,,false,unicode-unihan-17@17.0.0:kMandarin,kMandarin,source-attested-unreviewed
咦,yue-HK,ji4,,,false,unicode-unihan-17@17.0.0:kCantonese,kCantonese,source-attested-unreviewed
咦,zh-Hant-TW,yí,,,false,unicode-unihan-17@17.0.0:kMandarin,kMandarin,source-attested-unreviewed
咦,zh-Hant-TW,xī,,,false,unicode-unihan-17@17.0.0:kHanyuPinyin,kHanyuPinyin,source-attested-unreviewed
砂,yue-HK,saa1,,,false,unicode-unihan-17@17.0.0:kCantonese,kCantonese,source-attested-unreviewed
砂,zh-Hant-TW,shā,,,false,unicode-unihan-17@17.0.0:kMandarin,kMandarin,source-attested-unreviewed
陌,yue-HK,mak6,,,false,unicode-unihan-17@17.0.0:kCantonese,kCantonese,source-attested-unreviewed
陌,zh-Hant-TW,mò,,,false,unicode-unihan-17@17.0.0:kMandarin,kMandarin,source-attested-unreviewed
栩,yue-HK,heoi2,,,false,unicode-unihan-17@17.0.0:kCantonese,kCantonese,source-attested-unreviewed
栩,zh-Hant-TW,xǔ,,,false,unicode-unihan-17@17.0.0:kMandarin,kMandarin,source-attested-unreviewed
栩,zh-Hant-TW,yǔ,,,false,unicode-unihan-17@17.0.0:kHanyuPinyin,kHanyuPinyin,source-attested-unreviewed
梳,yue-HK,so1,,,false,unicode-unihan-17@17.0.0:kCantonese,kCantonese,source-attested-unreviewed
梳,zh-Hant-TW,shū,,,false,unicode-unihan-17@17.0.0:kMandarin,kMandarin,source-attested-unreviewed
涉,yue-HK,sip3,,,false,unicode-unihan-17@17.0.0:kCantonese,kCantonese,source-attested-unreviewed
涉,zh-Hant-TW,shè,,,false,unicode-unihan-17@17.0.0:kMandarin,kMandarin,source-attested-unreviewed
涉,zh-Hant-TW,dié,,,false,unicode-unihan-17@17.0.0:kHanyuPinyin,kHanyuPinyin,source-attested-unreviewed
豈,yue-HK,hei2,,,false,unicode-unihan-17@17.0.0:kCantonese,kCantonese,source-attested-unreviewed
豈,zh-Hant-TW,qǐ,,,false,unicode-unihan-17@17.0.0:kMandarin,kMandarin,source-attested-unreviewed
豈,zh-Hant-TW,kǎi,,,false,unicode-unihan-17@17.0.0:kHanyuPinyin,kHanyuPinyin,source-attested-unreviewed
啪,yue-HK,paak1,,,false,unicode-unihan-17@17.0.0:kCantonese,kCantonese,source-attested-unreviewed
啪,zh-Hant-TW,pā,,,false,unicode-unihan-17@17.0.0:kMandarin,kMandarin,source-attested-unreviewed
惚,yue-HK,fat1,,,false,unicode-unihan-17@17.0.0:kCantonese,kCantonese,source-attested-unreviewed
惚,zh-Hant-TW,hū,,,false,unicode-unihan-17@17.0.0:kMandarin,kMandarin,source-attested-unreviewed
梧,yue-HK,ng4,,,false,unicode-unihan-17@17.0.0:kCantonese,kCantonese,source-attested-unreviewed
梧,zh-Hant-TW,wú,,,false,unicode-unihan-17@17.0.0:kMandarin,kMandarin,source-attested-unreviewed
梧,zh-Hant-TW,wù,,,false,unicode-unihan-17@17.0.0:kHanyuPinyin,kHanyuPinyin,source-attested-unreviewed
梧,zh-Hant-TW,yǔ,,,false,unicode-unihan-17@17.0.0:kHanyuPinyin,kHanyuPinyin,source-attested-unreviewed
眺,yue-HK,tiu3,,,false,unicode-unihan-17@17.0.0:kCantonese,kCantonese,source-attested-unreviewed
眺,zh-Hant-TW,tiào,,,false,unicode-unihan-17@17.0.0:kMandarin,kMandarin,source-attested-unreviewed
祭,yue-HK,zai3,,,false,unicode-unihan-17@17.0.0:kCantonese,kCantonese,source-attested-unreviewed
祭,zh-Hant-TW,jì,,,false,unicode-unihan-17@17.0.0:kMandarin,kMandarin,source-attested-unreviewed
祭,zh-Hant-TW,zhài,,,false,unicode-unihan-17@17.0.0:kHanyuPinyin,kHanyuPinyin,source-attested-unreviewed
陶,yue-HK,tou4,,,false,unicode-unihan-17@17.0.0:kCantonese,kCantonese,source-attested-unreviewed
陶,yue-HK,jiu4,mandarin-mapping:yáo,,false,unicode-unihan-17@17.0.0:kSMSZD2003Readings,kSMSZD2003Readings,source-attested-unreviewed
陶,zh-Hant-TW,táo,,,false,unicode-unihan-17@17.0.0:kMandarin,kMandarin,source-attested-unreviewed
陶,zh-Hant-TW,yáo,,,false,unicode-unihan-17@17.0.0:kHanyuPinyin,kHanyuPinyin,source-attested-unreviewed
陶,zh-Hant-TW,dào,,,false,unicode-unihan-17@17.0.0:kHanyuPinyin,kHanyuPinyin,source-attested-unreviewed
傑,yue-HK,git6,,,false,unicode-unihan-17@17.0.0:kCantonese,kCantonese,source-attested-unreviewed
傑,zh-Hant-TW,jié,,,false,unicode-unihan-17@17.0.0:kMandarin,kMandarin,source-attested-unreviewed
啼,yue-HK,tai4,,,false,unicode-unihan-17@17.0.0:kCantonese,kCantonese,source-attested-unreviewed
啼,zh-Hant-TW,tí,,,false,unicode-unihan-17@17.0.0:kMandarin,kMandarin,source-attested-unreviewed
暑,yue-HK,syu2,,,false,unicode-unihan-17@17.0.0:kCantonese,kCantonese,source-attested-unreviewed
暑,zh-Hant-TW,shǔ,,,false,unicode-unihan-17@17.0.0:kMandarin,kMandarin,source-attested-unreviewed
棲,yue-HK,cai1,,,false,unicode-unihan-17@17.0.0:kCantonese,kCantonese,source-attested-unreviewed
棲,yue-HK,sai1,mandarin-mapping:xī,,false,unicode-unihan-17@17.0.0:kSMSZD2003Readings,kSMSZD2003Readings,source-attested-unreviewed
棲,zh-Hant-TW,qī,,,false,unicode-unihan-17@17.0.0:kMandarin,kMandarin,source-attested-unreviewed
棲,zh-Hant-TW,xī,,,false,unicode-unihan-17@17.0.0:kHanyuPinyin,kHanyuPinyin,source-attested-unreviewed
渲,yue-HK,hyun1,,,false,unicode-unihan-17@17.0.0:kCantonese,kCantonese,source-attested-unreviewed
渲,yue-HK,syun3,mandarin-mapping:xuàn,,false,unicode-unihan-17@17.0.0:kSMSZD2003Readings,kSMSZD2003Readings,source-attested-unreviewed
渲,zh-Hant-TW,xuàn,,,false,unicode-unihan-17@17.0.0:kMandarin,kMandarin,source-attested-unreviewed
煮,yue-HK,zyu2,,,false,unicode-unihan-17@17.0.0:kCantonese,kCantonese,source-attested-unreviewed
煮,zh-Hant-TW,zhǔ,,,false,unicode-unihan-17@17.0.0:kMandarin,kMandarin,source-attested-unreviewed
萄,yue-HK,tou4,,,false,unicode-unihan-17@17.0.0:kCantonese,kCantonese,source-attested-unreviewed
萄,zh-Hant-TW,táo,,,false,unicode-unihan-17@17.0.0:kMandarin,kMandarin,source-attested-unreviewed
詠,yue-HK,wing6,,,false,unicode-unihan-17@17.0.0:kCantonese,kCantonese,source-attested-unreviewed
詠,zh-Hant-TW,yǒng,,,false,unicode-unihan-17@17.0.0:kMandarin,kMandarin,source-attested-unreviewed
鈕,yue-HK,nau2,,,false,unicode-unihan-17@17.0.0:kCantonese,kCantonese,source-attested-unreviewed
鈕,zh-Hant-TW,niǔ,,,false,unicode-unihan-17@17.0.0:kMandarin,kMandarin,source-attested-unreviewed
鈕,zh-Hant-TW,chǒu,,,false,unicode-unihan-17@17.0.0:kHanyuPinyin,kHanyuPinyin,source-attested-unreviewed
傻,yue-HK,so4,,,false,unicode-unihan-17@17.0.0:kCantonese,kCantonese,source-attested-unreviewed
傻,zh-Hant-TW,shǎ,,,false,unicode-unihan-17@17.0.0:kMandarin,kMandarin,source-attested-unreviewed
嗓,yue-HK,song2,,,false,unicode-unihan-17@17.0.0:kCantonese,kCantonese,source-attested-unreviewed
嗓,zh-Hant-TW,sǎng,,,false,unicode-unihan-17@17.0.0:kMandarin,kMandarin,source-attested-unreviewed
愈,yue-HK,jyu6,,,false,unicode-unihan-17@17.0.0:kCantonese,kCantonese,source-attested-unreviewed
愈,zh-Hant-TW,yù,,,false,unicode-unihan-17@17.0.0:kMandarin,kMandarin,source-attested-unreviewed
暈,yue-HK,wan4,,,false,unicode-unihan-17@17.0.0:kCantonese,kCantonese,source-attested-unreviewed
暈,yue-HK,wan6,mandarin-mapping:yùn,,false,unicode-unihan-17@17.0.0:kSMSZD2003Readings,kSMSZD2003Readings,source-attested-unreviewed
暈,zh-Hant-TW,yūn,,,false,unicode-unihan-17@17.0.0:kMandarin,kMandarin,source-attested-unreviewed
暈,zh-Hant-TW,yùn,,,false,unicode-unihan-17@17.0.0:kHanyuPinyin,kHanyuPinyin,source-attested-unreviewed
溢,yue-HK,jat6,,,false,unicode-unihan-17@17.0.0:kCantonese,kCantonese,source-attested-unreviewed
溢,zh-Hant-TW,yì,,,false,unicode-unihan-17@17.0.0:kMandarin,kMandarin,source-attested-unreviewed
稠,yue-HK,cau4,,,false,unicode-unihan-17@17.0.0:kCantonese,kCantonese,source-attested-unreviewed
稠,zh-Hant-TW,chóu,,,false,unicode-unihan-17@17.0.0:kMandarin,kMandarin,source-attested-unreviewed
稠,zh-Hant-TW,tiáo,,,false,unicode-unihan-17@17.0.0:kHanyuPinyin,kHanyuPinyin,source-attested-unreviewed
稠,zh-Hant-TW,diào,,,false,unicode-unihan-17@17.0.0:kHanyuPinyin,kHanyuPinyin,source-attested-unreviewed
葡,yue-HK,pou4,,,false,unicode-unihan-17@17.0.0:kCantonese,kCantonese,source-attested-unreviewed
葡,zh-Hant-TW,pú,,,false,unicode-unihan-17@17.0.0:kMandarin,kMandarin,source-attested-unreviewed
葡,zh-Hant-TW,bèi,,,false,unicode-unihan-17@17.0.0:kHanyuPinyin,kHanyuPinyin,source-attested-unreviewed
賊,yue-HK,caak6,,,false,unicode-unihan-17@17.0.0:kCantonese,kCantonese,source-attested-unreviewed
賊,yue-HK,caak3,mandarin-mapping:zéi,,false,unicode-unihan-17@17.0.0:kSMSZD2003Readings,kSMSZD2003Readings,source-attested-unreviewed
賊,zh-Hant-TW,zéi,,,false,unicode-unihan-17@17.0.0:kMandarin,kMandarin,source-attested-unreviewed
跤,yue-HK,gaau1,,,false,unicode-unihan-17@17.0.0:kCantonese,kCantonese,source-attested-unreviewed
跤,zh-Hant-TW,jiāo,,,false,unicode-unihan-17@17.0.0:kMandarin,kMandarin,source-attested-unreviewed
跤,zh-Hant-TW,qiāo,,,false,unicode-unihan-17@17.0.0:kHanyuPinyin,kHanyuPinyin,source-attested-unreviewed
嘍,yue-HK,lau4,,,false,unicode-unihan-17@17.0.0:kCantonese,kCantonese,source-attested-unreviewed
嘍,yue-HK,lau1,mandarin-mapping:lou,,false,unicode-unihan-17@17.0.0:kSMSZD2003Readings,kSMSZD2003Readings,source-attested-unreviewed
嘍,zh-Hant-TW,lóu,,,false,unicode-unihan-17@17.0.0:kMandarin,kMandarin,source-attested-unreviewed
嘍,zh-Hant-TW,lou,attested-count:46,,false,unicode-unihan-17@17.0.0:kHanyuPinlu,kHanyuPinlu,source-attested-unreviewed
嘍,zh-Hant-TW,lǒu,,,false,unicode-unihan-17@17.0.0:kHanyuPinyin,kHanyuPinyin,source-attested-unreviewed
滲,yue-HK,sam3,,,false,unicode-unihan-17@17.0.0:kCantonese,kCantonese,source-attested-unreviewed
滲,zh-Hant-TW,shèn,,,false,unicode-unihan-17@17.0.0:kMandarin,kMandarin,source-attested-unreviewed
滲,zh-Hant-TW,sēn,,,false,unicode-unihan-17@17.0.0:kHanyuPinyin,kHanyuPinyin,source-attested-unreviewed
滲,zh-Hant-TW,qīn,,,false,unicode-unihan-17@17.0.0:kHanyuPinyin,kHanyuPinyin,source-attested-unreviewed
滲,zh-Hant-TW,lín,,,false,unicode-unihan-17@17.0.0:kHanyuPinyin,kHanyuPinyin,source-attested-unreviewed
誘,yue-HK,jau5,,,false,unicode-unihan-17@17.0.0:kCantonese,kCantonese,source-attested-unreviewed
誘,zh-Hant-TW,yòu,,,false,unicode-unihan-17@17.0.0:kMandarin,kMandarin,source-attested-unreviewed
酷,yue-HK,huk6,,,false,unicode-unihan-17@17.0.0:kCantonese,kCantonese,source-attested-unreviewed
酷,zh-Hant-TW,kù,,,false,unicode-unihan-17@17.0.0:kMandarin,kMandarin,source-attested-unreviewed
僵,yue-HK,goeng1,,,false,unicode-unihan-17@17.0.0:kCantonese,kCantonese,source-attested-unreviewed
僵,zh-Hant-TW,jiāng,,,false,unicode-unihan-17@17.0.0:kMandarin,kMandarin,source-attested-unreviewed
嬉,yue-HK,hei1,,,false,unicode-unihan-17@17.0.0:kCantonese,kCantonese,source-attested-unreviewed
嬉,zh-Hant-TW,xī,,,false,unicode-unihan-17@17.0.0:kMandarin,kMandarin,source-attested-unreviewed
嬉,zh-Hant-TW,xǐ,,,false,unicode-unihan-17@17.0.0:kHanyuPinyin,kHanyuPinyin,source-attested-unreviewed
幟,yue-HK,ci3,,,false,unicode-unihan-17@17.0.0:kCantonese,kCantonese,source-attested-unreviewed
幟,zh-Hant-TW,zhì,,,false,unicode-unihan-17@17.0.0:kMandarin,kMandarin,source-attested-unreviewed
瞎,yue-HK,hat6,,,false,unicode-unihan-17@17.0.0:kCantonese,kCantonese,source-attested-unreviewed
瞎,zh-Hant-TW,xiā,,,false,unicode-unihan-17@17.0.0:kMandarin,kMandarin,source-attested-unreviewed
蝸,yue-HK,wo1,,,false,unicode-unihan-17@17.0.0:kCantonese,kCantonese,source-attested-unreviewed
蝸,zh-Hant-TW,wō,,,false,unicode-unihan-17@17.0.0:kMandarin,kMandarin,source-attested-unreviewed
蝸,zh-Hant-TW,luó,,,false,unicode-unihan-17@17.0.0:kHanyuPinyin,kHanyuPinyin,source-attested-unreviewed
蝸,zh-Hant-TW,guǒ,,,false,unicode-unihan-17@17.0.0:kHanyuPinyin,kHanyuPinyin,source-attested-unreviewed
賠,yue-HK,pui4,,,false,unicode-unihan-17@17.0.0:kCantonese,kCantonese,source-attested-unreviewed
賠,zh-Hant-TW,péi,,,false,unicode-unihan-17@17.0.0:kMandarin,kMandarin,source-attested-unreviewed
鍵,yue-HK,gin6,,,false,unicode-unihan-17@17.0.0:kCantonese,kCantonese,source-attested-unreviewed
鍵,zh-Hant-TW,jiàn,,,false,unicode-unihan-17@17.0.0:kMandarin,kMandarin,source-attested-unreviewed
錘,yue-HK,ceoi4,,,false,unicode-unihan-17@17.0.0:kCantonese,kCantonese,source-attested-unreviewed
錘,zh-Hant-TW,chuí,,,false,unicode-unihan-17@17.0.0:kMandarin,kMandarin,source-attested-unreviewed
鞠,yue-HK,guk1,,,false,unicode-unihan-17@17.0.0:kCantonese,kCantonese,source-attested-unreviewed
鞠,zh-Hant-TW,jū,,,false,unicode-unihan-17@17.0.0:kMandarin,kMandarin,source-attested-unreviewed
鞠,zh-Hant-TW,qū,,,false,unicode-unihan-17@17.0.0:kHanyuPinyin,kHanyuPinyin,source-attested-unreviewed
鞠,zh-Hant-TW,qiōng,,,false,unicode-unihan-17@17.0.0:kHanyuPinyin,kHanyuPinyin,source-attested-unreviewed
駿,yue-HK,zeon3,,,false,unicode-unihan-17@17.0.0:kCantonese,kCantonese,source-attested-unreviewed
駿,zh-Hant-TW,jùn,,,false,unicode-unihan-17@17.0.0:kMandarin,kMandarin,source-attested-unreviewed
襖,yue-HK,ou2,,,false,unicode-unihan-17@17.0.0:kCantonese,kCantonese,source-attested-unreviewed
襖,yue-HK,ou3,mandarin-mapping:ǎo,,false,unicode-unihan-17@17.0.0:kSMSZD2003Readings,kSMSZD2003Readings,source-attested-unreviewed
襖,zh-Hant-TW,ǎo,,,false,unicode-unihan-17@17.0.0:kMandarin,kMandarin,source-attested-unreviewed
譏,yue-HK,gei1,,,false,unicode-unihan-17@17.0.0:kCantonese,kCantonese,source-attested-unreviewed
譏,zh-Hant-TW,jī,,,false,unicode-unihan-17@17.0.0:kMandarin,kMandarin,source-attested-unreviewed
攜,yue-HK,kwai4,,,false,unicode-unihan-17@17.0.0:kCantonese,kCantonese,source-attested-unreviewed
攜,zh-Hant-TW,xié,,,false,unicode-unihan-17@17.0.0:kMandarin,kMandarin,source-attested-unreviewed
魔,yue-HK,mo1,,,false,unicode-unihan-17@17.0.0:kCantonese,kCantonese,source-attested-unreviewed
魔,zh-Hant-TW,mó,,,false,unicode-unihan-17@17.0.0:kMandarin,kMandarin,source-attested-unreviewed
蠶,yue-HK,caam4,,,false,unicode-unihan-17@17.0.0:kCantonese,kCantonese,source-attested-unreviewed
蠶,zh-Hant-TW,cán,,,false,unicode-unihan-17@17.0.0:kMandarin,kMandarin,source-attested-unreviewed
几,yue-HK,gei1,,,false,unicode-unihan-17@17.0.0:kCantonese,kCantonese,source-attested-unreviewed
几,zh-Hant-TW,jǐ,,,false,unicode-unihan-17@17.0.0:kMandarin,kMandarin,source-attested-unreviewed
几,zh-Hant-TW,jī,attested-count:216,,false,unicode-unihan-17@17.0.0:kHanyuPinlu,kHanyuPinlu,source-attested-unreviewed
吁,yue-HK,heoi1,,,false,unicode-unihan-17@17.0.0:kCantonese,kCantonese,source-attested-unreviewed
吁,zh-Hant-TW,xū,,,false,unicode-unihan-17@17.0.0:kMandarin,kMandarin,source-attested-unreviewed
吁,zh-Hant-TW,yù,attested-count:12,,false,unicode-unihan-17@17.0.0:kHanyuPinlu,kHanyuPinlu,source-attested-unreviewed
圳,yue-HK,zan3,,,false,unicode-unihan-17@17.0.0:kCantonese,kCantonese,source-attested-unreviewed
圳,zh-Hant-TW,zhèn,,,false,unicode-unihan-17@17.0.0:kMandarin,kMandarin,source-attested-unreviewed
圳,zh-Hant-TW,quǎn,,,false,unicode-unihan-17@17.0.0:kHanyuPinyin,kHanyuPinyin,source-attested-unreviewed
圳,zh-Hant-TW,chóu,,,false,unicode-unihan-17@17.0.0:kHanyuPinyin,kHanyuPinyin,source-attested-unreviewed
圳,zh-Hant-TW,huái,,,false,unicode-unihan-17@17.0.0:kHanyuPinyin,kHanyuPinyin,source-attested-unreviewed
圭,yue-HK,gwai1,,,false,unicode-unihan-17@17.0.0:kCantonese,kCantonese,source-attested-unreviewed
圭,zh-Hant-TW,guī,,,false,unicode-unihan-17@17.0.0:kMandarin,kMandarin,source-attested-unreviewed
宅,yue-HK,zaak6,,,false,unicode-unihan-17@17.0.0:kCantonese,kCantonese,source-attested-unreviewed
宅,zh-Hant-TW,zhái,,,false,unicode-unihan-17@17.0.0:kMandarin,kMandarin,source-attested-unreviewed
宅,zh-Hant-TW,chè,,,false,unicode-unihan-17@17.0.0:kHanyuPinyin,kHanyuPinyin,source-attested-unreviewed
宅,zh-Hant-TW,dù,,,false,unicode-unihan-17@17.0.0:kHanyuPinyin,kHanyuPinyin,source-attested-unreviewed
佛,yue-HK,fat6,,,false,unicode-unihan-17@17.0.0:kCantonese,kCantonese,source-attested-unreviewed
佛,yue-HK,fat1,mandarin-mapping:fú,,false,unicode-unihan-17@17.0.0:kSMSZD2003Readings,kSMSZD2003Readings,source-attested-unreviewed
佛,zh-Hant-TW,fú,,,false,unicode-unihan-17@17.0.0:kMandarin,kMandarin,source-attested-unreviewed
佛,zh-Hant-TW,bó,,,false,unicode-unihan-17@17.0.0:kHanyuPinyin,kHanyuPinyin,source-attested-unreviewed
佛,zh-Hant-TW,bì,,,false,unicode-unihan-17@17.0.0:kHanyuPinyin,kHanyuPinyin,source-attested-unreviewed
佛,zh-Hant-TW,fó,,,false,unicode-unihan-17@17.0.0:kHanyuPinyin,kHanyuPinyin,source-attested-unreviewed
岔,yue-HK,caa3,,,false,unicode-unihan-17@17.0.0:kCantonese,kCantonese,source-attested-unreviewed
岔,zh-Hant-TW,chà,,,false,unicode-unihan-17@17.0.0:kMandarin,kMandarin,source-attested-unreviewed
呷,yue-HK,haap3,,,false,unicode-unihan-17@17.0.0:kCantonese,kCantonese,source-attested-unreviewed
呷,zh-Hant-TW,xiā,,,false,unicode-unihan-17@17.0.0:kMandarin,kMandarin,source-attested-unreviewed
呷,zh-Hant-TW,xiá,,,false,unicode-unihan-17@17.0.0:kMandarin,kMandarin,source-attested-unreviewed
呷,zh-Hant-TW,gā,,,false,unicode-unihan-17@17.0.0:kHanyuPinyin,kHanyuPinyin,source-attested-unreviewed
呷,zh-Hant-TW,jiǎ,,,false,unicode-unihan-17@17.0.0:kHanyuPinyin,kHanyuPinyin,source-attested-unreviewed
昆,yue-HK,kwan1,,,false,unicode-unihan-17@17.0.0:kCantonese,kCantonese,source-attested-unreviewed
昆,zh-Hant-TW,kūn,,,false,unicode-unihan-17@17.0.0:kMandarin,kMandarin,source-attested-unreviewed
昆,zh-Hant-TW,hún,,,false,unicode-unihan-17@17.0.0:kHanyuPinyin,kHanyuPinyin,source-attested-unreviewed
昆,zh-Hant-TW,kùn,,,false,unicode-unihan-17@17.0.0:kHanyuPinyin,kHanyuPinyin,source-attested-unreviewed
炊,yue-HK,ceoi1,,,false,unicode-unihan-17@17.0.0:kCantonese,kCantonese,source-attested-unreviewed
炊,zh-Hant-TW,chuī,,,false,unicode-unihan-17@17.0.0:kMandarin,kMandarin,source-attested-unreviewed
拴,yue-HK,saan1,,,false,unicode-unihan-17@17.0.0:kCantonese,kCantonese,source-attested-unreviewed
拴,zh-Hant-TW,shuān,,,false,unicode-unihan-17@17.0.0:kMandarin,kMandarin,source-attested-unreviewed
拴,zh-Hant-TW,quán,,,false,unicode-unihan-17@17.0.0:kHanyuPinyin,kHanyuPinyin,source-attested-unreviewed
柄,yue-HK,beng3,,,false,unicode-unihan-17@17.0.0:kCantonese,kCantonese,source-attested-unreviewed
柄,yue-HK,bing3,"mandarin-mapping:bǐng,bìng",,false,unicode-unihan-17@17.0.0:kSMSZD2003Readings,kSMSZD2003Readings,source-attested-unreviewed
柄,zh-Hant-TW,bǐng,,,false,unicode-unihan-17@17.0.0:kMandarin,kMandarin,source-attested-unreviewed
皆,yue-HK,gaai1,,,false,unicode-unihan-17@17.0.0:kCantonese,kCantonese,source-attested-unreviewed
皆,zh-Hant-TW,jiē,,,false,unicode-unihan-17@17.0.0:kMandarin,kMandarin,source-attested-unreviewed
胞,yue-HK,baau1,,,false,unicode-unihan-17@17.0.0:kCantonese,kCantonese,source-attested-unreviewed
胞,zh-Hant-TW,bāo,,,false,unicode-unihan-17@17.0.0:kMandarin,kMandarin,source-attested-unreviewed
胞,zh-Hant-TW,páo,,,false,unicode-unihan-17@17.0.0:kHanyuPinyin,kHanyuPinyin,source-attested-unreviewed
胞,zh-Hant-TW,pào,,,false,unicode-unihan-17@17.0.0:kHanyuPinyin,kHanyuPinyin,source-attested-unreviewed
峭,yue-HK,ciu3,,,false,unicode-unihan-17@17.0.0:kCantonese,kCantonese,source-attested-unreviewed
峭,zh-Hant-TW,qiào,,,false,unicode-unihan-17@17.0.0:kMandarin,kMandarin,source-attested-unreviewed
晉,yue-HK,zeon3,,,false,unicode-unihan-17@17.0.0:kCantonese,kCantonese,source-attested-unreviewed
晉,zh-Hant-TW,jìn,,,false,unicode-unihan-17@17.0.0:kMandarin,kMandarin,source-attested-unreviewed
耽,yue-HK,daam1,,,false,unicode-unihan-17@17.0.0:kCantonese,kCantonese,source-attested-unreviewed
耽,zh-Hant-TW,dān,,,false,unicode-unihan-17@17.0.0:kMandarin,kMandarin,source-attested-unreviewed
域,yue-HK,wik6,,,false,unicode-unihan-17@17.0.0:kCantonese,kCantonese,source-attested-unreviewed
域,zh-Hant-TW,yù,,,false,unicode-unihan-17@17.0.0:kMandarin,kMandarin,source-attested-unreviewed
庸,yue-HK,jung4,,,false,unicode-unihan-17@17.0.0:kCantonese,kCantonese,source-attested-unreviewed
庸,zh-Hant-TW,yōng,,,false,unicode-unihan-17@17.0.0:kMandarin,kMandarin,source-attested-unreviewed
庸,zh-Hant-TW,yóng,,,false,unicode-unihan-17@17.0.0:kHanyuPinyin,kHanyuPinyin,source-attested-unreviewed
淤,yue-HK,jyu1,,,false,unicode-unihan-17@17.0.0:kCantonese,kCantonese,source-attested-unreviewed
淤,zh-Hant-TW,yū,,,false,unicode-unihan-17@17.0.0:kMandarin,kMandarin,source-attested-unreviewed
羚,yue-HK,ling4,,,false,unicode-unihan-17@17.0.0:kCantonese,kCantonese,source-attested-unreviewed
羚,zh-Hant-TW,líng,,,false,unicode-unihan-17@17.0.0:kMandarin,kMandarin,source-attested-unreviewed
訝,yue-HK,ngaa6,,,false,unicode-unihan-17@17.0.0:kCantonese,kCantonese,source-attested-unreviewed
訝,zh-Hant-TW,yà,,,false,unicode-unihan-17@17.0.0:kMandarin,kMandarin,source-attested-unreviewed
堤,yue-HK,tai4,,,false,unicode-unihan-17@17.0.0:kCantonese,kCantonese,source-attested-unreviewed
堤,zh-Hant-TW,dī,,,false,unicode-unihan-17@17.0.0:kMandarin,kMandarin,source-attested-unreviewed
堤,zh-Hant-TW,tí,,,false,unicode-unihan-17@17.0.0:kMandarin,kMandarin,source-attested-unreviewed
堤,zh-Hant-TW,dǐ,,,false,unicode-unihan-17@17.0.0:kHanyuPinyin,kHanyuPinyin,source-attested-unreviewed
堤,zh-Hant-TW,shí,,,false,unicode-unihan-17@17.0.0:kHanyuPinyin,kHanyuPinyin,source-attested-unreviewed
堤,zh-Hant-TW,wéi,,,false,unicode-unihan-17@17.0.0:kHanyuPinyin,kHanyuPinyin,source-attested-unreviewed
慨,yue-HK,koi3,,,false,unicode-unihan-17@17.0.0:kCantonese,kCantonese,source-attested-unreviewed
慨,zh-Hant-TW,kǎi,,,false,unicode-unihan-17@17.0.0:kMandarin,kMandarin,source-attested-unreviewed
敞,yue-HK,cong2,,,false,unicode-unihan-17@17.0.0:kCantonese,kCantonese,source-attested-unreviewed
敞,zh-Hant-TW,chǎng,,,false,unicode-unihan-17@17.0.0:kMandarin,kMandarin,source-attested-unreviewed
敞,zh-Hant-TW,chang,attested-count:19,,false,unicode-unihan-17@17.0.0:kHanyuPinlu,kHanyuPinlu,source-attested-unreviewed
敞,zh-Hant-TW,chèng,,,false,unicode-unihan-17@17.0.0:kHanyuPinyin,kHanyuPinyin,source-attested-unreviewed
敞,zh-Hant-TW,zhèng,,,false,unicode-unihan-17@17.0.0:kHanyuPinyin,kHanyuPinyin,source-attested-unreviewed
琢,yue-HK,doek3,,,false,unicode-unihan-17@17.0.0:kCantonese,kCantonese,source-attested-unreviewed
琢,zh-Hant-TW,zuó,,,false,unicode-unihan-17@17.0.0:kMandarin,kMandarin,source-attested-unreviewed
琢,zh-Hant-TW,zhuó,,,false,unicode-unihan-17@17.0.0:kHanyuPinyin,kHanyuPinyin,source-attested-unreviewed
窖,yue-HK,gaau3,,,false,unicode-unihan-17@17.0.0:kCantonese,kCantonese,source-attested-unreviewed
窖,zh-Hant-TW,jiào,,,false,unicode-unihan-17@17.0.0:kMandarin,kMandarin,source-attested-unreviewed
窖,zh-Hant-TW,zào,,,false,unicode-unihan-17@17.0.0:kHanyuPinyin,kHanyuPinyin,source-attested-unreviewed
絮,yue-HK,seoi5,,,false,unicode-unihan-17@17.0.0:kCantonese,kCantonese,source-attested-unreviewed
絮,yue-HK,seoi6,mandarin-mapping:xù,,false,unicode-unihan-17@17.0.0:kSMSZD2003Readings,kSMSZD2003Readings,source-attested-unreviewed
絮,zh-Hant-TW,xù,,,false,unicode-unihan-17@17.0.0:kMandarin,kMandarin,source-attested-unreviewed
絮,zh-Hant-TW,chù,,,false,unicode-unihan-17@17.0.0:kHanyuPinyin,kHanyuPinyin,source-attested-unreviewed
絮,zh-Hant-TW,nǜ,,,false,unicode-unihan-17@17.0.0:kHanyuPinyin,kHanyuPinyin,source-attested-unreviewed
絮,zh-Hant-TW,nà,,,false,unicode-unihan-17@17.0.0:kHanyuPinyin,kHanyuPinyin,source-attested-unreviewed
裂,yue-HK,lit6,,,false,unicode-unihan-17@17.0.0:kCantonese,kCantonese,source-attested-unreviewed
裂,zh-Hant-TW,liè,,,false,unicode-unihan-17@17.0.0:kMandarin,kMandarin,source-attested-unreviewed
裂,zh-Hant-TW,liě,,,false,unicode-unihan-17@17.0.0:kHanyuPinyin,kHanyuPinyin,source-attested-unreviewed
跚,yue-HK,saan1,,,false,unicode-unihan-17@17.0.0:kCantonese,kCantonese,source-attested-unreviewed
跚,zh-Hant-TW,shān,,,false,unicode-unihan-17@17.0.0:kMandarin,kMandarin,source-attested-unreviewed
廈,yue-HK,haa6,,,false,unicode-unihan-17@17.0.0:kCantonese,kCantonese,source-attested-unreviewed
廈,zh-Hant-TW,shà,,,false,unicode-unihan-17@17.0.0:kMandarin,kMandarin,source-attested-unreviewed
廈,zh-Hant-TW,xià,,,false,unicode-unihan-17@17.0.0:kHanyuPinyin,kHanyuPinyin,source-attested-unreviewed
瑕,yue-HK,haa4,,,false,unicode-unihan-17@17.0.0:kCantonese,kCantonese,source-attested-unreviewed
瑕,zh-Hant-TW,xiá,,,false,unicode-unihan-17@17.0.0:kMandarin,kMandarin,source-attested-unreviewed
肆,yue-HK,si3,,,false,unicode-unihan-17@17.0.0:kCantonese,kCantonese,source-attested-unreviewed
肆,yue-HK,sei3,mandarin-mapping:sì,,false,unicode-unihan-17@17.0.0:kSMSZD2003Readings,kSMSZD2003Readings,source-attested-unreviewed
肆,zh-Hant-TW,sì,,,false,unicode-unihan-17@17.0.0:kMandarin,kMandarin,source-attested-unreviewed
肆,zh-Hant-TW,tì,,,false,unicode-unihan-17@17.0.0:kHanyuPinyin,kHanyuPinyin,source-attested-unreviewed
箕,yue-HK,gei1,,,false,unicode-unihan-17@17.0.0:kCantonese,kCantonese,source-attested-unreviewed
箕,zh-Hant-TW,jī,,,false,unicode-unihan-17@17.0.0:kMandarin,kMandarin,source-attested-unreviewed
蒲,yue-HK,pou4,,,false,unicode-unihan-17@17.0.0:kCantonese,kCantonese,source-attested-unreviewed
蒲,zh-Hant-TW,pú,,,false,unicode-unihan-17@17.0.0:kMandarin,kMandarin,source-attested-unreviewed
蒲,zh-Hant-TW,bó,,,false,unicode-unihan-17@17.0.0:kHanyuPinyin,kHanyuPinyin,source-attested-unreviewed
閣,yue-HK,gok3,,,false,unicode-unihan-17@17.0.0:kCantonese,kCantonese,source-attested-unreviewed
閣,zh-Hant-TW,gé,,,false,unicode-unihan-17@17.0.0:kMandarin,kMandarin,source-attested-unreviewed
嘲,yue-HK,zaau1,,,false,unicode-unihan-17@17.0.0:kCantonese,kCantonese,source-attested-unreviewed
嘲,zh-Hant-TW,cháo,,,false,unicode-unihan-17@17.0.0:kMandarin,kMandarin,source-attested-unreviewed
嘲,zh-Hant-TW,zhāo,,,false,unicode-unihan-17@17.0.0:kHanyuPinyin,kHanyuPinyin,source-attested-unreviewed
嘶,yue-HK,sai1,,,false,unicode-unihan-17@17.0.0:kCantonese,kCantonese,source-attested-unreviewed
嘶,zh-Hant-TW,sī,,,false,unicode-unihan-17@17.0.0:kMandarin,kMandarin,source-attested-unreviewed
墳,yue-HK,fan4,,,false,unicode-unihan-17@17.0.0:kCantonese,kCantonese,source-attested-unreviewed
墳,zh-Hant-TW,fén,,,false,unicode-unihan-17@17.0.0:kMandarin,kMandarin,source-attested-unreviewed
墳,zh-Hant-TW,fèn,,,false,unicode-unihan-17@17.0.0:kHanyuPinyin,kHanyuPinyin,source-attested-unreviewed
踢,yue-HK,tek3,,,false,unicode-unihan-17@17.0.0:kCantonese,kCantonese,source-attested-unreviewed
踢,zh-Hant-TW,tī,,,false,unicode-unihan-17@17.0.0:kMandarin,kMandarin,source-attested-unreviewed
踢,zh-Hant-TW,dié,,,false,unicode-unihan-17@17.0.0:kHanyuPinyin,kHanyuPinyin,source-attested-unreviewed
穎,yue-HK,wing6,,,false,unicode-unihan-17@17.0.0:kCantonese,kCantonese,source-attested-unreviewed
穎,zh-Hant-TW,yǐng,,,false,unicode-unihan-17@17.0.0:kMandarin,kMandarin,source-attested-unreviewed
糙,yue-HK,cou3,,,false,unicode-unihan-17@17.0.0:kCantonese,kCantonese,source-attested-unreviewed
糙,zh-Hant-TW,cāo,,,false,unicode-unihan-17@17.0.0:kMandarin,kMandarin,source-attested-unreviewed
鴻,yue-HK,hung4,,,false,unicode-unihan-17@17.0.0:kCantonese,kCantonese,source-attested-unreviewed
鴻,zh-Hant-TW,hóng,,,false,unicode-unihan-17@17.0.0:kMandarin,kMandarin,source-attested-unreviewed
鴻,zh-Hant-TW,hòng,,,false,unicode-unihan-17@17.0.0:kHanyuPinyin,kHanyuPinyin,source-attested-unreviewed
黝,yue-HK,jau2,,,false,unicode-unihan-17@17.0.0:kCantonese,kCantonese,source-attested-unreviewed
黝,zh-Hant-TW,yǒu,,,false,unicode-unihan-17@17.0.0:kMandarin,kMandarin,source-attested-unreviewed
黝,zh-Hant-TW,yī,,,false,unicode-unihan-17@17.0.0:kHanyuPinyin,kHanyuPinyin,source-attested-unreviewed
蹣,yue-HK,pun4,,,false,unicode-unihan-17@17.0.0:kCantonese,kCantonese,source-attested-unreviewed
蹣,yue-HK,mun4,mandarin-mapping:pán,,false,unicode-unihan-17@17.0.0:kSMSZD2003Readings,kSMSZD2003Readings,source-attested-unreviewed
蹣,zh-Hant-TW,pán,,,false,unicode-unihan-17@17.0.0:kMandarin,kMandarin,source-attested-unreviewed
蹣,zh-Hant-TW,mán,,,false,unicode-unihan-17@17.0.0:kMandarin,kMandarin,source-attested-unreviewed
蹣,zh-Hant-TW,liǎng,,,false,unicode-unihan-17@17.0.0:kHanyuPinyin,kHanyuPinyin,source-attested-unreviewed
礙,yue-HK,ngoi6,,,false,unicode-unihan-17@17.0.0:kCantonese,kCantonese,source-attested-unreviewed
礙,zh-Hant-TW,ài,,,false,unicode-unihan-17@17.0.0:kMandarin,kMandarin,source-attested-unreviewed
礙,zh-Hant-TW,yí,,,false,unicode-unihan-17@17.0.0:kHanyuPinyin,kHanyuPinyin,source-attested-unreviewed
鏟,yue-HK,caan2,,,false,unicode-unihan-17@17.0.0:kCantonese,kCantonese,source-attested-unreviewed
鏟,zh-Hant-TW,chǎn,,,false,unicode-unihan-17@17.0.0:kMandarin,kMandarin,source-attested-unreviewed
鏈,yue-HK,lin6,,,false,unicode-unihan-17@17.0.0:kCantonese,kCantonese,source-attested-unreviewed
鏈,yue-HK,lin2,mandarin-mapping:liàn,,false,unicode-unihan-17@17.0.0:kSMSZD2003Readings,kSMSZD2003Readings,source-attested-unreviewed
鏈,zh-Hant-TW,liàn,,,false,unicode-unihan-17@17.0.0:kMandarin,kMandarin,source-attested-unreviewed
鏈,zh-Hant-TW,lián,,,false,unicode-unihan-17@17.0.0:kHanyuPinyin,kHanyuPinyin,source-attested-unreviewed
攙,yue-HK,caam1,,,false,unicode-unihan-17@17.0.0:kCantonese,kCantonese,source-attested-unreviewed
攙,zh-Hant-TW,chān,,,false,unicode-unihan-17@17.0.0:kMandarin,kMandarin,source-attested-unreviewed
攙,zh-Hant-TW,shàn,,,false,unicode-unihan-17@17.0.0:kHanyuPinyin,kHanyuPinyin,source-attested-unreviewed
蘑,yue-HK,mo4,,,false,unicode-unihan-17@17.0.0:kCantonese,kCantonese,source-attested-unreviewed
蘑,zh-Hant-TW,mó,,,false,unicode-unihan-17@17.0.0:kMandarin,kMandarin,source-attested-unreviewed
鐺,yue-HK,dong1,,,false,unicode-unihan-17@17.0.0:kCantonese,kCantonese,source-attested-unreviewed
鐺,yue-HK,caang1,mandarin-mapping:chēng,,false,unicode-unihan-17@17.0.0:kSMSZD2003Readings,kSMSZD2003Readings,source-attested-unreviewed
鐺,zh-Hant-TW,dāng,,,false,unicode-unihan-17@17.0.0:kMandarin,kMandarin,source-attested-unreviewed
鐺,zh-Hant-TW,dang,attested-count:16,,false,unicode-unihan-17@17.0.0:kHanyuPinlu,kHanyuPinlu,source-attested-unreviewed
鐺,zh-Hant-TW,chēng,,,false,unicode-unihan-17@17.0.0:kHanyuPinyin,kHanyuPinyin,source-attested-unreviewed
鐺,zh-Hant-TW,tāng,,,false,unicode-unihan-17@17.0.0:kHanyuPinyin,kHanyuPinyin,source-attested-unreviewed
攤,yue-HK,taan1,,,false,unicode-unihan-17@17.0.0:kCantonese,kCantonese,source-attested-unreviewed
攤,zh-Hant-TW,tān,,,false,unicode-unihan-17@17.0.0:kMandarin,kMandarin,source-attested-unreviewed
攤,zh-Hant-TW,nàn,,,false,unicode-unihan-17@17.0.0:kHanyuPinyin,kHanyuPinyin,source-attested-unreviewed
籤,yue-HK,cim1,,,false,unicode-unihan-17@17.0.0:kCantonese,kCantonese,source-attested-unreviewed
籤,zh-Hant-TW,qiān,,,false,unicode-unihan-17@17.0.0:kMandarin,kMandarin,source-attested-unreviewed
矗,yue-HK,cuk1,,,false,unicode-unihan-17@17.0.0:kCantonese,kCantonese,source-attested-unreviewed
矗,zh-Hant-TW,chù,,,false,unicode-unihan-17@17.0.0:kMandarin,kMandarin,source-attested-unreviewed
鬢,yue-HK,ban3,,,false,unicode-unihan-17@17.0.0:kCantonese,kCantonese,source-attested-unreviewed
鬢,zh-Hant-TW,bìn,,,false,unicode-unihan-17@17.0.0:kMandarin,kMandarin,source-attested-unreviewed
籮,yue-HK,lo4,,,false,unicode-unihan-17@17.0.0:kCantonese,kCantonese,source-attested-unreviewed
籮,zh-Hant-TW,luó,,,false,unicode-unihan-17@17.0.0:kMandarin,kMandarin,source-attested-unreviewed
啥,yue-HK,saa2,,,false,unicode-unihan-17@17.0.0:kCantonese,kCantonese,source-attested-unreviewed
啥,zh-Hant-TW,shá,,,false,unicode-unihan-17@17.0.0:kMandarin,kMandarin,source-attested-unreviewed
啥,zh-Hant-TW,shà,attested-count:109,,false,unicode-unihan-17@17.0.0:kHanyuPinlu,kHanyuPinlu,source-attested-unreviewed
菇,yue-HK,gu1,,,false,unicode-unihan-17@17.0.0:kCantonese,kCantonese,source-attested-unreviewed
菇,zh-Hant-TW,gū,,,false,unicode-unihan-17@17.0.0:kMandarin,kMandarin,source-attested-unreviewed
菇,zh-Hant-TW,gu,attested-count:12,,false,unicode-unihan-17@17.0.0:kHanyuPinlu,kHanyuPinlu,source-attested-unreviewed
乃,yue-HK,naai5,,,false,unicode-unihan-17@17.0.0:kCantonese,kCantonese,source-attested-unreviewed
乃,yue-HK,oi2,mandarin-mapping:ǎi,,false,unicode-unihan-17@17.0.0:kSMSZD2003Readings,kSMSZD2003Readings,source-attested-unreviewed
乃,zh-Hant-TW,nǎi,,,false,unicode-unihan-17@17.0.0:kMandarin,kMandarin,source-attested-unreviewed
乃,zh-Hant-TW,ǎi,,,false,unicode-unihan-17@17.0.0:kHanyuPinyin,kHanyuPinyin,source-attested-unreviewed
叨,yue-HK,tou1,,,false,unicode-unihan-17@17.0.0:kCantonese,kCantonese,source-attested-unreviewed
叨,yue-HK,dou1,mandarin-mapping:dāo,,false,unicode-unihan-17@17.0.0:kSMSZD2003Readings,kSMSZD2003Readings,source-attested-unreviewed
叨,zh-Hant-TW,dāo,,,false,unicode-unihan-17@17.0.0:kMandarin,kMandarin,source-attested-unreviewed
叨,zh-Hant-TW,tāo,,,false,unicode-unihan-17@17.0.0:kHanyuPinyin,kHanyuPinyin,source-attested-unreviewed
叼,yue-HK,diu1,,,false,unicode-unihan-17@17.0.0:kCantonese,kCantonese,source-attested-unreviewed
叼,zh-Hant-TW,diāo,,,false,unicode-unihan-17@17.0.0:kMandarin,kMandarin,source-attested-unreviewed
吭,yue-HK,hong4,,,false,unicode-unihan-17@17.0.0:kCantonese,kCantonese,source-attested-unreviewed
吭,yue-HK,hang1,mandarin-mapping:kēng,,false,unicode-unihan-17@17.0.0:kSMSZD2003Readings,kSMSZD2003Readings,source-attested-unreviewed
吭,zh-Hant-TW,kēng,,,false,unicode-unihan-17@17.0.0:kMandarin,kMandarin,source-attested-unreviewed
吭,zh-Hant-TW,háng,,,false,unicode-unihan-17@17.0.0:kHanyuPinyin,kHanyuPinyin,source-attested-unreviewed
吭,zh-Hant-TW,hàng,,,false,unicode-unihan-17@17.0.0:kHanyuPinyin,kHanyuPinyin,source-attested-unreviewed
廷,yue-HK,ting4,,,false,unicode-unihan-17@17.0.0:kCantonese,kCantonese,source-attested-unreviewed
廷,zh-Hant-TW,tíng,,,false,unicode-unihan-17@17.0.0:kMandarin,kMandarin,source-attested-unreviewed
拇,yue-HK,mou5,,,false,unicode-unihan-17@17.0.0:kCantonese,kCantonese,source-attested-unreviewed
拇,zh-Hant-TW,mǔ,,,false,unicode-unihan-17@17.0.0:kMandarin,kMandarin,source-attested-unreviewed
拇,zh-Hant-TW,mu,attested-count:11,,false,unicode-unihan-17@17.0.0:kHanyuPinlu,kHanyuPinlu,source-attested-unreviewed
拎,yue-HK,ling1,,,false,unicode-unihan-17@17.0.0:kCantonese,kCantonese,source-attested-unreviewed
拎,zh-Hant-TW,līn,,,false,unicode-unihan-17@17.0.0:kMandarin,kMandarin,source-attested-unreviewed
拎,zh-Hant-TW,līng,,,false,unicode-unihan-17@17.0.0:kHanyuPinyin,kHanyuPinyin,source-attested-unreviewed
芹,yue-HK,kan4,,,false,unicode-unihan-17@17.0.0:kCantonese,kCantonese,source-attested-unreviewed
芹,zh-Hant-TW,qín,,,false,unicode-unihan-17@17.0.0:kMandarin,kMandarin,source-attested-unreviewed
侮,yue-HK,mou5,,,false,unicode-unihan-17@17.0.0:kCantonese,kCantonese,source-attested-unreviewed
侮,zh-Hant-TW,wǔ,,,false,unicode-unihan-17@17.0.0:kMandarin,kMandarin,source-attested-unreviewed
巷,yue-HK,hong6,,,false,unicode-unihan-17@17.0.0:kCantonese,kCantonese,source-attested-unreviewed
巷,yue-HK,hong2,mandarin-mapping:xiàng,,false,unicode-unihan-17@17.0.0:kSMSZD2003Readings,kSMSZD2003Readings,source-attested-unreviewed
巷,zh-Hant-TW,xiàng,,,false,unicode-unihan-17@17.0.0:kMandarin,kMandarin,source-attested-unreviewed
巷,zh-Hant-TW,hàng,,,false,unicode-unihan-17@17.0.0:kHanyuPinyin,kHanyuPinyin,source-attested-unreviewed
昧,yue-HK,mui6,,,false,unicode-unihan-17@17.0.0:kCantonese,kCantonese,source-attested-unreviewed
昧,zh-Hant-TW,mèi,,,false,unicode-unihan-17@17.0.0:kMandarin,kMandarin,source-attested-unreviewed
昧,zh-Hant-TW,wěn,,,false,unicode-unihan-17@17.0.0:kHanyuPinyin,kHanyuPinyin,source-attested-unreviewed
昧,zh-Hant-TW,mò,,,false,unicode-unihan-17@17.0.0:kHanyuPinyin,kHanyuPinyin,source-attested-unreviewed
耶,yue-HK,je4,,,false,unicode-unihan-17@17.0.0:kCantonese,kCantonese,source-attested-unreviewed
耶,zh-Hant-TW,yé,,,false,unicode-unihan-17@17.0.0:kMandarin,kMandarin,source-attested-unreviewed
耶,zh-Hant-TW,xié,,,false,unicode-unihan-17@17.0.0:kHanyuPinyin,kHanyuPinyin,source-attested-unreviewed
耶,zh-Hant-TW,yē,,,false,unicode-unihan-17@17.0.0:kHanyuPinyin,kHanyuPinyin,source-attested-unreviewed
胃,yue-HK,wai6,,,false,unicode-unihan-17@17.0.0:kCantonese,kCantonese,source-attested-unreviewed
胃,zh-Hant-TW,wèi,,,false,unicode-unihan-17@17.0.0:kMandarin,kMandarin,source-attested-unreviewed
倚,yue-HK,ji2,,,false,unicode-unihan-17@17.0.0:kCantonese,kCantonese,source-attested-unreviewed
倚,zh-Hant-TW,yǐ,,,false,unicode-unihan-17@17.0.0:kMandarin,kMandarin,source-attested-unreviewed
倚,zh-Hant-TW,jī,,,false,unicode-unihan-17@17.0.0:kHanyuPinyin,kHanyuPinyin,source-attested-unreviewed
倚,zh-Hant-TW,yī,,,false,unicode-unihan-17@17.0.0:kHanyuPinyin,kHanyuPinyin,source-attested-unreviewed
冤,yue-HK,jyun1,,,false,unicode-unihan-17@17.0.0:kCantonese,kCantonese,source-attested-unreviewed
冤,zh-Hant-TW,yuān,,,false,unicode-unihan-17@17.0.0:kMandarin,kMandarin,source-attested-unreviewed
峨,yue-HK,ngo4,,,false,unicode-unihan-17@17.0.0:kCantonese,kCantonese,source-attested-unreviewed
峨,zh-Hant-TW,é,,,false,unicode-unihan-17@17.0.0:kMandarin,kMandarin,source-attested-unreviewed
矩,yue-HK,geoi2,,,false,unicode-unihan-17@17.0.0:kCantonese,kCantonese,source-attested-unreviewed
矩,zh-Hant-TW,jǔ,,,false,unicode-unihan-17@17.0.0:kMandarin,kMandarin,source-attested-unreviewed
矩,zh-Hant-TW,ju,attested-count:29,,false,unicode-unihan-17@17.0.0:kHanyuPinlu,kHanyuPinlu,source-attested-unreviewed
砸,yue-HK,zaap3,,,false,unicode-unihan-17@17.0.0:kCantonese,kCantonese,source-attested-unreviewed
砸,zh-Hant-TW,zá,,,false,unicode-unihan-17@17.0.0:kMandarin,kMandarin,source-attested-unreviewed
娶,yue-HK,ceoi2,,,false,unicode-unihan-17@17.0.0:kCantonese,kCantonese,source-attested-unreviewed
娶,zh-Hant-TW,qǔ,,,false,unicode-unihan-17@17.0.0:kMandarin,kMandarin,source-attested-unreviewed
娶,zh-Hant-TW,jū,,,false,unicode-unihan-17@17.0.0:kHanyuPinyin,kHanyuPinyin,source-attested-unreviewed
娶,zh-Hant-TW,shū,,,false,unicode-unihan-17@17.0.0:kHanyuPinyin,kHanyuPinyin,source-attested-unreviewed
淙,yue-HK,cung4,,,false,unicode-unihan-17@17.0.0:kCantonese,kCantonese,source-attested-unreviewed
淙,zh-Hant-TW,cóng,,,false,unicode-unihan-17@17.0.0:kMandarin,kMandarin,source-attested-unreviewed
淙,zh-Hant-TW,shuàng,,,false,unicode-unihan-17@17.0.0:kHanyuPinyin,kHanyuPinyin,source-attested-unreviewed
笙,yue-HK,sang1,,,false,unicode-unihan-17@17.0.0:kCantonese,kCantonese,source-attested-unreviewed
笙,zh-Hant-TW,shēng,,,false,unicode-unihan-17@17.0.0:kMandarin,kMandarin,source-attested-unreviewed
莉,yue-HK,lei6,,,false,unicode-unihan-17@17.0.0:kCantonese,kCantonese,source-attested-unreviewed
莉,zh-Hant-TW,lì,,,false,unicode-unihan-17@17.0.0:kMandarin,kMandarin,source-attested-unreviewed
莉,zh-Hant-TW,lí,,,false,unicode-unihan-17@17.0.0:kHanyuPinyin,kHanyuPinyin,source-attested-unreviewed
莉,zh-Hant-TW,chí,,,false,unicode-unihan-17@17.0.0:kHanyuPinyin,kHanyuPinyin,source-attested-unreviewed
喃,yue-HK,naam4,,,false,unicode-unihan-17@17.0.0:kCantonese,kCantonese,source-attested-unreviewed
喃,zh-Hant-TW,nán,,,false,unicode-unihan-17@17.0.0:kMandarin,kMandarin,source-attested-unreviewed
喃,zh-Hant-TW,nǎn,,,false,unicode-unihan-17@17.0.0:kHanyuPinyin,kHanyuPinyin,source-attested-unreviewed
喉,yue-HK,hau4,,,false,unicode-unihan-17@17.0.0:kCantonese,kCantonese,source-attested-unreviewed
喉,zh-Hant-TW,hóu,,,false,unicode-unihan-17@17.0.0:kMandarin,kMandarin,source-attested-unreviewed
堪,yue-HK,ham1,,,false,unicode-unihan-17@17.0.0:kCantonese,kCantonese,source-attested-unreviewed
堪,zh-Hant-TW,kān,,,false,unicode-unihan-17@17.0.0:kMandarin,kMandarin,source-attested-unreviewed
堪,zh-Hant-TW,chěn,,,false,unicode-unihan-17@17.0.0:kHanyuPinyin,kHanyuPinyin,source-attested-unreviewed
惠,yue-HK,wai6,,,false,unicode-unihan-17@17.0.0:kCantonese,kCantonese,source-attested-unreviewed
惠,zh-Hant-TW,huì,,,false,unicode-unihan-17@17.0.0:kMandarin,kMandarin,source-attested-unreviewed
棍,yue-HK,gwan3,,,false,unicode-unihan-17@17.0.0:kCantonese,kCantonese,source-attested-unreviewed
棍,zh-Hant-TW,gùn,,,false,unicode-unihan-17@17.0.0:kMandarin,kMandarin,source-attested-unreviewed
棍,zh-Hant-TW,hùn,,,false,unicode-unihan-17@17.0.0:kHanyuPinyin,kHanyuPinyin,source-attested-unreviewed
棍,zh-Hant-TW,āo,,,false,unicode-unihan-17@17.0.0:kHanyuPinyin,kHanyuPinyin,source-attested-unreviewed
棍,zh-Hant-TW,gǔn,,,false,unicode-unihan-17@17.0.0:kHanyuPinyin,kHanyuPinyin,source-attested-unreviewed
琦,yue-HK,kei4,,,false,unicode-unihan-17@17.0.0:kCantonese,kCantonese,source-attested-unreviewed
琦,zh-Hant-TW,qí,,,false,unicode-unihan-17@17.0.0:kMandarin,kMandarin,source-attested-unreviewed
脾,yue-HK,pei4,,,false,unicode-unihan-17@17.0.0:kCantonese,kCantonese,source-attested-unreviewed
脾,zh-Hant-TW,pí,,,false,unicode-unihan-17@17.0.0:kMandarin,kMandarin,source-attested-unreviewed
脾,zh-Hant-TW,pái,,,false,unicode-unihan-17@17.0.0:kHanyuPinyin,kHanyuPinyin,source-attested-unreviewed
脾,zh-Hant-TW,bì,,,false,unicode-unihan-17@17.0.0:kHanyuPinyin,kHanyuPinyin,source-attested-unreviewed
脾,zh-Hant-TW,pì,,,false,unicode-unihan-17@17.0.0:kHanyuPinyin,kHanyuPinyin,source-attested-unreviewed
蛤,yue-HK,gap3,,,false,unicode-unihan-17@17.0.0:kCantonese,kCantonese,source-attested-unreviewed
蛤,yue-HK,haa1,mandarin-mapping:há,,false,unicode-unihan-17@17.0.0:kSMSZD2003Readings,kSMSZD2003Readings,source-attested-unreviewed
蛤,yue-HK,haa4,mandarin-mapping:há,,false,unicode-unihan-17@17.0.0:kSMSZD2003Readings,kSMSZD2003Readings,source-attested-unreviewed
蛤,zh-Hant-TW,há,,,false,unicode-unihan-17@17.0.0:kMandarin,kMandarin,source-attested-unreviewed
蛤,zh-Hant-TW,gé,,,false,unicode-unihan-17@17.0.0:kHanyuPinyin,kHanyuPinyin,source-attested-unreviewed
蛤,zh-Hant-TW,hā,,,false,unicode-unihan-17@17.0.0:kHanyuPinyin,kHanyuPinyin,source-attested-unreviewed
蛤,zh-Hant-TW,é,,,false,unicode-unihan-17@17.0.0:kHanyuPinyin,kHanyuPinyin,source-attested-unreviewed
閒,yue-HK,haan4,,,false,unicode-unihan-17@17.0.0:kCantonese,kCantonese,source-attested-unreviewed
閒,zh-Hant-TW,xián,,,false,unicode-unihan-17@17.0.0:kMandarin,kMandarin,source-attested-unreviewed
閒,zh-Hant-TW,jiàn,,,false,unicode-unihan-17@17.0.0:kHanyuPinyin,kHanyuPinyin,source-attested-unreviewed
閒,zh-Hant-TW,jiān,,,false,unicode-unihan-17@17.0.0:kHanyuPinyin,kHanyuPinyin,source-attested-unreviewed
閒,zh-Hant-TW,jiǎn,,,false,unicode-unihan-17@17.0.0:kHanyuPinyin,kHanyuPinyin,source-attested-unreviewed
嫌,yue-HK,jim4,,,false,unicode-unihan-17@17.0.0:kCantonese,kCantonese,source-attested-unreviewed
嫌,zh-Hant-TW,xián,,,false,unicode-unihan-17@17.0.0:kMandarin,kMandarin,source-attested-unreviewed
暇,yue-HK,haa6,,,false,unicode-unihan-17@17.0.0:kCantonese,kCantonese,source-attested-unreviewed
暇,zh-Hant-TW,xiá,,,false,unicode-unihan-17@17.0.0:kMandarin,kMandarin,source-attested-unreviewed
暇,zh-Hant-TW,xià,,,false,unicode-unihan-17@17.0.0:kHanyuPinyin,kHanyuPinyin,source-attested-unreviewed
暇,zh-Hant-TW,jiǎ,,,false,unicode-unihan-17@17.0.0:kHanyuPinyin,kHanyuPinyin,source-attested-unreviewed
禽,yue-HK,kam4,,,false,unicode-unihan-17@17.0.0:kCantonese,kCantonese,source-attested-unreviewed
禽,zh-Hant-TW,qín,,,false,unicode-unihan-17@17.0.0:kMandarin,kMandarin,source-attested-unreviewed
稚,yue-HK,zi6,,,false,unicode-unihan-17@17.0.0:kCantonese,kCantonese,source-attested-unreviewed
稚,zh-Hant-TW,zhì,,,false,unicode-unihan-17@17.0.0:kMandarin,kMandarin,source-attested-unreviewed
粱,yue-HK,loeng4,,,false,unicode-unihan-17@17.0.0:kCantonese,kCantonese,source-attested-unreviewed
粱,zh-Hant-TW,liáng,,,false,unicode-unihan-17@17.0.0:kMandarin,kMandarin,source-attested-unreviewed
腮,yue-HK,soi1,,,false,unicode-unihan-17@17.0.0:kCantonese,kCantonese,source-attested-unreviewed
腮,zh-Hant-TW,sāi,,,false,unicode-unihan-17@17.0.0:kMandarin,kMandarin,source-attested-unreviewed
詢,yue-HK,seon1,,,false,unicode-unihan-17@17.0.0:kCantonese,kCantonese,source-attested-unreviewed
詢,zh-Hant-TW,xún,,,false,unicode-unihan-17@17.0.0:kMandarin,kMandarin,source-attested-unreviewed
閘,yue-HK,zaap6,,,false,unicode-unihan-17@17.0.0:kCantonese,kCantonese,source-attested-unreviewed
閘,zh-Hant-TW,zhá,,,false,unicode-unihan-17@17.0.0:kMandarin,kMandarin,source-attested-unreviewed
閘,zh-Hant-TW,yā,,,false,unicode-unihan-17@17.0.0:kHanyuPinyin,kHanyuPinyin,source-attested-unreviewed
閘,zh-Hant-TW,gē,,,false,unicode-unihan-17@17.0.0:kHanyuPinyin,kHanyuPinyin,source-attested-unreviewed
馱,yue-HK,to4,,,false,unicode-unihan-17@17.0.0:kCantonese,kCantonese,source-attested-unreviewed
馱,yue-HK,do6,mandarin-mapping:duò,,false,unicode-unihan-17@17.0.0:kSMSZD2003Readings,kSMSZD2003Readings,source-attested-unreviewed
馱,zh-Hant-TW,tuó,,,false,unicode-unihan-17@17.0.0:kMandarin,kMandarin,source-attested-unreviewed
馱,zh-Hant-TW,duò,,,false,unicode-unihan-17@17.0.0:kHanyuPinyin,kHanyuPinyin,source-attested-unreviewed
馱,zh-Hant-TW,dài,,,false,unicode-unihan-17@17.0.0:kHanyuPinyin,kHanyuPinyin,source-attested-unreviewed
嗽,yue-HK,sau3,,,false,unicode-unihan-17@17.0.0:kCantonese,kCantonese,source-attested-unreviewed
嗽,zh-Hant-TW,sòu,,,false,unicode-unihan-17@17.0.0:kMandarin,kMandarin,source-attested-unreviewed
嗽,zh-Hant-TW,sou,attested-count:39,,false,unicode-unihan-17@17.0.0:kHanyuPinlu,kHanyuPinlu,source-attested-unreviewed
嗽,zh-Hant-TW,shuò,,,false,unicode-unihan-17@17.0.0:kHanyuPinyin,kHanyuPinyin,source-attested-unreviewed
嗽,zh-Hant-TW,shù,,,false,unicode-unihan-17@17.0.0:kHanyuPinyin,kHanyuPinyin,source-attested-unreviewed
寨,yue-HK,zaai6,,,false,unicode-unihan-17@17.0.0:kCantonese,kCantonese,source-attested-unreviewed
寨,zh-Hant-TW,zhài,,,false,unicode-unihan-17@17.0.0:kMandarin,kMandarin,source-attested-unreviewed
寨,zh-Hant-TW,sè,,,false,unicode-unihan-17@17.0.0:kHanyuPinyin,kHanyuPinyin,source-attested-unreviewed
寨,zh-Hant-TW,qiān,,,false,unicode-unihan-17@17.0.0:kHanyuPinyin,kHanyuPinyin,source-attested-unreviewed
綴,yue-HK,zeoi3,,,false,unicode-unihan-17@17.0.0:kCantonese,kCantonese,source-attested-unreviewed
綴,yue-HK,zeoi6,mandarin-mapping:zhuì,,false,unicode-unihan-17@17.0.0:kSMSZD2003Readings,kSMSZD2003Readings,source-attested-unreviewed
綴,yue-HK,zyut3,mandarin-mapping:chuò,,false,unicode-unihan-17@17.0.0:kSMSZD2003Readings,kSMSZD2003Readings,source-attested-unreviewed
綴,zh-Hant-TW,zhuì,,,false,unicode-unihan-17@17.0.0:kMandarin,kMandarin,source-attested-unreviewed
綴,zh-Hant-TW,zhui,attested-count:14,,false,unicode-unihan-17@17.0.0:kHanyuPinlu,kHanyuPinlu,source-attested-unreviewed
綴,zh-Hant-TW,chuò,,,false,unicode-unihan-17@17.0.0:kHanyuPinyin,kHanyuPinyin,source-attested-unreviewed
舔,yue-HK,tim2,,,false,unicode-unihan-17@17.0.0:kCantonese,kCantonese,source-attested-unreviewed
舔,zh-Hant-TW,tiǎn,,,false,unicode-unihan-17@17.0.0:kMandarin,kMandarin,source-attested-unreviewed
舔,zh-Hant-TW,tān,,,false,unicode-unihan-17@17.0.0:kHanyuPinyin,kHanyuPinyin,source-attested-unreviewed
魁,yue-HK,fui1,,,false,unicode-unihan-17@17.0.0:kCantonese,kCantonese,source-attested-unreviewed
魁,zh-Hant-TW,kuí,,,false,unicode-unihan-17@17.0.0:kMandarin,kMandarin,source-attested-unreviewed
魁,zh-Hant-TW,kuǐ,,,false,unicode-unihan-17@17.0.0:kHanyuPinyin,kHanyuPinyin,source-attested-unreviewed
魁,zh-Hant-TW,kuài,,,false,unicode-unihan-17@17.0.0:kHanyuPinyin,kHanyuPinyin,source-attested-unreviewed
蔽,yue-HK,bai3,,,false,unicode-unihan-17@17.0.0:kCantonese,kCantonese,source-attested-unreviewed
蔽,zh-Hant-TW,bì,,,false,unicode-unihan-17@17.0.0:kMandarin,kMandarin,source-attested-unreviewed
蔽,zh-Hant-TW,biē,,,false,unicode-unihan-17@17.0.0:kHanyuPinyin,kHanyuPinyin,source-attested-unreviewed
蔽,zh-Hant-TW,piē,,,false,unicode-unihan-17@17.0.0:kHanyuPinyin,kHanyuPinyin,source-attested-unreviewed
魄,yue-HK,paak3,,,false,unicode-unihan-17@17.0.0:kCantonese,kCantonese,source-attested-unreviewed
魄,yue-HK,tok3,mandarin-mapping:tuò,,false,unicode-unihan-17@17.0.0:kSMSZD2003Readings,kSMSZD2003Readings,source-attested-unreviewed
魄,yue-HK,bok6,mandarin-mapping:bó,,false,unicode-unihan-17@17.0.0:kSMSZD2003Readings,kSMSZD2003Readings,source-attested-unreviewed
魄,zh-Hant-TW,pò,,,false,unicode-unihan-17@17.0.0:kMandarin,kMandarin,source-attested-unreviewed
魄,zh-Hant-TW,bó,,,false,unicode-unihan-17@17.0.0:kHanyuPinyin,kHanyuPinyin,source-attested-unreviewed
魄,zh-Hant-TW,tuò,,,false,unicode-unihan-17@17.0.0:kHanyuPinyin,kHanyuPinyin,source-attested-unreviewed
墾,yue-HK,han2,,,false,unicode-unihan-17@17.0.0:kCantonese,kCantonese,source-attested-unreviewed
墾,zh-Hant-TW,kěn,,,false,unicode-unihan-17@17.0.0:kMandarin,kMandarin,source-attested-unreviewed
熾,yue-HK,ci3,,,false,unicode-unihan-17@17.0.0:kCantonese,kCantonese,source-attested-unreviewed
熾,zh-Hant-TW,chì,,,false,unicode-unihan-17@17.0.0:kMandarin,kMandarin,source-attested-unreviewed
諾,yue-HK,nok6,,,false,unicode-unihan-17@17.0.0:kCantonese,kCantonese,source-attested-unreviewed
諾,zh-Hant-TW,nuò,,,false,unicode-unihan-17@17.0.0:kMandarin,kMandarin,source-attested-unreviewed
錦,yue-HK,gam2,,,false,unicode-unihan-17@17.0.0:kCantonese,kCantonese,source-attested-unreviewed
錦,zh-Hant-TW,jǐn,,,false,unicode-unihan-17@17.0.0:kMandarin,kMandarin,source-attested-unreviewed
霖,yue-HK,lam4,,,false,unicode-unihan-17@17.0.0:kCantonese,kCantonese,source-attested-unreviewed
霖,zh-Hant-TW,lín,,,false,unicode-unihan-17@17.0.0:kMandarin,kMandarin,source-attested-unreviewed
蟆,yue-HK,maa4,,,false,unicode-unihan-17@17.0.0:kCantonese,kCantonese,source-attested-unreviewed
蟆,yue-HK,mou1,mandarin-mapping:má,,false,unicode-unihan-17@17.0.0:kSMSZD2003Readings,kSMSZD2003Readings,source-attested-unreviewed
蟆,zh-Hant-TW,má,,,false,unicode-unihan-17@17.0.0:kMandarin,kMandarin,source-attested-unreviewed
蟆,zh-Hant-TW,ma,attested-count:12,,false,unicode-unihan-17@17.0.0:kHanyuPinlu,kHanyuPinlu,source-attested-unreviewed
蟆,zh-Hant-TW,mò,,,false,unicode-unihan-17@17.0.0:kHanyuPinyin,kHanyuPinyin,source-attested-unreviewed
璧,yue-HK,bik1,,,false,unicode-unihan-17@17.0.0:kCantonese,kCantonese,source-attested-unreviewed
璧,zh-Hant-TW,bì,,,false,unicode-unihan-17@17.0.0:kMandarin,kMandarin,source-attested-unreviewed
雛,yue-HK,co1,,,false,unicode-unihan-17@17.0.0:kCantonese,kCantonese,source-attested-unreviewed
雛,zh-Hant-TW,chú,,,false,unicode-unihan-17@17.0.0:kMandarin,kMandarin,source-attested-unreviewed
雛,zh-Hant-TW,jú,,,false,unicode-unihan-17@17.0.0:kHanyuPinyin,kHanyuPinyin,source-attested-unreviewed
雛,zh-Hant-TW,jù,,,false,unicode-unihan-17@17.0.0:kHanyuPinyin,kHanyuPinyin,source-attested-unreviewed
襟,yue-HK,kam1,,,false,unicode-unihan-17@17.0.0:kCantonese,kCantonese,source-attested-unreviewed
襟,zh-Hant-TW,jīn,,,false,unicode-unihan-17@17.0.0:kMandarin,kMandarin,source-attested-unreviewed
顛,yue-HK,din1,,,false,unicode-unihan-17@17.0.0:kCantonese,kCantonese,source-attested-unreviewed
顛,zh-Hant-TW,diān,,,false,unicode-unihan-17@17.0.0:kMandarin,kMandarin,source-attested-unreviewed
驅,yue-HK,keoi1,,,false,unicode-unihan-17@17.0.0:kCantonese,kCantonese,source-attested-unreviewed
驅,zh-Hant-TW,qū,,,false,unicode-unihan-17@17.0.0:kMandarin,kMandarin,source-attested-unreviewed
韁,yue-HK,goeng1,,,false,unicode-unihan-17@17.0.0:kCantonese,kCantonese,source-attested-unreviewed
韁,zh-Hant-TW,jiāng,,,false,unicode-unihan-17@17.0.0:kMandarin,kMandarin,source-attested-unreviewed
邏,yue-HK,lo4,,,false,unicode-unihan-17@17.0.0:kCantonese,kCantonese,source-attested-unreviewed
邏,zh-Hant-TW,luó,,,false,unicode-unihan-17@17.0.0:kMandarin,kMandarin,source-attested-unreviewed
邏,zh-Hant-TW,luò,,,false,unicode-unihan-17@17.0.0:kHanyuPinyin,kHanyuPinyin,source-attested-unreviewed
乞,yue-HK,hat1,,,false,unicode-unihan-17@17.0.0:kCantonese,kCantonese,source-attested-unreviewed
乞,zh-Hant-TW,qǐ,,,false,unicode-unihan-17@17.0.0:kMandarin,kMandarin,source-attested-unreviewed
乞,zh-Hant-TW,qì,,,false,unicode-unihan-17@17.0.0:kHanyuPinyin,kHanyuPinyin,source-attested-unreviewed
囚,yue-HK,cau4,,,false,unicode-unihan-17@17.0.0:kCantonese,kCantonese,source-attested-unreviewed
囚,zh-Hant-TW,qiú,,,false,unicode-unihan-17@17.0.0:kMandarin,kMandarin,source-attested-unreviewed
矛,yue-HK,maau4,,,false,unicode-unihan-17@17.0.0:kCantonese,kCantonese,source-attested-unreviewed
矛,zh-Hant-TW,máo,,,false,unicode-unihan-17@17.0.0:kMandarin,kMandarin,source-attested-unreviewed
汝,yue-HK,jyu5,,,false,unicode-unihan-17@17.0.0:kCantonese,kCantonese,source-attested-unreviewed
汝,zh-Hant-TW,rǔ,,,false,unicode-unihan-17@17.0.0:kMandarin,kMandarin,source-attested-unreviewed
灶,yue-HK,zou3,,,false,unicode-unihan-17@17.0.0:kCantonese,kCantonese,source-attested-unreviewed
灶,zh-Hant-TW,zào,,,false,unicode-unihan-17@17.0.0:kMandarin,kMandarin,source-attested-unreviewed
牡,yue-HK,maau5,,,false,unicode-unihan-17@17.0.0:kCantonese,kCantonese,source-attested-unreviewed
牡,zh-Hant-TW,mǔ,,,false,unicode-unihan-17@17.0.0:kMandarin,kMandarin,source-attested-unreviewed
呻,yue-HK,san1,,,false,unicode-unihan-17@17.0.0:kCantonese,kCantonese,source-attested-unreviewed
呻,zh-Hant-TW,shēn,,,false,unicode-unihan-17@17.0.0:kMandarin,kMandarin,source-attested-unreviewed
拌,yue-HK,bun6,,,false,unicode-unihan-17@17.0.0:kCantonese,kCantonese,source-attested-unreviewed
拌,zh-Hant-TW,bàn,,,false,unicode-unihan-17@17.0.0:kMandarin,kMandarin,source-attested-unreviewed
拌,zh-Hant-TW,pān,,,false,unicode-unihan-17@17.0.0:kHanyuPinyin,kHanyuPinyin,source-attested-unreviewed
秉,yue-HK,bing2,,,false,unicode-unihan-17@17.0.0:kCantonese,kCantonese,source-attested-unreviewed
秉,zh-Hant-TW,bǐng,,,false,unicode-unihan-17@17.0.0:kMandarin,kMandarin,source-attested-unreviewed
肪,yue-HK,fong1,,,false,unicode-unihan-17@17.0.0:kCantonese,kCantonese,source-attested-unreviewed
肪,zh-Hant-TW,fáng,,,false,unicode-unihan-17@17.0.0:kMandarin,kMandarin,source-attested-unreviewed
陀,yue-HK,to4,,,false,unicode-unihan-17@17.0.0:kCantonese,kCantonese,source-attested-unreviewed
陀,zh-Hant-TW,tuó,,,false,unicode-unihan-17@17.0.0:kMandarin,kMandarin,source-attested-unreviewed
陀,zh-Hant-TW,duò,,,false,unicode-unihan-17@17.0.0:kHanyuPinyin,kHanyuPinyin,source-attested-unreviewed
哀,yue-HK,oi1,,,false,unicode-unihan-17@17.0.0:kCantonese,kCantonese,source-attested-unreviewed
哀,zh-Hant-TW,āi,,,false,unicode-unihan-17@17.0.0:kMandarin,kMandarin,source-attested-unreviewed
奕,yue-HK,jik6,,,false,unicode-unihan-17@17.0.0:kCantonese,kCantonese,source-attested-unreviewed
奕,zh-Hant-TW,yì,,,false,unicode-unihan-17@17.0.0:kMandarin,kMandarin,source-attested-unreviewed
拱,yue-HK,gung2,,,false,unicode-unihan-17@17.0.0:kCantonese,kCantonese,source-attested-unreviewed
拱,zh-Hant-TW,gǒng,,,false,unicode-unihan-17@17.0.0:kMandarin,kMandarin,source-attested-unreviewed
拱,zh-Hant-TW,jú,,,false,unicode-unihan-17@17.0.0:kHanyuPinyin,kHanyuPinyin,source-attested-unreviewed
盾,yue-HK,teon5,,,false,unicode-unihan-17@17.0.0:kCantonese,kCantonese,source-attested-unreviewed
盾,zh-Hant-TW,dùn,,,false,unicode-unihan-17@17.0.0:kMandarin,kMandarin,source-attested-unreviewed
盾,zh-Hant-TW,shǔn,,,false,unicode-unihan-17@17.0.0:kHanyuPinyin,kHanyuPinyin,source-attested-unreviewed
盾,zh-Hant-TW,yǔn,,,false,unicode-unihan-17@17.0.0:kHanyuPinyin,kHanyuPinyin,source-attested-unreviewed
苔,yue-HK,toi4,,,false,unicode-unihan-17@17.0.0:kCantonese,kCantonese,source-attested-unreviewed
苔,yue-HK,toi1,mandarin-mapping:tāi,,false,unicode-unihan-17@17.0.0:kSMSZD2003Readings,kSMSZD2003Readings,source-attested-unreviewed
苔,zh-Hant-TW,tái,,,false,unicode-unihan-17@17.0.0:kMandarin,kMandarin,source-attested-unreviewed
苔,zh-Hant-TW,tāi,,,false,unicode-unihan-17@17.0.0:kHanyuPinyin,kHanyuPinyin,source-attested-unreviewed
苟,yue-HK,gau2,,,false,unicode-unihan-17@17.0.0:kCantonese,kCantonese,source-attested-unreviewed
苟,zh-Hant-TW,gǒu,,,false,unicode-unihan-17@17.0.0:kMandarin,kMandarin,source-attested-unreviewed
苟,zh-Hant-TW,gōu,,,false,unicode-unihan-17@17.0.0:kHanyuPinyin,kHanyuPinyin,source-attested-unreviewed
倦,yue-HK,gyun6,,,false,unicode-unihan-17@17.0.0:kCantonese,kCantonese,source-attested-unreviewed
倦,zh-Hant-TW,juàn,,,false,unicode-unihan-17@17.0.0:kMandarin,kMandarin,source-attested-unreviewed
砲,yue-HK,paau3,,,false,unicode-unihan-17@17.0.0:kCantonese,kCantonese,source-attested-unreviewed
砲,zh-Hant-TW,pào,,,false,unicode-unihan-17@17.0.0:kMandarin,kMandarin,source-attested-unreviewed
砲,zh-Hant-TW,báo,,,false,unicode-unihan-17@17.0.0:kHanyuPinyin,kHanyuPinyin,source-attested-unreviewed
砲,zh-Hant-TW,pū,,,false,unicode-unihan-17@17.0.0:kHanyuPinyin,kHanyuPinyin,source-attested-unreviewed
紐,yue-HK,nau2,,,false,unicode-unihan-17@17.0.0:kCantonese,kCantonese,source-attested-unreviewed
紐,zh-Hant-TW,niǔ,,,false,unicode-unihan-17@17.0.0:kMandarin,kMandarin,source-attested-unreviewed
茵,yue-HK,jan1,,,false,unicode-unihan-17@17.0.0:kCantonese,kCantonese,source-attested-unreviewed
茵,zh-Hant-TW,yīn,,,false,unicode-unihan-17@17.0.0:kMandarin,kMandarin,source-attested-unreviewed
豺,yue-HK,caai4,,,false,unicode-unihan-17@17.0.0:kCantonese,kCantonese,source-attested-unreviewed
豺,zh-Hant-TW,chái,,,false,unicode-unihan-17@17.0.0:kMandarin,kMandarin,source-attested-unreviewed
釗,yue-HK,ciu1,,,false,unicode-unihan-17@17.0.0:kCantonese,kCantonese,source-attested-unreviewed
釗,zh-Hant-TW,zhāo,,,false,unicode-unihan-17@17.0.0:kMandarin,kMandarin,source-attested-unreviewed
偵,yue-HK,zing1,,,false,unicode-unihan-17@17.0.0:kCantonese,kCantonese,source-attested-unreviewed
偵,zh-Hant-TW,zhēn,,,false,unicode-unihan-17@17.0.0:kMandarin,kMandarin,source-attested-unreviewed
偵,zh-Hant-TW,zhēng,,,false,unicode-unihan-17@17.0.0:kHanyuPinyin,kHanyuPinyin,source-attested-unreviewed
婉,yue-HK,jyun2,,,false,unicode-unihan-17@17.0.0:kCantonese,kCantonese,source-attested-unreviewed
婉,zh-Hant-TW,wǎn,,,false,unicode-unihan-17@17.0.0:kMandarin,kMandarin,source-attested-unreviewed
婪,yue-HK,laam4,,,false,unicode-unihan-17@17.0.0:kCantonese,kCantonese,source-attested-unreviewed
婪,zh-Hant-TW,lán,,,false,unicode-unihan-17@17.0.0:kMandarin,kMandarin,source-attested-unreviewed
婪,zh-Hant-TW,lǎn,,,false,unicode-unihan-17@17.0.0:kHanyuPinyin,kHanyuPinyin,source-attested-unreviewed
崔,yue-HK,ceoi1,,,false,unicode-unihan-17@17.0.0:kCantonese,kCantonese,source-attested-unreviewed
崔,zh-Hant-TW,cuī,,,false,unicode-unihan-17@17.0.0:kMandarin,kMandarin,source-attested-unreviewed
掄,yue-HK,leon4,,,false,unicode-unihan-17@17.0.0:kCantonese,kCantonese,source-attested-unreviewed
掄,zh-Hant-TW,lūn,,,false,unicode-unihan-17@17.0.0:kMandarin,kMandarin,source-attested-unreviewed
掄,zh-Hant-TW,lún,,,false,unicode-unihan-17@17.0.0:kHanyuPinyin,kHanyuPinyin,source-attested-unreviewed
梗,yue-HK,gang2,,,false,unicode-unihan-17@17.0.0:kCantonese,kCantonese,source-attested-unreviewed
梗,zh-Hant-TW,gěng,,,false,unicode-unihan-17@17.0.0:kMandarin,kMandarin,source-attested-unreviewed
梆,yue-HK,bong1,,,false,unicode-unihan-17@17.0.0:kCantonese,kCantonese,source-attested-unreviewed
梆,zh-Hant-TW,bāng,,,false,unicode-unihan-17@17.0.0:kMandarin,kMandarin,source-attested-unreviewed
淌,yue-HK,tong2,,,false,unicode-unihan-17@17.0.0:kCantonese,kCantonese,source-attested-unreviewed
淌,zh-Hant-TW,tǎng,,,false,unicode-unihan-17@17.0.0:kMandarin,kMandarin,source-attested-unreviewed
淌,zh-Hant-TW,chàng,,,false,unicode-unihan-17@17.0.0:kHanyuPinyin,kHanyuPinyin,source-attested-unreviewed
淌,zh-Hant-TW,chǎng,,,false,unicode-unihan-17@17.0.0:kHanyuPinyin,kHanyuPinyin,source-attested-unreviewed
嵌,yue-HK,ham3,,,false,unicode-unihan-17@17.0.0:kCantonese,kCantonese,source-attested-unreviewed
嵌,yue-HK,ham6,mandarin-mapping:qiàn,,false,unicode-unihan-17@17.0.0:kSMSZD2003Readings,kSMSZD2003Readings,source-attested-unreviewed
嵌,zh-Hant-TW,qiàn,,,false,unicode-unihan-17@17.0.0:kMandarin,kMandarin,source-attested-unreviewed
嵌,zh-Hant-TW,hǎn,,,false,unicode-unihan-17@17.0.0:kHanyuPinyin,kHanyuPinyin,source-attested-unreviewed
嵌,zh-Hant-TW,kàn,,,false,unicode-unihan-17@17.0.0:kHanyuPinyin,kHanyuPinyin,source-attested-unreviewed
廂,yue-HK,soeng1,,,false,unicode-unihan-17@17.0.0:kCantonese,kCantonese,source-attested-unreviewed
廂,zh-Hant-TW,xiāng,,,false,unicode-unihan-17@17.0.0:kMandarin,kMandarin,source-attested-unreviewed
惱,yue-HK,nou5,,,false,unicode-unihan-17@17.0.0:kCantonese,kCantonese,source-attested-unreviewed
惱,zh-Hant-TW,nǎo,,,false,unicode-unihan-17@17.0.0:kMandarin,kMandarin,source-attested-unreviewed
湘,yue-HK,soeng1,,,false,unicode-unihan-17@17.0.0:kCantonese,kCantonese,source-attested-unreviewed
湘,zh-Hant-TW,xiāng,,,false,unicode-unihan-17@17.0.0:kMandarin,kMandarin,source-attested-unreviewed
盜,yue-HK,dou6,,,false,unicode-unihan-17@17.0.0:kCantonese,kCantonese,source-attested-unreviewed
盜,zh-Hant-TW,dào,,,false,unicode-unihan-17@17.0.0:kMandarin,kMandarin,source-attested-unreviewed
菲,yue-HK,fei2,,,false,unicode-unihan-17@17.0.0:kCantonese,kCantonese,source-attested-unreviewed
菲,yue-HK,fei1,mandarin-mapping:fēi,,false,unicode-unihan-17@17.0.0:kSMSZD2003Readings,kSMSZD2003Readings,source-attested-unreviewed
菲,zh-Hant-TW,fēi,,,false,unicode-unihan-17@17.0.0:kMandarin,kMandarin,source-attested-unreviewed
菲,zh-Hant-TW,fěi,,,false,unicode-unihan-17@17.0.0:kHanyuPinyin,kHanyuPinyin,source-attested-unreviewed
菲,zh-Hant-TW,fèi,,,false,unicode-unihan-17@17.0.0:kHanyuPinyin,kHanyuPinyin,source-attested-unreviewed
雅,yue-HK,ngaa5,,,false,unicode-unihan-17@17.0.0:kCantonese,kCantonese,source-attested-unreviewed
雅,zh-Hant-TW,yǎ,,,false,unicode-unihan-17@17.0.0:kMandarin,kMandarin,source-attested-unreviewed
雅,zh-Hant-TW,yā,,,false,unicode-unihan-17@17.0.0:kHanyuPinyin,kHanyuPinyin,source-attested-unreviewed
雅,zh-Hant-TW,yá,,,false,unicode-unihan-17@17.0.0:kHanyuPinyin,kHanyuPinyin,source-attested-unreviewed
催,yue-HK,ceoi1,,,false,unicode-unihan-17@17.0.0:kCantonese,kCantonese,source-attested-unreviewed
催,zh-Hant-TW,cuī,,,false,unicode-unihan-17@17.0.0:kMandarin,kMandarin,source-attested-unreviewed
媳,yue-HK,sik1,,,false,unicode-unihan-17@17.0.0:kCantonese,kCantonese,source-attested-unreviewed
媳,zh-Hant-TW,xí,,,false,unicode-unihan-17@17.0.0:kMandarin,kMandarin,source-attested-unreviewed
搗,yue-HK,dou2,,,false,unicode-unihan-17@17.0.0:kCantonese,kCantonese,source-attested-unreviewed
搗,zh-Hant-TW,dǎo,,,false,unicode-unihan-17@17.0.0:kMandarin,kMandarin,source-attested-unreviewed
煌,yue-HK,wong4,,,false,unicode-unihan-17@17.0.0:kCantonese,kCantonese,source-attested-unreviewed
煌,zh-Hant-TW,huáng,,,false,unicode-unihan-17@17.0.0:kMandarin,kMandarin,source-attested-unreviewed
痰,yue-HK,taam4,,,false,unicode-unihan-17@17.0.0:kCantonese,kCantonese,source-attested-unreviewed
痰,zh-Hant-TW,tán,,,false,unicode-unihan-17@17.0.0:kMandarin,kMandarin,source-attested-unreviewed
筷,yue-HK,faai3,,,false,unicode-unihan-17@17.0.0:kCantonese,kCantonese,source-attested-unreviewed
筷,zh-Hant-TW,kuài,,,false,unicode-unihan-17@17.0.0:kMandarin,kMandarin,source-attested-unreviewed
虜,yue-HK,lou5,,,false,unicode-unihan-17@17.0.0:kCantonese,kCantonese,source-attested-unreviewed
虜,zh-Hant-TW,lǔ,,,false,unicode-unihan-17@17.0.0:kMandarin,kMandarin,source-attested-unreviewed
違,yue-HK,wai4,,,false,unicode-unihan-17@17.0.0:kCantonese,kCantonese,source-attested-unreviewed
違,zh-Hant-TW,wéi,,,false,unicode-unihan-17@17.0.0:kMandarin,kMandarin,source-attested-unreviewed
違,zh-Hant-TW,huí,,,false,unicode-unihan-17@17.0.0:kHanyuPinyin,kHanyuPinyin,source-attested-unreviewed
鈸,yue-HK,bat6,,,false,unicode-unihan-17@17.0.0:kCantonese,kCantonese,source-attested-unreviewed
鈸,zh-Hant-TW,bó,,,false,unicode-unihan-17@17.0.0:kMandarin,kMandarin,source-attested-unreviewed
鳩,yue-HK,gau1,,,false,unicode-unihan-17@17.0.0:kCantonese,kCantonese,source-attested-unreviewed
鳩,yue-HK,kau1,mandarin-mapping:jiū,,false,unicode-unihan-17@17.0.0:kSMSZD2003Readings,kSMSZD2003Readings,source-attested-unreviewed
鳩,zh-Hant-TW,jiū,,,false,unicode-unihan-17@17.0.0:kMandarin,kMandarin,source-attested-unreviewed
鳩,zh-Hant-TW,qiú,,,false,unicode-unihan-17@17.0.0:kHanyuPinyin,kHanyuPinyin,source-attested-unreviewed
鳩,zh-Hant-TW,zhì,,,false,unicode-unihan-17@17.0.0:kHanyuPinyin,kHanyuPinyin,source-attested-unreviewed
廓,yue-HK,gwok3,,,false,unicode-unihan-17@17.0.0:kCantonese,kCantonese,source-attested-unreviewed
廓,yue-HK,kwok3,mandarin-mapping:kuò,,false,unicode-unihan-17@17.0.0:kSMSZD2003Readings,kSMSZD2003Readings,source-attested-unreviewed
廓,zh-Hant-TW,kuò,,,false,unicode-unihan-17@17.0.0:kMandarin,kMandarin,source-attested-unreviewed
摟,yue-HK,lau1,,,false,unicode-unihan-17@17.0.0:kCantonese,kCantonese,source-attested-unreviewed
摟,yue-HK,lau2,mandarin-mapping:lǒu,,false,unicode-unihan-17@17.0.0:kSMSZD2003Readings,kSMSZD2003Readings,source-attested-unreviewed
摟,zh-Hant-TW,lǒu,,,false,unicode-unihan-17@17.0.0:kMandarin,kMandarin,source-attested-unreviewed
摟,zh-Hant-TW,lōu,,,false,unicode-unihan-17@17.0.0:kHanyuPinyin,kHanyuPinyin,source-attested-unreviewed
瞄,yue-HK,miu4,,,false,unicode-unihan-17@17.0.0:kCantonese,kCantonese,source-attested-unreviewed
瞄,zh-Hant-TW,miáo,,,false,unicode-unihan-17@17.0.0:kMandarin,kMandarin,source-attested-unreviewed
竭,yue-HK,kit3,,,false,unicode-unihan-17@17.0.0:kCantonese,kCantonese,source-attested-unreviewed
竭,zh-Hant-TW,jié,,,false,unicode-unihan-17@17.0.0:kMandarin,kMandarin,source-attested-unreviewed
裸,yue-HK,lo2,,,false,unicode-unihan-17@17.0.0:kCantonese,kCantonese,source-attested-unreviewed
裸,zh-Hant-TW,luǒ,,,false,unicode-unihan-17@17.0.0:kMandarin,kMandarin,source-attested-unreviewed
魂,yue-HK,wan4,,,false,unicode-unihan-17@17.0.0:kCantonese,kCantonese,source-attested-unreviewed
魂,zh-Hant-TW,hún,,,false,unicode-unihan-17@17.0.0:kMandarin,kMandarin,source-attested-unreviewed
膛,yue-HK,tong4,,,false,unicode-unihan-17@17.0.0:kCantonese,kCantonese,source-attested-unreviewed
膛,zh-Hant-TW,táng,,,false,unicode-unihan-17@17.0.0:kMandarin,kMandarin,source-attested-unreviewed
膛,zh-Hant-TW,tāng,,,false,unicode-unihan-17@17.0.0:kHanyuPinyin,kHanyuPinyin,source-attested-unreviewed
膝,yue-HK,sat1,,,false,unicode-unihan-17@17.0.0:kCantonese,kCantonese,source-attested-unreviewed
膝,zh-Hant-TW,xī,,,false,unicode-unihan-17@17.0.0:kMandarin,kMandarin,source-attested-unreviewed
遨,yue-HK,ngou4,,,false,unicode-unihan-17@17.0.0:kCantonese,kCantonese,source-attested-unreviewed
遨,yue-HK,ngou6,mandarin-mapping:áo,,false,unicode-unihan-17@17.0.0:kSMSZD2003Readings,kSMSZD2003Readings,source-attested-unreviewed
遨,zh-Hant-TW,áo,,,false,unicode-unihan-17@17.0.0:kMandarin,kMandarin,source-attested-unreviewed
橙,yue-HK,caang2,,,false,unicode-unihan-17@17.0.0:kCantonese,kCantonese,source-attested-unreviewed
橙,yue-HK,caang4,mandarin-mapping:chéng,,false,unicode-unihan-17@17.0.0:kSMSZD2003Readings,kSMSZD2003Readings,source-attested-unreviewed
橙,zh-Hant-TW,chéng,,,false,unicode-unihan-17@17.0.0:kMandarin,kMandarin,source-attested-unreviewed
橙,zh-Hant-TW,dèng,,,false,unicode-unihan-17@17.0.0:kHanyuPinyin,kHanyuPinyin,source-attested-unreviewed
橢,yue-HK,to5,,,false,unicode-unihan-17@17.0.0:kCantonese,kCantonese,source-attested-unreviewed
橢,zh-Hant-TW,tuǒ,,,false,unicode-unihan-17@17.0.0:kMandarin,kMandarin,source-attested-unreviewed
橢,zh-Hant-TW,duǒ,,,false,unicode-unihan-17@17.0.0:kHanyuPinyin,kHanyuPinyin,source-attested-unreviewed
澳,yue-HK,ou3,,,false,unicode-unihan-17@17.0.0:kCantonese,kCantonese,source-attested-unreviewed
澳,zh-Hant-TW,ào,,,false,unicode-unihan-17@17.0.0:kMandarin,kMandarin,source-attested-unreviewed
澳,zh-Hant-TW,yù,,,false,unicode-unihan-17@17.0.0:kHanyuPinyin,kHanyuPinyin,source-attested-unreviewed
膩,yue-HK,nei6,,,false,unicode-unihan-17@17.0.0:kCantonese,kCantonese,source-attested-unreviewed
膩,zh-Hant-TW,nì,,,false,unicode-unihan-17@17.0.0:kMandarin,kMandarin,source-attested-unreviewed
膨,yue-HK,paang4,,,false,unicode-unihan-17@17.0.0:kCantonese,kCantonese,source-attested-unreviewed
膨,zh-Hant-TW,péng,,,false,unicode-unihan-17@17.0.0:kMandarin,kMandarin,source-attested-unreviewed
膨,zh-Hant-TW,pèng,,,false,unicode-unihan-17@17.0.0:kHanyuPinyin,kHanyuPinyin,source-attested-unreviewed
諫,yue-HK,gaan3,,,false,unicode-unihan-17@17.0.0:kCantonese,kCantonese,source-attested-unreviewed
諫,zh-Hant-TW,jiàn,,,false,unicode-unihan-17@17.0.0:kMandarin,kMandarin,source-attested-unreviewed
諫,zh-Hant-TW,làn,,,false,unicode-unihan-17@17.0.0:kHanyuPinyin,kHanyuPinyin,source-attested-unreviewed
骼,yue-HK,gaak3,,,false,unicode-unihan-17@17.0.0:kCantonese,kCantonese,source-attested-unreviewed
骼,zh-Hant-TW,gé,,,false,unicode-unihan-17@17.0.0:kMandarin,kMandarin,source-attested-unreviewed
擰,yue-HK,ning6,,,false,unicode-unihan-17@17.0.0:kCantonese,kCantonese,source-attested-unreviewed
擰,zh-Hant-TW,níng,,,false,unicode-unihan-17@17.0.0:kMandarin,kMandarin,source-attested-unreviewed
擰,zh-Hant-TW,nǐng,,,false,unicode-unihan-17@17.0.0:kHanyuPinyin,kHanyuPinyin,source-attested-unreviewed
擰,zh-Hant-TW,nìng,,,false,unicode-unihan-17@17.0.0:kHanyuPinyin,kHanyuPinyin,source-attested-unreviewed
篷,yue-HK,pung4,,,false,unicode-unihan-17@17.0.0:kCantonese,kCantonese,source-attested-unreviewed
篷,zh-Hant-TW,péng,,,false,unicode-unihan-17@17.0.0:kMandarin,kMandarin,source-attested-unreviewed
篷,zh-Hant-TW,peng,attested-count:23,,false,unicode-unihan-17@17.0.0:kHanyuPinlu,kHanyuPinlu,source-attested-unreviewed
賺,yue-HK,zaan6,,,false,unicode-unihan-17@17.0.0:kCantonese,kCantonese,source-attested-unreviewed
賺,zh-Hant-TW,zhuàn,,,false,unicode-unihan-17@17.0.0:kMandarin,kMandarin,source-attested-unreviewed
賺,zh-Hant-TW,zuàn,,,false,unicode-unihan-17@17.0.0:kHanyuPinyin,kHanyuPinyin,source-attested-unreviewed
擾,yue-HK,jiu2,,,false,unicode-unihan-17@17.0.0:kCantonese,kCantonese,source-attested-unreviewed
擾,zh-Hant-TW,rǎo,,,false,unicode-unihan-17@17.0.0:kMandarin,kMandarin,source-attested-unreviewed
瞿,yue-HK,keoi4,,,false,unicode-unihan-17@17.0.0:kCantonese,kCantonese,source-attested-unreviewed
瞿,zh-Hant-TW,qú,,,false,unicode-unihan-17@17.0.0:kMandarin,kMandarin,source-attested-unreviewed
瞿,zh-Hant-TW,jù,,,false,unicode-unihan-17@17.0.0:kHanyuPinyin,kHanyuPinyin,source-attested-unreviewed
瞿,zh-Hant-TW,jí,,,false,unicode-unihan-17@17.0.0:kHanyuPinyin,kHanyuPinyin,source-attested-unreviewed
簫,yue-HK,siu1,,,false,unicode-unihan-17@17.0.0:kCantonese,kCantonese,source-attested-unreviewed
簫,zh-Hant-TW,xiāo,,,false,unicode-unihan-17@17.0.0:kMandarin,kMandarin,source-attested-unreviewed
簫,zh-Hant-TW,xiǎo,,,false,unicode-unihan-17@17.0.0:kHanyuPinyin,kHanyuPinyin,source-attested-unreviewed
闖,yue-HK,cong2,,,false,unicode-unihan-17@17.0.0:kCantonese,kCantonese,source-attested-unreviewed
闖,zh-Hant-TW,chuǎng,,,false,unicode-unihan-17@17.0.0:kMandarin,kMandarin,source-attested-unreviewed
闖,zh-Hant-TW,chèn,,,false,unicode-unihan-17@17.0.0:kHanyuPinyin,kHanyuPinyin,source-attested-unreviewed
曠,yue-HK,kwong3,,,false,unicode-unihan-17@17.0.0:kCantonese,kCantonese,source-attested-unreviewed
曠,yue-HK,kong3,mandarin-mapping:kuàng,,false,unicode-unihan-17@17.0.0:kSMSZD2003Readings,kSMSZD2003Readings,source-attested-unreviewed
曠,zh-Hant-TW,kuàng,,,false,unicode-unihan-17@17.0.0:kMandarin,kMandarin,source-attested-unreviewed
蟹,yue-HK,haai5,,,false,unicode-unihan-17@17.0.0:kCantonese,kCantonese,source-attested-unreviewed
蟹,zh-Hant-TW,xiè,,,false,unicode-unihan-17@17.0.0:kMandarin,kMandarin,source-attested-unreviewed
蠢,yue-HK,ceon2,,,false,unicode-unihan-17@17.0.0:kCantonese,kCantonese,source-attested-unreviewed
蠢,zh-Hant-TW,chǔn,,,false,unicode-unihan-17@17.0.0:kMandarin,kMandarin,source-attested-unreviewed
囑,yue-HK,zuk1,,,false,unicode-unihan-17@17.0.0:kCantonese,kCantonese,source-attested-unreviewed
囑,zh-Hant-TW,zhǔ,,,false,unicode-unihan-17@17.0.0:kMandarin,kMandarin,source-attested-unreviewed
汀,yue-HK,ting1,,,false,unicode-unihan-17@17.0.0:kCantonese,kCantonese,source-attested-unreviewed
汀,yue-HK,ding1,mandarin-mapping:tīng,,false,unicode-unihan-17@17.0.0:kSMSZD2003Readings,kSMSZD2003Readings,source-attested-unreviewed
汀,zh-Hant-TW,tīng,,,false,unicode-unihan-17@17.0.0:kMandarin,kMandarin,source-attested-unreviewed
汀,zh-Hant-TW,tìng,,,false,unicode-unihan-17@17.0.0:kHanyuPinyin,kHanyuPinyin,source-attested-unreviewed
汀,zh-Hant-TW,dìng,,,false,unicode-unihan-17@17.0.0:kHanyuPinyin,kHanyuPinyin,source-attested-unreviewed
嚮,yue-HK,hoeng3,,,false,unicode-unihan-17@17.0.0:kCantonese,kCantonese,source-attested-unreviewed
嚮,zh-Hant-TW,xiàng,,,false,unicode-unihan-17@17.0.0:kMandarin,kMandarin,source-attested-unreviewed
嚮,zh-Hant-TW,xiǎng,,,false,unicode-unihan-17@17.0.0:kHanyuPinyin,kHanyuPinyin,source-attested-unreviewed
傭,yue-HK,jung4,,,false,unicode-unihan-17@17.0.0:kCantonese,kCantonese,source-attested-unreviewed
傭,zh-Hant-TW,yōng,,,false,unicode-unihan-17@17.0.0:kMandarin,kMandarin,source-attested-unreviewed
傭,zh-Hant-TW,chōng,,,false,unicode-unihan-17@17.0.0:kHanyuPinyin,kHanyuPinyin,source-attested-unreviewed
傭,zh-Hant-TW,yòng,,,false,unicode-unihan-17@17.0.0:kHanyuPinyin,kHanyuPinyin,source-attested-unreviewed
吻,yue-HK,man5,,,false,unicode-unihan-17@17.0.0:kCantonese,kCantonese,source-attested-unreviewed
吻,zh-Hant-TW,wěn,,,false,unicode-unihan-17@17.0.0:kMandarin,kMandarin,source-attested-unreviewed
扳,yue-HK,paan1,,,false,unicode-unihan-17@17.0.0:kCantonese,kCantonese,source-attested-unreviewed
扳,zh-Hant-TW,bān,,,false,unicode-unihan-17@17.0.0:kMandarin,kMandarin,source-attested-unreviewed
扳,zh-Hant-TW,pān,,,false,unicode-unihan-17@17.0.0:kHanyuPinyin,kHanyuPinyin,source-attested-unreviewed
甫,yue-HK,fu2,,,false,unicode-unihan-17@17.0.0:kCantonese,kCantonese,source-attested-unreviewed
甫,yue-HK,pou2,mandarin-mapping:pǔ,,false,unicode-unihan-17@17.0.0:kSMSZD2003Readings,kSMSZD2003Readings,source-attested-unreviewed
甫,yue-HK,pou3,mandarin-mapping:pù,,false,unicode-unihan-17@17.0.0:kSMSZD2003Readings,kSMSZD2003Readings,source-attested-unreviewed
甫,zh-Hant-TW,fǔ,,,false,unicode-unihan-17@17.0.0:kMandarin,kMandarin,source-attested-unreviewed
甫,zh-Hant-TW,fu,attested-count:12,,false,unicode-unihan-17@17.0.0:kHanyuPinlu,kHanyuPinlu,source-attested-unreviewed
甫,zh-Hant-TW,fū,,,false,unicode-unihan-17@17.0.0:kHanyuPinyin,kHanyuPinyin,source-attested-unreviewed
甫,zh-Hant-TW,pǔ,,,false,unicode-unihan-17@17.0.0:kHanyuPinyin,kHanyuPinyin,source-attested-unreviewed
肝,yue-HK,gon1,,,false,unicode-unihan-17@17.0.0:kCantonese,kCantonese,source-attested-unreviewed
肝,zh-Hant-TW,gān,,,false,unicode-unihan-17@17.0.0:kMandarin,kMandarin,source-attested-unreviewed
刮,yue-HK,gwaat3,,,false,unicode-unihan-17@17.0.0:kCantonese,kCantonese,source-attested-unreviewed
刮,zh-Hant-TW,guā,,,false,unicode-unihan-17@17.0.0:kMandarin,kMandarin,source-attested-unreviewed
坪,yue-HK,ping4,,,false,unicode-unihan-17@17.0.0:kCantonese,kCantonese,source-attested-unreviewed
坪,zh-Hant-TW,píng,,,false,unicode-unihan-17@17.0.0:kMandarin,kMandarin,source-attested-unreviewed
姆,yue-HK,mou5,,,false,unicode-unihan-17@17.0.0:kCantonese,kCantonese,source-attested-unreviewed
姆,zh-Hant-TW,mǔ,,,false,unicode-unihan-17@17.0.0:kMandarin,kMandarin,source-attested-unreviewed
垠,yue-HK,ngan4,,,false,unicode-unihan-17@17.0.0:kCantonese,kCantonese,source-attested-unreviewed
垠,zh-Hant-TW,yín,,,false,unicode-unihan-17@17.0.0:kMandarin,kMandarin,source-attested-unreviewed
垠,zh-Hant-TW,kèn,,,false,unicode-unihan-17@17.0.0:kHanyuPinyin,kHanyuPinyin,source-attested-unreviewed
契,yue-HK,kai3,,,false,unicode-unihan-17@17.0.0:kCantonese,kCantonese,source-attested-unreviewed
契,yue-HK,kit3,mandarin-mapping:qiè,,false,unicode-unihan-17@17.0.0:kSMSZD2003Readings,kSMSZD2003Readings,source-attested-unreviewed
契,zh-Hant-TW,qì,,,false,unicode-unihan-17@17.0.0:kMandarin,kMandarin,source-attested-unreviewed
契,zh-Hant-TW,xiè,,,false,unicode-unihan-17@17.0.0:kHanyuPinyin,kHanyuPinyin,source-attested-unreviewed
契,zh-Hant-TW,qiè,,,false,unicode-unihan-17@17.0.0:kHanyuPinyin,kHanyuPinyin,source-attested-unreviewed
契,zh-Hant-TW,jié,,,false,unicode-unihan-17@17.0.0:kHanyuPinyin,kHanyuPinyin,source-attested-unreviewed
恃,yue-HK,ci5,,,false,unicode-unihan-17@17.0.0:kCantonese,kCantonese,source-attested-unreviewed
恃,zh-Hant-TW,shì,,,false,unicode-unihan-17@17.0.0:kMandarin,kMandarin,source-attested-unreviewed
恃,zh-Hant-TW,zhì,,,false,unicode-unihan-17@17.0.0:kHanyuPinyin,kHanyuPinyin,source-attested-unreviewed
紉,yue-HK,jan6,,,false,unicode-unihan-17@17.0.0:kCantonese,kCantonese,source-attested-unreviewed
紉,zh-Hant-TW,rèn,,,false,unicode-unihan-17@17.0.0:kMandarin,kMandarin,source-attested-unreviewed
茉,yue-HK,mut6,,,false,unicode-unihan-17@17.0.0:kCantonese,kCantonese,source-attested-unreviewed
茉,zh-Hant-TW,mò,,,false,unicode-unihan-17@17.0.0:kMandarin,kMandarin,source-attested-unreviewed
赴,yue-HK,fu6,,,false,unicode-unihan-17@17.0.0:kCantonese,kCantonese,source-attested-unreviewed
赴,zh-Hant-TW,fù,,,false,unicode-unihan-17@17.0.0:kMandarin,kMandarin,source-attested-unreviewed
准,yue-HK,zeon2,,,false,unicode-unihan-17@17.0.0:kCantonese,kCantonese,source-attested-unreviewed
准,zh-Hant-TW,zhǔn,,,false,unicode-unihan-17@17.0.0:kMandarin,kMandarin,source-attested-unreviewed
峪,yue-HK,juk6,,,false,unicode-unihan-17@17.0.0:kCantonese,kCantonese,source-attested-unreviewed
峪,zh-Hant-TW,yù,,,false,unicode-unihan-17@17.0.0:kMandarin,kMandarin,source-attested-unreviewed
捎,yue-HK,saau1,,,false,unicode-unihan-17@17.0.0:kCantonese,kCantonese,source-attested-unreviewed
捎,zh-Hant-TW,shāo,,,false,unicode-unihan-17@17.0.0:kMandarin,kMandarin,source-attested-unreviewed
捎,zh-Hant-TW,shǎo,,,false,unicode-unihan-17@17.0.0:kHanyuPinyin,kHanyuPinyin,source-attested-unreviewed
捎,zh-Hant-TW,xiāo,,,false,unicode-unihan-17@17.0.0:kHanyuPinyin,kHanyuPinyin,source-attested-unreviewed
捎,zh-Hant-TW,qiào,,,false,unicode-unihan-17@17.0.0:kHanyuPinyin,kHanyuPinyin,source-attested-unreviewed
捎,zh-Hant-TW,shào,,,false,unicode-unihan-17@17.0.0:kHanyuPinyin,kHanyuPinyin,source-attested-unreviewed
挾,yue-HK,hip3,,,false,unicode-unihan-17@17.0.0:kCantonese,kCantonese,source-attested-unreviewed
挾,yue-HK,haap6,mandarin-mapping:xié,,false,unicode-unihan-17@17.0.0:kSMSZD2003Readings,kSMSZD2003Readings,source-attested-unreviewed
挾,zh-Hant-TW,xié,,,false,unicode-unihan-17@17.0.0:kMandarin,kMandarin,source-attested-unreviewed
挾,zh-Hant-TW,jiā,,,false,unicode-unihan-17@17.0.0:kHanyuPinyin,kHanyuPinyin,source-attested-unreviewed
狽,yue-HK,bui3,,,false,unicode-unihan-17@17.0.0:kCantonese,kCantonese,source-attested-unreviewed
狽,zh-Hant-TW,bèi,,,false,unicode-unihan-17@17.0.0:kMandarin,kMandarin,source-attested-unreviewed
租,yue-HK,zou1,,,false,unicode-unihan-17@17.0.0:kCantonese,kCantonese,source-attested-unreviewed
租,zh-Hant-TW,zū,,,false,unicode-unihan-17@17.0.0:kMandarin,kMandarin,source-attested-unreviewed
租,zh-Hant-TW,jū,,,false,unicode-unihan-17@17.0.0:kHanyuPinyin,kHanyuPinyin,source-attested-unreviewed
袁,yue-HK,jyun4,,,false,unicode-unihan-17@17.0.0:kCantonese,kCantonese,source-attested-unreviewed
袁,zh-Hant-TW,yuán,,,false,unicode-unihan-17@17.0.0:kMandarin,kMandarin,source-attested-unreviewed
婚,yue-HK,fan1,,,false,unicode-unihan-17@17.0.0:kCantonese,kCantonese,source-attested-unreviewed
婚,zh-Hant-TW,hūn,,,false,unicode-unihan-17@17.0.0:kMandarin,kMandarin,source-attested-unreviewed
惋,yue-HK,wun2,,,false,unicode-unihan-17@17.0.0:kCantonese,kCantonese,source-attested-unreviewed
惋,yue-HK,jyun2,mandarin-mapping:wǎn,,false,unicode-unihan-17@17.0.0:kSMSZD2003Readings,kSMSZD2003Readings,source-attested-unreviewed
惋,zh-Hant-TW,wǎn,,,false,unicode-unihan-17@17.0.0:kMandarin,kMandarin,source-attested-unreviewed
敝,yue-HK,bai6,,,false,unicode-unihan-17@17.0.0:kCantonese,kCantonese,source-attested-unreviewed
敝,zh-Hant-TW,bì,,,false,unicode-unihan-17@17.0.0:kMandarin,kMandarin,source-attested-unreviewed
梭,yue-HK,so1,,,false,unicode-unihan-17@17.0.0:kCantonese,kCantonese,source-attested-unreviewed
梭,zh-Hant-TW,suō,,,false,unicode-unihan-17@17.0.0:kMandarin,kMandarin,source-attested-unreviewed
梭,zh-Hant-TW,xùn,,,false,unicode-unihan-17@17.0.0:kHanyuPinyin,kHanyuPinyin,source-attested-unreviewed
氫,yue-HK,hing1,,,false,unicode-unihan-17@17.0.0:kCantonese,kCantonese,source-attested-unreviewed
氫,zh-Hant-TW,qīng,,,false,unicode-unihan-17@17.0.0:kMandarin,kMandarin,source-attested-unreviewed
烽,yue-HK,fung1,,,false,unicode-unihan-17@17.0.0:kCantonese,kCantonese,source-attested-unreviewed
烽,zh-Hant-TW,fēng,,,false,unicode-unihan-17@17.0.0:kMandarin,kMandarin,source-attested-unreviewed
笠,yue-HK,lap1,,,false,unicode-unihan-17@17.0.0:kCantonese,kCantonese,source-attested-unreviewed
笠,zh-Hant-TW,lì,,,false,unicode-unihan-17@17.0.0:kMandarin,kMandarin,source-attested-unreviewed
缽,yue-HK,but6,,,false,unicode-unihan-17@17.0.0:kCantonese,kCantonese,source-attested-unreviewed
缽,zh-Hant-TW,bō,,,false,unicode-unihan-17@17.0.0:kMandarin,kMandarin,source-attested-unreviewed
脯,yue-HK,fu2,,,false,unicode-unihan-17@17.0.0:kCantonese,kCantonese,source-attested-unreviewed
脯,yue-HK,pou2,mandarin-mapping:fǔ,,false,unicode-unihan-17@17.0.0:kSMSZD2003Readings,kSMSZD2003Readings,source-attested-unreviewed
脯,yue-HK,pou4,mandarin-mapping:pú,,false,unicode-unihan-17@17.0.0:kSMSZD2003Readings,kSMSZD2003Readings,source-attested-unreviewed
脯,zh-Hant-TW,pú,,,false,unicode-unihan-17@17.0.0:kMandarin,kMandarin,source-attested-unreviewed
脯,zh-Hant-TW,fǔ,,,false,unicode-unihan-17@17.0.0:kHanyuPinyin,kHanyuPinyin,source-attested-unreviewed
舷,yue-HK,jin4,,,false,unicode-unihan-17@17.0.0:kCantonese,kCantonese,source-attested-unreviewed
舷,zh-Hant-TW,xián,,,false,unicode-unihan-17@17.0.0:kMandarin,kMandarin,source-attested-unreviewed
莓,yue-HK,mui4,,,false,unicode-unihan-17@17.0.0:kCantonese,kCantonese,source-attested-unreviewed
莓,zh-Hant-TW,méi,,,false,unicode-unihan-17@17.0.0:kMandarin,kMandarin,source-attested-unreviewed
逛,yue-HK,kwaang3,,,false,unicode-unihan-17@17.0.0:kCantonese,kCantonese,source-attested-unreviewed
逛,zh-Hant-TW,guàng,,,false,unicode-unihan-17@17.0.0:kMandarin,kMandarin,source-attested-unreviewed
逛,zh-Hant-TW,kuáng,,,false,unicode-unihan-17@17.0.0:kHanyuPinyin,kHanyuPinyin,source-attested-unreviewed
揪,yue-HK,zau1,,,false,unicode-unihan-17@17.0.0:kCantonese,kCantonese,source-attested-unreviewed
揪,zh-Hant-TW,jiū,,,false,unicode-unihan-17@17.0.0:kMandarin,kMandarin,source-attested-unreviewed
萎,yue-HK,wai2,,,false,unicode-unihan-17@17.0.0:kCantonese,kCantonese,source-attested-unreviewed
萎,yue-HK,wai1,mandarin-mapping:wēi,,false,unicode-unihan-17@17.0.0:kSMSZD2003Readings,kSMSZD2003Readings,source-attested-unreviewed
萎,zh-Hant-TW,wěi,,,false,unicode-unihan-17@17.0.0:kMandarin,kMandarin,source-attested-unreviewed
萎,zh-Hant-TW,wēi,,,false,unicode-unihan-17@17.0.0:kMandarin,kMandarin,source-attested-unreviewed
萎,zh-Hant-TW,wèi,,,false,unicode-unihan-17@17.0.0:kHanyuPinyin,kHanyuPinyin,source-attested-unreviewed
蛟,yue-HK,gaau1,,,false,unicode-unihan-17@17.0.0:kCantonese,kCantonese,source-attested-unreviewed
蛟,zh-Hant-TW,jiāo,,,false,unicode-unihan-17@17.0.0:kMandarin,kMandarin,source-attested-unreviewed
貿,yue-HK,mau6,,,false,unicode-unihan-17@17.0.0:kCantonese,kCantonese,source-attested-unreviewed
貿,zh-Hant-TW,mào,,,false,unicode-unihan-17@17.0.0:kMandarin,kMandarin,source-attested-unreviewed
跌,yue-HK,dit3,,,false,unicode-unihan-17@17.0.0:kCantonese,kCantonese,source-attested-unreviewed
跌,zh-Hant-TW,diē,,,false,unicode-unihan-17@17.0.0:kMandarin,kMandarin,source-attested-unreviewed
跌,zh-Hant-TW,dié,,,false,unicode-unihan-17@17.0.0:kMandarin,kMandarin,source-attested-unreviewed
跌,zh-Hant-TW,tú,,,false,unicode-unihan-17@17.0.0:kHanyuPinyin,kHanyuPinyin,source-attested-unreviewed
嗅,yue-HK,cau3,,,false,unicode-unihan-17@17.0.0:kCantonese,kCantonese,source-attested-unreviewed
嗅,zh-Hant-TW,xiù,,,false,unicode-unihan-17@17.0.0:kMandarin,kMandarin,source-attested-unreviewed
愚,yue-HK,jyu4,,,false,unicode-unihan-17@17.0.0:kCantonese,kCantonese,source-attested-unreviewed
愚,zh-Hant-TW,yú,,,false,unicode-unihan-17@17.0.0:kMandarin,kMandarin,source-attested-unreviewed
搪,yue-HK,tong4,,,false,unicode-unihan-17@17.0.0:kCantonese,kCantonese,source-attested-unreviewed
搪,yue-HK,tong5,mandarin-mapping:táng,,false,unicode-unihan-17@17.0.0:kSMSZD2003Readings,kSMSZD2003Readings,source-attested-unreviewed
搪,zh-Hant-TW,táng,,,false,unicode-unihan-17@17.0.0:kMandarin,kMandarin,source-attested-unreviewed
煦,yue-HK,heoi2,,,false,unicode-unihan-17@17.0.0:kCantonese,kCantonese,source-attested-unreviewed
煦,yue-HK,heoi3,"mandarin-mapping:xù,xǔ",,false,unicode-unihan-17@17.0.0:kSMSZD2003Readings,kSMSZD2003Readings,source-attested-unreviewed
煦,zh-Hant-TW,xù,,,false,unicode-unihan-17@17.0.0:kMandarin,kMandarin,source-attested-unreviewed
煦,zh-Hant-TW,xiū,,,false,unicode-unihan-17@17.0.0:kHanyuPinyin,kHanyuPinyin,source-attested-unreviewed
煥,yue-HK,wun6,,,false,unicode-unihan-17@17.0.0:kCantonese,kCantonese,source-attested-unreviewed
煥,zh-Hant-TW,huàn,,,false,unicode-unihan-17@17.0.0:kMandarin,kMandarin,source-attested-unreviewed
瑚,yue-HK,wu4,,,false,unicode-unihan-17@17.0.0:kCantonese,kCantonese,source-attested-unreviewed
瑚,zh-Hant-TW,hú,,,false,unicode-unihan-17@17.0.0:kMandarin,kMandarin,source-attested-unreviewed
蜀,yue-HK,suk6,,,false,unicode-unihan-17@17.0.0:kCantonese,kCantonese,source-attested-unreviewed
蜀,zh-Hant-TW,shǔ,,,false,unicode-unihan-17@17.0.0:kMandarin,kMandarin,source-attested-unreviewed
僧,yue-HK,zang1,,,false,unicode-unihan-17@17.0.0:kCantonese,kCantonese,source-attested-unreviewed
僧,zh-Hant-TW,sēng,,,false,unicode-unihan-17@17.0.0:kMandarin,kMandarin,source-attested-unreviewed
僧,zh-Hant-TW,céng,,,false,unicode-unihan-17@17.0.0:kHanyuPinyin,kHanyuPinyin,source-attested-unreviewed
厭,yue-HK,jim3,,,false,unicode-unihan-17@17.0.0:kCantonese,kCantonese,source-attested-unreviewed
厭,zh-Hant-TW,yàn,,,false,unicode-unihan-17@17.0.0:kMandarin,kMandarin,source-attested-unreviewed
厭,zh-Hant-TW,yā,,,false,unicode-unihan-17@17.0.0:kHanyuPinyin,kHanyuPinyin,source-attested-unreviewed
厭,zh-Hant-TW,yǎn,,,false,unicode-unihan-17@17.0.0:kHanyuPinyin,kHanyuPinyin,source-attested-unreviewed
厭,zh-Hant-TW,yān,,,false,unicode-unihan-17@17.0.0:kHanyuPinyin,kHanyuPinyin,source-attested-unreviewed
厭,zh-Hant-TW,yì,,,false,unicode-unihan-17@17.0.0:kHanyuPinyin,kHanyuPinyin,source-attested-unreviewed
寡,yue-HK,gwaa2,,,false,unicode-unihan-17@17.0.0:kCantonese,kCantonese,source-attested-unreviewed
寡,zh-Hant-TW,guǎ,,,false,unicode-unihan-17@17.0.0:kMandarin,kMandarin,source-attested-unreviewed
屢,yue-HK,leoi5,,,false,unicode-unihan-17@17.0.0:kCantonese,kCantonese,source-attested-unreviewed
屢,zh-Hant-TW,lǚ,,,false,unicode-unihan-17@17.0.0:kMandarin,kMandarin,source-attested-unreviewed
慚,yue-HK,caam4,,,false,unicode-unihan-17@17.0.0:kCantonese,kCantonese,source-attested-unreviewed
慚,zh-Hant-TW,cán,,,false,unicode-unihan-17@17.0.0:kMandarin,kMandarin,source-attested-unreviewed
澈,yue-HK,cit3,,,false,unicode-unihan-17@17.0.0:kCantonese,kCantonese,source-attested-unreviewed
澈,zh-Hant-TW,chè,,,false,unicode-unihan-17@17.0.0:kMandarin,kMandarin,source-attested-unreviewed
碟,yue-HK,dip6,,,false,unicode-unihan-17@17.0.0:kCantonese,kCantonese,source-attested-unreviewed
碟,zh-Hant-TW,dié,,,false,unicode-unihan-17@17.0.0:kMandarin,kMandarin,source-attested-unreviewed
碟,zh-Hant-TW,shé,,,false,unicode-unihan-17@17.0.0:kHanyuPinyin,kHanyuPinyin,source-attested-unreviewed
蝕,yue-HK,sik6,,,false,unicode-unihan-17@17.0.0:kCantonese,kCantonese,source-attested-unreviewed
蝕,yue-HK,sit6,mandarin-mapping:shí,,false,unicode-unihan-17@17.0.0:kSMSZD2003Readings,kSMSZD2003Readings,source-attested-unreviewed
蝕,zh-Hant-TW,shí,,,false,unicode-unihan-17@17.0.0:kMandarin,kMandarin,source-attested-unreviewed
蝕,zh-Hant-TW,lì,,,false,unicode-unihan-17@17.0.0:kHanyuPinyin,kHanyuPinyin,source-attested-unreviewed
蝕,zh-Hant-TW,lóng,,,false,unicode-unihan-17@17.0.0:kHanyuPinyin,kHanyuPinyin,source-attested-unreviewed
障,yue-HK,zoeng3,,,false,unicode-unihan-17@17.0.0:kCantonese,kCantonese,source-attested-unreviewed
障,zh-Hant-TW,zhàng,,,false,unicode-unihan-17@17.0.0:kMandarin,kMandarin,source-attested-unreviewed
障,zh-Hant-TW,zhāng,,,false,unicode-unihan-17@17.0.0:kHanyuPinyin,kHanyuPinyin,source-attested-unreviewed
廟,yue-HK,miu6,,,false,unicode-unihan-17@17.0.0:kCantonese,kCantonese,source-attested-unreviewed
廟,yue-HK,miu2,mandarin-mapping:miào,,false,unicode-unihan-17@17.0.0:kSMSZD2003Readings,kSMSZD2003Readings,source-attested-unreviewed
廟,zh-Hant-TW,miào,,,false,unicode-unihan-17@17.0.0:kMandarin,kMandarin,source-attested-unreviewed
摹,yue-HK,mou4,,,false,unicode-unihan-17@17.0.0:kCantonese,kCantonese,source-attested-unreviewed
摹,zh-Hant-TW,mó,,,false,unicode-unihan-17@17.0.0:kMandarin,kMandarin,source-attested-unreviewed
摹,zh-Hant-TW,mō,,,false,unicode-unihan-17@17.0.0:kHanyuPinyin,kHanyuPinyin,source-attested-unreviewed
熬,yue-HK,ngou4,,,false,unicode-unihan-17@17.0.0:kCantonese,kCantonese,source-attested-unreviewed
熬,yue-HK,ngaau4,mandarin-mapping:áo,,false,unicode-unihan-17@17.0.0:kSMSZD2003Readings,kSMSZD2003Readings,source-attested-unreviewed
熬,zh-Hant-TW,áo,,,false,unicode-unihan-17@17.0.0:kMandarin,kMandarin,source-attested-unreviewed
熬,zh-Hant-TW,āo,,,false,unicode-unihan-17@17.0.0:kHanyuPinyin,kHanyuPinyin,source-attested-unreviewed
瞇,yue-HK,mai5,,,false,unicode-unihan-17@17.0.0:kCantonese,kCantonese,source-attested-unreviewed
瞇,yue-HK,mai4,mandarin-mapping:mī,,false,unicode-unihan-17@17.0.0:kSMSZD2003Readings,kSMSZD2003Readings,source-attested-unreviewed
瞇,yue-HK,mei1,mandarin-mapping:mī,,false,unicode-unihan-17@17.0.0:kSMSZD2003Readings,kSMSZD2003Readings,source-attested-unreviewed
瞇,zh-Hant-TW,mī,,,false,unicode-unihan-17@17.0.0:kMandarin,kMandarin,source-attested-unreviewed
瞇,zh-Hant-TW,mǐ,,,false,unicode-unihan-17@17.0.0:kHanyuPinyin,kHanyuPinyin,source-attested-unreviewed
瞇,zh-Hant-TW,mì,,,false,unicode-unihan-17@17.0.0:kHanyuPinyin,kHanyuPinyin,source-attested-unreviewed
蔓,yue-HK,maan6,,,false,unicode-unihan-17@17.0.0:kCantonese,kCantonese,source-attested-unreviewed
蔓,yue-HK,maan4,mandarin-mapping:mán,,false,unicode-unihan-17@17.0.0:kSMSZD2003Readings,kSMSZD2003Readings,source-attested-unreviewed
蔓,zh-Hant-TW,màn,,,false,unicode-unihan-17@17.0.0:kMandarin,kMandarin,source-attested-unreviewed
蔓,zh-Hant-TW,wàn,,,false,unicode-unihan-17@17.0.0:kHanyuPinyin,kHanyuPinyin,source-attested-unreviewed
蔓,zh-Hant-TW,mán,,,false,unicode-unihan-17@17.0.0:kHanyuPinyin,kHanyuPinyin,source-attested-unreviewed
蔡,yue-HK,coi3,,,false,unicode-unihan-17@17.0.0:kCantonese,kCantonese,source-attested-unreviewed
蔡,zh-Hant-TW,cài,,,false,unicode-unihan-17@17.0.0:kMandarin,kMandarin,source-attested-unreviewed
蔡,zh-Hant-TW,sà,,,false,unicode-unihan-17@17.0.0:kHanyuPinyin,kHanyuPinyin,source-attested-unreviewed
蔡,zh-Hant-TW,cā,,,false,unicode-unihan-17@17.0.0:kHanyuPinyin,kHanyuPinyin,source-attested-unreviewed
劑,yue-HK,zai1,,,false,unicode-unihan-17@17.0.0:kCantonese,kCantonese,source-attested-unreviewed
劑,zh-Hant-TW,jì,,,false,unicode-unihan-17@17.0.0:kMandarin,kMandarin,source-attested-unreviewed
橘,yue-HK,gwat1,,,false,unicode-unihan-17@17.0.0:kCantonese,kCantonese,source-attested-unreviewed
橘,zh-Hant-TW,jú,,,false,unicode-unihan-17@17.0.0:kMandarin,kMandarin,source-attested-unreviewed
燙,yue-HK,tong3,,,false,unicode-unihan-17@17.0.0:kCantonese,kCantonese,source-attested-unreviewed
燙,zh-Hant-TW,tàng,,,false,unicode-unihan-17@17.0.0:kMandarin,kMandarin,source-attested-unreviewed
燙,zh-Hant-TW,dàng,,,false,unicode-unihan-17@17.0.0:kHanyuPinyin,kHanyuPinyin,source-attested-unreviewed
瞞,yue-HK,mun4,,,false,unicode-unihan-17@17.0.0:kCantonese,kCantonese,source-attested-unreviewed
瞞,zh-Hant-TW,mán,,,false,unicode-unihan-17@17.0.0:kMandarin,kMandarin,source-attested-unreviewed
瞞,zh-Hant-TW,mén,,,false,unicode-unihan-17@17.0.0:kHanyuPinyin,kHanyuPinyin,source-attested-unreviewed
瞞,zh-Hant-TW,mèn,,,false,unicode-unihan-17@17.0.0:kHanyuPinyin,kHanyuPinyin,source-attested-unreviewed
篩,yue-HK,sai1,,,false,unicode-unihan-17@17.0.0:kCantonese,kCantonese,source-attested-unreviewed
篩,zh-Hant-TW,shāi,,,false,unicode-unihan-17@17.0.0:kMandarin,kMandarin,source-attested-unreviewed
篩,zh-Hant-TW,shī,,,false,unicode-unihan-17@17.0.0:kHanyuPinyin,kHanyuPinyin,source-attested-unreviewed
蕊,yue-HK,jeoi5,,,false,unicode-unihan-17@17.0.0:kCantonese,kCantonese,source-attested-unreviewed
蕊,zh-Hant-TW,ruǐ,,,false,unicode-unihan-17@17.0.0:kMandarin,kMandarin,source-attested-unreviewed
蕊,zh-Hant-TW,juǎn,,,false,unicode-unihan-17@17.0.0:kHanyuPinyin,kHanyuPinyin,source-attested-unreviewed
蕨,yue-HK,kyut3,,,false,unicode-unihan-17@17.0.0:kCantonese,kCantonese,source-attested-unreviewed
蕨,zh-Hant-TW,jué,,,false,unicode-unihan-17@17.0.0:kMandarin,kMandarin,source-attested-unreviewed
餡,yue-HK,haam2,,,false,unicode-unihan-17@17.0.0:kCantonese,kCantonese,source-attested-unreviewed
餡,zh-Hant-TW,xiàn,,,false,unicode-unihan-17@17.0.0:kMandarin,kMandarin,source-attested-unreviewed
餡,zh-Hant-TW,kàn,,,false,unicode-unihan-17@17.0.0:kHanyuPinyin,kHanyuPinyin,source-attested-unreviewed
嬰,yue-HK,jing1,,,false,unicode-unihan-17@17.0.0:kCantonese,kCantonese,source-attested-unreviewed
嬰,zh-Hant-TW,yīng,,,false,unicode-unihan-17@17.0.0:kMandarin,kMandarin,source-attested-unreviewed
嬰,zh-Hant-TW,yìng,,,false,unicode-unihan-17@17.0.0:kHanyuPinyin,kHanyuPinyin,source-attested-unreviewed
擱,yue-HK,gok3,,,false,unicode-unihan-17@17.0.0:kCantonese,kCantonese,source-attested-unreviewed
擱,zh-Hant-TW,gē,,,false,unicode-unihan-17@17.0.0:kMandarin,kMandarin,source-attested-unreviewed
擱,zh-Hant-TW,ge,attested-count:9,,false,unicode-unihan-17@17.0.0:kHanyuPinlu,kHanyuPinlu,source-attested-unreviewed
擱,zh-Hant-TW,gé,,,false,unicode-unihan-17@17.0.0:kHanyuPinyin,kHanyuPinyin,source-attested-unreviewed
矯,yue-HK,giu2,,,false,unicode-unihan-17@17.0.0:kCantonese,kCantonese,source-attested-unreviewed
矯,zh-Hant-TW,jiǎo,,,false,unicode-unihan-17@17.0.0:kMandarin,kMandarin,source-attested-unreviewed
矯,zh-Hant-TW,jiāo,,,false,unicode-unihan-17@17.0.0:kHanyuPinyin,kHanyuPinyin,source-attested-unreviewed
擲,yue-HK,zaak6,,,false,unicode-unihan-17@17.0.0:kCantonese,kCantonese,source-attested-unreviewed
擲,zh-Hant-TW,zhì,,,false,unicode-unihan-17@17.0.0:kMandarin,kMandarin,source-attested-unreviewed
瀉,yue-HK,se3,,,false,unicode-unihan-17@17.0.0:kCantonese,kCantonese,source-attested-unreviewed
瀉,zh-Hant-TW,xiè,,,false,unicode-unihan-17@17.0.0:kMandarin,kMandarin,source-attested-unreviewed
繚,yue-HK,liu4,,,false,unicode-unihan-17@17.0.0:kCantonese,kCantonese,source-attested-unreviewed
繚,zh-Hant-TW,liáo,,,false,unicode-unihan-17@17.0.0:kMandarin,kMandarin,source-attested-unreviewed
繚,zh-Hant-TW,rǎo,,,false,unicode-unihan-17@17.0.0:kHanyuPinyin,kHanyuPinyin,source-attested-unreviewed
壟,yue-HK,lung5,,,false,unicode-unihan-17@17.0.0:kCantonese,kCantonese,source-attested-unreviewed
壟,zh-Hant-TW,lǒng,,,false,unicode-unihan-17@17.0.0:kMandarin,kMandarin,source-attested-unreviewed
簸,yue-HK,bo3,,,false,unicode-unihan-17@17.0.0:kCantonese,kCantonese,source-attested-unreviewed
簸,yue-HK,bo2,mandarin-mapping:bǒ,,false,unicode-unihan-17@17.0.0:kSMSZD2003Readings,kSMSZD2003Readings,source-attested-unreviewed
簸,zh-Hant-TW,bǒ,,,false,unicode-unihan-17@17.0.0:kMandarin,kMandarin,source-attested-unreviewed
簸,zh-Hant-TW,bò,,,false,unicode-unihan-17@17.0.0:kHanyuPinyin,kHanyuPinyin,source-attested-unreviewed
羸,yue-HK,leoi4,,,false,unicode-unihan-17@17.0.0:kCantonese,kCantonese,source-attested-unreviewed
羸,zh-Hant-TW,léi,,,false,unicode-unihan-17@17.0.0:kMandarin,kMandarin,source-attested-unreviewed
羸,zh-Hant-TW,lián,,,false,unicode-unihan-17@17.0.0:kHanyuPinyin,kHanyuPinyin,source-attested-unreviewed
瀰,yue-HK,nei4,,,false,unicode-unihan-17@17.0.0:kCantonese,kCantonese,source-attested-unreviewed
瀰,yue-HK,mei4,"mandarin-mapping:mǐ,mí",,false,unicode-unihan-17@17.0.0:kSMSZD2003Readings,kSMSZD2003Readings,source-attested-unreviewed
瀰,zh-Hant-TW,mí,,,false,unicode-unihan-17@17.0.0:kMandarin,kMandarin,source-attested-unreviewed
瀰,zh-Hant-TW,mǐ,,,false,unicode-unihan-17@17.0.0:kHanyuPinyin,kHanyuPinyin,source-attested-unreviewed
瀰,zh-Hant-TW,nǐ,,,false,unicode-unihan-17@17.0.0:kHanyuPinyin,kHanyuPinyin,source-attested-unreviewed
髓,yue-HK,seoi5,,,false,unicode-unihan-17@17.0.0:kCantonese,kCantonese,source-attested-unreviewed
髓,zh-Hant-TW,suǐ,,,false,unicode-unihan-17@17.0.0:kMandarin,kMandarin,source-attested-unreviewed
躡,yue-HK,nip6,,,false,unicode-unihan-17@17.0.0:kCantonese,kCantonese,source-attested-unreviewed
躡,zh-Hant-TW,niè,,,false,unicode-unihan-17@17.0.0:kMandarin,kMandarin,source-attested-unreviewed
兀,yue-HK,ngat6,,,false,unicode-unihan-17@17.0.0:kCantonese,kCantonese,source-attested-unreviewed
兀,zh-Hant-TW,wù,,,false,unicode-unihan-17@17.0.0:kMandarin,kMandarin,source-attested-unreviewed
允,yue-HK,wan5,,,false,unicode-unihan-17@17.0.0:kCantonese,kCantonese,source-attested-unreviewed
允,zh-Hant-TW,yǔn,,,false,unicode-unihan-17@17.0.0:kMandarin,kMandarin,source-attested-unreviewed
允,zh-Hant-TW,yuán,,,false,unicode-unihan-17@17.0.0:kHanyuPinyin,kHanyuPinyin,source-attested-unreviewed
歹,yue-HK,daai2,,,false,unicode-unihan-17@17.0.0:kCantonese,kCantonese,source-attested-unreviewed
歹,zh-Hant-TW,dǎi,,,false,unicode-unihan-17@17.0.0:kMandarin,kMandarin,source-attested-unreviewed
歹,zh-Hant-TW,è,,,false,unicode-unihan-17@17.0.0:kHanyuPinyin,kHanyuPinyin,source-attested-unreviewed
歹,zh-Hant-TW,dāi,,,false,unicode-unihan-17@17.0.0:kHanyuPinyin,kHanyuPinyin,source-attested-unreviewed
卉,yue-HK,wai2,,,false,unicode-unihan-17@17.0.0:kCantonese,kCantonese,source-attested-unreviewed
卉,zh-Hant-TW,huì,,,false,unicode-unihan-17@17.0.0:kMandarin,kMandarin,source-attested-unreviewed
兆,yue-HK,siu6,,,false,unicode-unihan-17@17.0.0:kCantonese,kCantonese,source-attested-unreviewed
兆,zh-Hant-TW,zhào,,,false,unicode-unihan-17@17.0.0:kMandarin,kMandarin,source-attested-unreviewed
屹,yue-HK,ngat6,,,false,unicode-unihan-17@17.0.0:kCantonese,kCantonese,source-attested-unreviewed
屹,zh-Hant-TW,yì,,,false,unicode-unihan-17@17.0.0:kMandarin,kMandarin,source-attested-unreviewed
屹,zh-Hant-TW,gē,,,false,unicode-unihan-17@17.0.0:kHanyuPinyin,kHanyuPinyin,source-attested-unreviewed
朽,yue-HK,nau2,,,false,unicode-unihan-17@17.0.0:kCantonese,kCantonese,source-attested-unreviewed
朽,zh-Hant-TW,xiǔ,,,false,unicode-unihan-17@17.0.0:kMandarin,kMandarin,source-attested-unreviewed
耒,yue-HK,loi6,,,false,unicode-unihan-17@17.0.0:kCantonese,kCantonese,source-attested-unreviewed
耒,yue-HK,leoi6,mandarin-mapping:lěi,,false,unicode-unihan-17@17.0.0:kSMSZD2003Readings,kSMSZD2003Readings,source-attested-unreviewed
耒,zh-Hant-TW,lěi,,,false,unicode-unihan-17@17.0.0:kMandarin,kMandarin,source-attested-unreviewed
聿,yue-HK,wat6,,,false,unicode-unihan-17@17.0.0:kCantonese,kCantonese,source-attested-unreviewed
聿,yue-HK,leot6,mandarin-mapping:yù,,false,unicode-unihan-17@17.0.0:kSMSZD2003Readings,kSMSZD2003Readings,source-attested-unreviewed
聿,zh-Hant-TW,yù,,,false,unicode-unihan-17@17.0.0:kMandarin,kMandarin,source-attested-unreviewed
艾,yue-HK,ngaai6,,,false,unicode-unihan-17@17.0.0:kCantonese,kCantonese,source-attested-unreviewed
艾,zh-Hant-TW,ài,,,false,unicode-unihan-17@17.0.0:kMandarin,kMandarin,source-attested-unreviewed
艾,zh-Hant-TW,yì,,,false,unicode-unihan-17@17.0.0:kHanyuPinyin,kHanyuPinyin,source-attested-unreviewed
伶,yue-HK,ling4,,,false,unicode-unihan-17@17.0.0:kCantonese,kCantonese,source-attested-unreviewed
伶,zh-Hant-TW,líng,,,false,unicode-unihan-17@17.0.0:kMandarin,kMandarin,source-attested-unreviewed
伶,zh-Hant-TW,ling,attested-count:15,,false,unicode-unihan-17@17.0.0:kHanyuPinlu,kHanyuPinlu,source-attested-unreviewed
妥,yue-HK,to5,,,false,unicode-unihan-17@17.0.0:kCantonese,kCantonese,source-attested-unreviewed
妥,zh-Hant-TW,tuǒ,,,false,unicode-unihan-17@17.0.0:kMandarin,kMandarin,source-attested-unreviewed
孚,yue-HK,fu1,,,false,unicode-unihan-17@17.0.0:kCantonese,kCantonese,source-attested-unreviewed
孚,zh-Hant-TW,fú,,,false,unicode-unihan-17@17.0.0:kMandarin,kMandarin,source-attested-unreviewed
屁,yue-HK,pei3,,,false,unicode-unihan-17@17.0.0:kCantonese,kCantonese,source-attested-unreviewed
屁,zh-Hant-TW,pì,,,false,unicode-unihan-17@17.0.0:kMandarin,kMandarin,source-attested-unreviewed
矣,yue-HK,ji5,,,false,unicode-unihan-17@17.0.0:kCantonese,kCantonese,source-attested-unreviewed
矣,zh-Hant-TW,yǐ,,,false,unicode-unihan-17@17.0.0:kMandarin,kMandarin,source-attested-unreviewed
矣,zh-Hant-TW,xián,,,false,unicode-unihan-17@17.0.0:kHanyuPinyin,kHanyuPinyin,source-attested-unreviewed
迂,yue-HK,jyu1,,,false,unicode-unihan-17@17.0.0:kCantonese,kCantonese,source-attested-unreviewed
迂,zh-Hant-TW,yū,,,false,unicode-unihan-17@17.0.0:kMandarin,kMandarin,source-attested-unreviewed
孟,yue-HK,maang6,,,false,unicode-unihan-17@17.0.0:kCantonese,kCantonese,source-attested-unreviewed
孟,zh-Hant-TW,mèng,,,false,unicode-unihan-17@17.0.0:kMandarin,kMandarin,source-attested-unreviewed
枉,yue-HK,wong2,,,false,unicode-unihan-17@17.0.0:kCantonese,kCantonese,source-attested-unreviewed
枉,zh-Hant-TW,wǎng,,,false,unicode-unihan-17@17.0.0:kMandarin,kMandarin,source-attested-unreviewed
枉,zh-Hant-TW,wang,attested-count:26,,false,unicode-unihan-17@17.0.0:kHanyuPinlu,kHanyuPinlu,source-attested-unreviewed
枉,zh-Hant-TW,kuáng,,,false,unicode-unihan-17@17.0.0:kHanyuPinyin,kHanyuPinyin,source-attested-unreviewed
沫,yue-HK,mut6,,,false,unicode-unihan-17@17.0.0:kCantonese,kCantonese,source-attested-unreviewed
沫,zh-Hant-TW,mò,,,false,unicode-unihan-17@17.0.0:kMandarin,kMandarin,source-attested-unreviewed
沫,zh-Hant-TW,mo,attested-count:14,,false,unicode-unihan-17@17.0.0:kHanyuPinlu,kHanyuPinlu,source-attested-unreviewed
狙,yue-HK,zeoi1,,,false,unicode-unihan-17@17.0.0:kCantonese,kCantonese,source-attested-unreviewed
狙,zh-Hant-TW,jū,,,false,unicode-unihan-17@17.0.0:kMandarin,kMandarin,source-attested-unreviewed
玫,yue-HK,mui4,,,false,unicode-unihan-17@17.0.0:kCantonese,kCantonese,source-attested-unreviewed
玫,zh-Hant-TW,méi,,,false,unicode-unihan-17@17.0.0:kMandarin,kMandarin,source-attested-unreviewed
侯,yue-HK,hau4,,,false,unicode-unihan-17@17.0.0:kCantonese,kCantonese,source-attested-unreviewed
侯,yue-HK,hau6,mandarin-mapping:hòu,,false,unicode-unihan-17@17.0.0:kSMSZD2003Readings,kSMSZD2003Readings,source-attested-unreviewed
侯,zh-Hant-TW,hóu,,,false,unicode-unihan-17@17.0.0:kMandarin,kMandarin,source-attested-unreviewed
侯,zh-Hant-TW,hòu,,,false,unicode-unihan-17@17.0.0:kHanyuPinyin,kHanyuPinyin,source-attested-unreviewed
俏,yue-HK,ciu3,,,false,unicode-unihan-17@17.0.0:kCantonese,kCantonese,source-attested-unreviewed
俏,zh-Hant-TW,qiào,,,false,unicode-unihan-17@17.0.0:kMandarin,kMandarin,source-attested-unreviewed
俏,zh-Hant-TW,xiào,,,false,unicode-unihan-17@17.0.0:kHanyuPinyin,kHanyuPinyin,source-attested-unreviewed
俏,zh-Hant-TW,xiāo,,,false,unicode-unihan-17@17.0.0:kHanyuPinyin,kHanyuPinyin,source-attested-unreviewed
俐,yue-HK,lei6,,,false,unicode-unihan-17@17.0.0:kCantonese,kCantonese,source-attested-unreviewed
俐,zh-Hant-TW,lì,,,false,unicode-unihan-17@17.0.0:kMandarin,kMandarin,source-attested-unreviewed
拯,yue-HK,cing2,,,false,unicode-unihan-17@17.0.0:kCantonese,kCantonese,source-attested-unreviewed
拯,zh-Hant-TW,zhěng,,,false,unicode-unihan-17@17.0.0:kMandarin,kMandarin,source-attested-unreviewed
疤,yue-HK,baa1,,,false,unicode-unihan-17@17.0.0:kCantonese,kCantonese,source-attested-unreviewed
疤,zh-Hant-TW,bā,,,false,unicode-unihan-17@17.0.0:kMandarin,kMandarin,source-attested-unreviewed
茁,yue-HK,zyut3,,,false,unicode-unihan-17@17.0.0:kCantonese,kCantonese,source-attested-unreviewed
茁,zh-Hant-TW,zhuó,,,false,unicode-unihan-17@17.0.0:kMandarin,kMandarin,source-attested-unreviewed
茁,zh-Hant-TW,zhú,,,false,unicode-unihan-17@17.0.0:kHanyuPinyin,kHanyuPinyin,source-attested-unreviewed
俺,yue-HK,aan2,,,false,unicode-unihan-17@17.0.0:kCantonese,kCantonese,source-attested-unreviewed
俺,zh-Hant-TW,ǎn,,,false,unicode-unihan-17@17.0.0:kMandarin,kMandarin,source-attested-unreviewed
俺,zh-Hant-TW,yàn,,,false,unicode-unihan-17@17.0.0:kHanyuPinyin,kHanyuPinyin,source-attested-unreviewed
倘,yue-HK,tong2,,,false,unicode-unihan-17@17.0.0:kCantonese,kCantonese,source-attested-unreviewed
倘,yue-HK,soeng4,mandarin-mapping:cháng,,false,unicode-unihan-17@17.0.0:kSMSZD2003Readings,kSMSZD2003Readings,source-attested-unreviewed
倘,zh-Hant-TW,tǎng,,,false,unicode-unihan-17@17.0.0:kMandarin,kMandarin,source-attested-unreviewed
倘,zh-Hant-TW,cháng,,,false,unicode-unihan-17@17.0.0:kHanyuPinyin,kHanyuPinyin,source-attested-unreviewed
唷,yue-HK,jo1,,,false,unicode-unihan-17@17.0.0:kCantonese,kCantonese,source-attested-unreviewed
唷,zh-Hant-TW,yō,,,false,unicode-unihan-17@17.0.0:kMandarin,kMandarin,source-attested-unreviewed
唷,zh-Hant-TW,yù,,,false,unicode-unihan-17@17.0.0:kHanyuPinyin,kHanyuPinyin,source-attested-unreviewed
屐,yue-HK,kek6,,,false,unicode-unihan-17@17.0.0:kCantonese,kCantonese,source-attested-unreviewed
屐,zh-Hant-TW,jī,,,false,unicode-unihan-17@17.0.0:kMandarin,kMandarin,source-attested-unreviewed
恭,yue-HK,gung1,,,false,unicode-unihan-17@17.0.0:kCantonese,kCantonese,source-attested-unreviewed
恭,zh-Hant-TW,gōng,,,false,unicode-unihan-17@17.0.0:kMandarin,kMandarin,source-attested-unreviewed
晌,yue-HK,hoeng2,,,false,unicode-unihan-17@17.0.0:kCantonese,kCantonese,source-attested-unreviewed
晌,zh-Hant-TW,shǎng,,,false,unicode-unihan-17@17.0.0:kMandarin,kMandarin,source-attested-unreviewed
殷,yue-HK,jan1,,,false,unicode-unihan-17@17.0.0:kCantonese,kCantonese,source-attested-unreviewed
殷,yue-HK,jin1,mandarin-mapping:yān,,false,unicode-unihan-17@17.0.0:kSMSZD2003Readings,kSMSZD2003Readings,source-attested-unreviewed
殷,yue-HK,jan2,mandarin-mapping:yǐn,,false,unicode-unihan-17@17.0.0:kSMSZD2003Readings,kSMSZD2003Readings,source-attested-unreviewed
殷,zh-Hant-TW,yīn,,,false,unicode-unihan-17@17.0.0:kMandarin,kMandarin,source-attested-unreviewed
殷,zh-Hant-TW,yǐn,,,false,unicode-unihan-17@17.0.0:kHanyuPinyin,kHanyuPinyin,source-attested-unreviewed
殷,zh-Hant-TW,yān,,,false,unicode-unihan-17@17.0.0:kHanyuPinyin,kHanyuPinyin,source-attested-unreviewed
臭,yue-HK,cau3,,,false,unicode-unihan-17@17.0.0:kCantonese,kCantonese,source-attested-unreviewed
臭,zh-Hant-TW,chòu,,,false,unicode-unihan-17@17.0.0:kMandarin,kMandarin,source-attested-unreviewed
臭,zh-Hant-TW,xiù,,,false,unicode-unihan-17@17.0.0:kHanyuPinyin,kHanyuPinyin,source-attested-unreviewed
寇,yue-HK,kau3,,,false,unicode-unihan-17@17.0.0:kCantonese,kCantonese,source-attested-unreviewed
寇,zh-Hant-TW,kòu,,,false,unicode-unihan-17@17.0.0:kMandarin,kMandarin,source-attested-unreviewed
徙,yue-HK,saai2,,,false,unicode-unihan-17@17.0.0:kCantonese,kCantonese,source-attested-unreviewed
徙,zh-Hant-TW,xǐ,,,false,unicode-unihan-17@17.0.0:kMandarin,kMandarin,source-attested-unreviewed
徙,zh-Hant-TW,sī,,,false,unicode-unihan-17@17.0.0:kHanyuPinyin,kHanyuPinyin,source-attested-unreviewed
淳,yue-HK,seon4,,,false,unicode-unihan-17@17.0.0:kCantonese,kCantonese,source-attested-unreviewed
淳,zh-Hant-TW,chún,,,false,unicode-unihan-17@17.0.0:kMandarin,kMandarin,source-attested-unreviewed
淳,zh-Hant-TW,zhūn,,,false,unicode-unihan-17@17.0.0:kHanyuPinyin,kHanyuPinyin,source-attested-unreviewed
淳,zh-Hant-TW,zhǔn,,,false,unicode-unihan-17@17.0.0:kHanyuPinyin,kHanyuPinyin,source-attested-unreviewed
淪,yue-HK,leon4,,,false,unicode-unihan-17@17.0.0:kCantonese,kCantonese,source-attested-unreviewed
淪,zh-Hant-TW,lún,,,false,unicode-unihan-17@17.0.0:kMandarin,kMandarin,source-attested-unreviewed
淪,zh-Hant-TW,lǔn,,,false,unicode-unihan-17@17.0.0:kHanyuPinyin,kHanyuPinyin,source-attested-unreviewed
淪,zh-Hant-TW,guān,,,false,unicode-unihan-17@17.0.0:kHanyuPinyin,kHanyuPinyin,source-attested-unreviewed
笨,yue-HK,ban6,,,false,unicode-unihan-17@17.0.0:kCantonese,kCantonese,source-attested-unreviewed
笨,zh-Hant-TW,bèn,,,false,unicode-unihan-17@17.0.0:kMandarin,kMandarin,source-attested-unreviewed
覓,yue-HK,mik6,,,false,unicode-unihan-17@17.0.0:kCantonese,kCantonese,source-attested-unreviewed
覓,zh-Hant-TW,mì,,,false,unicode-unihan-17@17.0.0:kMandarin,kMandarin,source-attested-unreviewed
喧,yue-HK,hyun1,,,false,unicode-unihan-17@17.0.0:kCantonese,kCantonese,source-attested-unreviewed
喧,zh-Hant-TW,xuān,,,false,unicode-unihan-17@17.0.0:kMandarin,kMandarin,source-attested-unreviewed
喧,zh-Hant-TW,xuǎn,,,false,unicode-unihan-17@17.0.0:kHanyuPinyin,kHanyuPinyin,source-attested-unreviewed
喻,yue-HK,jyu6,,,false,unicode-unihan-17@17.0.0:kCantonese,kCantonese,source-attested-unreviewed
喻,zh-Hant-TW,yù,,,false,unicode-unihan-17@17.0.0:kMandarin,kMandarin,source-attested-unreviewed
喻,zh-Hant-TW,yú,,,false,unicode-unihan-17@17.0.0:kHanyuPinyin,kHanyuPinyin,source-attested-unreviewed
悶,yue-HK,mun6,,,false,unicode-unihan-17@17.0.0:kCantonese,kCantonese,source-attested-unreviewed
悶,zh-Hant-TW,mèn,,,false,unicode-unihan-17@17.0.0:kMandarin,kMandarin,source-attested-unreviewed
悶,zh-Hant-TW,mēn,attested-count:29,,false,unicode-unihan-17@17.0.0:kHanyuPinlu,kHanyuPinlu,source-attested-unreviewed
毯,yue-HK,taan2,,,false,unicode-unihan-17@17.0.0:kCantonese,kCantonese,source-attested-unreviewed
毯,yue-HK,taam2,mandarin-mapping:tǎn,,false,unicode-unihan-17@17.0.0:kSMSZD2003Readings,kSMSZD2003Readings,source-attested-unreviewed
毯,zh-Hant-TW,tǎn,,,false,unicode-unihan-17@17.0.0:kMandarin,kMandarin,source-attested-unreviewed
渣,yue-HK,zaa1,,,false,unicode-unihan-17@17.0.0:kCantonese,kCantonese,source-attested-unreviewed
渣,zh-Hant-TW,zhā,,,false,unicode-unihan-17@17.0.0:kMandarin,kMandarin,source-attested-unreviewed
渝,yue-HK,jyu4,,,false,unicode-unihan-17@17.0.0:kCantonese,kCantonese,source-attested-unreviewed
渝,zh-Hant-TW,yú,,,false,unicode-unihan-17@17.0.0:kMandarin,kMandarin,source-attested-unreviewed
渝,zh-Hant-TW,yū,,,false,unicode-unihan-17@17.0.0:kHanyuPinyin,kHanyuPinyin,source-attested-unreviewed
溉,yue-HK,koi3,,,false,unicode-unihan-17@17.0.0:kCantonese,kCantonese,source-attested-unreviewed
溉,zh-Hant-TW,gài,,,false,unicode-unihan-17@17.0.0:kMandarin,kMandarin,source-attested-unreviewed
溉,zh-Hant-TW,xiè,,,false,unicode-unihan-17@17.0.0:kHanyuPinyin,kHanyuPinyin,source-attested-unreviewed
琳,yue-HK,lam4,,,false,unicode-unihan-17@17.0.0:kCantonese,kCantonese,source-attested-unreviewed
琳,zh-Hant-TW,lín,,,false,unicode-unihan-17@17.0.0:kMandarin,kMandarin,source-attested-unreviewed
稈,yue-HK,gon2,,,false,unicode-unihan-17@17.0.0:kCantonese,kCantonese,source-attested-unreviewed
稈,zh-Hant-TW,gǎn,,,false,unicode-unihan-17@17.0.0:kMandarin,kMandarin,source-attested-unreviewed
雇,yue-HK,gu3,,,false,unicode-unihan-17@17.0.0:kCantonese,kCantonese,source-attested-unreviewed
雇,zh-Hant-TW,gù,,,false,unicode-unihan-17@17.0.0:kMandarin,kMandarin,source-attested-unreviewed
雇,zh-Hant-TW,hù,,,false,unicode-unihan-17@17.0.0:kHanyuPinyin,kHanyuPinyin,source-attested-unreviewed
剿,yue-HK,ziu2,,,false,unicode-unihan-17@17.0.0:kCantonese,kCantonese,source-attested-unreviewed
剿,yue-HK,caau1,mandarin-mapping:chāo,,false,unicode-unihan-17@17.0.0:kSMSZD2003Readings,kSMSZD2003Readings,source-attested-unreviewed
剿,zh-Hant-TW,jiǎo,,,false,unicode-unihan-17@17.0.0:kMandarin,kMandarin,source-attested-unreviewed
椰,yue-HK,je4,,,false,unicode-unihan-17@17.0.0:kCantonese,kCantonese,source-attested-unreviewed
椰,zh-Hant-TW,yē,,,false,unicode-unihan-17@17.0.0:kMandarin,kMandarin,source-attested-unreviewed
楞,yue-HK,ling4,,,false,unicode-unihan-17@17.0.0:kCantonese,kCantonese,source-attested-unreviewed
楞,yue-HK,ling6,mandarin-mapping:lèng,,false,unicode-unihan-17@17.0.0:kSMSZD2003Readings,kSMSZD2003Readings,source-attested-unreviewed
楞,zh-Hant-TW,léng,,,false,unicode-unihan-17@17.0.0:kMandarin,kMandarin,source-attested-unreviewed
楞,zh-Hant-TW,lèng,,,false,unicode-unihan-17@17.0.0:kHanyuPinyin,kHanyuPinyin,source-attested-unreviewed
溶,yue-HK,jung4,,,false,unicode-unihan-17@17.0.0:kCantonese,kCantonese,source-attested-unreviewed
溶,zh-Hant-TW,róng,,,false,unicode-unihan-17@17.0.0:kMandarin,kMandarin,source-attested-unreviewed
瑟,yue-HK,sat1,,,false,unicode-unihan-17@17.0.0:kCantonese,kCantonese,source-attested-unreviewed
瑟,zh-Hant-TW,sè,,,false,unicode-unihan-17@17.0.0:kMandarin,kMandarin,source-attested-unreviewed
睹,yue-HK,dou2,,,false,unicode-unihan-17@17.0.0:kCantonese,kCantonese,source-attested-unreviewed
睹,zh-Hant-TW,dǔ,,,false,unicode-unihan-17@17.0.0:kMandarin,kMandarin,source-attested-unreviewed
碉,yue-HK,diu1,,,false,unicode-unihan-17@17.0.0:kCantonese,kCantonese,source-attested-unreviewed
碉,zh-Hant-TW,diāo,,,false,unicode-unihan-17@17.0.0:kMandarin,kMandarin,source-attested-unreviewed
腥,yue-HK,sing1,,,false,unicode-unihan-17@17.0.0:kCantonese,kCantonese,source-attested-unreviewed
腥,yue-HK,seng1,mandarin-mapping:xīng,,false,unicode-unihan-17@17.0.0:kSMSZD2003Readings,kSMSZD2003Readings,source-attested-unreviewed
腥,zh-Hant-TW,xīng,,,false,unicode-unihan-17@17.0.0:kMandarin,kMandarin,source-attested-unreviewed
舅,yue-HK,kau5,,,false,unicode-unihan-17@17.0.0:kCantonese,kCantonese,source-attested-unreviewed
舅,yue-HK,kau3,mandarin-mapping:jiù,,false,unicode-unihan-17@17.0.0:kSMSZD2003Readings,kSMSZD2003Readings,source-attested-unreviewed
舅,zh-Hant-TW,jiù,,,false,unicode-unihan-17@17.0.0:kMandarin,kMandarin,source-attested-unreviewed
舅,zh-Hant-TW,jiu,attested-count:35,,false,unicode-unihan-17@17.0.0:kHanyuPinlu,kHanyuPinlu,source-attested-unreviewed
詭,yue-HK,gwai2,,,false,unicode-unihan-17@17.0.0:kCantonese,kCantonese,source-attested-unreviewed
詭,zh-Hant-TW,guǐ,,,false,unicode-unihan-17@17.0.0:kMandarin,kMandarin,source-attested-unreviewed
鉗,yue-HK,kim4,,,false,unicode-unihan-17@17.0.0:kCantonese,kCantonese,source-attested-unreviewed
鉗,zh-Hant-TW,qián,,,false,unicode-unihan-17@17.0.0:kMandarin,kMandarin,source-attested-unreviewed
鉗,zh-Hant-TW,ān,,,false,unicode-unihan-17@17.0.0:kHanyuPinyin,kHanyuPinyin,source-attested-unreviewed
嘖,yue-HK,zaak3,,,false,unicode-unihan-17@17.0.0:kCantonese,kCantonese,source-attested-unreviewed
嘖,zh-Hant-TW,zé,,,false,unicode-unihan-17@17.0.0:kMandarin,kMandarin,source-attested-unreviewed
嶄,yue-HK,zaam2,,,false,unicode-unihan-17@17.0.0:kCantonese,kCantonese,source-attested-unreviewed
嶄,zh-Hant-TW,zhǎn,,,false,unicode-unihan-17@17.0.0:kMandarin,kMandarin,source-attested-unreviewed
嶄,zh-Hant-TW,chán,,,false,unicode-unihan-17@17.0.0:kHanyuPinyin,kHanyuPinyin,source-attested-unreviewed
慷,yue-HK,kong2,,,false,unicode-unihan-17@17.0.0:kCantonese,kCantonese,source-attested-unreviewed
慷,zh-Hant-TW,kāng,,,false,unicode-unihan-17@17.0.0:kMandarin,kMandarin,source-attested-unreviewed
撇,yue-HK,pit3,,,false,unicode-unihan-17@17.0.0:kCantonese,kCantonese,source-attested-unreviewed
撇,zh-Hant-TW,piē,,,false,unicode-unihan-17@17.0.0:kMandarin,kMandarin,source-attested-unreviewed
撇,zh-Hant-TW,biē,,,false,unicode-unihan-17@17.0.0:kHanyuPinyin,kHanyuPinyin,source-attested-unreviewed
撇,zh-Hant-TW,piě,,,false,unicode-unihan-17@17.0.0:kHanyuPinyin,kHanyuPinyin,source-attested-unreviewed
瑤,yue-HK,jiu4,,,false,unicode-unihan-17@17.0.0:kCantonese,kCantonese,source-attested-unreviewed
瑤,zh-Hant-TW,yáo,,,false,unicode-unihan-17@17.0.0:kMandarin,kMandarin,source-attested-unreviewed
瑰,yue-HK,gwai1,,,false,unicode-unihan-17@17.0.0:kCantonese,kCantonese,source-attested-unreviewed
瑰,yue-HK,gwai3,mandarin-mapping:guī,,false,unicode-unihan-17@17.0.0:kSMSZD2003Readings,kSMSZD2003Readings,source-attested-unreviewed
瑰,zh-Hant-TW,guī,,,false,unicode-unihan-17@17.0.0:kMandarin,kMandarin,source-attested-unreviewed
裴,yue-HK,pui4,,,false,unicode-unihan-17@17.0.0:kCantonese,kCantonese,source-attested-unreviewed
裴,zh-Hant-TW,péi,,,false,unicode-unihan-17@17.0.0:kMandarin,kMandarin,source-attested-unreviewed
裴,zh-Hant-TW,féi,,,false,unicode-unihan-17@17.0.0:kHanyuPinyin,kHanyuPinyin,source-attested-unreviewed
銜,yue-HK,haam4,,,false,unicode-unihan-17@17.0.0:kCantonese,kCantonese,source-attested-unreviewed
銜,zh-Hant-TW,xián,,,false,unicode-unihan-17@17.0.0:kMandarin,kMandarin,source-attested-unreviewed
雌,yue-HK,ci1,,,false,unicode-unihan-17@17.0.0:kCantonese,kCantonese,source-attested-unreviewed
雌,zh-Hant-TW,cí,,,false,unicode-unihan-17@17.0.0:kMandarin,kMandarin,source-attested-unreviewed
駁,yue-HK,bok3,,,false,unicode-unihan-17@17.0.0:kCantonese,kCantonese,source-attested-unreviewed
駁,zh-Hant-TW,bó,,,false,unicode-unihan-17@17.0.0:kMandarin,kMandarin,source-attested-unreviewed
噓,yue-HK,heoi1,,,false,unicode-unihan-17@17.0.0:kCantonese,kCantonese,source-attested-unreviewed
噓,yue-HK,hoe1,mandarin-mapping:shī,,false,unicode-unihan-17@17.0.0:kSMSZD2003Readings,kSMSZD2003Readings,source-attested-unreviewed
噓,zh-Hant-TW,xū,,,false,unicode-unihan-17@17.0.0:kMandarin,kMandarin,source-attested-unreviewed
履,yue-HK,lei5,,,false,unicode-unihan-17@17.0.0:kCantonese,kCantonese,source-attested-unreviewed
履,zh-Hant-TW,lǚ,,,false,unicode-unihan-17@17.0.0:kMandarin,kMandarin,source-attested-unreviewed
憫,yue-HK,man5,,,false,unicode-unihan-17@17.0.0:kCantonese,kCantonese,source-attested-unreviewed
憫,zh-Hant-TW,mǐn,,,false,unicode-unihan-17@17.0.0:kMandarin,kMandarin,source-attested-unreviewed
樞,yue-HK,syu1,,,false,unicode-unihan-17@17.0.0:kCantonese,kCantonese,source-attested-unreviewed
樞,zh-Hant-TW,shū,,,false,unicode-unihan-17@17.0.0:kMandarin,kMandarin,source-attested-unreviewed
樞,zh-Hant-TW,ōu,,,false,unicode-unihan-17@17.0.0:kHanyuPinyin,kHanyuPinyin,source-attested-unreviewed
槽,yue-HK,cou4,,,false,unicode-unihan-17@17.0.0:kCantonese,kCantonese,source-attested-unreviewed
槽,zh-Hant-TW,cáo,,,false,unicode-unihan-17@17.0.0:kMandarin,kMandarin,source-attested-unreviewed
槽,zh-Hant-TW,zāo,,,false,unicode-unihan-17@17.0.0:kHanyuPinyin,kHanyuPinyin,source-attested-unreviewed
潺,yue-HK,saan4,,,false,unicode-unihan-17@17.0.0:kCantonese,kCantonese,source-attested-unreviewed
潺,zh-Hant-TW,chán,,,false,unicode-unihan-17@17.0.0:kMandarin,kMandarin,source-attested-unreviewed
潘,yue-HK,pun1,,,false,unicode-unihan-17@17.0.0:kCantonese,kCantonese,source-attested-unreviewed
潘,zh-Hant-TW,pān,,,false,unicode-unihan-17@17.0.0:kMandarin,kMandarin,source-attested-unreviewed
潘,zh-Hant-TW,pàn,,,false,unicode-unihan-17@17.0.0:kHanyuPinyin,kHanyuPinyin,source-attested-unreviewed
潘,zh-Hant-TW,bō,,,false,unicode-unihan-17@17.0.0:kHanyuPinyin,kHanyuPinyin,source-attested-unreviewed
潘,zh-Hant-TW,pán,,,false,unicode-unihan-17@17.0.0:kHanyuPinyin,kHanyuPinyin,source-attested-unreviewed
潘,zh-Hant-TW,fān,,,false,unicode-unihan-17@17.0.0:kHanyuPinyin,kHanyuPinyin,source-attested-unreviewed
諒,yue-HK,loeng6,,,false,unicode-unihan-17@17.0.0:kCantonese,kCantonese,source-attested-unreviewed
諒,zh-Hant-TW,liàng,,,false,unicode-unihan-17@17.0.0:kMandarin,kMandarin,source-attested-unreviewed
諒,zh-Hant-TW,liáng,,,false,unicode-unihan-17@17.0.0:kHanyuPinyin,kHanyuPinyin,source-attested-unreviewed
賢,yue-HK,jin4,,,false,unicode-unihan-17@17.0.0:kCantonese,kCantonese,source-attested-unreviewed
賢,zh-Hant-TW,xián,,,false,unicode-unihan-17@17.0.0:kMandarin,kMandarin,source-attested-unreviewed
賢,zh-Hant-TW,xiàn,,,false,unicode-unihan-17@17.0.0:kHanyuPinyin,kHanyuPinyin,source-attested-unreviewed
橇,yue-HK,hiu1,,,false,unicode-unihan-17@17.0.0:kCantonese,kCantonese,source-attested-unreviewed
橇,yue-HK,ceoi3,mandarin-mapping:qiāo,,false,unicode-unihan-17@17.0.0:kSMSZD2003Readings,kSMSZD2003Readings,source-attested-unreviewed
橇,zh-Hant-TW,qiāo,,,false,unicode-unihan-17@17.0.0:kMandarin,kMandarin,source-attested-unreviewed
瓢,yue-HK,piu4,,,false,unicode-unihan-17@17.0.0:kCantonese,kCantonese,source-attested-unreviewed
瓢,zh-Hant-TW,piáo,,,false,unicode-unihan-17@17.0.0:kMandarin,kMandarin,source-attested-unreviewed
諷,yue-HK,fung3,,,false,unicode-unihan-17@17.0.0:kCantonese,kCantonese,source-attested-unreviewed
諷,zh-Hant-TW,fěng,,,false,unicode-unihan-17@17.0.0:kMandarin,kMandarin,source-attested-unreviewed
諷,zh-Hant-TW,fèng,,,false,unicode-unihan-17@17.0.0:kMandarin,kMandarin,source-attested-unreviewed
錠,yue-HK,ding3,,,false,unicode-unihan-17@17.0.0:kCantonese,kCantonese,source-attested-unreviewed
錠,yue-HK,ding6,mandarin-mapping:dìng,,false,unicode-unihan-17@17.0.0:kSMSZD2003Readings,kSMSZD2003Readings,source-attested-unreviewed
錠,zh-Hant-TW,dìng,,,false,unicode-unihan-17@17.0.0:kMandarin,kMandarin,source-attested-unreviewed
霎,yue-HK,saap3,,,false,unicode-unihan-17@17.0.0:kCantonese,kCantonese,source-attested-unreviewed
霎,zh-Hant-TW,shà,,,false,unicode-unihan-17@17.0.0:kMandarin,kMandarin,source-attested-unreviewed
鴣,yue-HK,gu1,,,false,unicode-unihan-17@17.0.0:kCantonese,kCantonese,source-attested-unreviewed
鴣,zh-Hant-TW,gū,,,false,unicode-unihan-17@17.0.0:kMandarin,kMandarin,source-attested-unreviewed
嚀,yue-HK,ning4,,,false,unicode-unihan-17@17.0.0:kCantonese,kCantonese,source-attested-unreviewed
嚀,zh-Hant-TW,níng,,,false,unicode-unihan-17@17.0.0:kMandarin,kMandarin,source-attested-unreviewed
嶼,yue-HK,zeoi6,,,false,unicode-unihan-17@17.0.0:kCantonese,kCantonese,source-attested-unreviewed
嶼,yue-HK,jyu4,mandarin-mapping:yǔ,,false,unicode-unihan-17@17.0.0:kSMSZD2003Readings,kSMSZD2003Readings,source-attested-unreviewed
嶼,zh-Hant-TW,yǔ,,,false,unicode-unihan-17@17.0.0:kMandarin,kMandarin,source-attested-unreviewed
嶼,zh-Hant-TW,xù,,,false,unicode-unihan-17@17.0.0:kHanyuPinyin,kHanyuPinyin,source-attested-unreviewed
彌,yue-HK,nei4,,,false,unicode-unihan-17@17.0.0:kCantonese,kCantonese,source-attested-unreviewed
彌,zh-Hant-TW,mí,,,false,unicode-unihan-17@17.0.0:kMandarin,kMandarin,source-attested-unreviewed
彌,zh-Hant-TW,mǐ,,,false,unicode-unihan-17@17.0.0:kHanyuPinyin,kHanyuPinyin,source-attested-unreviewed
彌,zh-Hant-TW,ní,,,false,unicode-unihan-17@17.0.0:kHanyuPinyin,kHanyuPinyin,source-attested-unreviewed
擎,yue-HK,king4,,,false,unicode-unihan-17@17.0.0:kCantonese,kCantonese,source-attested-unreviewed
擎,zh-Hant-TW,qíng,,,false,unicode-unihan-17@17.0.0:kMandarin,kMandarin,source-attested-unreviewed
濱,yue-HK,ban1,,,false,unicode-unihan-17@17.0.0:kCantonese,kCantonese,source-attested-unreviewed
濱,zh-Hant-TW,bīn,,,false,unicode-unihan-17@17.0.0:kMandarin,kMandarin,source-attested-unreviewed
癌,yue-HK,ngaam4,,,false,unicode-unihan-17@17.0.0:kCantonese,kCantonese,source-attested-unreviewed
癌,zh-Hant-TW,ái,,,false,unicode-unihan-17@17.0.0:kMandarin,kMandarin,source-attested-unreviewed
癌,zh-Hant-TW,yán,,,false,unicode-unihan-17@17.0.0:kHanyuPinyin,kHanyuPinyin,source-attested-unreviewed
盪,yue-HK,dong6,,,false,unicode-unihan-17@17.0.0:kCantonese,kCantonese,source-attested-unreviewed
盪,zh-Hant-TW,dàng,,,false,unicode-unihan-17@17.0.0:kMandarin,kMandarin,source-attested-unreviewed
薯,yue-HK,syu4,,,false,unicode-unihan-17@17.0.0:kCantonese,kCantonese,source-attested-unreviewed
薯,zh-Hant-TW,shǔ,,,false,unicode-unihan-17@17.0.0:kMandarin,kMandarin,source-attested-unreviewed
蹋,yue-HK,daap6,,,false,unicode-unihan-17@17.0.0:kCantonese,kCantonese,source-attested-unreviewed
蹋,zh-Hant-TW,tà,,,false,unicode-unihan-17@17.0.0:kMandarin,kMandarin,source-attested-unreviewed
遽,yue-HK,geoi6,,,false,unicode-unihan-17@17.0.0:kCantonese,kCantonese,source-attested-unreviewed
遽,zh-Hant-TW,jù,,,false,unicode-unihan-17@17.0.0:kMandarin,kMandarin,source-attested-unreviewed
遽,zh-Hant-TW,qú,,,false,unicode-unihan-17@17.0.0:kHanyuPinyin,kHanyuPinyin,source-attested-unreviewed
鍾,yue-HK,zung1,,,false,unicode-unihan-17@17.0.0:kCantonese,kCantonese,source-attested-unreviewed
鍾,zh-Hant-TW,zhōng,,,false,unicode-unihan-17@17.0.0:kMandarin,kMandarin,source-attested-unreviewed
鍬,yue-HK,ciu1,,,false,unicode-unihan-17@17.0.0:kCantonese,kCantonese,source-attested-unreviewed
鍬,zh-Hant-TW,qiāo,,,false,unicode-unihan-17@17.0.0:kMandarin,kMandarin,source-attested-unreviewed
瞻,yue-HK,zim1,,,false,unicode-unihan-17@17.0.0:kCantonese,kCantonese,source-attested-unreviewed
瞻,zh-Hant-TW,zhān,,,false,unicode-unihan-17@17.0.0:kMandarin,kMandarin,source-attested-unreviewed
藐,yue-HK,miu5,,,false,unicode-unihan-17@17.0.0:kCantonese,kCantonese,source-attested-unreviewed
藐,zh-Hant-TW,miǎo,,,false,unicode-unihan-17@17.0.0:kMandarin,kMandarin,source-attested-unreviewed
藐,zh-Hant-TW,mò,,,false,unicode-unihan-17@17.0.0:kHanyuPinyin,kHanyuPinyin,source-attested-unreviewed
蹤,yue-HK,zung1,,,false,unicode-unihan-17@17.0.0:kCantonese,kCantonese,source-attested-unreviewed
蹤,zh-Hant-TW,zōng,,,false,unicode-unihan-17@17.0.0:kMandarin,kMandarin,source-attested-unreviewed
鎢,yue-HK,wu1,,,false,unicode-unihan-17@17.0.0:kCantonese,kCantonese,source-attested-unreviewed
鎢,zh-Hant-TW,wū,,,false,unicode-unihan-17@17.0.0:kMandarin,kMandarin,source-attested-unreviewed
瀾,yue-HK,laan4,,,false,unicode-unihan-17@17.0.0:kCantonese,kCantonese,source-attested-unreviewed
瀾,zh-Hant-TW,lán,,,false,unicode-unihan-17@17.0.0:kMandarin,kMandarin,source-attested-unreviewed
礫,yue-HK,lik1,,,false,unicode-unihan-17@17.0.0:kCantonese,kCantonese,source-attested-unreviewed
礫,zh-Hant-TW,lì,,,false,unicode-unihan-17@17.0.0:kMandarin,kMandarin,source-attested-unreviewed
礫,zh-Hant-TW,luò,,,false,unicode-unihan-17@17.0.0:kHanyuPinyin,kHanyuPinyin,source-attested-unreviewed
藻,yue-HK,zou2,,,false,unicode-unihan-17@17.0.0:kCantonese,kCantonese,source-attested-unreviewed
藻,zh-Hant-TW,zǎo,,,false,unicode-unihan-17@17.0.0:kMandarin,kMandarin,source-attested-unreviewed
藹,yue-HK,oi2,,,false,unicode-unihan-17@17.0.0:kCantonese,kCantonese,source-attested-unreviewed
藹,zh-Hant-TW,ǎi,,,false,unicode-unihan-17@17.0.0:kMandarin,kMandarin,source-attested-unreviewed
鰍,yue-HK,cau1,,,false,unicode-unihan-17@17.0.0:kCantonese,kCantonese,source-attested-unreviewed
鰍,zh-Hant-TW,qiū,,,false,unicode-unihan-17@17.0.0:kMandarin,kMandarin,source-attested-unreviewed
巒,yue-HK,lyun4,,,false,unicode-unihan-17@17.0.0:kCantonese,kCantonese,source-attested-unreviewed
巒,zh-Hant-TW,luán,,,false,unicode-unihan-17@17.0.0:kMandarin,kMandarin,source-attested-unreviewed
鷓,yue-HK,ze3,,,false,unicode-unihan-17@17.0.0:kCantonese,kCantonese,source-attested-unreviewed
鷓,zh-Hant-TW,zhè,,,false,unicode-unihan-17@17.0.0:kMandarin,kMandarin,source-attested-unreviewed
鷺,yue-HK,lou6,,,false,unicode-unihan-17@17.0.0:kCantonese,kCantonese,source-attested-unreviewed
鷺,zh-Hant-TW,lù,,,false,unicode-unihan-17@17.0.0:kMandarin,kMandarin,source-attested-unreviewed
韆,yue-HK,cin1,,,false,unicode-unihan-17@17.0.0:kCantonese,kCantonese,source-attested-unreviewed
韆,zh-Hant-TW,qiān,,,false,unicode-unihan-17@17.0.0:kMandarin,kMandarin,source-attested-unreviewed
僕,yue-HK,buk6,,,false,unicode-unihan-17@17.0.0:kCantonese,kCantonese,source-attested-unreviewed
僕,zh-Hant-TW,pú,,,false,unicode-unihan-17@17.0.0:kMandarin,kMandarin,source-attested-unreviewed
僕,zh-Hant-TW,pū,,,false,unicode-unihan-17@17.0.0:kHanyuPinyin,kHanyuPinyin,source-attested-unreviewed
僕,zh-Hant-TW,bú,,,false,unicode-unihan-17@17.0.0:kHanyuPinyin,kHanyuPinyin,source-attested-unreviewed
欠,yue-HK,him3,,,false,unicode-unihan-17@17.0.0:kCantonese,kCantonese,source-attested-unreviewed
欠,zh-Hant-TW,qiàn,,,false,unicode-unihan-17@17.0.0:kMandarin,kMandarin,source-attested-unreviewed
欠,zh-Hant-TW,qian,attested-count:16,,false,unicode-unihan-17@17.0.0:kHanyuPinlu,kHanyuPinlu,source-attested-unreviewed
仞,yue-HK,jan6,,,false,unicode-unihan-17@17.0.0:kCantonese,kCantonese,source-attested-unreviewed
仞,zh-Hant-TW,rèn,,,false,unicode-unihan-17@17.0.0:kMandarin,kMandarin,source-attested-unreviewed
凹,yue-HK,aau3,,,false,unicode-unihan-17@17.0.0:kCantonese,kCantonese,source-attested-unreviewed
凹,yue-HK,nap1,mandarin-mapping:āo,,false,unicode-unihan-17@17.0.0:kSMSZD2003Readings,kSMSZD2003Readings,source-attested-unreviewed
凹,yue-HK,waa1,mandarin-mapping:wā,,false,unicode-unihan-17@17.0.0:kSMSZD2003Readings,kSMSZD2003Readings,source-attested-unreviewed
凹,zh-Hant-TW,āo,,,false,unicode-unihan-17@17.0.0:kMandarin,kMandarin,source-attested-unreviewed
凹,zh-Hant-TW,wā,,,false,unicode-unihan-17@17.0.0:kHanyuPinyin,kHanyuPinyin,source-attested-unreviewed
伊,yue-HK,ji1,,,false,unicode-unihan-17@17.0.0:kCantonese,kCantonese,source-attested-unreviewed
伊,zh-Hant-TW,yī,,,false,unicode-unihan-17@17.0.0:kMandarin,kMandarin,source-attested-unreviewed
妄,yue-HK,mong5,,,false,unicode-unihan-17@17.0.0:kCantonese,kCantonese,source-attested-unreviewed
妄,zh-Hant-TW,wàng,,,false,unicode-unihan-17@17.0.0:kMandarin,kMandarin,source-attested-unreviewed
妄,zh-Hant-TW,wáng,,,false,unicode-unihan-17@17.0.0:kHanyuPinyin,kHanyuPinyin,source-attested-unreviewed
劫,yue-HK,gip3,,,false,unicode-unihan-17@17.0.0:kCantonese,kCantonese,source-attested-unreviewed
劫,zh-Hant-TW,jié,,,false,unicode-unihan-17@17.0.0:kMandarin,kMandarin,source-attested-unreviewed
尿,yue-HK,niu6,,,false,unicode-unihan-17@17.0.0:kCantonese,kCantonese,source-attested-unreviewed
尿,yue-HK,seoi1,mandarin-mapping:suī,,false,unicode-unihan-17@17.0.0:kSMSZD2003Readings,kSMSZD2003Readings,source-attested-unreviewed
尿,zh-Hant-TW,niào,,,false,unicode-unihan-17@17.0.0:kMandarin,kMandarin,source-attested-unreviewed
尿,zh-Hant-TW,suī,,,false,unicode-unihan-17@17.0.0:kHanyuPinyin,kHanyuPinyin,source-attested-unreviewed
罕,yue-HK,hon2,,,false,unicode-unihan-17@17.0.0:kCantonese,kCantonese,source-attested-unreviewed
罕,zh-Hant-TW,hǎn,,,false,unicode-unihan-17@17.0.0:kMandarin,kMandarin,source-attested-unreviewed
罕,zh-Hant-TW,hàn,,,false,unicode-unihan-17@17.0.0:kHanyuPinyin,kHanyuPinyin,source-attested-unreviewed
肖,yue-HK,ciu3,,,false,unicode-unihan-17@17.0.0:kCantonese,kCantonese,source-attested-unreviewed
肖,zh-Hant-TW,xiào,,,false,unicode-unihan-17@17.0.0:kMandarin,kMandarin,source-attested-unreviewed
肖,zh-Hant-TW,xiāo,,,false,unicode-unihan-17@17.0.0:kHanyuPinyin,kHanyuPinyin,source-attested-unreviewed
芋,yue-HK,wu6,,,false,unicode-unihan-17@17.0.0:kCantonese,kCantonese,source-attested-unreviewed
芋,zh-Hant-TW,yù,,,false,unicode-unihan-17@17.0.0:kMandarin,kMandarin,source-attested-unreviewed
芋,zh-Hant-TW,yú,,,false,unicode-unihan-17@17.0.0:kHanyuPinyin,kHanyuPinyin,source-attested-unreviewed
芋,zh-Hant-TW,xū,,,false,unicode-unihan-17@17.0.0:kHanyuPinyin,kHanyuPinyin,source-attested-unreviewed
芋,zh-Hant-TW,yǔ,,,false,unicode-unihan-17@17.0.0:kHanyuPinyin,kHanyuPinyin,source-attested-unreviewed
阱,yue-HK,zing6,,,false,unicode-unihan-17@17.0.0:kCantonese,kCantonese,source-attested-unreviewed
阱,yue-HK,zeng6,mandarin-mapping:jǐng,,false,unicode-unihan-17@17.0.0:kSMSZD2003Readings,kSMSZD2003Readings,source-attested-unreviewed
阱,zh-Hant-TW,jǐng,,,false,unicode-unihan-17@17.0.0:kMandarin,kMandarin,source-attested-unreviewed
券,yue-HK,hyun3,,,false,unicode-unihan-17@17.0.0:kCantonese,kCantonese,source-attested-unreviewed
券,yue-HK,gyun3,"mandarin-mapping:quàn,juàn",,false,unicode-unihan-17@17.0.0:kSMSZD2003Readings,kSMSZD2003Readings,source-attested-unreviewed
券,zh-Hant-TW,quàn,,,false,unicode-unihan-17@17.0.0:kMandarin,kMandarin,source-attested-unreviewed
券,zh-Hant-TW,xuàn,,,false,unicode-unihan-17@17.0.0:kHanyuPinyin,kHanyuPinyin,source-attested-unreviewed
剁,yue-HK,doek3,,,false,unicode-unihan-17@17.0.0:kCantonese,kCantonese,source-attested-unreviewed
剁,yue-HK,do2,mandarin-mapping:duò,,false,unicode-unihan-17@17.0.0:kSMSZD2003Readings,kSMSZD2003Readings,source-attested-unreviewed
剁,zh-Hant-TW,duò,,,false,unicode-unihan-17@17.0.0:kMandarin,kMandarin,source-attested-unreviewed
奈,yue-HK,noi6,,,false,unicode-unihan-17@17.0.0:kCantonese,kCantonese,source-attested-unreviewed
奈,zh-Hant-TW,nài,,,false,unicode-unihan-17@17.0.0:kMandarin,kMandarin,source-attested-unreviewed
妮,yue-HK,nei4,,,false,unicode-unihan-17@17.0.0:kCantonese,kCantonese,source-attested-unreviewed
妮,zh-Hant-TW,nī,,,false,unicode-unihan-17@17.0.0:kMandarin,kMandarin,source-attested-unreviewed
妮,zh-Hant-TW,ní,,,false,unicode-unihan-17@17.0.0:kHanyuPinyin,kHanyuPinyin,source-attested-unreviewed
怖,yue-HK,bou3,,,false,unicode-unihan-17@17.0.0:kCantonese,kCantonese,source-attested-unreviewed
怖,zh-Hant-TW,bù,,,false,unicode-unihan-17@17.0.0:kMandarin,kMandarin,source-attested-unreviewed
杭,yue-HK,hong4,,,false,unicode-unihan-17@17.0.0:kCantonese,kCantonese,source-attested-unreviewed
杭,zh-Hant-TW,háng,,,false,unicode-unihan-17@17.0.0:kMandarin,kMandarin,source-attested-unreviewed
杭,zh-Hant-TW,kàng,,,false,unicode-unihan-17@17.0.0:kHanyuPinyin,kHanyuPinyin,source-attested-unreviewed
杭,zh-Hant-TW,kāng,,,false,unicode-unihan-17@17.0.0:kHanyuPinyin,kHanyuPinyin,source-attested-unreviewed
泄,yue-HK,sit3,,,false,unicode-unihan-17@17.0.0:kCantonese,kCantonese,source-attested-unreviewed
泄,zh-Hant-TW,xiè,,,false,unicode-unihan-17@17.0.0:kMandarin,kMandarin,source-attested-unreviewed
泄,zh-Hant-TW,yì,,,false,unicode-unihan-17@17.0.0:kHanyuPinyin,kHanyuPinyin,source-attested-unreviewed
狐,yue-HK,wu4,,,false,unicode-unihan-17@17.0.0:kCantonese,kCantonese,source-attested-unreviewed
狐,zh-Hant-TW,hú,,,false,unicode-unihan-17@17.0.0:kMandarin,kMandarin,source-attested-unreviewed
竺,yue-HK,zuk1,,,false,unicode-unihan-17@17.0.0:kCantonese,kCantonese,source-attested-unreviewed
竺,zh-Hant-TW,zhú,,,false,unicode-unihan-17@17.0.0:kMandarin,kMandarin,source-attested-unreviewed
竺,zh-Hant-TW,dǔ,,,false,unicode-unihan-17@17.0.0:kHanyuPinyin,kHanyuPinyin,source-attested-unreviewed
俘,yue-HK,fu1,,,false,unicode-unihan-17@17.0.0:kCantonese,kCantonese,source-attested-unreviewed
俘,zh-Hant-TW,fú,,,false,unicode-unihan-17@17.0.0:kMandarin,kMandarin,source-attested-unreviewed
冑,yue-HK,zau6,,,false,unicode-unihan-17@17.0.0:kCantonese,kCantonese,source-attested-unreviewed
冑,zh-Hant-TW,zhòu,,,false,unicode-unihan-17@17.0.0:kMandarin,kMandarin,source-attested-unreviewed
匍,yue-HK,pou4,,,false,unicode-unihan-17@17.0.0:kCantonese,kCantonese,source-attested-unreviewed
匍,zh-Hant-TW,pú,,,false,unicode-unihan-17@17.0.0:kMandarin,kMandarin,source-attested-unreviewed
咨,yue-HK,zi1,,,false,unicode-unihan-17@17.0.0:kCantonese,kCantonese,source-attested-unreviewed
咨,zh-Hant-TW,zī,,,false,unicode-unihan-17@17.0.0:kMandarin,kMandarin,source-attested-unreviewed
拭,yue-HK,sik1,,,false,unicode-unihan-17@17.0.0:kCantonese,kCantonese,source-attested-unreviewed
拭,zh-Hant-TW,shì,,,false,unicode-unihan-17@17.0.0:kMandarin,kMandarin,source-attested-unreviewed
拽,yue-HK,jai6,,,false,unicode-unihan-17@17.0.0:kCantonese,kCantonese,source-attested-unreviewed
拽,yue-HK,jit6,mandarin-mapping:zhuài,,false,unicode-unihan-17@17.0.0:kSMSZD2003Readings,kSMSZD2003Readings,source-attested-unreviewed
拽,zh-Hant-TW,zhuài,,,false,unicode-unihan-17@17.0.0:kMandarin,kMandarin,source-attested-unreviewed
拽,zh-Hant-TW,yè,,,false,unicode-unihan-17@17.0.0:kHanyuPinyin,kHanyuPinyin,source-attested-unreviewed
拽,zh-Hant-TW,zhuāi,,,false,unicode-unihan-17@17.0.0:kHanyuPinyin,kHanyuPinyin,source-attested-unreviewed
拷,yue-HK,haau2,,,false,unicode-unihan-17@17.0.0:kCantonese,kCantonese,source-attested-unreviewed
拷,zh-Hant-TW,kǎo,,,false,unicode-unihan-17@17.0.0:kMandarin,kMandarin,source-attested-unreviewed
柵,yue-HK,caak3,,,false,unicode-unihan-17@17.0.0:kCantonese,kCantonese,source-attested-unreviewed
柵,yue-HK,saan1,mandarin-mapping:zhà,,false,unicode-unihan-17@17.0.0:kSMSZD2003Readings,kSMSZD2003Readings,source-attested-unreviewed
柵,zh-Hant-TW,shān,,,false,unicode-unihan-17@17.0.0:kMandarin,kMandarin,source-attested-unreviewed
柵,zh-Hant-TW,zhà,,,false,unicode-unihan-17@17.0.0:kHanyuPinyin,kHanyuPinyin,source-attested-unreviewed
炬,yue-HK,geoi6,,,false,unicode-unihan-17@17.0.0:kCantonese,kCantonese,source-attested-unreviewed
炬,zh-Hant-TW,jù,,,false,unicode-unihan-17@17.0.0:kMandarin,kMandarin,source-attested-unreviewed
鞦,yue-HK,cau1,,,false,unicode-unihan-17@17.0.0:kCantonese,kCantonese,source-attested-unreviewed
鞦,zh-Hant-TW,qiū,,,false,unicode-unihan-17@17.0.0:kMandarin,kMandarin,source-attested-unreviewed
胚,yue-HK,pui1,,,false,unicode-unihan-17@17.0.0:kCantonese,kCantonese,source-attested-unreviewed
胚,yue-HK,pei1,mandarin-mapping:pēi,,false,unicode-unihan-17@17.0.0:kSMSZD2003Readings,kSMSZD2003Readings,source-attested-unreviewed
胚,zh-Hant-TW,pēi,,,false,unicode-unihan-17@17.0.0:kMandarin,kMandarin,source-attested-unreviewed
匪,yue-HK,fei2,,,false,unicode-unihan-17@17.0.0:kCantonese,kCantonese,source-attested-unreviewed
匪,zh-Hant-TW,fěi,,,false,unicode-unihan-17@17.0.0:kMandarin,kMandarin,source-attested-unreviewed
匪,zh-Hant-TW,fēi,,,false,unicode-unihan-17@17.0.0:kHanyuPinyin,kHanyuPinyin,source-attested-unreviewed
匪,zh-Hant-TW,fēn,,,false,unicode-unihan-17@17.0.0:kHanyuPinyin,kHanyuPinyin,source-attested-unreviewed
哮,yue-HK,haau1,,,false,unicode-unihan-17@17.0.0:kCantonese,kCantonese,source-attested-unreviewed
哮,zh-Hant-TW,xiào,,,false,unicode-unihan-17@17.0.0:kMandarin,kMandarin,source-attested-unreviewed
哮,zh-Hant-TW,xiāo,attested-count:19,,false,unicode-unihan-17@17.0.0:kHanyuPinlu,kHanyuPinlu,source-attested-unreviewed
哮,zh-Hant-TW,xuē,,,false,unicode-unihan-17@17.0.0:kHanyuPinyin,kHanyuPinyin,source-attested-unreviewed
娟,yue-HK,gyun1,,,false,unicode-unihan-17@17.0.0:kCantonese,kCantonese,source-attested-unreviewed
娟,zh-Hant-TW,juān,,,false,unicode-unihan-17@17.0.0:kMandarin,kMandarin,source-attested-unreviewed
恥,yue-HK,ci2,,,false,unicode-unihan-17@17.0.0:kCantonese,kCantonese,source-attested-unreviewed
恥,zh-Hant-TW,chǐ,,,false,unicode-unihan-17@17.0.0:kMandarin,kMandarin,source-attested-unreviewed
捂,yue-HK,wu2,,,false,unicode-unihan-17@17.0.0:kCantonese,kCantonese,source-attested-unreviewed
捂,zh-Hant-TW,wǔ,,,false,unicode-unihan-17@17.0.0:kMandarin,kMandarin,source-attested-unreviewed
畚,yue-HK,bun2,,,false,unicode-unihan-17@17.0.0:kCantonese,kCantonese,source-attested-unreviewed
畚,zh-Hant-TW,běn,,,false,unicode-unihan-17@17.0.0:kMandarin,kMandarin,source-attested-unreviewed
眩,yue-HK,jyun6,,,false,unicode-unihan-17@17.0.0:kCantonese,kCantonese,source-attested-unreviewed
眩,yue-HK,jyun4,mandarin-mapping:xuàn,,false,unicode-unihan-17@17.0.0:kSMSZD2003Readings,kSMSZD2003Readings,source-attested-unreviewed
眩,zh-Hant-TW,xuàn,,,false,unicode-unihan-17@17.0.0:kMandarin,kMandarin,source-attested-unreviewed
眩,zh-Hant-TW,huàn,,,false,unicode-unihan-17@17.0.0:kHanyuPinyin,kHanyuPinyin,source-attested-unreviewed
眩,zh-Hant-TW,juàn,,,false,unicode-unihan-17@17.0.0:kHanyuPinyin,kHanyuPinyin,source-attested-unreviewed
衷,yue-HK,zung1,,,false,unicode-unihan-17@17.0.0:kCantonese,kCantonese,source-attested-unreviewed
衷,yue-HK,cung1,mandarin-mapping:zhōng,,false,unicode-unihan-17@17.0.0:kSMSZD2003Readings,kSMSZD2003Readings,source-attested-unreviewed
衷,zh-Hant-TW,zhōng,,,false,unicode-unihan-17@17.0.0:kMandarin,kMandarin,source-attested-unreviewed
衷,zh-Hant-TW,zhòng,,,false,unicode-unihan-17@17.0.0:kHanyuPinyin,kHanyuPinyin,source-attested-unreviewed
凰,yue-HK,wong4,,,false,unicode-unihan-17@17.0.0:kCantonese,kCantonese,source-attested-unreviewed
凰,zh-Hant-TW,huáng,,,false,unicode-unihan-17@17.0.0:kMandarin,kMandarin,source-attested-unreviewed
唬,yue-HK,fu2,,,false,unicode-unihan-17@17.0.0:kCantonese,kCantonese,source-attested-unreviewed
唬,zh-Hant-TW,hǔ,,,false,unicode-unihan-17@17.0.0:kMandarin,kMandarin,source-attested-unreviewed
唬,zh-Hant-TW,hu,attested-count:14,,false,unicode-unihan-17@17.0.0:kHanyuPinlu,kHanyuPinlu,source-attested-unreviewed
唬,zh-Hant-TW,xiāo,,,false,unicode-unihan-17@17.0.0:kHanyuPinyin,kHanyuPinyin,source-attested-unreviewed
唬,zh-Hant-TW,guó,,,false,unicode-unihan-17@17.0.0:kHanyuPinyin,kHanyuPinyin,source-attested-unreviewed
唬,zh-Hant-TW,xià,,,false,unicode-unihan-17@17.0.0:kHanyuPinyin,kHanyuPinyin,source-attested-unreviewed
唬,zh-Hant-TW,háo,,,false,unicode-unihan-17@17.0.0:kHanyuPinyin,kHanyuPinyin,source-attested-unreviewed
彗,yue-HK,wai6,,,false,unicode-unihan-17@17.0.0:kCantonese,kCantonese,source-attested-unreviewed
彗,yue-HK,seoi6,"mandarin-mapping:huì,suì",,false,unicode-unihan-17@17.0.0:kSMSZD2003Readings,kSMSZD2003Readings,source-attested-unreviewed
彗,zh-Hant-TW,huì,,,false,unicode-unihan-17@17.0.0:kMandarin,kMandarin,source-attested-unreviewed
彗,zh-Hant-TW,suì,,,false,unicode-unihan-17@17.0.0:kHanyuPinyin,kHanyuPinyin,source-attested-unreviewed
悴,yue-HK,seoi6,,,false,unicode-unihan-17@17.0.0:kCantonese,kCantonese,source-attested-unreviewed
悴,yue-HK,seoi5,mandarin-mapping:cuì,,false,unicode-unihan-17@17.0.0:kSMSZD2003Readings,kSMSZD2003Readings,source-attested-unreviewed
悴,zh-Hant-TW,cuì,,,false,unicode-unihan-17@17.0.0:kMandarin,kMandarin,source-attested-unreviewed
戚,yue-HK,cik1,,,false,unicode-unihan-17@17.0.0:kCantonese,kCantonese,source-attested-unreviewed
戚,zh-Hant-TW,qī,,,false,unicode-unihan-17@17.0.0:kMandarin,kMandarin,source-attested-unreviewed
戚,zh-Hant-TW,qi,attested-count:52,,false,unicode-unihan-17@17.0.0:kHanyuPinlu,kHanyuPinlu,source-attested-unreviewed
戚,zh-Hant-TW,cù,,,false,unicode-unihan-17@17.0.0:kHanyuPinyin,kHanyuPinyin,source-attested-unreviewed
桿,yue-HK,gon2,,,false,unicode-unihan-17@17.0.0:kCantonese,kCantonese,source-attested-unreviewed
桿,yue-HK,gon1,mandarin-mapping:gǎn,,false,unicode-unihan-17@17.0.0:kSMSZD2003Readings,kSMSZD2003Readings,source-attested-unreviewed
桿,zh-Hant-TW,gǎn,,,false,unicode-unihan-17@17.0.0:kMandarin,kMandarin,source-attested-unreviewed
桿,zh-Hant-TW,hàn,,,false,unicode-unihan-17@17.0.0:kHanyuPinyin,kHanyuPinyin,source-attested-unreviewed
淒,yue-HK,cai1,,,false,unicode-unihan-17@17.0.0:kCantonese,kCantonese,source-attested-unreviewed
淒,zh-Hant-TW,qī,,,false,unicode-unihan-17@17.0.0:kMandarin,kMandarin,source-attested-unreviewed
淒,zh-Hant-TW,qiàn,,,false,unicode-unihan-17@17.0.0:kHanyuPinyin,kHanyuPinyin,source-attested-unreviewed
趾,yue-HK,zi2,,,false,unicode-unihan-17@17.0.0:kCantonese,kCantonese,source-attested-unreviewed
趾,zh-Hant-TW,zhǐ,,,false,unicode-unihan-17@17.0.0:kMandarin,kMandarin,source-attested-unreviewed
凱,yue-HK,hoi2,,,false,unicode-unihan-17@17.0.0:kCantonese,kCantonese,source-attested-unreviewed
凱,zh-Hant-TW,kǎi,,,false,unicode-unihan-17@17.0.0:kMandarin,kMandarin,source-attested-unreviewed
勛,yue-HK,fan1,,,false,unicode-unihan-17@17.0.0:kCantonese,kCantonese,source-attested-unreviewed
勛,zh-Hant-TW,xūn,,,false,unicode-unihan-17@17.0.0:kMandarin,kMandarin,source-attested-unreviewed
喬,yue-HK,kiu4,,,false,unicode-unihan-17@17.0.0:kCantonese,kCantonese,source-attested-unreviewed
喬,zh-Hant-TW,qiáo,,,false,unicode-unihan-17@17.0.0:kMandarin,kMandarin,source-attested-unreviewed
喬,zh-Hant-TW,jiǎo,,,false,unicode-unihan-17@17.0.0:kHanyuPinyin,kHanyuPinyin,source-attested-unreviewed
堯,yue-HK,jiu4,,,false,unicode-unihan-17@17.0.0:kCantonese,kCantonese,source-attested-unreviewed
堯,zh-Hant-TW,yáo,,,false,unicode-unihan-17@17.0.0:kMandarin,kMandarin,source-attested-unreviewed
媛,yue-HK,jyun6,,,false,unicode-unihan-17@17.0.0:kCantonese,kCantonese,source-attested-unreviewed
媛,yue-HK,jyun1,mandarin-mapping:yuán,,false,unicode-unihan-17@17.0.0:kSMSZD2003Readings,kSMSZD2003Readings,source-attested-unreviewed
媛,yue-HK,wun4,mandarin-mapping:yuán,,false,unicode-unihan-17@17.0.0:kSMSZD2003Readings,kSMSZD2003Readings,source-attested-unreviewed
媛,zh-Hant-TW,yuàn,,,false,unicode-unihan-17@17.0.0:kMandarin,kMandarin,source-attested-unreviewed
媛,zh-Hant-TW,yuán,,,false,unicode-unihan-17@17.0.0:kHanyuPinyin,kHanyuPinyin,source-attested-unreviewed
弼,yue-HK,bat6,,,false,unicode-unihan-17@17.0.0:kCantonese,kCantonese,source-attested-unreviewed
弼,zh-Hant-TW,bì,,,false,unicode-unihan-17@17.0.0:kMandarin,kMandarin,source-attested-unreviewed
扉,yue-HK,fei1,,,false,unicode-unihan-17@17.0.0:kCantonese,kCantonese,source-attested-unreviewed
扉,zh-Hant-TW,fēi,,,false,unicode-unihan-17@17.0.0:kMandarin,kMandarin,source-attested-unreviewed
棘,yue-HK,gik1,,,false,unicode-unihan-17@17.0.0:kCantonese,kCantonese,source-attested-unreviewed
棘,zh-Hant-TW,jí,,,false,unicode-unihan-17@17.0.0:kMandarin,kMandarin,source-attested-unreviewed
竣,yue-HK,zeon3,,,false,unicode-unihan-17@17.0.0:kCantonese,kCantonese,source-attested-unreviewed
竣,zh-Hant-TW,jùn,,,false,unicode-unihan-17@17.0.0:kMandarin,kMandarin,source-attested-unreviewed
粥,yue-HK,zuk1,,,false,unicode-unihan-17@17.0.0:kCantonese,kCantonese,source-attested-unreviewed
粥,zh-Hant-TW,zhōu,,,false,unicode-unihan-17@17.0.0:kMandarin,kMandarin,source-attested-unreviewed
粥,zh-Hant-TW,yù,,,false,unicode-unihan-17@17.0.0:kHanyuPinyin,kHanyuPinyin,source-attested-unreviewed
菱,yue-HK,ling4,,,false,unicode-unihan-17@17.0.0:kCantonese,kCantonese,source-attested-unreviewed
菱,zh-Hant-TW,líng,,,false,unicode-unihan-17@17.0.0:kMandarin,kMandarin,source-attested-unreviewed
鈞,yue-HK,gwan1,,,false,unicode-unihan-17@17.0.0:kCantonese,kCantonese,source-attested-unreviewed
鈞,zh-Hant-TW,jūn,,,false,unicode-unihan-17@17.0.0:kMandarin,kMandarin,source-attested-unreviewed
馮,yue-HK,fung4,,,false,unicode-unihan-17@17.0.0:kCantonese,kCantonese,source-attested-unreviewed
馮,zh-Hant-TW,féng,,,false,unicode-unihan-17@17.0.0:kMandarin,kMandarin,source-attested-unreviewed
馮,zh-Hant-TW,píng,,,false,unicode-unihan-17@17.0.0:kHanyuPinyin,kHanyuPinyin,source-attested-unreviewed
睦,yue-HK,muk6,,,false,unicode-unihan-17@17.0.0:kCantonese,kCantonese,source-attested-unreviewed
睦,zh-Hant-TW,mù,,,false,unicode-unihan-17@17.0.0:kMandarin,kMandarin,source-attested-unreviewed
睬,yue-HK,coi2,,,false,unicode-unihan-17@17.0.0:kCantonese,kCantonese,source-attested-unreviewed
睬,zh-Hant-TW,cǎi,,,false,unicode-unihan-17@17.0.0:kMandarin,kMandarin,source-attested-unreviewed
裊,yue-HK,niu5,,,false,unicode-unihan-17@17.0.0:kCantonese,kCantonese,source-attested-unreviewed
裊,zh-Hant-TW,niǎo,,,false,unicode-unihan-17@17.0.0:kMandarin,kMandarin,source-attested-unreviewed
酬,yue-HK,cau4,,,false,unicode-unihan-17@17.0.0:kCantonese,kCantonese,source-attested-unreviewed
酬,zh-Hant-TW,chóu,,,false,unicode-unihan-17@17.0.0:kMandarin,kMandarin,source-attested-unreviewed
酬,zh-Hant-TW,chou,attested-count:22,,false,unicode-unihan-17@17.0.0:kHanyuPinlu,kHanyuPinlu,source-attested-unreviewed
廖,yue-HK,liu6,,,false,unicode-unihan-17@17.0.0:kCantonese,kCantonese,source-attested-unreviewed
廖,zh-Hant-TW,liào,,,false,unicode-unihan-17@17.0.0:kMandarin,kMandarin,source-attested-unreviewed
廖,zh-Hant-TW,liáo,,,false,unicode-unihan-17@17.0.0:kHanyuPinyin,kHanyuPinyin,source-attested-unreviewed
熙,yue-HK,hei1,,,false,unicode-unihan-17@17.0.0:kCantonese,kCantonese,source-attested-unreviewed
熙,zh-Hant-TW,xī,,,false,unicode-unihan-17@17.0.0:kMandarin,kMandarin,source-attested-unreviewed
熙,zh-Hant-TW,yí,,,false,unicode-unihan-17@17.0.0:kHanyuPinyin,kHanyuPinyin,source-attested-unreviewed
瘓,yue-HK,wun6,,,false,unicode-unihan-17@17.0.0:kCantonese,kCantonese,source-attested-unreviewed
瘓,zh-Hant-TW,huàn,,,false,unicode-unihan-17@17.0.0:kMandarin,kMandarin,source-attested-unreviewed
誣,yue-HK,mou4,,,false,unicode-unihan-17@17.0.0:kCantonese,kCantonese,source-attested-unreviewed
誣,zh-Hant-TW,wū,,,false,unicode-unihan-17@17.0.0:kMandarin,kMandarin,source-attested-unreviewed
遜,yue-HK,seon3,,,false,unicode-unihan-17@17.0.0:kCantonese,kCantonese,source-attested-unreviewed
遜,zh-Hant-TW,xùn,,,false,unicode-unihan-17@17.0.0:kMandarin,kMandarin,source-attested-unreviewed
颯,yue-HK,saap3,,,false,unicode-unihan-17@17.0.0:kCantonese,kCantonese,source-attested-unreviewed
颯,zh-Hant-TW,sà,,,false,unicode-unihan-17@17.0.0:kMandarin,kMandarin,source-attested-unreviewed
颯,zh-Hant-TW,lì,,,false,unicode-unihan-17@17.0.0:kHanyuPinyin,kHanyuPinyin,source-attested-unreviewed
僻,yue-HK,pik1,,,false,unicode-unihan-17@17.0.0:kCantonese,kCantonese,source-attested-unreviewed
僻,zh-Hant-TW,pì,,,false,unicode-unihan-17@17.0.0:kMandarin,kMandarin,source-attested-unreviewed
幢,yue-HK,cong4,,,false,unicode-unihan-17@17.0.0:kCantonese,kCantonese,source-attested-unreviewed
幢,yue-HK,tong4,mandarin-mapping:chuáng,,false,unicode-unihan-17@17.0.0:kSMSZD2003Readings,kSMSZD2003Readings,source-attested-unreviewed
幢,yue-HK,zong6,mandarin-mapping:zhuàng,,false,unicode-unihan-17@17.0.0:kSMSZD2003Readings,kSMSZD2003Readings,source-attested-unreviewed
幢,zh-Hant-TW,chuáng,,,false,unicode-unihan-17@17.0.0:kMandarin,kMandarin,source-attested-unreviewed
幢,zh-Hant-TW,zhuàng,,,false,unicode-unihan-17@17.0.0:kHanyuPinyin,kHanyuPinyin,source-attested-unreviewed
憔,yue-HK,ciu4,,,false,unicode-unihan-17@17.0.0:kCantonese,kCantonese,source-attested-unreviewed
憔,zh-Hant-TW,qiáo,,,false,unicode-unihan-17@17.0.0:kMandarin,kMandarin,source-attested-unreviewed
撮,yue-HK,cyut3,,,false,unicode-unihan-17@17.0.0:kCantonese,kCantonese,source-attested-unreviewed
撮,zh-Hant-TW,cuō,,,false,unicode-unihan-17@17.0.0:kMandarin,kMandarin,source-attested-unreviewed
撮,zh-Hant-TW,zuì,,,false,unicode-unihan-17@17.0.0:kHanyuPinyin,kHanyuPinyin,source-attested-unreviewed
撮,zh-Hant-TW,zuān,,,false,unicode-unihan-17@17.0.0:kHanyuPinyin,kHanyuPinyin,source-attested-unreviewed
撮,zh-Hant-TW,chuā,,,false,unicode-unihan-17@17.0.0:kHanyuPinyin,kHanyuPinyin,source-attested-unreviewed
撮,zh-Hant-TW,zuǒ,,,false,unicode-unihan-17@17.0.0:kHanyuPinyin,kHanyuPinyin,source-attested-unreviewed
潰,yue-HK,kui2,,,false,unicode-unihan-17@17.0.0:kCantonese,kCantonese,source-attested-unreviewed
潰,zh-Hant-TW,kuì,,,false,unicode-unihan-17@17.0.0:kMandarin,kMandarin,source-attested-unreviewed
潰,zh-Hant-TW,xiè,,,false,unicode-unihan-17@17.0.0:kHanyuPinyin,kHanyuPinyin,source-attested-unreviewed
澗,yue-HK,gaan3,,,false,unicode-unihan-17@17.0.0:kCantonese,kCantonese,source-attested-unreviewed
澗,zh-Hant-TW,jiàn,,,false,unicode-unihan-17@17.0.0:kMandarin,kMandarin,source-attested-unreviewed
熨,yue-HK,tong3,,,false,unicode-unihan-17@17.0.0:kCantonese,kCantonese,source-attested-unreviewed
熨,yue-HK,wan6,mandarin-mapping:yùn,,false,unicode-unihan-17@17.0.0:kSMSZD2003Readings,kSMSZD2003Readings,source-attested-unreviewed
熨,yue-HK,wat1,mandarin-mapping:yù,,false,unicode-unihan-17@17.0.0:kSMSZD2003Readings,kSMSZD2003Readings,source-attested-unreviewed
熨,yue-HK,wai3,mandarin-mapping:wèi,,false,unicode-unihan-17@17.0.0:kSMSZD2003Readings,kSMSZD2003Readings,source-attested-unreviewed
熨,zh-Hant-TW,yùn,,,false,unicode-unihan-17@17.0.0:kMandarin,kMandarin,source-attested-unreviewed
熨,zh-Hant-TW,yù,,,false,unicode-unihan-17@17.0.0:kHanyuPinyin,kHanyuPinyin,source-attested-unreviewed
熨,zh-Hant-TW,wèi,,,false,unicode-unihan-17@17.0.0:kHanyuPinyin,kHanyuPinyin,source-attested-unreviewed
磕,yue-HK,hap6,,,false,unicode-unihan-17@17.0.0:kCantonese,kCantonese,source-attested-unreviewed
磕,zh-Hant-TW,kē,,,false,unicode-unihan-17@17.0.0:kMandarin,kMandarin,source-attested-unreviewed
磕,zh-Hant-TW,kě,,,false,unicode-unihan-17@17.0.0:kHanyuPinyin,kHanyuPinyin,source-attested-unreviewed
膚,yue-HK,fu1,,,false,unicode-unihan-17@17.0.0:kCantonese,kCantonese,source-attested-unreviewed
膚,zh-Hant-TW,fū,,,false,unicode-unihan-17@17.0.0:kMandarin,kMandarin,source-attested-unreviewed
膚,zh-Hant-TW,lú,,,false,unicode-unihan-17@17.0.0:kHanyuPinyin,kHanyuPinyin,source-attested-unreviewed
蔚,yue-HK,wai3,,,false,unicode-unihan-17@17.0.0:kCantonese,kCantonese,source-attested-unreviewed
蔚,yue-HK,wat1,mandarin-mapping:yù,,false,unicode-unihan-17@17.0.0:kSMSZD2003Readings,kSMSZD2003Readings,source-attested-unreviewed
蔚,zh-Hant-TW,wèi,,,false,unicode-unihan-17@17.0.0:kMandarin,kMandarin,source-attested-unreviewed
蔚,zh-Hant-TW,yù,,,false,unicode-unihan-17@17.0.0:kHanyuPinyin,kHanyuPinyin,source-attested-unreviewed
鞏,yue-HK,gung2,,,false,unicode-unihan-17@17.0.0:kCantonese,kCantonese,source-attested-unreviewed
鞏,zh-Hant-TW,gǒng,,,false,unicode-unihan-17@17.0.0:kMandarin,kMandarin,source-attested-unreviewed
澡,yue-HK,cou3,,,false,unicode-unihan-17@17.0.0:kCantonese,kCantonese,source-attested-unreviewed
澡,yue-HK,zou2,mandarin-mapping:zǎo,,false,unicode-unihan-17@17.0.0:kSMSZD2003Readings,kSMSZD2003Readings,source-attested-unreviewed
澡,zh-Hant-TW,zǎo,,,false,unicode-unihan-17@17.0.0:kMandarin,kMandarin,source-attested-unreviewed
澡,zh-Hant-TW,cāo,,,false,unicode-unihan-17@17.0.0:kHanyuPinyin,kHanyuPinyin,source-attested-unreviewed
瞥,yue-HK,pit3,,,false,unicode-unihan-17@17.0.0:kCantonese,kCantonese,source-attested-unreviewed
瞥,zh-Hant-TW,piē,,,false,unicode-unihan-17@17.0.0:kMandarin,kMandarin,source-attested-unreviewed
瞥,zh-Hant-TW,bì,,,false,unicode-unihan-17@17.0.0:kHanyuPinyin,kHanyuPinyin,source-attested-unreviewed
穆,yue-HK,muk6,,,false,unicode-unihan-17@17.0.0:kCantonese,kCantonese,source-attested-unreviewed
穆,zh-Hant-TW,mù,,,false,unicode-unihan-17@17.0.0:kMandarin,kMandarin,source-attested-unreviewed
篙,yue-HK,gou1,,,false,unicode-unihan-17@17.0.0:kCantonese,kCantonese,source-attested-unreviewed
篙,zh-Hant-TW,gāo,,,false,unicode-unihan-17@17.0.0:kMandarin,kMandarin,source-attested-unreviewed
蕭,yue-HK,siu1,,,false,unicode-unihan-17@17.0.0:kCantonese,kCantonese,source-attested-unreviewed
蕭,zh-Hant-TW,xiāo,,,false,unicode-unihan-17@17.0.0:kMandarin,kMandarin,source-attested-unreviewed
諜,yue-HK,dip6,,,false,unicode-unihan-17@17.0.0:kCantonese,kCantonese,source-attested-unreviewed
諜,zh-Hant-TW,dié,,,false,unicode-unihan-17@17.0.0:kMandarin,kMandarin,source-attested-unreviewed
諜,zh-Hant-TW,xiè,,,false,unicode-unihan-17@17.0.0:kHanyuPinyin,kHanyuPinyin,source-attested-unreviewed
謂,yue-HK,wai6,,,false,unicode-unihan-17@17.0.0:kCantonese,kCantonese,source-attested-unreviewed
謂,zh-Hant-TW,wèi,,,false,unicode-unihan-17@17.0.0:kMandarin,kMandarin,source-attested-unreviewed
孺,yue-HK,jyu6,,,false,unicode-unihan-17@17.0.0:kCantonese,kCantonese,source-attested-unreviewed
孺,yue-HK,jyu4,mandarin-mapping:rú,,false,unicode-unihan-17@17.0.0:kSMSZD2003Readings,kSMSZD2003Readings,source-attested-unreviewed
孺,zh-Hant-TW,rú,,,false,unicode-unihan-17@17.0.0:kMandarin,kMandarin,source-attested-unreviewed
嶽,yue-HK,ngok6,,,false,unicode-unihan-17@17.0.0:kCantonese,kCantonese,source-attested-unreviewed
嶽,zh-Hant-TW,yuè,,,false,unicode-unihan-17@17.0.0:kMandarin,kMandarin,source-attested-unreviewed
擘,yue-HK,maak3,,,false,unicode-unihan-17@17.0.0:kCantonese,kCantonese,source-attested-unreviewed
擘,zh-Hant-TW,bò,,,false,unicode-unihan-17@17.0.0:kMandarin,kMandarin,source-attested-unreviewed
斃,yue-HK,bai6,,,false,unicode-unihan-17@17.0.0:kCantonese,kCantonese,source-attested-unreviewed
斃,zh-Hant-TW,bì,,,false,unicode-unihan-17@17.0.0:kMandarin,kMandarin,source-attested-unreviewed
氈,yue-HK,zin1,,,false,unicode-unihan-17@17.0.0:kCantonese,kCantonese,source-attested-unreviewed
氈,zh-Hant-TW,zhān,,,false,unicode-unihan-17@17.0.0:kMandarin,kMandarin,source-attested-unreviewed
瞳,yue-HK,tung4,,,false,unicode-unihan-17@17.0.0:kCantonese,kCantonese,source-attested-unreviewed
瞳,zh-Hant-TW,tóng,,,false,unicode-unihan-17@17.0.0:kMandarin,kMandarin,source-attested-unreviewed
瞭,yue-HK,liu4,,,false,unicode-unihan-17@17.0.0:kCantonese,kCantonese,source-attested-unreviewed
瞭,yue-HK,liu5,mandarin-mapping:liǎo,,false,unicode-unihan-17@17.0.0:kSMSZD2003Readings,kSMSZD2003Readings,source-attested-unreviewed
瞭,zh-Hant-TW,liào,,,false,unicode-unihan-17@17.0.0:kMandarin,kMandarin,source-attested-unreviewed
瞭,zh-Hant-TW,liǎo,,,false,unicode-unihan-17@17.0.0:kMandarin,kMandarin,source-attested-unreviewed
穗,yue-HK,seoi6,,,false,unicode-unihan-17@17.0.0:kCantonese,kCantonese,source-attested-unreviewed
穗,zh-Hant-TW,suì,,,false,unicode-unihan-17@17.0.0:kMandarin,kMandarin,source-attested-unreviewed
蕾,yue-HK,leoi5,,,false,unicode-unihan-17@17.0.0:kCantonese,kCantonese,source-attested-unreviewed
蕾,yue-HK,leoi4,mandarin-mapping:lěi,,false,unicode-unihan-17@17.0.0:kSMSZD2003Readings,kSMSZD2003Readings,source-attested-unreviewed
蕾,zh-Hant-TW,lěi,,,false,unicode-unihan-17@17.0.0:kMandarin,kMandarin,source-attested-unreviewed
竅,yue-HK,kiu3,,,false,unicode-unihan-17@17.0.0:kCantonese,kCantonese,source-attested-unreviewed
竅,yue-HK,hiu3,mandarin-mapping:qiào,,false,unicode-unihan-17@17.0.0:kSMSZD2003Readings,kSMSZD2003Readings,source-attested-unreviewed
竅,zh-Hant-TW,qiào,,,false,unicode-unihan-17@17.0.0:kMandarin,kMandarin,source-attested-unreviewed
簞,yue-HK,daan1,,,false,unicode-unihan-17@17.0.0:kCantonese,kCantonese,source-attested-unreviewed
簞,zh-Hant-TW,dān,,,false,unicode-unihan-17@17.0.0:kMandarin,kMandarin,source-attested-unreviewed
