component_id,source_token,unicode_character,display_glyph,svg_fallback,plain_name_zh_hk,plain_name_en,render_status,name_review_status,source,source_commit,license
component-CDP-88A5,&CDP-88A5;,,,,,,missing-svg-fallback,unreviewed,chise-ids-ucs-basic,352e13378e411c322cfa16bfd7a6d21d670d7eca,GPL-2.0-or-later
component-CDP-88A6,&CDP-88A6;,,,,,,missing-svg-fallback,unreviewed,chise-ids-ucs-basic,352e13378e411c322cfa16bfd7a6d21d670d7eca,GPL-2.0-or-later
component-CDP-88C8,&CDP-88C8;,,,,,,missing-svg-fallback,unreviewed,chise-ids-ucs-basic,352e13378e411c322cfa16bfd7a6d21d670d7eca,GPL-2.0-or-later
component-CDP-88D2,&CDP-88D2;,,,,,,missing-svg-fallback,unreviewed,chise-ids-ucs-basic,352e13378e411c322cfa16bfd7a6d21d670d7eca,GPL-2.0-or-later
component-CDP-88D6,&CDP-88D6;,,,,,,missing-svg-fallback,unreviewed,chise-ids-ucs-basic,352e13378e411c322cfa16bfd7a6d21d670d7eca,GPL-2.0-or-later
component-CDP-88F1,&CDP-88F1;,,,,,,missing-svg-fallback,unreviewed,chise-ids-ucs-basic,352e13378e411c322cfa16bfd7a6d21d670d7eca,GPL-2.0-or-later
component-CDP-8958,&CDP-8958;,,,,,,missing-svg-fallback,unreviewed,chise-ids-ucs-basic,352e13378e411c322cfa16bfd7a6d21d670d7eca,GPL-2.0-or-later
component-CDP-895F,&CDP-895F;,,,,,,missing-svg-fallback,unreviewed,chise-ids-ucs-basic,352e13378e411c322cfa16bfd7a6d21d670d7eca,GPL-2.0-or-later
component-CDP-8974,&CDP-8974;,,,,,,missing-svg-fallback,unreviewed,chise-ids-ucs-basic,352e13378e411c322cfa16bfd7a6d21d670d7eca,GPL-2.0-or-later
component-CDP-89AB,&CDP-89AB;,,,,,,missing-svg-fallback,unreviewed,chise-ids-ucs-basic,352e13378e411c322cfa16bfd7a6d21d670d7eca,GPL-2.0-or-later
component-CDP-89C6,&CDP-89C6;,,,,,,missing-svg-fallback,unreviewed,chise-ids-ucs-basic,352e13378e411c322cfa16bfd7a6d21d670d7eca,GPL-2.0-or-later
component-CDP-89D5,&CDP-89D5;,,,,,,missing-svg-fallback,unreviewed,chise-ids-ucs-basic,352e13378e411c322cfa16bfd7a6d21d670d7eca,GPL-2.0-or-later
component-CDP-89DF,&CDP-89DF;,,,,,,missing-svg-fallback,unreviewed,chise-ids-ucs-basic,352e13378e411c322cfa16bfd7a6d21d670d7eca,GPL-2.0-or-later
component-CDP-89E5,&CDP-89E5;,,,,,,missing-svg-fallback,unreviewed,chise-ids-ucs-basic,352e13378e411c322cfa16bfd7a6d21d670d7eca,GPL-2.0-or-later
component-CDP-89EB,&CDP-89EB;,,,,,,missing-svg-fallback,unreviewed,chise-ids-ucs-basic,352e13378e411c322cfa16bfd7a6d21d670d7eca,GPL-2.0-or-later
component-CDP-89EC,&CDP-89EC;,,,,,,missing-svg-fallback,unreviewed,chise-ids-ucs-basic,352e13378e411c322cfa16bfd7a6d21d670d7eca,GPL-2.0-or-later
component-CDP-89EF,&CDP-89EF;,,,,,,missing-svg-fallback,unreviewed,chise-ids-ucs-basic,352e13378e411c322cfa16bfd7a6d21d670d7eca,GPL-2.0-or-later
component-CDP-89F3,&CDP-89F3;,,,,,,missing-svg-fallback,unreviewed,chise-ids-ucs-basic,352e13378e411c322cfa16bfd7a6d21d670d7eca,GPL-2.0-or-later
component-CDP-89FA,&CDP-89FA;,,,,,,missing-svg-fallback,unreviewed,chise-ids-ucs-basic,352e13378e411c322cfa16bfd7a6d21d670d7eca,GPL-2.0-or-later
component-CDP-89FE,&CDP-89FE;,,,,,,missing-svg-fallback,unreviewed,chise-ids-ucs-basic,352e13378e411c322cfa16bfd7a6d21d670d7eca,GPL-2.0-or-later
component-CDP-8A43,&CDP-8A43;,,,,,,missing-svg-fallback,unreviewed,chise-ids-ucs-basic,352e13378e411c322cfa16bfd7a6d21d670d7eca,GPL-2.0-or-later
component-CDP-8ACE,&CDP-8ACE;,,,,,,missing-svg-fallback,unreviewed,chise-ids-ucs-basic,352e13378e411c322cfa16bfd7a6d21d670d7eca,GPL-2.0-or-later
component-CDP-8B63,&CDP-8B63;,,,,,,missing-svg-fallback,unreviewed,chise-ids-ucs-basic,352e13378e411c322cfa16bfd7a6d21d670d7eca,GPL-2.0-or-later
component-CDP-8B7B,&CDP-8B7B;,,,,,,missing-svg-fallback,unreviewed,chise-ids-ucs-basic,352e13378e411c322cfa16bfd7a6d21d670d7eca,GPL-2.0-or-later
component-CDP-8B7C,&CDP-8B7C;,,,,,,missing-svg-fallback,unreviewed,chise-ids-ucs-basic,352e13378e411c322cfa16bfd7a6d21d670d7eca,GPL-2.0-or-later
component-CDP-8BA1,&CDP-8BA1;,,,,,,missing-svg-fallback,unreviewed,chise-ids-ucs-basic,352e13378e411c322cfa16bfd7a6d21d670d7eca,GPL-2.0-or-later
component-CDP-8BA5,&CDP-8BA5;,,,,,,missing-svg-fallback,unreviewed,chise-ids-ucs-basic,352e13378e411c322cfa16bfd7a6d21d670d7eca,GPL-2.0-or-later
component-CDP-8BA8,&CDP-8BA8;,,,,,,missing-svg-fallback,unreviewed,chise-ids-ucs-basic,352e13378e411c322cfa16bfd7a6d21d670d7eca,GPL-2.0-or-later
component-CDP-8BAE,&CDP-8BAE;,,,,,,missing-svg-fallback,unreviewed,chise-ids-ucs-basic,352e13378e411c322cfa16bfd7a6d21d670d7eca,GPL-2.0-or-later
component-CDP-8BB0,&CDP-8BB0;,,,,,,missing-svg-fallback,unreviewed,chise-ids-ucs-basic,352e13378e411c322cfa16bfd7a6d21d670d7eca,GPL-2.0-or-later
component-CDP-8BB5,&CDP-8BB5;,,,,,,missing-svg-fallback,unreviewed,chise-ids-ucs-basic,352e13378e411c322cfa16bfd7a6d21d670d7eca,GPL-2.0-or-later
component-CDP-8BB8,&CDP-8BB8;,,,,,,missing-svg-fallback,unreviewed,chise-ids-ucs-basic,352e13378e411c322cfa16bfd7a6d21d670d7eca,GPL-2.0-or-later
component-CDP-8BBD,&CDP-8BBD;,,,,,,missing-svg-fallback,unreviewed,chise-ids-ucs-basic,352e13378e411c322cfa16bfd7a6d21d670d7eca,GPL-2.0-or-later
component-CDP-8BBE,&CDP-8BBE;,,,,,,missing-svg-fallback,unreviewed,chise-ids-ucs-basic,352e13378e411c322cfa16bfd7a6d21d670d7eca,GPL-2.0-or-later
component-CDP-8BC2,&CDP-8BC2;,,,,,,missing-svg-fallback,unreviewed,chise-ids-ucs-basic,352e13378e411c322cfa16bfd7a6d21d670d7eca,GPL-2.0-or-later
component-CDP-8BC4,&CDP-8BC4;,,,,,,missing-svg-fallback,unreviewed,chise-ids-ucs-basic,352e13378e411c322cfa16bfd7a6d21d670d7eca,GPL-2.0-or-later
component-CDP-8BC5,&CDP-8BC5;,,,,,,missing-svg-fallback,unreviewed,chise-ids-ucs-basic,352e13378e411c322cfa16bfd7a6d21d670d7eca,GPL-2.0-or-later
component-CDP-8BC7,&CDP-8BC7;,,,,,,missing-svg-fallback,unreviewed,chise-ids-ucs-basic,352e13378e411c322cfa16bfd7a6d21d670d7eca,GPL-2.0-or-later
component-CDP-8BCB,&CDP-8BCB;,,,,,,missing-svg-fallback,unreviewed,chise-ids-ucs-basic,352e13378e411c322cfa16bfd7a6d21d670d7eca,GPL-2.0-or-later
component-CDP-8BD0,&CDP-8BD0;,,,,,,missing-svg-fallback,unreviewed,chise-ids-ucs-basic,352e13378e411c322cfa16bfd7a6d21d670d7eca,GPL-2.0-or-later
component-CDP-8BD1,&CDP-8BD1;,,,,,,missing-svg-fallback,unreviewed,chise-ids-ucs-basic,352e13378e411c322cfa16bfd7a6d21d670d7eca,GPL-2.0-or-later
component-CDP-8BD9,&CDP-8BD9;,,,,,,missing-svg-fallback,unreviewed,chise-ids-ucs-basic,352e13378e411c322cfa16bfd7a6d21d670d7eca,GPL-2.0-or-later
component-CDP-8BDC,&CDP-8BDC;,,,,,,missing-svg-fallback,unreviewed,chise-ids-ucs-basic,352e13378e411c322cfa16bfd7a6d21d670d7eca,GPL-2.0-or-later
component-CDP-8BE2,&CDP-8BE2;,,,,,,missing-svg-fallback,unreviewed,chise-ids-ucs-basic,352e13378e411c322cfa16bfd7a6d21d670d7eca,GPL-2.0-or-later
component-CDP-8BE8,&CDP-8BE8;,,,,,,missing-svg-fallback,unreviewed,chise-ids-ucs-basic,352e13378e411c322cfa16bfd7a6d21d670d7eca,GPL-2.0-or-later
component-CDP-8BEA,&CDP-8BEA;,,,,,,missing-svg-fallback,unreviewed,chise-ids-ucs-basic,352e13378e411c322cfa16bfd7a6d21d670d7eca,GPL-2.0-or-later
component-CDP-8BEC,&CDP-8BEC;,,,,,,missing-svg-fallback,unreviewed,chise-ids-ucs-basic,352e13378e411c322cfa16bfd7a6d21d670d7eca,GPL-2.0-or-later
component-CDP-8BF8,&CDP-8BF8;,,,,,,missing-svg-fallback,unreviewed,chise-ids-ucs-basic,352e13378e411c322cfa16bfd7a6d21d670d7eca,GPL-2.0-or-later
component-CDP-8BFE,&CDP-8BFE;,,,,,,missing-svg-fallback,unreviewed,chise-ids-ucs-basic,352e13378e411c322cfa16bfd7a6d21d670d7eca,GPL-2.0-or-later
component-CDP-8C42,&CDP-8C42;,,,,,,missing-svg-fallback,unreviewed,chise-ids-ucs-basic,352e13378e411c322cfa16bfd7a6d21d670d7eca,GPL-2.0-or-later
component-CDP-8C45,&CDP-8C45;,,,,,,missing-svg-fallback,unreviewed,chise-ids-ucs-basic,352e13378e411c322cfa16bfd7a6d21d670d7eca,GPL-2.0-or-later
component-CDP-8C46,&CDP-8C46;,,,,,,missing-svg-fallback,unreviewed,chise-ids-ucs-basic,352e13378e411c322cfa16bfd7a6d21d670d7eca,GPL-2.0-or-later
component-CDP-8C4B,&CDP-8C4B;,,,,,,missing-svg-fallback,unreviewed,chise-ids-ucs-basic,352e13378e411c322cfa16bfd7a6d21d670d7eca,GPL-2.0-or-later
component-CDP-8C4F,&CDP-8C4F;,,,,,,missing-svg-fallback,unreviewed,chise-ids-ucs-basic,352e13378e411c322cfa16bfd7a6d21d670d7eca,GPL-2.0-or-later
component-CDP-8C52,&CDP-8C52;,,,,,,missing-svg-fallback,unreviewed,chise-ids-ucs-basic,352e13378e411c322cfa16bfd7a6d21d670d7eca,GPL-2.0-or-later
component-CDP-8C62,&CDP-8C62;,,,,,,missing-svg-fallback,unreviewed,chise-ids-ucs-basic,352e13378e411c322cfa16bfd7a6d21d670d7eca,GPL-2.0-or-later
component-CDP-8C66,&CDP-8C66;,,,,,,missing-svg-fallback,unreviewed,chise-ids-ucs-basic,352e13378e411c322cfa16bfd7a6d21d670d7eca,GPL-2.0-or-later
component-CDP-8C69,&CDP-8C69;,,,,,,missing-svg-fallback,unreviewed,chise-ids-ucs-basic,352e13378e411c322cfa16bfd7a6d21d670d7eca,GPL-2.0-or-later
component-CDP-8C6A,&CDP-8C6A;,,,,,,missing-svg-fallback,unreviewed,chise-ids-ucs-basic,352e13378e411c322cfa16bfd7a6d21d670d7eca,GPL-2.0-or-later
component-CDP-8C6D,&CDP-8C6D;,,,,,,missing-svg-fallback,unreviewed,chise-ids-ucs-basic,352e13378e411c322cfa16bfd7a6d21d670d7eca,GPL-2.0-or-later
component-CDP-8CAB,&CDP-8CAB;,,,,,,missing-svg-fallback,unreviewed,chise-ids-ucs-basic,352e13378e411c322cfa16bfd7a6d21d670d7eca,GPL-2.0-or-later
component-CDP-8CAC,&CDP-8CAC;,,,,,,missing-svg-fallback,unreviewed,chise-ids-ucs-basic,352e13378e411c322cfa16bfd7a6d21d670d7eca,GPL-2.0-or-later
component-CDP-8CB3,&CDP-8CB3;,,,,,,missing-svg-fallback,unreviewed,chise-ids-ucs-basic,352e13378e411c322cfa16bfd7a6d21d670d7eca,GPL-2.0-or-later
component-CDP-8CB8,&CDP-8CB8;,,,,,,missing-svg-fallback,unreviewed,chise-ids-ucs-basic,352e13378e411c322cfa16bfd7a6d21d670d7eca,GPL-2.0-or-later
component-CDP-8CBB,&CDP-8CBB;,,,,,,missing-svg-fallback,unreviewed,chise-ids-ucs-basic,352e13378e411c322cfa16bfd7a6d21d670d7eca,GPL-2.0-or-later
component-CDP-8CBF,&CDP-8CBF;,,,,,,missing-svg-fallback,unreviewed,chise-ids-ucs-basic,352e13378e411c322cfa16bfd7a6d21d670d7eca,GPL-2.0-or-later
component-CDP-8CC1,&CDP-8CC1;,,,,,,missing-svg-fallback,unreviewed,chise-ids-ucs-basic,352e13378e411c322cfa16bfd7a6d21d670d7eca,GPL-2.0-or-later
component-CDP-8CC3,&CDP-8CC3;,,,,,,missing-svg-fallback,unreviewed,chise-ids-ucs-basic,352e13378e411c322cfa16bfd7a6d21d670d7eca,GPL-2.0-or-later
component-CDP-8CC6,&CDP-8CC6;,,,,,,missing-svg-fallback,unreviewed,chise-ids-ucs-basic,352e13378e411c322cfa16bfd7a6d21d670d7eca,GPL-2.0-or-later
component-CDP-8CC7,&CDP-8CC7;,,,,,,missing-svg-fallback,unreviewed,chise-ids-ucs-basic,352e13378e411c322cfa16bfd7a6d21d670d7eca,GPL-2.0-or-later
component-CDP-8CC9,&CDP-8CC9;,,,,,,missing-svg-fallback,unreviewed,chise-ids-ucs-basic,352e13378e411c322cfa16bfd7a6d21d670d7eca,GPL-2.0-or-later
component-CDP-8CCE,&CDP-8CCE;,,,,,,missing-svg-fallback,unreviewed,chise-ids-ucs-basic,352e13378e411c322cfa16bfd7a6d21d670d7eca,GPL-2.0-or-later
component-CDP-8CE4,&CDP-8CE4;,,,,,,missing-svg-fallback,unreviewed,chise-ids-ucs-basic,352e13378e411c322cfa16bfd7a6d21d670d7eca,GPL-2.0-or-later
component-CDP-8CE5,&CDP-8CE5;,,,,,,missing-svg-fallback,unreviewed,chise-ids-ucs-basic,352e13378e411c322cfa16bfd7a6d21d670d7eca,GPL-2.0-or-later
component-CDP-8CE7,&CDP-8CE7;,,,,,,missing-svg-fallback,unreviewed,chise-ids-ucs-basic,352e13378e411c322cfa16bfd7a6d21d670d7eca,GPL-2.0-or-later
component-CDP-8CEA,&CDP-8CEA;,,,,,,missing-svg-fallback,unreviewed,chise-ids-ucs-basic,352e13378e411c322cfa16bfd7a6d21d670d7eca,GPL-2.0-or-later
component-CDP-8CF0,&CDP-8CF0;,,,,,,missing-svg-fallback,unreviewed,chise-ids-ucs-basic,352e13378e411c322cfa16bfd7a6d21d670d7eca,GPL-2.0-or-later
component-CDP-8CFA,&CDP-8CFA;,,,,,,missing-svg-fallback,unreviewed,chise-ids-ucs-basic,352e13378e411c322cfa16bfd7a6d21d670d7eca,GPL-2.0-or-later
component-CDP-8CFD,&CDP-8CFD;,,,,,,missing-svg-fallback,unreviewed,chise-ids-ucs-basic,352e13378e411c322cfa16bfd7a6d21d670d7eca,GPL-2.0-or-later
component-CDP-8D40,&CDP-8D40;,,,,,,missing-svg-fallback,unreviewed,chise-ids-ucs-basic,352e13378e411c322cfa16bfd7a6d21d670d7eca,GPL-2.0-or-later
component-CDP-8D50,&CDP-8D50;,,,,,,missing-svg-fallback,unreviewed,chise-ids-ucs-basic,352e13378e411c322cfa16bfd7a6d21d670d7eca,GPL-2.0-or-later
component-CDP-8D53,&CDP-8D53;,,,,,,missing-svg-fallback,unreviewed,chise-ids-ucs-basic,352e13378e411c322cfa16bfd7a6d21d670d7eca,GPL-2.0-or-later
component-CDP-8D56,&CDP-8D56;,,,,,,missing-svg-fallback,unreviewed,chise-ids-ucs-basic,352e13378e411c322cfa16bfd7a6d21d670d7eca,GPL-2.0-or-later
component-CDP-8D57,&CDP-8D57;,,,,,,missing-svg-fallback,unreviewed,chise-ids-ucs-basic,352e13378e411c322cfa16bfd7a6d21d670d7eca,GPL-2.0-or-later
component-CDP-8D61,&CDP-8D61;,,,,,,missing-svg-fallback,unreviewed,chise-ids-ucs-basic,352e13378e411c322cfa16bfd7a6d21d670d7eca,GPL-2.0-or-later
component-CDP-8D62,&CDP-8D62;,,,,,,missing-svg-fallback,unreviewed,chise-ids-ucs-basic,352e13378e411c322cfa16bfd7a6d21d670d7eca,GPL-2.0-or-later
component-CDP-8D6B,&CDP-8D6B;,,,,,,missing-svg-fallback,unreviewed,chise-ids-ucs-basic,352e13378e411c322cfa16bfd7a6d21d670d7eca,GPL-2.0-or-later
component-CDP-8D74,&CDP-8D74;,,,,,,missing-svg-fallback,unreviewed,chise-ids-ucs-basic,352e13378e411c322cfa16bfd7a6d21d670d7eca,GPL-2.0-or-later
component-CDP-8D76,&CDP-8D76;,,,,,,missing-svg-fallback,unreviewed,chise-ids-ucs-basic,352e13378e411c322cfa16bfd7a6d21d670d7eca,GPL-2.0-or-later
component-CDP-8D78,&CDP-8D78;,,,,,,missing-svg-fallback,unreviewed,chise-ids-ucs-basic,352e13378e411c322cfa16bfd7a6d21d670d7eca,GPL-2.0-or-later
component-CDP-8D7C,&CDP-8D7C;,,,,,,missing-svg-fallback,unreviewed,chise-ids-ucs-basic,352e13378e411c322cfa16bfd7a6d21d670d7eca,GPL-2.0-or-later
component-CDP-8DA1,&CDP-8DA1;,,,,,,missing-svg-fallback,unreviewed,chise-ids-ucs-basic,352e13378e411c322cfa16bfd7a6d21d670d7eca,GPL-2.0-or-later
component-CDP-8DA8,&CDP-8DA8;,,,,,,missing-svg-fallback,unreviewed,chise-ids-ucs-basic,352e13378e411c322cfa16bfd7a6d21d670d7eca,GPL-2.0-or-later
component-CDP-8DAB,&CDP-8DAB;,,,,,,missing-svg-fallback,unreviewed,chise-ids-ucs-basic,352e13378e411c322cfa16bfd7a6d21d670d7eca,GPL-2.0-or-later
component-CDP-8DB8,&CDP-8DB8;,,,,,,missing-svg-fallback,unreviewed,chise-ids-ucs-basic,352e13378e411c322cfa16bfd7a6d21d670d7eca,GPL-2.0-or-later
component-CDP-8DBC,&CDP-8DBC;,,,,,,missing-svg-fallback,unreviewed,chise-ids-ucs-basic,352e13378e411c322cfa16bfd7a6d21d670d7eca,GPL-2.0-or-later
component-CDP-8DCD,&CDP-8DCD;,,,,,,missing-svg-fallback,unreviewed,chise-ids-ucs-basic,352e13378e411c322cfa16bfd7a6d21d670d7eca,GPL-2.0-or-later
component-CDP-8DE2,&CDP-8DE2;,,,,,,missing-svg-fallback,unreviewed,chise-ids-ucs-basic,352e13378e411c322cfa16bfd7a6d21d670d7eca,GPL-2.0-or-later
component-CDP-8DE8,&CDP-8DE8;,,,,,,missing-svg-fallback,unreviewed,chise-ids-ucs-basic,352e13378e411c322cfa16bfd7a6d21d670d7eca,GPL-2.0-or-later
component-GT-09333,&GT-09333;,,,,,,missing-svg-fallback,unreviewed,chise-ids-ucs-basic,352e13378e411c322cfa16bfd7a6d21d670d7eca,GPL-2.0-or-later
component-GT-K00059,&GT-K00059;,,,,,,missing-svg-fallback,unreviewed,chise-ids-ucs-basic,352e13378e411c322cfa16bfd7a6d21d670d7eca,GPL-2.0-or-later
component-GT-K00207,&GT-K00207;,,,,,,missing-svg-fallback,unreviewed,chise-ids-ucs-basic,352e13378e411c322cfa16bfd7a6d21d670d7eca,GPL-2.0-or-later
component-GT-K01085,&GT-K01085;,,,,,,missing-svg-fallback,unreviewed,chise-ids-ucs-basic,352e13378e411c322cfa16bfd7a6d21d670d7eca,GPL-2.0-or-later
component-GT-K02380,&GT-K02380;,,,,,,missing-svg-fallback,unreviewed,chise-ids-ucs-basic,352e13378e411c322cfa16bfd7a6d21d670d7eca,GPL-2.0-or-later
component-GT-K07616,&GT-K07616;,,,,,,missing-svg-fallback,unreviewed,chise-ids-ucs-basic,352e13378e411c322cfa16bfd7a6d21d670d7eca,GPL-2.0-or-later
component-JX2-7461,&JX2-7461;,,,,,,missing-svg-fallback,unreviewed,chise-ids-ucs-basic,352e13378e411c322cfa16bfd7a6d21d670d7eca,GPL-2.0-or-later
component-U-i001-20541,&U-i001+20541;,,,,,,missing-svg-fallback,unreviewed,chise-ids-ucs-basic,352e13378e411c322cfa16bfd7a6d21d670d7eca,GPL-2.0-or-later
component-U-i001-2FF1,&U-i001+2FF1;,,,,,,missing-svg-fallback,unreviewed,chise-ids-ucs-basic,352e13378e411c322cfa16bfd7a6d21d670d7eca,GPL-2.0-or-later
component-U-i001-2FFB,&U-i001+2FFB;,,,,,,missing-svg-fallback,unreviewed,chise-ids-ucs-basic,352e13378e411c322cfa16bfd7a6d21d670d7eca,GPL-2.0-or-later
component-U-i002-2FF1,&U-i002+2FF1;,,,,,,missing-svg-fallback,unreviewed,chise-ids-ucs-basic,352e13378e411c322cfa16bfd7a6d21d670d7eca,GPL-2.0-or-later
component-2ffd,⿽,⿽,⿽,,,,unicode-ready,unreviewed,chise-ids-ucs-basic,352e13378e411c322cfa16bfd7a6d21d670d7eca,GPL-2.0-or-later
component-31c7,㇇,㇇,㇇,,,,unicode-ready,unreviewed,chise-ids-ucs-basic,352e13378e411c322cfa16bfd7a6d21d670d7eca,GPL-2.0-or-later
component-4e00,一,一,一,,,,unicode-ready,unreviewed,chise-ids-ucs-basic,352e13378e411c322cfa16bfd7a6d21d670d7eca,GPL-2.0-or-later
component-4e01,丁,丁,丁,,,,unicode-ready,unreviewed,chise-ids-ucs-basic,352e13378e411c322cfa16bfd7a6d21d670d7eca,GPL-2.0-or-later
component-4e02,丂,丂,丂,,,,unicode-ready,unreviewed,chise-ids-ucs-basic,352e13378e411c322cfa16bfd7a6d21d670d7eca,GPL-2.0-or-later
component-4e03,七,七,七,,,,unicode-ready,unreviewed,chise-ids-ucs-basic,352e13378e411c322cfa16bfd7a6d21d670d7eca,GPL-2.0-or-later
component-4e08,丈,丈,丈,,,,unicode-ready,unreviewed,chise-ids-ucs-basic,352e13378e411c322cfa16bfd7a6d21d670d7eca,GPL-2.0-or-later
component-4e0a,上,上,上,,,,unicode-ready,unreviewed,chise-ids-ucs-basic,352e13378e411c322cfa16bfd7a6d21d670d7eca,GPL-2.0-or-later
component-5344,卄,卄,卄,,,,unicode-ready,unreviewed,chise-ids-ucs-basic,352e13378e411c322cfa16bfd7a6d21d670d7eca,GPL-2.0-or-later
component-2b740,𫝀,𫝀,𫝀,,,,unicode-ready,unreviewed,chise-ids-ucs-basic,352e13378e411c322cfa16bfd7a6d21d670d7eca,GPL-2.0-or-later
component-2cea2,𬺢,𬺢,𬺢,,,,unicode-ready,unreviewed,chise-ids-ucs-basic,352e13378e411c322cfa16bfd7a6d21d670d7eca,GPL-2.0-or-later
component-30001,𰀁,𰀁,𰀁,,,,unicode-ready,unreviewed,chise-ids-ucs-basic,352e13378e411c322cfa16bfd7a6d21d670d7eca,GPL-2.0-or-later
component-4e0d,不,不,不,,,,unicode-ready,unreviewed,chise-ids-ucs-basic,352e13378e411c322cfa16bfd7a6d21d670d7eca,GPL-2.0-or-later
component-4e11,丑,丑,丑,,,,unicode-ready,unreviewed,chise-ids-ucs-basic,352e13378e411c322cfa16bfd7a6d21d670d7eca,GPL-2.0-or-later
component-4e14,且,且,且,,,,unicode-ready,unreviewed,chise-ids-ucs-basic,352e13378e411c322cfa16bfd7a6d21d670d7eca,GPL-2.0-or-later
component-4e15,丕,丕,丕,,,,unicode-ready,unreviewed,chise-ids-ucs-basic,352e13378e411c322cfa16bfd7a6d21d670d7eca,GPL-2.0-or-later
component-4e16,世,世,世,,,,unicode-ready,unreviewed,chise-ids-ucs-basic,352e13378e411c322cfa16bfd7a6d21d670d7eca,GPL-2.0-or-later
component-4e18,丘,丘,丘,,,,unicode-ready,unreviewed,chise-ids-ucs-basic,352e13378e411c322cfa16bfd7a6d21d670d7eca,GPL-2.0-or-later
component-4e19,丙,丙,丙,,,,unicode-ready,unreviewed,chise-ids-ucs-basic,352e13378e411c322cfa16bfd7a6d21d670d7eca,GPL-2.0-or-later
component-4e1a,业,业,业,,,,unicode-ready,unreviewed,chise-ids-ucs-basic,352e13378e411c322cfa16bfd7a6d21d670d7eca,GPL-2.0-or-later
component-20010,𠀐,𠀐,𠀐,,,,unicode-ready,unreviewed,chise-ids-ucs-basic,352e13378e411c322cfa16bfd7a6d21d670d7eca,GPL-2.0-or-later
component-4e1e,丞,丞,丞,,,,unicode-ready,unreviewed,chise-ids-ucs-basic,352e13378e411c322cfa16bfd7a6d21d670d7eca,GPL-2.0-or-later
component-4e3d,丽,丽,丽,,,,unicode-ready,unreviewed,chise-ids-ucs-basic,352e13378e411c322cfa16bfd7a6d21d670d7eca,GPL-2.0-or-later
component-4e26,並,並,並,,,,unicode-ready,unreviewed,chise-ids-ucs-basic,352e13378e411c322cfa16bfd7a6d21d670d7eca,GPL-2.0-or-later
component-4e28,丨,丨,丨,,,,unicode-ready,unreviewed,chise-ids-ucs-basic,352e13378e411c322cfa16bfd7a6d21d670d7eca,GPL-2.0-or-later
component-4e29,丩,丩,丩,,,,unicode-ready,unreviewed,chise-ids-ucs-basic,352e13378e411c322cfa16bfd7a6d21d670d7eca,GPL-2.0-or-later
component-4e2b,丫,丫,丫,,,,unicode-ready,unreviewed,chise-ids-ucs-basic,352e13378e411c322cfa16bfd7a6d21d670d7eca,GPL-2.0-or-later
component-3404,㐄,㐄,㐄,,,,unicode-ready,unreviewed,chise-ids-ucs-basic,352e13378e411c322cfa16bfd7a6d21d670d7eca,GPL-2.0-or-later
component-4e2d,中,中,中,,,,unicode-ready,unreviewed,chise-ids-ucs-basic,352e13378e411c322cfa16bfd7a6d21d670d7eca,GPL-2.0-or-later
component-4e30,丰,丰,丰,,,,unicode-ready,unreviewed,chise-ids-ucs-basic,352e13378e411c322cfa16bfd7a6d21d670d7eca,GPL-2.0-or-later
component-20063,𠁣,𠁣,𠁣,,,,unicode-ready,unreviewed,chise-ids-ucs-basic,352e13378e411c322cfa16bfd7a6d21d670d7eca,GPL-2.0-or-later
component-4e32,串,串,串,,,,unicode-ready,unreviewed,chise-ids-ucs-basic,352e13378e411c322cfa16bfd7a6d21d670d7eca,GPL-2.0-or-later
component-23d92,𣶒,𣶒,𣶒,,,,unicode-ready,unreviewed,chise-ids-ucs-basic,352e13378e411c322cfa16bfd7a6d21d670d7eca,GPL-2.0-or-later
component-4e35,丵,丵,丵,,,,unicode-ready,unreviewed,chise-ids-ucs-basic,352e13378e411c322cfa16bfd7a6d21d670d7eca,GPL-2.0-or-later
component-20073,𠁳,𠁳,𠁳,,,,unicode-ready,unreviewed,chise-ids-ucs-basic,352e13378e411c322cfa16bfd7a6d21d670d7eca,GPL-2.0-or-later
component-4e36,丶,丶,丶,,,,unicode-ready,unreviewed,chise-ids-ucs-basic,352e13378e411c322cfa16bfd7a6d21d670d7eca,GPL-2.0-or-later
component-4e37,丷,丷,丷,,,,unicode-ready,unreviewed,chise-ids-ucs-basic,352e13378e411c322cfa16bfd7a6d21d670d7eca,GPL-2.0-or-later
component-4e38,丸,丸,丸,,,,unicode-ready,unreviewed,chise-ids-ucs-basic,352e13378e411c322cfa16bfd7a6d21d670d7eca,GPL-2.0-or-later
component-4e39,丹,丹,丹,,,,unicode-ready,unreviewed,chise-ids-ucs-basic,352e13378e411c322cfa16bfd7a6d21d670d7eca,GPL-2.0-or-later
component-4e3b,主,主,主,,,,unicode-ready,unreviewed,chise-ids-ucs-basic,352e13378e411c322cfa16bfd7a6d21d670d7eca,GPL-2.0-or-later
component-4e3f,丿,丿,丿,,,,unicode-ready,unreviewed,chise-ids-ucs-basic,352e13378e411c322cfa16bfd7a6d21d670d7eca,GPL-2.0-or-later
component-4e42,乂,乂,乂,,,,unicode-ready,unreviewed,chise-ids-ucs-basic,352e13378e411c322cfa16bfd7a6d21d670d7eca,GPL-2.0-or-later
component-4e43,乃,乃,乃,,,,unicode-ready,unreviewed,chise-ids-ucs-basic,352e13378e411c322cfa16bfd7a6d21d670d7eca,GPL-2.0-or-later
component-3405,㐅,㐅,㐅,,,,unicode-ready,unreviewed,chise-ids-ucs-basic,352e13378e411c322cfa16bfd7a6d21d670d7eca,GPL-2.0-or-later
component-20086,𠂆,𠂆,𠂆,,,,unicode-ready,unreviewed,chise-ids-ucs-basic,352e13378e411c322cfa16bfd7a6d21d670d7eca,GPL-2.0-or-later
component-20087,𠂇,𠂇,𠂇,,,,unicode-ready,unreviewed,chise-ids-ucs-basic,352e13378e411c322cfa16bfd7a6d21d670d7eca,GPL-2.0-or-later
component-20089,𠂉,𠂉,𠂉,,,,unicode-ready,unreviewed,chise-ids-ucs-basic,352e13378e411c322cfa16bfd7a6d21d670d7eca,GPL-2.0-or-later
component-4e45,久,久,久,,,,unicode-ready,unreviewed,chise-ids-ucs-basic,352e13378e411c322cfa16bfd7a6d21d670d7eca,GPL-2.0-or-later
component-4e47,乇,乇,乇,,,,unicode-ready,unreviewed,chise-ids-ucs-basic,352e13378e411c322cfa16bfd7a6d21d670d7eca,GPL-2.0-or-later
component-31378,𱍸,𱍸,𱍸,,,,unicode-ready,unreviewed,chise-ids-ucs-basic,352e13378e411c322cfa16bfd7a6d21d670d7eca,GPL-2.0-or-later
component-4e4b,之,之,之,,,,unicode-ready,unreviewed,chise-ids-ucs-basic,352e13378e411c322cfa16bfd7a6d21d670d7eca,GPL-2.0-or-later
component-5c39,尹,尹,尹,,,,unicode-ready,unreviewed,chise-ids-ucs-basic,352e13378e411c322cfa16bfd7a6d21d670d7eca,GPL-2.0-or-later
component-20091,𠂑,𠂑,𠂑,,,,unicode-ready,unreviewed,chise-ids-ucs-basic,352e13378e411c322cfa16bfd7a6d21d670d7eca,GPL-2.0-or-later
component-4e4d,乍,乍,乍,,,,unicode-ready,unreviewed,chise-ids-ucs-basic,352e13378e411c322cfa16bfd7a6d21d670d7eca,GPL-2.0-or-later
component-4e4e,乎,乎,乎,,,,unicode-ready,unreviewed,chise-ids-ucs-basic,352e13378e411c322cfa16bfd7a6d21d670d7eca,GPL-2.0-or-later
component-4e4f,乏,乏,乏,,,,unicode-ready,unreviewed,chise-ids-ucs-basic,352e13378e411c322cfa16bfd7a6d21d670d7eca,GPL-2.0-or-later
component-4e51,乑,乑,乑,,,,unicode-ready,unreviewed,chise-ids-ucs-basic,352e13378e411c322cfa16bfd7a6d21d670d7eca,GPL-2.0-or-later
component-3406,㐆,㐆,㐆,,,,unicode-ready,unreviewed,chise-ids-ucs-basic,352e13378e411c322cfa16bfd7a6d21d670d7eca,GPL-2.0-or-later
component-200a2,𠂢,𠂢,𠂢,,,,unicode-ready,unreviewed,chise-ids-ucs-basic,352e13378e411c322cfa16bfd7a6d21d670d7eca,GPL-2.0-or-later
component-200a4,𠂤,𠂤,𠂤,,,,unicode-ready,unreviewed,chise-ids-ucs-basic,352e13378e411c322cfa16bfd7a6d21d670d7eca,GPL-2.0-or-later
component-2b851,𫡑,𫡑,𫡑,,,,unicode-ready,unreviewed,chise-ids-ucs-basic,352e13378e411c322cfa16bfd7a6d21d670d7eca,GPL-2.0-or-later
component-4e58,乘,乘,乘,,,,unicode-ready,unreviewed,chise-ids-ucs-basic,352e13378e411c322cfa16bfd7a6d21d670d7eca,GPL-2.0-or-later
component-4e59,乙,乙,乙,,,,unicode-ready,unreviewed,chise-ids-ucs-basic,352e13378e411c322cfa16bfd7a6d21d670d7eca,GPL-2.0-or-later
component-4e5a,乚,乚,乚,,,,unicode-ready,unreviewed,chise-ids-ucs-basic,352e13378e411c322cfa16bfd7a6d21d670d7eca,GPL-2.0-or-later
component-200cc,𠃌,𠃌,𠃌,,,,unicode-ready,unreviewed,chise-ids-ucs-basic,352e13378e411c322cfa16bfd7a6d21d670d7eca,GPL-2.0-or-later
component-4e5d,九,九,九,,,,unicode-ready,unreviewed,chise-ids-ucs-basic,352e13378e411c322cfa16bfd7a6d21d670d7eca,GPL-2.0-or-later
component-9fb4,龴,龴,龴,,,,unicode-ready,unreviewed,chise-ids-ucs-basic,352e13378e411c322cfa16bfd7a6d21d670d7eca,GPL-2.0-or-later
component-4e5e,乞,乞,乞,,,,unicode-ready,unreviewed,chise-ids-ucs-basic,352e13378e411c322cfa16bfd7a6d21d670d7eca,GPL-2.0-or-later
component-4e5f,也,也,也,,,,unicode-ready,unreviewed,chise-ids-ucs-basic,352e13378e411c322cfa16bfd7a6d21d670d7eca,GPL-2.0-or-later
component-200dc,𠃜,𠃜,𠃜,,,,unicode-ready,unreviewed,chise-ids-ucs-basic,352e13378e411c322cfa16bfd7a6d21d670d7eca,GPL-2.0-or-later
component-340c,㐌,㐌,㐌,,,,unicode-ready,unreviewed,chise-ids-ucs-basic,352e13378e411c322cfa16bfd7a6d21d670d7eca,GPL-2.0-or-later
component-4e86,了,了,了,,,,unicode-ready,unreviewed,chise-ids-ucs-basic,352e13378e411c322cfa16bfd7a6d21d670d7eca,GPL-2.0-or-later
component-4e88,予,予,予,,,,unicode-ready,unreviewed,chise-ids-ucs-basic,352e13378e411c322cfa16bfd7a6d21d670d7eca,GPL-2.0-or-later
component-4e8b,事,事,事,,,,unicode-ready,unreviewed,chise-ids-ucs-basic,352e13378e411c322cfa16bfd7a6d21d670d7eca,GPL-2.0-or-later
component-4e8c,二,二,二,,,,unicode-ready,unreviewed,chise-ids-ucs-basic,352e13378e411c322cfa16bfd7a6d21d670d7eca,GPL-2.0-or-later
component-2011e,𠄞,𠄞,𠄞,,,,unicode-ready,unreviewed,chise-ids-ucs-basic,352e13378e411c322cfa16bfd7a6d21d670d7eca,GPL-2.0-or-later
component-4e8d,亍,亍,亍,,,,unicode-ready,unreviewed,chise-ids-ucs-basic,352e13378e411c322cfa16bfd7a6d21d670d7eca,GPL-2.0-or-later
component-4e8e,于,于,于,,,,unicode-ready,unreviewed,chise-ids-ucs-basic,352e13378e411c322cfa16bfd7a6d21d670d7eca,GPL-2.0-or-later
component-4e8f,亏,亏,亏,,,,unicode-ready,unreviewed,chise-ids-ucs-basic,352e13378e411c322cfa16bfd7a6d21d670d7eca,GPL-2.0-or-later
component-4e91,云,云,云,,,,unicode-ready,unreviewed,chise-ids-ucs-basic,352e13378e411c322cfa16bfd7a6d21d670d7eca,GPL-2.0-or-later
component-4e92,互,互,互,,,,unicode-ready,unreviewed,chise-ids-ucs-basic,352e13378e411c322cfa16bfd7a6d21d670d7eca,GPL-2.0-or-later
component-4e94,五,五,五,,,,unicode-ready,unreviewed,chise-ids-ucs-basic,352e13378e411c322cfa16bfd7a6d21d670d7eca,GPL-2.0-or-later
component-4e95,井,井,井,,,,unicode-ready,unreviewed,chise-ids-ucs-basic,352e13378e411c322cfa16bfd7a6d21d670d7eca,GPL-2.0-or-later
component-4e98,亘,亘,亘,,,,unicode-ready,unreviewed,chise-ids-ucs-basic,352e13378e411c322cfa16bfd7a6d21d670d7eca,GPL-2.0-or-later
component-4e99,亙,亙,亙,,,,unicode-ready,unreviewed,chise-ids-ucs-basic,352e13378e411c322cfa16bfd7a6d21d670d7eca,GPL-2.0-or-later
component-4e9e,亞,亞,亞,,,,unicode-ready,unreviewed,chise-ids-ucs-basic,352e13378e411c322cfa16bfd7a6d21d670d7eca,GPL-2.0-or-later
component-4e9f,亟,亟,亟,,,,unicode-ready,unreviewed,chise-ids-ucs-basic,352e13378e411c322cfa16bfd7a6d21d670d7eca,GPL-2.0-or-later
component-4ea0,亠,亠,亠,,,,unicode-ready,unreviewed,chise-ids-ucs-basic,352e13378e411c322cfa16bfd7a6d21d670d7eca,GPL-2.0-or-later
component-4ea1,亡,亡,亡,,,,unicode-ready,unreviewed,chise-ids-ucs-basic,352e13378e411c322cfa16bfd7a6d21d670d7eca,GPL-2.0-or-later
component-4ea2,亢,亢,亢,,,,unicode-ready,unreviewed,chise-ids-ucs-basic,352e13378e411c322cfa16bfd7a6d21d670d7eca,GPL-2.0-or-later
component-4ea3,亣,亣,亣,,,,unicode-ready,unreviewed,chise-ids-ucs-basic,352e13378e411c322cfa16bfd7a6d21d670d7eca,GPL-2.0-or-later
component-4ea4,交,交,交,,,,unicode-ready,unreviewed,chise-ids-ucs-basic,352e13378e411c322cfa16bfd7a6d21d670d7eca,GPL-2.0-or-later
component-4ea5,亥,亥,亥,,,,unicode-ready,unreviewed,chise-ids-ucs-basic,352e13378e411c322cfa16bfd7a6d21d670d7eca,GPL-2.0-or-later
component-4ea6,亦,亦,亦,,,,unicode-ready,unreviewed,chise-ids-ucs-basic,352e13378e411c322cfa16bfd7a6d21d670d7eca,GPL-2.0-or-later
component-20143,𠅃,𠅃,𠅃,,,,unicode-ready,unreviewed,chise-ids-ucs-basic,352e13378e411c322cfa16bfd7a6d21d670d7eca,GPL-2.0-or-later
component-4ea8,亨,亨,亨,,,,unicode-ready,unreviewed,chise-ids-ucs-basic,352e13378e411c322cfa16bfd7a6d21d670d7eca,GPL-2.0-or-later
component-4ea9,亩,亩,亩,,,,unicode-ready,unreviewed,chise-ids-ucs-basic,352e13378e411c322cfa16bfd7a6d21d670d7eca,GPL-2.0-or-later
component-342c,㐬,㐬,㐬,,,,unicode-ready,unreviewed,chise-ids-ucs-basic,352e13378e411c322cfa16bfd7a6d21d670d7eca,GPL-2.0-or-later
component-4eab,享,享,享,,,,unicode-ready,unreviewed,chise-ids-ucs-basic,352e13378e411c322cfa16bfd7a6d21d670d7eca,GPL-2.0-or-later
component-4eac,京,京,京,,,,unicode-ready,unreviewed,chise-ids-ucs-basic,352e13378e411c322cfa16bfd7a6d21d670d7eca,GPL-2.0-or-later
component-4ead,亭,亭,亭,,,,unicode-ready,unreviewed,chise-ids-ucs-basic,352e13378e411c322cfa16bfd7a6d21d670d7eca,GPL-2.0-or-later
component-4eb2,亲,亲,亲,,,,unicode-ready,unreviewed,chise-ids-ucs-basic,352e13378e411c322cfa16bfd7a6d21d670d7eca,GPL-2.0-or-later
component-4eb6,亶,亶,亶,,,,unicode-ready,unreviewed,chise-ids-ucs-basic,352e13378e411c322cfa16bfd7a6d21d670d7eca,GPL-2.0-or-later
component-4eba,人,人,人,,,,unicode-ready,unreviewed,chise-ids-ucs-basic,352e13378e411c322cfa16bfd7a6d21d670d7eca,GPL-2.0-or-later
component-4ebb,亻,亻,亻,,,,unicode-ready,unreviewed,chise-ids-ucs-basic,352e13378e411c322cfa16bfd7a6d21d670d7eca,GPL-2.0-or-later
component-201a2,𠆢,𠆢,𠆢,,,,unicode-ready,unreviewed,chise-ids-ucs-basic,352e13378e411c322cfa16bfd7a6d21d670d7eca,GPL-2.0-or-later
component-4ebc,亼,亼,亼,,,,unicode-ready,unreviewed,chise-ids-ucs-basic,352e13378e411c322cfa16bfd7a6d21d670d7eca,GPL-2.0-or-later
component-4ebd,亽,亽,亽,,,,unicode-ready,unreviewed,chise-ids-ucs-basic,352e13378e411c322cfa16bfd7a6d21d670d7eca,GPL-2.0-or-later
component-4eca,今,今,今,,,,unicode-ready,unreviewed,chise-ids-ucs-basic,352e13378e411c322cfa16bfd7a6d21d670d7eca,GPL-2.0-or-later
component-4ecb,介,介,介,,,,unicode-ready,unreviewed,chise-ids-ucs-basic,352e13378e411c322cfa16bfd7a6d21d670d7eca,GPL-2.0-or-later
component-4ece,从,从,从,,,,unicode-ready,unreviewed,chise-ids-ucs-basic,352e13378e411c322cfa16bfd7a6d21d670d7eca,GPL-2.0-or-later
component-4ed2,仒,仒,仒,,,,unicode-ready,unreviewed,chise-ids-ucs-basic,352e13378e411c322cfa16bfd7a6d21d670d7eca,GPL-2.0-or-later
component-4ed8,付,付,付,,,,unicode-ready,unreviewed,chise-ids-ucs-basic,352e13378e411c322cfa16bfd7a6d21d670d7eca,GPL-2.0-or-later
component-4ee3,代,代,代,,,,unicode-ready,unreviewed,chise-ids-ucs-basic,352e13378e411c322cfa16bfd7a6d21d670d7eca,GPL-2.0-or-later
component-4ee4,令,令,令,,,,unicode-ready,unreviewed,chise-ids-ucs-basic,352e13378e411c322cfa16bfd7a6d21d670d7eca,GPL-2.0-or-later
component-4ee5,以,以,以,,,,unicode-ready,unreviewed,chise-ids-ucs-basic,352e13378e411c322cfa16bfd7a6d21d670d7eca,GPL-2.0-or-later
component-3431,㐱,㐱,㐱,,,,unicode-ready,unreviewed,chise-ids-ucs-basic,352e13378e411c322cfa16bfd7a6d21d670d7eca,GPL-2.0-or-later
component-2b889,𫢉,𫢉,𫢉,,,,unicode-ready,unreviewed,chise-ids-ucs-basic,352e13378e411c322cfa16bfd7a6d21d670d7eca,GPL-2.0-or-later
component-4f10,伐,伐,伐,,,,unicode-ready,unreviewed,chise-ids-ucs-basic,352e13378e411c322cfa16bfd7a6d21d670d7eca,GPL-2.0-or-later
component-4f55,何,何,何,,,,unicode-ready,unreviewed,chise-ids-ucs-basic,352e13378e411c322cfa16bfd7a6d21d670d7eca,GPL-2.0-or-later
component-4f59,余,余,余,,,,unicode-ready,unreviewed,chise-ids-ucs-basic,352e13378e411c322cfa16bfd7a6d21d670d7eca,GPL-2.0-or-later
component-4f60,你,你,你,,,,unicode-ready,unreviewed,chise-ids-ucs-basic,352e13378e411c322cfa16bfd7a6d21d670d7eca,GPL-2.0-or-later
component-4f70,佰,佰,佰,,,,unicode-ready,unreviewed,chise-ids-ucs-basic,352e13378e411c322cfa16bfd7a6d21d670d7eca,GPL-2.0-or-later
component-4f86,來,來,來,,,,unicode-ready,unreviewed,chise-ids-ucs-basic,352e13378e411c322cfa16bfd7a6d21d670d7eca,GPL-2.0-or-later
component-4f8c,侌,侌,侌,,,,unicode-ready,unreviewed,chise-ids-ucs-basic,352e13378e411c322cfa16bfd7a6d21d670d7eca,GPL-2.0-or-later
component-4f96,侖,侖,侖,,,,unicode-ready,unreviewed,chise-ids-ucs-basic,352e13378e411c322cfa16bfd7a6d21d670d7eca,GPL-2.0-or-later
component-4faf,侯,侯,侯,,,,unicode-ready,unreviewed,chise-ids-ucs-basic,352e13378e411c322cfa16bfd7a6d21d670d7eca,GPL-2.0-or-later
component-4fbf,便,便,便,,,,unicode-ready,unreviewed,chise-ids-ucs-basic,352e13378e411c322cfa16bfd7a6d21d670d7eca,GPL-2.0-or-later
component-4fdd,保,保,保,,,,unicode-ready,unreviewed,chise-ids-ucs-basic,352e13378e411c322cfa16bfd7a6d21d670d7eca,GPL-2.0-or-later
component-4fde,俞,俞,俞,,,,unicode-ready,unreviewed,chise-ids-ucs-basic,352e13378e411c322cfa16bfd7a6d21d670d7eca,GPL-2.0-or-later
component-5009,倉,倉,倉,,,,unicode-ready,unreviewed,chise-ids-ucs-basic,352e13378e411c322cfa16bfd7a6d21d670d7eca,GPL-2.0-or-later
component-501d,倝,倝,倝,,,,unicode-ready,unreviewed,chise-ids-ucs-basic,352e13378e411c322cfa16bfd7a6d21d670d7eca,GPL-2.0-or-later
component-5020,倠,倠,倠,,,,unicode-ready,unreviewed,chise-ids-ucs-basic,352e13378e411c322cfa16bfd7a6d21d670d7eca,GPL-2.0-or-later
component-50c9,僉,僉,僉,,,,unicode-ready,unreviewed,chise-ids-ucs-basic,352e13378e411c322cfa16bfd7a6d21d670d7eca,GPL-2.0-or-later
component-513f,儿,儿,儿,,,,unicode-ready,unreviewed,chise-ids-ucs-basic,352e13378e411c322cfa16bfd7a6d21d670d7eca,GPL-2.0-or-later
component-5140,兀,兀,兀,,,,unicode-ready,unreviewed,chise-ids-ucs-basic,352e13378e411c322cfa16bfd7a6d21d670d7eca,GPL-2.0-or-later
component-5141,允,允,允,,,,unicode-ready,unreviewed,chise-ids-ucs-basic,352e13378e411c322cfa16bfd7a6d21d670d7eca,GPL-2.0-or-later
component-5143,元,元,元,,,,unicode-ready,unreviewed,chise-ids-ucs-basic,352e13378e411c322cfa16bfd7a6d21d670d7eca,GPL-2.0-or-later
component-5144,兄,兄,兄,,,,unicode-ready,unreviewed,chise-ids-ucs-basic,352e13378e411c322cfa16bfd7a6d21d670d7eca,GPL-2.0-or-later
component-5145,充,充,充,,,,unicode-ready,unreviewed,chise-ids-ucs-basic,352e13378e411c322cfa16bfd7a6d21d670d7eca,GPL-2.0-or-later
component-5146,兆,兆,兆,,,,unicode-ready,unreviewed,chise-ids-ucs-basic,352e13378e411c322cfa16bfd7a6d21d670d7eca,GPL-2.0-or-later
component-5148,先,先,先,,,,unicode-ready,unreviewed,chise-ids-ucs-basic,352e13378e411c322cfa16bfd7a6d21d670d7eca,GPL-2.0-or-later
component-5149,光,光,光,,,,unicode-ready,unreviewed,chise-ids-ucs-basic,352e13378e411c322cfa16bfd7a6d21d670d7eca,GPL-2.0-or-later
component-514c,兌,兌,兌,,,,unicode-ready,unreviewed,chise-ids-ucs-basic,352e13378e411c322cfa16bfd7a6d21d670d7eca,GPL-2.0-or-later
component-514d,免,免,免,,,,unicode-ready,unreviewed,chise-ids-ucs-basic,352e13378e411c322cfa16bfd7a6d21d670d7eca,GPL-2.0-or-later
component-20482,𠒂,𠒂,𠒂,,,,unicode-ready,unreviewed,chise-ids-ucs-basic,352e13378e411c322cfa16bfd7a6d21d670d7eca,GPL-2.0-or-later
component-5154,兔,兔,兔,,,,unicode-ready,unreviewed,chise-ids-ucs-basic,352e13378e411c322cfa16bfd7a6d21d670d7eca,GPL-2.0-or-later
component-515f,兟,兟,兟,,,,unicode-ready,unreviewed,chise-ids-ucs-basic,352e13378e411c322cfa16bfd7a6d21d670d7eca,GPL-2.0-or-later
component-5165,入,入,入,,,,unicode-ready,unreviewed,chise-ids-ucs-basic,352e13378e411c322cfa16bfd7a6d21d670d7eca,GPL-2.0-or-later
component-5167,內,內,內,,,,unicode-ready,unreviewed,chise-ids-ucs-basic,352e13378e411c322cfa16bfd7a6d21d670d7eca,GPL-2.0-or-later
component-5168,全,全,全,,,,unicode-ready,unreviewed,chise-ids-ucs-basic,352e13378e411c322cfa16bfd7a6d21d670d7eca,GPL-2.0-or-later
component-5169,兩,兩,兩,,,,unicode-ready,unreviewed,chise-ids-ucs-basic,352e13378e411c322cfa16bfd7a6d21d670d7eca,GPL-2.0-or-later
component-516b,八,八,八,,,,unicode-ready,unreviewed,chise-ids-ucs-basic,352e13378e411c322cfa16bfd7a6d21d670d7eca,GPL-2.0-or-later
component-516c,公,公,公,,,,unicode-ready,unreviewed,chise-ids-ucs-basic,352e13378e411c322cfa16bfd7a6d21d670d7eca,GPL-2.0-or-later
component-516d,六,六,六,,,,unicode-ready,unreviewed,chise-ids-ucs-basic,352e13378e411c322cfa16bfd7a6d21d670d7eca,GPL-2.0-or-later
component-5171,共,共,共,,,,unicode-ready,unreviewed,chise-ids-ucs-basic,352e13378e411c322cfa16bfd7a6d21d670d7eca,GPL-2.0-or-later
component-5173,关,关,关,,,,unicode-ready,unreviewed,chise-ids-ucs-basic,352e13378e411c322cfa16bfd7a6d21d670d7eca,GPL-2.0-or-later
component-9fb9,龹,龹,龹,,,,unicode-ready,unreviewed,chise-ids-ucs-basic,352e13378e411c322cfa16bfd7a6d21d670d7eca,GPL-2.0-or-later
component-5176,其,其,其,,,,unicode-ready,unreviewed,chise-ids-ucs-basic,352e13378e411c322cfa16bfd7a6d21d670d7eca,GPL-2.0-or-later
component-5177,具,具,具,,,,unicode-ready,unreviewed,chise-ids-ucs-basic,352e13378e411c322cfa16bfd7a6d21d670d7eca,GPL-2.0-or-later
component-5179,兹,兹,兹,,,,unicode-ready,unreviewed,chise-ids-ucs-basic,352e13378e411c322cfa16bfd7a6d21d670d7eca,GPL-2.0-or-later
component-34b8,㒸,㒸,㒸,,,,unicode-ready,unreviewed,chise-ids-ucs-basic,352e13378e411c322cfa16bfd7a6d21d670d7eca,GPL-2.0-or-later
component-517c,兼,兼,兼,,,,unicode-ready,unreviewed,chise-ids-ucs-basic,352e13378e411c322cfa16bfd7a6d21d670d7eca,GPL-2.0-or-later
component-5182,冂,冂,冂,,,,unicode-ready,unreviewed,chise-ids-ucs-basic,352e13378e411c322cfa16bfd7a6d21d670d7eca,GPL-2.0-or-later
component-2053c,𠔼,𠔼,𠔼,,,,unicode-ready,unreviewed,chise-ids-ucs-basic,352e13378e411c322cfa16bfd7a6d21d670d7eca,GPL-2.0-or-later
component-300e6,𰃦,𰃦,𰃦,,,,unicode-ready,unreviewed,chise-ids-ucs-basic,352e13378e411c322cfa16bfd7a6d21d670d7eca,GPL-2.0-or-later
component-5183,冃,冃,冃,,,,unicode-ready,unreviewed,chise-ids-ucs-basic,352e13378e411c322cfa16bfd7a6d21d670d7eca,GPL-2.0-or-later
component-5185,内,内,内,,,,unicode-ready,unreviewed,chise-ids-ucs-basic,352e13378e411c322cfa16bfd7a6d21d670d7eca,GPL-2.0-or-later
component-5189,冉,冉,冉,,,,unicode-ready,unreviewed,chise-ids-ucs-basic,352e13378e411c322cfa16bfd7a6d21d670d7eca,GPL-2.0-or-later
component-518a,冊,冊,冊,,,,unicode-ready,unreviewed,chise-ids-ucs-basic,352e13378e411c322cfa16bfd7a6d21d670d7eca,GPL-2.0-or-later
component-518b,冋,冋,冋,,,,unicode-ready,unreviewed,chise-ids-ucs-basic,352e13378e411c322cfa16bfd7a6d21d670d7eca,GPL-2.0-or-later
component-518c,册,册,册,,,,unicode-ready,unreviewed,chise-ids-ucs-basic,352e13378e411c322cfa16bfd7a6d21d670d7eca,GPL-2.0-or-later
component-20541,𠕁,𠕁,𠕁,,,,unicode-ready,unreviewed,chise-ids-ucs-basic,352e13378e411c322cfa16bfd7a6d21d670d7eca,GPL-2.0-or-later
component-518e,冎,冎,冎,,,,unicode-ready,unreviewed,chise-ids-ucs-basic,352e13378e411c322cfa16bfd7a6d21d670d7eca,GPL-2.0-or-later
component-518f,冏,冏,冏,,,,unicode-ready,unreviewed,chise-ids-ucs-basic,352e13378e411c322cfa16bfd7a6d21d670d7eca,GPL-2.0-or-later
component-5192,冒,冒,冒,,,,unicode-ready,unreviewed,chise-ids-ucs-basic,352e13378e411c322cfa16bfd7a6d21d670d7eca,GPL-2.0-or-later
component-5193,冓,冓,冓,,,,unicode-ready,unreviewed,chise-ids-ucs-basic,352e13378e411c322cfa16bfd7a6d21d670d7eca,GPL-2.0-or-later
component-34bc,㒼,㒼,㒼,,,,unicode-ready,unreviewed,chise-ids-ucs-basic,352e13378e411c322cfa16bfd7a6d21d670d7eca,GPL-2.0-or-later
component-6700,最,最,最,,,,unicode-ready,unreviewed,chise-ids-ucs-basic,352e13378e411c322cfa16bfd7a6d21d670d7eca,GPL-2.0-or-later
component-5196,冖,冖,冖,,,,unicode-ready,unreviewed,chise-ids-ucs-basic,352e13378e411c322cfa16bfd7a6d21d670d7eca,GPL-2.0-or-later
component-5197,冗,冗,冗,,,,unicode-ready,unreviewed,chise-ids-ucs-basic,352e13378e411c322cfa16bfd7a6d21d670d7eca,GPL-2.0-or-later
component-5198,冘,冘,冘,,,,unicode-ready,unreviewed,chise-ids-ucs-basic,352e13378e411c322cfa16bfd7a6d21d670d7eca,GPL-2.0-or-later
component-519d,冝,冝,冝,,,,unicode-ready,unreviewed,chise-ids-ucs-basic,352e13378e411c322cfa16bfd7a6d21d670d7eca,GPL-2.0-or-later
component-51a1,冡,冡,冡,,,,unicode-ready,unreviewed,chise-ids-ucs-basic,352e13378e411c322cfa16bfd7a6d21d670d7eca,GPL-2.0-or-later
component-51ab,冫,冫,冫,,,,unicode-ready,unreviewed,chise-ids-ucs-basic,352e13378e411c322cfa16bfd7a6d21d670d7eca,GPL-2.0-or-later
component-51ac,冬,冬,冬,,,,unicode-ready,unreviewed,chise-ids-ucs-basic,352e13378e411c322cfa16bfd7a6d21d670d7eca,GPL-2.0-or-later
component-51e0,几,几,几,,,,unicode-ready,unreviewed,chise-ids-ucs-basic,352e13378e411c322cfa16bfd7a6d21d670d7eca,GPL-2.0-or-later
component-2e87,⺇,⺇,⺇,,,,unicode-ready,unreviewed,chise-ids-ucs-basic,352e13378e411c322cfa16bfd7a6d21d670d7eca,GPL-2.0-or-later
component-20627,𠘧,𠘧,𠘧,,,,unicode-ready,unreviewed,chise-ids-ucs-basic,352e13378e411c322cfa16bfd7a6d21d670d7eca,GPL-2.0-or-later
component-51e1,凡,凡,凡,,,,unicode-ready,unreviewed,chise-ids-ucs-basic,352e13378e411c322cfa16bfd7a6d21d670d7eca,GPL-2.0-or-later
component-51e6,処,処,処,,,,unicode-ready,unreviewed,chise-ids-ucs-basic,352e13378e411c322cfa16bfd7a6d21d670d7eca,GPL-2.0-or-later
component-2b95e,𫥞,𫥞,𫥞,,,,unicode-ready,unreviewed,chise-ids-ucs-basic,352e13378e411c322cfa16bfd7a6d21d670d7eca,GPL-2.0-or-later
component-51f5,凵,凵,凵,,,,unicode-ready,unreviewed,chise-ids-ucs-basic,352e13378e411c322cfa16bfd7a6d21d670d7eca,GPL-2.0-or-later
component-51f6,凶,凶,凶,,,,unicode-ready,unreviewed,chise-ids-ucs-basic,352e13378e411c322cfa16bfd7a6d21d670d7eca,GPL-2.0-or-later
component-51f7,凷,凷,凷,,,,unicode-ready,unreviewed,chise-ids-ucs-basic,352e13378e411c322cfa16bfd7a6d21d670d7eca,GPL-2.0-or-later
component-51f8,凸,凸,凸,,,,unicode-ready,unreviewed,chise-ids-ucs-basic,352e13378e411c322cfa16bfd7a6d21d670d7eca,GPL-2.0-or-later
component-51f9,凹,凹,凹,,,,unicode-ready,unreviewed,chise-ids-ucs-basic,352e13378e411c322cfa16bfd7a6d21d670d7eca,GPL-2.0-or-later
component-51fa,出,出,出,,,,unicode-ready,unreviewed,chise-ids-ucs-basic,352e13378e411c322cfa16bfd7a6d21d670d7eca,GPL-2.0-or-later
component-20695,𠚕,𠚕,𠚕,,,,unicode-ready,unreviewed,chise-ids-ucs-basic,352e13378e411c322cfa16bfd7a6d21d670d7eca,GPL-2.0-or-later
component-5200,刀,刀,刀,,,,unicode-ready,unreviewed,chise-ids-ucs-basic,352e13378e411c322cfa16bfd7a6d21d670d7eca,GPL-2.0-or-later
component-2e88,⺈,⺈,⺈,,,,unicode-ready,unreviewed,chise-ids-ucs-basic,352e13378e411c322cfa16bfd7a6d21d670d7eca,GPL-2.0-or-later
component-5201,刁,刁,刁,,,,unicode-ready,unreviewed,chise-ids-ucs-basic,352e13378e411c322cfa16bfd7a6d21d670d7eca,GPL-2.0-or-later
component-5202,刂,刂,刂,,,,unicode-ready,unreviewed,chise-ids-ucs-basic,352e13378e411c322cfa16bfd7a6d21d670d7eca,GPL-2.0-or-later
component-206a3,𠚣,𠚣,𠚣,,,,unicode-ready,unreviewed,chise-ids-ucs-basic,352e13378e411c322cfa16bfd7a6d21d670d7eca,GPL-2.0-or-later
component-5203,刃,刃,刃,,,,unicode-ready,unreviewed,chise-ids-ucs-basic,352e13378e411c322cfa16bfd7a6d21d670d7eca,GPL-2.0-or-later
component-5206,分,分,分,,,,unicode-ready,unreviewed,chise-ids-ucs-basic,352e13378e411c322cfa16bfd7a6d21d670d7eca,GPL-2.0-or-later
component-5207,切,切,切,,,,unicode-ready,unreviewed,chise-ids-ucs-basic,352e13378e411c322cfa16bfd7a6d21d670d7eca,GPL-2.0-or-later
component-520d,刍,刍,刍,,,,unicode-ready,unreviewed,chise-ids-ucs-basic,352e13378e411c322cfa16bfd7a6d21d670d7eca,GPL-2.0-or-later
component-5211,刑,刑,刑,,,,unicode-ready,unreviewed,chise-ids-ucs-basic,352e13378e411c322cfa16bfd7a6d21d670d7eca,GPL-2.0-or-later
component-5217,列,列,列,,,,unicode-ready,unreviewed,chise-ids-ucs-basic,352e13378e411c322cfa16bfd7a6d21d670d7eca,GPL-2.0-or-later
component-34de,㓞,㓞,㓞,,,,unicode-ready,unreviewed,chise-ids-ucs-basic,352e13378e411c322cfa16bfd7a6d21d670d7eca,GPL-2.0-or-later
component-5229,利,利,利,,,,unicode-ready,unreviewed,chise-ids-ucs-basic,352e13378e411c322cfa16bfd7a6d21d670d7eca,GPL-2.0-or-later
component-5230,到,到,到,,,,unicode-ready,unreviewed,chise-ids-ucs-basic,352e13378e411c322cfa16bfd7a6d21d670d7eca,GPL-2.0-or-later
component-5236,制,制,制,,,,unicode-ready,unreviewed,chise-ids-ucs-basic,352e13378e411c322cfa16bfd7a6d21d670d7eca,GPL-2.0-or-later
component-5247,則,則,則,,,,unicode-ready,unreviewed,chise-ids-ucs-basic,352e13378e411c322cfa16bfd7a6d21d670d7eca,GPL-2.0-or-later
component-524c,剌,剌,剌,,,,unicode-ready,unreviewed,chise-ids-ucs-basic,352e13378e411c322cfa16bfd7a6d21d670d7eca,GPL-2.0-or-later
component-524d,前,前,前,,,,unicode-ready,unreviewed,chise-ids-ucs-basic,352e13378e411c322cfa16bfd7a6d21d670d7eca,GPL-2.0-or-later
component-2a7ca,𪟊,𪟊,𪟊,,,,unicode-ready,unreviewed,chise-ids-ucs-basic,352e13378e411c322cfa16bfd7a6d21d670d7eca,GPL-2.0-or-later
component-5289,劉,劉,劉,,,,unicode-ready,unreviewed,chise-ids-ucs-basic,352e13378e411c322cfa16bfd7a6d21d670d7eca,GPL-2.0-or-later
component-529b,力,力,力,,,,unicode-ready,unreviewed,chise-ids-ucs-basic,352e13378e411c322cfa16bfd7a6d21d670d7eca,GPL-2.0-or-later
component-52a0,加,加,加,,,,unicode-ready,unreviewed,chise-ids-ucs-basic,352e13378e411c322cfa16bfd7a6d21d670d7eca,GPL-2.0-or-later
component-52a6,劦,劦,劦,,,,unicode-ready,unreviewed,chise-ids-ucs-basic,352e13378e411c322cfa16bfd7a6d21d670d7eca,GPL-2.0-or-later
component-52a9,助,助,助,,,,unicode-ready,unreviewed,chise-ids-ucs-basic,352e13378e411c322cfa16bfd7a6d21d670d7eca,GPL-2.0-or-later
component-52c7,勇,勇,勇,,,,unicode-ready,unreviewed,chise-ids-ucs-basic,352e13378e411c322cfa16bfd7a6d21d670d7eca,GPL-2.0-or-later
component-52d9,務,務,務,,,,unicode-ready,unreviewed,chise-ids-ucs-basic,352e13378e411c322cfa16bfd7a6d21d670d7eca,GPL-2.0-or-later
component-52de,勞,勞,勞,,,,unicode-ready,unreviewed,chise-ids-ucs-basic,352e13378e411c322cfa16bfd7a6d21d670d7eca,GPL-2.0-or-later
component-52f9,勹,勹,勹,,,,unicode-ready,unreviewed,chise-ids-ucs-basic,352e13378e411c322cfa16bfd7a6d21d670d7eca,GPL-2.0-or-later
component-52fa,勺,勺,勺,,,,unicode-ready,unreviewed,chise-ids-ucs-basic,352e13378e411c322cfa16bfd7a6d21d670d7eca,GPL-2.0-or-later
component-52ff,勿,勿,勿,,,,unicode-ready,unreviewed,chise-ids-ucs-basic,352e13378e411c322cfa16bfd7a6d21d670d7eca,GPL-2.0-or-later
component-5300,匀,匀,匀,,,,unicode-ready,unreviewed,chise-ids-ucs-basic,352e13378e411c322cfa16bfd7a6d21d670d7eca,GPL-2.0-or-later
component-5305,包,包,包,,,,unicode-ready,unreviewed,chise-ids-ucs-basic,352e13378e411c322cfa16bfd7a6d21d670d7eca,GPL-2.0-or-later
component-5308,匈,匈,匈,,,,unicode-ready,unreviewed,chise-ids-ucs-basic,352e13378e411c322cfa16bfd7a6d21d670d7eca,GPL-2.0-or-later
component-530a,匊,匊,匊,,,,unicode-ready,unreviewed,chise-ids-ucs-basic,352e13378e411c322cfa16bfd7a6d21d670d7eca,GPL-2.0-or-later
component-530b,匋,匋,匋,,,,unicode-ready,unreviewed,chise-ids-ucs-basic,352e13378e411c322cfa16bfd7a6d21d670d7eca,GPL-2.0-or-later
component-530d,匍,匍,匍,,,,unicode-ready,unreviewed,chise-ids-ucs-basic,352e13378e411c322cfa16bfd7a6d21d670d7eca,GPL-2.0-or-later
component-5310,匐,匐,匐,,,,unicode-ready,unreviewed,chise-ids-ucs-basic,352e13378e411c322cfa16bfd7a6d21d670d7eca,GPL-2.0-or-later
component-5315,匕,匕,匕,,,,unicode-ready,unreviewed,chise-ids-ucs-basic,352e13378e411c322cfa16bfd7a6d21d670d7eca,GPL-2.0-or-later
component-2090e,𠤎,𠤎,𠤎,,,,unicode-ready,unreviewed,chise-ids-ucs-basic,352e13378e411c322cfa16bfd7a6d21d670d7eca,GPL-2.0-or-later
component-5316,化,化,化,,,,unicode-ready,unreviewed,chise-ids-ucs-basic,352e13378e411c322cfa16bfd7a6d21d670d7eca,GPL-2.0-or-later
component-2b9c7,𫧇,𫧇,𫧇,,,,unicode-ready,unreviewed,chise-ids-ucs-basic,352e13378e411c322cfa16bfd7a6d21d670d7eca,GPL-2.0-or-later
component-5317,北,北,北,,,,unicode-ready,unreviewed,chise-ids-ucs-basic,352e13378e411c322cfa16bfd7a6d21d670d7eca,GPL-2.0-or-later
component-20915,𠤕,𠤕,𠤕,,,,unicode-ready,unreviewed,chise-ids-ucs-basic,352e13378e411c322cfa16bfd7a6d21d670d7eca,GPL-2.0-or-later
component-531a,匚,匚,匚,,,,unicode-ready,unreviewed,chise-ids-ucs-basic,352e13378e411c322cfa16bfd7a6d21d670d7eca,GPL-2.0-or-later
component-531d,匝,匝,匝,,,,unicode-ready,unreviewed,chise-ids-ucs-basic,352e13378e411c322cfa16bfd7a6d21d670d7eca,GPL-2.0-or-later
component-5321,匡,匡,匡,,,,unicode-ready,unreviewed,chise-ids-ucs-basic,352e13378e411c322cfa16bfd7a6d21d670d7eca,GPL-2.0-or-later
component-5331,匱,匱,匱,,,,unicode-ready,unreviewed,chise-ids-ucs-basic,352e13378e411c322cfa16bfd7a6d21d670d7eca,GPL-2.0-or-later
component-5339,匹,匹,匹,,,,unicode-ready,unreviewed,chise-ids-ucs-basic,352e13378e411c322cfa16bfd7a6d21d670d7eca,GPL-2.0-or-later
component-5340,區,區,區,,,,unicode-ready,unreviewed,chise-ids-ucs-basic,352e13378e411c322cfa16bfd7a6d21d670d7eca,GPL-2.0-or-later
component-5341,十,十,十,,,,unicode-ready,unreviewed,chise-ids-ucs-basic,352e13378e411c322cfa16bfd7a6d21d670d7eca,GPL-2.0-or-later
component-5342,卂,卂,卂,,,,unicode-ready,unreviewed,chise-ids-ucs-basic,352e13378e411c322cfa16bfd7a6d21d670d7eca,GPL-2.0-or-later
component-5343,千,千,千,,,,unicode-ready,unreviewed,chise-ids-ucs-basic,352e13378e411c322cfa16bfd7a6d21d670d7eca,GPL-2.0-or-later
component-5348,午,午,午,,,,unicode-ready,unreviewed,chise-ids-ucs-basic,352e13378e411c322cfa16bfd7a6d21d670d7eca,GPL-2.0-or-later
component-324dc,𲓜,𲓜,𲓜,,,,unicode-ready,unreviewed,chise-ids-ucs-basic,352e13378e411c322cfa16bfd7a6d21d670d7eca,GPL-2.0-or-later
component-5349,卉,卉,卉,,,,unicode-ready,unreviewed,chise-ids-ucs-basic,352e13378e411c322cfa16bfd7a6d21d670d7eca,GPL-2.0-or-later
component-534a,半,半,半,,,,unicode-ready,unreviewed,chise-ids-ucs-basic,352e13378e411c322cfa16bfd7a6d21d670d7eca,GPL-2.0-or-later
component-5351,卑,卑,卑,,,,unicode-ready,unreviewed,chise-ids-ucs-basic,352e13378e411c322cfa16bfd7a6d21d670d7eca,GPL-2.0-or-later
component-5352,卒,卒,卒,,,,unicode-ready,unreviewed,chise-ids-ucs-basic,352e13378e411c322cfa16bfd7a6d21d670d7eca,GPL-2.0-or-later
component-5353,卓,卓,卓,,,,unicode-ready,unreviewed,chise-ids-ucs-basic,352e13378e411c322cfa16bfd7a6d21d670d7eca,GPL-2.0-or-later
component-2099d,𠦝,𠦝,𠦝,,,,unicode-ready,unreviewed,chise-ids-ucs-basic,352e13378e411c322cfa16bfd7a6d21d670d7eca,GPL-2.0-or-later
component-5357,南,南,南,,,,unicode-ready,unreviewed,chise-ids-ucs-basic,352e13378e411c322cfa16bfd7a6d21d670d7eca,GPL-2.0-or-later
component-535c,卜,卜,卜,,,,unicode-ready,unreviewed,chise-ids-ucs-basic,352e13378e411c322cfa16bfd7a6d21d670d7eca,GPL-2.0-or-later
component-2e8a,⺊,⺊,⺊,,,,unicode-ready,unreviewed,chise-ids-ucs-basic,352e13378e411c322cfa16bfd7a6d21d670d7eca,GPL-2.0-or-later
component-5360,占,占,占,,,,unicode-ready,unreviewed,chise-ids-ucs-basic,352e13378e411c322cfa16bfd7a6d21d670d7eca,GPL-2.0-or-later
component-5366,卦,卦,卦,,,,unicode-ready,unreviewed,chise-ids-ucs-basic,352e13378e411c322cfa16bfd7a6d21d670d7eca,GPL-2.0-or-later
component-5369,卩,卩,卩,,,,unicode-ready,unreviewed,chise-ids-ucs-basic,352e13378e411c322cfa16bfd7a6d21d670d7eca,GPL-2.0-or-later
component-536a,卪,卪,卪,,,,unicode-ready,unreviewed,chise-ids-ucs-basic,352e13378e411c322cfa16bfd7a6d21d670d7eca,GPL-2.0-or-later
component-353e,㔾,㔾,㔾,,,,unicode-ready,unreviewed,chise-ids-ucs-basic,352e13378e411c322cfa16bfd7a6d21d670d7eca,GPL-2.0-or-later
component-536c,卬,卬,卬,,,,unicode-ready,unreviewed,chise-ids-ucs-basic,352e13378e411c322cfa16bfd7a6d21d670d7eca,GPL-2.0-or-later
component-536f,卯,卯,卯,,,,unicode-ready,unreviewed,chise-ids-ucs-basic,352e13378e411c322cfa16bfd7a6d21d670d7eca,GPL-2.0-or-later
component-5371,危,危,危,,,,unicode-ready,unreviewed,chise-ids-ucs-basic,352e13378e411c322cfa16bfd7a6d21d670d7eca,GPL-2.0-or-later
component-5373,即,即,即,,,,unicode-ready,unreviewed,chise-ids-ucs-basic,352e13378e411c322cfa16bfd7a6d21d670d7eca,GPL-2.0-or-later
component-5375,卵,卵,卵,,,,unicode-ready,unreviewed,chise-ids-ucs-basic,352e13378e411c322cfa16bfd7a6d21d670d7eca,GPL-2.0-or-later
component-5377,卷,卷,卷,,,,unicode-ready,unreviewed,chise-ids-ucs-basic,352e13378e411c322cfa16bfd7a6d21d670d7eca,GPL-2.0-or-later
component-537b,卻,卻,卻,,,,unicode-ready,unreviewed,chise-ids-ucs-basic,352e13378e411c322cfa16bfd7a6d21d670d7eca,GPL-2.0-or-later
component-5382,厂,厂,厂,,,,unicode-ready,unreviewed,chise-ids-ucs-basic,352e13378e411c322cfa16bfd7a6d21d670d7eca,GPL-2.0-or-later
component-5383,厃,厃,厃,,,,unicode-ready,unreviewed,chise-ids-ucs-basic,352e13378e411c322cfa16bfd7a6d21d670d7eca,GPL-2.0-or-later
component-5384,厄,厄,厄,,,,unicode-ready,unreviewed,chise-ids-ucs-basic,352e13378e411c322cfa16bfd7a6d21d670d7eca,GPL-2.0-or-later
component-5388,厈,厈,厈,,,,unicode-ready,unreviewed,chise-ids-ucs-basic,352e13378e411c322cfa16bfd7a6d21d670d7eca,GPL-2.0-or-later
component-5393,厓,厓,厓,,,,unicode-ready,unreviewed,chise-ids-ucs-basic,352e13378e411c322cfa16bfd7a6d21d670d7eca,GPL-2.0-or-later
component-539f,原,原,原,,,,unicode-ready,unreviewed,chise-ids-ucs-basic,352e13378e411c322cfa16bfd7a6d21d670d7eca,GPL-2.0-or-later
component-8652,虒,虒,虒,,,,unicode-ready,unreviewed,chise-ids-ucs-basic,352e13378e411c322cfa16bfd7a6d21d670d7eca,GPL-2.0-or-later
component-20a7a,𠩺,𠩺,𠩺,,,,unicode-ready,unreviewed,chise-ids-ucs-basic,352e13378e411c322cfa16bfd7a6d21d670d7eca,GPL-2.0-or-later
component-53a4,厤,厤,厤,,,,unicode-ready,unreviewed,chise-ids-ucs-basic,352e13378e411c322cfa16bfd7a6d21d670d7eca,GPL-2.0-or-later
component-53a5,厥,厥,厥,,,,unicode-ready,unreviewed,chise-ids-ucs-basic,352e13378e411c322cfa16bfd7a6d21d670d7eca,GPL-2.0-or-later
component-53ad,厭,厭,厭,,,,unicode-ready,unreviewed,chise-ids-ucs-basic,352e13378e411c322cfa16bfd7a6d21d670d7eca,GPL-2.0-or-later
component-53b2,厲,厲,厲,,,,unicode-ready,unreviewed,chise-ids-ucs-basic,352e13378e411c322cfa16bfd7a6d21d670d7eca,GPL-2.0-or-later
component-53b6,厶,厶,厶,,,,unicode-ready,unreviewed,chise-ids-ucs-basic,352e13378e411c322cfa16bfd7a6d21d670d7eca,GPL-2.0-or-later
component-20ad3,𠫓,𠫓,𠫓,,,,unicode-ready,unreviewed,chise-ids-ucs-basic,352e13378e411c322cfa16bfd7a6d21d670d7eca,GPL-2.0-or-later
component-20ad4,𠫔,𠫔,𠫔,,,,unicode-ready,unreviewed,chise-ids-ucs-basic,352e13378e411c322cfa16bfd7a6d21d670d7eca,GPL-2.0-or-later
component-53b7,厷,厷,厷,,,,unicode-ready,unreviewed,chise-ids-ucs-basic,352e13378e411c322cfa16bfd7a6d21d670d7eca,GPL-2.0-or-later
component-53bb,去,去,去,,,,unicode-ready,unreviewed,chise-ids-ucs-basic,352e13378e411c322cfa16bfd7a6d21d670d7eca,GPL-2.0-or-later
component-20aef,𠫯,𠫯,𠫯,,,,unicode-ready,unreviewed,chise-ids-ucs-basic,352e13378e411c322cfa16bfd7a6d21d670d7eca,GPL-2.0-or-later
component-53c3,參,參,參,,,,unicode-ready,unreviewed,chise-ids-ucs-basic,352e13378e411c322cfa16bfd7a6d21d670d7eca,GPL-2.0-or-later
component-53c8,又,又,又,,,,unicode-ready,unreviewed,chise-ids-ucs-basic,352e13378e411c322cfa16bfd7a6d21d670d7eca,GPL-2.0-or-later
component-53ca,及,及,及,,,,unicode-ready,unreviewed,chise-ids-ucs-basic,352e13378e411c322cfa16bfd7a6d21d670d7eca,GPL-2.0-or-later
component-53cd,反,反,反,,,,unicode-ready,unreviewed,chise-ids-ucs-basic,352e13378e411c322cfa16bfd7a6d21d670d7eca,GPL-2.0-or-later
component-20b1d,𠬝,𠬝,𠬝,,,,unicode-ready,unreviewed,chise-ids-ucs-basic,352e13378e411c322cfa16bfd7a6d21d670d7eca,GPL-2.0-or-later
component-53d2,叒,叒,叒,,,,unicode-ready,unreviewed,chise-ids-ucs-basic,352e13378e411c322cfa16bfd7a6d21d670d7eca,GPL-2.0-or-later
component-20b2a,𠬪,𠬪,𠬪,,,,unicode-ready,unreviewed,chise-ids-ucs-basic,352e13378e411c322cfa16bfd7a6d21d670d7eca,GPL-2.0-or-later
component-20b36,𠬶,𠬶,𠬶,,,,unicode-ready,unreviewed,chise-ids-ucs-basic,352e13378e411c322cfa16bfd7a6d21d670d7eca,GPL-2.0-or-later
component-53d4,叔,叔,叔,,,,unicode-ready,unreviewed,chise-ids-ucs-basic,352e13378e411c322cfa16bfd7a6d21d670d7eca,GPL-2.0-or-later
component-53d5,叕,叕,叕,,,,unicode-ready,unreviewed,chise-ids-ucs-basic,352e13378e411c322cfa16bfd7a6d21d670d7eca,GPL-2.0-or-later
component-53d6,取,取,取,,,,unicode-ready,unreviewed,chise-ids-ucs-basic,352e13378e411c322cfa16bfd7a6d21d670d7eca,GPL-2.0-or-later
component-53d7,受,受,受,,,,unicode-ready,unreviewed,chise-ids-ucs-basic,352e13378e411c322cfa16bfd7a6d21d670d7eca,GPL-2.0-or-later
component-53da,叚,叚,叚,,,,unicode-ready,unreviewed,chise-ids-ucs-basic,352e13378e411c322cfa16bfd7a6d21d670d7eca,GPL-2.0-or-later
component-53df,叟,叟,叟,,,,unicode-ready,unreviewed,chise-ids-ucs-basic,352e13378e411c322cfa16bfd7a6d21d670d7eca,GPL-2.0-or-later
component-53e3,口,口,口,,,,unicode-ready,unreviewed,chise-ids-ucs-basic,352e13378e411c322cfa16bfd7a6d21d670d7eca,GPL-2.0-or-later
component-20b9b,𠮛,𠮛,𠮛,,,,unicode-ready,unreviewed,chise-ids-ucs-basic,352e13378e411c322cfa16bfd7a6d21d670d7eca,GPL-2.0-or-later
component-53e4,古,古,古,,,,unicode-ready,unreviewed,chise-ids-ucs-basic,352e13378e411c322cfa16bfd7a6d21d670d7eca,GPL-2.0-or-later
component-53e5,句,句,句,,,,unicode-ready,unreviewed,chise-ids-ucs-basic,352e13378e411c322cfa16bfd7a6d21d670d7eca,GPL-2.0-or-later
component-53e6,另,另,另,,,,unicode-ready,unreviewed,chise-ids-ucs-basic,352e13378e411c322cfa16bfd7a6d21d670d7eca,GPL-2.0-or-later
component-53ec,召,召,召,,,,unicode-ready,unreviewed,chise-ids-ucs-basic,352e13378e411c322cfa16bfd7a6d21d670d7eca,GPL-2.0-or-later
component-53ef,可,可,可,,,,unicode-ready,unreviewed,chise-ids-ucs-basic,352e13378e411c322cfa16bfd7a6d21d670d7eca,GPL-2.0-or-later
component-53f0,台,台,台,,,,unicode-ready,unreviewed,chise-ids-ucs-basic,352e13378e411c322cfa16bfd7a6d21d670d7eca,GPL-2.0-or-later
component-53f2,史,史,史,,,,unicode-ready,unreviewed,chise-ids-ucs-basic,352e13378e411c322cfa16bfd7a6d21d670d7eca,GPL-2.0-or-later
component-53f3,右,右,右,,,,unicode-ready,unreviewed,chise-ids-ucs-basic,352e13378e411c322cfa16bfd7a6d21d670d7eca,GPL-2.0-or-later
component-53f7,号,号,号,,,,unicode-ready,unreviewed,chise-ids-ucs-basic,352e13378e411c322cfa16bfd7a6d21d670d7eca,GPL-2.0-or-later
component-53f8,司,司,司,,,,unicode-ready,unreviewed,chise-ids-ucs-basic,352e13378e411c322cfa16bfd7a6d21d670d7eca,GPL-2.0-or-later
component-20ba0,𠮠,𠮠,𠮠,,,,unicode-ready,unreviewed,chise-ids-ucs-basic,352e13378e411c322cfa16bfd7a6d21d670d7eca,GPL-2.0-or-later
component-5404,各,各,各,,,,unicode-ready,unreviewed,chise-ids-ucs-basic,352e13378e411c322cfa16bfd7a6d21d670d7eca,GPL-2.0-or-later
component-5405,吅,吅,吅,,,,unicode-ready,unreviewed,chise-ids-ucs-basic,352e13378e411c322cfa16bfd7a6d21d670d7eca,GPL-2.0-or-later
component-5408,合,合,合,,,,unicode-ready,unreviewed,chise-ids-ucs-basic,352e13378e411c322cfa16bfd7a6d21d670d7eca,GPL-2.0-or-later
component-5409,吉,吉,吉,,,,unicode-ready,unreviewed,chise-ids-ucs-basic,352e13378e411c322cfa16bfd7a6d21d670d7eca,GPL-2.0-or-later
component-540b,吋,吋,吋,,,,unicode-ready,unreviewed,chise-ids-ucs-basic,352e13378e411c322cfa16bfd7a6d21d670d7eca,GPL-2.0-or-later
component-540c,同,同,同,,,,unicode-ready,unreviewed,chise-ids-ucs-basic,352e13378e411c322cfa16bfd7a6d21d670d7eca,GPL-2.0-or-later
component-540f,吏,吏,吏,,,,unicode-ready,unreviewed,chise-ids-ucs-basic,352e13378e411c322cfa16bfd7a6d21d670d7eca,GPL-2.0-or-later
component-5411,向,向,向,,,,unicode-ready,unreviewed,chise-ids-ucs-basic,352e13378e411c322cfa16bfd7a6d21d670d7eca,GPL-2.0-or-later
component-5415,吕,吕,吕,,,,unicode-ready,unreviewed,chise-ids-ucs-basic,352e13378e411c322cfa16bfd7a6d21d670d7eca,GPL-2.0-or-later
component-541b,君,君,君,,,,unicode-ready,unreviewed,chise-ids-ucs-basic,352e13378e411c322cfa16bfd7a6d21d670d7eca,GPL-2.0-or-later
component-542f,启,启,启,,,,unicode-ready,unreviewed,chise-ids-ucs-basic,352e13378e411c322cfa16bfd7a6d21d670d7eca,GPL-2.0-or-later
component-5433,吳,吳,吳,,,,unicode-ready,unreviewed,chise-ids-ucs-basic,352e13378e411c322cfa16bfd7a6d21d670d7eca,GPL-2.0-or-later
component-543e,吾,吾,吾,,,,unicode-ready,unreviewed,chise-ids-ucs-basic,352e13378e411c322cfa16bfd7a6d21d670d7eca,GPL-2.0-or-later
component-5442,呂,呂,呂,,,,unicode-ready,unreviewed,chise-ids-ucs-basic,352e13378e411c322cfa16bfd7a6d21d670d7eca,GPL-2.0-or-later
component-5446,呆,呆,呆,,,,unicode-ready,unreviewed,chise-ids-ucs-basic,352e13378e411c322cfa16bfd7a6d21d670d7eca,GPL-2.0-or-later
component-5448,呈,呈,呈,,,,unicode-ready,unreviewed,chise-ids-ucs-basic,352e13378e411c322cfa16bfd7a6d21d670d7eca,GPL-2.0-or-later
component-544a,告,告,告,,,,unicode-ready,unreviewed,chise-ids-ucs-basic,352e13378e411c322cfa16bfd7a6d21d670d7eca,GPL-2.0-or-later
component-5468,周,周,周,,,,unicode-ready,unreviewed,chise-ids-ucs-basic,352e13378e411c322cfa16bfd7a6d21d670d7eca,GPL-2.0-or-later
component-5485,咅,咅,咅,,,,unicode-ready,unreviewed,chise-ids-ucs-basic,352e13378e411c322cfa16bfd7a6d21d670d7eca,GPL-2.0-or-later
component-2ba60,𫩠,𫩠,𫩠,,,,unicode-ready,unreviewed,chise-ids-ucs-basic,352e13378e411c322cfa16bfd7a6d21d670d7eca,GPL-2.0-or-later
component-54b8,咸,咸,咸,,,,unicode-ready,unreviewed,chise-ids-ucs-basic,352e13378e411c322cfa16bfd7a6d21d670d7eca,GPL-2.0-or-later
component-54bc,咼,咼,咼,,,,unicode-ready,unreviewed,chise-ids-ucs-basic,352e13378e411c322cfa16bfd7a6d21d670d7eca,GPL-2.0-or-later
component-54c1,品,品,品,,,,unicode-ready,unreviewed,chise-ids-ucs-basic,352e13378e411c322cfa16bfd7a6d21d670d7eca,GPL-2.0-or-later
component-54e1,員,員,員,,,,unicode-ready,unreviewed,chise-ids-ucs-basic,352e13378e411c322cfa16bfd7a6d21d670d7eca,GPL-2.0-or-later
component-54e5,哥,哥,哥,,,,unicode-ready,unreviewed,chise-ids-ucs-basic,352e13378e411c322cfa16bfd7a6d21d670d7eca,GPL-2.0-or-later
component-5510,唐,唐,唐,,,,unicode-ready,unreviewed,chise-ids-ucs-basic,352e13378e411c322cfa16bfd7a6d21d670d7eca,GPL-2.0-or-later
component-5547,啇,啇,啇,,,,unicode-ready,unreviewed,chise-ids-ucs-basic,352e13378e411c322cfa16bfd7a6d21d670d7eca,GPL-2.0-or-later
component-555a,啚,啚,啚,,,,unicode-ready,unreviewed,chise-ids-ucs-basic,352e13378e411c322cfa16bfd7a6d21d670d7eca,GPL-2.0-or-later
component-559c,喜,喜,喜,,,,unicode-ready,unreviewed,chise-ids-ucs-basic,352e13378e411c322cfa16bfd7a6d21d670d7eca,GPL-2.0-or-later
component-55ac,喬,喬,喬,,,,unicode-ready,unreviewed,chise-ids-ucs-basic,352e13378e411c322cfa16bfd7a6d21d670d7eca,GPL-2.0-or-later
component-55ae,單,單,單,,,,unicode-ready,unreviewed,chise-ids-ucs-basic,352e13378e411c322cfa16bfd7a6d21d670d7eca,GPL-2.0-or-later
component-35ca,㗊,㗊,㗊,,,,unicode-ready,unreviewed,chise-ids-ucs-basic,352e13378e411c322cfa16bfd7a6d21d670d7eca,GPL-2.0-or-later
component-55bf,喿,喿,喿,,,,unicode-ready,unreviewed,chise-ids-ucs-basic,352e13378e411c322cfa16bfd7a6d21d670d7eca,GPL-2.0-or-later
component-55c7,嗇,嗇,嗇,,,,unicode-ready,unreviewed,chise-ids-ucs-basic,352e13378e411c322cfa16bfd7a6d21d670d7eca,GPL-2.0-or-later
component-563c,嘼,嘼,嘼,,,,unicode-ready,unreviewed,chise-ids-ucs-basic,352e13378e411c322cfa16bfd7a6d21d670d7eca,GPL-2.0-or-later
component-56d7,囗,囗,囗,,,,unicode-ready,unreviewed,chise-ids-ucs-basic,352e13378e411c322cfa16bfd7a6d21d670d7eca,GPL-2.0-or-later
component-56db,四,四,四,,,,unicode-ready,unreviewed,chise-ids-ucs-basic,352e13378e411c322cfa16bfd7a6d21d670d7eca,GPL-2.0-or-later
component-56e0,因,因,因,,,,unicode-ready,unreviewed,chise-ids-ucs-basic,352e13378e411c322cfa16bfd7a6d21d670d7eca,GPL-2.0-or-later
component-56f0,困,困,困,,,,unicode-ready,unreviewed,chise-ids-ucs-basic,352e13378e411c322cfa16bfd7a6d21d670d7eca,GPL-2.0-or-later
component-56f1,囱,囱,囱,,,,unicode-ready,unreviewed,chise-ids-ucs-basic,352e13378e411c322cfa16bfd7a6d21d670d7eca,GPL-2.0-or-later
component-56f7,囷,囷,囷,,,,unicode-ready,unreviewed,chise-ids-ucs-basic,352e13378e411c322cfa16bfd7a6d21d670d7eca,GPL-2.0-or-later
component-56fa,固,固,固,,,,unicode-ready,unreviewed,chise-ids-ucs-basic,352e13378e411c322cfa16bfd7a6d21d670d7eca,GPL-2.0-or-later
component-570b,國,國,國,,,,unicode-ready,unreviewed,chise-ids-ucs-basic,352e13378e411c322cfa16bfd7a6d21d670d7eca,GPL-2.0-or-later
component-571f,土,土,土,,,,unicode-ready,unreviewed,chise-ids-ucs-basic,352e13378e411c322cfa16bfd7a6d21d670d7eca,GPL-2.0-or-later
component-9fb6,龶,龶,龶,,,,unicode-ready,unreviewed,chise-ids-ucs-basic,352e13378e411c322cfa16bfd7a6d21d670d7eca,GPL-2.0-or-later
component-2123c,𡈼,𡈼,𡈼,,,,unicode-ready,unreviewed,chise-ids-ucs-basic,352e13378e411c322cfa16bfd7a6d21d670d7eca,GPL-2.0-or-later
component-5723,圣,圣,圣,,,,unicode-ready,unreviewed,chise-ids-ucs-basic,352e13378e411c322cfa16bfd7a6d21d670d7eca,GPL-2.0-or-later
component-572d,圭,圭,圭,,,,unicode-ready,unreviewed,chise-ids-ucs-basic,352e13378e411c322cfa16bfd7a6d21d670d7eca,GPL-2.0-or-later
component-573c,圼,圼,圼,,,,unicode-ready,unreviewed,chise-ids-ucs-basic,352e13378e411c322cfa16bfd7a6d21d670d7eca,GPL-2.0-or-later
component-5750,坐,坐,坐,,,,unicode-ready,unreviewed,chise-ids-ucs-basic,352e13378e411c322cfa16bfd7a6d21d670d7eca,GPL-2.0-or-later
component-5774,坴,坴,坴,,,,unicode-ready,unreviewed,chise-ids-ucs-basic,352e13378e411c322cfa16bfd7a6d21d670d7eca,GPL-2.0-or-later
component-5782,垂,垂,垂,,,,unicode-ready,unreviewed,chise-ids-ucs-basic,352e13378e411c322cfa16bfd7a6d21d670d7eca,GPL-2.0-or-later
component-5794,垔,垔,垔,,,,unicode-ready,unreviewed,chise-ids-ucs-basic,352e13378e411c322cfa16bfd7a6d21d670d7eca,GPL-2.0-or-later
component-579a,垚,垚,垚,,,,unicode-ready,unreviewed,chise-ids-ucs-basic,352e13378e411c322cfa16bfd7a6d21d670d7eca,GPL-2.0-or-later
component-57f6,埶,埶,埶,,,,unicode-ready,unreviewed,chise-ids-ucs-basic,352e13378e411c322cfa16bfd7a6d21d670d7eca,GPL-2.0-or-later
component-57f7,執,執,執,,,,unicode-ready,unreviewed,chise-ids-ucs-basic,352e13378e411c322cfa16bfd7a6d21d670d7eca,GPL-2.0-or-later
component-5802,堂,堂,堂,,,,unicode-ready,unreviewed,chise-ids-ucs-basic,352e13378e411c322cfa16bfd7a6d21d670d7eca,GPL-2.0-or-later
component-5807,堇,堇,堇,,,,unicode-ready,unreviewed,chise-ids-ucs-basic,352e13378e411c322cfa16bfd7a6d21d670d7eca,GPL-2.0-or-later
component-582f,堯,堯,堯,,,,unicode-ready,unreviewed,chise-ids-ucs-basic,352e13378e411c322cfa16bfd7a6d21d670d7eca,GPL-2.0-or-later
component-58eb,士,士,士,,,,unicode-ready,unreviewed,chise-ids-ucs-basic,352e13378e411c322cfa16bfd7a6d21d670d7eca,GPL-2.0-or-later
component-58ec,壬,壬,壬,,,,unicode-ready,unreviewed,chise-ids-ucs-basic,352e13378e411c322cfa16bfd7a6d21d670d7eca,GPL-2.0-or-later
component-58ef,壯,壯,壯,,,,unicode-ready,unreviewed,chise-ids-ucs-basic,352e13378e411c322cfa16bfd7a6d21d670d7eca,GPL-2.0-or-later
component-58f4,壴,壴,壴,,,,unicode-ready,unreviewed,chise-ids-ucs-basic,352e13378e411c322cfa16bfd7a6d21d670d7eca,GPL-2.0-or-later
component-58fd,壽,壽,壽,,,,unicode-ready,unreviewed,chise-ids-ucs-basic,352e13378e411c322cfa16bfd7a6d21d670d7eca,GPL-2.0-or-later
component-5902,夂,夂,夂,,,,unicode-ready,unreviewed,chise-ids-ucs-basic,352e13378e411c322cfa16bfd7a6d21d670d7eca,GPL-2.0-or-later
component-5903,夃,夃,夃,,,,unicode-ready,unreviewed,chise-ids-ucs-basic,352e13378e411c322cfa16bfd7a6d21d670d7eca,GPL-2.0-or-later
component-5905,夅,夅,夅,,,,unicode-ready,unreviewed,chise-ids-ucs-basic,352e13378e411c322cfa16bfd7a6d21d670d7eca,GPL-2.0-or-later
component-5906,夆,夆,夆,,,,unicode-ready,unreviewed,chise-ids-ucs-basic,352e13378e411c322cfa16bfd7a6d21d670d7eca,GPL-2.0-or-later
component-3685,㚅,㚅,㚅,,,,unicode-ready,unreviewed,chise-ids-ucs-basic,352e13378e411c322cfa16bfd7a6d21d670d7eca,GPL-2.0-or-later
component-590b,夋,夋,夋,,,,unicode-ready,unreviewed,chise-ids-ucs-basic,352e13378e411c322cfa16bfd7a6d21d670d7eca,GPL-2.0-or-later
component-590c,夌,夌,夌,,,,unicode-ready,unreviewed,chise-ids-ucs-basic,352e13378e411c322cfa16bfd7a6d21d670d7eca,GPL-2.0-or-later
component-590d,复,复,复,,,,unicode-ready,unreviewed,chise-ids-ucs-basic,352e13378e411c322cfa16bfd7a6d21d670d7eca,GPL-2.0-or-later
component-590f,夏,夏,夏,,,,unicode-ready,unreviewed,chise-ids-ucs-basic,352e13378e411c322cfa16bfd7a6d21d670d7eca,GPL-2.0-or-later
component-21569,𡕩,𡕩,𡕩,,,,unicode-ready,unreviewed,chise-ids-ucs-basic,352e13378e411c322cfa16bfd7a6d21d670d7eca,GPL-2.0-or-later
component-5915,夕,夕,夕,,,,unicode-ready,unreviewed,chise-ids-ucs-basic,352e13378e411c322cfa16bfd7a6d21d670d7eca,GPL-2.0-or-later
component-5917,夗,夗,夗,,,,unicode-ready,unreviewed,chise-ids-ucs-basic,352e13378e411c322cfa16bfd7a6d21d670d7eca,GPL-2.0-or-later
component-591a,多,多,多,,,,unicode-ready,unreviewed,chise-ids-ucs-basic,352e13378e411c322cfa16bfd7a6d21d670d7eca,GPL-2.0-or-later
component-591c,夜,夜,夜,,,,unicode-ready,unreviewed,chise-ids-ucs-basic,352e13378e411c322cfa16bfd7a6d21d670d7eca,GPL-2.0-or-later
component-5927,大,大,大,,,,unicode-ready,unreviewed,chise-ids-ucs-basic,352e13378e411c322cfa16bfd7a6d21d670d7eca,GPL-2.0-or-later
component-5928,夨,夨,夨,,,,unicode-ready,unreviewed,chise-ids-ucs-basic,352e13378e411c322cfa16bfd7a6d21d670d7eca,GPL-2.0-or-later
component-5929,天,天,天,,,,unicode-ready,unreviewed,chise-ids-ucs-basic,352e13378e411c322cfa16bfd7a6d21d670d7eca,GPL-2.0-or-later
component-592b,夫,夫,夫,,,,unicode-ready,unreviewed,chise-ids-ucs-basic,352e13378e411c322cfa16bfd7a6d21d670d7eca,GPL-2.0-or-later
component-592c,夬,夬,夬,,,,unicode-ready,unreviewed,chise-ids-ucs-basic,352e13378e411c322cfa16bfd7a6d21d670d7eca,GPL-2.0-or-later
component-592d,夭,夭,夭,,,,unicode-ready,unreviewed,chise-ids-ucs-basic,352e13378e411c322cfa16bfd7a6d21d670d7eca,GPL-2.0-or-later
component-592e,央,央,央,,,,unicode-ready,unreviewed,chise-ids-ucs-basic,352e13378e411c322cfa16bfd7a6d21d670d7eca,GPL-2.0-or-later
component-5931,失,失,失,,,,unicode-ready,unreviewed,chise-ids-ucs-basic,352e13378e411c322cfa16bfd7a6d21d670d7eca,GPL-2.0-or-later
component-215d7,𡗗,𡗗,𡗗,,,,unicode-ready,unreviewed,chise-ids-ucs-basic,352e13378e411c322cfa16bfd7a6d21d670d7eca,GPL-2.0-or-later
component-5937,夷,夷,夷,,,,unicode-ready,unreviewed,chise-ids-ucs-basic,352e13378e411c322cfa16bfd7a6d21d670d7eca,GPL-2.0-or-later
component-5938,夸,夸,夸,,,,unicode-ready,unreviewed,chise-ids-ucs-basic,352e13378e411c322cfa16bfd7a6d21d670d7eca,GPL-2.0-or-later
component-593e,夾,夾,夾,,,,unicode-ready,unreviewed,chise-ids-ucs-basic,352e13378e411c322cfa16bfd7a6d21d670d7eca,GPL-2.0-or-later
component-3692,㚒,㚒,㚒,,,,unicode-ready,unreviewed,chise-ids-ucs-basic,352e13378e411c322cfa16bfd7a6d21d670d7eca,GPL-2.0-or-later
component-5944,奄,奄,奄,,,,unicode-ready,unreviewed,chise-ids-ucs-basic,352e13378e411c322cfa16bfd7a6d21d670d7eca,GPL-2.0-or-later
component-5947,奇,奇,奇,,,,unicode-ready,unreviewed,chise-ids-ucs-basic,352e13378e411c322cfa16bfd7a6d21d670d7eca,GPL-2.0-or-later
component-5949,奉,奉,奉,,,,unicode-ready,unreviewed,chise-ids-ucs-basic,352e13378e411c322cfa16bfd7a6d21d670d7eca,GPL-2.0-or-later
component-3698,㚘,㚘,㚘,,,,unicode-ready,unreviewed,chise-ids-ucs-basic,352e13378e411c322cfa16bfd7a6d21d670d7eca,GPL-2.0-or-later
component-594f,奏,奏,奏,,,,unicode-ready,unreviewed,chise-ids-ucs-basic,352e13378e411c322cfa16bfd7a6d21d670d7eca,GPL-2.0-or-later
component-5950,奐,奐,奐,,,,unicode-ready,unreviewed,chise-ids-ucs-basic,352e13378e411c322cfa16bfd7a6d21d670d7eca,GPL-2.0-or-later
component-595a,奚,奚,奚,,,,unicode-ready,unreviewed,chise-ids-ucs-basic,352e13378e411c322cfa16bfd7a6d21d670d7eca,GPL-2.0-or-later
component-595e,奞,奞,奞,,,,unicode-ready,unreviewed,chise-ids-ucs-basic,352e13378e411c322cfa16bfd7a6d21d670d7eca,GPL-2.0-or-later
component-5960,奠,奠,奠,,,,unicode-ready,unreviewed,chise-ids-ucs-basic,352e13378e411c322cfa16bfd7a6d21d670d7eca,GPL-2.0-or-later
component-5967,奧,奧,奧,,,,unicode-ready,unreviewed,chise-ids-ucs-basic,352e13378e411c322cfa16bfd7a6d21d670d7eca,GPL-2.0-or-later
component-5973,女,女,女,,,,unicode-ready,unreviewed,chise-ids-ucs-basic,352e13378e411c322cfa16bfd7a6d21d670d7eca,GPL-2.0-or-later
component-5974,奴,奴,奴,,,,unicode-ready,unreviewed,chise-ids-ucs-basic,352e13378e411c322cfa16bfd7a6d21d670d7eca,GPL-2.0-or-later
component-5982,如,如,如,,,,unicode-ready,unreviewed,chise-ids-ucs-basic,352e13378e411c322cfa16bfd7a6d21d670d7eca,GPL-2.0-or-later
component-59bb,妻,妻,妻,,,,unicode-ready,unreviewed,chise-ids-ucs-basic,352e13378e411c322cfa16bfd7a6d21d670d7eca,GPL-2.0-or-later
component-59be,妾,妾,妾,,,,unicode-ready,unreviewed,chise-ids-ucs-basic,352e13378e411c322cfa16bfd7a6d21d670d7eca,GPL-2.0-or-later
component-59d1,姑,姑,姑,,,,unicode-ready,unreviewed,chise-ids-ucs-basic,352e13378e411c322cfa16bfd7a6d21d670d7eca,GPL-2.0-or-later
component-59d4,委,委,委,,,,unicode-ready,unreviewed,chise-ids-ucs-basic,352e13378e411c322cfa16bfd7a6d21d670d7eca,GPL-2.0-or-later
component-5a41,婁,婁,婁,,,,unicode-ready,unreviewed,chise-ids-ucs-basic,352e13378e411c322cfa16bfd7a6d21d670d7eca,GPL-2.0-or-later
component-5b30,嬰,嬰,嬰,,,,unicode-ready,unreviewed,chise-ids-ucs-basic,352e13378e411c322cfa16bfd7a6d21d670d7eca,GPL-2.0-or-later
component-5b50,子,子,子,,,,unicode-ready,unreviewed,chise-ids-ucs-basic,352e13378e411c322cfa16bfd7a6d21d670d7eca,GPL-2.0-or-later
component-5b54,孔,孔,孔,,,,unicode-ready,unreviewed,chise-ids-ucs-basic,352e13378e411c322cfa16bfd7a6d21d670d7eca,GPL-2.0-or-later
component-5b5a,孚,孚,孚,,,,unicode-ready,unreviewed,chise-ids-ucs-basic,352e13378e411c322cfa16bfd7a6d21d670d7eca,GPL-2.0-or-later
component-5b5b,孛,孛,孛,,,,unicode-ready,unreviewed,chise-ids-ucs-basic,352e13378e411c322cfa16bfd7a6d21d670d7eca,GPL-2.0-or-later
component-5b5d,孝,孝,孝,,,,unicode-ready,unreviewed,chise-ids-ucs-basic,352e13378e411c322cfa16bfd7a6d21d670d7eca,GPL-2.0-or-later
component-5b5f,孟,孟,孟,,,,unicode-ready,unreviewed,chise-ids-ucs-basic,352e13378e411c322cfa16bfd7a6d21d670d7eca,GPL-2.0-or-later
component-5b6b,孫,孫,孫,,,,unicode-ready,unreviewed,chise-ids-ucs-basic,352e13378e411c322cfa16bfd7a6d21d670d7eca,GPL-2.0-or-later
component-5b70,孰,孰,孰,,,,unicode-ready,unreviewed,chise-ids-ucs-basic,352e13378e411c322cfa16bfd7a6d21d670d7eca,GPL-2.0-or-later
component-5b71,孱,孱,孱,,,,unicode-ready,unreviewed,chise-ids-ucs-basic,352e13378e411c322cfa16bfd7a6d21d670d7eca,GPL-2.0-or-later
component-5b80,宀,宀,宀,,,,unicode-ready,unreviewed,chise-ids-ucs-basic,352e13378e411c322cfa16bfd7a6d21d670d7eca,GPL-2.0-or-later
component-5b83,它,它,它,,,,unicode-ready,unreviewed,chise-ids-ucs-basic,352e13378e411c322cfa16bfd7a6d21d670d7eca,GPL-2.0-or-later
component-5b89,安,安,安,,,,unicode-ready,unreviewed,chise-ids-ucs-basic,352e13378e411c322cfa16bfd7a6d21d670d7eca,GPL-2.0-or-later
component-5b8c,完,完,完,,,,unicode-ready,unreviewed,chise-ids-ucs-basic,352e13378e411c322cfa16bfd7a6d21d670d7eca,GPL-2.0-or-later
component-2bcb8,𫲸,𫲸,𫲸,,,,unicode-ready,unreviewed,chise-ids-ucs-basic,352e13378e411c322cfa16bfd7a6d21d670d7eca,GPL-2.0-or-later
component-5b93,宓,宓,宓,,,,unicode-ready,unreviewed,chise-ids-ucs-basic,352e13378e411c322cfa16bfd7a6d21d670d7eca,GPL-2.0-or-later
component-5b97,宗,宗,宗,,,,unicode-ready,unreviewed,chise-ids-ucs-basic,352e13378e411c322cfa16bfd7a6d21d670d7eca,GPL-2.0-or-later
component-5b98,官,官,官,,,,unicode-ready,unreviewed,chise-ids-ucs-basic,352e13378e411c322cfa16bfd7a6d21d670d7eca,GPL-2.0-or-later
component-5b9a,定,定,定,,,,unicode-ready,unreviewed,chise-ids-ucs-basic,352e13378e411c322cfa16bfd7a6d21d670d7eca,GPL-2.0-or-later
component-5b9b,宛,宛,宛,,,,unicode-ready,unreviewed,chise-ids-ucs-basic,352e13378e411c322cfa16bfd7a6d21d670d7eca,GPL-2.0-or-later
component-5b9c,宜,宜,宜,,,,unicode-ready,unreviewed,chise-ids-ucs-basic,352e13378e411c322cfa16bfd7a6d21d670d7eca,GPL-2.0-or-later
component-5ba2,客,客,客,,,,unicode-ready,unreviewed,chise-ids-ucs-basic,352e13378e411c322cfa16bfd7a6d21d670d7eca,GPL-2.0-or-later
component-5ba3,宣,宣,宣,,,,unicode-ready,unreviewed,chise-ids-ucs-basic,352e13378e411c322cfa16bfd7a6d21d670d7eca,GPL-2.0-or-later
component-5bb3,害,害,害,,,,unicode-ready,unreviewed,chise-ids-ucs-basic,352e13378e411c322cfa16bfd7a6d21d670d7eca,GPL-2.0-or-later
component-5bb6,家,家,家,,,,unicode-ready,unreviewed,chise-ids-ucs-basic,352e13378e411c322cfa16bfd7a6d21d670d7eca,GPL-2.0-or-later
component-5bb7,宷,宷,宷,,,,unicode-ready,unreviewed,chise-ids-ucs-basic,352e13378e411c322cfa16bfd7a6d21d670d7eca,GPL-2.0-or-later
component-5bb9,容,容,容,,,,unicode-ready,unreviewed,chise-ids-ucs-basic,352e13378e411c322cfa16bfd7a6d21d670d7eca,GPL-2.0-or-later
component-21a04,𡨄,𡨄,𡨄,,,,unicode-ready,unreviewed,chise-ids-ucs-basic,352e13378e411c322cfa16bfd7a6d21d670d7eca,GPL-2.0-or-later
component-5bbf,宿,宿,宿,,,,unicode-ready,unreviewed,chise-ids-ucs-basic,352e13378e411c322cfa16bfd7a6d21d670d7eca,GPL-2.0-or-later
component-5bc5,寅,寅,寅,,,,unicode-ready,unreviewed,chise-ids-ucs-basic,352e13378e411c322cfa16bfd7a6d21d670d7eca,GPL-2.0-or-later
component-5bcd,寍,寍,寍,,,,unicode-ready,unreviewed,chise-ids-ucs-basic,352e13378e411c322cfa16bfd7a6d21d670d7eca,GPL-2.0-or-later
component-5bdf,察,察,察,,,,unicode-ready,unreviewed,chise-ids-ucs-basic,352e13378e411c322cfa16bfd7a6d21d670d7eca,GPL-2.0-or-later
component-5be7,寧,寧,寧,,,,unicode-ready,unreviewed,chise-ids-ucs-basic,352e13378e411c322cfa16bfd7a6d21d670d7eca,GPL-2.0-or-later
component-21a93,𡪓,𡪓,𡪓,,,,unicode-ready,unreviewed,chise-ids-ucs-basic,352e13378e411c322cfa16bfd7a6d21d670d7eca,GPL-2.0-or-later
component-5be9,審,審,審,,,,unicode-ready,unreviewed,chise-ids-ucs-basic,352e13378e411c322cfa16bfd7a6d21d670d7eca,GPL-2.0-or-later
component-5beb,寫,寫,寫,,,,unicode-ready,unreviewed,chise-ids-ucs-basic,352e13378e411c322cfa16bfd7a6d21d670d7eca,GPL-2.0-or-later
component-5bf8,寸,寸,寸,,,,unicode-ready,unreviewed,chise-ids-ucs-basic,352e13378e411c322cfa16bfd7a6d21d670d7eca,GPL-2.0-or-later
component-5bfa,寺,寺,寺,,,,unicode-ready,unreviewed,chise-ids-ucs-basic,352e13378e411c322cfa16bfd7a6d21d670d7eca,GPL-2.0-or-later
component-5bfb,寻,寻,寻,,,,unicode-ready,unreviewed,chise-ids-ucs-basic,352e13378e411c322cfa16bfd7a6d21d670d7eca,GPL-2.0-or-later
component-3774,㝴,㝴,㝴,,,,unicode-ready,unreviewed,chise-ids-ucs-basic,352e13378e411c322cfa16bfd7a6d21d670d7eca,GPL-2.0-or-later
component-3775,㝵,㝵,㝵,,,,unicode-ready,unreviewed,chise-ids-ucs-basic,352e13378e411c322cfa16bfd7a6d21d670d7eca,GPL-2.0-or-later
component-5c01,封,封,封,,,,unicode-ready,unreviewed,chise-ids-ucs-basic,352e13378e411c322cfa16bfd7a6d21d670d7eca,GPL-2.0-or-later
component-5c03,尃,尃,尃,,,,unicode-ready,unreviewed,chise-ids-ucs-basic,352e13378e411c322cfa16bfd7a6d21d670d7eca,GPL-2.0-or-later
component-5c04,射,射,射,,,,unicode-ready,unreviewed,chise-ids-ucs-basic,352e13378e411c322cfa16bfd7a6d21d670d7eca,GPL-2.0-or-later
component-5c07,將,將,將,,,,unicode-ready,unreviewed,chise-ids-ucs-basic,352e13378e411c322cfa16bfd7a6d21d670d7eca,GPL-2.0-or-later
component-5c08,專,專,專,,,,unicode-ready,unreviewed,chise-ids-ucs-basic,352e13378e411c322cfa16bfd7a6d21d670d7eca,GPL-2.0-or-later
component-5c09,尉,尉,尉,,,,unicode-ready,unreviewed,chise-ids-ucs-basic,352e13378e411c322cfa16bfd7a6d21d670d7eca,GPL-2.0-or-later
component-5c0a,尊,尊,尊,,,,unicode-ready,unreviewed,chise-ids-ucs-basic,352e13378e411c322cfa16bfd7a6d21d670d7eca,GPL-2.0-or-later
component-5c0c,尌,尌,尌,,,,unicode-ready,unreviewed,chise-ids-ucs-basic,352e13378e411c322cfa16bfd7a6d21d670d7eca,GPL-2.0-or-later
component-5c0f,小,小,小,,,,unicode-ready,unreviewed,chise-ids-ucs-basic,352e13378e411c322cfa16bfd7a6d21d670d7eca,GPL-2.0-or-later
component-2e8c,⺌,⺌,⺌,,,,unicode-ready,unreviewed,chise-ids-ucs-basic,352e13378e411c322cfa16bfd7a6d21d670d7eca,GPL-2.0-or-later
component-5c11,少,少,少,,,,unicode-ready,unreviewed,chise-ids-ucs-basic,352e13378e411c322cfa16bfd7a6d21d670d7eca,GPL-2.0-or-later
component-5c14,尔,尔,尔,,,,unicode-ready,unreviewed,chise-ids-ucs-basic,352e13378e411c322cfa16bfd7a6d21d670d7eca,GPL-2.0-or-later
component-5c17,尗,尗,尗,,,,unicode-ready,unreviewed,chise-ids-ucs-basic,352e13378e411c322cfa16bfd7a6d21d670d7eca,GPL-2.0-or-later
component-5c1a,尚,尚,尚,,,,unicode-ready,unreviewed,chise-ids-ucs-basic,352e13378e411c322cfa16bfd7a6d21d670d7eca,GPL-2.0-or-later
component-21b74,𡭴,𡭴,𡭴,,,,unicode-ready,unreviewed,chise-ids-ucs-basic,352e13378e411c322cfa16bfd7a6d21d670d7eca,GPL-2.0-or-later
component-5c1e,尞,尞,尞,,,,unicode-ready,unreviewed,chise-ids-ucs-basic,352e13378e411c322cfa16bfd7a6d21d670d7eca,GPL-2.0-or-later
component-5c24,尤,尤,尤,,,,unicode-ready,unreviewed,chise-ids-ucs-basic,352e13378e411c322cfa16bfd7a6d21d670d7eca,GPL-2.0-or-later
component-21bc4,𡯄,𡯄,𡯄,,,,unicode-ready,unreviewed,chise-ids-ucs-basic,352e13378e411c322cfa16bfd7a6d21d670d7eca,GPL-2.0-or-later
component-5c38,尸,尸,尸,,,,unicode-ready,unreviewed,chise-ids-ucs-basic,352e13378e411c322cfa16bfd7a6d21d670d7eca,GPL-2.0-or-later
component-5c3a,尺,尺,尺,,,,unicode-ready,unreviewed,chise-ids-ucs-basic,352e13378e411c322cfa16bfd7a6d21d670d7eca,GPL-2.0-or-later
component-5c3c,尼,尼,尼,,,,unicode-ready,unreviewed,chise-ids-ucs-basic,352e13378e411c322cfa16bfd7a6d21d670d7eca,GPL-2.0-or-later
component-21c2f,𡰯,𡰯,𡰯,,,,unicode-ready,unreviewed,chise-ids-ucs-basic,352e13378e411c322cfa16bfd7a6d21d670d7eca,GPL-2.0-or-later
component-5c45,居,居,居,,,,unicode-ready,unreviewed,chise-ids-ucs-basic,352e13378e411c322cfa16bfd7a6d21d670d7eca,GPL-2.0-or-later
component-5c48,屈,屈,屈,,,,unicode-ready,unreviewed,chise-ids-ucs-basic,352e13378e411c322cfa16bfd7a6d21d670d7eca,GPL-2.0-or-later
component-3791,㞑,㞑,㞑,,,,unicode-ready,unreviewed,chise-ids-ucs-basic,352e13378e411c322cfa16bfd7a6d21d670d7eca,GPL-2.0-or-later
component-2bd56,𫵖,𫵖,𫵖,,,,unicode-ready,unreviewed,chise-ids-ucs-basic,352e13378e411c322cfa16bfd7a6d21d670d7eca,GPL-2.0-or-later
component-5c4b,屋,屋,屋,,,,unicode-ready,unreviewed,chise-ids-ucs-basic,352e13378e411c322cfa16bfd7a6d21d670d7eca,GPL-2.0-or-later
component-21c52,𡱒,𡱒,𡱒,,,,unicode-ready,unreviewed,chise-ids-ucs-basic,352e13378e411c322cfa16bfd7a6d21d670d7eca,GPL-2.0-or-later
component-5c55,展,展,展,,,,unicode-ready,unreviewed,chise-ids-ucs-basic,352e13378e411c322cfa16bfd7a6d21d670d7eca,GPL-2.0-or-later
component-5c5a,屚,屚,屚,,,,unicode-ready,unreviewed,chise-ids-ucs-basic,352e13378e411c322cfa16bfd7a6d21d670d7eca,GPL-2.0-or-later
component-5c6c,屬,屬,屬,,,,unicode-ready,unreviewed,chise-ids-ucs-basic,352e13378e411c322cfa16bfd7a6d21d670d7eca,GPL-2.0-or-later
component-5c6e,屮,屮,屮,,,,unicode-ready,unreviewed,chise-ids-ucs-basic,352e13378e411c322cfa16bfd7a6d21d670d7eca,GPL-2.0-or-later
component-5c6f,屯,屯,屯,,,,unicode-ready,unreviewed,chise-ids-ucs-basic,352e13378e411c322cfa16bfd7a6d21d670d7eca,GPL-2.0-or-later
component-37a2,㞢,㞢,㞢,,,,unicode-ready,unreviewed,chise-ids-ucs-basic,352e13378e411c322cfa16bfd7a6d21d670d7eca,GPL-2.0-or-later
component-5c70,屰,屰,屰,,,,unicode-ready,unreviewed,chise-ids-ucs-basic,352e13378e411c322cfa16bfd7a6d21d670d7eca,GPL-2.0-or-later
component-5c71,山,山,山,,,,unicode-ready,unreviewed,chise-ids-ucs-basic,352e13378e411c322cfa16bfd7a6d21d670d7eca,GPL-2.0-or-later
component-5c75,屵,屵,屵,,,,unicode-ready,unreviewed,chise-ids-ucs-basic,352e13378e411c322cfa16bfd7a6d21d670d7eca,GPL-2.0-or-later
component-21d49,𡵉,𡵉,𡵉,,,,unicode-ready,unreviewed,chise-ids-ucs-basic,352e13378e411c322cfa16bfd7a6d21d670d7eca,GPL-2.0-or-later
component-5ca1,岡,岡,岡,,,,unicode-ready,unreviewed,chise-ids-ucs-basic,352e13378e411c322cfa16bfd7a6d21d670d7eca,GPL-2.0-or-later
component-5cf6,島,島,島,,,,unicode-ready,unreviewed,chise-ids-ucs-basic,352e13378e411c322cfa16bfd7a6d21d670d7eca,GPL-2.0-or-later
component-5d14,崔,崔,崔,,,,unicode-ready,unreviewed,chise-ids-ucs-basic,352e13378e411c322cfa16bfd7a6d21d670d7eca,GPL-2.0-or-later
component-5d29,崩,崩,崩,,,,unicode-ready,unreviewed,chise-ids-ucs-basic,352e13378e411c322cfa16bfd7a6d21d670d7eca,GPL-2.0-or-later
component-5d52,嵒,嵒,嵒,,,,unicode-ready,unreviewed,chise-ids-ucs-basic,352e13378e411c322cfa16bfd7a6d21d670d7eca,GPL-2.0-or-later
component-5d6c,嵬,嵬,嵬,,,,unicode-ready,unreviewed,chise-ids-ucs-basic,352e13378e411c322cfa16bfd7a6d21d670d7eca,GPL-2.0-or-later
component-5dc2,巂,巂,巂,,,,unicode-ready,unreviewed,chise-ids-ucs-basic,352e13378e411c322cfa16bfd7a6d21d670d7eca,GPL-2.0-or-later
component-5ddb,巛,巛,巛,,,,unicode-ready,unreviewed,chise-ids-ucs-basic,352e13378e411c322cfa16bfd7a6d21d670d7eca,GPL-2.0-or-later
component-5ddd,川,川,川,,,,unicode-ready,unreviewed,chise-ids-ucs-basic,352e13378e411c322cfa16bfd7a6d21d670d7eca,GPL-2.0-or-later
component-5dde,州,州,州,,,,unicode-ready,unreviewed,chise-ids-ucs-basic,352e13378e411c322cfa16bfd7a6d21d670d7eca,GPL-2.0-or-later
component-5ddf,巟,巟,巟,,,,unicode-ready,unreviewed,chise-ids-ucs-basic,352e13378e411c322cfa16bfd7a6d21d670d7eca,GPL-2.0-or-later
component-5de0,巠,巠,巠,,,,unicode-ready,unreviewed,chise-ids-ucs-basic,352e13378e411c322cfa16bfd7a6d21d670d7eca,GPL-2.0-or-later
component-21ffa,𡿺,𡿺,𡿺,,,,unicode-ready,unreviewed,chise-ids-ucs-basic,352e13378e411c322cfa16bfd7a6d21d670d7eca,GPL-2.0-or-later
component-5de2,巢,巢,巢,,,,unicode-ready,unreviewed,chise-ids-ucs-basic,352e13378e411c322cfa16bfd7a6d21d670d7eca,GPL-2.0-or-later
component-5de4,巤,巤,巤,,,,unicode-ready,unreviewed,chise-ids-ucs-basic,352e13378e411c322cfa16bfd7a6d21d670d7eca,GPL-2.0-or-later
component-5de5,工,工,工,,,,unicode-ready,unreviewed,chise-ids-ucs-basic,352e13378e411c322cfa16bfd7a6d21d670d7eca,GPL-2.0-or-later
component-5de8,巨,巨,巨,,,,unicode-ready,unreviewed,chise-ids-ucs-basic,352e13378e411c322cfa16bfd7a6d21d670d7eca,GPL-2.0-or-later
component-5de9,巩,巩,巩,,,,unicode-ready,unreviewed,chise-ids-ucs-basic,352e13378e411c322cfa16bfd7a6d21d670d7eca,GPL-2.0-or-later
component-5deb,巫,巫,巫,,,,unicode-ready,unreviewed,chise-ids-ucs-basic,352e13378e411c322cfa16bfd7a6d21d670d7eca,GPL-2.0-or-later
component-5dee,差,差,差,,,,unicode-ready,unreviewed,chise-ids-ucs-basic,352e13378e411c322cfa16bfd7a6d21d670d7eca,GPL-2.0-or-later
component-5df1,己,己,己,,,,unicode-ready,unreviewed,chise-ids-ucs-basic,352e13378e411c322cfa16bfd7a6d21d670d7eca,GPL-2.0-or-later
component-5df2,已,已,已,,,,unicode-ready,unreviewed,chise-ids-ucs-basic,352e13378e411c322cfa16bfd7a6d21d670d7eca,GPL-2.0-or-later
component-5df3,巳,巳,巳,,,,unicode-ready,unreviewed,chise-ids-ucs-basic,352e13378e411c322cfa16bfd7a6d21d670d7eca,GPL-2.0-or-later
component-5df4,巴,巴,巴,,,,unicode-ready,unreviewed,chise-ids-ucs-basic,352e13378e411c322cfa16bfd7a6d21d670d7eca,GPL-2.0-or-later
component-382f,㠯,㠯,㠯,,,,unicode-ready,unreviewed,chise-ids-ucs-basic,352e13378e411c322cfa16bfd7a6d21d670d7eca,GPL-2.0-or-later
component-5df7,巷,巷,巷,,,,unicode-ready,unreviewed,chise-ids-ucs-basic,352e13378e411c322cfa16bfd7a6d21d670d7eca,GPL-2.0-or-later
component-5df8,巸,巸,巸,,,,unicode-ready,unreviewed,chise-ids-ucs-basic,352e13378e411c322cfa16bfd7a6d21d670d7eca,GPL-2.0-or-later
component-5dfd,巽,巽,巽,,,,unicode-ready,unreviewed,chise-ids-ucs-basic,352e13378e411c322cfa16bfd7a6d21d670d7eca,GPL-2.0-or-later
component-5dfe,巾,巾,巾,,,,unicode-ready,unreviewed,chise-ids-ucs-basic,352e13378e411c322cfa16bfd7a6d21d670d7eca,GPL-2.0-or-later
component-5dff,巿,巿,巿,,,,unicode-ready,unreviewed,chise-ids-ucs-basic,352e13378e411c322cfa16bfd7a6d21d670d7eca,GPL-2.0-or-later
component-5e00,帀,帀,帀,,,,unicode-ready,unreviewed,chise-ids-ucs-basic,352e13378e411c322cfa16bfd7a6d21d670d7eca,GPL-2.0-or-later
component-5e02,市,市,市,,,,unicode-ready,unreviewed,chise-ids-ucs-basic,352e13378e411c322cfa16bfd7a6d21d670d7eca,GPL-2.0-or-later
component-5e03,布,布,布,,,,unicode-ready,unreviewed,chise-ids-ucs-basic,352e13378e411c322cfa16bfd7a6d21d670d7eca,GPL-2.0-or-later
component-5e0c,希,希,希,,,,unicode-ready,unreviewed,chise-ids-ucs-basic,352e13378e411c322cfa16bfd7a6d21d670d7eca,GPL-2.0-or-later
component-5e1a,帚,帚,帚,,,,unicode-ready,unreviewed,chise-ids-ucs-basic,352e13378e411c322cfa16bfd7a6d21d670d7eca,GPL-2.0-or-later
component-5e1b,帛,帛,帛,,,,unicode-ready,unreviewed,chise-ids-ucs-basic,352e13378e411c322cfa16bfd7a6d21d670d7eca,GPL-2.0-or-later
component-3840,㡀,㡀,㡀,,,,unicode-ready,unreviewed,chise-ids-ucs-basic,352e13378e411c322cfa16bfd7a6d21d670d7eca,GPL-2.0-or-later
component-5e1d,帝,帝,帝,,,,unicode-ready,unreviewed,chise-ids-ucs-basic,352e13378e411c322cfa16bfd7a6d21d670d7eca,GPL-2.0-or-later
component-5e2b,師,師,師,,,,unicode-ready,unreviewed,chise-ids-ucs-basic,352e13378e411c322cfa16bfd7a6d21d670d7eca,GPL-2.0-or-later
component-5e72,干,干,干,,,,unicode-ready,unreviewed,chise-ids-ucs-basic,352e13378e411c322cfa16bfd7a6d21d670d7eca,GPL-2.0-or-later
component-5e73,平,平,平,,,,unicode-ready,unreviewed,chise-ids-ucs-basic,352e13378e411c322cfa16bfd7a6d21d670d7eca,GPL-2.0-or-later
component-22189,𢆉,𢆉,𢆉,,,,unicode-ready,unreviewed,chise-ids-ucs-basic,352e13378e411c322cfa16bfd7a6d21d670d7eca,GPL-2.0-or-later
component-5e74,年,年,年,,,,unicode-ready,unreviewed,chise-ids-ucs-basic,352e13378e411c322cfa16bfd7a6d21d670d7eca,GPL-2.0-or-later
component-5e76,并,并,并,,,,unicode-ready,unreviewed,chise-ids-ucs-basic,352e13378e411c322cfa16bfd7a6d21d670d7eca,GPL-2.0-or-later
component-5e78,幸,幸,幸,,,,unicode-ready,unreviewed,chise-ids-ucs-basic,352e13378e411c322cfa16bfd7a6d21d670d7eca,GPL-2.0-or-later
component-5e7a,幺,幺,幺,,,,unicode-ready,unreviewed,chise-ids-ucs-basic,352e13378e411c322cfa16bfd7a6d21d670d7eca,GPL-2.0-or-later
component-5e7c,幼,幼,幼,,,,unicode-ready,unreviewed,chise-ids-ucs-basic,352e13378e411c322cfa16bfd7a6d21d670d7eca,GPL-2.0-or-later
component-221b6,𢆶,𢆶,𢆶,,,,unicode-ready,unreviewed,chise-ids-ucs-basic,352e13378e411c322cfa16bfd7a6d21d670d7eca,GPL-2.0-or-later
component-221c7,𢇇,𢇇,𢇇,,,,unicode-ready,unreviewed,chise-ids-ucs-basic,352e13378e411c322cfa16bfd7a6d21d670d7eca,GPL-2.0-or-later
component-5e7e,幾,幾,幾,,,,unicode-ready,unreviewed,chise-ids-ucs-basic,352e13378e411c322cfa16bfd7a6d21d670d7eca,GPL-2.0-or-later
component-386d,㡭,㡭,㡭,,,,unicode-ready,unreviewed,chise-ids-ucs-basic,352e13378e411c322cfa16bfd7a6d21d670d7eca,GPL-2.0-or-later
component-5e7f,广,广,广,,,,unicode-ready,unreviewed,chise-ids-ucs-basic,352e13378e411c322cfa16bfd7a6d21d670d7eca,GPL-2.0-or-later
component-5e9c,府,府,府,,,,unicode-ready,unreviewed,chise-ids-ucs-basic,352e13378e411c322cfa16bfd7a6d21d670d7eca,GPL-2.0-or-later
component-5ea6,度,度,度,,,,unicode-ready,unreviewed,chise-ids-ucs-basic,352e13378e411c322cfa16bfd7a6d21d670d7eca,GPL-2.0-or-later
component-5eab,庫,庫,庫,,,,unicode-ready,unreviewed,chise-ids-ucs-basic,352e13378e411c322cfa16bfd7a6d21d670d7eca,GPL-2.0-or-later
component-5eb6,庶,庶,庶,,,,unicode-ready,unreviewed,chise-ids-ucs-basic,352e13378e411c322cfa16bfd7a6d21d670d7eca,GPL-2.0-or-later
component-5eb7,康,康,康,,,,unicode-ready,unreviewed,chise-ids-ucs-basic,352e13378e411c322cfa16bfd7a6d21d670d7eca,GPL-2.0-or-later
component-5eb8,庸,庸,庸,,,,unicode-ready,unreviewed,chise-ids-ucs-basic,352e13378e411c322cfa16bfd7a6d21d670d7eca,GPL-2.0-or-later
component-5ec9,廉,廉,廉,,,,unicode-ready,unreviewed,chise-ids-ucs-basic,352e13378e411c322cfa16bfd7a6d21d670d7eca,GPL-2.0-or-later
component-5eda,廚,廚,廚,,,,unicode-ready,unreviewed,chise-ids-ucs-basic,352e13378e411c322cfa16bfd7a6d21d670d7eca,GPL-2.0-or-later
component-5edb,廛,廛,廛,,,,unicode-ready,unreviewed,chise-ids-ucs-basic,352e13378e411c322cfa16bfd7a6d21d670d7eca,GPL-2.0-or-later
component-5ee3,廣,廣,廣,,,,unicode-ready,unreviewed,chise-ids-ucs-basic,352e13378e411c322cfa16bfd7a6d21d670d7eca,GPL-2.0-or-later
component-5ef4,廴,廴,廴,,,,unicode-ready,unreviewed,chise-ids-ucs-basic,352e13378e411c322cfa16bfd7a6d21d670d7eca,GPL-2.0-or-later
component-5ef6,延,延,延,,,,unicode-ready,unreviewed,chise-ids-ucs-basic,352e13378e411c322cfa16bfd7a6d21d670d7eca,GPL-2.0-or-later
component-5ef7,廷,廷,廷,,,,unicode-ready,unreviewed,chise-ids-ucs-basic,352e13378e411c322cfa16bfd7a6d21d670d7eca,GPL-2.0-or-later
component-5efa,建,建,建,,,,unicode-ready,unreviewed,chise-ids-ucs-basic,352e13378e411c322cfa16bfd7a6d21d670d7eca,GPL-2.0-or-later
component-5efe,廾,廾,廾,,,,unicode-ready,unreviewed,chise-ids-ucs-basic,352e13378e411c322cfa16bfd7a6d21d670d7eca,GPL-2.0-or-later
component-5eff,廿,廿,廿,,,,unicode-ready,unreviewed,chise-ids-ucs-basic,352e13378e411c322cfa16bfd7a6d21d670d7eca,GPL-2.0-or-later
component-5f00,开,开,开,,,,unicode-ready,unreviewed,chise-ids-ucs-basic,352e13378e411c322cfa16bfd7a6d21d670d7eca,GPL-2.0-or-later
component-5f0b,弋,弋,弋,,,,unicode-ready,unreviewed,chise-ids-ucs-basic,352e13378e411c322cfa16bfd7a6d21d670d7eca,GPL-2.0-or-later
component-5f0f,式,式,式,,,,unicode-ready,unreviewed,chise-ids-ucs-basic,352e13378e411c322cfa16bfd7a6d21d670d7eca,GPL-2.0-or-later
component-5f13,弓,弓,弓,,,,unicode-ready,unreviewed,chise-ids-ucs-basic,352e13378e411c322cfa16bfd7a6d21d670d7eca,GPL-2.0-or-later
component-5f14,弔,弔,弔,,,,unicode-ready,unreviewed,chise-ids-ucs-basic,352e13378e411c322cfa16bfd7a6d21d670d7eca,GPL-2.0-or-later
component-5f17,弗,弗,弗,,,,unicode-ready,unreviewed,chise-ids-ucs-basic,352e13378e411c322cfa16bfd7a6d21d670d7eca,GPL-2.0-or-later
component-223a5,𢎥,𢎥,𢎥,,,,unicode-ready,unreviewed,chise-ids-ucs-basic,352e13378e411c322cfa16bfd7a6d21d670d7eca,GPL-2.0-or-later
component-5f1a,弚,弚,弚,,,,unicode-ready,unreviewed,chise-ids-ucs-basic,352e13378e411c322cfa16bfd7a6d21d670d7eca,GPL-2.0-or-later
component-5f1c,弜,弜,弜,,,,unicode-ready,unreviewed,chise-ids-ucs-basic,352e13378e411c322cfa16bfd7a6d21d670d7eca,GPL-2.0-or-later
component-5f1f,弟,弟,弟,,,,unicode-ready,unreviewed,chise-ids-ucs-basic,352e13378e411c322cfa16bfd7a6d21d670d7eca,GPL-2.0-or-later
component-5f35,張,張,張,,,,unicode-ready,unreviewed,chise-ids-ucs-basic,352e13378e411c322cfa16bfd7a6d21d670d7eca,GPL-2.0-or-later
component-5f4c,彌,彌,彌,,,,unicode-ready,unreviewed,chise-ids-ucs-basic,352e13378e411c322cfa16bfd7a6d21d670d7eca,GPL-2.0-or-later
component-5f4e,彎,彎,彎,,,,unicode-ready,unreviewed,chise-ids-ucs-basic,352e13378e411c322cfa16bfd7a6d21d670d7eca,GPL-2.0-or-later
component-5f50,彐,彐,彐,,,,unicode-ready,unreviewed,chise-ids-ucs-basic,352e13378e411c322cfa16bfd7a6d21d670d7eca,GPL-2.0-or-later
component-5f51,彑,彑,彑,,,,unicode-ready,unreviewed,chise-ids-ucs-basic,352e13378e411c322cfa16bfd7a6d21d670d7eca,GPL-2.0-or-later
component-5f54,彔,彔,彔,,,,unicode-ready,unreviewed,chise-ids-ucs-basic,352e13378e411c322cfa16bfd7a6d21d670d7eca,GPL-2.0-or-later
component-5f55,录,录,录,,,,unicode-ready,unreviewed,chise-ids-ucs-basic,352e13378e411c322cfa16bfd7a6d21d670d7eca,GPL-2.0-or-later
component-5f56,彖,彖,彖,,,,unicode-ready,unreviewed,chise-ids-ucs-basic,352e13378e411c322cfa16bfd7a6d21d670d7eca,GPL-2.0-or-later
component-5f57,彗,彗,彗,,,,unicode-ready,unreviewed,chise-ids-ucs-basic,352e13378e411c322cfa16bfd7a6d21d670d7eca,GPL-2.0-or-later
component-5f61,彡,彡,彡,,,,unicode-ready,unreviewed,chise-ids-ucs-basic,352e13378e411c322cfa16bfd7a6d21d670d7eca,GPL-2.0-or-later
component-5f65,彥,彥,彥,,,,unicode-ready,unreviewed,chise-ids-ucs-basic,352e13378e411c322cfa16bfd7a6d21d670d7eca,GPL-2.0-or-later
component-38ce,㣎,㣎,㣎,,,,unicode-ready,unreviewed,chise-ids-ucs-basic,352e13378e411c322cfa16bfd7a6d21d670d7eca,GPL-2.0-or-later
component-5f6d,彭,彭,彭,,,,unicode-ready,unreviewed,chise-ids-ucs-basic,352e13378e411c322cfa16bfd7a6d21d670d7eca,GPL-2.0-or-later
component-5f73,彳,彳,彳,,,,unicode-ready,unreviewed,chise-ids-ucs-basic,352e13378e411c322cfa16bfd7a6d21d670d7eca,GPL-2.0-or-later
component-5f9e,從,從,從,,,,unicode-ready,unreviewed,chise-ids-ucs-basic,352e13378e411c322cfa16bfd7a6d21d670d7eca,GPL-2.0-or-later
component-5fa9,復,復,復,,,,unicode-ready,unreviewed,chise-ids-ucs-basic,352e13378e411c322cfa16bfd7a6d21d670d7eca,GPL-2.0-or-later
component-5fb5,徵,徵,徵,,,,unicode-ready,unreviewed,chise-ids-ucs-basic,352e13378e411c322cfa16bfd7a6d21d670d7eca,GPL-2.0-or-later
component-5fc3,心,心,心,,,,unicode-ready,unreviewed,chise-ids-ucs-basic,352e13378e411c322cfa16bfd7a6d21d670d7eca,GPL-2.0-or-later
component-2e97,⺗,⺗,⺗,,,,unicode-ready,unreviewed,chise-ids-ucs-basic,352e13378e411c322cfa16bfd7a6d21d670d7eca,GPL-2.0-or-later
component-5fc4,忄,忄,忄,,,,unicode-ready,unreviewed,chise-ids-ucs-basic,352e13378e411c322cfa16bfd7a6d21d670d7eca,GPL-2.0-or-later
component-5fc5,必,必,必,,,,unicode-ready,unreviewed,chise-ids-ucs-basic,352e13378e411c322cfa16bfd7a6d21d670d7eca,GPL-2.0-or-later
component-5fcd,忍,忍,忍,,,,unicode-ready,unreviewed,chise-ids-ucs-basic,352e13378e411c322cfa16bfd7a6d21d670d7eca,GPL-2.0-or-later
component-5fd7,志,志,志,,,,unicode-ready,unreviewed,chise-ids-ucs-basic,352e13378e411c322cfa16bfd7a6d21d670d7eca,GPL-2.0-or-later
component-5fdd,忝,忝,忝,,,,unicode-ready,unreviewed,chise-ids-ucs-basic,352e13378e411c322cfa16bfd7a6d21d670d7eca,GPL-2.0-or-later
component-5feb,快,快,快,,,,unicode-ready,unreviewed,chise-ids-ucs-basic,352e13378e411c322cfa16bfd7a6d21d670d7eca,GPL-2.0-or-later
component-5ffd,忽,忽,忽,,,,unicode-ready,unreviewed,chise-ids-ucs-basic,352e13378e411c322cfa16bfd7a6d21d670d7eca,GPL-2.0-or-later
component-601d,思,思,思,,,,unicode-ready,unreviewed,chise-ids-ucs-basic,352e13378e411c322cfa16bfd7a6d21d670d7eca,GPL-2.0-or-later
component-6069,恩,恩,恩,,,,unicode-ready,unreviewed,chise-ids-ucs-basic,352e13378e411c322cfa16bfd7a6d21d670d7eca,GPL-2.0-or-later
component-606f,息,息,息,,,,unicode-ready,unreviewed,chise-ids-ucs-basic,352e13378e411c322cfa16bfd7a6d21d670d7eca,GPL-2.0-or-later
component-60a4,悤,悤,悤,,,,unicode-ready,unreviewed,chise-ids-ucs-basic,352e13378e411c322cfa16bfd7a6d21d670d7eca,GPL-2.0-or-later
component-60e0,惠,惠,惠,,,,unicode-ready,unreviewed,chise-ids-ucs-basic,352e13378e411c322cfa16bfd7a6d21d670d7eca,GPL-2.0-or-later
component-60e2,惢,惢,惢,,,,unicode-ready,unreviewed,chise-ids-ucs-basic,352e13378e411c322cfa16bfd7a6d21d670d7eca,GPL-2.0-or-later
component-3951,㥑,㥑,㥑,,,,unicode-ready,unreviewed,chise-ids-ucs-basic,352e13378e411c322cfa16bfd7a6d21d670d7eca,GPL-2.0-or-later
component-226f3,𢛳,𢛳,𢛳,,,,unicode-ready,unreviewed,chise-ids-ucs-basic,352e13378e411c322cfa16bfd7a6d21d670d7eca,GPL-2.0-or-later
component-610f,意,意,意,,,,unicode-ready,unreviewed,chise-ids-ucs-basic,352e13378e411c322cfa16bfd7a6d21d670d7eca,GPL-2.0-or-later
component-396f,㥯,㥯,㥯,,,,unicode-ready,unreviewed,chise-ids-ucs-basic,352e13378e411c322cfa16bfd7a6d21d670d7eca,GPL-2.0-or-later
component-6182,憂,憂,憂,,,,unicode-ready,unreviewed,chise-ids-ucs-basic,352e13378e411c322cfa16bfd7a6d21d670d7eca,GPL-2.0-or-later
component-6208,戈,戈,戈,,,,unicode-ready,unreviewed,chise-ids-ucs-basic,352e13378e411c322cfa16bfd7a6d21d670d7eca,GPL-2.0-or-later
component-6209,戉,戉,戉,,,,unicode-ready,unreviewed,chise-ids-ucs-basic,352e13378e411c322cfa16bfd7a6d21d670d7eca,GPL-2.0-or-later
component-620a,戊,戊,戊,,,,unicode-ready,unreviewed,chise-ids-ucs-basic,352e13378e411c322cfa16bfd7a6d21d670d7eca,GPL-2.0-or-later
component-620c,戌,戌,戌,,,,unicode-ready,unreviewed,chise-ids-ucs-basic,352e13378e411c322cfa16bfd7a6d21d670d7eca,GPL-2.0-or-later
component-620d,戍,戍,戍,,,,unicode-ready,unreviewed,chise-ids-ucs-basic,352e13378e411c322cfa16bfd7a6d21d670d7eca,GPL-2.0-or-later
component-620e,戎,戎,戎,,,,unicode-ready,unreviewed,chise-ids-ucs-basic,352e13378e411c322cfa16bfd7a6d21d670d7eca,GPL-2.0-or-later
component-6210,成,成,成,,,,unicode-ready,unreviewed,chise-ids-ucs-basic,352e13378e411c322cfa16bfd7a6d21d670d7eca,GPL-2.0-or-later
component-2298f,𢦏,𢦏,𢦏,,,,unicode-ready,unreviewed,chise-ids-ucs-basic,352e13378e411c322cfa16bfd7a6d21d670d7eca,GPL-2.0-or-later
component-6211,我,我,我,,,,unicode-ready,unreviewed,chise-ids-ucs-basic,352e13378e411c322cfa16bfd7a6d21d670d7eca,GPL-2.0-or-later
component-6212,戒,戒,戒,,,,unicode-ready,unreviewed,chise-ids-ucs-basic,352e13378e411c322cfa16bfd7a6d21d670d7eca,GPL-2.0-or-later
component-6214,戔,戔,戔,,,,unicode-ready,unreviewed,chise-ids-ucs-basic,352e13378e411c322cfa16bfd7a6d21d670d7eca,GPL-2.0-or-later
component-6216,或,或,或,,,,unicode-ready,unreviewed,chise-ids-ucs-basic,352e13378e411c322cfa16bfd7a6d21d670d7eca,GPL-2.0-or-later
component-6220,戠,戠,戠,,,,unicode-ready,unreviewed,chise-ids-ucs-basic,352e13378e411c322cfa16bfd7a6d21d670d7eca,GPL-2.0-or-later
component-229dc,𢧜,𢧜,𢧜,,,,unicode-ready,unreviewed,chise-ids-ucs-basic,352e13378e411c322cfa16bfd7a6d21d670d7eca,GPL-2.0-or-later
component-6236,戶,戶,戶,,,,unicode-ready,unreviewed,chise-ids-ucs-basic,352e13378e411c322cfa16bfd7a6d21d670d7eca,GPL-2.0-or-later
component-6237,户,户,户,,,,unicode-ready,unreviewed,chise-ids-ucs-basic,352e13378e411c322cfa16bfd7a6d21d670d7eca,GPL-2.0-or-later
component-623e,戾,戾,戾,,,,unicode-ready,unreviewed,chise-ids-ucs-basic,352e13378e411c322cfa16bfd7a6d21d670d7eca,GPL-2.0-or-later
component-6241,扁,扁,扁,,,,unicode-ready,unreviewed,chise-ids-ucs-basic,352e13378e411c322cfa16bfd7a6d21d670d7eca,GPL-2.0-or-later
component-6248,扈,扈,扈,,,,unicode-ready,unreviewed,chise-ids-ucs-basic,352e13378e411c322cfa16bfd7a6d21d670d7eca,GPL-2.0-or-later
component-624b,手,手,手,,,,unicode-ready,unreviewed,chise-ids-ucs-basic,352e13378e411c322cfa16bfd7a6d21d670d7eca,GPL-2.0-or-later
component-624c,扌,扌,扌,,,,unicode-ready,unreviewed,chise-ids-ucs-basic,352e13378e411c322cfa16bfd7a6d21d670d7eca,GPL-2.0-or-later
component-624d,才,才,才,,,,unicode-ready,unreviewed,chise-ids-ucs-basic,352e13378e411c322cfa16bfd7a6d21d670d7eca,GPL-2.0-or-later
component-9fb5,龵,龵,龵,,,,unicode-ready,unreviewed,chise-ids-ucs-basic,352e13378e411c322cfa16bfd7a6d21d670d7eca,GPL-2.0-or-later
component-627f,承,承,承,,,,unicode-ready,unreviewed,chise-ids-ucs-basic,352e13378e411c322cfa16bfd7a6d21d670d7eca,GPL-2.0-or-later
component-6298,折,折,折,,,,unicode-ready,unreviewed,chise-ids-ucs-basic,352e13378e411c322cfa16bfd7a6d21d670d7eca,GPL-2.0-or-later
component-62c9,拉,拉,拉,,,,unicode-ready,unreviewed,chise-ids-ucs-basic,352e13378e411c322cfa16bfd7a6d21d670d7eca,GPL-2.0-or-later
component-62cd,拍,拍,拍,,,,unicode-ready,unreviewed,chise-ids-ucs-basic,352e13378e411c322cfa16bfd7a6d21d670d7eca,GPL-2.0-or-later
component-62dc,拜,拜,拜,,,,unicode-ready,unreviewed,chise-ids-ucs-basic,352e13378e411c322cfa16bfd7a6d21d670d7eca,GPL-2.0-or-later
component-652f,支,支,支,,,,unicode-ready,unreviewed,chise-ids-ucs-basic,352e13378e411c322cfa16bfd7a6d21d670d7eca,GPL-2.0-or-later
component-6534,攴,攴,攴,,,,unicode-ready,unreviewed,chise-ids-ucs-basic,352e13378e411c322cfa16bfd7a6d21d670d7eca,GPL-2.0-or-later
component-6535,攵,攵,攵,,,,unicode-ready,unreviewed,chise-ids-ucs-basic,352e13378e411c322cfa16bfd7a6d21d670d7eca,GPL-2.0-or-later
component-6538,攸,攸,攸,,,,unicode-ready,unreviewed,chise-ids-ucs-basic,352e13378e411c322cfa16bfd7a6d21d670d7eca,GPL-2.0-or-later
component-653b,攻,攻,攻,,,,unicode-ready,unreviewed,chise-ids-ucs-basic,352e13378e411c322cfa16bfd7a6d21d670d7eca,GPL-2.0-or-later
component-6544,敄,敄,敄,,,,unicode-ready,unreviewed,chise-ids-ucs-basic,352e13378e411c322cfa16bfd7a6d21d670d7eca,GPL-2.0-or-later
component-6545,故,故,故,,,,unicode-ready,unreviewed,chise-ids-ucs-basic,352e13378e411c322cfa16bfd7a6d21d670d7eca,GPL-2.0-or-later
component-654f,敏,敏,敏,,,,unicode-ready,unreviewed,chise-ids-ucs-basic,352e13378e411c322cfa16bfd7a6d21d670d7eca,GPL-2.0-or-later
component-6555,敕,敕,敕,,,,unicode-ready,unreviewed,chise-ids-ucs-basic,352e13378e411c322cfa16bfd7a6d21d670d7eca,GPL-2.0-or-later
component-6556,敖,敖,敖,,,,unicode-ready,unreviewed,chise-ids-ucs-basic,352e13378e411c322cfa16bfd7a6d21d670d7eca,GPL-2.0-or-later
component-655d,敝,敝,敝,,,,unicode-ready,unreviewed,chise-ids-ucs-basic,352e13378e411c322cfa16bfd7a6d21d670d7eca,GPL-2.0-or-later
component-655e,敞,敞,敞,,,,unicode-ready,unreviewed,chise-ids-ucs-basic,352e13378e411c322cfa16bfd7a6d21d670d7eca,GPL-2.0-or-later
component-6562,敢,敢,敢,,,,unicode-ready,unreviewed,chise-ids-ucs-basic,352e13378e411c322cfa16bfd7a6d21d670d7eca,GPL-2.0-or-later
component-6563,散,散,散,,,,unicode-ready,unreviewed,chise-ids-ucs-basic,352e13378e411c322cfa16bfd7a6d21d670d7eca,GPL-2.0-or-later
component-22f60,𢽠,𢽠,𢽠,,,,unicode-ready,unreviewed,chise-ids-ucs-basic,352e13378e411c322cfa16bfd7a6d21d670d7eca,GPL-2.0-or-later
component-3054e,𰕎,𰕎,𰕎,,,,unicode-ready,unreviewed,chise-ids-ucs-basic,352e13378e411c322cfa16bfd7a6d21d670d7eca,GPL-2.0-or-later
component-656b,敫,敫,敫,,,,unicode-ready,unreviewed,chise-ids-ucs-basic,352e13378e411c322cfa16bfd7a6d21d670d7eca,GPL-2.0-or-later
component-656c,敬,敬,敬,,,,unicode-ready,unreviewed,chise-ids-ucs-basic,352e13378e411c322cfa16bfd7a6d21d670d7eca,GPL-2.0-or-later
component-6587,文,文,文,,,,unicode-ready,unreviewed,chise-ids-ucs-basic,352e13378e411c322cfa16bfd7a6d21d670d7eca,GPL-2.0-or-later
component-6597,斗,斗,斗,,,,unicode-ready,unreviewed,chise-ids-ucs-basic,352e13378e411c322cfa16bfd7a6d21d670d7eca,GPL-2.0-or-later
component-65a4,斤,斤,斤,,,,unicode-ready,unreviewed,chise-ids-ucs-basic,352e13378e411c322cfa16bfd7a6d21d670d7eca,GPL-2.0-or-later
component-65a5,斥,斥,斥,,,,unicode-ready,unreviewed,chise-ids-ucs-basic,352e13378e411c322cfa16bfd7a6d21d670d7eca,GPL-2.0-or-later
component-65a6,斦,斦,斦,,,,unicode-ready,unreviewed,chise-ids-ucs-basic,352e13378e411c322cfa16bfd7a6d21d670d7eca,GPL-2.0-or-later
component-65ac,斬,斬,斬,,,,unicode-ready,unreviewed,chise-ids-ucs-basic,352e13378e411c322cfa16bfd7a6d21d670d7eca,GPL-2.0-or-later
component-65af,斯,斯,斯,,,,unicode-ready,unreviewed,chise-ids-ucs-basic,352e13378e411c322cfa16bfd7a6d21d670d7eca,GPL-2.0-or-later
component-65b9,方,方,方,,,,unicode-ready,unreviewed,chise-ids-ucs-basic,352e13378e411c322cfa16bfd7a6d21d670d7eca,GPL-2.0-or-later
component-2d928,𭤨,𭤨,𭤨,,,,unicode-ready,unreviewed,chise-ids-ucs-basic,352e13378e411c322cfa16bfd7a6d21d670d7eca,GPL-2.0-or-later
component-65bc,於,於,於,,,,unicode-ready,unreviewed,chise-ids-ucs-basic,352e13378e411c322cfa16bfd7a6d21d670d7eca,GPL-2.0-or-later
component-65bf,斿,斿,斿,,,,unicode-ready,unreviewed,chise-ids-ucs-basic,352e13378e411c322cfa16bfd7a6d21d670d7eca,GPL-2.0-or-later
component-65c1,旁,旁,旁,,,,unicode-ready,unreviewed,chise-ids-ucs-basic,352e13378e411c322cfa16bfd7a6d21d670d7eca,GPL-2.0-or-later
component-65cf,族,族,族,,,,unicode-ready,unreviewed,chise-ids-ucs-basic,352e13378e411c322cfa16bfd7a6d21d670d7eca,GPL-2.0-or-later
component-65e1,旡,旡,旡,,,,unicode-ready,unreviewed,chise-ids-ucs-basic,352e13378e411c322cfa16bfd7a6d21d670d7eca,GPL-2.0-or-later
component-65e2,既,既,既,,,,unicode-ready,unreviewed,chise-ids-ucs-basic,352e13378e411c322cfa16bfd7a6d21d670d7eca,GPL-2.0-or-later
component-65e5,日,日,日,,,,unicode-ready,unreviewed,chise-ids-ucs-basic,352e13378e411c322cfa16bfd7a6d21d670d7eca,GPL-2.0-or-later
component-2e9c,⺜,⺜,⺜,,,,unicode-ready,unreviewed,chise-ids-ucs-basic,352e13378e411c322cfa16bfd7a6d21d670d7eca,GPL-2.0-or-later
component-65e6,旦,旦,旦,,,,unicode-ready,unreviewed,chise-ids-ucs-basic,352e13378e411c322cfa16bfd7a6d21d670d7eca,GPL-2.0-or-later
component-65e8,旨,旨,旨,,,,unicode-ready,unreviewed,chise-ids-ucs-basic,352e13378e411c322cfa16bfd7a6d21d670d7eca,GPL-2.0-or-later
component-65e9,早,早,早,,,,unicode-ready,unreviewed,chise-ids-ucs-basic,352e13378e411c322cfa16bfd7a6d21d670d7eca,GPL-2.0-or-later
component-65ec,旬,旬,旬,,,,unicode-ready,unreviewed,chise-ids-ucs-basic,352e13378e411c322cfa16bfd7a6d21d670d7eca,GPL-2.0-or-later
component-65f1,旱,旱,旱,,,,unicode-ready,unreviewed,chise-ids-ucs-basic,352e13378e411c322cfa16bfd7a6d21d670d7eca,GPL-2.0-or-later
component-65f2,旲,旲,旲,,,,unicode-ready,unreviewed,chise-ids-ucs-basic,352e13378e411c322cfa16bfd7a6d21d670d7eca,GPL-2.0-or-later
component-3ad7,㫗,㫗,㫗,,,,unicode-ready,unreviewed,chise-ids-ucs-basic,352e13378e411c322cfa16bfd7a6d21d670d7eca,GPL-2.0-or-later
component-6606,昆,昆,昆,,,,unicode-ready,unreviewed,chise-ids-ucs-basic,352e13378e411c322cfa16bfd7a6d21d670d7eca,GPL-2.0-or-later
component-660c,昌,昌,昌,,,,unicode-ready,unreviewed,chise-ids-ucs-basic,352e13378e411c322cfa16bfd7a6d21d670d7eca,GPL-2.0-or-later
component-660d,昍,昍,昍,,,,unicode-ready,unreviewed,chise-ids-ucs-basic,352e13378e411c322cfa16bfd7a6d21d670d7eca,GPL-2.0-or-later
component-660e,明,明,明,,,,unicode-ready,unreviewed,chise-ids-ucs-basic,352e13378e411c322cfa16bfd7a6d21d670d7eca,GPL-2.0-or-later
component-660f,昏,昏,昏,,,,unicode-ready,unreviewed,chise-ids-ucs-basic,352e13378e411c322cfa16bfd7a6d21d670d7eca,GPL-2.0-or-later
component-6613,易,易,易,,,,unicode-ready,unreviewed,chise-ids-ucs-basic,352e13378e411c322cfa16bfd7a6d21d670d7eca,GPL-2.0-or-later
component-6614,昔,昔,昔,,,,unicode-ready,unreviewed,chise-ids-ucs-basic,352e13378e411c322cfa16bfd7a6d21d670d7eca,GPL-2.0-or-later
component-661c,昜,昜,昜,,,,unicode-ready,unreviewed,chise-ids-ucs-basic,352e13378e411c322cfa16bfd7a6d21d670d7eca,GPL-2.0-or-later
component-661f,星,星,星,,,,unicode-ready,unreviewed,chise-ids-ucs-basic,352e13378e411c322cfa16bfd7a6d21d670d7eca,GPL-2.0-or-later
component-6625,春,春,春,,,,unicode-ready,unreviewed,chise-ids-ucs-basic,352e13378e411c322cfa16bfd7a6d21d670d7eca,GPL-2.0-or-later
component-662b,昫,昫,昫,,,,unicode-ready,unreviewed,chise-ids-ucs-basic,352e13378e411c322cfa16bfd7a6d21d670d7eca,GPL-2.0-or-later
component-662d,昭,昭,昭,,,,unicode-ready,unreviewed,chise-ids-ucs-basic,352e13378e411c322cfa16bfd7a6d21d670d7eca,GPL-2.0-or-later
component-662f,是,是,是,,,,unicode-ready,unreviewed,chise-ids-ucs-basic,352e13378e411c322cfa16bfd7a6d21d670d7eca,GPL-2.0-or-later
component-2c037,𬀷,𬀷,𬀷,,,,unicode-ready,unreviewed,chise-ids-ucs-basic,352e13378e411c322cfa16bfd7a6d21d670d7eca,GPL-2.0-or-later
component-666e,普,普,普,,,,unicode-ready,unreviewed,chise-ids-ucs-basic,352e13378e411c322cfa16bfd7a6d21d670d7eca,GPL-2.0-or-later
component-666f,景,景,景,,,,unicode-ready,unreviewed,chise-ids-ucs-basic,352e13378e411c322cfa16bfd7a6d21d670d7eca,GPL-2.0-or-later
component-3b0e,㬎,㬎,㬎,,,,unicode-ready,unreviewed,chise-ids-ucs-basic,352e13378e411c322cfa16bfd7a6d21d670d7eca,GPL-2.0-or-later
component-66b4,暴,暴,暴,,,,unicode-ready,unreviewed,chise-ids-ucs-basic,352e13378e411c322cfa16bfd7a6d21d670d7eca,GPL-2.0-or-later
component-66f0,曰,曰,曰,,,,unicode-ready,unreviewed,chise-ids-ucs-basic,352e13378e411c322cfa16bfd7a6d21d670d7eca,GPL-2.0-or-later
component-66f2,曲,曲,曲,,,,unicode-ready,unreviewed,chise-ids-ucs-basic,352e13378e411c322cfa16bfd7a6d21d670d7eca,GPL-2.0-or-later
component-66f3,曳,曳,曳,,,,unicode-ready,unreviewed,chise-ids-ucs-basic,352e13378e411c322cfa16bfd7a6d21d670d7eca,GPL-2.0-or-later
component-66f4,更,更,更,,,,unicode-ready,unreviewed,chise-ids-ucs-basic,352e13378e411c322cfa16bfd7a6d21d670d7eca,GPL-2.0-or-later
component-66f7,曷,曷,曷,,,,unicode-ready,unreviewed,chise-ids-ucs-basic,352e13378e411c322cfa16bfd7a6d21d670d7eca,GPL-2.0-or-later
component-66f9,曹,曹,曹,,,,unicode-ready,unreviewed,chise-ids-ucs-basic,352e13378e411c322cfa16bfd7a6d21d670d7eca,GPL-2.0-or-later
component-66fc,曼,曼,曼,,,,unicode-ready,unreviewed,chise-ids-ucs-basic,352e13378e411c322cfa16bfd7a6d21d670d7eca,GPL-2.0-or-later
component-66fe,曾,曾,曾,,,,unicode-ready,unreviewed,chise-ids-ucs-basic,352e13378e411c322cfa16bfd7a6d21d670d7eca,GPL-2.0-or-later
component-6701,朁,朁,朁,,,,unicode-ready,unreviewed,chise-ids-ucs-basic,352e13378e411c322cfa16bfd7a6d21d670d7eca,GPL-2.0-or-later
component-6703,會,會,會,,,,unicode-ready,unreviewed,chise-ids-ucs-basic,352e13378e411c322cfa16bfd7a6d21d670d7eca,GPL-2.0-or-later
component-6708,月,月,月,,,,unicode-ready,unreviewed,chise-ids-ucs-basic,352e13378e411c322cfa16bfd7a6d21d670d7eca,GPL-2.0-or-later
component-6709,有,有,有,,,,unicode-ready,unreviewed,chise-ids-ucs-basic,352e13378e411c322cfa16bfd7a6d21d670d7eca,GPL-2.0-or-later
component-670b,朋,朋,朋,,,,unicode-ready,unreviewed,chise-ids-ucs-basic,352e13378e411c322cfa16bfd7a6d21d670d7eca,GPL-2.0-or-later
component-6714,朔,朔,朔,,,,unicode-ready,unreviewed,chise-ids-ucs-basic,352e13378e411c322cfa16bfd7a6d21d670d7eca,GPL-2.0-or-later
component-671d,朝,朝,朝,,,,unicode-ready,unreviewed,chise-ids-ucs-basic,352e13378e411c322cfa16bfd7a6d21d670d7eca,GPL-2.0-or-later
component-23386,𣎆,𣎆,𣎆,,,,unicode-ready,unreviewed,chise-ids-ucs-basic,352e13378e411c322cfa16bfd7a6d21d670d7eca,GPL-2.0-or-later
component-6728,木,木,木,,,,unicode-ready,unreviewed,chise-ids-ucs-basic,352e13378e411c322cfa16bfd7a6d21d670d7eca,GPL-2.0-or-later
component-6729,朩,朩,朩,,,,unicode-ready,unreviewed,chise-ids-ucs-basic,352e13378e411c322cfa16bfd7a6d21d670d7eca,GPL-2.0-or-later
component-672a,未,未,未,,,,unicode-ready,unreviewed,chise-ids-ucs-basic,352e13378e411c322cfa16bfd7a6d21d670d7eca,GPL-2.0-or-later
component-672b,末,末,末,,,,unicode-ready,unreviewed,chise-ids-ucs-basic,352e13378e411c322cfa16bfd7a6d21d670d7eca,GPL-2.0-or-later
component-672c,本,本,本,,,,unicode-ready,unreviewed,chise-ids-ucs-basic,352e13378e411c322cfa16bfd7a6d21d670d7eca,GPL-2.0-or-later
component-672d,札,札,札,,,,unicode-ready,unreviewed,chise-ids-ucs-basic,352e13378e411c322cfa16bfd7a6d21d670d7eca,GPL-2.0-or-later
component-672f,术,术,术,,,,unicode-ready,unreviewed,chise-ids-ucs-basic,352e13378e411c322cfa16bfd7a6d21d670d7eca,GPL-2.0-or-later
component-6731,朱,朱,朱,,,,unicode-ready,unreviewed,chise-ids-ucs-basic,352e13378e411c322cfa16bfd7a6d21d670d7eca,GPL-2.0-or-later
component-6735,朵,朵,朵,,,,unicode-ready,unreviewed,chise-ids-ucs-basic,352e13378e411c322cfa16bfd7a6d21d670d7eca,GPL-2.0-or-later
component-673f,朿,朿,朿,,,,unicode-ready,unreviewed,chise-ids-ucs-basic,352e13378e411c322cfa16bfd7a6d21d670d7eca,GPL-2.0-or-later
component-6740,杀,杀,杀,,,,unicode-ready,unreviewed,chise-ids-ucs-basic,352e13378e411c322cfa16bfd7a6d21d670d7eca,GPL-2.0-or-later
component-6742,杂,杂,杂,,,,unicode-ready,unreviewed,chise-ids-ucs-basic,352e13378e411c322cfa16bfd7a6d21d670d7eca,GPL-2.0-or-later
component-675f,束,束,束,,,,unicode-ready,unreviewed,chise-ids-ucs-basic,352e13378e411c322cfa16bfd7a6d21d670d7eca,GPL-2.0-or-later
component-6771,東,東,東,,,,unicode-ready,unreviewed,chise-ids-ucs-basic,352e13378e411c322cfa16bfd7a6d21d670d7eca,GPL-2.0-or-later
component-6772,杲,杲,杲,,,,unicode-ready,unreviewed,chise-ids-ucs-basic,352e13378e411c322cfa16bfd7a6d21d670d7eca,GPL-2.0-or-later
component-677e,松,松,松,,,,unicode-ready,unreviewed,chise-ids-ucs-basic,352e13378e411c322cfa16bfd7a6d21d670d7eca,GPL-2.0-or-later
component-6790,析,析,析,,,,unicode-ready,unreviewed,chise-ids-ucs-basic,352e13378e411c322cfa16bfd7a6d21d670d7eca,GPL-2.0-or-later
component-6797,林,林,林,,,,unicode-ready,unreviewed,chise-ids-ucs-basic,352e13378e411c322cfa16bfd7a6d21d670d7eca,GPL-2.0-or-later
component-679c,果,果,果,,,,unicode-ready,unreviewed,chise-ids-ucs-basic,352e13378e411c322cfa16bfd7a6d21d670d7eca,GPL-2.0-or-later
component-67bc,枼,枼,枼,,,,unicode-ready,unreviewed,chise-ids-ucs-basic,352e13378e411c322cfa16bfd7a6d21d670d7eca,GPL-2.0-or-later
component-67d0,某,某,某,,,,unicode-ready,unreviewed,chise-ids-ucs-basic,352e13378e411c322cfa16bfd7a6d21d670d7eca,GPL-2.0-or-later
component-67d4,柔,柔,柔,,,,unicode-ready,unreviewed,chise-ids-ucs-basic,352e13378e411c322cfa16bfd7a6d21d670d7eca,GPL-2.0-or-later
component-67e5,查,查,查,,,,unicode-ready,unreviewed,chise-ids-ucs-basic,352e13378e411c322cfa16bfd7a6d21d670d7eca,GPL-2.0-or-later
component-67ec,柬,柬,柬,,,,unicode-ready,unreviewed,chise-ids-ucs-basic,352e13378e411c322cfa16bfd7a6d21d670d7eca,GPL-2.0-or-later
component-67f0,柰,柰,柰,,,,unicode-ready,unreviewed,chise-ids-ucs-basic,352e13378e411c322cfa16bfd7a6d21d670d7eca,GPL-2.0-or-later
component-6840,桀,桀,桀,,,,unicode-ready,unreviewed,chise-ids-ucs-basic,352e13378e411c322cfa16bfd7a6d21d670d7eca,GPL-2.0-or-later
component-6851,桑,桑,桑,,,,unicode-ready,unreviewed,chise-ids-ucs-basic,352e13378e411c322cfa16bfd7a6d21d670d7eca,GPL-2.0-or-later
component-687c,桼,桼,桼,,,,unicode-ready,unreviewed,chise-ids-ucs-basic,352e13378e411c322cfa16bfd7a6d21d670d7eca,GPL-2.0-or-later
component-690e,椎,椎,椎,,,,unicode-ready,unreviewed,chise-ids-ucs-basic,352e13378e411c322cfa16bfd7a6d21d670d7eca,GPL-2.0-or-later
component-695a,楚,楚,楚,,,,unicode-ready,unreviewed,chise-ids-ucs-basic,352e13378e411c322cfa16bfd7a6d21d670d7eca,GPL-2.0-or-later
component-6a02,樂,樂,樂,,,,unicode-ready,unreviewed,chise-ids-ucs-basic,352e13378e411c322cfa16bfd7a6d21d670d7eca,GPL-2.0-or-later
component-6a0a,樊,樊,樊,,,,unicode-ready,unreviewed,chise-ids-ucs-basic,352e13378e411c322cfa16bfd7a6d21d670d7eca,GPL-2.0-or-later
component-6b20,欠,欠,欠,,,,unicode-ready,unreviewed,chise-ids-ucs-basic,352e13378e411c322cfa16bfd7a6d21d670d7eca,GPL-2.0-or-later
component-6b21,次,次,次,,,,unicode-ready,unreviewed,chise-ids-ucs-basic,352e13378e411c322cfa16bfd7a6d21d670d7eca,GPL-2.0-or-later
component-6b23,欣,欣,欣,,,,unicode-ready,unreviewed,chise-ids-ucs-basic,352e13378e411c322cfa16bfd7a6d21d670d7eca,GPL-2.0-or-later
component-2389f,𣢟,𣢟,𣢟,,,,unicode-ready,unreviewed,chise-ids-ucs-basic,352e13378e411c322cfa16bfd7a6d21d670d7eca,GPL-2.0-or-later
component-6b36,欶,欶,欶,,,,unicode-ready,unreviewed,chise-ids-ucs-basic,352e13378e411c322cfa16bfd7a6d21d670d7eca,GPL-2.0-or-later
component-6b62,止,止,止,,,,unicode-ready,unreviewed,chise-ids-ucs-basic,352e13378e411c322cfa16bfd7a6d21d670d7eca,GPL-2.0-or-later
component-9fb0,龰,龰,龰,,,,unicode-ready,unreviewed,chise-ids-ucs-basic,352e13378e411c322cfa16bfd7a6d21d670d7eca,GPL-2.0-or-later
component-23942,𣥂,𣥂,𣥂,,,,unicode-ready,unreviewed,chise-ids-ucs-basic,352e13378e411c322cfa16bfd7a6d21d670d7eca,GPL-2.0-or-later
component-6b63,正,正,正,,,,unicode-ready,unreviewed,chise-ids-ucs-basic,352e13378e411c322cfa16bfd7a6d21d670d7eca,GPL-2.0-or-later
component-6b64,此,此,此,,,,unicode-ready,unreviewed,chise-ids-ucs-basic,352e13378e411c322cfa16bfd7a6d21d670d7eca,GPL-2.0-or-later
component-6b65,步,步,步,,,,unicode-ready,unreviewed,chise-ids-ucs-basic,352e13378e411c322cfa16bfd7a6d21d670d7eca,GPL-2.0-or-later
component-6b68,歨,歨,歨,,,,unicode-ready,unreviewed,chise-ids-ucs-basic,352e13378e411c322cfa16bfd7a6d21d670d7eca,GPL-2.0-or-later
component-6b70,歰,歰,歰,,,,unicode-ready,unreviewed,chise-ids-ucs-basic,352e13378e411c322cfa16bfd7a6d21d670d7eca,GPL-2.0-or-later
component-6b77,歷,歷,歷,,,,unicode-ready,unreviewed,chise-ids-ucs-basic,352e13378e411c322cfa16bfd7a6d21d670d7eca,GPL-2.0-or-later
component-6b79,歹,歹,歹,,,,unicode-ready,unreviewed,chise-ids-ucs-basic,352e13378e411c322cfa16bfd7a6d21d670d7eca,GPL-2.0-or-later
component-6b7b,死,死,死,,,,unicode-ready,unreviewed,chise-ids-ucs-basic,352e13378e411c322cfa16bfd7a6d21d670d7eca,GPL-2.0-or-later
component-239bc,𣦼,𣦼,𣦼,,,,unicode-ready,unreviewed,chise-ids-ucs-basic,352e13378e411c322cfa16bfd7a6d21d670d7eca,GPL-2.0-or-later
component-6bb3,殳,殳,殳,,,,unicode-ready,unreviewed,chise-ids-ucs-basic,352e13378e411c322cfa16bfd7a6d21d670d7eca,GPL-2.0-or-later
component-6bb5,段,段,段,,,,unicode-ready,unreviewed,chise-ids-ucs-basic,352e13378e411c322cfa16bfd7a6d21d670d7eca,GPL-2.0-or-later
component-6bb8,殸,殸,殸,,,,unicode-ready,unreviewed,chise-ids-ucs-basic,352e13378e411c322cfa16bfd7a6d21d670d7eca,GPL-2.0-or-later
component-6bb9,殹,殹,殹,,,,unicode-ready,unreviewed,chise-ids-ucs-basic,352e13378e411c322cfa16bfd7a6d21d670d7eca,GPL-2.0-or-later
component-6bbf,殿,殿,殿,,,,unicode-ready,unreviewed,chise-ids-ucs-basic,352e13378e411c322cfa16bfd7a6d21d670d7eca,GPL-2.0-or-later
component-23aa0,𣪠,𣪠,𣪠,,,,unicode-ready,unreviewed,chise-ids-ucs-basic,352e13378e411c322cfa16bfd7a6d21d670d7eca,GPL-2.0-or-later
component-23ade,𣫞,𣫞,𣫞,,,,unicode-ready,unreviewed,chise-ids-ucs-basic,352e13378e411c322cfa16bfd7a6d21d670d7eca,GPL-2.0-or-later
component-6bcc,毌,毌,毌,,,,unicode-ready,unreviewed,chise-ids-ucs-basic,352e13378e411c322cfa16bfd7a6d21d670d7eca,GPL-2.0-or-later
component-6bcd,母,母,母,,,,unicode-ready,unreviewed,chise-ids-ucs-basic,352e13378e411c322cfa16bfd7a6d21d670d7eca,GPL-2.0-or-later
component-6bcf,每,每,每,,,,unicode-ready,unreviewed,chise-ids-ucs-basic,352e13378e411c322cfa16bfd7a6d21d670d7eca,GPL-2.0-or-later
component-6bd4,比,比,比,,,,unicode-ready,unreviewed,chise-ids-ucs-basic,352e13378e411c322cfa16bfd7a6d21d670d7eca,GPL-2.0-or-later
component-6bda,毚,毚,毚,,,,unicode-ready,unreviewed,chise-ids-ucs-basic,352e13378e411c322cfa16bfd7a6d21d670d7eca,GPL-2.0-or-later
component-6bdb,毛,毛,毛,,,,unicode-ready,unreviewed,chise-ids-ucs-basic,352e13378e411c322cfa16bfd7a6d21d670d7eca,GPL-2.0-or-later
component-6bf3,毳,毳,毳,,,,unicode-ready,unreviewed,chise-ids-ucs-basic,352e13378e411c322cfa16bfd7a6d21d670d7eca,GPL-2.0-or-later
component-6c0f,氏,氏,氏,,,,unicode-ready,unreviewed,chise-ids-ucs-basic,352e13378e411c322cfa16bfd7a6d21d670d7eca,GPL-2.0-or-later
component-6c10,氐,氐,氐,,,,unicode-ready,unreviewed,chise-ids-ucs-basic,352e13378e411c322cfa16bfd7a6d21d670d7eca,GPL-2.0-or-later
component-6c11,民,民,民,,,,unicode-ready,unreviewed,chise-ids-ucs-basic,352e13378e411c322cfa16bfd7a6d21d670d7eca,GPL-2.0-or-later
component-6c14,气,气,气,,,,unicode-ready,unreviewed,chise-ids-ucs-basic,352e13378e411c322cfa16bfd7a6d21d670d7eca,GPL-2.0-or-later
component-6c34,水,水,水,,,,unicode-ready,unreviewed,chise-ids-ucs-basic,352e13378e411c322cfa16bfd7a6d21d670d7eca,GPL-2.0-or-later
component-6c35,氵,氵,氵,,,,unicode-ready,unreviewed,chise-ids-ucs-basic,352e13378e411c322cfa16bfd7a6d21d670d7eca,GPL-2.0-or-later
component-6c3a,氺,氺,氺,,,,unicode-ready,unreviewed,chise-ids-ucs-basic,352e13378e411c322cfa16bfd7a6d21d670d7eca,GPL-2.0-or-later
component-6c38,永,永,永,,,,unicode-ready,unreviewed,chise-ids-ucs-basic,352e13378e411c322cfa16bfd7a6d21d670d7eca,GPL-2.0-or-later
component-6c42,求,求,求,,,,unicode-ready,unreviewed,chise-ids-ucs-basic,352e13378e411c322cfa16bfd7a6d21d670d7eca,GPL-2.0-or-later
component-6c52,汒,汒,汒,,,,unicode-ready,unreviewed,chise-ids-ucs-basic,352e13378e411c322cfa16bfd7a6d21d670d7eca,GPL-2.0-or-later
component-6c5f,江,江,江,,,,unicode-ready,unreviewed,chise-ids-ucs-basic,352e13378e411c322cfa16bfd7a6d21d670d7eca,GPL-2.0-or-later
component-6c93,沓,沓,沓,,,,unicode-ready,unreviewed,chise-ids-ucs-basic,352e13378e411c322cfa16bfd7a6d21d670d7eca,GPL-2.0-or-later
component-3cc4,㳄,㳄,㳄,,,,unicode-ready,unreviewed,chise-ids-ucs-basic,352e13378e411c322cfa16bfd7a6d21d670d7eca,GPL-2.0-or-later
component-6cc9,泉,泉,泉,,,,unicode-ready,unreviewed,chise-ids-ucs-basic,352e13378e411c322cfa16bfd7a6d21d670d7eca,GPL-2.0-or-later
component-6ce2,波,波,波,,,,unicode-ready,unreviewed,chise-ids-ucs-basic,352e13378e411c322cfa16bfd7a6d21d670d7eca,GPL-2.0-or-later
component-6d1b,洛,洛,洛,,,,unicode-ready,unreviewed,chise-ids-ucs-basic,352e13378e411c322cfa16bfd7a6d21d670d7eca,GPL-2.0-or-later
component-6d30,洰,洰,洰,,,,unicode-ready,unreviewed,chise-ids-ucs-basic,352e13378e411c322cfa16bfd7a6d21d670d7eca,GPL-2.0-or-later
component-6d3b,活,活,活,,,,unicode-ready,unreviewed,chise-ids-ucs-basic,352e13378e411c322cfa16bfd7a6d21d670d7eca,GPL-2.0-or-later
component-6d3c,洼,洼,洼,,,,unicode-ready,unreviewed,chise-ids-ucs-basic,352e13378e411c322cfa16bfd7a6d21d670d7eca,GPL-2.0-or-later
component-3cdf,㳟,㳟,㳟,,,,unicode-ready,unreviewed,chise-ids-ucs-basic,352e13378e411c322cfa16bfd7a6d21d670d7eca,GPL-2.0-or-later
component-6d66,浦,浦,浦,,,,unicode-ready,unreviewed,chise-ids-ucs-basic,352e13378e411c322cfa16bfd7a6d21d670d7eca,GPL-2.0-or-later
component-6d77,海,海,海,,,,unicode-ready,unreviewed,chise-ids-ucs-basic,352e13378e411c322cfa16bfd7a6d21d670d7eca,GPL-2.0-or-later
component-6d82,涂,涂,涂,,,,unicode-ready,unreviewed,chise-ids-ucs-basic,352e13378e411c322cfa16bfd7a6d21d670d7eca,GPL-2.0-or-later
component-6dee,淮,淮,淮,,,,unicode-ready,unreviewed,chise-ids-ucs-basic,352e13378e411c322cfa16bfd7a6d21d670d7eca,GPL-2.0-or-later
component-6e6f,湯,湯,湯,,,,unicode-ready,unreviewed,chise-ids-ucs-basic,352e13378e411c322cfa16bfd7a6d21d670d7eca,GPL-2.0-or-later
component-6ea5,溥,溥,溥,,,,unicode-ready,unreviewed,chise-ids-ucs-basic,352e13378e411c322cfa16bfd7a6d21d670d7eca,GPL-2.0-or-later
component-6fa1,澡,澡,澡,,,,unicode-ready,unreviewed,chise-ids-ucs-basic,352e13378e411c322cfa16bfd7a6d21d670d7eca,GPL-2.0-or-later
component-706b,火,火,火,,,,unicode-ready,unreviewed,chise-ids-ucs-basic,352e13378e411c322cfa16bfd7a6d21d670d7eca,GPL-2.0-or-later
component-706c,灬,灬,灬,,,,unicode-ready,unreviewed,chise-ids-ucs-basic,352e13378e411c322cfa16bfd7a6d21d670d7eca,GPL-2.0-or-later
component-7070,灰,灰,灰,,,,unicode-ready,unreviewed,chise-ids-ucs-basic,352e13378e411c322cfa16bfd7a6d21d670d7eca,GPL-2.0-or-later
component-708e,炎,炎,炎,,,,unicode-ready,unreviewed,chise-ids-ucs-basic,352e13378e411c322cfa16bfd7a6d21d670d7eca,GPL-2.0-or-later
component-70ad,炭,炭,炭,,,,unicode-ready,unreviewed,chise-ids-ucs-basic,352e13378e411c322cfa16bfd7a6d21d670d7eca,GPL-2.0-or-later
component-70ba,為,為,為,,,,unicode-ready,unreviewed,chise-ids-ucs-basic,352e13378e411c322cfa16bfd7a6d21d670d7eca,GPL-2.0-or-later
component-2dd18,𭴘,𭴘,𭴘,,,,unicode-ready,unreviewed,chise-ids-ucs-basic,352e13378e411c322cfa16bfd7a6d21d670d7eca,GPL-2.0-or-later
component-70cf,烏,烏,烏,,,,unicode-ready,unreviewed,chise-ids-ucs-basic,352e13378e411c322cfa16bfd7a6d21d670d7eca,GPL-2.0-or-later
component-70d5,烕,烕,烕,,,,unicode-ready,unreviewed,chise-ids-ucs-basic,352e13378e411c322cfa16bfd7a6d21d670d7eca,GPL-2.0-or-later
component-70dd,烝,烝,烝,,,,unicode-ready,unreviewed,chise-ids-ucs-basic,352e13378e411c322cfa16bfd7a6d21d670d7eca,GPL-2.0-or-later
component-241fe,𤇾,𤇾,𤇾,,,,unicode-ready,unreviewed,chise-ids-ucs-basic,352e13378e411c322cfa16bfd7a6d21d670d7eca,GPL-2.0-or-later
component-7121,無,無,無,,,,unicode-ready,unreviewed,chise-ids-ucs-basic,352e13378e411c322cfa16bfd7a6d21d670d7eca,GPL-2.0-or-later
component-7126,焦,焦,焦,,,,unicode-ready,unreviewed,chise-ids-ucs-basic,352e13378e411c322cfa16bfd7a6d21d670d7eca,GPL-2.0-or-later
component-7136,然,然,然,,,,unicode-ready,unreviewed,chise-ids-ucs-basic,352e13378e411c322cfa16bfd7a6d21d670d7eca,GPL-2.0-or-later
component-722a,爪,爪,爪,,,,unicode-ready,unreviewed,chise-ids-ucs-basic,352e13378e411c322cfa16bfd7a6d21d670d7eca,GPL-2.0-or-later
component-722b,爫,爫,爫,,,,unicode-ready,unreviewed,chise-ids-ucs-basic,352e13378e411c322cfa16bfd7a6d21d670d7eca,GPL-2.0-or-later
component-722d,爭,爭,爭,,,,unicode-ready,unreviewed,chise-ids-ucs-basic,352e13378e411c322cfa16bfd7a6d21d670d7eca,GPL-2.0-or-later
component-722f,爯,爯,爯,,,,unicode-ready,unreviewed,chise-ids-ucs-basic,352e13378e411c322cfa16bfd7a6d21d670d7eca,GPL-2.0-or-later
component-7230,爰,爰,爰,,,,unicode-ready,unreviewed,chise-ids-ucs-basic,352e13378e411c322cfa16bfd7a6d21d670d7eca,GPL-2.0-or-later
component-24514,𤔔,𤔔,𤔔,,,,unicode-ready,unreviewed,chise-ids-ucs-basic,352e13378e411c322cfa16bfd7a6d21d670d7eca,GPL-2.0-or-later
component-7235,爵,爵,爵,,,,unicode-ready,unreviewed,chise-ids-ucs-basic,352e13378e411c322cfa16bfd7a6d21d670d7eca,GPL-2.0-or-later
component-7236,父,父,父,,,,unicode-ready,unreviewed,chise-ids-ucs-basic,352e13378e411c322cfa16bfd7a6d21d670d7eca,GPL-2.0-or-later
component-723b,爻,爻,爻,,,,unicode-ready,unreviewed,chise-ids-ucs-basic,352e13378e411c322cfa16bfd7a6d21d670d7eca,GPL-2.0-or-later
component-3e1a,㸚,㸚,㸚,,,,unicode-ready,unreviewed,chise-ids-ucs-basic,352e13378e411c322cfa16bfd7a6d21d670d7eca,GPL-2.0-or-later
component-723e,爾,爾,爾,,,,unicode-ready,unreviewed,chise-ids-ucs-basic,352e13378e411c322cfa16bfd7a6d21d670d7eca,GPL-2.0-or-later
component-723f,爿,爿,爿,,,,unicode-ready,unreviewed,chise-ids-ucs-basic,352e13378e411c322cfa16bfd7a6d21d670d7eca,GPL-2.0-or-later
component-7247,片,片,片,,,,unicode-ready,unreviewed,chise-ids-ucs-basic,352e13378e411c322cfa16bfd7a6d21d670d7eca,GPL-2.0-or-later
component-7259,牙,牙,牙,,,,unicode-ready,unreviewed,chise-ids-ucs-basic,352e13378e411c322cfa16bfd7a6d21d670d7eca,GPL-2.0-or-later
component-725a,牚,牚,牚,,,,unicode-ready,unreviewed,chise-ids-ucs-basic,352e13378e411c322cfa16bfd7a6d21d670d7eca,GPL-2.0-or-later
component-725b,牛,牛,牛,,,,unicode-ready,unreviewed,chise-ids-ucs-basic,352e13378e411c322cfa16bfd7a6d21d670d7eca,GPL-2.0-or-later
component-2ea7,⺧,⺧,⺧,,,,unicode-ready,unreviewed,chise-ids-ucs-basic,352e13378e411c322cfa16bfd7a6d21d670d7eca,GPL-2.0-or-later
component-725c,牜,牜,牜,,,,unicode-ready,unreviewed,chise-ids-ucs-basic,352e13378e411c322cfa16bfd7a6d21d670d7eca,GPL-2.0-or-later
component-7280,犀,犀,犀,,,,unicode-ready,unreviewed,chise-ids-ucs-basic,352e13378e411c322cfa16bfd7a6d21d670d7eca,GPL-2.0-or-later
component-72ac,犬,犬,犬,,,,unicode-ready,unreviewed,chise-ids-ucs-basic,352e13378e411c322cfa16bfd7a6d21d670d7eca,GPL-2.0-or-later
component-72ad,犭,犭,犭,,,,unicode-ready,unreviewed,chise-ids-ucs-basic,352e13378e411c322cfa16bfd7a6d21d670d7eca,GPL-2.0-or-later
component-72ae,犮,犮,犮,,,,unicode-ready,unreviewed,chise-ids-ucs-basic,352e13378e411c322cfa16bfd7a6d21d670d7eca,GPL-2.0-or-later
component-72be,犾,犾,犾,,,,unicode-ready,unreviewed,chise-ids-ucs-basic,352e13378e411c322cfa16bfd7a6d21d670d7eca,GPL-2.0-or-later
component-72c2,狂,狂,狂,,,,unicode-ready,unreviewed,chise-ids-ucs-basic,352e13378e411c322cfa16bfd7a6d21d670d7eca,GPL-2.0-or-later
component-7312,猒,猒,猒,,,,unicode-ready,unreviewed,chise-ids-ucs-basic,352e13378e411c322cfa16bfd7a6d21d670d7eca,GPL-2.0-or-later
component-7344,獄,獄,獄,,,,unicode-ready,unreviewed,chise-ids-ucs-basic,352e13378e411c322cfa16bfd7a6d21d670d7eca,GPL-2.0-or-later
component-7384,玄,玄,玄,,,,unicode-ready,unreviewed,chise-ids-ucs-basic,352e13378e411c322cfa16bfd7a6d21d670d7eca,GPL-2.0-or-later
component-7387,率,率,率,,,,unicode-ready,unreviewed,chise-ids-ucs-basic,352e13378e411c322cfa16bfd7a6d21d670d7eca,GPL-2.0-or-later
component-7389,玉,玉,玉,,,,unicode-ready,unreviewed,chise-ids-ucs-basic,352e13378e411c322cfa16bfd7a6d21d670d7eca,GPL-2.0-or-later
component-738b,王,王,王,,,,unicode-ready,unreviewed,chise-ids-ucs-basic,352e13378e411c322cfa16bfd7a6d21d670d7eca,GPL-2.0-or-later
component-248e9,𤣩,𤣩,𤣩,,,,unicode-ready,unreviewed,chise-ids-ucs-basic,352e13378e411c322cfa16bfd7a6d21d670d7eca,GPL-2.0-or-later
component-73a8,玨,玨,玨,,,,unicode-ready,unreviewed,chise-ids-ucs-basic,352e13378e411c322cfa16bfd7a6d21d670d7eca,GPL-2.0-or-later
component-73c0,珀,珀,珀,,,,unicode-ready,unreviewed,chise-ids-ucs-basic,352e13378e411c322cfa16bfd7a6d21d670d7eca,GPL-2.0-or-later
component-74dc,瓜,瓜,瓜,,,,unicode-ready,unreviewed,chise-ids-ucs-basic,352e13378e411c322cfa16bfd7a6d21d670d7eca,GPL-2.0-or-later
component-74e6,瓦,瓦,瓦,,,,unicode-ready,unreviewed,chise-ids-ucs-basic,352e13378e411c322cfa16bfd7a6d21d670d7eca,GPL-2.0-or-later
component-7518,甘,甘,甘,,,,unicode-ready,unreviewed,chise-ids-ucs-basic,352e13378e411c322cfa16bfd7a6d21d670d7eca,GPL-2.0-or-later
component-24bba,𤮺,𤮺,𤮺,,,,unicode-ready,unreviewed,chise-ids-ucs-basic,352e13378e411c322cfa16bfd7a6d21d670d7eca,GPL-2.0-or-later
component-751a,甚,甚,甚,,,,unicode-ready,unreviewed,chise-ids-ucs-basic,352e13378e411c322cfa16bfd7a6d21d670d7eca,GPL-2.0-or-later
component-751f,生,生,生,,,,unicode-ready,unreviewed,chise-ids-ucs-basic,352e13378e411c322cfa16bfd7a6d21d670d7eca,GPL-2.0-or-later
component-7523,産,産,産,,,,unicode-ready,unreviewed,chise-ids-ucs-basic,352e13378e411c322cfa16bfd7a6d21d670d7eca,GPL-2.0-or-later
component-7528,用,用,用,,,,unicode-ready,unreviewed,chise-ids-ucs-basic,352e13378e411c322cfa16bfd7a6d21d670d7eca,GPL-2.0-or-later
component-752b,甫,甫,甫,,,,unicode-ready,unreviewed,chise-ids-ucs-basic,352e13378e411c322cfa16bfd7a6d21d670d7eca,GPL-2.0-or-later
component-752c,甬,甬,甬,,,,unicode-ready,unreviewed,chise-ids-ucs-basic,352e13378e411c322cfa16bfd7a6d21d670d7eca,GPL-2.0-or-later
component-24c07,𤰇,𤰇,𤰇,,,,unicode-ready,unreviewed,chise-ids-ucs-basic,352e13378e411c322cfa16bfd7a6d21d670d7eca,GPL-2.0-or-later
component-7530,田,田,田,,,,unicode-ready,unreviewed,chise-ids-ucs-basic,352e13378e411c322cfa16bfd7a6d21d670d7eca,GPL-2.0-or-later
component-7531,由,由,由,,,,unicode-ready,unreviewed,chise-ids-ucs-basic,352e13378e411c322cfa16bfd7a6d21d670d7eca,GPL-2.0-or-later
component-7532,甲,甲,甲,,,,unicode-ready,unreviewed,chise-ids-ucs-basic,352e13378e411c322cfa16bfd7a6d21d670d7eca,GPL-2.0-or-later
component-7533,申,申,申,,,,unicode-ready,unreviewed,chise-ids-ucs-basic,352e13378e411c322cfa16bfd7a6d21d670d7eca,GPL-2.0-or-later
component-7537,男,男,男,,,,unicode-ready,unreviewed,chise-ids-ucs-basic,352e13378e411c322cfa16bfd7a6d21d670d7eca,GPL-2.0-or-later
component-7540,畀,畀,畀,,,,unicode-ready,unreviewed,chise-ids-ucs-basic,352e13378e411c322cfa16bfd7a6d21d670d7eca,GPL-2.0-or-later
component-754f,畏,畏,畏,,,,unicode-ready,unreviewed,chise-ids-ucs-basic,352e13378e411c322cfa16bfd7a6d21d670d7eca,GPL-2.0-or-later
component-7550,畐,畐,畐,,,,unicode-ready,unreviewed,chise-ids-ucs-basic,352e13378e411c322cfa16bfd7a6d21d670d7eca,GPL-2.0-or-later
component-7559,留,留,留,,,,unicode-ready,unreviewed,chise-ids-ucs-basic,352e13378e411c322cfa16bfd7a6d21d670d7eca,GPL-2.0-or-later
component-755c,畜,畜,畜,,,,unicode-ready,unreviewed,chise-ids-ucs-basic,352e13378e411c322cfa16bfd7a6d21d670d7eca,GPL-2.0-or-later
component-7562,畢,畢,畢,,,,unicode-ready,unreviewed,chise-ids-ucs-basic,352e13378e411c322cfa16bfd7a6d21d670d7eca,GPL-2.0-or-later
component-7570,異,異,異,,,,unicode-ready,unreviewed,chise-ids-ucs-basic,352e13378e411c322cfa16bfd7a6d21d670d7eca,GPL-2.0-or-later
component-756a,番,番,番,,,,unicode-ready,unreviewed,chise-ids-ucs-basic,352e13378e411c322cfa16bfd7a6d21d670d7eca,GPL-2.0-or-later
component-756b,畫,畫,畫,,,,unicode-ready,unreviewed,chise-ids-ucs-basic,352e13378e411c322cfa16bfd7a6d21d670d7eca,GPL-2.0-or-later
component-7576,當,當,當,,,,unicode-ready,unreviewed,chise-ids-ucs-basic,352e13378e411c322cfa16bfd7a6d21d670d7eca,GPL-2.0-or-later
component-757a,畺,畺,畺,,,,unicode-ready,unreviewed,chise-ids-ucs-basic,352e13378e411c322cfa16bfd7a6d21d670d7eca,GPL-2.0-or-later
component-757e,畾,畾,畾,,,,unicode-ready,unreviewed,chise-ids-ucs-basic,352e13378e411c322cfa16bfd7a6d21d670d7eca,GPL-2.0-or-later
component-758b,疋,疋,疋,,,,unicode-ready,unreviewed,chise-ids-ucs-basic,352e13378e411c322cfa16bfd7a6d21d670d7eca,GPL-2.0-or-later
component-2eaa,⺪,⺪,⺪,,,,unicode-ready,unreviewed,chise-ids-ucs-basic,352e13378e411c322cfa16bfd7a6d21d670d7eca,GPL-2.0-or-later
component-24d13,𤴓,𤴓,𤴓,,,,unicode-ready,unreviewed,chise-ids-ucs-basic,352e13378e411c322cfa16bfd7a6d21d670d7eca,GPL-2.0-or-later
component-758c,疌,疌,疌,,,,unicode-ready,unreviewed,chise-ids-ucs-basic,352e13378e411c322cfa16bfd7a6d21d670d7eca,GPL-2.0-or-later
component-758f,疏,疏,疏,,,,unicode-ready,unreviewed,chise-ids-ucs-basic,352e13378e411c322cfa16bfd7a6d21d670d7eca,GPL-2.0-or-later
component-7591,疑,疑,疑,,,,unicode-ready,unreviewed,chise-ids-ucs-basic,352e13378e411c322cfa16bfd7a6d21d670d7eca,GPL-2.0-or-later
component-7592,疒,疒,疒,,,,unicode-ready,unreviewed,chise-ids-ucs-basic,352e13378e411c322cfa16bfd7a6d21d670d7eca,GPL-2.0-or-later
component-7676,癶,癶,癶,,,,unicode-ready,unreviewed,chise-ids-ucs-basic,352e13378e411c322cfa16bfd7a6d21d670d7eca,GPL-2.0-or-later
component-7678,癸,癸,癸,,,,unicode-ready,unreviewed,chise-ids-ucs-basic,352e13378e411c322cfa16bfd7a6d21d670d7eca,GPL-2.0-or-later
component-7679,癹,癹,癹,,,,unicode-ready,unreviewed,chise-ids-ucs-basic,352e13378e411c322cfa16bfd7a6d21d670d7eca,GPL-2.0-or-later
component-767b,登,登,登,,,,unicode-ready,unreviewed,chise-ids-ucs-basic,352e13378e411c322cfa16bfd7a6d21d670d7eca,GPL-2.0-or-later
component-767c,發,發,發,,,,unicode-ready,unreviewed,chise-ids-ucs-basic,352e13378e411c322cfa16bfd7a6d21d670d7eca,GPL-2.0-or-later
component-767d,白,白,白,,,,unicode-ready,unreviewed,chise-ids-ucs-basic,352e13378e411c322cfa16bfd7a6d21d670d7eca,GPL-2.0-or-later
component-767e,百,百,百,,,,unicode-ready,unreviewed,chise-ids-ucs-basic,352e13378e411c322cfa16bfd7a6d21d670d7eca,GPL-2.0-or-later
component-7683,皃,皃,皃,,,,unicode-ready,unreviewed,chise-ids-ucs-basic,352e13378e411c322cfa16bfd7a6d21d670d7eca,GPL-2.0-or-later
component-7686,皆,皆,皆,,,,unicode-ready,unreviewed,chise-ids-ucs-basic,352e13378e411c322cfa16bfd7a6d21d670d7eca,GPL-2.0-or-later
component-7687,皇,皇,皇,,,,unicode-ready,unreviewed,chise-ids-ucs-basic,352e13378e411c322cfa16bfd7a6d21d670d7eca,GPL-2.0-or-later
component-76ae,皮,皮,皮,,,,unicode-ready,unreviewed,chise-ids-ucs-basic,352e13378e411c322cfa16bfd7a6d21d670d7eca,GPL-2.0-or-later
component-24ffa,𤿺,𤿺,𤿺,,,,unicode-ready,unreviewed,chise-ids-ucs-basic,352e13378e411c322cfa16bfd7a6d21d670d7eca,GPL-2.0-or-later
component-76bf,皿,皿,皿,,,,unicode-ready,unreviewed,chise-ids-ucs-basic,352e13378e411c322cfa16bfd7a6d21d670d7eca,GPL-2.0-or-later
component-76ca,益,益,益,,,,unicode-ready,unreviewed,chise-ids-ucs-basic,352e13378e411c322cfa16bfd7a6d21d670d7eca,GPL-2.0-or-later
component-76cd,盍,盍,盍,,,,unicode-ready,unreviewed,chise-ids-ucs-basic,352e13378e411c322cfa16bfd7a6d21d670d7eca,GPL-2.0-or-later
component-76e1,盡,盡,盡,,,,unicode-ready,unreviewed,chise-ids-ucs-basic,352e13378e411c322cfa16bfd7a6d21d670d7eca,GPL-2.0-or-later
component-76e3,監,監,監,,,,unicode-ready,unreviewed,chise-ids-ucs-basic,352e13378e411c322cfa16bfd7a6d21d670d7eca,GPL-2.0-or-later
component-76e7,盧,盧,盧,,,,unicode-ready,unreviewed,chise-ids-ucs-basic,352e13378e411c322cfa16bfd7a6d21d670d7eca,GPL-2.0-or-later
component-76ee,目,目,目,,,,unicode-ready,unreviewed,chise-ids-ucs-basic,352e13378e411c322cfa16bfd7a6d21d670d7eca,GPL-2.0-or-later
component-2eab,⺫,⺫,⺫,,,,unicode-ready,unreviewed,chise-ids-ucs-basic,352e13378e411c322cfa16bfd7a6d21d670d7eca,GPL-2.0-or-later
component-250ed,𥃭,𥃭,𥃭,,,,unicode-ready,unreviewed,chise-ids-ucs-basic,352e13378e411c322cfa16bfd7a6d21d670d7eca,GPL-2.0-or-later
component-76f4,直,直,直,,,,unicode-ready,unreviewed,chise-ids-ucs-basic,352e13378e411c322cfa16bfd7a6d21d670d7eca,GPL-2.0-or-later
component-76f8,相,相,相,,,,unicode-ready,unreviewed,chise-ids-ucs-basic,352e13378e411c322cfa16bfd7a6d21d670d7eca,GPL-2.0-or-later
component-76fe,盾,盾,盾,,,,unicode-ready,unreviewed,chise-ids-ucs-basic,352e13378e411c322cfa16bfd7a6d21d670d7eca,GPL-2.0-or-later
component-7709,眉,眉,眉,,,,unicode-ready,unreviewed,chise-ids-ucs-basic,352e13378e411c322cfa16bfd7a6d21d670d7eca,GPL-2.0-or-later
component-771f,真,真,真,,,,unicode-ready,unreviewed,chise-ids-ucs-basic,352e13378e411c322cfa16bfd7a6d21d670d7eca,GPL-2.0-or-later
component-4020,䀠,䀠,䀠,,,,unicode-ready,unreviewed,chise-ids-ucs-basic,352e13378e411c322cfa16bfd7a6d21d670d7eca,GPL-2.0-or-later
component-7758,睘,睘,睘,,,,unicode-ready,unreviewed,chise-ids-ucs-basic,352e13378e411c322cfa16bfd7a6d21d670d7eca,GPL-2.0-or-later
component-776a,睪,睪,睪,,,,unicode-ready,unreviewed,chise-ids-ucs-basic,352e13378e411c322cfa16bfd7a6d21d670d7eca,GPL-2.0-or-later
component-77db,矛,矛,矛,,,,unicode-ready,unreviewed,chise-ids-ucs-basic,352e13378e411c322cfa16bfd7a6d21d670d7eca,GPL-2.0-or-later
component-77de,矞,矞,矞,,,,unicode-ready,unreviewed,chise-ids-ucs-basic,352e13378e411c322cfa16bfd7a6d21d670d7eca,GPL-2.0-or-later
component-77e2,矢,矢,矢,,,,unicode-ready,unreviewed,chise-ids-ucs-basic,352e13378e411c322cfa16bfd7a6d21d670d7eca,GPL-2.0-or-later
component-77e3,矣,矣,矣,,,,unicode-ready,unreviewed,chise-ids-ucs-basic,352e13378e411c322cfa16bfd7a6d21d670d7eca,GPL-2.0-or-later
component-77e5,知,知,知,,,,unicode-ready,unreviewed,chise-ids-ucs-basic,352e13378e411c322cfa16bfd7a6d21d670d7eca,GPL-2.0-or-later
component-77f3,石,石,石,,,,unicode-ready,unreviewed,chise-ids-ucs-basic,352e13378e411c322cfa16bfd7a6d21d670d7eca,GPL-2.0-or-later
component-78e8,磨,磨,磨,,,,unicode-ready,unreviewed,chise-ids-ucs-basic,352e13378e411c322cfa16bfd7a6d21d670d7eca,GPL-2.0-or-later
component-793a,示,示,示,,,,unicode-ready,unreviewed,chise-ids-ucs-basic,352e13378e411c322cfa16bfd7a6d21d670d7eca,GPL-2.0-or-later
component-7968,票,票,票,,,,unicode-ready,unreviewed,chise-ids-ucs-basic,352e13378e411c322cfa16bfd7a6d21d670d7eca,GPL-2.0-or-later
component-796d,祭,祭,祭,,,,unicode-ready,unreviewed,chise-ids-ucs-basic,352e13378e411c322cfa16bfd7a6d21d670d7eca,GPL-2.0-or-later
component-7981,禁,禁,禁,,,,unicode-ready,unreviewed,chise-ids-ucs-basic,352e13378e411c322cfa16bfd7a6d21d670d7eca,GPL-2.0-or-later
component-79ba,禺,禺,禺,,,,unicode-ready,unreviewed,chise-ids-ucs-basic,352e13378e411c322cfa16bfd7a6d21d670d7eca,GPL-2.0-or-later
component-79bb,离,离,离,,,,unicode-ready,unreviewed,chise-ids-ucs-basic,352e13378e411c322cfa16bfd7a6d21d670d7eca,GPL-2.0-or-later
component-79bd,禽,禽,禽,,,,unicode-ready,unreviewed,chise-ids-ucs-basic,352e13378e411c322cfa16bfd7a6d21d670d7eca,GPL-2.0-or-later
component-842c,萬,萬,萬,,,,unicode-ready,unreviewed,chise-ids-ucs-basic,352e13378e411c322cfa16bfd7a6d21d670d7eca,GPL-2.0-or-later
component-79be,禾,禾,禾,,,,unicode-ready,unreviewed,chise-ids-ucs-basic,352e13378e411c322cfa16bfd7a6d21d670d7eca,GPL-2.0-or-later
component-79c0,秀,秀,秀,,,,unicode-ready,unreviewed,chise-ids-ucs-basic,352e13378e411c322cfa16bfd7a6d21d670d7eca,GPL-2.0-or-later
component-79c9,秉,秉,秉,,,,unicode-ready,unreviewed,chise-ids-ucs-basic,352e13378e411c322cfa16bfd7a6d21d670d7eca,GPL-2.0-or-later
component-79cb,秋,秋,秋,,,,unicode-ready,unreviewed,chise-ids-ucs-basic,352e13378e411c322cfa16bfd7a6d21d670d7eca,GPL-2.0-or-later
component-79d1,科,科,科,,,,unicode-ready,unreviewed,chise-ids-ucs-basic,352e13378e411c322cfa16bfd7a6d21d670d7eca,GPL-2.0-or-later
component-7a4c,穌,穌,穌,,,,unicode-ready,unreviewed,chise-ids-ucs-basic,352e13378e411c322cfa16bfd7a6d21d670d7eca,GPL-2.0-or-later
component-7a74,穴,穴,穴,,,,unicode-ready,unreviewed,chise-ids-ucs-basic,352e13378e411c322cfa16bfd7a6d21d670d7eca,GPL-2.0-or-later
component-7a75,穵,穵,穵,,,,unicode-ready,unreviewed,chise-ids-ucs-basic,352e13378e411c322cfa16bfd7a6d21d670d7eca,GPL-2.0-or-later
component-7a7a,空,空,空,,,,unicode-ready,unreviewed,chise-ids-ucs-basic,352e13378e411c322cfa16bfd7a6d21d670d7eca,GPL-2.0-or-later
component-7a84,窄,窄,窄,,,,unicode-ready,unreviewed,chise-ids-ucs-basic,352e13378e411c322cfa16bfd7a6d21d670d7eca,GPL-2.0-or-later
component-7acb,立,立,立,,,,unicode-ready,unreviewed,chise-ids-ucs-basic,352e13378e411c322cfa16bfd7a6d21d670d7eca,GPL-2.0-or-later
component-7ade,竞,竞,竞,,,,unicode-ready,unreviewed,chise-ids-ucs-basic,352e13378e411c322cfa16bfd7a6d21d670d7eca,GPL-2.0-or-later
component-7ae5,童,童,童,,,,unicode-ready,unreviewed,chise-ids-ucs-basic,352e13378e411c322cfa16bfd7a6d21d670d7eca,GPL-2.0-or-later
component-7af9,竹,竹,竹,,,,unicode-ready,unreviewed,chise-ids-ucs-basic,352e13378e411c322cfa16bfd7a6d21d670d7eca,GPL-2.0-or-later
component-7b51,筑,筑,筑,,,,unicode-ready,unreviewed,chise-ids-ucs-basic,352e13378e411c322cfa16bfd7a6d21d670d7eca,GPL-2.0-or-later
component-7c73,米,米,米,,,,unicode-ready,unreviewed,chise-ids-ucs-basic,352e13378e411c322cfa16bfd7a6d21d670d7eca,GPL-2.0-or-later
component-7c7b,类,类,类,,,,unicode-ready,unreviewed,chise-ids-ucs-basic,352e13378e411c322cfa16bfd7a6d21d670d7eca,GPL-2.0-or-later
component-25e2d,𥸭,𥸭,𥸭,,,,unicode-ready,unreviewed,chise-ids-ucs-basic,352e13378e411c322cfa16bfd7a6d21d670d7eca,GPL-2.0-or-later
component-7ca6,粦,粦,粦,,,,unicode-ready,unreviewed,chise-ids-ucs-basic,352e13378e411c322cfa16bfd7a6d21d670d7eca,GPL-2.0-or-later
component-7cb2,粲,粲,粲,,,,unicode-ready,unreviewed,chise-ids-ucs-basic,352e13378e411c322cfa16bfd7a6d21d670d7eca,GPL-2.0-or-later
component-7cf8,糸,糸,糸,,,,unicode-ready,unreviewed,chise-ids-ucs-basic,352e13378e411c322cfa16bfd7a6d21d670d7eca,GPL-2.0-or-later
component-7cfb,系,系,系,,,,unicode-ready,unreviewed,chise-ids-ucs-basic,352e13378e411c322cfa16bfd7a6d21d670d7eca,GPL-2.0-or-later
component-7d04,約,約,約,,,,unicode-ready,unreviewed,chise-ids-ucs-basic,352e13378e411c322cfa16bfd7a6d21d670d7eca,GPL-2.0-or-later
component-7d22,索,索,索,,,,unicode-ready,unreviewed,chise-ids-ucs-basic,352e13378e411c322cfa16bfd7a6d21d670d7eca,GPL-2.0-or-later
component-7d2f,累,累,累,,,,unicode-ready,unreviewed,chise-ids-ucs-basic,352e13378e411c322cfa16bfd7a6d21d670d7eca,GPL-2.0-or-later
component-7d5c,絜,絜,絜,,,,unicode-ready,unreviewed,chise-ids-ucs-basic,352e13378e411c322cfa16bfd7a6d21d670d7eca,GPL-2.0-or-later
component-7dad,維,維,維,,,,unicode-ready,unreviewed,chise-ids-ucs-basic,352e13378e411c322cfa16bfd7a6d21d670d7eca,GPL-2.0-or-later
component-7e23,縣,縣,縣,,,,unicode-ready,unreviewed,chise-ids-ucs-basic,352e13378e411c322cfa16bfd7a6d21d670d7eca,GPL-2.0-or-later
component-7f36,缶,缶,缶,,,,unicode-ready,unreviewed,chise-ids-ucs-basic,352e13378e411c322cfa16bfd7a6d21d670d7eca,GPL-2.0-or-later
component-26222,𦈢,𦈢,𦈢,,,,unicode-ready,unreviewed,chise-ids-ucs-basic,352e13378e411c322cfa16bfd7a6d21d670d7eca,GPL-2.0-or-later
component-7f52,罒,罒,罒,,,,unicode-ready,unreviewed,chise-ids-ucs-basic,352e13378e411c322cfa16bfd7a6d21d670d7eca,GPL-2.0-or-later
component-2eb3,⺳,⺳,⺳,,,,unicode-ready,unreviewed,chise-ids-ucs-basic,352e13378e411c322cfa16bfd7a6d21d670d7eca,GPL-2.0-or-later
component-26276,𦉶,𦉶,𦉶,,,,unicode-ready,unreviewed,chise-ids-ucs-basic,352e13378e411c322cfa16bfd7a6d21d670d7eca,GPL-2.0-or-later
component-7f54,罔,罔,罔,,,,unicode-ready,unreviewed,chise-ids-ucs-basic,352e13378e411c322cfa16bfd7a6d21d670d7eca,GPL-2.0-or-later
component-7f59,罙,罙,罙,,,,unicode-ready,unreviewed,chise-ids-ucs-basic,352e13378e411c322cfa16bfd7a6d21d670d7eca,GPL-2.0-or-later
component-2c659,𬙙,𬙙,𬙙,,,,unicode-ready,unreviewed,chise-ids-ucs-basic,352e13378e411c322cfa16bfd7a6d21d670d7eca,GPL-2.0-or-later
component-7f72,署,署,署,,,,unicode-ready,unreviewed,chise-ids-ucs-basic,352e13378e411c322cfa16bfd7a6d21d670d7eca,GPL-2.0-or-later
component-7f77,罷,罷,罷,,,,unicode-ready,unreviewed,chise-ids-ucs-basic,352e13378e411c322cfa16bfd7a6d21d670d7eca,GPL-2.0-or-later
component-7f85,羅,羅,羅,,,,unicode-ready,unreviewed,chise-ids-ucs-basic,352e13378e411c322cfa16bfd7a6d21d670d7eca,GPL-2.0-or-later
component-7f8a,羊,羊,羊,,,,unicode-ready,unreviewed,chise-ids-ucs-basic,352e13378e411c322cfa16bfd7a6d21d670d7eca,GPL-2.0-or-later
component-2eb6,⺶,⺶,⺶,,,,unicode-ready,unreviewed,chise-ids-ucs-basic,352e13378e411c322cfa16bfd7a6d21d670d7eca,GPL-2.0-or-later
component-2634c,𦍌,𦍌,𦍌,,,,unicode-ready,unreviewed,chise-ids-ucs-basic,352e13378e411c322cfa16bfd7a6d21d670d7eca,GPL-2.0-or-later
component-26352,𦍒,𦍒,𦍒,,,,unicode-ready,unreviewed,chise-ids-ucs-basic,352e13378e411c322cfa16bfd7a6d21d670d7eca,GPL-2.0-or-later
component-7f94,羔,羔,羔,,,,unicode-ready,unreviewed,chise-ids-ucs-basic,352e13378e411c322cfa16bfd7a6d21d670d7eca,GPL-2.0-or-later
component-7f95,羕,羕,羕,,,,unicode-ready,unreviewed,chise-ids-ucs-basic,352e13378e411c322cfa16bfd7a6d21d670d7eca,GPL-2.0-or-later
component-7fa9,義,義,義,,,,unicode-ready,unreviewed,chise-ids-ucs-basic,352e13378e411c322cfa16bfd7a6d21d670d7eca,GPL-2.0-or-later
component-7fb2,羲,羲,羲,,,,unicode-ready,unreviewed,chise-ids-ucs-basic,352e13378e411c322cfa16bfd7a6d21d670d7eca,GPL-2.0-or-later
component-7fbd,羽,羽,羽,,,,unicode-ready,unreviewed,chise-ids-ucs-basic,352e13378e411c322cfa16bfd7a6d21d670d7eca,GPL-2.0-or-later
component-7fc1,翁,翁,翁,,,,unicode-ready,unreviewed,chise-ids-ucs-basic,352e13378e411c322cfa16bfd7a6d21d670d7eca,GPL-2.0-or-later
component-26407,𦐇,𦐇,𦐇,,,,unicode-ready,unreviewed,chise-ids-ucs-basic,352e13378e411c322cfa16bfd7a6d21d670d7eca,GPL-2.0-or-later
component-7fcf,翏,翏,翏,,,,unicode-ready,unreviewed,chise-ids-ucs-basic,352e13378e411c322cfa16bfd7a6d21d670d7eca,GPL-2.0-or-later
component-7fdf,翟,翟,翟,,,,unicode-ready,unreviewed,chise-ids-ucs-basic,352e13378e411c322cfa16bfd7a6d21d670d7eca,GPL-2.0-or-later
component-8001,老,老,老,,,,unicode-ready,unreviewed,chise-ids-ucs-basic,352e13378e411c322cfa16bfd7a6d21d670d7eca,GPL-2.0-or-later
component-8002,耂,耂,耂,,,,unicode-ready,unreviewed,chise-ids-ucs-basic,352e13378e411c322cfa16bfd7a6d21d670d7eca,GPL-2.0-or-later
component-8003,考,考,考,,,,unicode-ready,unreviewed,chise-ids-ucs-basic,352e13378e411c322cfa16bfd7a6d21d670d7eca,GPL-2.0-or-later
component-8005,者,者,者,,,,unicode-ready,unreviewed,chise-ids-ucs-basic,352e13378e411c322cfa16bfd7a6d21d670d7eca,GPL-2.0-or-later
component-800c,而,而,而,,,,unicode-ready,unreviewed,chise-ids-ucs-basic,352e13378e411c322cfa16bfd7a6d21d670d7eca,GPL-2.0-or-later
component-8011,耑,耑,耑,,,,unicode-ready,unreviewed,chise-ids-ucs-basic,352e13378e411c322cfa16bfd7a6d21d670d7eca,GPL-2.0-or-later
component-8012,耒,耒,耒,,,,unicode-ready,unreviewed,chise-ids-ucs-basic,352e13378e411c322cfa16bfd7a6d21d670d7eca,GPL-2.0-or-later
component-8024,耤,耤,耤,,,,unicode-ready,unreviewed,chise-ids-ucs-basic,352e13378e411c322cfa16bfd7a6d21d670d7eca,GPL-2.0-or-later
component-8033,耳,耳,耳,,,,unicode-ready,unreviewed,chise-ids-ucs-basic,352e13378e411c322cfa16bfd7a6d21d670d7eca,GPL-2.0-or-later
component-8036,耶,耶,耶,,,,unicode-ready,unreviewed,chise-ids-ucs-basic,352e13378e411c322cfa16bfd7a6d21d670d7eca,GPL-2.0-or-later
component-8051,聑,聑,聑,,,,unicode-ready,unreviewed,chise-ids-ucs-basic,352e13378e411c322cfa16bfd7a6d21d670d7eca,GPL-2.0-or-later
component-805a,聚,聚,聚,,,,unicode-ready,unreviewed,chise-ids-ucs-basic,352e13378e411c322cfa16bfd7a6d21d670d7eca,GPL-2.0-or-later
component-8076,聶,聶,聶,,,,unicode-ready,unreviewed,chise-ids-ucs-basic,352e13378e411c322cfa16bfd7a6d21d670d7eca,GPL-2.0-or-later
component-807d,聽,聽,聽,,,,unicode-ready,unreviewed,chise-ids-ucs-basic,352e13378e411c322cfa16bfd7a6d21d670d7eca,GPL-2.0-or-later
component-807f,聿,聿,聿,,,,unicode-ready,unreviewed,chise-ids-ucs-basic,352e13378e411c322cfa16bfd7a6d21d670d7eca,GPL-2.0-or-later
component-8080,肀,肀,肀,,,,unicode-ready,unreviewed,chise-ids-ucs-basic,352e13378e411c322cfa16bfd7a6d21d670d7eca,GPL-2.0-or-later
component-8085,肅,肅,肅,,,,unicode-ready,unreviewed,chise-ids-ucs-basic,352e13378e411c322cfa16bfd7a6d21d670d7eca,GPL-2.0-or-later
component-8089,肉,肉,肉,,,,unicode-ready,unreviewed,chise-ids-ucs-basic,352e13378e411c322cfa16bfd7a6d21d670d7eca,GPL-2.0-or-later
component-2ebc,⺼,⺼,⺼,,,,unicode-ready,unreviewed,chise-ids-ucs-basic,352e13378e411c322cfa16bfd7a6d21d670d7eca,GPL-2.0-or-later
component-808b,肋,肋,肋,,,,unicode-ready,unreviewed,chise-ids-ucs-basic,352e13378e411c322cfa16bfd7a6d21d670d7eca,GPL-2.0-or-later
component-43cd,䏍,䏍,䏍,,,,unicode-ready,unreviewed,chise-ids-ucs-basic,352e13378e411c322cfa16bfd7a6d21d670d7eca,GPL-2.0-or-later
component-8096,肖,肖,肖,,,,unicode-ready,unreviewed,chise-ids-ucs-basic,352e13378e411c322cfa16bfd7a6d21d670d7eca,GPL-2.0-or-later
component-8099,肙,肙,肙,,,,unicode-ready,unreviewed,chise-ids-ucs-basic,352e13378e411c322cfa16bfd7a6d21d670d7eca,GPL-2.0-or-later
component-80b2,育,育,育,,,,unicode-ready,unreviewed,chise-ids-ucs-basic,352e13378e411c322cfa16bfd7a6d21d670d7eca,GPL-2.0-or-later
component-80c3,胃,胃,胃,,,,unicode-ready,unreviewed,chise-ids-ucs-basic,352e13378e411c322cfa16bfd7a6d21d670d7eca,GPL-2.0-or-later
component-80e1,胡,胡,胡,,,,unicode-ready,unreviewed,chise-ids-ucs-basic,352e13378e411c322cfa16bfd7a6d21d670d7eca,GPL-2.0-or-later
component-80fd,能,能,能,,,,unicode-ready,unreviewed,chise-ids-ucs-basic,352e13378e411c322cfa16bfd7a6d21d670d7eca,GPL-2.0-or-later
component-30ba4,𰮤,𰮤,𰮤,,,,unicode-ready,unreviewed,chise-ids-ucs-basic,352e13378e411c322cfa16bfd7a6d21d670d7eca,GPL-2.0-or-later
component-81e3,臣,臣,臣,,,,unicode-ready,unreviewed,chise-ids-ucs-basic,352e13378e411c322cfa16bfd7a6d21d670d7eca,GPL-2.0-or-later
component-81e4,臤,臤,臤,,,,unicode-ready,unreviewed,chise-ids-ucs-basic,352e13378e411c322cfa16bfd7a6d21d670d7eca,GPL-2.0-or-later
component-81e7,臧,臧,臧,,,,unicode-ready,unreviewed,chise-ids-ucs-basic,352e13378e411c322cfa16bfd7a6d21d670d7eca,GPL-2.0-or-later
component-81ea,自,自,自,,,,unicode-ready,unreviewed,chise-ids-ucs-basic,352e13378e411c322cfa16bfd7a6d21d670d7eca,GPL-2.0-or-later
component-268fb,𦣻,𦣻,𦣻,,,,unicode-ready,unreviewed,chise-ids-ucs-basic,352e13378e411c322cfa16bfd7a6d21d670d7eca,GPL-2.0-or-later
component-81ed,臭,臭,臭,,,,unicode-ready,unreviewed,chise-ids-ucs-basic,352e13378e411c322cfa16bfd7a6d21d670d7eca,GPL-2.0-or-later
component-81f1,臱,臱,臱,,,,unicode-ready,unreviewed,chise-ids-ucs-basic,352e13378e411c322cfa16bfd7a6d21d670d7eca,GPL-2.0-or-later
component-81f3,至,至,至,,,,unicode-ready,unreviewed,chise-ids-ucs-basic,352e13378e411c322cfa16bfd7a6d21d670d7eca,GPL-2.0-or-later
component-81f4,致,致,致,,,,unicode-ready,unreviewed,chise-ids-ucs-basic,352e13378e411c322cfa16bfd7a6d21d670d7eca,GPL-2.0-or-later
component-81fc,臼,臼,臼,,,,unicode-ready,unreviewed,chise-ids-ucs-basic,352e13378e411c322cfa16bfd7a6d21d670d7eca,GPL-2.0-or-later
component-81fd,臽,臽,臽,,,,unicode-ready,unreviewed,chise-ids-ucs-basic,352e13378e411c322cfa16bfd7a6d21d670d7eca,GPL-2.0-or-later
component-81ff,臿,臿,臿,,,,unicode-ready,unreviewed,chise-ids-ucs-basic,352e13378e411c322cfa16bfd7a6d21d670d7eca,GPL-2.0-or-later
component-8200,舀,舀,舀,,,,unicode-ready,unreviewed,chise-ids-ucs-basic,352e13378e411c322cfa16bfd7a6d21d670d7eca,GPL-2.0-or-later
component-8202,舂,舂,舂,,,,unicode-ready,unreviewed,chise-ids-ucs-basic,352e13378e411c322cfa16bfd7a6d21d670d7eca,GPL-2.0-or-later
component-8204,舄,舄,舄,,,,unicode-ready,unreviewed,chise-ids-ucs-basic,352e13378e411c322cfa16bfd7a6d21d670d7eca,GPL-2.0-or-later
component-2696f,𦥯,𦥯,𦥯,,,,unicode-ready,unreviewed,chise-ids-ucs-basic,352e13378e411c322cfa16bfd7a6d21d670d7eca,GPL-2.0-or-later
component-8207,與,與,與,,,,unicode-ready,unreviewed,chise-ids-ucs-basic,352e13378e411c322cfa16bfd7a6d21d670d7eca,GPL-2.0-or-later
component-820c,舌,舌,舌,,,,unicode-ready,unreviewed,chise-ids-ucs-basic,352e13378e411c322cfa16bfd7a6d21d670d7eca,GPL-2.0-or-later
component-820d,舍,舍,舍,,,,unicode-ready,unreviewed,chise-ids-ucs-basic,352e13378e411c322cfa16bfd7a6d21d670d7eca,GPL-2.0-or-later
component-821b,舛,舛,舛,,,,unicode-ready,unreviewed,chise-ids-ucs-basic,352e13378e411c322cfa16bfd7a6d21d670d7eca,GPL-2.0-or-later
component-821c,舜,舜,舜,,,,unicode-ready,unreviewed,chise-ids-ucs-basic,352e13378e411c322cfa16bfd7a6d21d670d7eca,GPL-2.0-or-later
component-821f,舟,舟,舟,,,,unicode-ready,unreviewed,chise-ids-ucs-basic,352e13378e411c322cfa16bfd7a6d21d670d7eca,GPL-2.0-or-later
component-822c,般,般,般,,,,unicode-ready,unreviewed,chise-ids-ucs-basic,352e13378e411c322cfa16bfd7a6d21d670d7eca,GPL-2.0-or-later
component-826e,艮,艮,艮,,,,unicode-ready,unreviewed,chise-ids-ucs-basic,352e13378e411c322cfa16bfd7a6d21d670d7eca,GPL-2.0-or-later
component-826f,良,良,良,,,,unicode-ready,unreviewed,chise-ids-ucs-basic,352e13378e411c322cfa16bfd7a6d21d670d7eca,GPL-2.0-or-later
component-8272,色,色,色,,,,unicode-ready,unreviewed,chise-ids-ucs-basic,352e13378e411c322cfa16bfd7a6d21d670d7eca,GPL-2.0-or-later
component-8279,艹,艹,艹,,,,unicode-ready,unreviewed,chise-ids-ucs-basic,352e13378e411c322cfa16bfd7a6d21d670d7eca,GPL-2.0-or-later
component-4491,䒑,䒑,䒑,,,,unicode-ready,unreviewed,chise-ids-ucs-basic,352e13378e411c322cfa16bfd7a6d21d670d7eca,GPL-2.0-or-later
component-9fb7,龷,龷,龷,,,,unicode-ready,unreviewed,chise-ids-ucs-basic,352e13378e411c322cfa16bfd7a6d21d670d7eca,GPL-2.0-or-later
component-827e,艾,艾,艾,,,,unicode-ready,unreviewed,chise-ids-ucs-basic,352e13378e411c322cfa16bfd7a6d21d670d7eca,GPL-2.0-or-later
component-82bb,芻,芻,芻,,,,unicode-ready,unreviewed,chise-ids-ucs-basic,352e13378e411c322cfa16bfd7a6d21d670d7eca,GPL-2.0-or-later
component-82d7,苗,苗,苗,,,,unicode-ready,unreviewed,chise-ids-ucs-basic,352e13378e411c322cfa16bfd7a6d21d670d7eca,GPL-2.0-or-later
component-82df,苟,苟,苟,,,,unicode-ready,unreviewed,chise-ids-ucs-basic,352e13378e411c322cfa16bfd7a6d21d670d7eca,GPL-2.0-or-later
component-82e5,若,若,若,,,,unicode-ready,unreviewed,chise-ids-ucs-basic,352e13378e411c322cfa16bfd7a6d21d670d7eca,GPL-2.0-or-later
component-26b5d,𦭝,𦭝,𦭝,,,,unicode-ready,unreviewed,chise-ids-ucs-basic,352e13378e411c322cfa16bfd7a6d21d670d7eca,GPL-2.0-or-later
component-8345,荅,荅,荅,,,,unicode-ready,unreviewed,chise-ids-ucs-basic,352e13378e411c322cfa16bfd7a6d21d670d7eca,GPL-2.0-or-later
component-8352,荒,荒,荒,,,,unicode-ready,unreviewed,chise-ids-ucs-basic,352e13378e411c322cfa16bfd7a6d21d670d7eca,GPL-2.0-or-later
component-83ab,莫,莫,莫,,,,unicode-ready,unreviewed,chise-ids-ucs-basic,352e13378e411c322cfa16bfd7a6d21d670d7eca,GPL-2.0-or-later
component-26c29,𦰩,𦰩,𦰩,,,,unicode-ready,unreviewed,chise-ids-ucs-basic,352e13378e411c322cfa16bfd7a6d21d670d7eca,GPL-2.0-or-later
component-83d0,菐,菐,菐,,,,unicode-ready,unreviewed,chise-ids-ucs-basic,352e13378e411c322cfa16bfd7a6d21d670d7eca,GPL-2.0-or-later
component-83ef,華,華,華,,,,unicode-ready,unreviewed,chise-ids-ucs-basic,352e13378e411c322cfa16bfd7a6d21d670d7eca,GPL-2.0-or-later
component-8408,萈,萈,萈,,,,unicode-ready,unreviewed,chise-ids-ucs-basic,352e13378e411c322cfa16bfd7a6d21d670d7eca,GPL-2.0-or-later
component-8463,董,董,董,,,,unicode-ready,unreviewed,chise-ids-ucs-basic,352e13378e411c322cfa16bfd7a6d21d670d7eca,GPL-2.0-or-later
component-846c,葬,葬,葬,,,,unicode-ready,unreviewed,chise-ids-ucs-basic,352e13378e411c322cfa16bfd7a6d21d670d7eca,GPL-2.0-or-later
component-8499,蒙,蒙,蒙,,,,unicode-ready,unreviewed,chise-ids-ucs-basic,352e13378e411c322cfa16bfd7a6d21d670d7eca,GPL-2.0-or-later
component-84a6,蒦,蒦,蒦,,,,unicode-ready,unreviewed,chise-ids-ucs-basic,352e13378e411c322cfa16bfd7a6d21d670d7eca,GPL-2.0-or-later
component-84fa,蓺,蓺,蓺,,,,unicode-ready,unreviewed,chise-ids-ucs-basic,352e13378e411c322cfa16bfd7a6d21d670d7eca,GPL-2.0-or-later
component-8511,蔑,蔑,蔑,,,,unicode-ready,unreviewed,chise-ids-ucs-basic,352e13378e411c322cfa16bfd7a6d21d670d7eca,GPL-2.0-or-later
component-85cf,藏,藏,藏,,,,unicode-ready,unreviewed,chise-ids-ucs-basic,352e13378e411c322cfa16bfd7a6d21d670d7eca,GPL-2.0-or-later
component-864d,虍,虍,虍,,,,unicode-ready,unreviewed,chise-ids-ucs-basic,352e13378e411c322cfa16bfd7a6d21d670d7eca,GPL-2.0-or-later
component-864e,虎,虎,虎,,,,unicode-ready,unreviewed,chise-ids-ucs-basic,352e13378e411c322cfa16bfd7a6d21d670d7eca,GPL-2.0-or-later
component-271a8,𧆨,𧆨,𧆨,,,,unicode-ready,unreviewed,chise-ids-ucs-basic,352e13378e411c322cfa16bfd7a6d21d670d7eca,GPL-2.0-or-later
component-865b,虛,虛,虛,,,,unicode-ready,unreviewed,chise-ids-ucs-basic,352e13378e411c322cfa16bfd7a6d21d670d7eca,GPL-2.0-or-later
component-4592,䖒,䖒,䖒,,,,unicode-ready,unreviewed,chise-ids-ucs-basic,352e13378e411c322cfa16bfd7a6d21d670d7eca,GPL-2.0-or-later
component-866b,虫,虫,虫,,,,unicode-ready,unreviewed,chise-ids-ucs-basic,352e13378e411c322cfa16bfd7a6d21d670d7eca,GPL-2.0-or-later
component-27227,𧈧,𧈧,𧈧,,,,unicode-ready,unreviewed,chise-ids-ucs-basic,352e13378e411c322cfa16bfd7a6d21d670d7eca,GPL-2.0-or-later
component-867d,虽,虽,虽,,,,unicode-ready,unreviewed,chise-ids-ucs-basic,352e13378e411c322cfa16bfd7a6d21d670d7eca,GPL-2.0-or-later
component-86a4,蚤,蚤,蚤,,,,unicode-ready,unreviewed,chise-ids-ucs-basic,352e13378e411c322cfa16bfd7a6d21d670d7eca,GPL-2.0-or-later
component-45b5,䖵,䖵,䖵,,,,unicode-ready,unreviewed,chise-ids-ucs-basic,352e13378e411c322cfa16bfd7a6d21d670d7eca,GPL-2.0-or-later
component-8700,蜀,蜀,蜀,,,,unicode-ready,unreviewed,chise-ids-ucs-basic,352e13378e411c322cfa16bfd7a6d21d670d7eca,GPL-2.0-or-later
component-884c,行,行,行,,,,unicode-ready,unreviewed,chise-ids-ucs-basic,352e13378e411c322cfa16bfd7a6d21d670d7eca,GPL-2.0-or-later
component-8863,衣,衣,衣,,,,unicode-ready,unreviewed,chise-ids-ucs-basic,352e13378e411c322cfa16bfd7a6d21d670d7eca,GPL-2.0-or-later
component-8864,衤,衤,衤,,,,unicode-ready,unreviewed,chise-ids-ucs-basic,352e13378e411c322cfa16bfd7a6d21d670d7eca,GPL-2.0-or-later
component-27607,𧘇,𧘇,𧘇,,,,unicode-ready,unreviewed,chise-ids-ucs-basic,352e13378e411c322cfa16bfd7a6d21d670d7eca,GPL-2.0-or-later
component-8868,表,表,表,,,,unicode-ready,unreviewed,chise-ids-ucs-basic,352e13378e411c322cfa16bfd7a6d21d670d7eca,GPL-2.0-or-later
component-8881,袁,袁,袁,,,,unicode-ready,unreviewed,chise-ids-ucs-basic,352e13378e411c322cfa16bfd7a6d21d670d7eca,GPL-2.0-or-later
component-889e,袞,袞,袞,,,,unicode-ready,unreviewed,chise-ids-ucs-basic,352e13378e411c322cfa16bfd7a6d21d670d7eca,GPL-2.0-or-later
component-8931,褱,褱,褱,,,,unicode-ready,unreviewed,chise-ids-ucs-basic,352e13378e411c322cfa16bfd7a6d21d670d7eca,GPL-2.0-or-later
component-8944,襄,襄,襄,,,,unicode-ready,unreviewed,chise-ids-ucs-basic,352e13378e411c322cfa16bfd7a6d21d670d7eca,GPL-2.0-or-later
component-897f,西,西,西,,,,unicode-ready,unreviewed,chise-ids-ucs-basic,352e13378e411c322cfa16bfd7a6d21d670d7eca,GPL-2.0-or-later
component-8980,覀,覀,覀,,,,unicode-ready,unreviewed,chise-ids-ucs-basic,352e13378e411c322cfa16bfd7a6d21d670d7eca,GPL-2.0-or-later
component-2ec3,⻃,⻃,⻃,,,,unicode-ready,unreviewed,chise-ids-ucs-basic,352e13378e411c322cfa16bfd7a6d21d670d7eca,GPL-2.0-or-later
component-8981,要,要,要,,,,unicode-ready,unreviewed,chise-ids-ucs-basic,352e13378e411c322cfa16bfd7a6d21d670d7eca,GPL-2.0-or-later
component-8983,覃,覃,覃,,,,unicode-ready,unreviewed,chise-ids-ucs-basic,352e13378e411c322cfa16bfd7a6d21d670d7eca,GPL-2.0-or-later
component-898b,見,見,見,,,,unicode-ready,unreviewed,chise-ids-ucs-basic,352e13378e411c322cfa16bfd7a6d21d670d7eca,GPL-2.0-or-later
component-89aa,親,親,親,,,,unicode-ready,unreviewed,chise-ids-ucs-basic,352e13378e411c322cfa16bfd7a6d21d670d7eca,GPL-2.0-or-later
component-89ba,覺,覺,覺,,,,unicode-ready,unreviewed,chise-ids-ucs-basic,352e13378e411c322cfa16bfd7a6d21d670d7eca,GPL-2.0-or-later
component-89bd,覽,覽,覽,,,,unicode-ready,unreviewed,chise-ids-ucs-basic,352e13378e411c322cfa16bfd7a6d21d670d7eca,GPL-2.0-or-later
component-89d2,角,角,角,,,,unicode-ready,unreviewed,chise-ids-ucs-basic,352e13378e411c322cfa16bfd7a6d21d670d7eca,GPL-2.0-or-later
component-278c8,𧣈,𧣈,𧣈,,,,unicode-ready,unreviewed,chise-ids-ucs-basic,352e13378e411c322cfa16bfd7a6d21d670d7eca,GPL-2.0-or-later
component-89dc,觜,觜,觜,,,,unicode-ready,unreviewed,chise-ids-ucs-basic,352e13378e411c322cfa16bfd7a6d21d670d7eca,GPL-2.0-or-later
component-89e3,解,解,解,,,,unicode-ready,unreviewed,chise-ids-ucs-basic,352e13378e411c322cfa16bfd7a6d21d670d7eca,GPL-2.0-or-later
component-8a00,言,言,言,,,,unicode-ready,unreviewed,chise-ids-ucs-basic,352e13378e411c322cfa16bfd7a6d21d670d7eca,GPL-2.0-or-later
component-46af,䚯,䚯,䚯,,,,unicode-ready,unreviewed,chise-ids-ucs-basic,352e13378e411c322cfa16bfd7a6d21d670d7eca,GPL-2.0-or-later
component-8a79,詹,詹,詹,,,,unicode-ready,unreviewed,chise-ids-ucs-basic,352e13378e411c322cfa16bfd7a6d21d670d7eca,GPL-2.0-or-later
component-8af8,諸,諸,諸,,,,unicode-ready,unreviewed,chise-ids-ucs-basic,352e13378e411c322cfa16bfd7a6d21d670d7eca,GPL-2.0-or-later
component-8b01,謁,謁,謁,,,,unicode-ready,unreviewed,chise-ids-ucs-basic,352e13378e411c322cfa16bfd7a6d21d670d7eca,GPL-2.0-or-later
component-470c,䜌,䜌,䜌,,,,unicode-ready,unreviewed,chise-ids-ucs-basic,352e13378e411c322cfa16bfd7a6d21d670d7eca,GPL-2.0-or-later
component-8c37,谷,谷,谷,,,,unicode-ready,unreviewed,chise-ids-ucs-basic,352e13378e411c322cfa16bfd7a6d21d670d7eca,GPL-2.0-or-later
component-8c46,豆,豆,豆,,,,unicode-ready,unreviewed,chise-ids-ucs-basic,352e13378e411c322cfa16bfd7a6d21d670d7eca,GPL-2.0-or-later
component-8c48,豈,豈,豈,,,,unicode-ready,unreviewed,chise-ids-ucs-basic,352e13378e411c322cfa16bfd7a6d21d670d7eca,GPL-2.0-or-later
component-8c4a,豊,豊,豊,,,,unicode-ready,unreviewed,chise-ids-ucs-basic,352e13378e411c322cfa16bfd7a6d21d670d7eca,GPL-2.0-or-later
component-8c50,豐,豐,豐,,,,unicode-ready,unreviewed,chise-ids-ucs-basic,352e13378e411c322cfa16bfd7a6d21d670d7eca,GPL-2.0-or-later
component-8c55,豕,豕,豕,,,,unicode-ready,unreviewed,chise-ids-ucs-basic,352e13378e411c322cfa16bfd7a6d21d670d7eca,GPL-2.0-or-later
component-27c28,𧰨,𧰨,𧰨,,,,unicode-ready,unreviewed,chise-ids-ucs-basic,352e13378e411c322cfa16bfd7a6d21d670d7eca,GPL-2.0-or-later
component-8c56,豖,豖,豖,,,,unicode-ready,unreviewed,chise-ids-ucs-basic,352e13378e411c322cfa16bfd7a6d21d670d7eca,GPL-2.0-or-later
component-8c59,豙,豙,豙,,,,unicode-ready,unreviewed,chise-ids-ucs-basic,352e13378e411c322cfa16bfd7a6d21d670d7eca,GPL-2.0-or-later
component-8c61,象,象,象,,,,unicode-ready,unreviewed,chise-ids-ucs-basic,352e13378e411c322cfa16bfd7a6d21d670d7eca,GPL-2.0-or-later
component-8c66,豦,豦,豦,,,,unicode-ready,unreviewed,chise-ids-ucs-basic,352e13378e411c322cfa16bfd7a6d21d670d7eca,GPL-2.0-or-later
component-8c78,豸,豸,豸,,,,unicode-ready,unreviewed,chise-ids-ucs-basic,352e13378e411c322cfa16bfd7a6d21d670d7eca,GPL-2.0-or-later
component-8c87,貇,貇,貇,,,,unicode-ready,unreviewed,chise-ids-ucs-basic,352e13378e411c322cfa16bfd7a6d21d670d7eca,GPL-2.0-or-later
component-8c8c,貌,貌,貌,,,,unicode-ready,unreviewed,chise-ids-ucs-basic,352e13378e411c322cfa16bfd7a6d21d670d7eca,GPL-2.0-or-later
component-8c9d,貝,貝,貝,,,,unicode-ready,unreviewed,chise-ids-ucs-basic,352e13378e411c322cfa16bfd7a6d21d670d7eca,GPL-2.0-or-later
component-8c9e,貞,貞,貞,,,,unicode-ready,unreviewed,chise-ids-ucs-basic,352e13378e411c322cfa16bfd7a6d21d670d7eca,GPL-2.0-or-later
component-8ca0,負,負,負,,,,unicode-ready,unreviewed,chise-ids-ucs-basic,352e13378e411c322cfa16bfd7a6d21d670d7eca,GPL-2.0-or-later
component-27d2a,𧴪,𧴪,𧴪,,,,unicode-ready,unreviewed,chise-ids-ucs-basic,352e13378e411c322cfa16bfd7a6d21d670d7eca,GPL-2.0-or-later
component-8cab,貫,貫,貫,,,,unicode-ready,unreviewed,chise-ids-ucs-basic,352e13378e411c322cfa16bfd7a6d21d670d7eca,GPL-2.0-or-later
component-8cac,責,責,責,,,,unicode-ready,unreviewed,chise-ids-ucs-basic,352e13378e411c322cfa16bfd7a6d21d670d7eca,GPL-2.0-or-later
component-8cb3,貳,貳,貳,,,,unicode-ready,unreviewed,chise-ids-ucs-basic,352e13378e411c322cfa16bfd7a6d21d670d7eca,GPL-2.0-or-later
component-8cb4,貴,貴,貴,,,,unicode-ready,unreviewed,chise-ids-ucs-basic,352e13378e411c322cfa16bfd7a6d21d670d7eca,GPL-2.0-or-later
component-8cb7,買,買,買,,,,unicode-ready,unreviewed,chise-ids-ucs-basic,352e13378e411c322cfa16bfd7a6d21d670d7eca,GPL-2.0-or-later
component-8cc1,賁,賁,賁,,,,unicode-ready,unreviewed,chise-ids-ucs-basic,352e13378e411c322cfa16bfd7a6d21d670d7eca,GPL-2.0-or-later
component-8cc8,賈,賈,賈,,,,unicode-ready,unreviewed,chise-ids-ucs-basic,352e13378e411c322cfa16bfd7a6d21d670d7eca,GPL-2.0-or-later
component-8ccf,賏,賏,賏,,,,unicode-ready,unreviewed,chise-ids-ucs-basic,352e13378e411c322cfa16bfd7a6d21d670d7eca,GPL-2.0-or-later
component-8cd3,賓,賓,賓,,,,unicode-ready,unreviewed,chise-ids-ucs-basic,352e13378e411c322cfa16bfd7a6d21d670d7eca,GPL-2.0-or-later
component-8ce3,賣,賣,賣,,,,unicode-ready,unreviewed,chise-ids-ucs-basic,352e13378e411c322cfa16bfd7a6d21d670d7eca,GPL-2.0-or-later
component-8ce4,賤,賤,賤,,,,unicode-ready,unreviewed,chise-ids-ucs-basic,352e13378e411c322cfa16bfd7a6d21d670d7eca,GPL-2.0-or-later
component-8cf4,賴,賴,賴,,,,unicode-ready,unreviewed,chise-ids-ucs-basic,352e13378e411c322cfa16bfd7a6d21d670d7eca,GPL-2.0-or-later
component-8d0a,贊,贊,贊,,,,unicode-ready,unreviewed,chise-ids-ucs-basic,352e13378e411c322cfa16bfd7a6d21d670d7eca,GPL-2.0-or-later
component-8d64,赤,赤,赤,,,,unicode-ready,unreviewed,chise-ids-ucs-basic,352e13378e411c322cfa16bfd7a6d21d670d7eca,GPL-2.0-or-later
component-8d6b,赫,赫,赫,,,,unicode-ready,unreviewed,chise-ids-ucs-basic,352e13378e411c322cfa16bfd7a6d21d670d7eca,GPL-2.0-or-later
component-8d70,走,走,走,,,,unicode-ready,unreviewed,chise-ids-ucs-basic,352e13378e411c322cfa16bfd7a6d21d670d7eca,GPL-2.0-or-later
component-8db3,足,足,足,,,,unicode-ready,unreviewed,chise-ids-ucs-basic,352e13378e411c322cfa16bfd7a6d21d670d7eca,GPL-2.0-or-later
component-27fb7,𧾷,𧾷,𧾷,,,,unicode-ready,unreviewed,chise-ids-ucs-basic,352e13378e411c322cfa16bfd7a6d21d670d7eca,GPL-2.0-or-later
component-8def,路,路,路,,,,unicode-ready,unreviewed,chise-ids-ucs-basic,352e13378e411c322cfa16bfd7a6d21d670d7eca,GPL-2.0-or-later
component-8eab,身,身,身,,,,unicode-ready,unreviewed,chise-ids-ucs-basic,352e13378e411c322cfa16bfd7a6d21d670d7eca,GPL-2.0-or-later
component-8eac,躬,躬,躬,,,,unicode-ready,unreviewed,chise-ids-ucs-basic,352e13378e411c322cfa16bfd7a6d21d670d7eca,GPL-2.0-or-later
component-8eca,車,車,車,,,,unicode-ready,unreviewed,chise-ids-ucs-basic,352e13378e411c322cfa16bfd7a6d21d670d7eca,GPL-2.0-or-later
component-8ecd,軍,軍,軍,,,,unicode-ready,unreviewed,chise-ids-ucs-basic,352e13378e411c322cfa16bfd7a6d21d670d7eca,GPL-2.0-or-later
component-282a0,𨊠,𨊠,𨊠,,,,unicode-ready,unreviewed,chise-ids-ucs-basic,352e13378e411c322cfa16bfd7a6d21d670d7eca,GPL-2.0-or-later
component-485b,䡛,䡛,䡛,,,,unicode-ready,unreviewed,chise-ids-ucs-basic,352e13378e411c322cfa16bfd7a6d21d670d7eca,GPL-2.0-or-later
component-8f9b,辛,辛,辛,,,,unicode-ready,unreviewed,chise-ids-ucs-basic,352e13378e411c322cfa16bfd7a6d21d670d7eca,GPL-2.0-or-later
component-8f9f,辟,辟,辟,,,,unicode-ready,unreviewed,chise-ids-ucs-basic,352e13378e411c322cfa16bfd7a6d21d670d7eca,GPL-2.0-or-later
component-8fa1,辡,辡,辡,,,,unicode-ready,unreviewed,chise-ids-ucs-basic,352e13378e411c322cfa16bfd7a6d21d670d7eca,GPL-2.0-or-later
component-8fb0,辰,辰,辰,,,,unicode-ready,unreviewed,chise-ids-ucs-basic,352e13378e411c322cfa16bfd7a6d21d670d7eca,GPL-2.0-or-later
component-8fb2,農,農,農,,,,unicode-ready,unreviewed,chise-ids-ucs-basic,352e13378e411c322cfa16bfd7a6d21d670d7eca,GPL-2.0-or-later
component-8fb6,辶,辶,辶,,,,unicode-ready,unreviewed,chise-ids-ucs-basic,352e13378e411c322cfa16bfd7a6d21d670d7eca,GPL-2.0-or-later
component-2ecc,⻌,⻌,⻌,,,,unicode-ready,unreviewed,chise-ids-ucs-basic,352e13378e411c322cfa16bfd7a6d21d670d7eca,GPL-2.0-or-later
component-8ff7,迷,迷,迷,,,,unicode-ready,unreviewed,chise-ids-ucs-basic,352e13378e411c322cfa16bfd7a6d21d670d7eca,GPL-2.0-or-later
component-9000,退,退,退,,,,unicode-ready,unreviewed,chise-ids-ucs-basic,352e13378e411c322cfa16bfd7a6d21d670d7eca,GPL-2.0-or-later
component-9020,造,造,造,,,,unicode-ready,unreviewed,chise-ids-ucs-basic,352e13378e411c322cfa16bfd7a6d21d670d7eca,GPL-2.0-or-later
component-9022,逢,逢,逢,,,,unicode-ready,unreviewed,chise-ids-ucs-basic,352e13378e411c322cfa16bfd7a6d21d670d7eca,GPL-2.0-or-later
component-9023,連,連,連,,,,unicode-ready,unreviewed,chise-ids-ucs-basic,352e13378e411c322cfa16bfd7a6d21d670d7eca,GPL-2.0-or-later
component-9040,遀,遀,遀,,,,unicode-ready,unreviewed,chise-ids-ucs-basic,352e13378e411c322cfa16bfd7a6d21d670d7eca,GPL-2.0-or-later
component-9042,遂,遂,遂,,,,unicode-ready,unreviewed,chise-ids-ucs-basic,352e13378e411c322cfa16bfd7a6d21d670d7eca,GPL-2.0-or-later
component-9053,道,道,道,,,,unicode-ready,unreviewed,chise-ids-ucs-basic,352e13378e411c322cfa16bfd7a6d21d670d7eca,GPL-2.0-or-later
component-9077,遷,遷,遷,,,,unicode-ready,unreviewed,chise-ids-ucs-basic,352e13378e411c322cfa16bfd7a6d21d670d7eca,GPL-2.0-or-later
component-2ecf,⻏,⻏,⻏,,,,unicode-ready,unreviewed,chise-ids-ucs-basic,352e13378e411c322cfa16bfd7a6d21d670d7eca,GPL-2.0-or-later
component-28675,𨙵,𨙵,𨙵,,,,unicode-ready,unreviewed,chise-ids-ucs-basic,352e13378e411c322cfa16bfd7a6d21d670d7eca,GPL-2.0-or-later
component-90a3,那,那,那,,,,unicode-ready,unreviewed,chise-ids-ucs-basic,352e13378e411c322cfa16bfd7a6d21d670d7eca,GPL-2.0-or-later
component-90a6,邦,邦,邦,,,,unicode-ready,unreviewed,chise-ids-ucs-basic,352e13378e411c322cfa16bfd7a6d21d670d7eca,GPL-2.0-or-later
component-90ce,郎,郎,郎,,,,unicode-ready,unreviewed,chise-ids-ucs-basic,352e13378e411c322cfa16bfd7a6d21d670d7eca,GPL-2.0-or-later
component-90ed,郭,郭,郭,,,,unicode-ready,unreviewed,chise-ids-ucs-basic,352e13378e411c322cfa16bfd7a6d21d670d7eca,GPL-2.0-or-later
component-90fd,都,都,都,,,,unicode-ready,unreviewed,chise-ids-ucs-basic,352e13378e411c322cfa16bfd7a6d21d670d7eca,GPL-2.0-or-later
component-9109,鄉,鄉,鄉,,,,unicode-ready,unreviewed,chise-ids-ucs-basic,352e13378e411c322cfa16bfd7a6d21d670d7eca,GPL-2.0-or-later
component-912d,鄭,鄭,鄭,,,,unicode-ready,unreviewed,chise-ids-ucs-basic,352e13378e411c322cfa16bfd7a6d21d670d7eca,GPL-2.0-or-later
component-9149,酉,酉,酉,,,,unicode-ready,unreviewed,chise-ids-ucs-basic,352e13378e411c322cfa16bfd7a6d21d670d7eca,GPL-2.0-or-later
component-914b,酋,酋,酋,,,,unicode-ready,unreviewed,chise-ids-ucs-basic,352e13378e411c322cfa16bfd7a6d21d670d7eca,GPL-2.0-or-later
component-91ae,醮,醮,醮,,,,unicode-ready,unreviewed,chise-ids-ucs-basic,352e13378e411c322cfa16bfd7a6d21d670d7eca,GPL-2.0-or-later
component-91c6,釆,釆,釆,,,,unicode-ready,unreviewed,chise-ids-ucs-basic,352e13378e411c322cfa16bfd7a6d21d670d7eca,GPL-2.0-or-later
component-91c7,采,采,采,,,,unicode-ready,unreviewed,chise-ids-ucs-basic,352e13378e411c322cfa16bfd7a6d21d670d7eca,GPL-2.0-or-later
component-91cc,里,里,里,,,,unicode-ready,unreviewed,chise-ids-ucs-basic,352e13378e411c322cfa16bfd7a6d21d670d7eca,GPL-2.0-or-later
component-91cd,重,重,重,,,,unicode-ready,unreviewed,chise-ids-ucs-basic,352e13378e411c322cfa16bfd7a6d21d670d7eca,GPL-2.0-or-later
component-91cf,量,量,量,,,,unicode-ready,unreviewed,chise-ids-ucs-basic,352e13378e411c322cfa16bfd7a6d21d670d7eca,GPL-2.0-or-later
component-91d1,金,金,金,,,,unicode-ready,unreviewed,chise-ids-ucs-basic,352e13378e411c322cfa16bfd7a6d21d670d7eca,GPL-2.0-or-later
component-2896b,𨥫,𨥫,𨥫,,,,unicode-ready,unreviewed,chise-ids-ucs-basic,352e13378e411c322cfa16bfd7a6d21d670d7eca,GPL-2.0-or-later
component-9577,長,長,長,,,,unicode-ready,unreviewed,chise-ids-ucs-basic,352e13378e411c322cfa16bfd7a6d21d670d7eca,GPL-2.0-or-later
component-9578,镸,镸,镸,,,,unicode-ready,unreviewed,chise-ids-ucs-basic,352e13378e411c322cfa16bfd7a6d21d670d7eca,GPL-2.0-or-later
component-9580,門,門,門,,,,unicode-ready,unreviewed,chise-ids-ucs-basic,352e13378e411c322cfa16bfd7a6d21d670d7eca,GPL-2.0-or-later
component-958f,閏,閏,閏,,,,unicode-ready,unreviewed,chise-ids-ucs-basic,352e13378e411c322cfa16bfd7a6d21d670d7eca,GPL-2.0-or-later
component-9593,間,間,間,,,,unicode-ready,unreviewed,chise-ids-ucs-basic,352e13378e411c322cfa16bfd7a6d21d670d7eca,GPL-2.0-or-later
component-9594,閔,閔,閔,,,,unicode-ready,unreviewed,chise-ids-ucs-basic,352e13378e411c322cfa16bfd7a6d21d670d7eca,GPL-2.0-or-later
component-95a3,閣,閣,閣,,,,unicode-ready,unreviewed,chise-ids-ucs-basic,352e13378e411c322cfa16bfd7a6d21d670d7eca,GPL-2.0-or-later
component-95b5,閵,閵,閵,,,,unicode-ready,unreviewed,chise-ids-ucs-basic,352e13378e411c322cfa16bfd7a6d21d670d7eca,GPL-2.0-or-later
component-95cc,闌,闌,闌,,,,unicode-ready,unreviewed,chise-ids-ucs-basic,352e13378e411c322cfa16bfd7a6d21d670d7eca,GPL-2.0-or-later
component-2ed6,⻖,⻖,⻖,,,,unicode-ready,unreviewed,chise-ids-ucs-basic,352e13378e411c322cfa16bfd7a6d21d670d7eca,GPL-2.0-or-later
component-963f,阿,阿,阿,,,,unicode-ready,unreviewed,chise-ids-ucs-basic,352e13378e411c322cfa16bfd7a6d21d670d7eca,GPL-2.0-or-later
component-9670,陰,陰,陰,,,,unicode-ready,unreviewed,chise-ids-ucs-basic,352e13378e411c322cfa16bfd7a6d21d670d7eca,GPL-2.0-or-later
component-968a,隊,隊,隊,,,,unicode-ready,unreviewed,chise-ids-ucs-basic,352e13378e411c322cfa16bfd7a6d21d670d7eca,GPL-2.0-or-later
component-968b,隋,隋,隋,,,,unicode-ready,unreviewed,chise-ids-ucs-basic,352e13378e411c322cfa16bfd7a6d21d670d7eca,GPL-2.0-or-later
component-96a1,隡,隡,隡,,,,unicode-ready,unreviewed,chise-ids-ucs-basic,352e13378e411c322cfa16bfd7a6d21d670d7eca,GPL-2.0-or-later
component-96b6,隶,隶,隶,,,,unicode-ready,unreviewed,chise-ids-ucs-basic,352e13378e411c322cfa16bfd7a6d21d670d7eca,GPL-2.0-or-later
component-96b9,隹,隹,隹,,,,unicode-ready,unreviewed,chise-ids-ucs-basic,352e13378e411c322cfa16bfd7a6d21d670d7eca,GPL-2.0-or-later
component-96ba,隺,隺,隺,,,,unicode-ready,unreviewed,chise-ids-ucs-basic,352e13378e411c322cfa16bfd7a6d21d670d7eca,GPL-2.0-or-later
component-96bc,隼,隼,隼,,,,unicode-ready,unreviewed,chise-ids-ucs-basic,352e13378e411c322cfa16bfd7a6d21d670d7eca,GPL-2.0-or-later
component-96c7,雇,雇,雇,,,,unicode-ready,unreviewed,chise-ids-ucs-basic,352e13378e411c322cfa16bfd7a6d21d670d7eca,GPL-2.0-or-later
component-96c8,雈,雈,雈,,,,unicode-ready,unreviewed,chise-ids-ucs-basic,352e13378e411c322cfa16bfd7a6d21d670d7eca,GPL-2.0-or-later
component-96cd,雍,雍,雍,,,,unicode-ready,unreviewed,chise-ids-ucs-basic,352e13378e411c322cfa16bfd7a6d21d670d7eca,GPL-2.0-or-later
component-49f9,䧹,䧹,䧹,,,,unicode-ready,unreviewed,chise-ids-ucs-basic,352e13378e411c322cfa16bfd7a6d21d670d7eca,GPL-2.0-or-later
component-96d0,雐,雐,雐,,,,unicode-ready,unreviewed,chise-ids-ucs-basic,352e13378e411c322cfa16bfd7a6d21d670d7eca,GPL-2.0-or-later
component-96d4,雔,雔,雔,,,,unicode-ready,unreviewed,chise-ids-ucs-basic,352e13378e411c322cfa16bfd7a6d21d670d7eca,GPL-2.0-or-later
component-96da,雚,雚,雚,,,,unicode-ready,unreviewed,chise-ids-ucs-basic,352e13378e411c322cfa16bfd7a6d21d670d7eca,GPL-2.0-or-later
component-96e2,離,離,離,,,,unicode-ready,unreviewed,chise-ids-ucs-basic,352e13378e411c322cfa16bfd7a6d21d670d7eca,GPL-2.0-or-later
component-96e3,難,難,難,,,,unicode-ready,unreviewed,chise-ids-ucs-basic,352e13378e411c322cfa16bfd7a6d21d670d7eca,GPL-2.0-or-later
component-96e8,雨,雨,雨,,,,unicode-ready,unreviewed,chise-ids-ucs-basic,352e13378e411c322cfa16bfd7a6d21d670d7eca,GPL-2.0-or-later
component-96f7,雷,雷,雷,,,,unicode-ready,unreviewed,chise-ids-ucs-basic,352e13378e411c322cfa16bfd7a6d21d670d7eca,GPL-2.0-or-later
component-9700,需,需,需,,,,unicode-ready,unreviewed,chise-ids-ucs-basic,352e13378e411c322cfa16bfd7a6d21d670d7eca,GPL-2.0-or-later
component-971d,霝,霝,霝,,,,unicode-ready,unreviewed,chise-ids-ucs-basic,352e13378e411c322cfa16bfd7a6d21d670d7eca,GPL-2.0-or-later
component-9738,霸,霸,霸,,,,unicode-ready,unreviewed,chise-ids-ucs-basic,352e13378e411c322cfa16bfd7a6d21d670d7eca,GPL-2.0-or-later
component-9752,青,青,青,,,,unicode-ready,unreviewed,chise-ids-ucs-basic,352e13378e411c322cfa16bfd7a6d21d670d7eca,GPL-2.0-or-later
component-975e,非,非,非,,,,unicode-ready,unreviewed,chise-ids-ucs-basic,352e13378e411c322cfa16bfd7a6d21d670d7eca,GPL-2.0-or-later
component-9762,面,面,面,,,,unicode-ready,unreviewed,chise-ids-ucs-basic,352e13378e411c322cfa16bfd7a6d21d670d7eca,GPL-2.0-or-later
component-9769,革,革,革,,,,unicode-ready,unreviewed,chise-ids-ucs-basic,352e13378e411c322cfa16bfd7a6d21d670d7eca,GPL-2.0-or-later
component-4a57,䩗,䩗,䩗,,,,unicode-ready,unreviewed,chise-ids-ucs-basic,352e13378e411c322cfa16bfd7a6d21d670d7eca,GPL-2.0-or-later
component-97cb,韋,韋,韋,,,,unicode-ready,unreviewed,chise-ids-ucs-basic,352e13378e411c322cfa16bfd7a6d21d670d7eca,GPL-2.0-or-later
component-97f1,韱,韱,韱,,,,unicode-ready,unreviewed,chise-ids-ucs-basic,352e13378e411c322cfa16bfd7a6d21d670d7eca,GPL-2.0-or-later
component-97f3,音,音,音,,,,unicode-ready,unreviewed,chise-ids-ucs-basic,352e13378e411c322cfa16bfd7a6d21d670d7eca,GPL-2.0-or-later
component-7adf,竟,竟,竟,,,,unicode-ready,unreviewed,chise-ids-ucs-basic,352e13378e411c322cfa16bfd7a6d21d670d7eca,GPL-2.0-or-later
component-7ae0,章,章,章,,,,unicode-ready,unreviewed,chise-ids-ucs-basic,352e13378e411c322cfa16bfd7a6d21d670d7eca,GPL-2.0-or-later
component-9801,頁,頁,頁,,,,unicode-ready,unreviewed,chise-ids-ucs-basic,352e13378e411c322cfa16bfd7a6d21d670d7eca,GPL-2.0-or-later
component-9803,頃,頃,頃,,,,unicode-ready,unreviewed,chise-ids-ucs-basic,352e13378e411c322cfa16bfd7a6d21d670d7eca,GPL-2.0-or-later
component-9808,須,須,須,,,,unicode-ready,unreviewed,chise-ids-ucs-basic,352e13378e411c322cfa16bfd7a6d21d670d7eca,GPL-2.0-or-later
component-9813,頓,頓,頓,,,,unicode-ready,unreviewed,chise-ids-ucs-basic,352e13378e411c322cfa16bfd7a6d21d670d7eca,GPL-2.0-or-later
component-9818,領,領,領,,,,unicode-ready,unreviewed,chise-ids-ucs-basic,352e13378e411c322cfa16bfd7a6d21d670d7eca,GPL-2.0-or-later
component-983b,頻,頻,頻,,,,unicode-ready,unreviewed,chise-ids-ucs-basic,352e13378e411c322cfa16bfd7a6d21d670d7eca,GPL-2.0-or-later
component-98a8,風,風,風,,,,unicode-ready,unreviewed,chise-ids-ucs-basic,352e13378e411c322cfa16bfd7a6d21d670d7eca,GPL-2.0-or-later
component-98db,飛,飛,飛,,,,unicode-ready,unreviewed,chise-ids-ucs-basic,352e13378e411c322cfa16bfd7a6d21d670d7eca,GPL-2.0-or-later
component-98df,食,食,食,,,,unicode-ready,unreviewed,chise-ids-ucs-basic,352e13378e411c322cfa16bfd7a6d21d670d7eca,GPL-2.0-or-later
component-98e0,飠,飠,飠,,,,unicode-ready,unreviewed,chise-ids-ucs-basic,352e13378e411c322cfa16bfd7a6d21d670d7eca,GPL-2.0-or-later
component-9996,首,首,首,,,,unicode-ready,unreviewed,chise-ids-ucs-basic,352e13378e411c322cfa16bfd7a6d21d670d7eca,GPL-2.0-or-later
component-99ac,馬,馬,馬,,,,unicode-ready,unreviewed,chise-ids-ucs-basic,352e13378e411c322cfa16bfd7a6d21d670d7eca,GPL-2.0-or-later
component-99ae,馮,馮,馮,,,,unicode-ready,unreviewed,chise-ids-ucs-basic,352e13378e411c322cfa16bfd7a6d21d670d7eca,GPL-2.0-or-later
component-9aa8,骨,骨,骨,,,,unicode-ready,unreviewed,chise-ids-ucs-basic,352e13378e411c322cfa16bfd7a6d21d670d7eca,GPL-2.0-or-later
component-9ad8,高,高,高,,,,unicode-ready,unreviewed,chise-ids-ucs-basic,352e13378e411c322cfa16bfd7a6d21d670d7eca,GPL-2.0-or-later
component-9adf,髟,髟,髟,,,,unicode-ready,unreviewed,chise-ids-ucs-basic,352e13378e411c322cfa16bfd7a6d21d670d7eca,GPL-2.0-or-later
component-9b25,鬥,鬥,鬥,,,,unicode-ready,unreviewed,chise-ids-ucs-basic,352e13378e411c322cfa16bfd7a6d21d670d7eca,GPL-2.0-or-later
component-29c0a,𩰊,𩰊,𩰊,,,,unicode-ready,unreviewed,chise-ids-ucs-basic,352e13378e411c322cfa16bfd7a6d21d670d7eca,GPL-2.0-or-later
component-29c0b,𩰋,𩰋,𩰋,,,,unicode-ready,unreviewed,chise-ids-ucs-basic,352e13378e411c322cfa16bfd7a6d21d670d7eca,GPL-2.0-or-later
component-9b2f,鬯,鬯,鬯,,,,unicode-ready,unreviewed,chise-ids-ucs-basic,352e13378e411c322cfa16bfd7a6d21d670d7eca,GPL-2.0-or-later
component-9b32,鬲,鬲,鬲,,,,unicode-ready,unreviewed,chise-ids-ucs-basic,352e13378e411c322cfa16bfd7a6d21d670d7eca,GPL-2.0-or-later
component-9b33,鬳,鬳,鬳,,,,unicode-ready,unreviewed,chise-ids-ucs-basic,352e13378e411c322cfa16bfd7a6d21d670d7eca,GPL-2.0-or-later
component-9b3c,鬼,鬼,鬼,,,,unicode-ready,unreviewed,chise-ids-ucs-basic,352e13378e411c322cfa16bfd7a6d21d670d7eca,GPL-2.0-or-later
component-2ee4,⻤,⻤,⻤,,,,unicode-ready,unreviewed,chise-ids-ucs-basic,352e13378e411c322cfa16bfd7a6d21d670d7eca,GPL-2.0-or-later
component-9b5a,魚,魚,魚,,,,unicode-ready,unreviewed,chise-ids-ucs-basic,352e13378e411c322cfa16bfd7a6d21d670d7eca,GPL-2.0-or-later
component-29d4b,𩵋,𩵋,𩵋,,,,unicode-ready,unreviewed,chise-ids-ucs-basic,352e13378e411c322cfa16bfd7a6d21d670d7eca,GPL-2.0-or-later
component-9b6f,魯,魯,魯,,,,unicode-ready,unreviewed,chise-ids-ucs-basic,352e13378e411c322cfa16bfd7a6d21d670d7eca,GPL-2.0-or-later
component-9ce5,鳥,鳥,鳥,,,,unicode-ready,unreviewed,chise-ids-ucs-basic,352e13378e411c322cfa16bfd7a6d21d670d7eca,GPL-2.0-or-later
component-9e75,鹵,鹵,鹵,,,,unicode-ready,unreviewed,chise-ids-ucs-basic,352e13378e411c322cfa16bfd7a6d21d670d7eca,GPL-2.0-or-later
component-9e7f,鹿,鹿,鹿,,,,unicode-ready,unreviewed,chise-ids-ucs-basic,352e13378e411c322cfa16bfd7a6d21d670d7eca,GPL-2.0-or-later
component-9e97,麗,麗,麗,,,,unicode-ready,unreviewed,chise-ids-ucs-basic,352e13378e411c322cfa16bfd7a6d21d670d7eca,GPL-2.0-or-later
component-9ebb,麻,麻,麻,,,,unicode-ready,unreviewed,chise-ids-ucs-basic,352e13378e411c322cfa16bfd7a6d21d670d7eca,GPL-2.0-or-later
component-9ec3,黃,黃,黃,,,,unicode-ready,unreviewed,chise-ids-ucs-basic,352e13378e411c322cfa16bfd7a6d21d670d7eca,GPL-2.0-or-later
component-9ec4,黄,黄,黄,,,,unicode-ready,unreviewed,chise-ids-ucs-basic,352e13378e411c322cfa16bfd7a6d21d670d7eca,GPL-2.0-or-later
component-9ecd,黍,黍,黍,,,,unicode-ready,unreviewed,chise-ids-ucs-basic,352e13378e411c322cfa16bfd7a6d21d670d7eca,GPL-2.0-or-later
component-9ed1,黑,黑,黑,,,,unicode-ready,unreviewed,chise-ids-ucs-basic,352e13378e411c322cfa16bfd7a6d21d670d7eca,GPL-2.0-or-later
component-9efd,黽,黽,黽,,,,unicode-ready,unreviewed,chise-ids-ucs-basic,352e13378e411c322cfa16bfd7a6d21d670d7eca,GPL-2.0-or-later
component-9f20,鼠,鼠,鼠,,,,unicode-ready,unreviewed,chise-ids-ucs-basic,352e13378e411c322cfa16bfd7a6d21d670d7eca,GPL-2.0-or-later
component-9f4a,齊,齊,齊,,,,unicode-ready,unreviewed,chise-ids-ucs-basic,352e13378e411c322cfa16bfd7a6d21d670d7eca,GPL-2.0-or-later
component-9f52,齒,齒,齒,,,,unicode-ready,unreviewed,chise-ids-ucs-basic,352e13378e411c322cfa16bfd7a6d21d670d7eca,GPL-2.0-or-later
component-9f8d,龍,龍,龍,,,,unicode-ready,unreviewed,chise-ids-ucs-basic,352e13378e411c322cfa16bfd7a6d21d670d7eca,GPL-2.0-or-later
component-9f9c,龜,龜,龜,,,,unicode-ready,unreviewed,chise-ids-ucs-basic,352e13378e411c322cfa16bfd7a6d21d670d7eca,GPL-2.0-or-later
component-9fa0,龠,龠,龠,,,,unicode-ready,unreviewed,chise-ids-ucs-basic,352e13378e411c322cfa16bfd7a6d21d670d7eca,GPL-2.0-or-later
