character,foxchild_selection_rank,moe_frequency_rank,unihan_definition,suggested_category,cangjie,quick,reading_count,decomposition_status,review_tasks,review_priority_band
的,1,1,"possessive, adjectival suffix",general,X,X,4,source-attested-unreviewed,hk-selection|learner-definition|category|display-reading|curriculum-priority,top-100
一,2,2,"one; a, an; alone",numbers,M,M,2,source-attested-unreviewed,hk-selection|learner-definition|category|display-reading|curriculum-priority,top-100
是,3,3,"indeed, yes, right; to be; demonstrative pronoun, this, that",general,AMYO,AO,4,source-attested-unreviewed,hk-selection|learner-definition|category|display-reading|curriculum-priority,top-100
了,4,4,to finish; particle of completed action,general,NN,NN,4,source-attested-unreviewed,hk-selection|learner-definition|category|display-reading|curriculum-priority,top-100
個,5,5,"numerary adjunct, piece; single",general,OWJR,OR,4,source-attested-unreviewed,hk-selection|learner-definition|category|display-reading|curriculum-priority,top-100
小,6,6,"small, tiny, insignificant",general,NC,NC,2,source-attested-unreviewed,hk-selection|learner-definition|category|display-reading|curriculum-priority,top-100
有,7,7,"have, own, possess; exist",general,KB,KB,5,source-attested-unreviewed,hk-selection|learner-definition|category|display-reading|curriculum-priority,top-100
數,8,8,number; several; count; fate,numbers,LVOK,LK,7,source-attested-unreviewed,hk-selection|learner-definition|category|display-reading|curriculum-priority,top-100
在,9,9,"be at, in, on; consist in, rest",general,KLG,KG,2,source-attested-unreviewed,hk-selection|learner-definition|category|display-reading|curriculum-priority,top-100
多,10,10,"much, many; more than, over",general,NINI,NI,2,source-attested-unreviewed,hk-selection|learner-definition|category|display-reading|curriculum-priority,top-100
我,11,11,"our, us, i, me, my, we",general,HQI,HI,2,source-attested-unreviewed,hk-selection|learner-definition|category|display-reading|curriculum-priority,top-100
上,12,12,"top; superior, highest; go up, send up",actions,YM,YM,5,source-attested-unreviewed,hk-selection|learner-definition|category|display-reading|curriculum-priority,top-100
人,13,13,man; people; mankind; someone else,people,O,O,3,source-attested-unreviewed,hk-selection|learner-definition|category|display-reading|curriculum-priority,top-100
不,14,14,"no, not; un-; negative prefix",general,MF,MF,6,source-attested-unreviewed,hk-selection|learner-definition|category|display-reading|curriculum-priority,top-100
來,15,15,"come, coming; return, returning",actions,DOO,DO,3,source-attested-unreviewed,hk-selection|learner-definition|category|display-reading|curriculum-priority,top-100
少,16,16,"few, less, inadequate",general,FH,FH,5,source-attested-unreviewed,hk-selection|learner-definition|category|display-reading|curriculum-priority,top-100
這,17,17,"this, the, here",general,YYMR,YR,5,source-attested-unreviewed,hk-selection|learner-definition|category|display-reading|curriculum-priority,top-100
下,18,18,"under, underneath, below; down; inferior; bring down",general,MY,MY,4,source-attested-unreviewed,hk-selection|learner-definition|category|display-reading|curriculum-priority,top-100
米,19,19,hulled or husked uncooked rice,food,FD,FD,2,source-attested-unreviewed,hk-selection|learner-definition|category|display-reading|curriculum-priority,top-100
地,20,20,"earth; soil, ground; region",nature,GPD,GD,3,source-attested-unreviewed,hk-selection|learner-definition|category|display-reading|curriculum-priority,top-100
面,21,21,"face; surface; plane; side, dimension; Kangxi radical 176",general,MWSL,ML,3,source-attested-unreviewed,hk-selection|learner-definition|category|display-reading|curriculum-priority,top-100
大,22,22,"big, great, vast, large, high",general,K,K,5,source-attested-unreviewed,hk-selection|learner-definition|category|display-reading|curriculum-priority,top-100
分,23,23,divide; small unit of time etc.,general,CSH,CH,7,source-attested-unreviewed,hk-selection|learner-definition|category|display-reading|curriculum-priority,top-100
們,24,24,adjunct pronoun indicate plural,general,OAN,ON,4,source-attested-unreviewed,hk-selection|learner-definition|category|display-reading|curriculum-priority,top-100
用,25,25,"use, employ, apply, operate; use",general,BQ,BQ,3,source-attested-unreviewed,hk-selection|learner-definition|category|display-reading|curriculum-priority,top-100
中,26,26,"central; center, middle; in the midst of; hit (target); attain",general,L,L,3,source-attested-unreviewed,hk-selection|learner-definition|category|display-reading|curriculum-priority,top-100
出,27,27,"go out, send out; stand; produce",actions,UU,UU,2,source-attested-unreviewed,hk-selection|learner-definition|category|display-reading|curriculum-priority,top-100
和,28,28,"harmony, peace; peaceful, calm",general,HDR,HR,10,source-attested-unreviewed,hk-selection|learner-definition|category|display-reading|curriculum-priority,top-100
麼,29,30,"interrogative final particle; insignificant, small, tiny",general,ICVI,II,2,source-attested-unreviewed,hk-selection|learner-definition|category|display-reading|curriculum-priority,top-100
子,30,31,"offspring, child; fruit, seed of; first earthly branch",people,ND,ND,3,source-attested-unreviewed,hk-selection|learner-definition|category|display-reading|curriculum-priority,top-100
到,31,32,"go to, arrive, been to",actions,MGLN,MN,3,source-attested-unreviewed,hk-selection|learner-definition|category|display-reading|curriculum-priority,top-100
時,32,33,"time, season; era, age, period",general,AGDI,AI,2,source-attested-unreviewed,hk-selection|learner-definition|category|display-reading|curriculum-priority,top-100
著,33,34,manifest; (Cant.) to wear,general,TJKA,TA,9,source-attested-unreviewed,hk-selection|learner-definition|category|display-reading|curriculum-priority,top-100
天,34,35,"sky, heaven; god, celestial",general,MK,MK,3,source-attested-unreviewed,hk-selection|learner-definition|category|display-reading|curriculum-priority,top-100
要,35,36,"necessary, essential; necessity",general,MWV,MV,5,source-attested-unreviewed,hk-selection|learner-definition|category|display-reading|curriculum-priority,top-100
他,36,37,"other, another; he, she, it",general,OPD,OD,3,source-attested-unreviewed,hk-selection|learner-definition|category|display-reading|curriculum-priority,top-100
學,37,38,"learning, knowledge; school",education,HBND,HD,4,source-attested-unreviewed,hk-selection|learner-definition|category|display-reading|curriculum-priority,top-100
把,38,39,"hold, take; guard; regard as",actions,QAU,QU,4,source-attested-unreviewed,hk-selection|learner-definition|category|display-reading|curriculum-priority,top-100
方,39,41,"a square, rectangle; a region; local",general,YHS,YS,8,source-attested-unreviewed,hk-selection|learner-definition|category|display-reading|curriculum-priority,top-100
想,40,42,"think, speculate, plan, consider",general,DUP,DP,2,source-attested-unreviewed,hk-selection|learner-definition|category|display-reading|curriculum-priority,top-100
你,41,43,"you, second person pronoun",people,ONF,OF,2,source-attested-unreviewed,hk-selection|learner-definition|category|display-reading|curriculum-priority,top-100
每,42,44,"every, each",general,OWYI,OI,2,source-attested-unreviewed,hk-selection|learner-definition|category|display-reading|curriculum-priority,top-100
看,43,45,"look, see; examine, scrutinize",actions,HQBU,HU,4,source-attested-unreviewed,hk-selection|learner-definition|category|display-reading|curriculum-priority,top-100
長,44,46,long; length; excel in; leader; Kangxi radical 168,general,SMV,SV,5,source-attested-unreviewed,hk-selection|learner-definition|category|display-reading|curriculum-priority,top-100
國,45,47,"nation, country, nation-state",general,WIRM,WM,2,source-attested-unreviewed,hk-selection|learner-definition|category|display-reading|curriculum-priority,top-100
以,46,48,"by means of; thereby, therefore; consider as; in order to",general,VIO,VO,3,source-attested-unreviewed,hk-selection|learner-definition|category|display-reading|curriculum-priority,top-100
算,47,49,"count, calculate, figure; plan",general,HBUT,HT,3,source-attested-unreviewed,hk-selection|learner-definition|category|display-reading|curriculum-priority,top-100
什,48,50,"file of ten soldiers; mixed, miscellaneous",numbers,OJ,OJ,6,source-attested-unreviewed,hk-selection|learner-definition|category|display-reading|curriculum-priority,top-100
成,49,51,"completed, finished, fixed",general,IHS,IS,3,source-attested-unreviewed,hk-selection|learner-definition|category|display-reading|curriculum-priority,top-100
年,50,52,year; new-years; person's age,people,OQ,OQ,3,source-attested-unreviewed,hk-selection|learner-definition|category|display-reading|curriculum-priority,top-100
千,51,53,"thousand; many, numerous; very; (Cant.) a cheater, swindler",general,HJ,HJ,2,source-attested-unreviewed,hk-selection|learner-definition|category|display-reading|curriculum-priority,top-100
生,52,54,"life, living, lifetime; birth",general,HQM,HM,4,source-attested-unreviewed,hk-selection|learner-definition|category|display-reading|curriculum-priority,top-100
就,53,55,"just, simply; to come, go to; to approach, near",actions,YFIKU,YU,2,source-attested-unreviewed,hk-selection|learner-definition|category|display-reading|curriculum-priority,top-100
樣,54,56,"shape, form, pattern, style",general,DTGE,DE,3,source-attested-unreviewed,hk-selection|learner-definition|category|display-reading|curriculum-priority,top-100
同,55,57,"same, similar; together with",general,BMR,BR,4,source-attested-unreviewed,hk-selection|learner-definition|category|display-reading|curriculum-priority,top-100
兩,56,58,"two, both, pair, couple; ounce",numbers,MLBO,MO,4,source-attested-unreviewed,hk-selection|learner-definition|category|display-reading|curriculum-priority,top-100
得,57,59,"obtain, get, gain, acquire",general,HOAMI,HI,4,source-attested-unreviewed,hk-selection|learner-definition|category|display-reading|curriculum-priority,top-100
去,58,60,"go away, leave, depart",actions,GI,GI,3,source-attested-unreviewed,hk-selection|learner-definition|category|display-reading|curriculum-priority,top-100
三,59,61,three,numbers,MMM,MM,3,source-attested-unreviewed,hk-selection|learner-definition|category|display-reading|curriculum-priority,top-100
二,60,62,two; twice,numbers,MM,MM,2,source-attested-unreviewed,hk-selection|learner-definition|category|display-reading|curriculum-priority,top-100
為,61,63,"do, handle, govern, act; be",actions,IKNF,IF,4,source-attested-unreviewed,hk-selection|learner-definition|category|display-reading|curriculum-priority,top-100
可,62,64,"may, can, -able; possibly",general,MNR,MR,5,source-attested-unreviewed,hk-selection|learner-definition|category|display-reading|curriculum-priority,top-100
讀,63,65,"read, study; pronounce",education,YRGWC,YC,4,source-attested-unreviewed,hk-selection|learner-definition|category|display-reading|curriculum-priority,top-100
起,64,66,"rise, stand up; go up; begin",actions,GORU,GU,2,source-attested-unreviewed,hk-selection|learner-definition|category|display-reading|curriculum-priority,top-100
寫,65,67,"write; draw, sketch; compose",education,JHXF,JF,3,source-attested-unreviewed,hk-selection|learner-definition|category|display-reading|curriculum-priority,top-100
幾,66,68,"how many? how much?; a few, some",general,VIHI,VI,6,source-attested-unreviewed,hk-selection|learner-definition|category|display-reading|curriculum-priority,top-100
做,67,69,"work, make; act",actions,OJRK,OK,2,source-attested-unreviewed,hk-selection|learner-definition|category|display-reading|curriculum-priority,top-100
十,68,70,"ten, tenth; complete; perfect",numbers,J,J,2,source-attested-unreviewed,hk-selection|learner-definition|category|display-reading|curriculum-priority,top-100
第,69,71,"sequence, number; grade, degree",numbers,HNLH,HH,2,source-attested-unreviewed,hk-selection|learner-definition|category|display-reading|curriculum-priority,top-100
好,70,72,"good, excellent, fine; well",general,VND,VD,5,source-attested-unreviewed,hk-selection|learner-definition|category|display-reading|curriculum-priority,top-100
動,71,73,"move, happen; movement, action",general,HGKS,HS,2,source-attested-unreviewed,hk-selection|learner-definition|category|display-reading|curriculum-priority,top-100
作,72,74,"make; work; compose, write; act, perform",education,OOS,OS,4,source-attested-unreviewed,hk-selection|learner-definition|category|display-reading|curriculum-priority,top-100
家,73,75,"house, home, residence; family",general,JMSO,JO,8,source-attested-unreviewed,hk-selection|learner-definition|category|display-reading|curriculum-priority,top-100
比,74,76,"to compare, liken; comparison; than; hexagram ䷇",general,PP,PP,6,source-attested-unreviewed,hk-selection|learner-definition|category|display-reading|curriculum-priority,top-100
後,75,77,"behind, rear, after; descendents",general,HOVIE,HE,2,source-attested-unreviewed,hk-selection|learner-definition|category|display-reading|curriculum-priority,top-100
還,76,78,"still, yet, also, besides",general,YWLV,YV,4,source-attested-unreviewed,hk-selection|learner-definition|category|display-reading|curriculum-priority,top-100
過,77,79,"pass, pass through, go across",actions,YBBR,YR,6,source-attested-unreviewed,hk-selection|learner-definition|category|display-reading|curriculum-priority,top-100
位,78,80,"throne; position, post; rank, status; seat",general,OYT,OT,3,source-attested-unreviewed,hk-selection|learner-definition|category|display-reading|curriculum-priority,top-100
水,79,81,"water, liquid, lotion, juice",nature,E,E,2,source-attested-unreviewed,hk-selection|learner-definition|category|display-reading|curriculum-priority,top-100
行,80,82,"go; walk; move, travel; circulate; Kangxi radical 144",actions,HOMMN,HN,8,source-attested-unreviewed,hk-selection|learner-definition|category|display-reading|curriculum-priority,top-100
能,81,83,"to be able; can, permitted to; ability",general,IBPP,IP,6,source-attested-unreviewed,hk-selection|learner-definition|category|display-reading|curriculum-priority,top-100
它,82,84,it; other,general,JP,JP,5,source-attested-unreviewed,hk-selection|learner-definition|category|display-reading|curriculum-priority,top-100
題,83,85,"forehead; title, headline; theme",general,AOMBC,AC,3,source-attested-unreviewed,hk-selection|learner-definition|category|display-reading|curriculum-priority,top-100
平,84,86,"flat, level, even; peaceful",general,MFJ,MJ,5,source-attested-unreviewed,hk-selection|learner-definition|category|display-reading|curriculum-priority,top-100
計,85,87,"plan, plot; stratagem; scheme",general,YRJ,YJ,3,source-attested-unreviewed,hk-selection|learner-definition|category|display-reading|curriculum-priority,top-100
各,86,88,"each, individually, every, all",general,HER,HR,3,source-attested-unreviewed,hk-selection|learner-definition|category|display-reading|curriculum-priority,top-100
練,87,89,"practice, drill, exercise, train",general,VFDWF,VF,2,source-attested-unreviewed,hk-selection|learner-definition|category|display-reading|curriculum-priority,top-100
那,88,90,"that, that one, those",numbers,SQNL,SL,10,source-attested-unreviewed,hk-selection|learner-definition|category|display-reading|curriculum-priority,top-100
體,89,91,"body; group, class, body, unit",general,BBTWT,BT,3,source-attested-unreviewed,hk-selection|learner-definition|category|display-reading|curriculum-priority,top-100
文,90,92,"literature, culture, writing",general,YK,YK,3,source-attested-unreviewed,hk-selection|learner-definition|category|display-reading|curriculum-priority,top-100
自,91,93,"self, private, personal; from; Kangxi radical 132",general,HBU,HU,2,source-attested-unreviewed,hk-selection|learner-definition|category|display-reading|curriculum-priority,top-100
曲,92,94,"crooked, bent; wrong, false",general,TW,TW,3,source-attested-unreviewed,hk-selection|learner-definition|category|display-reading|curriculum-priority,top-100
法,93,95,"law, rule, regulation, statute; France, French",general,EGI,EI,3,source-attested-unreviewed,hk-selection|learner-definition|category|display-reading|curriculum-priority,top-100
也,94,96,also; classical final particle of strong affirmation or identity,general,PD,PD,3,source-attested-unreviewed,hk-selection|learner-definition|category|display-reading|curriculum-priority,top-100
形,95,97,"form, shape, appearance",general,MTHHH,MH,3,source-attested-unreviewed,hk-selection|learner-definition|category|display-reading|curriculum-priority,top-100
會,96,98,"to assemble, meet together; a meeting; an organization",general,OMWA,OA,7,source-attested-unreviewed,hk-selection|learner-definition|category|display-reading|curriculum-priority,top-100
種,97,99,seed; race; offspring; to plant,general,HDHJG,HG,5,source-attested-unreviewed,hk-selection|learner-definition|category|display-reading|curriculum-priority,top-100
課,98,100,lesson; course; classwork,general,YRWD,YD,2,source-attested-unreviewed,hk-selection|learner-definition|category|display-reading|curriculum-priority,top-100
聽,99,101,"hear, listen; understand; obey",actions,SGJWP,SP,5,source-attested-unreviewed,hk-selection|learner-definition|category|display-reading|curriculum-priority,top-100
從,100,102,"from, by, since, whence, through",general,HOOOO,HO,8,source-attested-unreviewed,hk-selection|learner-definition|category|display-reading|curriculum-priority,top-100
高,101,103,"high, tall; lofty, elevated; Kangxi radical 189",general,YRBR,YR,3,source-attested-unreviewed,hk-selection|learner-definition|category|display-reading|curriculum-priority,top-500
歌,102,104,"song, lyrics; sing, chant; praise",general,MRNO,MO,3,source-attested-unreviewed,hk-selection|learner-definition|category|display-reading|curriculum-priority,top-500
表,103,105,"show, express, manifest, display",general,QMV,QV,2,source-attested-unreviewed,hk-selection|learner-definition|category|display-reading|curriculum-priority,top-500
邊,104,106,"edge, margin, side, border",general,YHUS,YS,3,source-attested-unreviewed,hk-selection|learner-definition|category|display-reading|curriculum-priority,top-500
克,105,107,gram; overcome; transliteration,general,JRHU,JU,2,source-attested-unreviewed,hk-selection|learner-definition|category|display-reading|curriculum-priority,top-500
都,106,108,"metropolis, capital; all, the whole; elegant, refined",general,JANL,JL,3,source-attested-unreviewed,hk-selection|learner-definition|category|display-reading|curriculum-priority,top-500
對,107,109,"correct, right; facing, opposed",general,TGDI,TI,2,source-attested-unreviewed,hk-selection|learner-definition|category|display-reading|curriculum-priority,top-500
習,108,110,practice; flapping wings,general,SMHA,SA,2,source-attested-unreviewed,hk-selection|learner-definition|category|display-reading|curriculum-priority,top-500
怎,109,111,what? why? how?,general,OSP,OP,2,source-attested-unreviewed,hk-selection|learner-definition|category|display-reading|curriculum-priority,top-500
兒,110,112,"son, child, oneself; final part",people,HXHU,HU,4,source-attested-unreviewed,hk-selection|learner-definition|category|display-reading|curriculum-priority,top-500
又,111,113,"and, also, again, in addition",general,NK,NK,2,source-attested-unreviewed,hk-selection|learner-definition|category|display-reading|curriculum-priority,top-500
花,112,114,flower; blossoms,general,TOP,TP,3,source-attested-unreviewed,hk-selection|learner-definition|category|display-reading|curriculum-priority,top-500
四,113,115,four,numbers,WC,WC,2,source-attested-unreviewed,hk-selection|learner-definition|category|display-reading|curriculum-priority,top-500
心,114,116,"heart; mind, intelligence; soul; 5th lunar mansion, determinative star α Scorpii (Antares)",general,P,P,3,source-attested-unreviewed,hk-selection|learner-definition|category|display-reading|curriculum-priority,top-500
工,115,117,"labor, work; worker, laborer",general,MLM,MM,2,source-attested-unreviewed,hk-selection|learner-definition|category|display-reading|curriculum-priority,top-500
加,116,118,"add to, increase, augment",general,KSR,KR,2,source-attested-unreviewed,hk-selection|learner-definition|category|display-reading|curriculum-priority,top-500
些,117,119,"little, few; rather, somewhat",general,YPMM,YM,4,source-attested-unreviewed,hk-selection|learner-definition|category|display-reading|curriculum-priority,top-500
老,118,120,"old, aged; experienced; Kangxi radical 125",general,JKP,JP,2,source-attested-unreviewed,hk-selection|learner-definition|category|display-reading|curriculum-priority,top-500
再,119,121,"again, twice, re-",general,MGB,MB,2,source-attested-unreviewed,hk-selection|learner-definition|category|display-reading|curriculum-priority,top-500
音,120,122,"sound, tone, pitch, pronunciation; Kangxi radical 180",general,YTA,YA,2,source-attested-unreviewed,hk-selection|learner-definition|category|display-reading|curriculum-priority,top-500
發,121,123,"issue, dispatch, send out, emit",general,NONHE,NE,5,source-attested-unreviewed,hk-selection|learner-definition|category|display-reading|curriculum-priority,top-500
車,122,124,"cart, vehicle; carry in a cart; Kangxi radical 159",general,JWJ,JJ,4,source-attested-unreviewed,hk-selection|learner-definition|category|display-reading|curriculum-priority,top-500
共,123,125,"together with, all, total; to share",general,TC,TC,5,source-attested-unreviewed,hk-selection|learner-definition|category|display-reading|curriculum-priority,top-500
意,124,126,"thought, idea, opinion; think",general,YTAP,YP,4,source-attested-unreviewed,hk-selection|learner-definition|category|display-reading|curriculum-priority,top-500
月,125,127,moon; month; Kangxi radical 74,nature,B,B,5,source-attested-unreviewed,hk-selection|learner-definition|category|display-reading|curriculum-priority,top-500
圖,126,128,"diagram; chart, map, picture",general,WRJW,WW,2,source-attested-unreviewed,hk-selection|learner-definition|category|display-reading|curriculum-priority,top-500
相,127,129,"mutual, reciprocal, each other",general,DBU,DU,4,source-attested-unreviewed,hk-selection|learner-definition|category|display-reading|curriculum-priority,top-500
哪,128,130,which? where? how?,general,RSQL,RL,10,source-attested-unreviewed,hk-selection|learner-definition|category|display-reading|curriculum-priority,top-500
唱,129,131,"sing, chant, call; ditty, song",general,RAA,RA,2,source-attested-unreviewed,hk-selection|learner-definition|category|display-reading|curriculum-priority,top-500
物,130,132,"thing, substance, creature",general,HQPHH,HH,3,source-attested-unreviewed,hk-selection|learner-definition|category|display-reading|curriculum-priority,top-500
聲,131,133,"sound, voice, noise; tone; music",general,GESJ,GJ,4,source-attested-unreviewed,hk-selection|learner-definition|category|display-reading|curriculum-priority,top-500
開,132,134,"open; initiate, begin, start",general,ANMT,AT,3,source-attested-unreviewed,hk-selection|learner-definition|category|display-reading|curriculum-priority,top-500
事,133,135,"affair, matter, business; to serve; accident, incident",general,JLLN,JN,4,source-attested-unreviewed,hk-selection|learner-definition|category|display-reading|curriculum-priority,top-500
本,134,136,"root, origin, source; basis",general,DM,DM,3,source-attested-unreviewed,hk-selection|learner-definition|category|display-reading|curriculum-priority,top-500
果,135,137,fruit; result,food,WD,WD,4,source-attested-unreviewed,hk-selection|learner-definition|category|display-reading|curriculum-priority,top-500
進,136,138,"advance, make progress, enter",actions,YOG,YG,2,source-attested-unreviewed,hk-selection|learner-definition|category|display-reading|curriculum-priority,top-500
點,137,139,"dot, speck, spot; point, degree",general,WFYR,WR,4,source-attested-unreviewed,hk-selection|learner-definition|category|display-reading|curriculum-priority,top-500
樹,138,140,"tree; plant; set up, establish",general,DGTI,DI,2,source-attested-unreviewed,hk-selection|learner-definition|category|display-reading|curriculum-priority,top-500
現,139,141,"appear, manifest, become visible",general,MGBUU,MU,2,source-attested-unreviewed,hk-selection|learner-definition|category|display-reading|curriculum-priority,top-500
然,140,142,"yes, certainly; pledge, promise",general,BKF,BF,3,source-attested-unreviewed,hk-selection|learner-definition|category|display-reading|curriculum-priority,top-500
合,141,143,"combine, unite, join; gather",general,OMR,OR,5,source-attested-unreviewed,hk-selection|learner-definition|category|display-reading|curriculum-priority,top-500
積,142,144,"accumulate, store up, amass",general,HDQMC,HC,2,source-attested-unreviewed,hk-selection|learner-definition|category|display-reading|curriculum-priority,top-500
產,143,145,"give birth, bring forth, produce",actions,YKMHM,YM,2,source-attested-unreviewed,hk-selection|learner-definition|category|display-reading|curriculum-priority,top-500
前,144,146,"in front, forward; preceding",general,TBLN,TN,3,source-attested-unreviewed,hk-selection|learner-definition|category|display-reading|curriculum-priority,top-500
沒,145,147,"not, have not, none; to drown, sink",general,ENE,EE,3,source-attested-unreviewed,hk-selection|learner-definition|category|display-reading|curriculum-priority,top-500
山,146,148,"mountain, hill, peak",nature,U,U,2,source-attested-unreviewed,hk-selection|learner-definition|category|display-reading|curriculum-priority,top-500
條,147,149,"clause, condition; string, stripe",general,OLHD,OD,3,source-attested-unreviewed,hk-selection|learner-definition|category|display-reading|curriculum-priority,top-500
頭,148,150,"head; top; chief, first; boss",general,MTMBC,MC,3,source-attested-unreviewed,hk-selection|learner-definition|category|display-reading|curriculum-priority,top-500
走,149,151,"walk, go on foot; run; leave; Kangxi radical 156",actions,GYO,GO,2,source-attested-unreviewed,hk-selection|learner-definition|category|display-reading|curriculum-priority,top-500
民,150,152,"people, subjects, citizens",general,RVP,RP,2,source-attested-unreviewed,hk-selection|learner-definition|category|display-reading|curriculum-priority,top-500
求,151,153,"seek; demand, request; beseech",general,IJE,IE,2,source-attested-unreviewed,hk-selection|learner-definition|category|display-reading|curriculum-priority,top-500
道,152,154,"path, road, street; method, way",general,YTHU,YU,4,source-attested-unreviewed,hk-selection|learner-definition|category|display-reading|curriculum-priority,top-500
組,153,155,"class; section, department",general,VFBM,VM,3,source-attested-unreviewed,hk-selection|learner-definition|category|display-reading|curriculum-priority,top-500
給,154,156,"give; by, for",actions,VFOMR,VR,4,source-attested-unreviewed,hk-selection|learner-definition|category|display-reading|curriculum-priority,top-500
正,155,157,"right, proper, correct",general,MYLM,MM,5,source-attested-unreviewed,hk-selection|learner-definition|category|display-reading|curriculum-priority,top-500
快,156,158,"rapid, quick, speedy, fast; soon",general,PDK,PK,3,source-attested-unreviewed,hk-selection|learner-definition|category|display-reading|curriculum-priority,top-500
媽,157,159,"mother, mama",people,VSQF,VF,3,source-attested-unreviewed,hk-selection|learner-definition|category|display-reading|curriculum-priority,top-500
書,158,160,"book, letter, document; writings",education,LGA,LA,2,source-attested-unreviewed,hk-selection|learner-definition|category|display-reading|curriculum-priority,top-500
口,159,161,"mouth; open end; entrance, gate",general,R,R,3,source-attested-unreviewed,hk-selection|learner-definition|category|display-reading|curriculum-priority,top-500
段,160,162,"section, piece, division",general,HJHNE,HE,2,source-attested-unreviewed,hk-selection|learner-definition|category|display-reading|curriculum-priority,top-500
重,161,163,"heavy, weighty; double",general,HJWG,HG,6,source-attested-unreviewed,hk-selection|learner-definition|category|display-reading|curriculum-priority,top-500
明,162,164,"bright, light, brilliant; clear",general,AB,AB,4,source-attested-unreviewed,hk-selection|learner-definition|category|display-reading|curriculum-priority,top-500
公,163,165,"fair, equitable; public; duke",general,CI,CI,2,source-attested-unreviewed,hk-selection|learner-definition|category|display-reading|curriculum-priority,top-500
向,164,166,"toward, direction, trend",general,HBR,HR,2,source-attested-unreviewed,hk-selection|learner-definition|category|display-reading|curriculum-priority,top-500
路,165,167,"road, path, street; journey",general,RMHER,RR,3,source-attested-unreviewed,hk-selection|learner-definition|category|display-reading|curriculum-priority,top-500
紅,166,168,"red, vermillion; blush, flush",general,VFM,VM,5,source-attested-unreviewed,hk-selection|learner-definition|category|display-reading|curriculum-priority,top-500
樂,167,169,"happy, glad; enjoyable; music",general,VID,VD,9,source-attested-unreviewed,hk-selection|learner-definition|category|display-reading|curriculum-priority,top-500
手,168,170,hand,general,Q,Q,3,source-attested-unreviewed,hk-selection|learner-definition|category|display-reading|curriculum-priority,top-500
先,169,171,"first, former, previous",general,HGHU,HU,2,source-attested-unreviewed,hk-selection|learner-definition|category|display-reading|curriculum-priority,top-500
字,170,172,"letter, character, word",general,JND,JD,3,source-attested-unreviewed,hk-selection|learner-definition|category|display-reading|curriculum-priority,top-500
除,171,173,"eliminate, remove, except",general,NLOMD,ND,4,source-attested-unreviewed,hk-selection|learner-definition|category|display-reading|curriculum-priority,top-500
全,172,174,"maintain, keep whole or intact",general,OMG,OG,2,source-attested-unreviewed,hk-selection|learner-definition|category|display-reading|curriculum-priority,top-500
五,173,175,five; surname,people,MDM,MM,2,source-attested-unreviewed,hk-selection|learner-definition|category|display-reading|curriculum-priority,top-500
百,174,176,"one hundred; numerous, many",numbers,MA,MA,4,source-attested-unreviewed,hk-selection|learner-definition|category|display-reading|curriculum-priority,top-500
部,175,177,"part, division, section",general,YRNL,YL,3,source-attested-unreviewed,hk-selection|learner-definition|category|display-reading|curriculum-priority,top-500
叫,176,178,"cry, shout; hail, greet, call",general,RVL,RL,2,source-attested-unreviewed,hk-selection|learner-definition|category|display-reading|curriculum-priority,top-500
啦,177,179,final particle of assertion,general,RQYT,RT,3,source-attested-unreviewed,hk-selection|learner-definition|category|display-reading|curriculum-priority,top-500
主,178,180,"master, chief owner; host; lord",general,YG,YG,3,source-attested-unreviewed,hk-selection|learner-definition|category|display-reading|curriculum-priority,top-500
思,179,181,"think, consider, ponder; final particle",general,WP,WP,6,source-attested-unreviewed,hk-selection|learner-definition|category|display-reading|curriculum-priority,top-500
回,180,182,"return, turn around; a time",general,WR,WR,2,source-attested-unreviewed,hk-selection|learner-definition|category|display-reading|curriculum-priority,top-500
畫,181,183,"delineate, painting, picture, drawing; draw",general,LGWM,LM,3,source-attested-unreviewed,hk-selection|learner-definition|category|display-reading|curriculum-priority,top-500
答,182,184,"answer, reply; return; assent to",general,HOMR,HR,3,source-attested-unreviewed,hk-selection|learner-definition|category|display-reading|curriculum-priority,top-500
機,183,185,"machine; moment, chance",general,DVII,DI,2,source-attested-unreviewed,hk-selection|learner-definition|category|display-reading|curriculum-priority,top-500
氣,184,186,"air, gas, steam, vapor; spirit",general,ONFD,OD,4,source-attested-unreviewed,hk-selection|learner-definition|category|display-reading|curriculum-priority,top-500
元,185,187,first; dollar; origin; head,general,MMU,MU,2,source-attested-unreviewed,hk-selection|learner-definition|category|display-reading|curriculum-priority,top-500
當,186,188,"bear, accept, undertake; just",general,FBRW,FW,5,source-attested-unreviewed,hk-selection|learner-definition|category|display-reading|curriculum-priority,top-500
師,187,189,"teacher, master, specialist; multitude, troops; hexagram ䷆",general,HRMLB,HB,2,source-attested-unreviewed,hk-selection|learner-definition|category|display-reading|curriculum-priority,top-500
像,188,190,"a picture, image, figure; to resemble",general,ONAO,OO,2,source-attested-unreviewed,hk-selection|learner-definition|category|display-reading|curriculum-priority,top-500
間,189,191,"interval, space; place, between",general,ANA,AA,6,source-attested-unreviewed,hk-selection|learner-definition|category|display-reading|curriculum-priority,top-500
例,190,192,"precedent, example; regulation",general,OMNN,ON,3,source-attested-unreviewed,hk-selection|learner-definition|category|display-reading|curriculum-priority,top-500
實,191,193,"real, true, solid, honest",general,JWJC,JC,4,source-attested-unreviewed,hk-selection|learner-definition|category|display-reading|curriculum-priority,top-500
放,192,194,"put, release, free, liberate",general,YSOK,YK,4,source-attested-unreviewed,hk-selection|learner-definition|category|display-reading|curriculum-priority,top-500
最,193,195,"most, extremely, exceedingly",general,ASJE,AE,3,source-attested-unreviewed,hk-selection|learner-definition|category|display-reading|curriculum-priority,top-500
萬,194,196,ten thousand; innumerable,numbers,TWLB,TB,2,source-attested-unreviewed,hk-selection|learner-definition|category|display-reading|curriculum-priority,top-500
情,195,197,"feeling, sentiment, emotion",general,PQMB,PB,3,source-attested-unreviewed,hk-selection|learner-definition|category|display-reading|curriculum-priority,top-500
知,196,198,"know, perceive, comprehend",general,OKR,OR,4,source-attested-unreviewed,hk-selection|learner-definition|category|display-reading|curriculum-priority,top-500
解,197,199,"loosen, unfasten, untie; explain; hexagram ䷧",general,NBSHQ,NQ,5,source-attested-unreviewed,hk-selection|learner-definition|category|display-reading|curriculum-priority,top-500
角,198,200,"horn; angle, corner; point; Kangxi radical 148; 1st lunar mansion, determinative star Spica",general,NBG,NG,5,source-attested-unreviewed,hk-selection|learner-definition|category|display-reading|curriculum-priority,top-500
隊,199,201,"team, group; army unit",general,NLTPO,NO,4,source-attested-unreviewed,hk-selection|learner-definition|category|display-reading|curriculum-priority,top-500
很,200,202,"very, quite, much",general,HOAV,HV,2,source-attested-unreviewed,hk-selection|learner-definition|category|display-reading|curriculum-priority,top-500
白,201,203,"white; pure, unblemished; bright",general,HA,HA,4,source-attested-unreviewed,hk-selection|learner-definition|category|display-reading|curriculum-priority,top-500
運,202,204,"luck, fortune; ship, transport",general,YBJJ,YJ,2,source-attested-unreviewed,hk-selection|learner-definition|category|display-reading|curriculum-priority,top-500
次,203,205,"order, sequence; next",general,IMNO,IO,4,source-attested-unreviewed,hk-selection|learner-definition|category|display-reading|curriculum-priority,top-500
隻,204,206,"single, one of pair, lone; measure word",numbers,OGE,OE,3,source-attested-unreviewed,hk-selection|learner-definition|category|display-reading|curriculum-priority,top-500
化,205,207,"change, convert, reform; -ize",general,OP,OP,4,source-attested-unreviewed,hk-selection|learner-definition|category|display-reading|curriculum-priority,top-500
活,206,208,"live, exist, survive; lively",general,EHJR,ER,4,source-attested-unreviewed,hk-selection|learner-definition|category|display-reading|curriculum-priority,top-500
句,207,209,sentence,general,PR,PR,6,source-attested-unreviewed,hk-selection|learner-definition|category|display-reading|curriculum-priority,top-500
電,208,210,"electricity, electric; lightning",general,MBWU,MU,2,source-attested-unreviewed,hk-selection|learner-definition|category|display-reading|curriculum-priority,top-500
釐,209,211,"manage, control; thousandth part of tael",general,JKMWG,JG,7,source-attested-unreviewed,hk-selection|learner-definition|category|display-reading|curriculum-priority,top-500
日,210,212,sun; day; daytime,nature,A,A,2,source-attested-unreviewed,hk-selection|learner-definition|category|display-reading|curriculum-priority,top-500
等,211,213,"rank, grade; to wait; equal, “and so forth”",general,HGDI,HI,2,source-attested-unreviewed,hk-selection|learner-definition|category|display-reading|curriculum-priority,top-500
美,212,214,"beautiful, pretty; pleasing",general,TGK,TK,2,source-attested-unreviewed,hk-selection|learner-definition|category|display-reading|curriculum-priority,top-500
倍,213,215,"times, fold, multiple times",general,OYTR,OR,3,source-attested-unreviewed,hk-selection|learner-definition|category|display-reading|curriculum-priority,top-500
經,214,216,classic works; pass through,general,VFMVM,VM,4,source-attested-unreviewed,hk-selection|learner-definition|category|display-reading|curriculum-priority,top-500
完,215,217,"complete, finish, settle; whole",general,JMMU,JU,3,source-attested-unreviewed,hk-selection|learner-definition|category|display-reading|curriculum-priority,top-500
量,216,218,"measure, quantity, capacity",general,AMWG,AG,5,source-attested-unreviewed,hk-selection|learner-definition|category|display-reading|curriculum-priority,top-500
球,217,219,"ball, sphere, globe; round",general,MGIJE,ME,2,source-attested-unreviewed,hk-selection|learner-definition|category|display-reading|curriculum-priority,top-500
飛,218,220,fly; go quickly; dart; high; Kangxi radical 183,actions,NOHTO,NO,2,source-attested-unreviewed,hk-selection|learner-definition|category|display-reading|curriculum-priority,top-500
軍,219,221,"army, military; soldiers, troops",general,BJWJ,BJ,2,source-attested-unreviewed,hk-selection|learner-definition|category|display-reading|curriculum-priority,top-500
之,220,222,"marks preceding phrase as modifier of following phrase; it, him her, them; go to",actions,INO,IO,4,source-attested-unreviewed,hk-selection|learner-definition|category|display-reading|curriculum-priority,top-500
詞,221,223,"words; phrase, expression",general,YRSMR,YR,2,source-attested-unreviewed,hk-selection|learner-definition|category|display-reading|curriculum-priority,top-500
色,222,224,"color, tint, hue, shade; form, body; beauty, desire for beauty; Kangxi radical 139",general,NAU,NU,3,source-attested-unreviewed,hk-selection|learner-definition|category|display-reading|curriculum-priority,top-500
度,223,225,"degree, system; manner; to consider",general,ITE,IE,6,source-attested-unreviewed,hk-selection|learner-definition|category|display-reading|curriculum-priority,top-500
根,224,226,"root, base(d on); foundation",general,DAV,DV,2,source-attested-unreviewed,hk-selection|learner-definition|category|display-reading|curriculum-priority,top-500
問,225,227,"ask (about), inquire after",general,ANR,AR,3,source-attested-unreviewed,hk-selection|learner-definition|category|display-reading|curriculum-priority,top-500
呀,226,228,particle used to express surprise or mild emphasis; (Cant.) slurred form of the number ten,numbers,RMVH,RH,4,source-attested-unreviewed,hk-selection|learner-definition|category|display-reading|curriculum-priority,top-500
打,227,229,"strike, hit, beat; fight; attack",general,QMN,QN,5,source-attested-unreviewed,hk-selection|learner-definition|category|display-reading|curriculum-priority,top-500
光,228,230,"light, brilliant, shine; only",general,FMU,FU,3,source-attested-unreviewed,hk-selection|learner-definition|category|display-reading|curriculum-priority,top-500
空,229,231,"empty, hollow, bare, deserted",general,JCM,JM,4,source-attested-unreviewed,hk-selection|learner-definition|category|display-reading|curriculum-priority,top-500
如,230,232,"if, supposing; as if; like, as",general,VR,VR,2,source-attested-unreviewed,hk-selection|learner-definition|category|display-reading|curriculum-priority,top-500
她,231,233,"she, her",general,VPD,VD,4,source-attested-unreviewed,hk-selection|learner-definition|category|display-reading|curriculum-priority,top-500
見,232,234,"see, observe, behold; perceive; Kangxi radical 147",actions,BUHU,BU,4,source-attested-unreviewed,hk-selection|learner-definition|category|display-reading|curriculum-priority,top-500
原,233,235,"source, origin, beginning",general,MHAF,MF,2,source-attested-unreviewed,hk-selection|learner-definition|category|display-reading|curriculum-priority,top-500
節,234,236,"knot, node, joint; section; hexagram ䷻",general,HAIL,HL,3,source-attested-unreviewed,hk-selection|learner-definition|category|display-reading|curriculum-priority,top-500
身,235,237,"body; trunk, hull; Kangxi radical 158",general,HXH,HH,4,source-attested-unreviewed,hk-selection|learner-definition|category|display-reading|curriculum-priority,top-500
爸,236,238,"father, papa",people,CKAU,CU,3,source-attested-unreviewed,hk-selection|learner-definition|category|display-reading|curriculum-priority,top-500
線,237,239,"thread, line, wire; clue",general,VFHAE,VE,2,source-attested-unreviewed,hk-selection|learner-definition|category|display-reading|curriculum-priority,top-500
己,238,240,"self, oneself; personal, private; 6th heavenly stem",general,SU,SU,3,source-attested-unreviewed,hk-selection|learner-definition|category|display-reading|curriculum-priority,top-500
乘,239,241,"ride, ascend; avail oneself of; numerary adjunct for vehicles",general,HDLP,HP,4,source-attested-unreviewed,hk-selection|learner-definition|category|display-reading|curriculum-priority,top-500
嗎,240,242,final interrogative particle,general,RSQF,RF,6,source-attested-unreviewed,hk-selection|learner-definition|category|display-reading|curriculum-priority,top-500
只,241,243,"only, just, simply",general,RC,RC,3,source-attested-unreviewed,hk-selection|learner-definition|category|display-reading|curriculum-priority,top-500
內,242,244,"inside, interior; domestic",general,OB,OB,2,source-attested-unreviewed,hk-selection|learner-definition|category|display-reading|curriculum-priority,top-500
填,243,245,"fill in, fill up; make good",actions,GJBC,GC,5,source-attested-unreviewed,hk-selection|learner-definition|category|display-reading|curriculum-priority,top-500
變,244,246,"change, transform, alter; rebel",general,VFOK,VK,2,source-attested-unreviewed,hk-selection|learner-definition|category|display-reading|curriculum-priority,top-500
星,245,247,"a star, planet; any point of light; 25th lunar mansion, determinative star α Hydrae (Alphard)",general,AHQM,AM,2,source-attested-unreviewed,hk-selection|learner-definition|category|display-reading|curriculum-priority,top-500
別,246,248,"separate, other; do not",actions,RSLN,RN,3,source-attested-unreviewed,hk-selection|learner-definition|category|display-reading|curriculum-priority,top-500
外,247,249,"out, outside, external; foreign",general,NIY,NY,2,source-attested-unreviewed,hk-selection|learner-definition|category|display-reading|curriculum-priority,top-500
件,248,250,numerary adjunct for article; matter,general,OHQ,OQ,3,source-attested-unreviewed,hk-selection|learner-definition|category|display-reading|curriculum-priority,top-500
愛,249,251,"love, be fond of, like",general,BBPE,BE,2,source-attested-unreviewed,hk-selection|learner-definition|category|display-reading|curriculum-priority,top-500
連,250,252,"join, connect; continuous; even",general,YJWJ,YJ,5,source-attested-unreviewed,hk-selection|learner-definition|category|display-reading|curriculum-priority,top-500
級,251,253,"level, rank, class; grade",general,VFNHE,VE,2,source-attested-unreviewed,hk-selection|learner-definition|category|display-reading|curriculum-priority,top-500
式,252,254,"style, system, formula, rule",general,IPM,IM,4,source-attested-unreviewed,hk-selection|learner-definition|category|display-reading|curriculum-priority,top-500
於,253,255,"in, at, on; interjection alas!",general,YSOY,YY,4,source-attested-unreviewed,hk-selection|learner-definition|category|display-reading|curriculum-priority,top-500
力,254,256,"power, capability, influence; Kangxi radical 19",general,KS,KS,3,source-attested-unreviewed,hk-selection|learner-definition|category|display-reading|curriculum-priority,top-500
直,255,257,"straight, erect, vertical",general,JBMM,JM,2,source-attested-unreviewed,hk-selection|learner-definition|category|display-reading|curriculum-priority,top-500
張,256,258,"stretch, extend, expand; sheet; 26th lunar mansion, determinative star υ¹ Hydrae",general,NSMV,NV,3,source-attested-unreviewed,hk-selection|learner-definition|category|display-reading|curriculum-priority,top-500
均,257,259,"equal, even, fair; all, also",general,GPIM,GM,3,source-attested-unreviewed,hk-selection|learner-definition|category|display-reading|curriculum-priority,top-500
班,258,260,"class, group, grade; squad; job",general,MGILG,MG,2,source-attested-unreviewed,hk-selection|learner-definition|category|display-reading|curriculum-priority,top-500
被,259,261,passive indicator 'by'; bedding,general,LDHE,LE,6,source-attested-unreviewed,hk-selection|learner-definition|category|display-reading|curriculum-priority,top-500
噸,260,262,ton (metric or English),general,RPUC,RC,2,source-attested-unreviewed,hk-selection|learner-definition|category|display-reading|curriculum-priority,top-500
帶,261,263,"belt, girdle, band, strap, zone",general,KPBLB,KB,2,source-attested-unreviewed,hk-selection|learner-definition|category|display-reading|curriculum-priority,top-500
話,262,264,"speech, talk, language; dialect",general,YRHJR,YR,3,source-attested-unreviewed,hk-selection|learner-definition|category|display-reading|curriculum-priority,top-500
應,263,265,"should, ought to, must",general,IOGP,IP,5,source-attested-unreviewed,hk-selection|learner-definition|category|display-reading|curriculum-priority,top-500
已,264,266,already; finished; stop,general,SU,SU,2,source-attested-unreviewed,hk-selection|learner-definition|category|display-reading|curriculum-priority,top-500
理,265,267,"reason, logic; manage",general,MGWG,MG,3,source-attested-unreviewed,hk-selection|learner-definition|category|display-reading|curriculum-priority,top-500
火,266,268,"fire, flame; burn; anger, rage",nature,F,F,3,source-attested-unreviewed,hk-selection|learner-definition|category|display-reading|curriculum-priority,top-500
風,267,269,"wind; air; manners, atmosphere; Kangxi radical 182",nature,HNHLI,HI,5,source-attested-unreviewed,hk-selection|learner-definition|category|display-reading|curriculum-priority,top-500
奏,268,270,memorialize emperor; report,general,QKHK,QK,3,source-attested-unreviewed,hk-selection|learner-definition|category|display-reading|curriculum-priority,top-500
照,269,271,"shine, illumine, reflect",general,ARF,AF,2,source-attested-unreviewed,hk-selection|learner-definition|category|display-reading|curriculum-priority,top-500
立,270,272,"stand; let stand; establish, set",general,YT,YT,4,source-attested-unreviewed,hk-selection|learner-definition|category|display-reading|curriculum-priority,top-500
常,271,273,"common, normal, frequent, regular",general,FBRLB,FB,2,source-attested-unreviewed,hk-selection|learner-definition|category|display-reading|curriculum-priority,top-500
西,272,275,west(ern); westward; occident; Kangxi radical 146,general,MCW,MW,3,source-attested-unreviewed,hk-selection|learner-definition|category|display-reading|curriculum-priority,top-500
結,273,276,"knot, tie; join, connect",general,VFGR,VR,4,source-attested-unreviewed,hk-selection|learner-definition|category|display-reading|curriculum-priority,top-500
或,274,277,"or, either, else; perhaps, maybe",general,IRM,IM,3,source-attested-unreviewed,hk-selection|learner-definition|category|display-reading|curriculum-priority,top-500
真,275,278,"real, actual, true, genuine",general,JBMC,JC,2,source-attested-unreviewed,hk-selection|learner-definition|category|display-reading|curriculum-priority,top-500
總,276,279,"collect; overall, altogether",general,VFHWP,VP,4,source-attested-unreviewed,hk-selection|learner-definition|category|display-reading|curriculum-priority,top-500
新,277,280,"new, recent, fresh, modern",general,YDHML,YL,2,source-attested-unreviewed,hk-selection|learner-definition|category|display-reading|curriculum-priority,top-500
約,278,281,"treaty, agreement, covenant",general,VFPI,VI,5,source-attested-unreviewed,hk-selection|learner-definition|category|display-reading|curriculum-priority,top-500
示,279,282,"show, manifest; demonstrate; Kangxi radical 113",general,MMF,MF,5,source-attested-unreviewed,hk-selection|learner-definition|category|display-reading|curriculum-priority,top-500
塊,280,283,"piece, lump; dollar",general,GHUI,GI,2,source-attested-unreviewed,hk-selection|learner-definition|category|display-reading|curriculum-priority,top-500
請,281,284,"ask, request; invite; please",general,YRQMB,YB,4,source-attested-unreviewed,hk-selection|learner-definition|category|display-reading|curriculum-priority,top-500
整,282,285,"orderly, neat, tidy; whole",general,DKMYM,DM,2,source-attested-unreviewed,hk-selection|learner-definition|category|display-reading|curriculum-priority,top-500
圓,283,286,"circle; round, circular; complete",general,WRBC,WC,2,source-attested-unreviewed,hk-selection|learner-definition|category|display-reading|curriculum-priority,top-500
買,284,287,"buy, purchase; bribe, persuade",general,WLBUC,WC,2,source-attested-unreviewed,hk-selection|learner-definition|category|display-reading|curriculum-priority,top-500
號,285,288,"mark, sign; symbol; number",numbers,RSYPN,RN,5,source-attested-unreviewed,hk-selection|learner-definition|category|display-reading|curriculum-priority,top-500
海,286,289,"sea, ocean; maritime",general,EOWY,EY,2,source-attested-unreviewed,hk-selection|learner-definition|category|display-reading|curriculum-priority,top-500
並,287,290,"equal to; side by side; also, what is more; both",general,TTC,TC,4,source-attested-unreviewed,hk-selection|learner-definition|category|display-reading|curriculum-priority,top-500
而,288,291,and; and then; and yet; but; Kangxi radical 126,general,MBLL,ML,3,source-attested-unreviewed,hk-selection|learner-definition|category|display-reading|curriculum-priority,top-500
所,289,292,"place, location; numerary adjunct",general,HSHML,HL,2,source-attested-unreviewed,hk-selection|learner-definition|category|display-reading|curriculum-priority,top-500
商,290,293,"commerce, business, trade",general,YCBR,YR,2,source-attested-unreviewed,hk-selection|learner-definition|category|display-reading|curriculum-priority,top-500
河,291,294,river; stream; the Yellow River,general,EMNR,ER,2,source-attested-unreviewed,hk-selection|learner-definition|category|display-reading|curriculum-priority,top-500
馬,292,295,horse; surname; Kangxi radical 187,people,SQSF,SF,2,source-attested-unreviewed,hk-selection|learner-definition|category|display-reading|curriculum-priority,top-500
東,293,296,"east, eastern, eastward",general,DW,DW,2,source-attested-unreviewed,hk-selection|learner-definition|category|display-reading|curriculum-priority,top-500
列,294,297,"a line; to arrange in order, classify",general,MNLN,MN,3,source-attested-unreviewed,hk-selection|learner-definition|category|display-reading|curriculum-priority,top-500
吃,295,298,"eat; drink; suffer, endure, bear",food,RON,RN,5,source-attested-unreviewed,hk-selection|learner-definition|category|display-reading|curriculum-priority,top-500
陽,296,299,"the active, male principle in Chinese philosophy (yang); light; sun",nature,NLAMH,NH,2,source-attested-unreviewed,hk-selection|learner-definition|category|display-reading|curriculum-priority,top-500
按,297,300,"put hand on, press down with hand",general,QJV,QV,2,source-attested-unreviewed,hk-selection|learner-definition|category|display-reading|curriculum-priority,top-500
其,298,301,"his, her, its, their; that",general,TMMC,TC,5,source-attested-unreviewed,hk-selection|learner-definition|category|display-reading|curriculum-priority,top-500
定,299,302,"decide, settle, fix",general,JMYO,JO,2,source-attested-unreviewed,hk-selection|learner-definition|category|display-reading|curriculum-priority,top-500
眼,300,303,"eye; eyelet, hole, opening",general,BUAV,BV,3,source-attested-unreviewed,hk-selection|learner-definition|category|display-reading|curriculum-priority,top-500
孩,301,304,"baby, child; children",people,NDYVO,NO,2,source-attested-unreviewed,hk-selection|learner-definition|category|display-reading|curriculum-priority,top-500
感,302,305,"feel, perceive, emotion",general,IRP,IP,3,source-attested-unreviewed,hk-selection|learner-definition|category|display-reading|curriculum-priority,top-500
候,303,306,wait; expect; visit; greet,general,OLNK,OK,3,source-attested-unreviewed,hk-selection|learner-definition|category|display-reading|curriculum-priority,top-500
棵,304,307,numerary adjunct for trees,general,DWD,DD,5,source-attested-unreviewed,hk-selection|learner-definition|category|display-reading|curriculum-priority,top-500
義,305,308,"right conduct, righteousness",general,TGHQI,TI,4,source-attested-unreviewed,hk-selection|learner-definition|category|display-reading|curriculum-priority,top-500
份,306,309,"portion, part; duty",general,OCSH,OH,4,source-attested-unreviewed,hk-selection|learner-definition|category|display-reading|curriculum-priority,top-500
裝,307,310,"dress, clothes; decorate; fill",general,VGYHV,VV,2,source-attested-unreviewed,hk-selection|learner-definition|category|display-reading|curriculum-priority,top-500
呢,308,311,interrogative or emphatic final; (Cant.) this,general,RSP,RP,7,source-attested-unreviewed,hk-selection|learner-definition|category|display-reading|curriculum-priority,top-500
業,309,312,"profession, business, trade",general,TCTD,TD,2,source-attested-unreviewed,hk-selection|learner-definition|category|display-reading|curriculum-priority,top-500
劃,310,313,"divide, mark off, lay boundary",general,LMLN,LN,4,source-attested-unreviewed,hk-selection|learner-definition|category|display-reading|curriculum-priority,top-500
周,311,314,Zhou dynasty; circumference,general,BGR,BR,2,source-attested-unreviewed,hk-selection|learner-definition|category|display-reading|curriculum-priority,top-500
驗,312,315,"test, examine, inspect; verify",general,SFOMO,SO,2,source-attested-unreviewed,hk-selection|learner-definition|category|display-reading|curriculum-priority,top-500
王,313,316,"king, ruler; royal; surname",people,MG,MG,5,source-attested-unreviewed,hk-selection|learner-definition|category|display-reading|curriculum-priority,top-500
太,314,317,"very, too, much; big; extreme",general,KI,KI,4,source-attested-unreviewed,hk-selection|learner-definition|category|display-reading|curriculum-priority,top-500
校,315,318,school; military field officer,education,DYCK,DK,6,source-attested-unreviewed,hk-selection|learner-definition|category|display-reading|curriculum-priority,top-500
指,316,319,"finger, toe; point, indicate",general,QPA,QA,4,source-attested-unreviewed,hk-selection|learner-definition|category|display-reading|curriculum-priority,top-500
單,317,320,"single, individual, only; lone",general,RRWJ,RJ,11,source-attested-unreviewed,hk-selection|learner-definition|category|display-reading|curriculum-priority,top-500
容,318,321,"looks, appearance; figure, form",general,JCOR,JR,3,source-attested-unreviewed,hk-selection|learner-definition|category|display-reading|curriculum-priority,top-500
語,319,322,"language, words; saying, expression",general,YRMMR,YR,4,source-attested-unreviewed,hk-selection|learner-definition|category|display-reading|curriculum-priority,top-500
六,320,323,number six,numbers,YC,YC,3,source-attested-unreviewed,hk-selection|learner-definition|category|display-reading|curriculum-priority,top-500
甲,321,324,"armor, shell; fingernails; 1st heavenly stem",general,WL,WL,3,source-attested-unreviewed,hk-selection|learner-definition|category|display-reading|curriculum-priority,top-500
準,322,325,"rule, guideline, standard",general,EGJ,EJ,3,source-attested-unreviewed,hk-selection|learner-definition|category|display-reading|curriculum-priority,top-500
修,323,326,study; repair; cultivate,education,OLHH,OH,2,source-attested-unreviewed,hk-selection|learner-definition|category|display-reading|curriculum-priority,top-500
輕,324,327,"light; easy, simple; gentle",general,JJMVM,JM,4,source-attested-unreviewed,hk-selection|learner-definition|category|display-reading|curriculum-priority,top-500
住,325,328,"reside, live at, dwell, lodge; stop",general,OYG,OG,2,source-attested-unreviewed,hk-selection|learner-definition|category|display-reading|curriculum-priority,top-500
親,326,329,"relatives, parents; intimate",general,YDBUU,YU,5,source-attested-unreviewed,hk-selection|learner-definition|category|display-reading|curriculum-priority,top-500
戰,327,330,"war, fighting, battle",general,RJI,RI,2,source-attested-unreviewed,hk-selection|learner-definition|category|display-reading|curriculum-priority,top-500
使,328,331,"cause, send on a mission, order; envoy, messenger, ambassador",general,OJLK,OK,4,source-attested-unreviewed,hk-selection|learner-definition|category|display-reading|curriculum-priority,top-500
吸,329,332,"inhale, suck in; absorb; attract",general,RNHE,RE,2,source-attested-unreviewed,hk-selection|learner-definition|category|display-reading|curriculum-priority,top-500
因,330,333,"cause, reason; by; because (of)",general,WK,WK,2,source-attested-unreviewed,hk-selection|learner-definition|category|display-reading|curriculum-priority,top-500
律,331,334,"statute, principle, regulation",general,HOLQ,HQ,2,source-attested-unreviewed,hk-selection|learner-definition|category|display-reading|curriculum-priority,top-500
北,332,335,north; northern; northward,general,LMP,LP,3,source-attested-unreviewed,hk-selection|learner-definition|category|display-reading|curriculum-priority,top-500
拍,333,336,"clap, tap, beat; beat or rhythm",general,QHA,QA,3,source-attested-unreviewed,hk-selection|learner-definition|category|display-reading|curriculum-priority,top-500
跳,334,337,"jump, leap, vault, bounce; dance",general,RMLMO,RO,4,source-attested-unreviewed,hk-selection|learner-definition|category|display-reading|curriculum-priority,top-500
清,335,338,"clear, pure, clean; peaceful",general,EQMB,EB,3,source-attested-unreviewed,hk-selection|learner-definition|category|display-reading|curriculum-priority,top-500
記,336,339,"record; keep in mind, remember",general,YRSU,YU,3,source-attested-unreviewed,hk-selection|learner-definition|category|display-reading|curriculum-priority,top-500
黃,337,340,yellow; surname; Kangxi radical 201,people,TMLC,TC,2,source-attested-unreviewed,hk-selection|learner-definition|category|display-reading|curriculum-priority,top-500
船,338,341,"ship, boat, vessel",general,HYCR,HR,2,source-attested-unreviewed,hk-selection|learner-definition|category|display-reading|curriculum-priority,top-500
減,339,342,"decrease, subtract, diminish",general,EIHR,ER,2,source-attested-unreviewed,hk-selection|learner-definition|category|display-reading|curriculum-priority,top-500
由,340,343,"cause, reason; from",general,LW,LW,3,source-attested-unreviewed,hk-selection|learner-definition|category|display-reading|curriculum-priority,top-500
友,341,344,"friend, companion; fraternity",general,KE,KE,3,source-attested-unreviewed,hk-selection|learner-definition|category|display-reading|curriculum-priority,top-500
笑,342,345,"smile, laugh, giggle; snicker",general,HHK,HK,2,source-attested-unreviewed,hk-selection|learner-definition|category|display-reading|curriculum-priority,top-500
接,343,346,receive; continue; catch; connect,general,QYTV,QV,5,source-attested-unreviewed,hk-selection|learner-definition|category|display-reading|curriculum-priority,top-500
通,344,347,pass through; common; communicate,general,YNIB,YB,3,source-attested-unreviewed,hk-selection|learner-definition|category|display-reading|curriculum-priority,top-500
步,345,348,"step, pace; walk, stroll",general,YLMH,YH,2,source-attested-unreviewed,hk-selection|learner-definition|category|display-reading|curriculum-priority,top-500
誰,346,349,who? whom? whose? anyone?,general,YROG,YG,3,source-attested-unreviewed,hk-selection|learner-definition|category|display-reading|curriculum-priority,top-500
女,347,350,"woman, girl; feminine; Kangxi radical 38; 10th lunar mansion, determinative star ε Aquarii (Albali)",people,V,V,6,source-attested-unreviewed,hk-selection|learner-definition|category|display-reading|curriculum-priority,top-500
利,348,351,"gains, advantage, profit, merit",general,HDLN,HN,3,source-attested-unreviewed,hk-selection|learner-definition|category|display-reading|curriculum-priority,top-500
鐵,349,352,"iron (element 26, Fe); strong, solid, firm",general,CJIG,CG,3,source-attested-unreviewed,hk-selection|learner-definition|category|display-reading|curriculum-priority,top-500
觀,350,353,"see, observe, view; appearance; hexagram ䷓",actions,TGBUU,TU,4,source-attested-unreviewed,hk-selection|learner-definition|category|display-reading|curriculum-priority,top-500
乙,351,354,second; 2nd heavenly stem,general,NU,NU,5,source-attested-unreviewed,hk-selection|learner-definition|category|display-reading|curriculum-priority,top-500
象,352,355,"elephant; ivory; figure, image",general,NAPO,NO,2,source-attested-unreviewed,hk-selection|learner-definition|category|display-reading|curriculum-priority,top-500
名,353,356,"name, rank, title, position",general,NIR,NR,3,source-attested-unreviewed,hk-selection|learner-definition|category|display-reading|curriculum-priority,top-500
草,354,357,"grass, straw, thatch, herbs",general,TAJ,TJ,3,source-attested-unreviewed,hk-selection|learner-definition|category|display-reading|curriculum-priority,top-500
與,355,358,"and; with; to; for; give, grant",actions,HXYC,HC,6,source-attested-unreviewed,hk-selection|learner-definition|category|display-reading|curriculum-priority,top-500
入,356,359,"enter, come in(to), join",actions,OH,OH,2,source-attested-unreviewed,hk-selection|learner-definition|category|display-reading|curriculum-priority,top-500
亮,357,360,"bright, brilliant, radiant, light",general,YRBN,YN,4,source-attested-unreviewed,hk-selection|learner-definition|category|display-reading|curriculum-priority,top-500
排,358,361,"row, rank, line",general,QLMY,QY,4,source-attested-unreviewed,hk-selection|learner-definition|category|display-reading|curriculum-priority,top-500
關,359,362,frontier pass; close; relation,general,ANVIT,AT,4,source-attested-unreviewed,hk-selection|learner-definition|category|display-reading|curriculum-priority,top-500
認,360,363,"recognize, know, understand",general,YRSIP,YP,2,source-attested-unreviewed,hk-selection|learner-definition|category|display-reading|curriculum-priority,top-500
員,361,364,"member; personnel, staff member",general,RBUC,RC,6,source-attested-unreviewed,hk-selection|learner-definition|category|display-reading|curriculum-priority,top-500
速,362,365,"quick, prompt, speedy",general,YDL,YL,2,source-attested-unreviewed,hk-selection|learner-definition|category|display-reading|curriculum-priority,top-500
啊,363,366,exclamatory particle,general,RNLR,RR,9,source-attested-unreviewed,hk-selection|learner-definition|category|display-reading|curriculum-priority,top-500
廠,364,367,"factory, plant, workshop, mill",general,IFBK,IK,2,source-attested-unreviewed,hk-selection|learner-definition|category|display-reading|curriculum-priority,top-500
跑,365,368,"run, flee, leave in hurry",general,RMPRU,RU,5,source-attested-unreviewed,hk-selection|learner-definition|category|display-reading|curriculum-priority,top-500
提,366,369,hold in hand; lift in hand,general,QAMO,QO,6,source-attested-unreviewed,hk-selection|learner-definition|category|display-reading|curriculum-priority,top-500
吹,367,370,"blow; puff; brag, boast",general,RNO,RO,4,source-attested-unreviewed,hk-selection|learner-definition|category|display-reading|curriculum-priority,top-500
才,368,371,"talent, ability; just, only",general,DH,DH,4,source-attested-unreviewed,hk-selection|learner-definition|category|display-reading|curriculum-priority,top-500
魚,369,372,fish; surname; Kangxi radical 195,people,NWF,NF,2,source-attested-unreviewed,hk-selection|learner-definition|category|display-reading|curriculum-priority,top-500
考,370,373,"examine, test; investigate",general,JKYS,JS,2,source-attested-unreviewed,hk-selection|learner-definition|category|display-reading|curriculum-priority,top-500
試,371,374,"test, try, experiment",general,YRIPM,YM,2,source-attested-unreviewed,hk-selection|learner-definition|category|display-reading|curriculum-priority,top-500
青,372,375,"blue, green; young; Kangxi radical 174",general,QMB,QB,4,source-attested-unreviewed,hk-selection|learner-definition|category|display-reading|curriculum-priority,top-500
滿,373,376,"fill; full, satisfied",general,ETLB,EB,3,source-attested-unreviewed,hk-selection|learner-definition|category|display-reading|curriculum-priority,top-500
講,374,377,explain; discuss; talk,general,YRTTB,YB,2,source-attested-unreviewed,hk-selection|learner-definition|category|display-reading|curriculum-priority,top-500
門,375,378,"gate, door, entrance, opening; Kangxi radical 169",general,AN,AN,3,source-attested-unreviewed,hk-selection|learner-definition|category|display-reading|curriculum-priority,top-500
歡,376,379,"happy, pleased, glad; joy; to enjoy",general,TGNO,TO,3,source-attested-unreviewed,hk-selection|learner-definition|category|display-reading|curriculum-priority,top-500
毛,377,380,"hair, fur, feathers; coarse",general,HQU,HU,4,source-attested-unreviewed,hk-selection|learner-definition|category|display-reading|curriculum-priority,top-500
便,378,381,"convenience, ease; expedient",general,OMLK,OK,5,source-attested-unreviewed,hk-selection|learner-definition|category|display-reading|curriculum-priority,top-500
布,379,382,"cotton cloth, textiles, linen",general,KLB,KB,2,source-attested-unreviewed,hk-selection|learner-definition|category|display-reading|curriculum-priority,top-500
選,380,383,"choose, select; elect; election",general,YRUC,YC,5,source-attested-unreviewed,hk-selection|learner-definition|category|display-reading|curriculum-priority,top-500
備,381,384,"prepare, ready, perfect",general,OTHB,OB,2,source-attested-unreviewed,hk-selection|learner-definition|category|display-reading|curriculum-priority,top-500
代,382,385,"replace, replacement (of person or generation); era, generation",people,OIP,OP,2,source-attested-unreviewed,hk-selection|learner-definition|category|display-reading|curriculum-priority,top-500
程,383,386,"journey, trip; schedule, agenda",general,HDRHG,HG,2,source-attested-unreviewed,hk-selection|learner-definition|category|display-reading|curriculum-priority,top-500
據,384,387,"to occupy, take possession of; a base",actions,QYPO,QO,2,source-attested-unreviewed,hk-selection|learner-definition|category|display-reading|curriculum-priority,top-500
無,385,388,"negative, no, not; lack, have no",general,OTF,OF,4,source-attested-unreviewed,hk-selection|learner-definition|category|display-reading|curriculum-priority,top-500
半,386,389,half,general,FQ,FQ,3,source-attested-unreviewed,hk-selection|learner-definition|category|display-reading|curriculum-priority,top-500
林,387,390,"forest, grove; surname",people,DD,DD,2,source-attested-unreviewed,hk-selection|learner-definition|category|display-reading|curriculum-priority,top-500
處,388,391,"place, locale; department",general,YPHEN,YN,6,source-attested-unreviewed,hk-selection|learner-definition|category|display-reading|curriculum-priority,top-500
八,389,392,"eight; all around, all sides",numbers,HO,HO,2,source-attested-unreviewed,hk-selection|learner-definition|category|display-reading|curriculum-priority,top-500
找,390,393,"search, seek, look for; find",general,QI,QI,3,source-attested-unreviewed,hk-selection|learner-definition|category|display-reading|curriculum-priority,top-500
木,391,394,"tree; wood, lumber; wooden",general,D,D,2,source-attested-unreviewed,hk-selection|learner-definition|category|display-reading|curriculum-priority,top-500
石,392,395,"stone, rock, mineral; Kangxi radical 112",general,MR,MR,3,source-attested-unreviewed,hk-selection|learner-definition|category|display-reading|curriculum-priority,top-500
金,393,396,gold; metals in general; money; Kangxi radical 167,general,C,C,3,source-attested-unreviewed,hk-selection|learner-definition|category|display-reading|curriculum-priority,top-500
剩,394,397,"leftovers, residue, remains",general,HPLN,HN,2,source-attested-unreviewed,hk-selection|learner-definition|category|display-reading|curriculum-priority,top-500
熱,395,398,hot; heat; fever; restless; zeal,general,GIF,GF,2,source-attested-unreviewed,hk-selection|learner-definition|category|display-reading|curriculum-priority,top-500
囉,396,399,"exclamatory final particle, nag",general,RWLG,RG,6,source-attested-unreviewed,hk-selection|learner-definition|category|display-reading|curriculum-priority,top-500
命,397,400,"life; destiny, fate, luck; an order, instruction",general,OMRL,OL,3,source-attested-unreviewed,hk-selection|learner-definition|category|display-reading|curriculum-priority,top-500
倒,398,401,fall over; lie down; take turns,actions,OMGN,ON,4,source-attested-unreviewed,hk-selection|learner-definition|category|display-reading|curriculum-priority,top-500
造,399,402,"construct, build, make, begin; prepare",actions,YHGR,YR,5,source-attested-unreviewed,hk-selection|learner-definition|category|display-reading|curriculum-priority,top-500
器,400,403,"receptacle, vessel; instrument",general,RRIKR,RR,2,source-attested-unreviewed,hk-selection|learner-definition|category|display-reading|curriculum-priority,top-500
特,401,404,"special, unique, distinguished",general,HQGDI,HI,2,source-attested-unreviewed,hk-selection|learner-definition|category|display-reading|curriculum-priority,top-500
收,402,405,"gather together, collect; harvest",general,VLOK,VK,2,source-attested-unreviewed,hk-selection|learner-definition|category|display-reading|curriculum-priority,top-500
改,403,406,"change, alter; improve, remodel",general,SUOK,SK,2,source-attested-unreviewed,hk-selection|learner-definition|category|display-reading|curriculum-priority,top-500
筆,404,407,writing brush; write; stroke,education,HLQ,HQ,2,source-attested-unreviewed,hk-selection|learner-definition|category|display-reading|curriculum-priority,top-500
教,405,408,"teach, class",general,JDOK,JK,3,source-attested-unreviewed,hk-selection|learner-definition|category|display-reading|curriculum-priority,top-500
母,406,409,mother; female elders; female,people,WYI,WI,5,source-attested-unreviewed,hk-selection|learner-definition|category|display-reading|curriculum-priority,top-500
紙,407,410,paper,general,VFHVP,VP,2,source-attested-unreviewed,hk-selection|learner-definition|category|display-reading|curriculum-priority,top-500
站,408,411,"stand up; a stand, station",general,YTYR,YR,3,source-attested-unreviewed,hk-selection|learner-definition|category|display-reading|curriculum-priority,top-500
吧,409,412,emphatic final particle,general,RAU,RU,5,source-attested-unreviewed,hk-selection|learner-definition|category|display-reading|curriculum-priority,top-500
雨,410,413,rain; rainy; Kangxi radical 173,nature,MLBY,MY,4,source-attested-unreviewed,hk-selection|learner-definition|category|display-reading|curriculum-priority,top-500
強,411,414,"strong, powerful, energetic",general,NILI,NI,5,source-attested-unreviewed,hk-selection|learner-definition|category|display-reading|curriculum-priority,top-500
爺,412,415,"father, grandfather",people,CKSJL,CL,3,source-attested-unreviewed,hk-selection|learner-definition|category|display-reading|curriculum-priority,top-500
安,413,416,"peaceful, tranquil, quiet",general,JV,JV,2,source-attested-unreviewed,hk-selection|learner-definition|category|display-reading|curriculum-priority,top-500
科,414,417,"section, department, science",general,HDYJ,HJ,3,source-attested-unreviewed,hk-selection|learner-definition|category|display-reading|curriculum-priority,top-500
望,415,418,"to look at, look forward; to hope, expect",general,YBHG,YG,3,source-attested-unreviewed,hk-selection|learner-definition|category|display-reading|curriculum-priority,top-500
演,416,419,"perform, put on; exercise",general,EJMC,EC,3,source-attested-unreviewed,hk-selection|learner-definition|category|display-reading|curriculum-priority,top-500
南,417,420,south; southern part; southward,general,JBTJ,JJ,4,source-attested-unreviewed,hk-selection|learner-definition|category|display-reading|curriculum-priority,top-500
建,418,421,"build, establish, erect, found",general,NKLQ,NQ,2,source-attested-unreviewed,hk-selection|learner-definition|category|display-reading|curriculum-priority,top-500
春,419,422,spring; wanton,general,QKA,QA,3,source-attested-unreviewed,hk-selection|learner-definition|category|display-reading|curriculum-priority,top-500
但,420,423,"only; but, however, yet, still",general,OAM,OM,4,source-attested-unreviewed,hk-selection|learner-definition|category|display-reading|curriculum-priority,top-500
往,421,424,"go, depart; past, formerly",actions,HOYG,HG,3,source-attested-unreviewed,hk-selection|learner-definition|category|display-reading|curriculum-priority,top-500
較,422,425,"compare; comparatively, more",general,JJYCK,JK,4,source-attested-unreviewed,hk-selection|learner-definition|category|display-reading|curriculum-priority,top-500
流,423,426,"flow, circulate, drift; class",general,EYIU,EU,2,source-attested-unreviewed,hk-selection|learner-definition|category|display-reading|curriculum-priority,top-500
遠,424,427,"distant, remote, far; profound",general,YGRV,YV,4,source-attested-unreviewed,hk-selection|learner-definition|category|display-reading|curriculum-priority,top-500
需,425,428,"need, require, must; hexagram ䷄",general,MBMBL,ML,5,source-attested-unreviewed,hk-selection|learner-definition|category|display-reading|curriculum-priority,top-500
世,426,429,generation; world; era,general,PT,PT,2,source-attested-unreviewed,hk-selection|learner-definition|category|display-reading|curriculum-priority,top-500
近,427,430,"near, close; approach; intimate",general,YHML,YL,2,source-attested-unreviewed,hk-selection|learner-definition|category|display-reading|curriculum-priority,top-500
集,428,431,"assemble, collect together",general,OGD,OD,2,source-attested-unreviewed,hk-selection|learner-definition|category|display-reading|curriculum-priority,top-500
察,429,432,"examine, investigate; notice",general,JBOF,JF,3,source-attested-unreviewed,hk-selection|learner-definition|category|display-reading|curriculum-priority,top-500
場,430,433,"open space, field, market",general,GAMH,GH,5,source-attested-unreviewed,hk-selection|learner-definition|category|display-reading|curriculum-priority,top-500
簡,431,434,"simple, terse, succinct; letter",general,HANA,HA,2,source-attested-unreviewed,hk-selection|learner-definition|category|display-reading|curriculum-priority,top-500
順,432,435,"obey, submit to, go along with",actions,LLLC,LC,2,source-attested-unreviewed,hk-selection|learner-definition|category|display-reading|curriculum-priority,top-500
今,433,436,"now, today, modern era",general,OIN,ON,2,source-attested-unreviewed,hk-selection|learner-definition|category|display-reading|curriculum-priority,top-500
故,434,437,"ancient, old; reason, because",general,JROK,JK,2,source-attested-unreviewed,hk-selection|learner-definition|category|display-reading|curriculum-priority,top-500
深,435,438,"deep; depth; far; very, extreme",general,EBCD,ED,2,source-attested-unreviewed,hk-selection|learner-definition|category|display-reading|curriculum-priority,top-500
七,436,439,seven,numbers,JU,JU,2,source-attested-unreviewed,hk-selection|learner-definition|category|display-reading|curriculum-priority,top-500
具,437,440,"tool, implement; draw up, write",education,BMMC,BC,3,source-attested-unreviewed,hk-selection|learner-definition|category|display-reading|curriculum-priority,top-500
拉,438,441,"pull, drag; seize, hold; lengthen",general,QYT,QT,8,source-attested-unreviewed,hk-selection|learner-definition|category|display-reading|curriculum-priority,top-500
雞,439,442,chickens; domestic fowl,general,BKOG,BG,2,source-attested-unreviewed,hk-selection|learner-definition|category|display-reading|curriculum-priority,top-500
讓,440,443,"allow, permit, yield, concede",general,YRYRV,YV,2,source-attested-unreviewed,hk-selection|learner-definition|category|display-reading|curriculum-priority,top-500
片,441,444,"slice, splinter, strip; rad. 91",general,LLML,LL,5,source-attested-unreviewed,hk-selection|learner-definition|category|display-reading|curriculum-priority,top-500
江,442,445,large river; the Yangzi; surname,people,EM,EM,2,source-attested-unreviewed,hk-selection|learner-definition|category|display-reading|curriculum-priority,top-500
汽,443,446,"steam, vapor, gas",general,EOMN,EN,4,source-attested-unreviewed,hk-selection|learner-definition|category|display-reading|curriculum-priority,top-500
油,444,447,"oil, fat, grease, lard; paints",general,ELW,EW,3,source-attested-unreviewed,hk-selection|learner-definition|category|display-reading|curriculum-priority,top-500
華,445,448,flowery; illustrious; Chinese,general,TMTJ,TJ,6,source-attested-unreviewed,hk-selection|learner-definition|category|display-reading|curriculum-priority,top-500
展,446,449,"open, unfold; stretch, extend",general,STV,SV,3,source-attested-unreviewed,hk-selection|learner-definition|category|display-reading|curriculum-priority,top-500
零,447,450,"zero; fragment, fraction",general,MBOII,MI,3,source-attested-unreviewed,hk-selection|learner-definition|category|display-reading|curriculum-priority,top-500
服,448,451,"clothes; wear, dress",general,BSLE,BE,6,source-attested-unreviewed,hk-selection|learner-definition|category|display-reading|curriculum-priority,top-500
黑,449,452,"black; dark; evil, sinister; Kangxi radical 203",general,WGF,WF,2,source-attested-unreviewed,hk-selection|learner-definition|category|display-reading|curriculum-priority,top-500
養,450,453,"raise, rear, bring up; support",general,TOIAV,TV,4,source-attested-unreviewed,hk-selection|learner-definition|category|display-reading|curriculum-priority,top-500
更,451,454,"more, still further, much more; to change, alter",general,MLWK,MK,4,source-attested-unreviewed,hk-selection|learner-definition|category|display-reading|curriculum-priority,top-500
衣,452,455,"clothes, clothing; cover, skin; Kangxi radical 145",general,YHV,YV,4,source-attested-unreviewed,hk-selection|learner-definition|category|display-reading|curriculum-priority,top-500
者,453,456,that which; he who; those who,general,JKA,JA,2,source-attested-unreviewed,hk-selection|learner-definition|category|display-reading|curriculum-priority,top-500
皮,454,457,"skin, hide, fur, feather; outer",general,DHE,DE,2,source-attested-unreviewed,hk-selection|learner-definition|category|display-reading|curriculum-priority,top-500
興,455,458,"thrive, prosper, flourish",general,HXBC,HC,5,source-attested-unreviewed,hk-selection|learner-definition|category|display-reading|curriculum-priority,top-500
包,456,459,"wrap, pack, bundle; package",general,PRU,PU,4,source-attested-unreviewed,hk-selection|learner-definition|category|display-reading|curriculum-priority,top-500
落,457,460,"fall, drop; net income, surplus",general,TEHR,TR,6,source-attested-unreviewed,hk-selection|learner-definition|category|display-reading|curriculum-priority,top-500
錢,458,461,"money, currency, coins",general,CII,CI,5,source-attested-unreviewed,hk-selection|learner-definition|category|display-reading|curriculum-priority,top-500
跟,459,462,"heel; to follow, accompany; with",general,RMAV,RV,2,source-attested-unreviewed,hk-selection|learner-definition|category|display-reading|curriculum-priority,top-500
保,460,463,"protect, safeguard, defend, care",general,ORD,OD,2,source-attested-unreviewed,hk-selection|learner-definition|category|display-reading|curriculum-priority,top-500
領,461,464,"neck; collar; lead, guide",general,OIMBC,OC,3,source-attested-unreviewed,hk-selection|learner-definition|category|display-reading|curriculum-priority,top-500
際,462,465,"border, boundary, juncture",general,NLBOF,NF,2,source-attested-unreviewed,hk-selection|learner-definition|category|display-reading|curriculum-priority,top-500
黨,463,466,"political party, gang, faction",general,FBRWF,FF,4,source-attested-unreviewed,hk-selection|learner-definition|category|display-reading|curriculum-priority,top-500
注,464,467,"concentrate, focus, direct",general,EYG,EG,3,source-attested-unreviewed,hk-selection|learner-definition|category|display-reading|curriculum-priority,top-500
首,465,468,"head; first; leader, chief; a poem; Kangxi radical 185",general,THBU,TU,2,source-attested-unreviewed,hk-selection|learner-definition|category|display-reading|curriculum-priority,top-500
拿,466,469,"take, hold, grasp; bring; with",actions,ORQ,OQ,2,source-attested-unreviewed,hk-selection|learner-definition|category|display-reading|curriculum-priority,top-500
童,467,470,"child, boy, servant boy; virgin",people,YTWG,YG,3,source-attested-unreviewed,hk-selection|learner-definition|category|display-reading|curriculum-priority,top-500
受,468,471,"receive, accept, get; bear, stand",general,BBE,BE,3,source-attested-unreviewed,hk-selection|learner-definition|category|display-reading|curriculum-priority,top-500
奶,469,472,milk; woman's breasts; nurse,people,VNHS,VS,3,source-attested-unreviewed,hk-selection|learner-definition|category|display-reading|curriculum-priority,top-500
識,470,473,"recognize, understand, know",general,YRYIA,YA,6,source-attested-unreviewed,hk-selection|learner-definition|category|display-reading|curriculum-priority,top-500
綠,471,474,green; chlorine,general,VFVNE,VE,2,source-attested-unreviewed,hk-selection|learner-definition|category|display-reading|curriculum-priority,top-500
覺,472,475,to wake up from sleep; conscious,general,HBBUU,HU,4,source-attested-unreviewed,hk-selection|learner-definition|category|display-reading|curriculum-priority,top-500
橋,473,476,"bridge; beam, crosspiece",general,DHKB,DB,6,source-attested-unreviewed,hk-selection|learner-definition|category|display-reading|curriculum-priority,top-500
神,474,477,"spirit, god, supernatural being",general,IFLWL,IL,5,source-attested-unreviewed,hk-selection|learner-definition|category|display-reading|curriculum-priority,top-500
期,475,478,period of time; date; time limit,general,TCB,TB,3,source-attested-unreviewed,hk-selection|learner-definition|category|display-reading|curriculum-priority,top-500
葉,476,479,"leaf, petal; page of book; period",education,TPTD,TD,3,source-attested-unreviewed,hk-selection|learner-definition|category|display-reading|curriculum-priority,top-500
序,477,480,"series, serial order, sequence",general,ININ,IN,2,source-attested-unreviewed,hk-selection|learner-definition|category|display-reading|curriculum-priority,top-500
朋,478,481,"friend, pal, acquaintance",general,BB,BB,2,source-attested-unreviewed,hk-selection|learner-definition|category|display-reading|curriculum-priority,top-500
轉,479,482,"shift, move, turn",general,JJJII,JI,4,source-attested-unreviewed,hk-selection|learner-definition|category|display-reading|curriculum-priority,top-500
玩,480,483,"play with, joke, enjoy",general,MGMMU,MU,4,source-attested-unreviewed,hk-selection|learner-definition|category|display-reading|curriculum-priority,top-500
咚,481,484,"onomatopoetic, a thumping sound",general,RHEY,RY,2,source-attested-unreviewed,hk-selection|learner-definition|category|display-reading|curriculum-priority,top-500
擺,482,485,"put, place; display; swing, sway",general,QWLP,QP,2,source-attested-unreviewed,hk-selection|learner-definition|category|display-reading|curriculum-priority,top-500
士,483,486,"scholar, gentleman; soldier",general,JM,JM,3,source-attested-unreviewed,hk-selection|learner-definition|category|display-reading|curriculum-priority,top-500
細,484,487,"fine, tiny; slender, thin",general,VFW,VW,2,source-attested-unreviewed,hk-selection|learner-definition|category|display-reading|curriculum-priority,top-500
輛,485,488,numerary adjunct for vehicles,general,JJMLB,JB,3,source-attested-unreviewed,hk-selection|learner-definition|category|display-reading|curriculum-priority,top-500
早,486,489,early; soon; morning,general,AJ,AJ,2,source-attested-unreviewed,hk-selection|learner-definition|category|display-reading|curriculum-priority,top-500
支,487,490,"disperse, pay; support; branch",general,JE,JE,4,source-attested-unreviewed,hk-selection|learner-definition|category|display-reading|curriculum-priority,top-500
鳥,488,491,bird; Kangxi radical 196,general,HAYF,HF,6,source-attested-unreviewed,hk-selection|learner-definition|category|display-reading|curriculum-priority,top-500
訓,489,492,"teach, instruct; exegesis",general,YRLLL,YL,3,source-attested-unreviewed,hk-selection|learner-definition|category|display-reading|curriculum-priority,top-500
寬,490,493,"broad, wide; spacious, vast",general,JTBI,JI,2,source-attested-unreviewed,hk-selection|learner-definition|category|display-reading|curriculum-priority,top-500
麗,491,494,"beautiful, magnificent, elegant",general,MMBBP,MP,6,source-attested-unreviewed,hk-selection|learner-definition|category|display-reading|curriculum-priority,top-500
九,492,495,nine,numbers,KN,KN,3,source-attested-unreviewed,hk-selection|learner-definition|category|display-reading|curriculum-priority,top-500
界,493,496,"boundary, limit; domain; society; the world",general,WOLL,WL,2,source-attested-unreviewed,hk-selection|learner-definition|category|display-reading|curriculum-priority,top-500
將,494,497,"will, going to, future; general",general,VMBDI,VI,8,source-attested-unreviewed,hk-selection|learner-definition|category|display-reading|curriculum-priority,top-500
響,495,498,"make sound, make noise; sound",actions,VLYTA,VA,2,source-attested-unreviewed,hk-selection|learner-definition|category|display-reading|curriculum-priority,top-500
景,496,499,"scenery, view; conditions",general,AYRF,AF,3,source-attested-unreviewed,hk-selection|learner-definition|category|display-reading|curriculum-priority,top-500
管,497,500,"pipe, tube, duct; woodwind music",general,HJRR,HR,2,source-attested-unreviewed,hk-selection|learner-definition|category|display-reading|curriculum-priority,top-500
祖,498,501,"ancestor, forefather; grandfather",general,IFBM,IM,3,source-attested-unreviewed,hk-selection|learner-definition|category|display-reading|curriculum-priority,top-500
農,499,502,"agriculture, farming; farmer",general,TWMMV,TV,2,source-attested-unreviewed,hk-selection|learner-definition|category|display-reading|curriculum-priority,top-500
敵,500,503,"enemy, foe, rival; resist",general,YBOK,YK,2,source-attested-unreviewed,hk-selection|learner-definition|category|display-reading|curriculum-priority,top-500
底,501,504,"bottom, underneath, underside",general,IHPM,IM,3,source-attested-unreviewed,hk-selection|learner-definition|category|display-reading|curriculum-priority,remaining
質,502,505,"matter, material, substance",general,HLBUC,HC,3,source-attested-unreviewed,hk-selection|learner-definition|category|display-reading|curriculum-priority,remaining
志,503,506,"purpose, will, determination; annals",general,GP,GP,2,source-attested-unreviewed,hk-selection|learner-definition|category|display-reading|curriculum-priority,remaining
夜,504,507,"night, dark; in night; by night",general,YONK,YK,2,source-attested-unreviewed,hk-selection|learner-definition|category|display-reading|curriculum-priority,remaining
許,505,508,"allow, permit; promise; betroth",general,YROJ,YJ,4,source-attested-unreviewed,hk-selection|learner-definition|category|display-reading|curriculum-priority,remaining
喜,506,509,"like, love, enjoy; joyful thing",general,GRTR,GR,4,source-attested-unreviewed,hk-selection|learner-definition|category|display-reading|curriculum-priority,remaining
難,507,510,"difficult, arduous, hard; unable",general,TOOG,TG,6,source-attested-unreviewed,hk-selection|learner-definition|category|display-reading|curriculum-priority,remaining
傳,508,511,"summon; propagate, transmit",general,OJII,OI,4,source-attested-unreviewed,hk-selection|learner-definition|category|display-reading|curriculum-priority,remaining
綜,509,512,arrange threads for weaving,general,VFJMF,VF,5,source-attested-unreviewed,hk-selection|learner-definition|category|display-reading|curriculum-priority,remaining
李,510,513,plum; judge; surname,people,DND,DD,3,source-attested-unreviewed,hk-selection|learner-definition|category|display-reading|curriculum-priority,remaining
頁,511,514,"page, sheet, leaf; Kangxi radical 181",general,MBUC,MC,3,source-attested-unreviewed,hk-selection|learner-definition|category|display-reading|curriculum-priority,remaining
園,512,515,"garden; park, orchard",general,WGRV,WV,2,source-attested-unreviewed,hk-selection|learner-definition|category|display-reading|curriculum-priority,remaining
製,513,516,"make, manufacture; produce",actions,HNYHV,HV,2,source-attested-unreviewed,hk-selection|learner-definition|category|display-reading|curriculum-priority,remaining
剛,514,517,"hard, tough, rigid, strong",general,BULN,BN,2,source-attested-unreviewed,hk-selection|learner-definition|category|display-reading|curriculum-priority,remaining
食,515,518,eat; meal; food; Kangxi radical 184,food,OIAV,OV,7,source-attested-unreviewed,hk-selection|learner-definition|category|display-reading|curriculum-priority,remaining
越,516,519,"exceed, go beyond; the more ...",actions,GOIV,GV,3,source-attested-unreviewed,hk-selection|learner-definition|category|display-reading|curriculum-priority,remaining
腳,517,520,"foot; base, leg, foundation",general,BCRL,BL,2,source-attested-unreviewed,hk-selection|learner-definition|category|display-reading|curriculum-priority,remaining
留,518,521,"stop, halt; stay, detain, keep",general,HHW,HW,4,source-attested-unreviewed,hk-selection|learner-definition|category|display-reading|curriculum-priority,remaining
任,519,522,"trust to, rely on, appoint; to bear, duty, office; allow",general,OHG,OG,4,source-attested-unreviewed,hk-selection|learner-definition|category|display-reading|curriculum-priority,remaining
適,520,523,"match, comfortable; just",general,YYCB,YB,5,source-attested-unreviewed,hk-selection|learner-definition|category|display-reading|curriculum-priority,remaining
反,521,524,"reverse, opposite, contrary, anti",general,HE,HE,4,source-attested-unreviewed,hk-selection|learner-definition|category|display-reading|curriculum-priority,remaining
城,522,525,"castle; city, town; municipality",general,GIHS,GS,2,source-attested-unreviewed,hk-selection|learner-definition|category|display-reading|curriculum-priority,remaining
占,523,526,divine; observe; versify,general,YR,YR,4,source-attested-unreviewed,hk-selection|learner-definition|category|display-reading|curriculum-priority,remaining
緊,524,527,"tense, tight, taut; firm, secure",general,SEVIF,SF,2,source-attested-unreviewed,hk-selection|learner-definition|category|display-reading|curriculum-priority,remaining
料,525,528,"consider, conjecture; materials, ingredients",general,FDYJ,FJ,3,source-attested-unreviewed,hk-selection|learner-definition|category|display-reading|curriculum-priority,remaining
雪,526,529,"snow; wipe away shame, avenge",general,MBSM,MM,2,source-attested-unreviewed,hk-selection|learner-definition|category|display-reading|curriculum-priority,remaining
圍,527,530,"surround, encircle, corral",general,WDMQ,WQ,2,source-attested-unreviewed,hk-selection|learner-definition|category|display-reading|curriculum-priority,remaining
低,528,531,"low; to lower, hang, bend, bow",general,OHPM,OM,2,source-attested-unreviewed,hk-selection|learner-definition|category|display-reading|curriculum-priority,remaining
送,529,532,"see off, send off; dispatch, give",actions,YTK,YK,2,source-attested-unreviewed,hk-selection|learner-definition|category|display-reading|curriculum-priority,remaining
朵,530,533,cluster of flowers; earlobe,general,HND,HD,4,source-attested-unreviewed,hk-selection|learner-definition|category|display-reading|curriculum-priority,remaining
店,531,534,"shop, store; inn, hotel",general,IYR,IR,2,source-attested-unreviewed,hk-selection|learner-definition|category|display-reading|curriculum-priority,remaining
設,532,535,"build; establish; display; particle of hypothesis, supposing",general,YRHNE,YE,2,source-attested-unreviewed,hk-selection|learner-definition|category|display-reading|curriculum-priority,remaining
錯,533,536,"error, blunder, mistake, wrong",general,CTA,CA,5,source-attested-unreviewed,hk-selection|learner-definition|category|display-reading|curriculum-priority,remaining
背,534,537,back; back side; behind; betray,general,LPB,LB,4,source-attested-unreviewed,hk-selection|learner-definition|category|display-reading|curriculum-priority,remaining
舞,535,538,"dance, posture, prance; brandish",general,OTNIQ,OQ,2,source-attested-unreviewed,hk-selection|learner-definition|category|display-reading|curriculum-priority,remaining
板,536,539,"plank, board; iron or tin plate",general,DHE,DE,2,source-attested-unreviewed,hk-selection|learner-definition|category|display-reading|curriculum-priority,remaining
參,537,540,"take part in, intervene; ginseng",actions,IIIH,IH,9,source-attested-unreviewed,hk-selection|learner-definition|category|display-reading|curriculum-priority,remaining
植,538,541,"plant, trees, plants; grow",general,DJBM,DM,2,source-attested-unreviewed,hk-selection|learner-definition|category|display-reading|curriculum-priority,remaining
確,539,542,"sure, certain; real, true",general,MROBG,MG,2,source-attested-unreviewed,hk-selection|learner-definition|category|display-reading|curriculum-priority,remaining
品,540,543,"article, product, commodity",general,RRR,RR,2,source-attested-unreviewed,hk-selection|learner-definition|category|display-reading|curriculum-priority,remaining
格,541,544,"pattern, standard, form; style",general,DHER,DR,6,source-attested-unreviewed,hk-selection|learner-definition|category|display-reading|curriculum-priority,remaining
慢,542,545,"slow(ly), leisurely, sluggish",general,PAWE,PE,3,source-attested-unreviewed,hk-selection|learner-definition|category|display-reading|curriculum-priority,remaining
此,543,546,"this, these; in this case, then",general,YMP,YP,2,source-attested-unreviewed,hk-selection|learner-definition|category|display-reading|curriculum-priority,remaining
斷,544,547,"sever, cut off; interrupt",general,VIHML,VL,2,source-attested-unreviewed,hk-selection|learner-definition|category|display-reading|curriculum-priority,remaining
叔,545,548,father's younger brother,people,YFE,YE,3,source-attested-unreviewed,hk-selection|learner-definition|category|display-reading|curriculum-priority,remaining
離,546,549,"leave, depart; go away; separate; trigram ☲; hexagram ䷝",actions,YBOG,YG,6,source-attested-unreviewed,hk-selection|learner-definition|category|display-reading|curriculum-priority,remaining
牛,547,550,"cow, ox, bull; Kangxi radical 93; 9th lunar mansion, determinative star β Capricorni (Dabih)",general,HQ,HQ,2,source-attested-unreviewed,hk-selection|learner-definition|category|display-reading|curriculum-priority,remaining
信,548,551,"trust, believe; letter",general,OYMR,OR,3,source-attested-unreviewed,hk-selection|learner-definition|category|display-reading|curriculum-priority,remaining
您,549,552,honorific for 'you',general,OFP,OP,2,source-attested-unreviewed,hk-selection|learner-definition|category|display-reading|curriculum-priority,remaining
袋,550,553,"pocket, bag, sack, pouch",general,OPYHV,OV,3,source-attested-unreviewed,hk-selection|learner-definition|category|display-reading|curriculum-priority,remaining
達,551,554,"arrive at, reach; intelligent",general,YGTQ,YQ,3,source-attested-unreviewed,hk-selection|learner-definition|category|display-reading|curriculum-priority,remaining
男,552,555,"male, man; son; baron; surname",people,WKS,WS,2,source-attested-unreviewed,hk-selection|learner-definition|category|display-reading|curriculum-priority,remaining
村,553,556,"village, hamlet; uncouth, vulgar",general,DDI,DI,2,source-attested-unreviewed,hk-selection|learner-definition|category|display-reading|curriculum-priority,remaining
英,554,557,"petal, flower, leaf; brave, a hero; England, English",general,TLBK,TK,3,source-attested-unreviewed,hk-selection|learner-definition|category|display-reading|curriculum-priority,remaining
欣,555,558,"happy, joyous, delighted",general,HLNO,HO,2,source-attested-unreviewed,hk-selection|learner-definition|category|display-reading|curriculum-priority,remaining
億,556,559,hundred million; many,general,OYTP,OP,3,source-attested-unreviewed,hk-selection|learner-definition|category|display-reading|curriculum-priority,remaining
目,557,560,"eye; look, see; division, topic; Kangxi radical 109",actions,BU,BU,2,source-attested-unreviewed,hk-selection|learner-definition|category|display-reading|curriculum-priority,remaining
取,558,561,"take, receive, obtain; select",actions,SJE,SE,3,source-attested-unreviewed,hk-selection|learner-definition|category|display-reading|curriculum-priority,remaining
彈,559,562,"pellet, bullet, shot, shell",general,NRRJ,NJ,6,source-attested-unreviewed,hk-selection|learner-definition|category|display-reading|curriculum-priority,remaining
革,560,563,"leather, animal hides; Kangxi radical 177; hexagram ䷰",general,TLJ,TJ,4,source-attested-unreviewed,hk-selection|learner-definition|category|display-reading|curriculum-priority,remaining
稱,561,564,"call; name, brand; address; say",general,HDBGB,HB,6,source-attested-unreviewed,hk-selection|learner-definition|category|display-reading|curriculum-priority,remaining
旋,562,565,"revolve, move in orbit; return",general,YSONO,YO,3,source-attested-unreviewed,hk-selection|learner-definition|category|display-reading|curriculum-priority,remaining
巴,563,566,"greatly desire, anxiously hope",general,AU,AU,3,source-attested-unreviewed,hk-selection|learner-definition|category|display-reading|curriculum-priority,remaining
坐,564,567,"sit; seat; ride, travel by",general,OOG,OG,2,source-attested-unreviewed,hk-selection|learner-definition|category|display-reading|curriculum-priority,remaining
交,565,568,"mix; intersect; exchange, communicate; deliver",general,YCK,YK,2,source-attested-unreviewed,hk-selection|learner-definition|category|display-reading|curriculum-priority,remaining
午,566,569,seventh earthly branch,general,OJ,OJ,3,source-attested-unreviewed,hk-selection|learner-definition|category|display-reading|curriculum-priority,remaining
父,567,570,father; Kangxi radical 88,people,CK,CK,4,source-attested-unreviewed,hk-selection|learner-definition|category|display-reading|curriculum-priority,remaining
遊,568,572,"wander, roam, travel",general,YYSD,YD,2,source-attested-unreviewed,hk-selection|learner-definition|category|display-reading|curriculum-priority,remaining
箱,569,573,"case, box, chest, trunk",general,HDBU,HU,2,source-attested-unreviewed,hk-selection|learner-definition|category|display-reading|curriculum-priority,remaining
松,570,574,pine tree; fir tree,general,DCI,DI,2,source-attested-unreviewed,hk-selection|learner-definition|category|display-reading|curriculum-priority,remaining
靜,571,575,"quiet, still, motionless; gentle",general,QBBSD,QD,3,source-attested-unreviewed,hk-selection|learner-definition|category|display-reading|curriculum-priority,remaining
右,572,576,right; west; right-wing,general,KR,KR,2,source-attested-unreviewed,hk-selection|learner-definition|category|display-reading|curriculum-priority,remaining
彩,573,577,"hue, color; variegated colors",general,BDHHH,BH,3,source-attested-unreviewed,hk-selection|learner-definition|category|display-reading|curriculum-priority,remaining
似,574,578,"resemble, similar to; as if, seem",general,OVIO,OO,3,source-attested-unreviewed,hk-selection|learner-definition|category|display-reading|curriculum-priority,remaining
里,575,579,unit of distance; village; lane; Kangxi radical 166,general,WG,WG,3,source-attested-unreviewed,hk-selection|learner-definition|category|display-reading|curriculum-priority,remaining
晚,576,580,"night, evening; late",general,ANAU,AU,2,source-attested-unreviewed,hk-selection|learner-definition|category|display-reading|curriculum-priority,remaining
報,577,581,"report, tell, announce",general,GJSLE,GE,3,source-attested-unreviewed,hk-selection|learner-definition|category|display-reading|curriculum-priority,remaining
雙,578,582,"set of two, pair, couple; both",numbers,OGE,OE,2,source-attested-unreviewed,hk-selection|learner-definition|category|display-reading|curriculum-priority,remaining
死,579,583,die; dead; death,general,MNP,MP,2,source-attested-unreviewed,hk-selection|learner-definition|category|display-reading|curriculum-priority,remaining
羊,580,584,"sheep, goat; Kangxi radical 123",general,TQ,TQ,2,source-attested-unreviewed,hk-selection|learner-definition|category|display-reading|curriculum-priority,remaining
奇,581,585,"strange, unusual, uncanny, occult",general,KMNR,KR,6,source-attested-unreviewed,hk-selection|learner-definition|category|display-reading|curriculum-priority,remaining
哎,582,586,interjection of surprise,general,RTK,RK,2,source-attested-unreviewed,hk-selection|learner-definition|category|display-reading|curriculum-priority,remaining
土,583,587,"soil, earth; items made of earth",nature,G,G,5,source-attested-unreviewed,hk-selection|learner-definition|category|display-reading|curriculum-priority,remaining
雲,584,588,clouds; Yunnan province,general,MBMMI,MI,2,source-attested-unreviewed,hk-selection|learner-definition|category|display-reading|curriculum-priority,remaining
哈,585,589,sound of laughter,general,ROMR,RR,8,source-attested-unreviewed,hk-selection|learner-definition|category|display-reading|curriculum-priority,remaining
鼓,586,590,"drum; beat, top, strike; Kangxi radical 207",general,GTJE,GE,2,source-attested-unreviewed,hk-selection|learner-definition|category|display-reading|curriculum-priority,remaining
短,587,591,"short; brief; deficient, lacking",general,OKMRT,OT,2,source-attested-unreviewed,hk-selection|learner-definition|category|display-reading|curriculum-priority,remaining
菜,588,592,"vegetables; dish, order; food",food,TBD,TD,2,source-attested-unreviewed,hk-selection|learner-definition|category|display-reading|curriculum-priority,remaining
視,589,593,"look at, inspect, observe, see",actions,IFBUU,IU,3,source-attested-unreviewed,hk-selection|learner-definition|category|display-reading|curriculum-priority,remaining
該,590,594,"should, ought to, need to",general,YRYVO,YO,2,source-attested-unreviewed,hk-selection|learner-definition|category|display-reading|curriculum-priority,remaining
嘀,591,595,backbite,general,RYCB,RB,4,source-attested-unreviewed,hk-selection|learner-definition|category|display-reading|curriculum-priority,remaining
獨,592,596,"alone, single, solitary, only",general,KHWLI,KI,2,source-attested-unreviewed,hk-selection|learner-definition|category|display-reading|curriculum-priority,remaining
夫,593,597,"man, male adult, husband; those",people,QO,QO,4,source-attested-unreviewed,hk-selection|learner-definition|category|display-reading|curriculum-priority,remaining
導,594,598,"direct, guide, lead, conduct",general,YUDI,YI,3,source-attested-unreviewed,hk-selection|learner-definition|category|display-reading|curriculum-priority,remaining
舉,595,599,"raise, lift up; recommend",general,HCQ,HQ,3,source-attested-unreviewed,hk-selection|learner-definition|category|display-reading|curriculum-priority,remaining
賣,596,600,sell; betray; show off,general,GWLC,GC,3,source-attested-unreviewed,hk-selection|learner-definition|category|display-reading|curriculum-priority,remaining
卻,597,601,"still, but; decline; retreat",general,CRSL,CL,4,source-attested-unreviewed,hk-selection|learner-definition|category|display-reading|curriculum-priority,remaining
喲,598,602,"ah, final particle",general,RVFI,RI,3,source-attested-unreviewed,hk-selection|learner-definition|category|display-reading|curriculum-priority,remaining
價,599,603,"price, value",general,OMWC,OC,4,source-attested-unreviewed,hk-selection|learner-definition|category|display-reading|curriculum-priority,remaining
勞,600,604,"labor, toil, do manual work",actions,FFBKS,FS,5,source-attested-unreviewed,hk-selection|learner-definition|category|display-reading|curriculum-priority,remaining
鋼,601,605,"steel; hard, strong, tough",general,CBTU,CU,3,source-attested-unreviewed,hk-selection|learner-definition|category|display-reading|curriculum-priority,remaining
睛,602,606,eyeball; pupil of eye,general,BUQMB,BB,4,source-attested-unreviewed,hk-selection|learner-definition|category|display-reading|curriculum-priority,remaining
搖,603,607,"wag, swing, wave; shake; scull",general,QBOU,QU,2,source-attested-unreviewed,hk-selection|learner-definition|category|display-reading|curriculum-priority,remaining
旗,604,608,"banner, flag, streamer",general,YSOTC,YC,2,source-attested-unreviewed,hk-selection|learner-definition|category|display-reading|curriculum-priority,remaining
田,605,609,"field, arable land, cultivated",general,W,W,2,source-attested-unreviewed,hk-selection|learner-definition|category|display-reading|curriculum-priority,remaining
弟,606,610,"young brother; junior; I, me",general,CNLH,CH,5,source-attested-unreviewed,hk-selection|learner-definition|category|display-reading|curriculum-priority,remaining
賞,607,611,"reward, grant, bestow; appreciate",general,FBRBC,FC,2,source-attested-unreviewed,hk-selection|learner-definition|category|display-reading|curriculum-priority,remaining
爭,608,612,"to dispute, fight, contend, strive",general,BSD,BD,4,source-attested-unreviewed,hk-selection|learner-definition|category|display-reading|curriculum-priority,remaining
歲,609,613,year; age; harvest,general,YMIHH,YH,3,source-attested-unreviewed,hk-selection|learner-definition|category|display-reading|curriculum-priority,remaining
幫,610,615,"to help, assist; to defend; shoe upper",general,GIHAB,GB,2,source-attested-unreviewed,hk-selection|learner-definition|category|display-reading|curriculum-priority,remaining
團,611,616,"sphere, ball, circle; mass, lump",general,WJII,WI,3,source-attested-unreviewed,hk-selection|learner-definition|category|display-reading|curriculum-priority,remaining
臉,612,617,face; cheek; reputation,general,BOMO,BO,2,source-attested-unreviewed,hk-selection|learner-definition|category|display-reading|curriculum-priority,remaining
忙,613,618,"busy, pressed for time; hustling",general,PYV,PV,2,source-attested-unreviewed,hk-selection|learner-definition|category|display-reading|curriculum-priority,remaining
沙,614,619,"sand, gravel, pebbles; granulated",general,EFH,EH,4,source-attested-unreviewed,hk-selection|learner-definition|category|display-reading|curriculum-priority,remaining
燒,615,620,burn; bake; heat; roast,general,FGGU,FU,3,source-attested-unreviewed,hk-selection|learner-definition|category|display-reading|curriculum-priority,remaining
兵,616,621,"soldier, troops",general,OMC,OC,2,source-attested-unreviewed,hk-selection|learner-definition|category|display-reading|curriculum-priority,remaining
告,617,622,"tell, announce, inform; accuse",general,HGR,HR,4,source-attested-unreviewed,hk-selection|learner-definition|category|display-reading|curriculum-priority,remaining
編,618,623,"knit, weave; arrange; compile",general,VFHSB,VB,4,source-attested-unreviewed,hk-selection|learner-definition|category|display-reading|curriculum-priority,remaining
類,619,624,"class, group, kind, category",general,FKMBC,FC,2,source-attested-unreviewed,hk-selection|learner-definition|category|display-reading|curriculum-priority,remaining
斯,620,625,"this, thus, such; to lop off; emphatic particle",general,TCHML,TL,3,source-attested-unreviewed,hk-selection|learner-definition|category|display-reading|curriculum-priority,remaining
影,621,626,"shadow; image, reflection; photograph",general,AFHHH,AH,2,source-attested-unreviewed,hk-selection|learner-definition|category|display-reading|curriculum-priority,remaining
辦,622,627,"manage, do, handle; deal with",actions,YJKSJ,YJ,2,source-attested-unreviewed,hk-selection|learner-definition|category|display-reading|curriculum-priority,remaining
室,623,628,"room, home, house, chamber; 13th lunar mansion, determinative star α Pegasi (Markab)",general,JMIG,JG,2,source-attested-unreviewed,hk-selection|learner-definition|category|display-reading|curriculum-priority,remaining
害,624,629,"injure, harm; destroy, kill",general,JQJR,JR,4,source-attested-unreviewed,hk-selection|learner-definition|category|display-reading|curriculum-priority,remaining
始,625,630,"begin, start; then, only then",general,VIR,VR,2,source-attested-unreviewed,hk-selection|learner-definition|category|display-reading|curriculum-priority,remaining
座,626,631,"seat; stand, base",general,IOOG,IG,2,source-attested-unreviewed,hk-selection|learner-definition|category|display-reading|curriculum-priority,remaining
琴,627,633,Chinese lute or guitar,general,MGOIN,MN,2,source-attested-unreviewed,hk-selection|learner-definition|category|display-reading|curriculum-priority,remaining
切,628,634,"cut, mince, slice, carve",general,PSH,PH,5,source-attested-unreviewed,hk-selection|learner-definition|category|display-reading|curriculum-priority,remaining
京,629,635,capital city,general,YRF,YF,2,source-attested-unreviewed,hk-selection|learner-definition|category|display-reading|curriculum-priority,remaining
刻,630,636,"carve, engrave; quarter hour",general,YOLN,YN,3,source-attested-unreviewed,hk-selection|learner-definition|category|display-reading|curriculum-priority,remaining
性,631,637,"nature, character, sex",general,PHQM,PM,3,source-attested-unreviewed,hk-selection|learner-definition|category|display-reading|curriculum-priority,remaining
距,632,638,distance; bird's spur,general,RMSS,RS,2,source-attested-unreviewed,hk-selection|learner-definition|category|display-reading|curriculum-priority,remaining
社,633,639,"god of the soil and altars to him; group of families; company, society",general,IFG,IG,2,source-attested-unreviewed,hk-selection|learner-definition|category|display-reading|curriculum-priority,remaining
病,634,640,"illness, sickness, disease",general,KMOB,KB,3,source-attested-unreviewed,hk-selection|learner-definition|category|display-reading|curriculum-priority,remaining
鄉,635,642,country; rural; village,general,VHIIL,VL,4,source-attested-unreviewed,hk-selection|learner-definition|category|display-reading|curriculum-priority,remaining
廣,636,643,"broad, wide, extensive",general,ITLC,IC,5,source-attested-unreviewed,hk-selection|learner-definition|category|display-reading|curriculum-priority,remaining
德,637,644,"ethics, morality, virtue",general,HOJWP,HP,2,source-attested-unreviewed,hk-selection|learner-definition|category|display-reading|curriculum-priority,remaining
批,638,645,"comment, criticize; wholesale",general,QPP,QP,3,source-attested-unreviewed,hk-selection|learner-definition|category|display-reading|curriculum-priority,remaining
呼,639,646,"breathe sigh, exhale; call, shout",general,RHFD,RD,7,source-attested-unreviewed,hk-selection|learner-definition|category|display-reading|curriculum-priority,remaining
區,640,647,"area, district, region, ward; surname",people,SRRR,SR,7,source-attested-unreviewed,hk-selection|learner-definition|category|display-reading|curriculum-priority,remaining
括,641,648,"include, embrace, enclose",general,QHJR,QR,3,source-attested-unreviewed,hk-selection|learner-definition|category|display-reading|curriculum-priority,remaining
架,642,649,"rack, stand, prop; prop up",general,KRD,KD,3,source-attested-unreviewed,hk-selection|learner-definition|category|display-reading|curriculum-priority,remaining
哩,643,650,mile,general,RWG,RG,8,source-attested-unreviewed,hk-selection|learner-definition|category|display-reading|curriculum-priority,remaining
粉,644,651,"powder, face powder; plaster",general,FDCSH,FH,2,source-attested-unreviewed,hk-selection|learner-definition|category|display-reading|curriculum-priority,remaining
閃,645,652,"flash; avoid, dodge, evade",general,ANO,AO,2,source-attested-unreviewed,hk-selection|learner-definition|category|display-reading|curriculum-priority,remaining
頃,646,653,a moment; a measure of area equal to 100 mu or 6.7 hectares; to lean,general,PMBC,PC,5,source-attested-unreviewed,hk-selection|learner-definition|category|display-reading|curriculum-priority,remaining
燈,647,655,"lantern, lamp",general,FNOT,FT,2,source-attested-unreviewed,hk-selection|learner-definition|category|display-reading|curriculum-priority,remaining
尾,648,656,"tail, extremity; end, stern; 6th lunar mansion, determinative star μ¹ Scorpii (Xamidimura)",general,SHQU,SU,3,source-attested-unreviewed,hk-selection|learner-definition|category|display-reading|curriculum-priority,remaining
查,649,657,"investigate, examine, seek into",general,DAM,DM,5,source-attested-unreviewed,hk-selection|learner-definition|category|display-reading|curriculum-priority,remaining
穿,650,658,"penetrate, pierce, drill; wear",general,JCMVH,JH,4,source-attested-unreviewed,hk-selection|learner-definition|category|display-reading|curriculum-priority,remaining
停,651,659,"stop, suspend, delay; suitable",general,OYRN,ON,2,source-attested-unreviewed,hk-selection|learner-definition|category|display-reading|curriculum-priority,remaining
務,652,660,"affairs, business; must, should",general,NHHES,NS,7,source-attested-unreviewed,hk-selection|learner-definition|category|display-reading|curriculum-priority,remaining
精,653,661,essence; semen; spirit,general,FDQMB,FB,4,source-attested-unreviewed,hk-selection|learner-definition|category|display-reading|curriculum-priority,remaining
擊,654,662,"strike, hit, beat; attack, fight",general,JEQ,JQ,4,source-attested-unreviewed,hk-selection|learner-definition|category|display-reading|curriculum-priority,remaining
蘋,655,663,apple,general,TYHC,TC,4,source-attested-unreviewed,hk-selection|learner-definition|category|display-reading|curriculum-priority,remaining
古,656,664,"old, classic, ancient",general,JR,JR,4,source-attested-unreviewed,hk-selection|learner-definition|category|display-reading|curriculum-priority,remaining
材,657,665,"material, stuff; timber; talent",general,DDH,DH,3,source-attested-unreviewed,hk-selection|learner-definition|category|display-reading|curriculum-priority,remaining
差,658,666,"to differ; different, wrong; nearly, almost; an officer",general,TQM,TM,10,source-attested-unreviewed,hk-selection|learner-definition|category|display-reading|curriculum-priority,remaining
默,659,667,"silent; quiet, still; dark",general,WFIK,WK,2,source-attested-unreviewed,hk-selection|learner-definition|category|display-reading|curriculum-priority,remaining
左,660,668,"left; east; unorthodox, improper",general,KM,KM,2,source-attested-unreviewed,hk-selection|learner-definition|category|display-reading|curriculum-priority,remaining
朗,661,669,"clear, bright; distinct",general,IIB,IB,2,source-attested-unreviewed,hk-selection|learner-definition|category|display-reading|curriculum-priority,remaining
眾,662,670,"masses, people, multitude, crowd",general,WLOOO,WO,2,source-attested-unreviewed,hk-selection|learner-definition|category|display-reading|curriculum-priority,remaining
係,663,671,"bind, tie up; involve, relation",general,OHVF,OF,2,source-attested-unreviewed,hk-selection|learner-definition|category|display-reading|curriculum-priority,remaining
苦,664,672,"bitter; hardship, suffering",general,TJR,TR,4,source-attested-unreviewed,hk-selection|learner-definition|category|display-reading|curriculum-priority,remaining
聯,665,673,"connect, join; associate, ally",general,SJVIT,ST,2,source-attested-unreviewed,hk-selection|learner-definition|category|display-reading|curriculum-priority,remaining
急,666,674,"quick, quickly; urgent, pressing",general,NMP,NP,2,source-attested-unreviewed,hk-selection|learner-definition|category|display-reading|curriculum-priority,remaining
擇,667,675,"select, choose, pick out",general,QWLJ,QJ,4,source-attested-unreviewed,hk-selection|learner-definition|category|display-reading|curriculum-priority,remaining
齊,668,676,"even, uniform, of equal length; Kangxi radical 210",general,YX,YX,9,source-attested-unreviewed,hk-selection|learner-definition|category|display-reading|curriculum-priority,remaining
複,669,677,"repeat, double, overlap",general,LOAE,LE,3,source-attested-unreviewed,hk-selection|learner-definition|category|display-reading|curriculum-priority,remaining
珠,670,678,"precious stone, gem, jewel, pearl",general,MGHJD,MD,2,source-attested-unreviewed,hk-selection|learner-definition|category|display-reading|curriculum-priority,remaining
極,671,679,"extreme, utmost, furthest, final",general,DMEM,DM,3,source-attested-unreviewed,hk-selection|learner-definition|category|display-reading|curriculum-priority,remaining
模,672,680,"model, standard, pattern; copy",general,DTAK,DK,3,source-attested-unreviewed,hk-selection|learner-definition|category|display-reading|curriculum-priority,remaining
筐,673,681,bamboo basket or chest,general,HSMG,HG,3,source-attested-unreviewed,hk-selection|learner-definition|category|display-reading|curriculum-priority,remaining
泥,674,682,"mud, mire; earth, clay; plaster",nature,ESP,EP,7,source-attested-unreviewed,hk-selection|learner-definition|category|display-reading|curriculum-priority,remaining
採,675,683,"gather, collect; pick, select",general,QBD,QD,2,source-attested-unreviewed,hk-selection|learner-definition|category|display-reading|curriculum-priority,remaining
幹,676,684,trunk of tree or of human body,general,JJOMJ,JJ,5,source-attested-unreviewed,hk-selection|learner-definition|category|display-reading|curriculum-priority,remaining
嘴,677,685,"mouth, lips",general,RYPB,RB,2,source-attested-unreviewed,hk-selection|learner-definition|category|display-reading|curriculum-priority,remaining
飄,678,686,"whirlwind, cyclone; floating",general,MFHNI,MI,2,source-attested-unreviewed,hk-selection|learner-definition|category|display-reading|curriculum-priority,remaining
勇,679,687,"brave, courageous, fierce",general,NBKS,NS,2,source-attested-unreviewed,hk-selection|learner-definition|category|display-reading|curriculum-priority,remaining
寶,680,688,"treasure, jewel; precious, rare",general,JMUC,JC,2,source-attested-unreviewed,hk-selection|learner-definition|category|display-reading|curriculum-priority,remaining
掉,681,689,"turn, move; shake, wag; drop down",general,QYAJ,QJ,3,source-attested-unreviewed,hk-selection|learner-definition|category|display-reading|curriculum-priority,remaining
朝,682,690,dynasty; morning,general,JJB,JB,5,source-attested-unreviewed,hk-selection|learner-definition|category|display-reading|curriculum-priority,remaining
織,683,691,"weave, knit; organize, unite",general,VFYIA,VA,3,source-attested-unreviewed,hk-selection|learner-definition|category|display-reading|curriculum-priority,remaining
技,684,692,"skill, ability, talent, ingenuity",general,QJE,QE,3,source-attested-unreviewed,hk-selection|learner-definition|category|display-reading|curriculum-priority,remaining
盒,685,693,small box or case; casket,general,ORBT,OT,3,source-attested-unreviewed,hk-selection|learner-definition|category|display-reading|curriculum-priority,remaining
蟲,686,694,worms; insects,general,LILII,LI,4,source-attested-unreviewed,hk-selection|learner-definition|category|display-reading|curriculum-priority,remaining
嚴,687,695,"strict, rigorous, rigid; stern",general,RRMMK,RK,3,source-attested-unreviewed,hk-selection|learner-definition|category|display-reading|curriculum-priority,remaining
優,688,696,"superior, excellent; actor",general,OMBE,OE,2,source-attested-unreviewed,hk-selection|learner-definition|category|display-reading|curriculum-priority,remaining
鮮,689,697,"fresh, new, delicious; rare, few",general,NFTQ,NQ,6,source-attested-unreviewed,hk-selection|learner-definition|category|display-reading|curriculum-priority,remaining
徑,690,698,narrow path; diameter; direct,general,HOMVM,HM,3,source-attested-unreviewed,hk-selection|learner-definition|category|display-reading|curriculum-priority,remaining
乾,691,699,"dry; warming principle of the sun, penetrating and fertilizing, heavenly generative principle (male); trigram ☰; hexagram ䷀",nature,JJON,JN,4,source-attested-unreviewed,hk-selection|learner-definition|category|display-reading|curriculum-priority,remaining
野,692,700,"open country, field; wilderness",general,WGNIN,WN,3,source-attested-unreviewed,hk-selection|learner-definition|category|display-reading|curriculum-priority,remaining
頂,693,701,"top, peak; carry on head; very",general,MNMBC,MC,2,source-attested-unreviewed,hk-selection|learner-definition|category|display-reading|curriculum-priority,remaining
漸,694,702,gradually; hexagram ䷴,general,EJJL,EL,6,source-attested-unreviewed,hk-selection|learner-definition|category|display-reading|curriculum-priority,remaining
叮,695,703,exhort or enjoin repeatedly,general,RMN,RN,3,source-attested-unreviewed,hk-selection|learner-definition|category|display-reading|curriculum-priority,remaining
瓶,696,704,"jug, pitcher, vase, jar, bottle",general,TTMVN,TN,2,source-attested-unreviewed,hk-selection|learner-definition|category|display-reading|curriculum-priority,remaining
另,697,705,"another, separate, other",general,RKS,RS,2,source-attested-unreviewed,hk-selection|learner-definition|category|display-reading|curriculum-priority,remaining
率,698,706,to lead; ratio; rate; limit,general,YIOJ,YJ,5,source-attested-unreviewed,hk-selection|learner-definition|category|display-reading|curriculum-priority,remaining
睡,699,707,"sleep, doze",general,BUHJM,BM,2,source-attested-unreviewed,hk-selection|learner-definition|category|display-reading|curriculum-priority,remaining
言,700,708,"words, speech; speak, say; Kangxi radical 149",actions,YMMR,YR,4,source-attested-unreviewed,hk-selection|learner-definition|category|display-reading|curriculum-priority,remaining
房,701,709,"house, building; room; 4th lunar mansion, determinative star π Scorpii",general,HSYHS,HS,3,source-attested-unreviewed,hk-selection|learner-definition|category|display-reading|curriculum-priority,remaining
餘,702,710,"surplus, excess, remainder",general,OIOMD,OD,3,source-attested-unreviewed,hk-selection|learner-definition|category|display-reading|curriculum-priority,remaining
鈴,703,711,bell,general,COII,CI,2,source-attested-unreviewed,hk-selection|learner-definition|category|display-reading|curriculum-priority,remaining
推,704,712,"push, expel; push forward",general,QOG,QG,2,source-attested-unreviewed,hk-selection|learner-definition|category|display-reading|curriculum-priority,remaining
族,705,713,"a family clan, ethnic group, tribe",general,YSOOK,YK,5,source-attested-unreviewed,hk-selection|learner-definition|category|display-reading|curriculum-priority,remaining
季,706,714,quarter of year; season; surname,people,HDND,HD,2,source-attested-unreviewed,hk-selection|learner-definition|category|display-reading|curriculum-priority,remaining
趕,707,715,"pursue, follow; expel, drive away",general,GOAMJ,GJ,2,source-attested-unreviewed,hk-selection|learner-definition|category|display-reading|curriculum-priority,remaining
增,708,716,"increase, add to, augment",general,GCWA,GA,4,source-attested-unreviewed,hk-selection|learner-definition|category|display-reading|curriculum-priority,remaining
層,709,717,"story, layer, floor, stratum",general,SCWA,SA,2,source-attested-unreviewed,hk-selection|learner-definition|category|display-reading|curriculum-priority,remaining
怕,710,718,"to fear, be afraid of; apprehensive",general,PHA,PA,3,source-attested-unreviewed,hk-selection|learner-definition|category|display-reading|curriculum-priority,remaining
桌,711,719,"table, desk, stand",general,YAD,YD,3,source-attested-unreviewed,hk-selection|learner-definition|category|display-reading|curriculum-priority,remaining
冬,712,720,"winter, 11th lunar month",general,HEY,HY,2,source-attested-unreviewed,hk-selection|learner-definition|category|display-reading|curriculum-priority,remaining
升,713,721,"arise, go up; hoist; advance; hexagram ䷭",actions,HT,HT,2,source-attested-unreviewed,hk-selection|learner-definition|category|display-reading|curriculum-priority,remaining
賽,714,722,"compete, contend; contest, race",general,JTCC,JC,2,source-attested-unreviewed,hk-selection|learner-definition|category|display-reading|curriculum-priority,remaining
洋,715,723,"ocean, sea; foreign; western",general,ETQ,EQ,4,source-attested-unreviewed,hk-selection|learner-definition|category|display-reading|curriculum-priority,remaining
敲,716,724,"strike, beat, pound, hammer; rap",general,YBYE,YE,2,source-attested-unreviewed,hk-selection|learner-definition|category|display-reading|curriculum-priority,remaining
調,717,725,"transfer, move, change; tune",general,YRBGR,YR,5,source-attested-unreviewed,hk-selection|learner-definition|category|display-reading|curriculum-priority,remaining
隨,718,726,"follow, listen to, submit; to accompany; subsequently, then; hexagram ䷐",general,NLYKB,NB,2,source-attested-unreviewed,hk-selection|learner-definition|category|display-reading|curriculum-priority,remaining
紀,719,727,"record, annal, historical account",general,VFSU,VU,3,source-attested-unreviewed,hk-selection|learner-definition|category|display-reading|curriculum-priority,remaining
旁,720,728,"side; by side, close by, near",general,YBYHS,YS,5,source-attested-unreviewed,hk-selection|learner-definition|category|display-reading|curriculum-priority,remaining
腦,721,729,brain,general,BVVW,BW,3,source-attested-unreviewed,hk-selection|learner-definition|category|display-reading|curriculum-priority,remaining
鴨,722,730,duck; Anas species (various),general,WLHAF,WF,2,source-attested-unreviewed,hk-selection|learner-definition|category|display-reading|curriculum-priority,remaining
爬,723,731,"crawl, creep; climb; scramble",general,HOAU,HU,2,source-attested-unreviewed,hk-selection|learner-definition|category|display-reading|curriculum-priority,remaining
決,724,732,"decide, determine, judge",general,EDK,EK,4,source-attested-unreviewed,hk-selection|learner-definition|category|display-reading|curriculum-priority,remaining
遇,725,733,"meet, come across, encounter",actions,YWLB,YB,4,source-attested-unreviewed,hk-selection|learner-definition|category|display-reading|curriculum-priority,remaining
伯,726,734,older brother; father's elder brother; senior male 'sire'; feudal rank 'count',people,OHA,OA,5,source-attested-unreviewed,hk-selection|learner-definition|category|display-reading|curriculum-priority,remaining
沉,727,735,"sink, submerge; addicted to",general,EBHN,EN,3,source-attested-unreviewed,hk-selection|learner-definition|category|display-reading|curriculum-priority,remaining
套,728,736,"case, cover, wrapper, envelope",general,KSMI,KI,3,source-attested-unreviewed,hk-selection|learner-definition|category|display-reading|curriculum-priority,remaining
敢,729,737,"to dare, venture; bold, brave",general,MJOK,MK,2,source-attested-unreviewed,hk-selection|learner-definition|category|display-reading|curriculum-priority,remaining
略,730,738,"approximately, roughly; outline",general,WHER,WR,2,source-attested-unreviewed,hk-selection|learner-definition|category|display-reading|curriculum-priority,remaining
論,731,739,debate; discuss; discourse,general,YROMB,YB,4,source-attested-unreviewed,hk-selection|learner-definition|category|display-reading|curriculum-priority,remaining
助,732,740,"help, aid, assist",general,BMKS,BS,3,source-attested-unreviewed,hk-selection|learner-definition|category|display-reading|curriculum-priority,remaining
兔,733,741,"rabbit, hare",general,NAHI,NI,4,source-attested-unreviewed,hk-selection|learner-definition|category|display-reading|curriculum-priority,remaining
驚,734,742,"frighten, surprise, startle",general,TKSQF,TF,3,source-attested-unreviewed,hk-selection|learner-definition|category|display-reading|curriculum-priority,remaining
令,735,743,"command, order; 'commandant', magistrate; allow, cause",general,OINI,OI,7,source-attested-unreviewed,hk-selection|learner-definition|category|display-reading|curriculum-priority,remaining
武,736,744,"military; martial, warlike",general,MPYLM,MM,2,source-attested-unreviewed,hk-selection|learner-definition|category|display-reading|curriculum-priority,remaining
香,737,745,"fragrant, sweet-smelling; incense; Kangxi radical 186",general,HDA,HA,2,source-attested-unreviewed,hk-selection|learner-definition|category|display-reading|curriculum-priority,remaining
游,738,746,"to swim; float, drift; wander, roam",general,EYSD,ED,3,source-attested-unreviewed,hk-selection|learner-definition|category|display-reading|curriculum-priority,remaining
藍,739,747,blue; indigo plant; surname,people,TSIT,TT,2,source-attested-unreviewed,hk-selection|learner-definition|category|display-reading|curriculum-priority,remaining
護,740,748,"protect, guard, defend, shelter",general,YRTOE,YE,2,source-attested-unreviewed,hk-selection|learner-definition|category|display-reading|curriculum-priority,remaining
引,741,749,"to pull, draw out, attract; to stretch",general,NL,NL,2,source-attested-unreviewed,hk-selection|learner-definition|category|display-reading|curriculum-priority,remaining
屋,742,750,"house; room; building, shelter",general,SMIG,SG,2,source-attested-unreviewed,hk-selection|learner-definition|category|display-reading|curriculum-priority,remaining
烈,743,751,"fiery, violent, vehement, ardent",general,MNF,MF,2,source-attested-unreviewed,hk-selection|learner-definition|category|display-reading|curriculum-priority,remaining
環,744,752,jade ring or bracelet; ring,general,MGWLV,MV,3,source-attested-unreviewed,hk-selection|learner-definition|category|display-reading|curriculum-priority,remaining
鐘,745,753,clock; bell,general,CYTG,CG,2,source-attested-unreviewed,hk-selection|learner-definition|category|display-reading|curriculum-priority,remaining
政,746,754,"government, political affairs",general,MMOK,MK,3,source-attested-unreviewed,hk-selection|learner-definition|category|display-reading|curriculum-priority,remaining
符,747,755,"i.d. tag, tally, symbol, charm",general,HODI,HI,2,source-attested-unreviewed,hk-selection|learner-definition|category|display-reading|curriculum-priority,remaining
蛋,748,756,eggs; term of abuse,general,NOLMI,NI,3,source-attested-unreviewed,hk-selection|learner-definition|category|display-reading|curriculum-priority,remaining
爾,749,757,"you; that, those; final particle",general,MFBK,MK,4,source-attested-unreviewed,hk-selection|learner-definition|category|display-reading|curriculum-priority,remaining
揚,750,758,"scatter, spread; praise",general,QAMH,QH,2,source-attested-unreviewed,hk-selection|learner-definition|category|display-reading|curriculum-priority,remaining
標,751,759,"a mark, symbol, label, sign; standard",general,DMWF,DF,3,source-attested-unreviewed,hk-selection|learner-definition|category|display-reading|curriculum-priority,remaining
持,752,760,"sustain, support; hold, grasp",general,QGDI,QI,2,source-attested-unreviewed,hk-selection|learner-definition|category|display-reading|curriculum-priority,remaining
陣,753,761,"column, row or file of troops",general,NLJWJ,NJ,2,source-attested-unreviewed,hk-selection|learner-definition|category|display-reading|curriculum-priority,remaining
密,754,762,"dense, thick, close; intimate",general,JPHU,JU,2,source-attested-unreviewed,hk-selection|learner-definition|category|display-reading|curriculum-priority,remaining
勝,755,763,"victory; excel, be better than",general,BFQS,BS,3,source-attested-unreviewed,hk-selection|learner-definition|category|display-reading|curriculum-priority,remaining
傷,756,764,"wound, injury; fall ill from",general,OOAH,OH,2,source-attested-unreviewed,hk-selection|learner-definition|category|display-reading|curriculum-priority,remaining
貓,757,765,cat,general,BHTW,BW,2,source-attested-unreviewed,hk-selection|learner-definition|category|display-reading|curriculum-priority,remaining
議,758,766,"consult, talk over, discuss",general,YRTGI,YI,2,source-attested-unreviewed,hk-selection|learner-definition|category|display-reading|curriculum-priority,remaining
瓜,759,767,"melon, gourd, cucumber; Kangxi radical 97",general,HVIO,HO,2,source-attested-unreviewed,hk-selection|learner-definition|category|display-reading|curriculum-priority,remaining
竹,760,768,bamboo; flute; Kangxi radical 118,general,H,H,2,source-attested-unreviewed,hk-selection|learner-definition|category|display-reading|curriculum-priority,remaining
錄,761,769,"copy, write down, record",education,CVNE,CE,2,source-attested-unreviewed,hk-selection|learner-definition|category|display-reading|curriculum-priority,remaining
續,762,770,"continue, carry on; succeed",general,VFGWC,VC,2,source-attested-unreviewed,hk-selection|learner-definition|category|display-reading|curriculum-priority,remaining
育,763,771,"produce, give birth to; educate",actions,YIB,YB,3,source-attested-unreviewed,hk-selection|learner-definition|category|display-reading|curriculum-priority,remaining
足,764,772,"foot; attain, satisfy, enough; Kangxi radical 156",general,RYO,RO,4,source-attested-unreviewed,hk-selection|learner-definition|category|display-reading|curriculum-priority,remaining
呱,765,773,"wail, crying of child; swear at",people,RHVO,RO,5,source-attested-unreviewed,hk-selection|learner-definition|category|display-reading|curriculum-priority,remaining
息,766,774,"rest, put stop to, end, cease",general,HUP,HP,3,source-attested-unreviewed,hk-selection|learner-definition|category|display-reading|curriculum-priority,remaining
煤,767,775,"coal, coke, charcoal, carbon",general,FTMD,FD,2,source-attested-unreviewed,hk-selection|learner-definition|category|display-reading|curriculum-priority,remaining
耳,768,776,"ear; merely, only; handle; Kangxi radical 128",general,SJ,SJ,3,source-attested-unreviewed,hk-selection|learner-definition|category|display-reading|curriculum-priority,remaining
及,769,777,extend; reach; come up to; and,actions,NHE,NE,3,source-attested-unreviewed,hk-selection|learner-definition|category|display-reading|curriculum-priority,remaining
鬥,770,778,"struggle, fight, compete, contend; Kangxi radical 191",general,LN,LN,2,source-attested-unreviewed,hk-selection|learner-definition|category|display-reading|curriculum-priority,remaining
挖,771,779,"dig, dig out, gouge out, scoop",general,QJCN,QN,2,source-attested-unreviewed,hk-selection|learner-definition|category|display-reading|curriculum-priority,remaining
術,772,780,"art, skill, special feat; method, technique",general,HOICN,HN,2,source-attested-unreviewed,hk-selection|learner-definition|category|display-reading|curriculum-priority,remaining
盤,773,781,"tray, plate, dish; examine",general,HEBT,HT,4,source-attested-unreviewed,hk-selection|learner-definition|category|display-reading|curriculum-priority,remaining
易,774,782,change; easy,general,APHH,AH,3,source-attested-unreviewed,hk-selection|learner-definition|category|display-reading|curriculum-priority,remaining
客,775,783,"guest, traveller; customer",general,JHER,JR,3,source-attested-unreviewed,hk-selection|learner-definition|category|display-reading|curriculum-priority,remaining
破,776,784,"break, ruin, destroy; rout",general,MRDHE,ME,2,source-attested-unreviewed,hk-selection|learner-definition|category|display-reading|curriculum-priority,remaining
端,777,785,"end, extreme; head; beginning",general,YTUMB,YB,2,source-attested-unreviewed,hk-selection|learner-definition|category|display-reading|curriculum-priority,remaining
況,778,786,"condition, situation; furthermore",general,ERHU,EU,2,source-attested-unreviewed,hk-selection|learner-definition|category|display-reading|curriculum-priority,remaining
莊,779,787,"village, hamlet; villa; surname",people,TVMG,TG,2,source-attested-unreviewed,hk-selection|learner-definition|category|display-reading|curriculum-priority,remaining
雷,780,788,thunder,general,MBW,MW,3,source-attested-unreviewed,hk-selection|learner-definition|category|display-reading|curriculum-priority,remaining
籃,781,789,basket,general,HSIT,HT,2,source-attested-unreviewed,hk-selection|learner-definition|category|display-reading|curriculum-priority,remaining
某,782,790,certain thing or person,people,TMD,TD,3,source-attested-unreviewed,hk-selection|learner-definition|category|display-reading|curriculum-priority,remaining
描,783,791,"copy, trace, sketch; depict",general,QTW,QW,3,source-attested-unreviewed,hk-selection|learner-definition|category|display-reading|curriculum-priority,remaining
測,784,792,"measure, estimate, conjecture",general,EBCN,EN,2,source-attested-unreviewed,hk-selection|learner-definition|category|display-reading|curriculum-priority,remaining
談,785,793,talk; conversation; surname,people,YRFF,YF,2,source-attested-unreviewed,hk-selection|learner-definition|category|display-reading|curriculum-priority,remaining
且,786,794,"moreover, also (post-subject); about to, will soon (pre-verb)",general,BM,BM,5,source-attested-unreviewed,hk-selection|learner-definition|category|display-reading|curriculum-priority,remaining
伴,787,795,"companion, comrade, partner; accompany",general,OFQ,OQ,3,source-attested-unreviewed,hk-selection|learner-definition|category|display-reading|curriculum-priority,remaining
狀,788,796,form; appearance; shape; official,general,VMIK,VK,2,source-attested-unreviewed,hk-selection|learner-definition|category|display-reading|curriculum-priority,remaining
研,789,797,"grind, rub; study, research",education,MRMT,MT,4,source-attested-unreviewed,hk-selection|learner-definition|category|display-reading|curriculum-priority,remaining
般,790,798,"sort, manner, kind, category",general,HYHNE,HE,7,source-attested-unreviewed,hk-selection|learner-definition|category|display-reading|curriculum-priority,remaining
院,791,799,"courtyard, yard, court; school",education,NLJMU,NU,2,source-attested-unreviewed,hk-selection|learner-definition|category|display-reading|curriculum-priority,remaining
詩,792,800,"poetry; poem, verse, ode",general,YRGDI,YI,2,source-attested-unreviewed,hk-selection|learner-definition|category|display-reading|curriculum-priority,remaining
譜,793,801,"register, list, table; musical score",general,YRTCA,YA,2,source-attested-unreviewed,hk-selection|learner-definition|category|display-reading|curriculum-priority,remaining
市,794,802,"market, fair; city, town; trade",general,YLB,YB,2,source-attested-unreviewed,hk-selection|learner-definition|category|display-reading|curriculum-priority,remaining
非,795,803,"not, negative, non-; oppose; Kangxi radical 175",general,LMSY,LY,3,source-attested-unreviewed,hk-selection|learner-definition|category|display-reading|curriculum-priority,remaining
帝,796,804,"supreme ruler, emperor; god",general,YBLB,YB,2,source-attested-unreviewed,hk-selection|learner-definition|category|display-reading|curriculum-priority,remaining
突,797,805,"suddenly, abruptly, unexpectedly",general,JCIK,JK,2,source-attested-unreviewed,hk-selection|learner-definition|category|display-reading|curriculum-priority,remaining
規,798,806,"rules, regulations, customs, law",general,QOBUU,QU,4,source-attested-unreviewed,hk-selection|learner-definition|category|display-reading|curriculum-priority,remaining
雄,799,807,male of species; hero; manly,general,KIOG,KG,2,source-attested-unreviewed,hk-selection|learner-definition|category|display-reading|curriculum-priority,remaining
劉,800,808,"surname; kill, destroy",people,HCLN,HN,2,source-attested-unreviewed,hk-selection|learner-definition|category|display-reading|curriculum-priority,remaining
顆,801,809,"grain, kernel",general,WDMBC,WC,4,source-attested-unreviewed,hk-selection|learner-definition|category|display-reading|curriculum-priority,remaining
互,802,810,"mutually, reciprocally",general,MVNM,MM,2,source-attested-unreviewed,hk-selection|learner-definition|category|display-reading|curriculum-priority,remaining
枝,803,811,"branches, limbs; branch off",general,DJE,DE,3,source-attested-unreviewed,hk-selection|learner-definition|category|display-reading|curriculum-priority,remaining
哥,804,812,elder brother,general,MRNR,MR,3,source-attested-unreviewed,hk-selection|learner-definition|category|display-reading|curriculum-priority,remaining
願,805,813,"desire, want; wish; ambition",general,MFMBC,MC,3,source-attested-unreviewed,hk-selection|learner-definition|category|display-reading|curriculum-priority,remaining
洗,806,814,"wash, rinse; clean, purify",general,EHGU,EU,3,source-attested-unreviewed,hk-selection|learner-definition|category|display-reading|curriculum-priority,remaining
折,807,815,"break off, snap; bend",general,QHML,QL,5,source-attested-unreviewed,hk-selection|learner-definition|category|display-reading|curriculum-priority,remaining
射,808,816,"shoot, eject, issue forth, emit",general,HHDI,HI,6,source-attested-unreviewed,hk-selection|learner-definition|category|display-reading|curriculum-priority,remaining
圈,809,817,to circle; a circle; corral,general,WFQU,WU,6,source-attested-unreviewed,hk-selection|learner-definition|category|display-reading|curriculum-priority,remaining
置,810,818,"place, lay out; set aside",general,WLJBM,WM,3,source-attested-unreviewed,hk-selection|learner-definition|category|display-reading|curriculum-priority,remaining
戲,811,819,"theatrical play, show",general,YTI,YI,8,source-attested-unreviewed,hk-selection|learner-definition|category|display-reading|curriculum-priority,remaining
失,812,820,"lose; make mistake, neglect",actions,HQO,HO,3,source-attested-unreviewed,hk-selection|learner-definition|category|display-reading|curriculum-priority,remaining
冷,813,821,"cold, cool; lonely",general,IMOII,II,4,source-attested-unreviewed,hk-selection|learner-definition|category|display-reading|curriculum-priority,remaining
福,814,822,"happiness, good fortune, blessing",general,IFMRW,IW,3,source-attested-unreviewed,hk-selection|learner-definition|category|display-reading|curriculum-priority,remaining
砍,815,823,"hack, chop, cut, fell",general,MRNO,MO,2,source-attested-unreviewed,hk-selection|learner-definition|category|display-reading|curriculum-priority,remaining
弱,816,824,"weak; fragile, delicate",general,NMNIM,NM,2,source-attested-unreviewed,hk-selection|learner-definition|category|display-reading|curriculum-priority,remaining
喊,817,825,"shout, call out, yell; howl; cry",general,RIHR,RR,4,source-attested-unreviewed,hk-selection|learner-definition|category|display-reading|curriculum-priority,remaining
寧,818,826,"repose, serenity, peace; peaceful",general,JPBN,JN,4,source-attested-unreviewed,hk-selection|learner-definition|category|display-reading|curriculum-priority,remaining
存,819,827,"exist, live, be; survive; remain",general,KLND,KD,2,source-attested-unreviewed,hk-selection|learner-definition|category|display-reading|curriculum-priority,remaining
幅,820,828,"piece, strip, breadth of, hem",general,LBMRW,LW,3,source-attested-unreviewed,hk-selection|learner-definition|category|display-reading|curriculum-priority,remaining
統,821,829,"govern, command, control; unite",general,VFYIU,VU,2,source-attested-unreviewed,hk-selection|learner-definition|category|display-reading|curriculum-priority,remaining
絲,822,830,silk; fine thread; wire; strings,general,VFVIF,VF,2,source-attested-unreviewed,hk-selection|learner-definition|category|display-reading|curriculum-priority,remaining
秋,823,831,"autumn, fall; year",general,HDF,HF,2,source-attested-unreviewed,hk-selection|learner-definition|category|display-reading|curriculum-priority,remaining
富,824,832,"abundant, ample; rich, wealthy",general,JMRW,JW,2,source-attested-unreviewed,hk-selection|learner-definition|category|display-reading|curriculum-priority,remaining
銀,825,833,"silver (element 47, Ag); cash, money, wealth",general,CAV,CV,2,source-attested-unreviewed,hk-selection|learner-definition|category|display-reading|curriculum-priority,remaining
良,826,834,"good, virtuous, respectable",general,IAV,IV,3,source-attested-unreviewed,hk-selection|learner-definition|category|display-reading|curriculum-priority,remaining
楊,827,835,"willow, poplar, aspen; surname",people,DAMH,DH,2,source-attested-unreviewed,hk-selection|learner-definition|category|display-reading|curriculum-priority,remaining
摘,828,836,"pluck, pick; select; specify",general,QYCB,QB,2,source-attested-unreviewed,hk-selection|learner-definition|category|display-reading|curriculum-priority,remaining
功,829,837,"achievement, merit, good result",general,MKS,MS,2,source-attested-unreviewed,hk-selection|learner-definition|category|display-reading|curriculum-priority,remaining
至,830,838,"reach, arrive; extremely, very; Kangxi radical 133",general,MIG,MG,3,source-attested-unreviewed,hk-selection|learner-definition|category|display-reading|curriculum-priority,remaining
堅,831,839,"hard, strong, firm; resolute",general,SEG,SG,2,source-attested-unreviewed,hk-selection|learner-definition|category|display-reading|curriculum-priority,remaining
換,832,840,"change, exchange; substitute",general,QNBK,QK,2,source-attested-unreviewed,hk-selection|learner-definition|category|display-reading|curriculum-priority,remaining
槍,833,841,"spear, lance; gun, rifle",general,DOIR,DR,4,source-attested-unreviewed,hk-selection|learner-definition|category|display-reading|curriculum-priority,remaining
懂,834,842,"understand, comprehend",general,PTHG,PG,2,source-attested-unreviewed,hk-selection|learner-definition|category|display-reading|curriculum-priority,remaining
繩,835,843,"rope, string, cord; measure, restrain",general,VFRXU,VU,6,source-attested-unreviewed,hk-selection|learner-definition|category|display-reading|curriculum-priority,remaining
露,836,844,"dew; bare, open, exposed",general,MBRMR,MR,3,source-attested-unreviewed,hk-selection|learner-definition|category|display-reading|curriculum-priority,remaining
售,837,845,sell,general,OGR,OR,3,source-attested-unreviewed,hk-selection|learner-definition|category|display-reading|curriculum-priority,remaining
插,838,846,"insert, stick into; plant",general,QHJX,QX,3,source-attested-unreviewed,hk-selection|learner-definition|category|display-reading|curriculum-priority,remaining
補,839,847,"mend, patch, fix, repair, restore",general,LIJB,LB,2,source-attested-unreviewed,hk-selection|learner-definition|category|display-reading|curriculum-priority,remaining
牆,840,848,wall,general,VMGOW,VW,2,source-attested-unreviewed,hk-selection|learner-definition|category|display-reading|curriculum-priority,remaining
壞,841,849,"bad, spoil(ed), ruin, destroy",general,GYWV,GV,4,source-attested-unreviewed,hk-selection|learner-definition|category|display-reading|curriculum-priority,remaining
配,842,850,"match, pair; equal; blend",general,MWSU,MU,2,source-attested-unreviewed,hk-selection|learner-definition|category|display-reading|curriculum-priority,remaining
陳,843,851,"exhibit, display; plead; surname",people,NLDW,NW,4,source-attested-unreviewed,hk-selection|learner-definition|category|display-reading|curriculum-priority,remaining
資,844,852,property; wealth; capital,general,IOBUC,IC,3,source-attested-unreviewed,hk-selection|learner-definition|category|display-reading|curriculum-priority,remaining
靠,845,853,"lean on, trust, depend on; near",general,HGRLY,HY,2,source-attested-unreviewed,hk-selection|learner-definition|category|display-reading|curriculum-priority,remaining
繼,846,854,"continue, maintain, carry on",general,VFVVI,VI,2,source-attested-unreviewed,hk-selection|learner-definition|category|display-reading|curriculum-priority,remaining
卡,847,855,"card, punch card; calorie",general,YMY,YY,5,source-attested-unreviewed,hk-selection|learner-definition|category|display-reading|curriculum-priority,remaining
含,848,856,hold in mouth; cherish; contain,general,OINR,OR,3,source-attested-unreviewed,hk-selection|learner-definition|category|display-reading|curriculum-priority,remaining
毫,849,857,fine hair; measure of length,general,YRBU,YU,2,source-attested-unreviewed,hk-selection|learner-definition|category|display-reading|curriculum-priority,remaining
楚,850,858,name of feudal state; clear,general,DDNYO,DO,3,source-attested-unreviewed,hk-selection|learner-definition|category|display-reading|curriculum-priority,remaining
堆,851,859,"heap, pile, crowd; pile up",general,GOG,GG,2,source-attested-unreviewed,hk-selection|learner-definition|category|display-reading|curriculum-priority,remaining
潑,852,860,"pour, splash, water, sprinkle; violent, malignant",nature,ENOE,EE,4,source-attested-unreviewed,hk-selection|learner-definition|category|display-reading|curriculum-priority,remaining
輪,853,861,"wheel; revolve, turn; recur",general,JJOMB,JB,2,source-attested-unreviewed,hk-selection|learner-definition|category|display-reading|curriculum-priority,remaining
懷,854,862,"bosom, breast; carry in bosom",general,PYWV,PV,2,source-attested-unreviewed,hk-selection|learner-definition|category|display-reading|curriculum-priority,remaining
肥,855,863,"fat, plump, obese; fertile",general,BAU,BU,3,source-attested-unreviewed,hk-selection|learner-definition|category|display-reading|curriculum-priority,remaining
假,856,864,"falsehood, deception; vacation",general,ORSE,OE,8,source-attested-unreviewed,hk-selection|learner-definition|category|display-reading|curriculum-priority,remaining
血,857,865,blood; Kangxi radical 143,general,HBT,HT,3,source-attested-unreviewed,hk-selection|learner-definition|category|display-reading|curriculum-priority,remaining
悄,858,866,"silent, quiet, still; anxious",general,PFB,PB,5,source-attested-unreviewed,hk-selection|learner-definition|category|display-reading|curriculum-priority,remaining
剪,859,867,"scissors; cut, divide, separate",general,TBNH,TH,2,source-attested-unreviewed,hk-selection|learner-definition|category|display-reading|curriculum-priority,remaining
掌,860,868,"palm of hand, sole of foot, paw",general,FBRQ,FQ,3,source-attested-unreviewed,hk-selection|learner-definition|category|display-reading|curriculum-priority,remaining
必,861,869,"surely, most certainly; must",general,PH,PH,2,source-attested-unreviewed,hk-selection|learner-definition|category|display-reading|curriculum-priority,remaining
守,862,870,"defend, protect, guard, conserve",general,JDI,JI,4,source-attested-unreviewed,hk-selection|learner-definition|category|display-reading|curriculum-priority,remaining
波,863,871,"waves, breakers; undulations",general,EDHE,EE,4,source-attested-unreviewed,hk-selection|learner-definition|category|display-reading|curriculum-priority,remaining
省,864,872,"province; save, economize",general,FHBU,FU,5,source-attested-unreviewed,hk-selection|learner-definition|category|display-reading|curriculum-priority,remaining
腿,865,873,"legs, thighs",general,BYAV,BV,2,source-attested-unreviewed,hk-selection|learner-definition|category|display-reading|curriculum-priority,remaining
餅,866,874,"rice-cakes, biscuits",food,OITT,OT,4,source-attested-unreviewed,hk-selection|learner-definition|category|display-reading|curriculum-priority,remaining
幸,867,875,"luck(ily), favor, fortunately",general,GTJ,GJ,3,source-attested-unreviewed,hk-selection|learner-definition|category|display-reading|curriculum-priority,remaining
夠,868,876,"enough, adequate",general,NNPR,NR,2,source-attested-unreviewed,hk-selection|learner-definition|category|display-reading|curriculum-priority,remaining
晨,869,877,"early morning, daybreak",general,AMMV,AV,3,source-attested-unreviewed,hk-selection|learner-definition|category|display-reading|curriculum-priority,remaining
橫,870,878,"across, horizontal, lateral",general,DTMC,DC,3,source-attested-unreviewed,hk-selection|learner-definition|category|display-reading|curriculum-priority,remaining
姐,871,879,"elder sister, young lady",general,VBM,VM,6,source-attested-unreviewed,hk-selection|learner-definition|category|display-reading|curriculum-priority,remaining
撥,872,880,"move; dispel; distribute; plectrum, play stringed instrument",general,QNOE,QE,3,source-attested-unreviewed,hk-selection|learner-definition|category|display-reading|curriculum-priority,remaining
依,873,881,"rely on, be set in; consent, obey a wish",general,OYHV,OV,3,source-attested-unreviewed,hk-selection|learner-definition|category|display-reading|curriculum-priority,remaining
姑,874,882,father's sister; husband's mother,people,VJR,VR,3,source-attested-unreviewed,hk-selection|learner-definition|category|display-reading|curriculum-priority,remaining
糖,875,883,sugar; candy; sweets,general,FDILR,FR,3,source-attested-unreviewed,hk-selection|learner-definition|category|display-reading|curriculum-priority,remaining
蘭,876,884,"orchid; elegant, graceful",general,TANW,TW,2,source-attested-unreviewed,hk-selection|learner-definition|category|display-reading|curriculum-priority,remaining
久,877,885,"long time (ago); time passage, grow late",general,NO,NO,2,source-attested-unreviewed,hk-selection|learner-definition|category|display-reading|curriculum-priority,remaining
究,878,886,"examine, investigate",general,JCKN,JN,4,source-attested-unreviewed,hk-selection|learner-definition|category|display-reading|curriculum-priority,remaining
虎,879,887,"tiger; brave, fierce; surname",people,YPHN,YN,4,source-attested-unreviewed,hk-selection|learner-definition|category|display-reading|curriculum-priority,remaining
橡,880,888,chestnut oak; rubber tree; rubber,general,DNAO,DO,2,source-attested-unreviewed,hk-selection|learner-definition|category|display-reading|curriculum-priority,remaining
司,881,889,"take charge of, control, manage; officer",actions,SMR,SR,4,source-attested-unreviewed,hk-selection|learner-definition|category|display-reading|curriculum-priority,remaining
冰,882,890,ice; ice-cold,general,IME,IE,4,source-attested-unreviewed,hk-selection|learner-definition|category|display-reading|curriculum-priority,remaining
稍,883,891,"little, slightly; rather",general,HDFB,HB,3,source-attested-unreviewed,hk-selection|learner-definition|category|display-reading|curriculum-priority,remaining
盡,884,892,"exhaust, use up; deplete",general,LMFBT,LT,3,source-attested-unreviewed,hk-selection|learner-definition|category|display-reading|curriculum-priority,remaining
湖,885,893,"a lake; Hubei, Hunan; bluish-green",general,EJRB,EB,2,source-attested-unreviewed,hk-selection|learner-definition|category|display-reading|curriculum-priority,remaining
訴,886,894,accuse; sue; inform; narrate,general,YRHMY,YY,3,source-attested-unreviewed,hk-selection|learner-definition|category|display-reading|curriculum-priority,remaining
玉,887,895,"jade, precious stone, gem",general,MGI,MI,2,source-attested-unreviewed,hk-selection|learner-definition|category|display-reading|curriculum-priority,remaining
值,888,896,price,general,OJBM,OM,2,source-attested-unreviewed,hk-selection|learner-definition|category|display-reading|curriculum-priority,remaining
席,889,897,seat; mat; take seat; banquet,actions,ITLB,IB,2,source-attested-unreviewed,hk-selection|learner-definition|category|display-reading|curriculum-priority,remaining
基,890,898,"foundation, base",general,TCG,TG,2,source-attested-unreviewed,hk-selection|learner-definition|category|display-reading|curriculum-priority,remaining
勢,891,899,"power, force; tendency",general,GIKS,GS,3,source-attested-unreviewed,hk-selection|learner-definition|category|display-reading|curriculum-priority,remaining
繞,892,900,entwine; wind around; surround,nature,VFGGU,VU,4,source-attested-unreviewed,hk-selection|learner-definition|category|display-reading|curriculum-priority,remaining
顏,893,901,"face, facial appearance",general,XYHMB,XB,2,source-attested-unreviewed,hk-selection|learner-definition|category|display-reading|curriculum-priority,remaining
夏,894,902,"summer; great, grand, big",general,MUHE,ME,3,source-attested-unreviewed,hk-selection|learner-definition|category|display-reading|curriculum-priority,remaining
構,895,903,"frame, building, structure",general,DTTB,DB,4,source-attested-unreviewed,hk-selection|learner-definition|category|display-reading|curriculum-priority,remaining
介,896,904,"forerunner, herald, harbinger; to lie between; sea shell; to wear armor",general,OLL,OL,3,source-attested-unreviewed,hk-selection|learner-definition|category|display-reading|curriculum-priority,remaining
岸,897,905,"bank, shore; beach, coast",general,UMMJ,UJ,2,source-attested-unreviewed,hk-selection|learner-definition|category|display-reading|curriculum-priority,remaining
鏡,898,906,mirror; lens; glass; glasses,general,CYTU,CU,2,source-attested-unreviewed,hk-selection|learner-definition|category|display-reading|curriculum-priority,remaining
狗,899,907,"dog, Canis familiaris",general,KHPR,KR,2,source-attested-unreviewed,hk-selection|learner-definition|category|display-reading|curriculum-priority,remaining
棒,900,908,"stick, club, truncheon; hit",general,DQKQ,DQ,2,source-attested-unreviewed,hk-selection|learner-definition|category|display-reading|curriculum-priority,remaining
微,901,909,"small, prefix micro-, trifling",general,HOUNK,HK,2,source-attested-unreviewed,hk-selection|learner-definition|category|display-reading|curriculum-priority,remaining
浪,902,910,"wave; wasteful, reckless",general,EIAV,EV,3,source-attested-unreviewed,hk-selection|learner-definition|category|display-reading|curriculum-priority,remaining
梨,903,911,"pear; opera; cut, slash",general,HND,HD,2,source-attested-unreviewed,hk-selection|learner-definition|category|display-reading|curriculum-priority,remaining
蛙,904,912,frog,general,LIGG,LG,3,source-attested-unreviewed,hk-selection|learner-definition|category|display-reading|curriculum-priority,remaining
永,905,913,"long, perpetual, eternal, forever",general,INE,IE,2,source-attested-unreviewed,hk-selection|learner-definition|category|display-reading|curriculum-priority,remaining
阿,906,914,prefix for people's names; used in transliteration,general,NLMNR,NR,7,source-attested-unreviewed,hk-selection|learner-definition|category|display-reading|curriculum-priority,remaining
甜,907,915,"sweet, sweetness",general,HRTM,HM,2,source-attested-unreviewed,hk-selection|learner-definition|category|display-reading|curriculum-priority,remaining
評,908,916,"appraise, criticize, evaluate",general,YRMFJ,YJ,2,source-attested-unreviewed,hk-selection|learner-definition|category|display-reading|curriculum-priority,remaining
樓,909,917,building of two or more stories,numbers,DLLV,DV,3,source-attested-unreviewed,hk-selection|learner-definition|category|display-reading|curriculum-priority,remaining
禮,910,918,social custom; manners; courtesy; rites,general,IFTWT,IT,2,source-attested-unreviewed,hk-selection|learner-definition|category|display-reading|curriculum-priority,remaining
顯,911,919,"manifest, display; evident, clear",general,AFMBC,AC,3,source-attested-unreviewed,hk-selection|learner-definition|category|display-reading|curriculum-priority,remaining
抗,912,920,"resist, oppose, defy, reject",general,QYHN,QN,3,source-attested-unreviewed,hk-selection|learner-definition|category|display-reading|curriculum-priority,remaining
趣,913,921,what attracts one's attention,numbers,GOSJE,GE,6,source-attested-unreviewed,hk-selection|learner-definition|category|display-reading|curriculum-priority,remaining
羅,914,922,net for catching birds; gauze,general,WLVFG,WG,5,source-attested-unreviewed,hk-selection|learner-definition|category|display-reading|curriculum-priority,remaining
灰,915,923,"ashes; dust; lime, mortar",general,KF,KF,2,source-attested-unreviewed,hk-selection|learner-definition|category|display-reading|curriculum-priority,remaining
柴,916,924,"firewood, faggots, fuel",general,YPD,YD,5,source-attested-unreviewed,hk-selection|learner-definition|category|display-reading|curriculum-priority,remaining
桃,917,925,peach; marriage; surname,people,DLMO,DO,4,source-attested-unreviewed,hk-selection|learner-definition|category|display-reading|curriculum-priority,remaining
窗,918,926,window,general,JCHWE,JE,3,source-attested-unreviewed,hk-selection|learner-definition|category|display-reading|curriculum-priority,remaining
池,919,927,"pool, pond; moat; cistern",general,EPD,ED,4,source-attested-unreviewed,hk-selection|learner-definition|category|display-reading|curriculum-priority,remaining
判,920,928,judge; discriminate; conclude,general,FQLN,FN,2,source-attested-unreviewed,hk-selection|learner-definition|category|display-reading|curriculum-priority,remaining
忽,921,929,"suddenly, abruptly; neglect",general,PHP,PP,2,source-attested-unreviewed,hk-selection|learner-definition|category|display-reading|curriculum-priority,remaining
厚,922,930,thick; substantial; greatly,general,MAND,MD,2,source-attested-unreviewed,hk-selection|learner-definition|category|display-reading|curriculum-priority,remaining
創,923,931,"establish, create; knife cut",general,ORLN,ON,5,source-attested-unreviewed,hk-selection|learner-definition|category|display-reading|curriculum-priority,remaining
預,924,932,"prepare, arrange; in advance",general,NNMBC,NC,2,source-attested-unreviewed,hk-selection|learner-definition|category|display-reading|curriculum-priority,remaining
鋒,925,933,"point of spear, sharp point",general,CHEJ,CJ,2,source-attested-unreviewed,hk-selection|learner-definition|category|display-reading|curriculum-priority,remaining
妹,926,934,younger sister,general,VJD,VD,3,source-attested-unreviewed,hk-selection|learner-definition|category|display-reading|curriculum-priority,remaining
娘,927,935,mother; young girl; woman; wife,people,VIAV,VV,3,source-attested-unreviewed,hk-selection|learner-definition|category|display-reading|curriculum-priority,remaining
章,928,936,"composition; chapter, section",general,YTAJ,YJ,3,source-attested-unreviewed,hk-selection|learner-definition|category|display-reading|curriculum-priority,remaining
暖,929,937,"warm, genial",general,ABME,AE,3,source-attested-unreviewed,hk-selection|learner-definition|category|display-reading|curriculum-priority,remaining
彎,930,938,"bend, curve",general,VFN,VN,2,source-attested-unreviewed,hk-selection|learner-definition|category|display-reading|curriculum-priority,remaining
飯,931,939,cooked rice; food; meal,food,OIHE,OE,2,source-attested-unreviewed,hk-selection|learner-definition|category|display-reading|curriculum-priority,remaining
僅,932,940,"only, merely, solely, just",general,OTLM,OM,4,source-attested-unreviewed,hk-selection|learner-definition|category|display-reading|curriculum-priority,remaining
箭,933,941,arrow; type of bamboo,general,HTBN,HN,2,source-attested-unreviewed,hk-selection|learner-definition|category|display-reading|curriculum-priority,remaining
鵝,934,942,goose,general,HIHAF,HF,2,source-attested-unreviewed,hk-selection|learner-definition|category|display-reading|curriculum-priority,remaining
即,935,943,"promptly, quickly, immediately",general,AISL,AL,2,source-attested-unreviewed,hk-selection|learner-definition|category|display-reading|curriculum-priority,remaining
玻,936,944,glass,general,MGDHE,ME,2,source-attested-unreviewed,hk-selection|learner-definition|category|display-reading|curriculum-priority,remaining
麻,937,945,"hemp, jute, flax; sesame; Kangxi radical 200",general,IDD,ID,4,source-attested-unreviewed,hk-selection|learner-definition|category|display-reading|curriculum-priority,remaining
絕,938,946,"cut, sever, break off, terminate",general,VFSHU,VU,2,source-attested-unreviewed,hk-selection|learner-definition|category|display-reading|curriculum-priority,remaining
嗨,939,947,an exclamation,general,REOY,RY,3,source-attested-unreviewed,hk-selection|learner-definition|category|display-reading|curriculum-priority,remaining
敬,940,948,"respect, honor; respectfully",general,TROK,TK,2,source-attested-unreviewed,hk-selection|learner-definition|category|display-reading|curriculum-priority,remaining
璃,941,949,glass,general,MGYUB,MB,3,source-attested-unreviewed,hk-selection|learner-definition|category|display-reading|curriculum-priority,remaining
洞,942,950,"cave, grotto; ravine; hole",general,EBMR,ER,3,source-attested-unreviewed,hk-selection|learner-definition|category|display-reading|curriculum-priority,remaining
述,943,951,"narrate, state, express",general,YID,YD,2,source-attested-unreviewed,hk-selection|learner-definition|category|display-reading|curriculum-priority,remaining
鼠,944,952,"rat, mouse; Kangxi radical 208",general,HXVYV,HV,2,source-attested-unreviewed,hk-selection|learner-definition|category|display-reading|curriculum-priority,remaining
壁,945,953,"partition wall; walls of a house; 14th lunar mansion, determinative star γ Pegasi (Algenib)",general,SJG,SG,2,source-attested-unreviewed,hk-selection|learner-definition|category|display-reading|curriculum-priority,remaining
檢,946,954,check; examine,general,DOMO,DO,2,source-attested-unreviewed,hk-selection|learner-definition|category|display-reading|curriculum-priority,remaining
翻,947,955,"flip over, upset, capsize",general,HWSMM,HM,2,source-attested-unreviewed,hk-selection|learner-definition|category|display-reading|curriculum-priority,remaining
顧,948,956,look back; look at; look after,general,HGMBC,HC,2,source-attested-unreviewed,hk-selection|learner-definition|category|display-reading|curriculum-priority,remaining
巾,949,957,kerchief; towel; turban; Kangxi radical 50,general,LB,LB,2,source-attested-unreviewed,hk-selection|learner-definition|category|display-reading|curriculum-priority,remaining
充,950,958,"fill, be full, supply",general,YIHU,YU,2,source-attested-unreviewed,hk-selection|learner-definition|category|display-reading|curriculum-priority,remaining
抓,951,959,"scratch; clutch, seize, grab",general,QHLO,QO,3,source-attested-unreviewed,hk-selection|learner-definition|category|display-reading|curriculum-priority,remaining
篇,952,960,"chapter, section, essay, article",general,HHSB,HB,2,source-attested-unreviewed,hk-selection|learner-definition|category|display-reading|curriculum-priority,remaining
謝,953,961,thank; decline,general,YRHHI,YI,3,source-attested-unreviewed,hk-selection|learner-definition|category|display-reading|curriculum-priority,remaining
糧,954,962,"food, grain, provisions",food,FDAMG,FG,2,source-attested-unreviewed,hk-selection|learner-definition|category|display-reading|curriculum-priority,remaining
騎,955,964,ride horseback; mount; cavalry,general,SFKMR,SR,4,source-attested-unreviewed,hk-selection|learner-definition|category|display-reading|curriculum-priority,remaining
蘇,956,965,"revive, resurrect; a species of thyme; transliteration of 'Soviet'",general,TNFD,TD,2,source-attested-unreviewed,hk-selection|learner-definition|category|display-reading|curriculum-priority,remaining
官,957,966,"official, public servant",general,JRLR,JR,2,source-attested-unreviewed,hk-selection|learner-definition|category|display-reading|curriculum-priority,remaining
偉,958,968,"great, robust; extraordinary",general,ODMQ,OQ,2,source-attested-unreviewed,hk-selection|learner-definition|category|display-reading|curriculum-priority,remaining
婆,959,969,old woman; grandmother,people,EEV,EV,3,source-attested-unreviewed,hk-selection|learner-definition|category|display-reading|curriculum-priority,remaining
摸,960,970,gently touch with hand; caress,general,QTAK,QK,4,source-attested-unreviewed,hk-selection|learner-definition|category|display-reading|curriculum-priority,remaining
伸,961,972,"extend, stretch out, open up; trust",general,OLWL,OL,2,source-attested-unreviewed,hk-selection|learner-definition|category|display-reading|curriculum-priority,remaining
豆,962,973,"beans, peas; bean-shaped; Kangxi radical 151",general,MRT,MT,3,source-attested-unreviewed,hk-selection|learner-definition|category|display-reading|curriculum-priority,remaining
沿,963,974,"follow a course, go along",actions,ECR,ER,4,source-attested-unreviewed,hk-selection|learner-definition|category|display-reading|curriculum-priority,remaining
貨,964,975,"goods, commodities, products",general,OPBUC,OC,2,source-attested-unreviewed,hk-selection|learner-definition|category|display-reading|curriculum-priority,remaining
壓,965,976,press; oppress; crush; pressure,general,MKG,MG,3,source-attested-unreviewed,hk-selection|learner-definition|category|display-reading|curriculum-priority,remaining
礦,966,977,"mine; mineral, ore",general,MRITC,MC,4,source-attested-unreviewed,hk-selection|learner-definition|category|display-reading|curriculum-priority,remaining
宇,967,978,"house; building, structure; eaves",general,JMD,JD,2,source-attested-unreviewed,hk-selection|learner-definition|category|display-reading|curriculum-priority,remaining
移,968,979,"change place, shift; move about",general,HDNIN,HN,4,source-attested-unreviewed,hk-selection|learner-definition|category|display-reading|curriculum-priority,remaining
止,969,980,"stop, halt, desist; detain",general,YLM,YM,2,source-attested-unreviewed,hk-selection|learner-definition|category|display-reading|curriculum-priority,remaining
居,970,981,"live, dwell, reside, sit",general,SJR,SR,3,source-attested-unreviewed,hk-selection|learner-definition|category|display-reading|curriculum-priority,remaining
拖,971,982,"drag, tow, haul; delay, prolong",general,QOPD,QD,3,source-attested-unreviewed,hk-selection|learner-definition|category|display-reading|curriculum-priority,remaining
境,972,983,"boundary, frontier; area, region",general,GYTU,GU,2,source-attested-unreviewed,hk-selection|learner-definition|category|display-reading|curriculum-priority,remaining
豐,973,984,"abundant, lush, bountiful, plenty; hexagram ䷶",general,UJMRT,UT,2,source-attested-unreviewed,hk-selection|learner-definition|category|display-reading|curriculum-priority,remaining
刀,974,985,knife; old coin; measure,general,SH,SH,3,source-attested-unreviewed,hk-selection|learner-definition|category|display-reading|curriculum-priority,remaining
壯,975,986,"big, large; robust; name of tribe",general,VMG,VG,3,source-attested-unreviewed,hk-selection|learner-definition|category|display-reading|curriculum-priority,remaining
迎,976,987,"receive, welcome, greet",general,YHVL,YL,3,source-attested-unreviewed,hk-selection|learner-definition|category|display-reading|curriculum-priority,remaining
降,977,988,"descend, fall, drop; lower, down",general,NLHEQ,NQ,5,source-attested-unreviewed,hk-selection|learner-definition|category|display-reading|curriculum-priority,remaining
退,978,989,"step back, retreat, withdraw",general,YAV,YV,2,source-attested-unreviewed,hk-selection|learner-definition|category|display-reading|curriculum-priority,remaining
搬,979,990,"transfer, move, remove, shift",general,QHYE,QE,3,source-attested-unreviewed,hk-selection|learner-definition|category|display-reading|curriculum-priority,remaining
播,980,991,"sow, spread; broadcast; cast away, reject",general,QHDW,QW,3,source-attested-unreviewed,hk-selection|learner-definition|category|display-reading|curriculum-priority,remaining
掛,981,992,"hang, suspend; suspense",general,QGGY,QY,2,source-attested-unreviewed,hk-selection|learner-definition|category|display-reading|curriculum-priority,remaining
傅,982,993,"tutor, teacher; assist; surname",people,OIBI,OI,5,source-attested-unreviewed,hk-selection|learner-definition|category|display-reading|curriculum-priority,remaining
趙,983,994,surname; Warring States-era kingdom in modern Hebei and Shanxi,people,GOFB,GB,3,source-attested-unreviewed,hk-selection|learner-definition|category|display-reading|curriculum-priority,remaining
激,984,995,"arouse, excite, incite; quickly",general,EHSK,EK,5,source-attested-unreviewed,hk-selection|learner-definition|category|display-reading|curriculum-priority,remaining
磨,985,996,grind; polish; rub; wear out; a millstone,general,ICMR,IR,5,source-attested-unreviewed,hk-selection|learner-definition|category|display-reading|curriculum-priority,remaining
擦,986,997,"wipe, scrub, rub, scour; brush",general,QJBF,QF,2,source-attested-unreviewed,hk-selection|learner-definition|category|display-reading|curriculum-priority,remaining
藝,987,998,"art; talent, ability; craft",general,TGII,TI,2,source-attested-unreviewed,hk-selection|learner-definition|category|display-reading|curriculum-priority,remaining
仿,988,999,"imitate, copy; as if",general,OYHS,OS,3,source-attested-unreviewed,hk-selection|learner-definition|category|display-reading|curriculum-priority,remaining
何,989,1000,"what, why, where, which, how",general,OMNR,OR,3,source-attested-unreviewed,hk-selection|learner-definition|category|display-reading|curriculum-priority,remaining
衝,990,1001,"rush against, charge ahead",general,HOHGN,HN,5,source-attested-unreviewed,hk-selection|learner-definition|category|display-reading|curriculum-priority,remaining
狼,991,1002,wolf,general,KHIAV,KV,5,source-attested-unreviewed,hk-selection|learner-definition|category|display-reading|curriculum-priority,remaining
堂,992,1003,hall; government office,general,FBRG,FG,3,source-attested-unreviewed,hk-selection|learner-definition|category|display-reading|curriculum-priority,remaining
猴,993,1004,"monkey, ape; monkey-like",general,KHONK,KK,2,source-attested-unreviewed,hk-selection|learner-definition|category|display-reading|curriculum-priority,remaining
稜,994,1005,"corner, edge, angle; square block",general,HDGCE,HE,3,source-attested-unreviewed,hk-selection|learner-definition|category|display-reading|curriculum-priority,remaining
拼,995,1007,"join together, link, incorporate",general,QTT,QT,4,source-attested-unreviewed,hk-selection|learner-definition|category|display-reading|curriculum-priority,remaining
耕,996,1008,"plow, cultivate",general,QDTT,QT,2,source-attested-unreviewed,hk-selection|learner-definition|category|display-reading|curriculum-priority,remaining
航,997,1009,"sail; navigate; ship, boat",general,HYYHN,HN,2,source-attested-unreviewed,hk-selection|learner-definition|category|display-reading|curriculum-priority,remaining
專,998,1010,"monopolize, take sole possession",actions,JIDI,JI,4,source-attested-unreviewed,hk-selection|learner-definition|category|display-reading|curriculum-priority,remaining
麥,999,1011,"wheat, barley, oats; Kangxi radical 199",general,JOHE,JE,2,source-attested-unreviewed,hk-selection|learner-definition|category|display-reading|curriculum-priority,remaining
亂,1000,1012,"confusion, state of chaos; create chaos, revolt",general,BBU,BU,2,source-attested-unreviewed,hk-selection|learner-definition|category|display-reading|curriculum-priority,remaining
誦,1001,1013,"recite, chant, repeat",general,YRNIB,YB,2,source-attested-unreviewed,hk-selection|learner-definition|category|display-reading|curriculum-priority,remaining
鼻,1002,1014,nose; first; Kangxi radical 209,general,HUWML,HL,2,source-attested-unreviewed,hk-selection|learner-definition|category|display-reading|curriculum-priority,remaining
雖,1003,1015,"although, even if",general,RIOG,RG,2,source-attested-unreviewed,hk-selection|learner-definition|category|display-reading|curriculum-priority,remaining
攻,1004,1016,"attack, assault; criticize",general,MOK,MK,2,source-attested-unreviewed,hk-selection|learner-definition|category|display-reading|curriculum-priority,remaining
封,1005,1017,"letter, envelope; feudal",general,GGDI,GI,3,source-attested-unreviewed,hk-selection|learner-definition|category|display-reading|curriculum-priority,remaining
梯,1006,1018,"ladder, steps, stairs; lean",general,DCNH,DH,3,source-attested-unreviewed,hk-selection|learner-definition|category|display-reading|curriculum-priority,remaining
殺,1007,1019,"kill, slaughter, murder; hurt; to pare off, reduce, clip",general,KCHNE,KE,6,source-attested-unreviewed,hk-selection|learner-definition|category|display-reading|curriculum-priority,remaining
透,1008,1020,"penetrate, pass through",general,YHDS,YS,3,source-attested-unreviewed,hk-selection|learner-definition|category|display-reading|curriculum-priority,remaining
滅,1009,1021,"extinguish; wipe out, exterminate",general,EIHF,EF,2,source-attested-unreviewed,hk-selection|learner-definition|category|display-reading|curriculum-priority,remaining
頓,1010,1022,"pause, stop; bow, kowtow; arrange",general,PUMBC,PC,4,source-attested-unreviewed,hk-selection|learner-definition|category|display-reading|curriculum-priority,remaining
窩,1011,1023,"nest; cave, den; hiding place",general,JCBBR,JR,2,source-attested-unreviewed,hk-selection|learner-definition|category|display-reading|curriculum-priority,remaining
蓋,1012,1024,"cover, hide, protect",general,TGIT,TT,7,source-attested-unreviewed,hk-selection|learner-definition|category|display-reading|curriculum-priority,remaining
劇,1013,1025,"theatrical plays, opera, drama",general,YOLN,YN,2,source-attested-unreviewed,hk-selection|learner-definition|category|display-reading|curriculum-priority,remaining
鞋,1014,1026,"shoes, footwear in general",general,TJGG,TG,3,source-attested-unreviewed,hk-selection|learner-definition|category|display-reading|curriculum-priority,remaining
仔,1015,1027,"small thing, child; young animal",people,OND,OD,5,source-attested-unreviewed,hk-selection|learner-definition|category|display-reading|curriculum-priority,remaining
困,1016,1028,"to surround, besiege; to be surrounded; difficult; hexagram ䷮",general,WD,WD,2,source-attested-unreviewed,hk-selection|learner-definition|category|display-reading|curriculum-priority,remaining
初,1017,1029,"beginning, initial, primary",general,LSH,LH,2,source-attested-unreviewed,hk-selection|learner-definition|category|display-reading|curriculum-priority,remaining
消,1018,1030,"vanish, die out; melt away",general,EFB,EB,2,source-attested-unreviewed,hk-selection|learner-definition|category|display-reading|curriculum-priority,remaining
嘰,1019,1031,sigh in disapproval; take small,actions,RVII,RI,2,source-attested-unreviewed,hk-selection|learner-definition|category|display-reading|curriculum-priority,remaining
魯,1020,1032,"foolish, stupid, rash; vulgar",general,NWFA,NA,3,source-attested-unreviewed,hk-selection|learner-definition|category|display-reading|curriculum-priority,remaining
未,1021,1033,not yet; eighth earthly branch,general,JD,JD,2,source-attested-unreviewed,hk-selection|learner-definition|category|display-reading|curriculum-priority,remaining
穀,1022,1034,"corn, grain, cereal; lucky",general,GDHNE,GE,2,source-attested-unreviewed,hk-selection|learner-definition|category|display-reading|curriculum-priority,remaining
掃,1023,1035,"sweep, clear away; exterminate",general,QSMB,QB,4,source-attested-unreviewed,hk-selection|learner-definition|category|display-reading|curriculum-priority,remaining
鉛,1024,1036,"lead (element 82, Pb)",general,CCR,CR,3,source-attested-unreviewed,hk-selection|learner-definition|category|display-reading|curriculum-priority,remaining
漁,1025,1037,to fish; seize; pursue; surname,people,ENWF,EF,2,source-attested-unreviewed,hk-selection|learner-definition|category|display-reading|curriculum-priority,remaining
誤,1026,1038,"err, make mistake; interfere",actions,YRRMK,YK,3,source-attested-unreviewed,hk-selection|learner-definition|category|display-reading|curriculum-priority,remaining
職,1027,1039,"duty, profession; office, post",general,SJYIA,SA,3,source-attested-unreviewed,hk-selection|learner-definition|category|display-reading|curriculum-priority,remaining
藥,1028,1040,"drugs, pharmaceuticals, medicine",general,TVID,TD,4,source-attested-unreviewed,hk-selection|learner-definition|category|display-reading|curriculum-priority,remaining
制,1029,1041,system; establish; overpower,general,HBLN,HN,2,source-attested-unreviewed,hk-selection|learner-definition|category|display-reading|curriculum-priority,remaining
杯,1030,1042,"cup, glass",general,DMF,DF,2,source-attested-unreviewed,hk-selection|learner-definition|category|display-reading|curriculum-priority,remaining
針,1031,1043,needle; pin; tack; acupuncture,general,CJ,CJ,2,source-attested-unreviewed,hk-selection|learner-definition|category|display-reading|curriculum-priority,remaining
揮,1032,1044,direct; wipe away; squander,general,QBJJ,QJ,3,source-attested-unreviewed,hk-selection|learner-definition|category|display-reading|curriculum-priority,remaining
蒙,1033,1045,cover; ignorant; suffer; Mongolia; hexagram ䷃,general,TBMO,TO,4,source-attested-unreviewed,hk-selection|learner-definition|category|display-reading|curriculum-priority,remaining
醫,1034,1046,"medicine; to cure, heal; physician",general,SEMCW,SW,3,source-attested-unreviewed,hk-selection|learner-definition|category|display-reading|curriculum-priority,remaining
孔,1035,1047,"opening, hole, orifice; great",general,NDU,NU,2,source-attested-unreviewed,hk-selection|learner-definition|category|display-reading|curriculum-priority,remaining
束,1036,1048,"bind, control, restrain; bale",general,DL,DL,2,source-attested-unreviewed,hk-selection|learner-definition|category|display-reading|curriculum-priority,remaining
胡,1037,1049,"recklessly, foolishly; wildly",general,JRB,JB,2,source-attested-unreviewed,hk-selection|learner-definition|category|display-reading|curriculum-priority,remaining
島,1038,1050,island,general,HAYU,HU,2,source-attested-unreviewed,hk-selection|learner-definition|category|display-reading|curriculum-priority,remaining
案,1039,1051,"table, bench; legal case",general,JVD,JD,2,source-attested-unreviewed,hk-selection|learner-definition|category|display-reading|curriculum-priority,remaining
訣,1040,1052,"take leave of, bid farewell",actions,YRDK,YK,2,source-attested-unreviewed,hk-selection|learner-definition|category|display-reading|curriculum-priority,remaining
握,1041,1053,"grasp, hold fast, take by hand",actions,QSMG,QG,4,source-attested-unreviewed,hk-selection|learner-definition|category|display-reading|curriculum-priority,remaining
塑,1042,1054,"model in clay, sculpt; plastics",general,TBG,TG,2,source-attested-unreviewed,hk-selection|learner-definition|category|display-reading|curriculum-priority,remaining
態,1043,1055,"manner, bearing, attitude",general,IPP,IP,2,source-attested-unreviewed,hk-selection|learner-definition|category|display-reading|curriculum-priority,remaining
操,1044,1056,"conduct, run, control, manage",general,QRRD,QD,3,source-attested-unreviewed,hk-selection|learner-definition|category|display-reading|curriculum-priority,remaining
醒,1045,1057,wake up; sober up; startle,general,MWAHM,MM,5,source-attested-unreviewed,hk-selection|learner-definition|category|display-reading|curriculum-priority,remaining
秒,1046,1058,beard of grain or corn; a second,general,HDFH,HH,2,source-attested-unreviewed,hk-selection|learner-definition|category|display-reading|curriculum-priority,remaining
陸,1047,1059,"land, continental; army",general,NLGCG,NG,3,source-attested-unreviewed,hk-selection|learner-definition|category|display-reading|curriculum-priority,remaining
晶,1048,1060,"crystal; clear, bright; radiant",general,AAA,AA,2,source-attested-unreviewed,hk-selection|learner-definition|category|display-reading|curriculum-priority,remaining
貼,1049,1061,"paste to, stick on; attached to",general,BCYR,BR,2,source-attested-unreviewed,hk-selection|learner-definition|category|display-reading|curriculum-priority,remaining
獻,1050,1062,"offer, present; show, display",general,YBIK,YK,4,source-attested-unreviewed,hk-selection|learner-definition|category|display-reading|curriculum-priority,remaining
府,1051,1063,prefecture; prefect; government,general,IODI,II,2,source-attested-unreviewed,hk-selection|learner-definition|category|display-reading|curriculum-priority,remaining
附,1052,1064,"adhere to, append; rely on near to",general,NLODI,NI,4,source-attested-unreviewed,hk-selection|learner-definition|category|display-reading|curriculum-priority,remaining
須,1053,1065,"must, have to, necessary; moment; whiskers",general,HHMBC,HC,2,source-attested-unreviewed,hk-selection|learner-definition|category|display-reading|curriculum-priority,remaining
滑,1054,1066,"slip, slide; slippery, polished",general,EBBB,EB,4,source-attested-unreviewed,hk-selection|learner-definition|category|display-reading|curriculum-priority,remaining
嘩,1055,1067,rushing sound; gush forward,general,RTMJ,RJ,3,source-attested-unreviewed,hk-selection|learner-definition|category|display-reading|curriculum-priority,remaining
慶,1056,1068,"congratulate, celebrate",general,IXE,IE,4,source-attested-unreviewed,hk-selection|learner-definition|category|display-reading|curriculum-priority,remaining
肉,1057,1069,flesh; meat; Kangxi radical 130,food,OBO,OO,3,source-attested-unreviewed,hk-selection|learner-definition|category|display-reading|curriculum-priority,remaining
喂,1058,1070,interjection to call attention,general,RWMV,RV,2,source-attested-unreviewed,hk-selection|learner-definition|category|display-reading|curriculum-priority,remaining
維,1059,1072,"maintain, preserve, safeguard",general,VFOG,VG,3,source-attested-unreviewed,hk-selection|learner-definition|category|display-reading|curriculum-priority,remaining
鬧,1060,1073,quarrel; dispute hotly,general,LNYLB,LB,3,source-attested-unreviewed,hk-selection|learner-definition|category|display-reading|curriculum-priority,remaining
柳,1061,1074,"willow tree; pleasure; 24th lunar mansion, determinative star δ Hydrae",general,DHHL,DL,2,source-attested-unreviewed,hk-selection|learner-definition|category|display-reading|curriculum-priority,remaining
洲,1062,1075,continent; island; islet,general,EILL,EL,2,source-attested-unreviewed,hk-selection|learner-definition|category|display-reading|curriculum-priority,remaining
捉,1063,1076,"grasp, clutch; catch, seize",general,QRYO,QO,2,source-attested-unreviewed,hk-selection|learner-definition|category|display-reading|curriculum-priority,remaining
澤,1064,1077,"marsh, swamp; grace, brilliance; damp, moist; fertile",general,EWLJ,EJ,5,source-attested-unreviewed,hk-selection|learner-definition|category|display-reading|curriculum-priority,remaining
館,1065,1078,public building,general,OIJRR,OR,2,source-attested-unreviewed,hk-selection|learner-definition|category|display-reading|curriculum-priority,remaining
嚕,1066,1079,"verbose, talkative; mumbling",general,RNWA,RA,3,source-attested-unreviewed,hk-selection|learner-definition|category|display-reading|curriculum-priority,remaining
珍,1067,1080,"precious, valuable, rare",general,MGOHH,MH,2,source-attested-unreviewed,hk-selection|learner-definition|category|display-reading|curriculum-priority,remaining
腰,1068,1081,waist; kidney,general,BMWV,BV,2,source-attested-unreviewed,hk-selection|learner-definition|category|display-reading|curriculum-priority,remaining
龍,1069,1082,dragon; Kangxi radical 212,general,YBYSP,YP,3,source-attested-unreviewed,hk-selection|learner-definition|category|display-reading|curriculum-priority,remaining
靈,1070,1083,"spirit, soul; spiritual world",general,MBRRO,MO,3,source-attested-unreviewed,hk-selection|learner-definition|category|display-reading|curriculum-priority,remaining
托,1071,1084,"to hold up with palm; to support, rely on",general,QHP,QP,2,source-attested-unreviewed,hk-selection|learner-definition|category|display-reading|curriculum-priority,remaining
治,1072,1085,"govern, regulate, administer",general,EIR,ER,4,source-attested-unreviewed,hk-selection|learner-definition|category|display-reading|curriculum-priority,remaining
芽,1073,1086,"bud, sprout, shoot",general,TMVH,TH,2,source-attested-unreviewed,hk-selection|learner-definition|category|display-reading|curriculum-priority,remaining
桶,1074,1087,"pail, bucket, tub; cask, keg",general,DNIB,DB,2,source-attested-unreviewed,hk-selection|learner-definition|category|display-reading|curriculum-priority,remaining
郵,1075,1088,"postal, mail; post office",general,HMNL,HL,3,source-attested-unreviewed,hk-selection|learner-definition|category|display-reading|curriculum-priority,remaining
遍,1076,1089,"everywhere, all over, throughout",general,YHSB,YB,2,source-attested-unreviewed,hk-selection|learner-definition|category|display-reading|curriculum-priority,remaining
奮,1077,1090,"strive, exert effort; arouse",general,KOGW,KW,2,source-attested-unreviewed,hk-selection|learner-definition|category|display-reading|curriculum-priority,remaining
擔,1078,1091,"carry, bear, undertake",general,QNCR,QR,6,source-attested-unreviewed,hk-selection|learner-definition|category|display-reading|curriculum-priority,remaining
屬,1079,1092,"class, category, type; to belong to",general,SEWI,SI,4,source-attested-unreviewed,hk-selection|learner-definition|category|display-reading|curriculum-priority,remaining
夥,1080,1093,companion; partner; assistant,general,WDNIN,WN,2,source-attested-unreviewed,hk-selection|learner-definition|category|display-reading|curriculum-priority,remaining
委,1081,1094,"appoint, send, commission",general,HDV,HV,5,source-attested-unreviewed,hk-selection|learner-definition|category|display-reading|curriculum-priority,remaining
則,1082,1095,"rule, law, regulation; grades",general,BCLN,BN,2,source-attested-unreviewed,hk-selection|learner-definition|category|display-reading|curriculum-priority,remaining
待,1083,1096,"treat, entertain, receive; wait",general,HOGDI,HI,3,source-attested-unreviewed,hk-selection|learner-definition|category|display-reading|curriculum-priority,remaining
派,1084,1097,"school of thought, sect, branch",education,EHHV,EV,5,source-attested-unreviewed,hk-selection|learner-definition|category|display-reading|curriculum-priority,remaining
盛,1085,1098,"abundant, flourishing; contain; fill",general,ISBT,IT,4,source-attested-unreviewed,hk-selection|learner-definition|category|display-reading|curriculum-priority,remaining
築,1086,1099,"build, erect; building",general,HMND,HD,3,source-attested-unreviewed,hk-selection|learner-definition|category|display-reading|curriculum-priority,remaining
階,1087,1100,"stairs, steps; rank, degree",general,NLPPA,NA,2,source-attested-unreviewed,hk-selection|learner-definition|category|display-reading|curriculum-priority,remaining
蜂,1088,1101,"bee, wasp, hornet",general,LIHEJ,LJ,2,source-attested-unreviewed,hk-selection|learner-definition|category|display-reading|curriculum-priority,remaining
尺,1089,1102,Chinese measure approx. 'foot',general,SO,SO,4,source-attested-unreviewed,hk-selection|learner-definition|category|display-reading|curriculum-priority,remaining
乎,1090,1103,interrogative or exclamatory final particle,general,HFD,HD,3,source-attested-unreviewed,hk-selection|learner-definition|category|display-reading|curriculum-priority,remaining
侵,1091,1104,"invade, encroach upon, raid",general,OSME,OE,3,source-attested-unreviewed,hk-selection|learner-definition|category|display-reading|curriculum-priority,remaining
淨,1092,1105,"pure, clean, unspoiled",general,EBSD,ED,3,source-attested-unreviewed,hk-selection|learner-definition|category|display-reading|curriculum-priority,remaining
溪,1093,1106,"mountain stream, creek",nature,EBVK,EK,3,source-attested-unreviewed,hk-selection|learner-definition|category|display-reading|curriculum-priority,remaining
歸,1094,1107,"return; return to, revert to",general,HMSMB,HB,4,source-attested-unreviewed,hk-selection|learner-definition|category|display-reading|curriculum-priority,remaining
票,1095,1108,slip of paper or bamboo; ticket,general,MWMMF,MF,3,source-attested-unreviewed,hk-selection|learner-definition|category|display-reading|curriculum-priority,remaining
尊,1096,1109,"respect, revere, venerate; honor",general,TWDI,TI,2,source-attested-unreviewed,hk-selection|learner-definition|category|display-reading|curriculum-priority,remaining
熟,1097,1110,well-cooked; ripe; familiar with,general,YIF,YF,3,source-attested-unreviewed,hk-selection|learner-definition|category|display-reading|curriculum-priority,remaining
績,1098,1111,spin; achievements,general,VFQMC,VC,2,source-attested-unreviewed,hk-selection|learner-definition|category|display-reading|curriculum-priority,remaining
譯,1099,1112,translate; decode; encode,general,YRWLJ,YJ,2,source-attested-unreviewed,hk-selection|learner-definition|category|display-reading|curriculum-priority,remaining
忘,1100,1113,"forget; neglect; miss, omit",general,YVP,YP,2,source-attested-unreviewed,hk-selection|learner-definition|category|display-reading|curriculum-priority,remaining
典,1101,1114,"law, canon; documentation; classic, scripture",general,TBC,TC,3,source-attested-unreviewed,hk-selection|learner-definition|category|display-reading|curriculum-priority,remaining
咱,1102,1115,"we, us",general,RHBU,RU,5,source-attested-unreviewed,hk-selection|learner-definition|category|display-reading|curriculum-priority,remaining
痛,1103,1116,"pain, ache; sorry, sad; bitter",general,KNIB,KB,2,source-attested-unreviewed,hk-selection|learner-definition|category|display-reading|curriculum-priority,remaining
舒,1104,1117,"open up, unfold, stretch out; comfortable, easy",general,ORNIN,ON,3,source-attested-unreviewed,hk-selection|learner-definition|category|display-reading|curriculum-priority,remaining
概,1105,1118,"generally, approximately",general,DAIU,DU,4,source-attested-unreviewed,hk-selection|learner-definition|category|display-reading|curriculum-priority,remaining
碗,1106,1119,"bowl, small dish",general,MRJNU,MU,2,source-attested-unreviewed,hk-selection|learner-definition|category|display-reading|curriculum-priority,remaining
豎,1107,1120,vertical; perpendicular; upright,general,SEMRT,ST,2,source-attested-unreviewed,hk-selection|learner-definition|category|display-reading|curriculum-priority,remaining
嶺,1108,1121,"mountain ridge, mountain peak",nature,UOIC,UC,2,source-attested-unreviewed,hk-selection|learner-definition|category|display-reading|curriculum-priority,remaining
刺,1109,1122,"stab; prick, irritate; prod",general,DBLN,DN,5,source-attested-unreviewed,hk-selection|learner-definition|category|display-reading|curriculum-priority,remaining
追,1110,1123,"pursue, chase after; expel",general,YHRR,YR,4,source-attested-unreviewed,hk-selection|learner-definition|category|display-reading|curriculum-priority,remaining
健,1111,1124,"strong, robust, healthy; strength",general,ONKQ,OQ,2,source-attested-unreviewed,hk-selection|learner-definition|category|display-reading|curriculum-priority,remaining
磚,1112,1125,"tile, brick",general,MRJII,MI,4,source-attested-unreviewed,hk-selection|learner-definition|category|display-reading|curriculum-priority,remaining
休,1113,1126,"rest, stop; retire; do not!",actions,OD,OD,3,source-attested-unreviewed,hk-selection|learner-definition|category|display-reading|curriculum-priority,remaining
徵,1114,1127,"summon, recruit; musical note",general,HOUGK,HK,5,source-attested-unreviewed,hk-selection|learner-definition|category|display-reading|curriculum-priority,remaining
借,1115,1128,borrow; lend; make pretext of,actions,OTA,OA,2,source-attested-unreviewed,hk-selection|learner-definition|category|display-reading|curriculum-priority,remaining
骨,1116,1129,"bone; skeleton; frame, framework; Kangxi radical 188",general,BBB,BB,4,source-attested-unreviewed,hk-selection|learner-definition|category|display-reading|curriculum-priority,remaining
奧,1117,1130,"mysterious, obscure, profound",general,HBK,HK,2,source-attested-unreviewed,hk-selection|learner-definition|category|display-reading|curriculum-priority,remaining
暗,1118,1131,"dark; obscure; in secret, covert",general,AYTA,AA,2,source-attested-unreviewed,hk-selection|learner-definition|category|display-reading|curriculum-priority,remaining
碰,1119,1132,"collide, bump into",general,MRTTC,MC,2,source-attested-unreviewed,hk-selection|learner-definition|category|display-reading|curriculum-priority,remaining
蕩,1120,1133,"pond, pool; wash away, cleanse",general,TEAH,TH,4,source-attested-unreviewed,hk-selection|learner-definition|category|display-reading|curriculum-priority,remaining
牙,1121,1134,"tooth, molars, teeth; serrated",general,MVDH,MH,3,source-attested-unreviewed,hk-selection|learner-definition|category|display-reading|curriculum-priority,remaining
念,1122,1135,"think of, recall, study",education,OINP,OP,2,source-attested-unreviewed,hk-selection|learner-definition|category|display-reading|curriculum-priority,remaining
怪,1123,1136,"strange, unusual, peculiar",general,PEG,PG,2,source-attested-unreviewed,hk-selection|learner-definition|category|display-reading|curriculum-priority,remaining
勁,1124,1137,"strong, unyielding, tough, powerful",general,MMKS,MS,4,source-attested-unreviewed,hk-selection|learner-definition|category|display-reading|curriculum-priority,remaining
娃,1125,1138,baby; doll; pretty girl,general,VGG,VG,5,source-attested-unreviewed,hk-selection|learner-definition|category|display-reading|curriculum-priority,remaining
榮,1126,1139,"glory, honor; flourish, prosper",general,FFBD,FD,2,source-attested-unreviewed,hk-selection|learner-definition|category|display-reading|curriculum-priority,remaining
蜜,1127,1140,honey; sweet; nectar,general,JPHI,JI,2,source-attested-unreviewed,hk-selection|learner-definition|category|display-reading|curriculum-priority,remaining
險,1128,1141,"narrow pass, strategic point, dangerous",general,NLOMO,NO,4,source-attested-unreviewed,hk-selection|learner-definition|category|display-reading|curriculum-priority,remaining
藏,1129,1142,"hide, conceal; hoard, store up",general,TIMS,TS,5,source-attested-unreviewed,hk-selection|learner-definition|category|display-reading|curriculum-priority,remaining
弄,1130,1143,"do, play or fiddle with; alley",actions,MGT,MT,3,source-attested-unreviewed,hk-selection|learner-definition|category|display-reading|curriculum-priority,remaining
威,1131,1144,"pomp, power; powerful; dominate",general,IHMV,IV,2,source-attested-unreviewed,hk-selection|learner-definition|category|display-reading|curriculum-priority,remaining
染,1132,1145,dye; be contagious; infect,general,END,ED,2,source-attested-unreviewed,hk-selection|learner-definition|category|display-reading|curriculum-priority,remaining
盆,1133,1146,"basin, tub, pot, bowl",general,CSHT,CT,2,source-attested-unreviewed,hk-selection|learner-definition|category|display-reading|curriculum-priority,remaining
旅,1134,1147,"trip, journey; travel; traveler; hexagram ䷷",general,YSOHV,YV,2,source-attested-unreviewed,hk-selection|learner-definition|category|display-reading|curriculum-priority,remaining
鬼,1135,1148,"ghost; spirit of dead; devil; Kangxi radical 194; 23rd lunar mansion, determinative star θ Cancri",general,HUI,HI,2,source-attested-unreviewed,hk-selection|learner-definition|category|display-reading|curriculum-priority,remaining
笛,1136,1149,bamboo flute; whistle,general,HLW,HW,2,source-attested-unreviewed,hk-selection|learner-definition|category|display-reading|curriculum-priority,remaining
曾,1137,1150,already; sign of past,general,CWA,CA,4,source-attested-unreviewed,hk-selection|learner-definition|category|display-reading|curriculum-priority,remaining
舊,1138,1151,"old, ancient; former, past",general,TOGX,TX,2,source-attested-unreviewed,hk-selection|learner-definition|category|display-reading|curriculum-priority,remaining
釋,1139,1152,"interpret, elucidate; release",general,HDWLJ,HJ,3,source-attested-unreviewed,hk-selection|learner-definition|category|display-reading|curriculum-priority,remaining
丙,1140,1153,third; 3rd heavenly stem,general,MOB,MB,3,source-attested-unreviewed,hk-selection|learner-definition|category|display-reading|curriculum-priority,remaining
挑,1141,1154,a load carried on the shoulders; to carry,general,QLMO,QO,7,source-attested-unreviewed,hk-selection|learner-definition|category|display-reading|curriculum-priority,remaining
酒,1142,1155,"wine, spirits, liquor, alcoholic beverage",general,EMCW,EW,2,source-attested-unreviewed,hk-selection|learner-definition|category|display-reading|curriculum-priority,remaining
喝,1143,1156,"drink; shout, call out",food,RAPV,RV,6,source-attested-unreviewed,hk-selection|learner-definition|category|display-reading|curriculum-priority,remaining
獲,1144,1157,"obtain, get, receive; seize",general,KHTOE,KE,2,source-attested-unreviewed,hk-selection|learner-definition|category|display-reading|curriculum-priority,remaining
貝,1145,1158,"sea shell; money, currency; Kangxi radical 154",general,BUC,BC,2,source-attested-unreviewed,hk-selection|learner-definition|category|display-reading|curriculum-priority,remaining
抽,1146,1159,"draw out, pull out; sprout",general,QLW,QW,2,source-attested-unreviewed,hk-selection|learner-definition|category|display-reading|curriculum-priority,remaining
抱,1147,1160,"embrace, hold in arms, enfold",general,QPRU,QU,4,source-attested-unreviewed,hk-selection|learner-definition|category|display-reading|curriculum-priority,remaining
納,1148,1161,"admit, take, receive, accept",actions,VFOB,VB,2,source-attested-unreviewed,hk-selection|learner-definition|category|display-reading|curriculum-priority,remaining
缺,1149,1162,"be short of, lack; gap, deficit",general,OUDK,OK,3,source-attested-unreviewed,hk-selection|learner-definition|category|display-reading|curriculum-priority,remaining
討,1150,1163,"to discuss; ask for, beg; demand; dun; marry",general,YRDI,YI,2,source-attested-unreviewed,hk-selection|learner-definition|category|display-reading|curriculum-priority,remaining
猛,1151,1164,"violent, savage, cruel; bold",general,KHNDT,KT,2,source-attested-unreviewed,hk-selection|learner-definition|category|display-reading|curriculum-priority,remaining
荷,1152,1165,"lotus, water lily; Holland",nature,TOMR,TR,5,source-attested-unreviewed,hk-selection|learner-definition|category|display-reading|curriculum-priority,remaining
熊,1153,1166,a bear; brilliant; bright; surname,people,IPF,IF,2,source-attested-unreviewed,hk-selection|learner-definition|category|display-reading|curriculum-priority,remaining
鄰,1154,1167,neighbor; neighborhood,general,FQNL,FL,3,source-attested-unreviewed,hk-selection|learner-definition|category|display-reading|curriculum-priority,remaining
鋪,1155,1168,"spread out, arrange; shop, store; place to sleep, bed",general,CIJB,CB,5,source-attested-unreviewed,hk-selection|learner-definition|category|display-reading|curriculum-priority,remaining
燃,1156,1169,"burn; light fire, ignite",nature,FBKF,FF,2,source-attested-unreviewed,hk-selection|learner-definition|category|display-reading|curriculum-priority,remaining
繫,1157,1170,"attach, connect, unite, fasten",general,JEVIF,JF,3,source-attested-unreviewed,hk-selection|learner-definition|category|display-reading|curriculum-priority,remaining
映,1158,1171,project; reflect light,general,ALBK,AK,3,source-attested-unreviewed,hk-selection|learner-definition|category|display-reading|curriculum-priority,remaining
挺,1159,1172,"to stand upright, straighten; rigid",general,QNKG,QG,3,source-attested-unreviewed,hk-selection|learner-definition|category|display-reading|curriculum-priority,remaining
雀,1160,1173,sparrow,general,FOG,FG,4,source-attested-unreviewed,hk-selection|learner-definition|category|display-reading|curriculum-priority,remaining
溝,1161,1174,"ditch, drain, narrow waterway",general,ETTB,EB,5,source-attested-unreviewed,hk-selection|learner-definition|category|display-reading|curriculum-priority,remaining
摩,1162,1175,"rub, scour, grind; friction",general,ICQ,IQ,5,source-attested-unreviewed,hk-selection|learner-definition|category|display-reading|curriculum-priority,remaining
燕,1163,1176,"swallow (bird); comfort, enjoy",general,TLPF,TF,4,source-attested-unreviewed,hk-selection|learner-definition|category|display-reading|curriculum-priority,remaining
丁,1164,1177,"male adult; robust, vigorous; 4th heavenly stem",general,MN,MN,4,source-attested-unreviewed,hk-selection|learner-definition|category|display-reading|curriculum-priority,remaining
哭,1165,1178,"weep, cry, wail",general,RRIK,RK,2,source-attested-unreviewed,hk-selection|learner-definition|category|display-reading|curriculum-priority,remaining
救,1166,1179,"save, rescue, relieve; help, aid",general,IEOK,IK,3,source-attested-unreviewed,hk-selection|learner-definition|category|display-reading|curriculum-priority,remaining
陰,1167,1180,"the passive, female principle in Chinese philosophy (yin); dark; secret",general,NLOII,NI,4,source-attested-unreviewed,hk-selection|learner-definition|category|display-reading|curriculum-priority,remaining
街,1168,1181,"street, road, thoroughfare",general,HOGGN,HN,2,source-attested-unreviewed,hk-selection|learner-definition|category|display-reading|curriculum-priority,remaining
截,1169,1182,"cut off, stop, obstruct, intersect",general,JIOG,JG,2,source-attested-unreviewed,hk-selection|learner-definition|category|display-reading|curriculum-priority,remaining
滴,1170,1183,drip; drop of water,nature,EYCB,EB,2,source-attested-unreviewed,hk-selection|learner-definition|category|display-reading|curriculum-priority,remaining
噴,1171,1184,"spurt, blow out, puff out",general,RJTC,RC,4,source-attested-unreviewed,hk-selection|learner-definition|category|display-reading|curriculum-priority,remaining
杜,1172,1185,"stop, prevent; restrict; surname",people,DG,DG,4,source-attested-unreviewed,hk-selection|learner-definition|category|display-reading|curriculum-priority,remaining
咕,1173,1186,"mumble, mutter, murmur; rumble",general,RJR,RR,3,source-attested-unreviewed,hk-selection|learner-definition|category|display-reading|curriculum-priority,remaining
坡,1174,1187,"slope, bank, hillside",general,GDHE,GE,2,source-attested-unreviewed,hk-selection|learner-definition|category|display-reading|curriculum-priority,remaining
奔,1175,1188,"run fast, flee; rush about; run",general,KJT,KT,5,source-attested-unreviewed,hk-selection|learner-definition|category|display-reading|curriculum-priority,remaining
玲,1176,1189,tinkling of jade,general,MGOII,MI,2,source-attested-unreviewed,hk-selection|learner-definition|category|display-reading|curriculum-priority,remaining
限,1177,1190,"boundary, limit, line",general,NLAV,NV,3,source-attested-unreviewed,hk-selection|learner-definition|category|display-reading|curriculum-priority,remaining
紛,1178,1192,"in disorder, scattered, tangled",general,VFCSH,VH,2,source-attested-unreviewed,hk-selection|learner-definition|category|display-reading|curriculum-priority,remaining
超,1179,1193,"jump over, leap over; surpass",general,GOSHR,GR,5,source-attested-unreviewed,hk-selection|learner-definition|category|display-reading|curriculum-priority,remaining
碎,1180,1194,"break, smash; broken, busted",general,MRYOJ,MJ,2,source-attested-unreviewed,hk-selection|learner-definition|category|display-reading|curriculum-priority,remaining
擴,1181,1195,"expand, enlarge, stretch",general,QITC,QC,5,source-attested-unreviewed,hk-selection|learner-definition|category|display-reading|curriculum-priority,remaining
讚,1182,1196,"praise, commend, eulogize",general,YRHUC,YC,2,source-attested-unreviewed,hk-selection|learner-definition|category|display-reading|curriculum-priority,remaining
鑽,1183,1197,"drill, bore; pierce; diamond",general,CHUC,CC,3,source-attested-unreviewed,hk-selection|learner-definition|category|display-reading|curriculum-priority,remaining
味,1184,1198,"taste, smell, odor; delicacy",general,RJD,RD,3,source-attested-unreviewed,hk-selection|learner-definition|category|display-reading|curriculum-priority,remaining
宙,1185,1199,time as concept; infinite time,general,JLW,JW,2,source-attested-unreviewed,hk-selection|learner-definition|category|display-reading|curriculum-priority,remaining
紹,1186,1200,"continue, carry on; hand down; to join",general,VFSHR,VR,3,source-attested-unreviewed,hk-selection|learner-definition|category|display-reading|curriculum-priority,remaining
鹿,1187,1201,deer; surname; Kangxi radical 198,people,IXP,IP,3,source-attested-unreviewed,hk-selection|learner-definition|category|display-reading|curriculum-priority,remaining
寒,1188,1202,"cold, wintry, chilly",general,JTCY,JY,2,source-attested-unreviewed,hk-selection|learner-definition|category|display-reading|curriculum-priority,remaining
硬,1189,1203,"hard, firm, strong; obstinate",general,MRMLK,MK,3,source-attested-unreviewed,hk-selection|learner-definition|category|display-reading|curriculum-priority,remaining
塔,1190,1204,"tower, spire, tall building",general,GTOR,GR,3,source-attested-unreviewed,hk-selection|learner-definition|category|display-reading|curriculum-priority,remaining
漢,1191,1205,"the Chinese people, Chinese language",general,ETLO,EO,3,source-attested-unreviewed,hk-selection|learner-definition|category|display-reading|curriculum-priority,remaining
仍,1192,1206,"yet, still, as ever; again; keep -ing, continuing",general,ONHS,OS,2,source-attested-unreviewed,hk-selection|learner-definition|category|display-reading|curriculum-priority,remaining
撲,1193,1207,"pound, beat, strike; attack",general,QTCO,QO,3,source-attested-unreviewed,hk-selection|learner-definition|category|display-reading|curriculum-priority,remaining
秀,1194,1208,"ear of grain; flowering, luxuriant; refined, elegant, graceful",general,HDNHS,HS,2,source-attested-unreviewed,hk-selection|learner-definition|category|display-reading|curriculum-priority,remaining
負,1195,1209,"load, burden; carry, bear",general,NBUC,NC,3,source-attested-unreviewed,hk-selection|learner-definition|category|display-reading|curriculum-priority,remaining
孫,1196,1210,"grandchild, descendent; surname",people,NDHVF,NF,4,source-attested-unreviewed,hk-selection|learner-definition|category|display-reading|curriculum-priority,remaining
扇,1197,1211,fan; door panel,general,HSSMM,HM,3,source-attested-unreviewed,hk-selection|learner-definition|category|display-reading|curriculum-priority,remaining
騰,1198,1212,fly; gallop; run; prance; rise,general,BFQF,BF,3,source-attested-unreviewed,hk-selection|learner-definition|category|display-reading|curriculum-priority,remaining
史,1199,1213,"history, chronicle, annals",general,LK,LK,2,source-attested-unreviewed,hk-selection|learner-definition|category|display-reading|curriculum-priority,remaining
伏,1200,1214,"crouch, crawl, lie hidden, conceal",general,OIK,OK,3,source-attested-unreviewed,hk-selection|learner-definition|category|display-reading|curriculum-priority,remaining
炮,1201,1215,"large gun, cannon; artillery",general,FPRU,FU,6,source-attested-unreviewed,hk-selection|learner-definition|category|display-reading|curriculum-priority,remaining
傘,1202,1216,"umbrella, parasol, parachute",general,OOOJ,OJ,2,source-attested-unreviewed,hk-selection|learner-definition|category|display-reading|curriculum-priority,remaining
普,1203,1217,"universal, general, widespread",general,TCA,TA,2,source-attested-unreviewed,hk-selection|learner-definition|category|display-reading|curriculum-priority,remaining
椅,1204,1218,"chair, seat",general,DKMR,DR,4,source-attested-unreviewed,hk-selection|learner-definition|category|display-reading|curriculum-priority,remaining
渠,1205,1219,"ditch, canal, channel, gutter",general,ESD,ED,3,source-attested-unreviewed,hk-selection|learner-definition|category|display-reading|curriculum-priority,remaining
勤,1206,1220,"industrious, diligent, attentive",general,TMKS,TS,3,source-attested-unreviewed,hk-selection|learner-definition|category|display-reading|curriculum-priority,remaining
煉,1207,1221,"smelt, refine; distill, condense",general,FDWF,FF,3,source-attested-unreviewed,hk-selection|learner-definition|category|display-reading|curriculum-priority,remaining
銅,1208,1222,"copper (element 29, Cu); brass, bronze",general,CBMR,CR,2,source-attested-unreviewed,hk-selection|learner-definition|category|display-reading|curriculum-priority,remaining
央,1209,1223,"center, conclude, run out; beg",general,LBK,LK,3,source-attested-unreviewed,hk-selection|learner-definition|category|display-reading|curriculum-priority,remaining
投,1210,1224,"throw, cast, fling, pitch; jump",general,QHNE,QE,3,source-attested-unreviewed,hk-selection|learner-definition|category|display-reading|curriculum-priority,remaining
系,1211,1225,"system; line, link, connection",general,HVIF,HF,4,source-attested-unreviewed,hk-selection|learner-definition|category|display-reading|curriculum-priority,remaining
防,1212,1226,defend; prevent; embankment,general,NLYHS,NS,2,source-attested-unreviewed,hk-selection|learner-definition|category|display-reading|curriculum-priority,remaining
惜,1213,1227,"pity, regret, rue, begrudge",general,PTA,PA,2,source-attested-unreviewed,hk-selection|learner-definition|category|display-reading|curriculum-priority,remaining
散,1214,1228,"scatter, disperse, break up",general,TBOK,TK,5,source-attested-unreviewed,hk-selection|learner-definition|category|display-reading|curriculum-priority,remaining
森,1215,1229,forest; luxuriant vegetation,general,DDD,DD,2,source-attested-unreviewed,hk-selection|learner-definition|category|display-reading|curriculum-priority,remaining
塞,1216,1230,"stop up, block, seal, cork; pass, frontier; fortress",general,JTCG,JG,5,source-attested-unreviewed,hk-selection|learner-definition|category|display-reading|curriculum-priority,remaining
戴,1217,1231,wear on top; support,general,JIWTC,JC,2,source-attested-unreviewed,hk-selection|learner-definition|category|display-reading|curriculum-priority,remaining
縮,1218,1232,"contract, draw in, reduce",general,VFJOA,VA,3,source-attested-unreviewed,hk-selection|learner-definition|category|display-reading|curriculum-priority,remaining
證,1219,1233,"proof, evidence; testify, verify",general,YRNOT,YT,2,source-attested-unreviewed,hk-selection|learner-definition|category|display-reading|curriculum-priority,remaining
巨,1220,1234,"large, great, enormous; chief",general,SS,SS,3,source-attested-unreviewed,hk-selection|learner-definition|category|display-reading|curriculum-priority,remaining
危,1221,1235,"dangerous, precarious; high; 12th lunar mansion, determinative star α Aquarii (Sadalmelik)",general,NMSU,NU,2,source-attested-unreviewed,hk-selection|learner-definition|category|display-reading|curriculum-priority,remaining
垂,1222,1236,"let down; suspend, hand; down",general,HJTM,HM,3,source-attested-unreviewed,hk-selection|learner-definition|category|display-reading|curriculum-priority,remaining
既,1223,1237,already; de facto; since; then,general,AIMVU,AU,3,source-attested-unreviewed,hk-selection|learner-definition|category|display-reading|curriculum-priority,remaining
胸,1224,1238,"breast, bosom, chest; thorax",general,BPUK,BK,2,source-attested-unreviewed,hk-selection|learner-definition|category|display-reading|curriculum-priority,remaining
淚,1225,1239,"tears; weep, cry",general,EHSK,EK,3,source-attested-unreviewed,hk-selection|learner-definition|category|display-reading|curriculum-priority,remaining
煙,1226,1240,"smoke, soot; opium; tobacco, cigarettes",general,FMWG,FG,2,source-attested-unreviewed,hk-selection|learner-definition|category|display-reading|curriculum-priority,remaining
膀,1227,1241,upper arm; shoulder; wing,general,BYBS,BS,8,source-attested-unreviewed,hk-selection|learner-definition|category|display-reading|curriculum-priority,remaining
貌,1228,1242,"countenance, appearance",general,BHHAU,BU,3,source-attested-unreviewed,hk-selection|learner-definition|category|display-reading|curriculum-priority,remaining
澆,1229,1243,"spray, water, sprinkle",nature,EGGU,EU,4,source-attested-unreviewed,hk-selection|learner-definition|category|display-reading|curriculum-priority,remaining
髮,1230,1244,hair,general,SHIKE,SE,3,source-attested-unreviewed,hk-selection|learner-definition|category|display-reading|curriculum-priority,remaining
塗,1231,1245,"smear, daub, apply, spread; paint",general,EDG,EG,3,source-attested-unreviewed,hk-selection|learner-definition|category|display-reading|curriculum-priority,remaining
划,1232,1247,to row or paddle boat; to scratch,general,ILN,IN,6,source-attested-unreviewed,hk-selection|learner-definition|category|display-reading|curriculum-priority,remaining
希,1233,1248,"rare; hope, expect, strive for",general,KKLB,KB,2,source-attested-unreviewed,hk-selection|learner-definition|category|display-reading|curriculum-priority,remaining
亞,1234,1249,Asia; second; used as a prefix to names,general,MLLM,MM,4,source-attested-unreviewed,hk-selection|learner-definition|category|display-reading|curriculum-priority,remaining
娜,1235,1250,"elegant, graceful, delicate",general,VSQL,VL,4,source-attested-unreviewed,hk-selection|learner-definition|category|display-reading|curriculum-priority,remaining
恩,1236,1251,"kindness, mercy, charity",general,WKP,WP,2,source-attested-unreviewed,hk-selection|learner-definition|category|display-reading|curriculum-priority,remaining
桑,1237,1252,mulberry tree; surname,people,EEED,ED,2,source-attested-unreviewed,hk-selection|learner-definition|category|display-reading|curriculum-priority,remaining
益,1238,1253,"profit, benefit; advantage; hexagram ䷩",general,TCBT,TT,2,source-attested-unreviewed,hk-selection|learner-definition|category|display-reading|curriculum-priority,remaining
竟,1239,1254,"finally, after all, at last",general,YTAHU,YU,2,source-attested-unreviewed,hk-selection|learner-definition|category|display-reading|curriculum-priority,remaining
蟈,1240,1255,small green frog; cicada,general,LIWIM,LM,3,source-attested-unreviewed,hk-selection|learner-definition|category|display-reading|curriculum-priority,remaining
繪,1241,1256,"draw, sketch, paint",general,VFOMA,VA,3,source-attested-unreviewed,hk-selection|learner-definition|category|display-reading|curriculum-priority,remaining
籠,1242,1257,cage; cage-like basket,general,HYBP,HP,5,source-attested-unreviewed,hk-selection|learner-definition|category|display-reading|curriculum-priority,remaining
幼,1243,1258,"infant, young child; immature",people,VIKS,VS,3,source-attested-unreviewed,hk-selection|learner-definition|category|display-reading|curriculum-priority,remaining
末,1244,1259,"final, last, end; insignificant",general,DJ,DJ,2,source-attested-unreviewed,hk-selection|learner-definition|category|display-reading|curriculum-priority,remaining
伐,1245,1260,"cut down, subjugate, attack",general,OI,OI,2,source-attested-unreviewed,hk-selection|learner-definition|category|display-reading|curriculum-priority,remaining
尖,1246,1261,"sharp, pointed, acute, keen",general,FK,FK,2,source-attested-unreviewed,hk-selection|learner-definition|category|display-reading|curriculum-priority,remaining
型,1247,1262,"pattern, model, type; law; mold",general,MNG,MG,2,source-attested-unreviewed,hk-selection|learner-definition|category|display-reading|curriculum-priority,remaining
訂,1248,1263,draw up agreement; arrange,general,YRMN,YN,3,source-attested-unreviewed,hk-selection|learner-definition|category|display-reading|curriculum-priority,remaining
源,1249,1264,"spring; source, head; surname",people,EMHF,EF,2,source-attested-unreviewed,hk-selection|learner-definition|category|display-reading|curriculum-priority,remaining
箏,1250,1265,stringed musical instrument; kite,general,HBSD,HD,2,source-attested-unreviewed,hk-selection|learner-definition|category|display-reading|curriculum-priority,remaining
獎,1251,1266,"prize, reward; give award to",actions,VIIK,VK,2,source-attested-unreviewed,hk-selection|learner-definition|category|display-reading|curriculum-priority,remaining
繁,1252,1267,"complicated, complex, difficult",general,OKVIF,OF,5,source-attested-unreviewed,hk-selection|learner-definition|category|display-reading|curriculum-priority,remaining
鶯,1253,1268,"oriole, green finch; Sylvia species (various)",general,FFBHF,FF,2,source-attested-unreviewed,hk-selection|learner-definition|category|display-reading|curriculum-priority,remaining
尼,1254,1269,Buddhist nun; transliteration,general,SP,SP,3,source-attested-unreviewed,hk-selection|learner-definition|category|display-reading|curriculum-priority,remaining
印,1255,1270,"print, seal, stamp, chop, mark",general,HPSL,HL,3,source-attested-unreviewed,hk-selection|learner-definition|category|display-reading|curriculum-priority,remaining
抬,1256,1271,"lift, carry",general,QIR,QR,3,source-attested-unreviewed,hk-selection|learner-definition|category|display-reading|curriculum-priority,remaining
晃,1257,1272,"bright, dazzling; to sway, shake",general,AFMU,AU,4,source-attested-unreviewed,hk-selection|learner-definition|category|display-reading|curriculum-priority,remaining
釘,1258,1273,"nail, spike; pursue closely",general,CMN,CN,5,source-attested-unreviewed,hk-selection|learner-definition|category|display-reading|curriculum-priority,remaining
探,1259,1274,"find, locate; search, grope for",general,QBCD,QD,5,source-attested-unreviewed,hk-selection|learner-definition|category|display-reading|curriculum-priority,remaining
猜,1260,1275,"guess, conjecture, suppose; feel",general,KHQMB,KB,2,source-attested-unreviewed,hk-selection|learner-definition|category|display-reading|curriculum-priority,remaining
奪,1261,1276,"take by force, rob, snatch",actions,KOGI,KI,3,source-attested-unreviewed,hk-selection|learner-definition|category|display-reading|curriculum-priority,remaining
暢,1262,1277,"smoothly, freely, unrestrained",general,LLAMH,LH,2,source-attested-unreviewed,hk-selection|learner-definition|category|display-reading|curriculum-priority,remaining
滾,1263,1278,"turn, roll, rotate; boil",general,EYCV,EV,2,source-attested-unreviewed,hk-selection|learner-definition|category|display-reading|curriculum-priority,remaining
碼,1264,1279,"number, numerals; yard; symbol",numbers,MRSQF,MF,2,source-attested-unreviewed,hk-selection|learner-definition|category|display-reading|curriculum-priority,remaining
駛,1265,1280,"sail, drive, pilot; fast, quick",general,SFLK,SK,2,source-attested-unreviewed,hk-selection|learner-definition|category|display-reading|curriculum-priority,remaining
獵,1266,1281,hunt; field sports,general,KHVVV,KV,2,source-attested-unreviewed,hk-selection|learner-definition|category|display-reading|curriculum-priority,remaining
付,1267,1282,"give, deliver, pay, hand over; entrust",actions,ODI,OI,3,source-attested-unreviewed,hk-selection|learner-definition|category|display-reading|curriculum-priority,remaining
估,1268,1283,"merchant; estimate, guess, presume",general,OJR,OR,4,source-attested-unreviewed,hk-selection|learner-definition|category|display-reading|curriculum-priority,remaining
咳,1269,1284,cough,general,RYVO,RO,7,source-attested-unreviewed,hk-selection|learner-definition|category|display-reading|curriculum-priority,remaining
柱,1270,1285,"pillar, post; support; lean on",general,DYG,DG,3,source-attested-unreviewed,hk-selection|learner-definition|category|display-reading|curriculum-priority,remaining
栽,1271,1286,"to cultivate, plant; to care for plants",general,JID,JD,3,source-attested-unreviewed,hk-selection|learner-definition|category|display-reading|curriculum-priority,remaining
副,1272,1287,assist; supplement; assistant,general,MWLN,MN,3,source-attested-unreviewed,hk-selection|learner-definition|category|display-reading|curriculum-priority,remaining
異,1273,1288,"different, unusual, strange",general,WTC,WC,2,source-attested-unreviewed,hk-selection|learner-definition|category|display-reading|curriculum-priority,remaining
筒,1274,1289,thick piece of bamboo; pipe,general,HBMR,HR,5,source-attested-unreviewed,hk-selection|learner-definition|category|display-reading|curriculum-priority,remaining
費,1275,1290,"expenses, expenditures, fee",general,LNBUC,LC,5,source-attested-unreviewed,hk-selection|learner-definition|category|display-reading|curriculum-priority,remaining
貴,1276,1291,"expensive, costly, valuable",general,LMBUC,LC,2,source-attested-unreviewed,hk-selection|learner-definition|category|display-reading|curriculum-priority,remaining
歷,1277,1292,history; past; to take place,actions,MHDM,MM,2,source-attested-unreviewed,hk-selection|learner-definition|category|display-reading|curriculum-priority,remaining
誇,1278,1293,"exaggerate; brag, boast; flaunt",general,YRKMS,YS,3,source-attested-unreviewed,hk-selection|learner-definition|category|display-reading|curriculum-priority,remaining
庫,1279,1294,"armory, treasury, storehouse",general,IJWJ,IJ,2,source-attested-unreviewed,hk-selection|learner-definition|category|display-reading|curriculum-priority,remaining
貫,1280,1295,a string of 1000 coins; to go through,actions,WJBUC,WC,3,source-attested-unreviewed,hk-selection|learner-definition|category|display-reading|curriculum-priority,remaining
項,1281,1296,"neck, nape of neck; sum; funds",general,MMBC,MC,2,source-attested-unreviewed,hk-selection|learner-definition|category|display-reading|curriculum-priority,remaining
鳴,1282,1297,cry of bird or animal; make sound,actions,RHAF,RF,2,source-attested-unreviewed,hk-selection|learner-definition|category|display-reading|curriculum-priority,remaining
窮,1283,1298,"poor, destitute, impoverished",general,JCHHN,JN,2,source-attested-unreviewed,hk-selection|learner-definition|category|display-reading|curriculum-priority,remaining
遵,1284,1299,"obey, comply with, follow; honor",general,YTWI,YI,3,source-attested-unreviewed,hk-selection|learner-definition|category|display-reading|curriculum-priority,remaining
瞧,1285,1300,"glance at, look at, see",actions,BUOGF,BF,2,source-attested-unreviewed,hk-selection|learner-definition|category|display-reading|curriculum-priority,remaining
覆,1286,1301,cover; tip over; return; reply,general,MWHOE,ME,2,source-attested-unreviewed,hk-selection|learner-definition|category|display-reading|curriculum-priority,remaining
杆,1287,1304,pole; shaft of spear,general,DMJ,DJ,4,source-attested-unreviewed,hk-selection|learner-definition|category|display-reading|curriculum-priority,remaining
扁,1288,1305,"flat; tablet, signboard",general,HSBT,HT,6,source-attested-unreviewed,hk-selection|learner-definition|category|display-reading|curriculum-priority,remaining
致,1289,1306,"send, deliver, present; cause",general,MGOK,MK,3,source-attested-unreviewed,hk-selection|learner-definition|category|display-reading|curriculum-priority,remaining
塵,1290,1307,"dust, dirt, ashes, cinders",general,IPG,IG,2,source-attested-unreviewed,hk-selection|learner-definition|category|display-reading|curriculum-priority,remaining
艱,1291,1308,"difficult, hard; distressing",general,TOAV,TV,2,source-attested-unreviewed,hk-selection|learner-definition|category|display-reading|curriculum-priority,remaining
吉,1292,1309,"lucky, propitious, good",general,GR,GR,2,source-attested-unreviewed,hk-selection|learner-definition|category|display-reading|curriculum-priority,remaining
局,1293,1310,"bureau, office; circumstance",general,SSR,SR,2,source-attested-unreviewed,hk-selection|learner-definition|category|display-reading|curriculum-priority,remaining
冒,1294,1311,"risk, brave, dare",general,ABU,AU,4,source-attested-unreviewed,hk-selection|learner-definition|category|display-reading|curriculum-priority,remaining
效,1295,1312,"result, effect; effectiveness",general,YKOK,YK,2,source-attested-unreviewed,hk-selection|learner-definition|category|display-reading|curriculum-priority,remaining
培,1296,1313,bank up with dirt; cultivate,general,GYTR,GR,4,source-attested-unreviewed,hk-selection|learner-definition|category|display-reading|curriculum-priority,remaining
康,1297,1314,"peaceful, quiet; happy, healthy",general,ILE,IE,3,source-attested-unreviewed,hk-selection|learner-definition|category|display-reading|curriculum-priority,remaining
混,1298,1315,"to mix, blend, mingle; to bumble along",general,EAPP,EP,5,source-attested-unreviewed,hk-selection|learner-definition|category|display-reading|curriculum-priority,remaining
莖,1299,1316,"stem, stalk",general,TMVM,TM,4,source-attested-unreviewed,hk-selection|learner-definition|category|display-reading|curriculum-priority,remaining
博,1300,1317,"gamble, play games; wide, broad",general,JIBI,JI,2,source-attested-unreviewed,hk-selection|learner-definition|category|display-reading|curriculum-priority,remaining
肅,1301,1318,pay respects; reverently,general,LX,LX,2,source-attested-unreviewed,hk-selection|learner-definition|category|display-reading|curriculum-priority,remaining
聞,1302,1319,hear; smell; make known; news,actions,ANSJ,AJ,3,source-attested-unreviewed,hk-selection|learner-definition|category|display-reading|curriculum-priority,remaining
遞,1303,1320,"hand over, deliver; substitute",general,YHYN,YN,4,source-attested-unreviewed,hk-selection|learner-definition|category|display-reading|curriculum-priority,remaining
豬,1304,1321,"pig, hog",general,MOJKA,MA,2,source-attested-unreviewed,hk-selection|learner-definition|category|display-reading|curriculum-priority,remaining
濕,1305,1322,"wet, moist, humid, damp; an illness",general,EAVF,EF,4,source-attested-unreviewed,hk-selection|learner-definition|category|display-reading|curriculum-priority,remaining
否,1306,1323,"not, no, negative; final particle; hexagram ䷋",general,MFR,MR,4,source-attested-unreviewed,hk-selection|learner-definition|category|display-reading|curriculum-priority,remaining
割,1307,1324,"cut, divide, partition; cede",general,JRLN,JN,2,source-attested-unreviewed,hk-selection|learner-definition|category|display-reading|curriculum-priority,remaining
營,1308,1325,"encampment, barracks; manage",general,FFBRR,FR,3,source-attested-unreviewed,hk-selection|learner-definition|category|display-reading|curriculum-priority,remaining
縫,1309,1326,"sew, mend",general,VFYHJ,VJ,4,source-attested-unreviewed,hk-selection|learner-definition|category|display-reading|curriculum-priority,remaining
粒,1310,1328,grain; small particle,general,FDYT,FT,2,source-attested-unreviewed,hk-selection|learner-definition|category|display-reading|curriculum-priority,remaining
途,1311,1329,"way, road, path, journey; course",general,YOMD,YD,2,source-attested-unreviewed,hk-selection|learner-definition|category|display-reading|curriculum-priority,remaining
愉,1312,1330,"pleasant, delightful; please",general,POMN,PN,4,source-attested-unreviewed,hk-selection|learner-definition|category|display-reading|curriculum-priority,remaining
賀,1313,1331,congratulate; send present,general,KRBUC,KC,2,source-attested-unreviewed,hk-selection|learner-definition|category|display-reading|curriculum-priority,remaining
穩,1314,1332,"stable, firm, solid, steady",general,HDBMP,HP,2,source-attested-unreviewed,hk-selection|learner-definition|category|display-reading|curriculum-priority,remaining
牧,1315,1333,"tend cattle, shepherd",general,HQOK,HK,2,source-attested-unreviewed,hk-selection|learner-definition|category|display-reading|curriculum-priority,remaining
肩,1316,1334,shoulders; to shoulder; bear,general,HSB,HB,3,source-attested-unreviewed,hk-selection|learner-definition|category|display-reading|curriculum-priority,remaining
索,1317,1335,"large rope, cable; rules, laws; to demand, to exact; to search, inquire; isolated",general,JBVIF,JF,4,source-attested-unreviewed,hk-selection|learner-definition|category|display-reading|curriculum-priority,remaining
翅,1318,1336,wings; fin,general,JESMM,JM,2,source-attested-unreviewed,hk-selection|learner-definition|category|display-reading|curriculum-priority,remaining
側,1319,1337,"side; incline, slant, lean",general,OBCN,ON,4,source-attested-unreviewed,hk-selection|learner-definition|category|display-reading|curriculum-priority,remaining
責,1320,1338,"one's responsibility, duty",numbers,QMBUC,QC,3,source-attested-unreviewed,hk-selection|learner-definition|category|display-reading|curriculum-priority,remaining
葛,1321,1339,edible bean; surname,people,TAPV,TV,3,source-attested-unreviewed,hk-selection|learner-definition|category|display-reading|curriculum-priority,remaining
磁,1322,1340,magnetic; magnetism; porcelain,general,MRTVI,MI,2,source-attested-unreviewed,hk-selection|learner-definition|category|display-reading|curriculum-priority,remaining
緒,1323,1341,end of thread; thread,general,VFJKA,VA,2,source-attested-unreviewed,hk-selection|learner-definition|category|display-reading|curriculum-priority,remaining
潔,1324,1342,"clean, purify, pure",general,EQHF,EF,2,source-attested-unreviewed,hk-selection|learner-definition|category|display-reading|curriculum-priority,remaining
云,1325,1343,"say, speak; clouds",actions,MMI,MI,2,source-attested-unreviewed,hk-selection|learner-definition|category|display-reading|curriculum-priority,remaining
妙,1326,1344,"mysterious, subtle; exquisite",general,VFH,VH,3,source-attested-unreviewed,hk-selection|learner-definition|category|display-reading|curriculum-priority,remaining
辰,1327,1345,early morning; fifth earthly branch; Kangxi radical 161,general,MMMV,MV,2,source-attested-unreviewed,hk-selection|learner-definition|category|display-reading|curriculum-priority,remaining
刷,1328,1346,"brush; clean with brush, scrub",general,SBLN,SN,3,source-attested-unreviewed,hk-selection|learner-definition|category|display-reading|curriculum-priority,remaining
泉,1329,1347,"spring, fountain; wealth, money",general,HAE,HE,2,source-attested-unreviewed,hk-selection|learner-definition|category|display-reading|curriculum-priority,remaining
哨,1330,1348,"whistle, blow whistle; chirp",general,RFB,RB,6,source-attested-unreviewed,hk-selection|learner-definition|category|display-reading|curriculum-priority,remaining
釣,1331,1349,"fish; fishhook; tempt, lure",general,CPI,CI,2,source-attested-unreviewed,hk-selection|learner-definition|category|display-reading|curriculum-priority,remaining
喳,1332,1350,whispering,general,RDAM,RM,4,source-attested-unreviewed,hk-selection|learner-definition|category|display-reading|curriculum-priority,remaining
登,1333,1351,"rise, mount, board, climb",general,NOMRT,NT,3,source-attested-unreviewed,hk-selection|learner-definition|category|display-reading|curriculum-priority,remaining
井,1334,1352,"well, mine shaft, pit; surname; 22nd lunar mansion, determinative star μ Geminorum (Tejat); hexagram ䷯",people,TT,TT,4,source-attested-unreviewed,hk-selection|learner-definition|category|display-reading|curriculum-priority,remaining
奴,1335,1353,"slave, servant",general,VE,VE,2,source-attested-unreviewed,hk-selection|learner-definition|category|display-reading|curriculum-priority,remaining
努,1336,1354,"to exert, strive, make an effort; to pout",actions,VEKS,VS,2,source-attested-unreviewed,hk-selection|learner-definition|category|display-reading|curriculum-priority,remaining
宋,1337,1355,Song dynasty; surname,people,JD,JD,2,source-attested-unreviewed,hk-selection|learner-definition|category|display-reading|curriculum-priority,remaining
招,1338,1356,"beckon, summon; recruit, levy",general,QSHR,QR,4,source-attested-unreviewed,hk-selection|learner-definition|category|display-reading|curriculum-priority,remaining
鬆,1339,1357,"lax, loose; loosen, relax",general,SHDCI,SI,4,source-attested-unreviewed,hk-selection|learner-definition|category|display-reading|curriculum-priority,remaining
芳,1340,1358,fragrant; virtuous; beautiful,general,TYHS,TS,2,source-attested-unreviewed,hk-selection|learner-definition|category|display-reading|curriculum-priority,remaining
倆,1341,1359,"clever, skilled; two, pair",numbers,OMLB,OB,3,source-attested-unreviewed,hk-selection|learner-definition|category|display-reading|curriculum-priority,remaining
循,1342,1360,"obey, comply with, follow",general,HOHJU,HU,2,source-attested-unreviewed,hk-selection|learner-definition|category|display-reading|curriculum-priority,remaining
緩,1343,1361,"slow, leisurely; to postpone, delay",general,VFBME,VE,2,source-attested-unreviewed,hk-selection|learner-definition|category|display-reading|curriculum-priority,remaining
縣,1344,1362,"county, district, subdivision",general,BFHVF,BF,3,source-attested-unreviewed,hk-selection|learner-definition|category|display-reading|curriculum-priority,remaining
臨,1345,1363,"draw near, approach; descend; hexagram ䷒",general,SLORR,SR,3,source-attested-unreviewed,hk-selection|learner-definition|category|display-reading|curriculum-priority,remaining
闊,1346,1364,"broad, ample, wide; be apart",general,ANEHR,AR,2,source-attested-unreviewed,hk-selection|learner-definition|category|display-reading|curriculum-priority,remaining
拾,1347,1365,"pick up, collect, tidy up; accounting form of the numeral ten",numbers,QOMR,QR,5,source-attested-unreviewed,hk-selection|learner-definition|category|display-reading|curriculum-priority,remaining
宮,1348,1366,"palace, temple, dwelling, enclose",general,JRHR,JR,2,source-attested-unreviewed,hk-selection|learner-definition|category|display-reading|curriculum-priority,remaining
悟,1349,1367,"to apprehend, realize, become aware",general,PMMR,PR,2,source-attested-unreviewed,hk-selection|learner-definition|category|display-reading|curriculum-priority,remaining
添,1350,1368,"append, add to; increase",general,EHKP,EP,3,source-attested-unreviewed,hk-selection|learner-definition|category|display-reading|curriculum-priority,remaining
累,1351,1369,"tired; implicate, involve; bother",general,WVIF,WF,8,source-attested-unreviewed,hk-selection|learner-definition|category|display-reading|curriculum-priority,remaining
帽,1352,1370,"hat, cap; cap-like tops",general,LBABU,LU,3,source-attested-unreviewed,hk-selection|learner-definition|category|display-reading|curriculum-priority,remaining
款,1353,1371,"item, article; clause; fund",general,GFNO,GO,3,source-attested-unreviewed,hk-selection|learner-definition|category|display-reading|curriculum-priority,remaining
殼,1354,1372,"casing, shell, husk, hull, skin",general,GNHNE,GE,3,source-attested-unreviewed,hk-selection|learner-definition|category|display-reading|curriculum-priority,remaining
嗆,1355,1373,choke by smoke; irritates nose,general,ROIR,RR,5,source-attested-unreviewed,hk-selection|learner-definition|category|display-reading|curriculum-priority,remaining
糊,1356,1374,"paste, stick on with paste",general,FDJRB,FB,5,source-attested-unreviewed,hk-selection|learner-definition|category|display-reading|curriculum-priority,remaining
墨,1357,1375,ink; writing,general,WGFG,WG,3,source-attested-unreviewed,hk-selection|learner-definition|category|display-reading|curriculum-priority,remaining
甘,1358,1376,"sweetness; sweet, tasty",general,TM,TM,3,source-attested-unreviewed,hk-selection|learner-definition|category|display-reading|curriculum-priority,remaining
迅,1359,1377,"quick, hasty, rapid, sudden",general,YNJ,YJ,2,source-attested-unreviewed,hk-selection|learner-definition|category|display-reading|curriculum-priority,remaining
苗,1360,1378,sprouts; Miao nationality,general,TW,TW,2,source-attested-unreviewed,hk-selection|learner-definition|category|display-reading|curriculum-priority,remaining
唉,1361,1379,"alas, exclamation of surprise or pain",general,RIOK,RK,5,source-attested-unreviewed,hk-selection|learner-definition|category|display-reading|curriculum-priority,remaining
桔,1362,1380,Chinese bellflower; well-swept; the inner fibers of corn-stalks,general,DGR,DR,5,source-attested-unreviewed,hk-selection|learner-definition|category|display-reading|curriculum-priority,remaining
梅,1363,1382,plums; prunes; surname,people,DOWY,DY,2,source-attested-unreviewed,hk-selection|learner-definition|category|display-reading|curriculum-priority,remaining
殖,1364,1383,"breed, spawn; increase; prosper",general,MNJBM,MM,3,source-attested-unreviewed,hk-selection|learner-definition|category|display-reading|curriculum-priority,remaining
渡,1365,1384,"cross, ferry over; ferry",general,EITE,EE,2,source-attested-unreviewed,hk-selection|learner-definition|category|display-reading|curriculum-priority,remaining
蒼,1366,1385,blue; green,general,TOIR,TR,3,source-attested-unreviewed,hk-selection|learner-definition|category|display-reading|curriculum-priority,remaining
撒,1367,1386,"release, cast away, let go; disperse; relax",actions,QTBK,QK,3,source-attested-unreviewed,hk-selection|learner-definition|category|display-reading|curriculum-priority,remaining
蹦,1368,1387,"hop, leap, jump; bright",general,RMUBB,RB,2,source-attested-unreviewed,hk-selection|learner-definition|category|display-reading|curriculum-priority,remaining
復,1369,1388,return; repeat; repeatedly; hexagram ䷗,general,HOOAE,HE,4,source-attested-unreviewed,hk-selection|learner-definition|category|display-reading|curriculum-priority,remaining
吳,1370,1389,one of warring states; surname,people,RVNK,RK,3,source-attested-unreviewed,hk-selection|learner-definition|category|display-reading|curriculum-priority,remaining
牢,1371,1390,"prison; stable, pen; secure",general,JHQ,JQ,4,source-attested-unreviewed,hk-selection|learner-definition|category|display-reading|curriculum-priority,remaining
姿,1372,1391,"one's manner, carriage, bearing",numbers,IOV,IV,3,source-attested-unreviewed,hk-selection|learner-definition|category|display-reading|curriculum-priority,remaining
烏,1373,1392,"crow, rook, raven; black, dark",general,HRYF,HF,4,source-attested-unreviewed,hk-selection|learner-definition|category|display-reading|curriculum-priority,remaining
祝,1374,1393,pray for happiness or blessings,general,IFRHU,IU,4,source-attested-unreviewed,hk-selection|learner-definition|category|display-reading|curriculum-priority,remaining
秦,1375,1394,feudal state of Qin; the Qin dynasty (from which the name 'China' comes),general,QKHD,QD,2,source-attested-unreviewed,hk-selection|learner-definition|category|display-reading|curriculum-priority,remaining
彷,1376,1395,"like, resembling; resemble",general,HOYHS,HS,4,source-attested-unreviewed,hk-selection|learner-definition|category|display-reading|curriculum-priority,remaining
尚,1377,1396,"still, yet; even; fairly, rather",general,FBR,FR,4,source-attested-unreviewed,hk-selection|learner-definition|category|display-reading|curriculum-priority,remaining
彿,1378,1397,"resembling, like, as if",general,HOLLN,HN,2,source-attested-unreviewed,hk-selection|learner-definition|category|display-reading|curriculum-priority,remaining
捨,1379,1398,"discard, give up willingly; give alms",actions,QOMR,QR,2,source-attested-unreviewed,hk-selection|learner-definition|category|display-reading|curriculum-priority,remaining
缸,1380,1399,"earthenware jug, crock; cistern",general,OUM,OM,2,source-attested-unreviewed,hk-selection|learner-definition|category|display-reading|curriculum-priority,remaining
範,1381,1400,"pattern, model, rule, law",general,HJJU,HU,2,source-attested-unreviewed,hk-selection|learner-definition|category|display-reading|curriculum-priority,remaining
埋,1382,1401,"bury, secrete, conceal",general,GWG,GG,3,source-attested-unreviewed,hk-selection|learner-definition|category|display-reading|curriculum-priority,remaining
捕,1383,1402,"arrest, catch, seize",general,QIJB,QB,2,source-attested-unreviewed,hk-selection|learner-definition|category|display-reading|curriculum-priority,remaining
氧,1384,1403,"oxygen (element 8, O)",general,ONTQ,OQ,2,source-attested-unreviewed,hk-selection|learner-definition|category|display-reading|curriculum-priority,remaining
迷,1385,1404,"bewitch, charm, infatuate",general,YFD,YD,3,source-attested-unreviewed,hk-selection|learner-definition|category|display-reading|curriculum-priority,remaining
涼,1386,1405,"cool, cold; disheartened",general,EYRF,EF,4,source-attested-unreviewed,hk-selection|learner-definition|category|display-reading|curriculum-priority,remaining
棉,1387,1406,cotton; cotton padded,general,DHAB,DB,2,source-attested-unreviewed,hk-selection|learner-definition|category|display-reading|curriculum-priority,remaining
擠,1388,1407,"crowd, squeeze, push against",general,QYX,QX,2,source-attested-unreviewed,hk-selection|learner-definition|category|display-reading|curriculum-priority,remaining
濟,1389,1408,"to help, aid, relieve; to ferry, cross",general,EYX,EX,5,source-attested-unreviewed,hk-selection|learner-definition|category|display-reading|curriculum-priority,remaining
朱,1390,1409,"cinnabar, vermilion; surname",people,HJD,HD,3,source-attested-unreviewed,hk-selection|learner-definition|category|display-reading|curriculum-priority,remaining
析,1391,1410,split wood; break apart; divide,general,DHML,DL,3,source-attested-unreviewed,hk-selection|learner-definition|category|display-reading|curriculum-priority,remaining
采,1392,1411,"collect, gather; pick, pluck",general,BD,BD,4,source-attested-unreviewed,hk-selection|learner-definition|category|display-reading|curriculum-priority,remaining
宣,1393,1412,"declare, announce, proclaim",general,JMAM,JM,2,source-attested-unreviewed,hk-selection|learner-definition|category|display-reading|curriculum-priority,remaining
恰,1394,1413,"just, exactly, precisely; proper",general,POMR,PR,2,source-attested-unreviewed,hk-selection|learner-definition|category|display-reading|curriculum-priority,remaining
徒,1395,1414,"disciple, follower; go on foot",actions,HOGYO,HO,2,source-attested-unreviewed,hk-selection|learner-definition|category|display-reading|curriculum-priority,remaining
逐,1396,1415,"chase, expel; one by one",numbers,YMSO,YO,5,source-attested-unreviewed,hk-selection|learner-definition|category|display-reading|curriculum-priority,remaining
棋,1397,1416,chess; any game similar to chess,general,DTMC,DC,3,source-attested-unreviewed,hk-selection|learner-definition|category|display-reading|curriculum-priority,remaining
搶,1398,1417,"plunder, rob, take by force",actions,QOIR,QR,6,source-attested-unreviewed,hk-selection|learner-definition|category|display-reading|curriculum-priority,remaining
慣,1399,1418,"habit, custom; habitually, usually",general,PWJC,PC,2,source-attested-unreviewed,hk-selection|learner-definition|category|display-reading|curriculum-priority,remaining
潤,1400,1419,"soft, moist; sleek; freshen",general,EANG,EG,2,source-attested-unreviewed,hk-selection|learner-definition|category|display-reading|curriculum-priority,remaining
稻,1401,1420,"rice growing in field, rice plant",food,HDBHX,HX,2,source-attested-unreviewed,hk-selection|learner-definition|category|display-reading|curriculum-priority,remaining
蔣,1402,1421,surname; Hydropyrum latifolium,people,TVMI,TI,3,source-attested-unreviewed,hk-selection|learner-definition|category|display-reading|curriculum-priority,remaining
躺,1403,1422,"lie down, recline",general,HHFBR,HR,3,source-attested-unreviewed,hk-selection|learner-definition|category|display-reading|curriculum-priority,remaining
辨,1404,1423,"distinguish, discriminate",general,YJILJ,YJ,5,source-attested-unreviewed,hk-selection|learner-definition|category|display-reading|curriculum-priority,remaining
鎮,1405,1424,"town, market place; suppress",general,CJBC,CC,4,source-attested-unreviewed,hk-selection|learner-definition|category|display-reading|curriculum-priority,remaining
額,1406,1425,"forehead; tablet, plaque; fixed",general,JRMBC,JC,2,source-attested-unreviewed,hk-selection|learner-definition|category|display-reading|curriculum-priority,remaining
鶉,1407,1426,quail; Turnix species (various),general,YDHAF,YF,5,source-attested-unreviewed,hk-selection|learner-definition|category|display-reading|curriculum-priority,remaining
鵪,1408,1427,quail; Coturnix coturnix,general,KUHAF,KF,3,source-attested-unreviewed,hk-selection|learner-definition|category|display-reading|curriculum-priority,remaining
爐,1409,1428,"fireplace, stove, oven, furnace",general,FYPT,FT,2,source-attested-unreviewed,hk-selection|learner-definition|category|display-reading|curriculum-priority,remaining
灘,1410,1429,"bank, a sandbar, shoal; rapids",general,ETOG,EG,4,source-attested-unreviewed,hk-selection|learner-definition|category|display-reading|curriculum-priority,remaining
扎,1411,1430,pull up; pierce; struggle free,general,QU,QU,5,source-attested-unreviewed,hk-selection|learner-definition|category|display-reading|curriculum-priority,remaining
忍,1412,1431,"endure, bear, suffer; forbear",general,SIP,SP,3,source-attested-unreviewed,hk-selection|learner-definition|category|display-reading|curriculum-priority,remaining
承,1413,1432,"inherit, receive; succeed",general,NNQO,NO,4,source-attested-unreviewed,hk-selection|learner-definition|category|display-reading|curriculum-priority,remaining
泡,1414,1433,"bubbles, suds; blister; soak",general,EPRU,EU,6,source-attested-unreviewed,hk-selection|learner-definition|category|display-reading|curriculum-priority,remaining
俄,1415,1434,"sudden(ly), soon; Russian",general,OHQI,OI,2,source-attested-unreviewed,hk-selection|learner-definition|category|display-reading|curriculum-priority,remaining
柔,1416,1435,"soft; gentle, pliant",general,NHD,ND,2,source-attested-unreviewed,hk-selection|learner-definition|category|display-reading|curriculum-priority,remaining
勒,1417,1436,"strangle, tighten",general,TJKS,TS,5,source-attested-unreviewed,hk-selection|learner-definition|category|display-reading|curriculum-priority,remaining
獅,1418,1437,lion,general,KHHRB,KB,2,source-attested-unreviewed,hk-selection|learner-definition|category|display-reading|curriculum-priority,remaining
輸,1419,1438,"transport, carry, haul",general,JJOMN,JN,3,source-attested-unreviewed,hk-selection|learner-definition|category|display-reading|curriculum-priority,remaining
霧,1420,1439,"fog, mist, vapor, fine spray",general,MBNHS,MS,3,source-attested-unreviewed,hk-selection|learner-definition|category|display-reading|curriculum-priority,remaining
凡,1421,1441,"all, any, every; ordinary, common",general,HNI,HI,2,source-attested-unreviewed,hk-selection|learner-definition|category|display-reading|curriculum-priority,remaining
巧,1422,1442,"skillful, ingenious, clever",general,MMVS,MS,2,source-attested-unreviewed,hk-selection|learner-definition|category|display-reading|curriculum-priority,remaining
扔,1423,1443,"throw, hurl; throw away, cast",general,QNHS,QS,3,source-attested-unreviewed,hk-selection|learner-definition|category|display-reading|curriculum-priority,remaining
怒,1424,1444,"anger, rage, passion; angry",general,VEP,VP,2,source-attested-unreviewed,hk-selection|learner-definition|category|display-reading|curriculum-priority,remaining
柿,1425,1445,persimmon,general,DYLB,DB,2,source-attested-unreviewed,hk-selection|learner-definition|category|display-reading|curriculum-priority,remaining
株,1426,1446,numerary adjunct for trees; root,general,DHJD,DD,2,source-attested-unreviewed,hk-selection|learner-definition|category|display-reading|curriculum-priority,remaining
浮,1427,1447,"to float, drift, waft; to exceed; superfluous",general,EBND,ED,2,source-attested-unreviewed,hk-selection|learner-definition|category|display-reading|curriculum-priority,remaining
貧,1428,1448,"poor, impoverished, needy",general,CSHC,CC,2,source-attested-unreviewed,hk-selection|learner-definition|category|display-reading|curriculum-priority,remaining
蒸,1429,1449,steam; evaporate,general,TNEF,TF,2,source-attested-unreviewed,hk-selection|learner-definition|category|display-reading|curriculum-priority,remaining
厲,1430,1450,"whetstone; grind, sharpen; whet",general,MTWB,MB,3,source-attested-unreviewed,hk-selection|learner-definition|category|display-reading|curriculum-priority,remaining
鄭,1431,1451,state in today's Henan; surname,people,TKNL,TL,3,source-attested-unreviewed,hk-selection|learner-definition|category|display-reading|curriculum-priority,remaining
叢,1432,1452,"bush, shrub; thicket; collection",general,TCTE,TE,2,source-attested-unreviewed,hk-selection|learner-definition|category|display-reading|curriculum-priority,remaining
爛,1433,1453,"rotten, spoiled, decayed",general,FANW,FW,2,source-attested-unreviewed,hk-selection|learner-definition|category|display-reading|curriculum-priority,remaining
權,1434,1454,"power, right, authority",general,DTRG,DG,3,source-attested-unreviewed,hk-selection|learner-definition|category|display-reading|curriculum-priority,remaining
疊,1435,1455,"repeat, duplicate; repetitious",general,WWWM,WM,2,source-attested-unreviewed,hk-selection|learner-definition|category|display-reading|curriculum-priority,remaining
伍,1436,1456,"five, company of five; troops",numbers,OMDM,OM,3,source-attested-unreviewed,hk-selection|learner-definition|category|display-reading|curriculum-priority,remaining
呆,1437,1457,"dull; dull-minded, simple, stupid",general,RD,RD,5,source-attested-unreviewed,hk-selection|learner-definition|category|display-reading|curriculum-priority,remaining
甚,1438,1458,great extent; considerably,general,TMMV,TV,3,source-attested-unreviewed,hk-selection|learner-definition|category|display-reading|curriculum-priority,remaining
迪,1439,1459,"enlighten, advance; progress",general,YLW,YW,2,source-attested-unreviewed,hk-selection|learner-definition|category|display-reading|curriculum-priority,remaining
液,1440,1460,"sap, juice, liquid, fluid",general,EYOK,EK,3,source-attested-unreviewed,hk-selection|learner-definition|category|display-reading|curriculum-priority,remaining
莫,1441,1462,"do not, is not, can not; negative",actions,TAK,TK,4,source-attested-unreviewed,hk-selection|learner-definition|category|display-reading|curriculum-priority,remaining
蜓,1442,1463,dragonfly,general,LINKG,LG,3,source-attested-unreviewed,hk-selection|learner-definition|category|display-reading|curriculum-priority,remaining
跡,1443,1464,"search, track, trace",general,RMYLC,RC,2,source-attested-unreviewed,hk-selection|learner-definition|category|display-reading|curriculum-priority,remaining
載,1444,1465,"load; carry; transport, convey",general,JIJWJ,JJ,7,source-attested-unreviewed,hk-selection|learner-definition|category|display-reading|curriculum-priority,remaining
蜻,1445,1466,dragonfly,general,LIQMB,LB,3,source-attested-unreviewed,hk-selection|learner-definition|category|display-reading|curriculum-priority,remaining
豔,1446,1467,"plump, voluptuous, beautiful",general,UTGIT,UT,2,source-attested-unreviewed,hk-selection|learner-definition|category|display-reading|curriculum-priority,remaining
犯,1447,1468,"commit crime, violate; criminal",general,KHSU,KU,3,source-attested-unreviewed,hk-selection|learner-definition|category|display-reading|curriculum-priority,remaining
辛,1448,1469,"bitter; toilsome, laborious; 8th heavenly stem; Kangxi radical 160",general,YTJ,YJ,2,source-attested-unreviewed,hk-selection|learner-definition|category|display-reading|curriculum-priority,remaining
咪,1449,1470,"sound of cat, cat's meow; meter; (Cant.) don't!",general,RFD,RD,7,source-attested-unreviewed,hk-selection|learner-definition|category|display-reading|curriculum-priority,remaining
姨,1450,1471,mother/wife's sister; concubine,people,VKN,VN,3,source-attested-unreviewed,hk-selection|learner-definition|category|display-reading|curriculum-priority,remaining
迫,1451,1472,"coerce, force, compel; urgent",general,YHA,YA,4,source-attested-unreviewed,hk-selection|learner-definition|category|display-reading|curriculum-priority,remaining
徐,1452,1473,"slowly, quietly, calmly; composed, dignified",general,HOOMD,HD,2,source-attested-unreviewed,hk-selection|learner-definition|category|display-reading|curriculum-priority,remaining
紋,1453,1474,"line, streak, stripe; wrinkle",general,VFYK,VK,3,source-attested-unreviewed,hk-selection|learner-definition|category|display-reading|curriculum-priority,remaining
素,1454,1475,white (silk); plain; vegetarian; formerly; normally,general,QMVIF,QF,2,source-attested-unreviewed,hk-selection|learner-definition|category|display-reading|curriculum-priority,remaining
蝶,1455,1476,butterfly,general,LIPTD,LD,3,source-attested-unreviewed,hk-selection|learner-definition|category|display-reading|curriculum-priority,remaining
諸,1456,1477,"several, various",general,YRJKA,YA,3,source-attested-unreviewed,hk-selection|learner-definition|category|display-reading|curriculum-priority,remaining
踏,1457,1478,"step on, trample, tread on, walk",general,RMEA,RA,3,source-attested-unreviewed,hk-selection|learner-definition|category|display-reading|curriculum-priority,remaining
駝,1458,1479,a camel; humpbacked; to carry on the back,general,SFJP,SP,3,source-attested-unreviewed,hk-selection|learner-definition|category|display-reading|curriculum-priority,remaining
警,1459,1480,"guard, watch; alert, alarm",general,TKYMR,TR,2,source-attested-unreviewed,hk-selection|learner-definition|category|display-reading|curriculum-priority,remaining
斧,1460,1481,"axe, hatchet; chop, hew",general,CKHML,CL,2,source-attested-unreviewed,hk-selection|learner-definition|category|display-reading|curriculum-priority,remaining
股,1461,1482,"thighs, haunches, rump; share",general,BHNE,BE,3,source-attested-unreviewed,hk-selection|learner-definition|category|display-reading|curriculum-priority,remaining
財,1462,1483,"wealth, valuables, riches",general,BCDH,BH,2,source-attested-unreviewed,hk-selection|learner-definition|category|display-reading|curriculum-priority,remaining
敗,1463,1484,"be defeated, decline, fail",general,BCOK,BK,2,source-attested-unreviewed,hk-selection|learner-definition|category|display-reading|curriculum-priority,remaining
粗,1464,1485,"rough, thick, course; rude",general,FDBM,FM,2,source-attested-unreviewed,hk-selection|learner-definition|category|display-reading|curriculum-priority,remaining
牌,1465,1486,"signboard, placard",general,LLHWJ,LJ,2,source-attested-unreviewed,hk-selection|learner-definition|category|display-reading|curriculum-priority,remaining
誠,1466,1487,"sincere, honest; true, real",general,YRIHS,YS,2,source-attested-unreviewed,hk-selection|learner-definition|category|display-reading|curriculum-priority,remaining
飾,1467,1488,"decorate, ornament, adorn; to deceive",general,OIOLB,OB,3,source-attested-unreviewed,hk-selection|learner-definition|category|display-reading|curriculum-priority,remaining
漫,1468,1489,overflow of water; spreading,nature,EAWE,EE,2,source-attested-unreviewed,hk-selection|learner-definition|category|display-reading|curriculum-priority,remaining
膠,1469,1490,"glue, gum, resin, rubber",general,BSMH,BH,5,source-attested-unreviewed,hk-selection|learner-definition|category|display-reading|curriculum-priority,remaining
鵑,1470,1491,cuckoo,general,RBHAF,RF,2,source-attested-unreviewed,hk-selection|learner-definition|category|display-reading|curriculum-priority,remaining
坑,1471,1493,"pit, hole; bury, trap; harry",general,GYHN,GN,3,source-attested-unreviewed,hk-selection|learner-definition|category|display-reading|curriculum-priority,remaining
供,1472,1494,"supply, provide for; offer in worship",general,OTC,OC,4,source-attested-unreviewed,hk-selection|learner-definition|category|display-reading|curriculum-priority,remaining
固,1473,1495,"to become solid, solidify; strength",general,WJR,WR,2,source-attested-unreviewed,hk-selection|learner-definition|category|display-reading|curriculum-priority,remaining
肯,1474,1496,"willing; consent to, permit",general,YMB,YB,2,source-attested-unreviewed,hk-selection|learner-definition|category|display-reading|curriculum-priority,remaining
昨,1475,1497,"yesterday; in former times, past",general,AOS,AS,3,source-attested-unreviewed,hk-selection|learner-definition|category|display-reading|curriculum-priority,remaining
若,1476,1498,"if, supposing, assuming; similar",general,TKR,TR,5,source-attested-unreviewed,hk-selection|learner-definition|category|display-reading|curriculum-priority,remaining
茶,1477,1499,tea,food,TOD,TD,2,source-attested-unreviewed,hk-selection|learner-definition|category|display-reading|curriculum-priority,remaining
偷,1478,1500,"to steal, burglar, thief",general,OOMN,ON,2,source-attested-unreviewed,hk-selection|learner-definition|category|display-reading|curriculum-priority,remaining
終,1479,1502,"end; finally, in the end",general,VFHEY,VY,2,source-attested-unreviewed,hk-selection|learner-definition|category|display-reading|curriculum-priority,remaining
軟,1480,1503,"soft, flexible, pliable; weak",general,JJNO,JO,2,source-attested-unreviewed,hk-selection|learner-definition|category|display-reading|curriculum-priority,remaining
軸,1481,1504,"axle, axletree; pivot; axis",general,JJLW,JW,4,source-attested-unreviewed,hk-selection|learner-definition|category|display-reading|curriculum-priority,remaining
慌,1482,1505,"nervous, panicky, frantic",general,PTYU,PU,4,source-attested-unreviewed,hk-selection|learner-definition|category|display-reading|curriculum-priority,remaining
嫩,1483,1506,"soft, tender, delicate; young",general,VDLK,VK,2,source-attested-unreviewed,hk-selection|learner-definition|category|display-reading|curriculum-priority,remaining
毅,1484,1507,"resolute, decisive, firm, persist",general,YOHNE,YE,2,source-attested-unreviewed,hk-selection|learner-definition|category|display-reading|curriculum-priority,remaining
嚇,1485,1508,"scare, frighten; intimidate",general,RGCC,RC,3,source-attested-unreviewed,hk-selection|learner-definition|category|display-reading|curriculum-priority,remaining
燭,1486,1509,"candle, taper; to shine, illuminate",general,FWLI,FI,3,source-attested-unreviewed,hk-selection|learner-definition|category|display-reading|curriculum-priority,remaining
齡,1487,1510,age; years,general,YUOII,YI,2,source-attested-unreviewed,hk-selection|learner-definition|category|display-reading|curriculum-priority,remaining
岡,1488,1511,ridge or crest of hill,general,BTU,BU,2,source-attested-unreviewed,hk-selection|learner-definition|category|display-reading|curriculum-priority,remaining
郁,1489,1512,"sweet smelling, rich in aroma; (Cant.) to move, hit",general,KBNL,KL,2,source-attested-unreviewed,hk-selection|learner-definition|category|display-reading|curriculum-priority,remaining
逃,1490,1513,"escape, flee; abscond, dodge",general,YLMO,YO,2,source-attested-unreviewed,hk-selection|learner-definition|category|display-reading|curriculum-priority,remaining
婦,1491,1514,married women; woman; wife,people,VSMB,VB,3,source-attested-unreviewed,hk-selection|learner-definition|category|display-reading|curriculum-priority,remaining
傾,1492,1515,"upset, pour out, overflow",general,OPMC,OC,3,source-attested-unreviewed,hk-selection|learner-definition|category|display-reading|curriculum-priority,remaining
嗡,1493,1516,"sound of flying bees, airplanes",general,RCIM,RM,3,source-attested-unreviewed,hk-selection|learner-definition|category|display-reading|curriculum-priority,remaining
聖,1494,1517,"holy, sacred; sage",general,SRHG,SG,2,source-attested-unreviewed,hk-selection|learner-definition|category|display-reading|curriculum-priority,remaining
碧,1495,1518,"jade; green, blue",general,MAMR,MR,2,source-attested-unreviewed,hk-selection|learner-definition|category|display-reading|curriculum-priority,remaining
歐,1496,1519,"used in transliterating non-Chinese words such as Europe, ohm; surname",people,SRNO,SO,3,source-attested-unreviewed,hk-selection|learner-definition|category|display-reading|curriculum-priority,remaining
霞,1497,1520,rosy clouds,general,MBRSE,ME,2,source-attested-unreviewed,hk-selection|learner-definition|category|display-reading|curriculum-priority,remaining
樸,1498,1522,"simple, honest; plain; rough",general,DTCO,DO,3,source-attested-unreviewed,hk-selection|learner-definition|category|display-reading|curriculum-priority,remaining
串,1499,1523,string; relatives; conspire,general,LL,LL,4,source-attested-unreviewed,hk-selection|learner-definition|category|display-reading|curriculum-priority,remaining
戒,1500,1524,"warn, caution, admonish",general,IT,IT,2,source-attested-unreviewed,hk-selection|learner-definition|category|display-reading|curriculum-priority,remaining
咬,1501,1525,"bite, gnaw",general,RYCK,RK,6,source-attested-unreviewed,hk-selection|learner-definition|category|display-reading|curriculum-priority,remaining
欲,1502,1526,"desire, want, long for; intend",general,CRNO,CO,2,source-attested-unreviewed,hk-selection|learner-definition|category|display-reading|curriculum-priority,remaining
陷,1503,1527,"submerge, sink, plunge; trap",general,NLNHX,NX,2,source-attested-unreviewed,hk-selection|learner-definition|category|display-reading|curriculum-priority,remaining
惡,1504,1528,"evil, wicked, bad, foul",general,MMP,MP,8,source-attested-unreviewed,hk-selection|learner-definition|category|display-reading|curriculum-priority,remaining
紫,1505,1529,"purple, violet; amethyst; surname",people,YPVIF,YF,2,source-attested-unreviewed,hk-selection|learner-definition|category|display-reading|curriculum-priority,remaining
閏,1506,1530,"intercalary; extra, surplus",general,ANMG,AG,2,source-attested-unreviewed,hk-selection|learner-definition|category|display-reading|curriculum-priority,remaining
網,1507,1531,"net, web; network",general,VFBTV,VV,2,source-attested-unreviewed,hk-selection|learner-definition|category|display-reading|curriculum-priority,remaining
稿,1508,1532,"draft, manuscript, rough copy",general,HDYRB,HB,2,source-attested-unreviewed,hk-selection|learner-definition|category|display-reading|curriculum-priority,remaining
丟,1509,1533,"discard, reject, lose",general,MGI,MI,2,source-attested-unreviewed,hk-selection|learner-definition|category|display-reading|curriculum-priority,remaining
帆,1510,1534,sail; boat,general,LBHNI,LI,4,source-attested-unreviewed,hk-selection|learner-definition|category|display-reading|curriculum-priority,remaining
協,1511,1535,be united; cooperate,general,JKSS,JS,2,source-attested-unreviewed,hk-selection|learner-definition|category|display-reading|curriculum-priority,remaining
眉,1512,1536,eyebrows; upper margin of book,education,AHBU,AU,2,source-attested-unreviewed,hk-selection|learner-definition|category|display-reading|curriculum-priority,remaining
倉,1513,1537,granary; berth; sea,general,OIAR,OR,3,source-attested-unreviewed,hk-selection|learner-definition|category|display-reading|curriculum-priority,remaining
茫,1514,1538,"vast, boundless, widespread",general,TEYV,TV,4,source-attested-unreviewed,hk-selection|learner-definition|category|display-reading|curriculum-priority,remaining
喀,1515,1539,vomit; used in transliterations,general,RJHR,RR,5,source-attested-unreviewed,hk-selection|learner-definition|category|display-reading|curriculum-priority,remaining
搞,1516,1540,"to clear, clarify",general,QYRB,QB,4,source-attested-unreviewed,hk-selection|learner-definition|category|display-reading|curriculum-priority,remaining
詳,1517,1541,"detailed, complete, thorough",general,YRTQ,YQ,3,source-attested-unreviewed,hk-selection|learner-definition|category|display-reading|curriculum-priority,remaining
幕,1518,1543,"curtain, screen, tent",general,TAKB,TB,3,source-attested-unreviewed,hk-selection|learner-definition|category|display-reading|curriculum-priority,remaining
綿,1519,1544,"cotton wad; wool; soft, downy",general,VFHAB,VB,2,source-attested-unreviewed,hk-selection|learner-definition|category|display-reading|curriculum-priority,remaining
撿,1520,1545,to pick up,general,QOMO,QO,3,source-attested-unreviewed,hk-selection|learner-definition|category|display-reading|curriculum-priority,remaining
頸,1521,1546,"neck, throat",general,MMMBC,MC,3,source-attested-unreviewed,hk-selection|learner-definition|category|display-reading|curriculum-priority,remaining
鍛,1522,1547,"forge metal; temper, refine",general,CHJE,CE,2,source-attested-unreviewed,hk-selection|learner-definition|category|display-reading|curriculum-priority,remaining
斤,1523,1548,"a catty (approximately 600 g); an axe; keen, shrewd; Kangxi radical 69",general,HML,HL,2,source-attested-unreviewed,hk-selection|learner-definition|category|display-reading|curriculum-priority,remaining
召,1524,1549,imperial decree; summon,general,SHR,SR,4,source-attested-unreviewed,hk-selection|learner-definition|category|display-reading|curriculum-priority,remaining
谷,1525,1550,"valley, gorge, ravine; Kangxi radical 150",general,COR,CR,5,source-attested-unreviewed,hk-selection|learner-definition|category|display-reading|curriculum-priority,remaining
郎,1526,1551,"gentleman, young man; husband",people,IINL,IL,2,source-attested-unreviewed,hk-selection|learner-definition|category|display-reading|curriculum-priority,remaining
啟,1527,1552,open; begin,general,HROK,HK,2,source-attested-unreviewed,hk-selection|learner-definition|category|display-reading|curriculum-priority,remaining
斜,1528,1553,"slanting, sloping, inclined",general,ODYJ,OJ,6,source-attested-unreviewed,hk-selection|learner-definition|category|display-reading|curriculum-priority,remaining
尋,1529,1554,"seek, search, look for; ancient",general,SMMRI,SI,3,source-attested-unreviewed,hk-selection|learner-definition|category|display-reading|curriculum-priority,remaining
替,1530,1555,"change, replace, substitute for",general,QOA,QA,2,source-attested-unreviewed,hk-selection|learner-definition|category|display-reading|curriculum-priority,remaining
飽,1531,1556,eat heartily; eat one's fill,food,OIPRU,OU,2,source-attested-unreviewed,hk-selection|learner-definition|category|display-reading|curriculum-priority,remaining
夢,1532,1557,dream; visionary; wishful,general,TWLN,TN,3,source-attested-unreviewed,hk-selection|learner-definition|category|display-reading|curriculum-priority,remaining
榨,1533,1558,to press or extract juices; a press to extract juices; a vegetable,general,DJCS,DS,2,source-attested-unreviewed,hk-selection|learner-definition|category|display-reading|curriculum-priority,remaining
廢,1534,1559,"abrogate, terminate, discard",general,INOE,IE,2,source-attested-unreviewed,hk-selection|learner-definition|category|display-reading|curriculum-priority,remaining
憐,1535,1560,"pity, sympathize",general,PFDQ,PQ,2,source-attested-unreviewed,hk-selection|learner-definition|category|display-reading|curriculum-priority,remaining
潮,1536,1561,"tide; moist, wet, damp; flow",general,EJJB,EB,2,source-attested-unreviewed,hk-selection|learner-definition|category|display-reading|curriculum-priority,remaining
蝴,1537,1562,butterfly,general,LIJRB,LB,2,source-attested-unreviewed,hk-selection|learner-definition|category|display-reading|curriculum-priority,remaining
膽,1538,1563,"gall bladder; bravery, courage",general,BNCR,BR,2,source-attested-unreviewed,hk-selection|learner-definition|category|display-reading|curriculum-priority,remaining
蠟,1539,1564,"wax; candle; waxy, glazed",general,LIVVV,LV,2,source-attested-unreviewed,hk-selection|learner-definition|category|display-reading|curriculum-priority,remaining
鑼,1540,1565,gong,general,CWLG,CG,2,source-attested-unreviewed,hk-selection|learner-definition|category|display-reading|curriculum-priority,remaining
川,1541,1566,"stream, river; flow; boil",general,LLL,LL,2,source-attested-unreviewed,hk-selection|learner-definition|category|display-reading|curriculum-priority,remaining
狂,1542,1567,"insane, mad; violent; wild",general,KHMG,KG,4,source-attested-unreviewed,hk-selection|learner-definition|category|display-reading|curriculum-priority,remaining
肚,1543,1568,belly; abdomen; bowels,general,BG,BG,3,source-attested-unreviewed,hk-selection|learner-definition|category|display-reading|curriculum-priority,remaining
捲,1544,1569,"curl, roll up; curly, rolled up",general,QFQU,QU,4,source-attested-unreviewed,hk-selection|learner-definition|category|display-reading|curriculum-priority,remaining
勃,1545,1570,"suddenly, sudden, quick",general,JDKS,JS,2,source-attested-unreviewed,hk-selection|learner-definition|category|display-reading|curriculum-priority,remaining
屏,1546,1571,"folding screen, shield",general,STT,ST,6,source-attested-unreviewed,hk-selection|learner-definition|category|display-reading|curriculum-priority,remaining
皇,1547,1572,"royal, imperial; ruler, superior",general,HAMG,HG,3,source-attested-unreviewed,hk-selection|learner-definition|category|display-reading|curriculum-priority,remaining
庭,1548,1573,courtyard; spacious hall or yard,general,INKG,IG,2,source-attested-unreviewed,hk-selection|learner-definition|category|display-reading|curriculum-priority,remaining
晏,1549,1574,"peaceful, quiet; clear; late in the day",general,AJV,AV,2,source-attested-unreviewed,hk-selection|learner-definition|category|display-reading|curriculum-priority,remaining
悲,1550,1575,"sorrow, grief; sorry, sad",general,LYP,LP,2,source-attested-unreviewed,hk-selection|learner-definition|category|display-reading|curriculum-priority,remaining
滋,1551,1576,"grow, multiply, increase; thrive",general,ETVI,EI,4,source-attested-unreviewed,hk-selection|learner-definition|category|display-reading|curriculum-priority,remaining
漂,1552,1577,"float, drift; tossed about",general,EMWF,EF,6,source-attested-unreviewed,hk-selection|learner-definition|category|display-reading|curriculum-priority,remaining
薄,1553,1578,"thin, slight, weak; poor, stingy",general,TEII,TI,5,source-attested-unreviewed,hk-selection|learner-definition|category|display-reading|curriculum-priority,remaining
瀝,1554,1579,"trickle, drip; strain; dregs",general,EMHM,EM,3,source-attested-unreviewed,hk-selection|learner-definition|category|display-reading|curriculum-priority,remaining
灣,1555,1580,"a bay, cove, inlet, bend of stream",general,EVFN,EN,2,source-attested-unreviewed,hk-selection|learner-definition|category|display-reading|curriculum-priority,remaining
仰,1556,1581,"raise the head to look; look up to, rely on, admire",general,OHVL,OL,3,source-attested-unreviewed,hk-selection|learner-definition|category|display-reading|curriculum-priority,remaining
吐,1557,1582,"vomit, spew out, cough up",general,RG,RG,3,source-attested-unreviewed,hk-selection|learner-definition|category|display-reading|curriculum-priority,remaining
披,1558,1583,wear; split; crack,general,QDHE,QE,2,source-attested-unreviewed,hk-selection|learner-definition|category|display-reading|curriculum-priority,remaining
狠,1559,1584,"vicious, cruel; severely, extreme",general,KHAV,KV,5,source-attested-unreviewed,hk-selection|learner-definition|category|display-reading|curriculum-priority,remaining
鬍,1560,1585,beard; mustache; whiskers,general,SHJRB,SB,2,source-attested-unreviewed,hk-selection|learner-definition|category|display-reading|curriculum-priority,remaining
浩,1561,1586,"great, numerous, vast, abundant",general,EHGR,ER,4,source-attested-unreviewed,hk-selection|learner-definition|category|display-reading|curriculum-priority,remaining
疼,1562,1587,"aches, pains; be fond of; love",general,KHEY,KY,2,source-attested-unreviewed,hk-selection|learner-definition|category|display-reading|curriculum-priority,remaining
絃,1563,1588,string on musical instrument,general,VFYVI,VI,3,source-attested-unreviewed,hk-selection|learner-definition|category|display-reading|curriculum-priority,remaining
閉,1564,1589,"shut, close; obstruct, block up",general,ANDH,AH,2,source-attested-unreviewed,hk-selection|learner-definition|category|display-reading|curriculum-priority,remaining
渾,1565,1590,"muddy, turbid; blend, merge, mix",general,EBJJ,EJ,5,source-attested-unreviewed,hk-selection|learner-definition|category|display-reading|curriculum-priority,remaining
筍,1566,1591,bamboo shoot; joint; tendon,general,HPA,HA,4,source-attested-unreviewed,hk-selection|learner-definition|category|display-reading|curriculum-priority,remaining
善,1567,1592,"good, virtuous, charitable, kind",general,TTR,TR,2,source-attested-unreviewed,hk-selection|learner-definition|category|display-reading|curriculum-priority,remaining
蛛,1568,1593,spider,general,LIHJD,LD,2,source-attested-unreviewed,hk-selection|learner-definition|category|display-reading|curriculum-priority,remaining
罪,1569,1594,"crime, sin, vice; evil; hardship",general,WLLMY,WY,3,source-attested-unreviewed,hk-selection|learner-definition|category|display-reading|curriculum-priority,remaining
嘗,1570,1595,"taste; experience, experiment",general,FBRPA,FA,2,source-attested-unreviewed,hk-selection|learner-definition|category|display-reading|curriculum-priority,remaining
蜘,1571,1596,spider,general,LIOKR,LR,2,source-attested-unreviewed,hk-selection|learner-definition|category|display-reading|curriculum-priority,remaining
誕,1572,1597,"to bear children, give birth; birth",actions,YRNKM,YM,2,source-attested-unreviewed,hk-selection|learner-definition|category|display-reading|curriculum-priority,remaining
鯨,1573,1598,whale,general,NFYRF,NF,3,source-attested-unreviewed,hk-selection|learner-definition|category|display-reading|curriculum-priority,remaining
轟,1574,1599,"rumble, explosion, blast",general,JJJJJ,JJ,2,source-attested-unreviewed,hk-selection|learner-definition|category|display-reading|curriculum-priority,remaining
鑿,1575,1600,"chisel; bore, pierce",general,TEC,TC,5,source-attested-unreviewed,hk-selection|learner-definition|category|display-reading|curriculum-priority,remaining
叭,1576,1601,trumpet,general,RC,RC,4,source-attested-unreviewed,hk-selection|learner-definition|category|display-reading|curriculum-priority,remaining
汗,1577,1602,"perspiration, sweat",general,EMJ,EJ,5,source-attested-unreviewed,hk-selection|learner-definition|category|display-reading|curriculum-priority,remaining
征,1578,1603,"invade, attack, conquer",general,HOMYM,HM,2,source-attested-unreviewed,hk-selection|learner-definition|category|display-reading|curriculum-priority,remaining
昌,1579,1604,"light of sun; good, proper",nature,AA,AA,3,source-attested-unreviewed,hk-selection|learner-definition|category|display-reading|curriculum-priority,remaining
咯,1580,1605,final particle,general,RHER,RR,8,source-attested-unreviewed,hk-selection|learner-definition|category|display-reading|curriculum-priority,remaining
秧,1581,1606,"rice seedlings, young rice plants",food,HDLBK,HK,2,source-attested-unreviewed,hk-selection|learner-definition|category|display-reading|curriculum-priority,remaining
偶,1582,1607,"accidentally, coincidently; an idol",general,OWLB,OB,2,source-attested-unreviewed,hk-selection|learner-definition|category|display-reading|curriculum-priority,remaining
崗,1583,1608,post; position,general,UBTU,UU,3,source-attested-unreviewed,hk-selection|learner-definition|category|display-reading|curriculum-priority,remaining
掏,1584,1609,take out; pull out; clean out,actions,QPOU,QU,2,source-attested-unreviewed,hk-selection|learner-definition|category|display-reading|curriculum-priority,remaining
梁,1585,1610,bridge; beam; rafters; surname,people,ECD,ED,3,source-attested-unreviewed,hk-selection|learner-definition|category|display-reading|curriculum-priority,remaining
訪,1586,1611,"visit; ask, inquire",general,YRYHS,YS,2,source-attested-unreviewed,hk-selection|learner-definition|category|display-reading|curriculum-priority,remaining
溜,1587,1612,"slide, glide, slip; slippery",general,EHHW,EW,5,source-attested-unreviewed,hk-selection|learner-definition|category|display-reading|curriculum-priority,remaining
躲,1588,1613,"hide, secrete; avoid, escape",general,HHHND,HD,2,source-attested-unreviewed,hk-selection|learner-definition|category|display-reading|curriculum-priority,remaining
稼,1589,1614,sow grain; sheaves of grain,general,HDJMO,HO,3,source-attested-unreviewed,hk-selection|learner-definition|category|display-reading|curriculum-priority,remaining
雕,1590,1615,"engrave, inlay, carve; exhaust; (same as 鵰) an eagle, vulture",general,BROG,BG,2,source-attested-unreviewed,hk-selection|learner-definition|category|display-reading|curriculum-priority,remaining
駱,1591,1616,a white horse with black mane; a camel,general,SFHER,SR,4,source-attested-unreviewed,hk-selection|learner-definition|category|display-reading|curriculum-priority,remaining
濤,1592,1617,large waves,general,EGNI,EI,5,source-attested-unreviewed,hk-selection|learner-definition|category|display-reading|curriculum-priority,remaining
覽,1593,1618,"look at, inspect; perceive",general,SWBUU,SU,3,source-attested-unreviewed,hk-selection|learner-definition|category|display-reading|curriculum-priority,remaining
灑,1594,1619,"sprinkle, splash; scatter, throw",general,EMMP,EP,6,source-attested-unreviewed,hk-selection|learner-definition|category|display-reading|curriculum-priority,remaining
匹,1595,1620,bolt of cloth; counter for horses,general,SC,SC,2,source-attested-unreviewed,hk-selection|learner-definition|category|display-reading|curriculum-priority,remaining
役,1596,1621,"service; a servant, laborer; to serve",general,HOHNE,HE,2,source-attested-unreviewed,hk-selection|learner-definition|category|display-reading|curriculum-priority,remaining
咩,1597,1622,the bleating of sheep; (Cant.) an interrogative particle,general,RTQ,RQ,3,source-attested-unreviewed,hk-selection|learner-definition|category|display-reading|curriculum-priority,remaining
焦,1598,1624,"burned, scorched; anxious, vexed",general,OGF,OF,3,source-attested-unreviewed,hk-selection|learner-definition|category|display-reading|curriculum-priority,remaining
震,1599,1625,"shake, quake, tremor; excite; trigram ☳; hexagram ䷲",general,MBMMV,MV,3,source-attested-unreviewed,hk-selection|learner-definition|category|display-reading|curriculum-priority,remaining
鴿,1600,1626,"pigeon, dove; Columba species (various)",general,ORHAF,OF,3,source-attested-unreviewed,hk-selection|learner-definition|category|display-reading|curriculum-priority,remaining
雜,1601,1627,"mixed, blended; mix, mingle",general,YDOG,YG,2,source-attested-unreviewed,hk-selection|learner-definition|category|display-reading|curriculum-priority,remaining
耀,1602,1628,"shine, sparkle, dazzle; glory",general,FUSMG,FG,2,source-attested-unreviewed,hk-selection|learner-definition|category|display-reading|curriculum-priority,remaining
藺,1603,1629,rush used in making mats; surname,people,TANG,TG,2,source-attested-unreviewed,hk-selection|learner-definition|category|display-reading|curriculum-priority,remaining
躍,1604,1630,"skip, jump, frolic",general,RMSMG,RG,4,source-attested-unreviewed,hk-selection|learner-definition|category|display-reading|curriculum-priority,remaining
臟,1605,1631,"internal organs, viscera",general,BTIS,BS,3,source-attested-unreviewed,hk-selection|learner-definition|category|display-reading|curriculum-priority,remaining
舟,1606,1632,"boat, ship; Kangxi radical 137",general,HBYI,HI,2,source-attested-unreviewed,hk-selection|learner-definition|category|display-reading|curriculum-priority,remaining
拔,1607,1633,"uproot, pull out",general,QIKE,QE,7,source-attested-unreviewed,hk-selection|learner-definition|category|display-reading|curriculum-priority,remaining
施,1608,1634,"grant, bestow; give; act; name",actions,YSOPD,YD,4,source-attested-unreviewed,hk-selection|learner-definition|category|display-reading|curriculum-priority,remaining
挽,1609,1635,"pull; pull back, draw back",general,QNAU,QU,2,source-attested-unreviewed,hk-selection|learner-definition|category|display-reading|curriculum-priority,remaining
疾,1610,1636,"illness, disease, sickness; to hate",general,KOK,KK,2,source-attested-unreviewed,hk-selection|learner-definition|category|display-reading|curriculum-priority,remaining
豹,1611,1637,"leopard, panther; surname",people,BHPI,BI,2,source-attested-unreviewed,hk-selection|learner-definition|category|display-reading|curriculum-priority,remaining
貢,1612,1638,"offer tribute; tribute, gifts",general,MBUC,MC,2,source-attested-unreviewed,hk-selection|learner-definition|category|display-reading|curriculum-priority,remaining
畢,1613,1639,"end, finish, conclude; completed; 19th lunar mansion, determinative star ε Tauri (Ain)",general,WTJ,WJ,2,source-attested-unreviewed,hk-selection|learner-definition|category|display-reading|curriculum-priority,remaining
儀,1614,1640,"ceremony, rites gifts; admire",general,OTGI,OI,2,source-attested-unreviewed,hk-selection|learner-definition|category|display-reading|curriculum-priority,remaining
糕,1615,1641,"cakes, pastry",general,FDTGF,FF,2,source-attested-unreviewed,hk-selection|learner-definition|category|display-reading|curriculum-priority,remaining
衡,1616,1642,"measure, weigh, judge, consider",general,HONKN,HN,3,source-attested-unreviewed,hk-selection|learner-definition|category|display-reading|curriculum-priority,remaining
諧,1617,1643,"harmonize, agree; joke, jest",general,YRPPA,YA,2,source-attested-unreviewed,hk-selection|learner-definition|category|display-reading|curriculum-priority,remaining
蹈,1618,1644,stamp feet; dance,general,RMBHX,RX,2,source-attested-unreviewed,hk-selection|learner-definition|category|display-reading|curriculum-priority,remaining
勸,1619,1645,"recommend, advise, urge",general,TGKS,TS,2,source-attested-unreviewed,hk-selection|learner-definition|category|display-reading|curriculum-priority,remaining
仁,1620,1646,"humaneness, benevolence, kindness",general,OMM,OM,2,source-attested-unreviewed,hk-selection|learner-definition|category|display-reading|curriculum-priority,remaining
促,1621,1647,"urge, press, hurry; close",general,ORYO,OO,3,source-attested-unreviewed,hk-selection|learner-definition|category|display-reading|curriculum-priority,remaining
茂,1622,1649,"thick, lush, dense; talented",general,TIH,TH,2,source-attested-unreviewed,hk-selection|learner-definition|category|display-reading|curriculum-priority,remaining
虹,1623,1650,rainbow,general,LIM,LM,4,source-attested-unreviewed,hk-selection|learner-definition|category|display-reading|curriculum-priority,remaining
凍,1624,1651,"freeze; cold, congeal; jelly",general,IMDW,IW,2,source-attested-unreviewed,hk-selection|learner-definition|category|display-reading|curriculum-priority,remaining
脂,1625,1652,"fat, grease, lard; grease",general,BPA,BA,3,source-attested-unreviewed,hk-selection|learner-definition|category|display-reading|curriculum-priority,remaining
尉,1626,1653,"officer, military rank",general,SFDI,SI,5,source-attested-unreviewed,hk-selection|learner-definition|category|display-reading|curriculum-priority,remaining
淡,1627,1654,"weak, watery; insipid, tasteless",general,EFF,EF,4,source-attested-unreviewed,hk-selection|learner-definition|category|display-reading|curriculum-priority,remaining
脖,1628,1655,neck,general,BJBD,BD,3,source-attested-unreviewed,hk-selection|learner-definition|category|display-reading|curriculum-priority,remaining
彭,1629,1656,name of ancient country; surname,people,GTHHH,GH,5,source-attested-unreviewed,hk-selection|learner-definition|category|display-reading|curriculum-priority,remaining
殘,1630,1657,"injure, spoil; oppress; broken",general,MNII,MI,2,source-attested-unreviewed,hk-selection|learner-definition|category|display-reading|curriculum-priority,remaining
禁,1631,1658,"restrict, prohibit, forbid",general,DDMMF,DF,4,source-attested-unreviewed,hk-selection|learner-definition|category|display-reading|curriculum-priority,remaining
綱,1632,1659,"heavy rope, hawser; main points",general,VFBTU,VU,2,source-attested-unreviewed,hk-selection|learner-definition|category|display-reading|curriculum-priority,remaining
嘿,1633,1660,"be silent, be quiet",general,RWGF,RF,4,source-attested-unreviewed,hk-selection|learner-definition|category|display-reading|curriculum-priority,remaining
黎,1634,1661,"surname; numerous, many; black",people,HHOE,HE,2,source-attested-unreviewed,hk-selection|learner-definition|category|display-reading|curriculum-priority,remaining
聰,1635,1662,"intelligent, clever, bright",general,SJHWP,SP,2,source-attested-unreviewed,hk-selection|learner-definition|category|display-reading|curriculum-priority,remaining
獸,1636,1663,"beast, animal; bestial",general,RRIK,RK,2,source-attested-unreviewed,hk-selection|learner-definition|category|display-reading|curriculum-priority,remaining
觸,1637,1664,"touch; butt, ram, gore",general,NBWLI,NI,3,source-attested-unreviewed,hk-selection|learner-definition|category|display-reading|curriculum-priority,remaining
汁,1638,1665,"juice, liquor, fluid, sap, gravy, sauce",general,EJ,EJ,4,source-attested-unreviewed,hk-selection|learner-definition|category|display-reading|curriculum-priority,remaining
州,1639,1666,"administrative division, state",general,ILIL,IL,2,source-attested-unreviewed,hk-selection|learner-definition|category|display-reading|curriculum-priority,remaining
羽,1640,1667,"feather, plume; wings; Kangxi radical 124",general,SMSIM,SM,3,source-attested-unreviewed,hk-selection|learner-definition|category|display-reading|curriculum-priority,remaining
佑,1641,1668,"help, protect, bless",general,OKR,OR,2,source-attested-unreviewed,hk-selection|learner-definition|category|display-reading|curriculum-priority,remaining
抄,1642,1669,"copy, confiscate, seize",general,QFH,QH,5,source-attested-unreviewed,hk-selection|learner-definition|category|display-reading|curriculum-priority,remaining
弦,1643,1670,"string; hypotenuse, crescent",general,NYVI,NI,2,source-attested-unreviewed,hk-selection|learner-definition|category|display-reading|curriculum-priority,remaining
柏,1644,1671,"cypress, cedar",general,DHA,DA,4,source-attested-unreviewed,hk-selection|learner-definition|category|display-reading|curriculum-priority,remaining
軌,1645,1672,"track, rut, path",general,JJKN,JN,2,source-attested-unreviewed,hk-selection|learner-definition|category|display-reading|curriculum-priority,remaining
偏,1646,1674,inclined one side; slanting,numbers,OHSB,OB,2,source-attested-unreviewed,hk-selection|learner-definition|category|display-reading|curriculum-priority,remaining
虛,1647,1675,"false, worthless; empty, hollow; 11th lunar mansion, determinative star β Aquarii (Sadalsuud)",general,YPTM,YM,2,source-attested-unreviewed,hk-selection|learner-definition|category|display-reading|curriculum-priority,remaining
雁,1648,1676,wild goose,general,MOOG,MG,2,source-attested-unreviewed,hk-selection|learner-definition|category|display-reading|curriculum-priority,remaining
傲,1649,1677,"proud, haughty, overbearing",general,OGSK,OK,3,source-attested-unreviewed,hk-selection|learner-definition|category|display-reading|curriculum-priority,remaining
矮,1650,1678,"short, dwarf; low",general,OKHDV,OV,2,source-attested-unreviewed,hk-selection|learner-definition|category|display-reading|curriculum-priority,remaining
隔,1651,1680,"separate, partition",general,NLMRB,NB,4,source-attested-unreviewed,hk-selection|learner-definition|category|display-reading|curriculum-priority,remaining
翠,1652,1681,color green; kingfisher,general,SMYOJ,SJ,2,source-attested-unreviewed,hk-selection|learner-definition|category|display-reading|curriculum-priority,remaining
酸,1653,1682,"tart, sour; acid; stiff; spoiled",general,MWICE,ME,2,source-attested-unreviewed,hk-selection|learner-definition|category|display-reading|curriculum-priority,remaining
輝,1654,1683,"brightness, luster, brilliance",general,FUBJJ,FJ,2,source-attested-unreviewed,hk-selection|learner-definition|category|display-reading|curriculum-priority,remaining
擋,1655,1684,to obstruct; shut out; shelter from; keep off; stop; resist,general,QFBW,QW,4,source-attested-unreviewed,hk-selection|learner-definition|category|display-reading|curriculum-priority,remaining
曉,1656,1685,"dawn, daybreak; clear, explicit",general,AGGU,AU,2,source-attested-unreviewed,hk-selection|learner-definition|category|display-reading|curriculum-priority,remaining
臂,1657,1686,arm,general,SJB,SB,3,source-attested-unreviewed,hk-selection|learner-definition|category|display-reading|curriculum-priority,remaining
螺,1658,1687,spiral shell; conch; spiral,general,LIWVF,LF,3,source-attested-unreviewed,hk-selection|learner-definition|category|display-reading|curriculum-priority,remaining
礎,1659,1688,"foundation stone, plinth",general,MRDDO,MO,2,source-attested-unreviewed,hk-selection|learner-definition|category|display-reading|curriculum-priority,remaining
蠅,1660,1689,flies,general,LIRXU,LU,3,source-attested-unreviewed,hk-selection|learner-definition|category|display-reading|curriculum-priority,remaining
攝,1661,1690,"take in, absorb; act as deputy; administer, assist",actions,QSJJ,QJ,5,source-attested-unreviewed,hk-selection|learner-definition|category|display-reading|curriculum-priority,remaining
襪,1662,1691,"socks, stockings",general,LTWI,LI,2,source-attested-unreviewed,hk-selection|learner-definition|category|display-reading|curriculum-priority,remaining
丹,1663,1692,cinnabar (native HgS); vermilion (artificial HgS used as pigment),general,BY,BY,3,source-attested-unreviewed,hk-selection|learner-definition|category|display-reading|curriculum-priority,remaining
抵,1664,1693,"resist, oppose; deny; off-set",general,QHPM,QM,4,source-attested-unreviewed,hk-selection|learner-definition|category|display-reading|curriculum-priority,remaining
津,1665,1694,ferry; saliva; ford,general,ELQ,EQ,2,source-attested-unreviewed,hk-selection|learner-definition|category|display-reading|curriculum-priority,remaining
掙,1666,1695,"to strive, endeavor, struggle; to earn; to pierce; to wedge in",general,QBSD,QD,5,source-attested-unreviewed,hk-selection|learner-definition|category|display-reading|curriculum-priority,remaining
逗,1667,1696,"tempt, allure, arouse, stir",general,YMRT,YT,5,source-attested-unreviewed,hk-selection|learner-definition|category|display-reading|curriculum-priority,remaining
陵,1668,1697,"hill, mound; mausoleum",general,NLGCE,NE,2,source-attested-unreviewed,hk-selection|learner-definition|category|display-reading|curriculum-priority,remaining
喇,1669,1698,"horn, bugle; lama; final particle",general,RDLN,RN,6,source-attested-unreviewed,hk-selection|learner-definition|category|display-reading|curriculum-priority,remaining
翔,1670,1699,"soar, glide, hover; detailed",general,TQSMM,TM,2,source-attested-unreviewed,hk-selection|learner-definition|category|display-reading|curriculum-priority,remaining
葦,1671,1700,reed,general,TDMQ,TQ,2,source-attested-unreviewed,hk-selection|learner-definition|category|display-reading|curriculum-priority,remaining
審,1672,1701,"examine, investigate; judge",general,JHDW,JW,3,source-attested-unreviewed,hk-selection|learner-definition|category|display-reading|curriculum-priority,remaining
遭,1673,1702,"come across, meet with, encounter",actions,YTWA,YA,2,source-attested-unreviewed,hk-selection|learner-definition|category|display-reading|curriculum-priority,remaining
濃,1674,1703,"thick, strong, concentrated",general,ETWV,EV,2,source-attested-unreviewed,hk-selection|learner-definition|category|display-reading|curriculum-priority,remaining
欄,1675,1704,"railing, balustrade; animal pen",general,DANW,DW,3,source-attested-unreviewed,hk-selection|learner-definition|category|display-reading|curriculum-priority,remaining
弓,1676,1705,"bow; curved, arched; Kangxi radical 57",general,N,N,2,source-attested-unreviewed,hk-selection|learner-definition|category|display-reading|curriculum-priority,remaining
免,1677,1706,spare; excuse from; evade,general,NAHU,NU,4,source-attested-unreviewed,hk-selection|learner-definition|category|display-reading|curriculum-priority,remaining
扭,1678,1707,"turn, twist, wrench; seize, grasp",general,QNG,QG,6,source-attested-unreviewed,hk-selection|learner-definition|category|display-reading|curriculum-priority,remaining
沖,1679,1708,"pour, infuse, steep; wash away",general,EL,EL,3,source-attested-unreviewed,hk-selection|learner-definition|category|display-reading|curriculum-priority,remaining
皂,1680,1709,soap; black; menial servant,general,HAP,HP,2,source-attested-unreviewed,hk-selection|learner-definition|category|display-reading|curriculum-priority,remaining
呵,1681,1710,scold; laughing sound; yawn,general,RMNR,RR,7,source-attested-unreviewed,hk-selection|learner-definition|category|display-reading|curriculum-priority,remaining
屈,1682,1711,"bend, flex; bent, crooked; crouch",general,SUU,SU,6,source-attested-unreviewed,hk-selection|learner-definition|category|display-reading|curriculum-priority,remaining
挨,1683,1712,"near, close by, next to, towards, against; to wait; to lean on",general,QIOK,QK,3,source-attested-unreviewed,hk-selection|learner-definition|category|display-reading|curriculum-priority,remaining
喚,1684,1713,"call, summon; invite; be called",general,RNBK,RK,3,source-attested-unreviewed,hk-selection|learner-definition|category|display-reading|curriculum-priority,remaining
絨,1685,1714,"silk, cotton, or woolen fabric",general,VFIJ,VJ,3,source-attested-unreviewed,hk-selection|learner-definition|category|display-reading|curriculum-priority,remaining
嘛,1686,1715,final exclamatory particle,general,RIDD,RD,5,source-attested-unreviewed,hk-selection|learner-definition|category|display-reading|curriculum-priority,remaining
漠,1687,1716,"desert; aloof, indifferent, cool",general,ETAK,EK,2,source-attested-unreviewed,hk-selection|learner-definition|category|display-reading|curriculum-priority,remaining
聚,1688,1717,"assemble, meet together, collect",general,SEHHO,SO,2,source-attested-unreviewed,hk-selection|learner-definition|category|display-reading|curriculum-priority,remaining
腐,1689,1718,"rot, decay, spoil; rotten",general,IOIB,IB,3,source-attested-unreviewed,hk-selection|learner-definition|category|display-reading|curriculum-priority,remaining
劍,1690,1719,"sword, dagger, saber",general,OOLN,ON,2,source-attested-unreviewed,hk-selection|learner-definition|category|display-reading|curriculum-priority,remaining
齒,1691,1720,"teeth; gears, cogs; age; Kangxi radical 211",general,YMUOO,YO,2,source-attested-unreviewed,hk-selection|learner-definition|category|display-reading|curriculum-priority,remaining
噹,1692,1721,sound of bells,general,RFBW,RW,2,source-attested-unreviewed,hk-selection|learner-definition|category|display-reading|curriculum-priority,remaining
憶,1693,1722,"remember, reflect upon; memory",general,PYTP,PP,2,source-attested-unreviewed,hk-selection|learner-definition|category|display-reading|curriculum-priority,remaining
樺,1694,1723,type of birch,general,DTMJ,DJ,3,source-attested-unreviewed,hk-selection|learner-definition|category|display-reading|curriculum-priority,remaining
驟,1695,1724,procedure; gallop; sudden(ly),general,SFSEO,SO,2,source-attested-unreviewed,hk-selection|learner-definition|category|display-reading|curriculum-priority,remaining
岩,1696,1725,cliff; rocks; mountain,nature,UMR,UR,2,source-attested-unreviewed,hk-selection|learner-definition|category|display-reading|curriculum-priority,remaining
延,1697,1726,"delay, postpone, defer",general,NKHYM,NM,2,source-attested-unreviewed,hk-selection|learner-definition|category|display-reading|curriculum-priority,remaining
毒,1698,1727,"poison, venom; poisonous",general,QMWYI,QI,4,source-attested-unreviewed,hk-selection|learner-definition|category|display-reading|curriculum-priority,remaining
胖,1699,1728,"fat, obese; fatty",general,BFQ,BQ,5,source-attested-unreviewed,hk-selection|learner-definition|category|display-reading|curriculum-priority,remaining
恐,1700,1729,"fear; fearful, apprehensive",general,MNP,MP,2,source-attested-unreviewed,hk-selection|learner-definition|category|display-reading|curriculum-priority,remaining
爹,1701,1730,"father, daddy",people,CKNIN,CN,2,source-attested-unreviewed,hk-selection|learner-definition|category|display-reading|curriculum-priority,remaining
捧,1702,1731,hold up in two hands,numbers,QQKQ,QQ,4,source-attested-unreviewed,hk-selection|learner-definition|category|display-reading|curriculum-priority,remaining
斑,1703,1732,"mottled, striped, freckle",general,MGYKG,MG,2,source-attested-unreviewed,hk-selection|learner-definition|category|display-reading|curriculum-priority,remaining
詹,1704,1734,"surname; talk too much, verbose",people,NCYMR,NR,3,source-attested-unreviewed,hk-selection|learner-definition|category|display-reading|curriculum-priority,remaining
鳳,1705,1735,male phoenix; symbol of joy,general,HNMAF,HF,2,source-attested-unreviewed,hk-selection|learner-definition|category|display-reading|curriculum-priority,remaining
膜,1706,1736,membrane; to kneel and worship,general,BTAK,BK,3,source-attested-unreviewed,hk-selection|learner-definition|category|display-reading|curriculum-priority,remaining
輩,1707,1737,"generation, lifetime; class",general,LYJWJ,LJ,2,source-attested-unreviewed,hk-selection|learner-definition|category|display-reading|curriculum-priority,remaining
鋸,1708,1738,a saw; to saw; amputate,general,CSJR,CR,4,source-attested-unreviewed,hk-selection|learner-definition|category|display-reading|curriculum-priority,remaining
購,1709,1739,"buy, purchase; hire",general,BCTTB,BB,3,source-attested-unreviewed,hk-selection|learner-definition|category|display-reading|curriculum-priority,remaining
翹,1710,1740,"turn up, lift, elevate, raise",general,GUSMM,GM,5,source-attested-unreviewed,hk-selection|learner-definition|category|display-reading|curriculum-priority,remaining
譽,1711,1741,"fame, reputation; praise",general,HCYMR,HR,2,source-attested-unreviewed,hk-selection|learner-definition|category|display-reading|curriculum-priority,remaining
亡,1712,1742,"death, destroyed; lose, perish",general,YV,YV,3,source-attested-unreviewed,hk-selection|learner-definition|category|display-reading|curriculum-priority,remaining
斗,1713,1743,"a dipper; unit of volume (ten 升 or litres); Kangxi radical 68; 8th lunar mansion, determinative star φ Sagittarii",numbers,YJ,YJ,5,source-attested-unreviewed,hk-selection|learner-definition|category|display-reading|curriculum-priority,remaining
仙,1714,1744,"Taoist super-being, transcendent, immortal",general,OU,OU,4,source-attested-unreviewed,hk-selection|learner-definition|category|display-reading|curriculum-priority,remaining
兄,1715,1745,elder brother,general,RHU,RU,4,source-attested-unreviewed,hk-selection|learner-definition|category|display-reading|curriculum-priority,remaining
匆,1716,1746,"hastily, in haste, hurriedly",general,PKK,PK,2,source-attested-unreviewed,hk-selection|learner-definition|category|display-reading|curriculum-priority,remaining
吼,1717,1747,"roar, shout; bark, howl",general,RNDU,RU,3,source-attested-unreviewed,hk-selection|learner-definition|category|display-reading|curriculum-priority,remaining
災,1718,1748,"calamity, disaster, catastrophe",general,VVF,VF,2,source-attested-unreviewed,hk-selection|learner-definition|category|display-reading|curriculum-priority,remaining
牲,1719,1749,sacrificial animal; animal,general,HQHQM,HM,2,source-attested-unreviewed,hk-selection|learner-definition|category|display-reading|curriculum-priority,remaining
耐,1720,1750,"endure, bear; resist; patient",general,MBDI,MI,3,source-attested-unreviewed,hk-selection|learner-definition|category|display-reading|curriculum-priority,remaining
捆,1721,1751,"tie up; bind, truss up; bundle",general,QWD,QD,3,source-attested-unreviewed,hk-selection|learner-definition|category|display-reading|curriculum-priority,remaining
淺,1722,1752,"shallow, not deep; superficial",general,EII,EI,6,source-attested-unreviewed,hk-selection|learner-definition|category|display-reading|curriculum-priority,remaining
郭,1723,1753,outer part (of a city); surname,people,YDNL,YL,3,source-attested-unreviewed,hk-selection|learner-definition|category|display-reading|curriculum-priority,remaining
晴,1724,1754,"clear weather, fine weather",general,AQMB,AB,2,source-attested-unreviewed,hk-selection|learner-definition|category|display-reading|curriculum-priority,remaining
智,1725,1755,"wisdom, knowledge, intelligence",general,ORA,OA,2,source-attested-unreviewed,hk-selection|learner-definition|category|display-reading|curriculum-priority,remaining
湧,1726,1756,well up; gush forth; rise,general,ENBS,ES,2,source-attested-unreviewed,hk-selection|learner-definition|category|display-reading|curriculum-priority,remaining
渴,1727,1757,"thirsty, parched; yearn, pine",general,EAPV,EV,5,source-attested-unreviewed,hk-selection|learner-definition|category|display-reading|curriculum-priority,remaining
筋,1728,1758,muscles; tendons,general,HBKS,HS,3,source-attested-unreviewed,hk-selection|learner-definition|category|display-reading|curriculum-priority,remaining
搭,1729,1759,"join together, attach to; add to",general,QTOR,QR,3,source-attested-unreviewed,hk-selection|learner-definition|category|display-reading|curriculum-priority,remaining
裙,1730,1760,"skirt, apron, petticoat",general,LSKR,LR,2,source-attested-unreviewed,hk-selection|learner-definition|category|display-reading|curriculum-priority,remaining
撞,1731,1761,"knock against, bump into, collide",general,QYTG,QG,2,source-attested-unreviewed,hk-selection|learner-definition|category|display-reading|curriculum-priority,remaining
餐,1732,1764,"eat, dine; meal; food",food,YEOIV,YV,3,source-attested-unreviewed,hk-selection|learner-definition|category|display-reading|curriculum-priority,remaining
隱,1733,1765,"hide, conceal; hidden, secret",general,NLBMP,NP,3,source-attested-unreviewed,hk-selection|learner-definition|category|display-reading|curriculum-priority,remaining
爆,1734,1766,"crackle, pop, burst, explode",general,FATE,FE,3,source-attested-unreviewed,hk-selection|learner-definition|category|display-reading|curriculum-priority,remaining
鷹,1735,1767,"eagle, falcon; Accipiter species (various)",general,IOGF,IF,2,source-attested-unreviewed,hk-selection|learner-definition|category|display-reading|curriculum-priority,remaining
勾,1736,1768,"hook, join, connect; entice",general,PI,PI,3,source-attested-unreviewed,hk-selection|learner-definition|category|display-reading|curriculum-priority,remaining
凸,1737,1769,"protrude, bulge out, convex",general,BSS,BS,2,source-attested-unreviewed,hk-selection|learner-definition|category|display-reading|curriculum-priority,remaining
芒,1738,1770,Miscanthus sinensis,general,TYV,TV,5,source-attested-unreviewed,hk-selection|learner-definition|category|display-reading|curriculum-priority,remaining
赤,1739,1771,red; bare; Kangxi radical 155,general,GLNC,GC,3,source-attested-unreviewed,hk-selection|learner-definition|category|display-reading|curriculum-priority,remaining
乳,1740,1772,"breast, nipples; milk, suckle",general,BDU,BU,2,source-attested-unreviewed,hk-selection|learner-definition|category|display-reading|curriculum-priority,remaining
佳,1741,1773,"good, auspicious; beautiful; delightful",general,OGG,OG,2,source-attested-unreviewed,hk-selection|learner-definition|category|display-reading|curriculum-priority,remaining
佩,1742,1774,"belt ornament, pendant; wear at waist, tie to the belt; respect",general,OHNB,OB,2,source-attested-unreviewed,hk-selection|learner-definition|category|display-reading|curriculum-priority,remaining
昏,1743,1775,"dusk, nightfall, twilight, dark",general,HPA,HA,4,source-attested-unreviewed,hk-selection|learner-definition|category|display-reading|curriculum-priority,remaining
洪,1744,1776,"vast, immense; flood, deluge",general,ETC,EC,2,source-attested-unreviewed,hk-selection|learner-definition|category|display-reading|curriculum-priority,remaining
竿,1745,1777,bamboo pole; penis,general,HMJ,HJ,4,source-attested-unreviewed,hk-selection|learner-definition|category|display-reading|curriculum-priority,remaining
哦,1746,1778,oh? really? is that so?,general,RHQI,RI,6,source-attested-unreviewed,hk-selection|learner-definition|category|display-reading|curriculum-priority,remaining
振,1747,1779,"raise, excite, arouse action",general,QMMV,QV,4,source-attested-unreviewed,hk-selection|learner-definition|category|display-reading|curriculum-priority,remaining
秩,1748,1781,order; orderly; salary; decade,general,HDHQO,HO,2,source-attested-unreviewed,hk-selection|learner-definition|category|display-reading|curriculum-priority,remaining
傍,1749,1782,"by side of, beside, near, close",general,OYBS,OS,6,source-attested-unreviewed,hk-selection|learner-definition|category|display-reading|curriculum-priority,remaining
猶,1750,1783,"like, similar to, just like, as",general,KHTCW,KW,3,source-attested-unreviewed,hk-selection|learner-definition|category|display-reading|curriculum-priority,remaining
腔,1751,1784,chest cavity; hollow in body,general,BJCM,BM,3,source-attested-unreviewed,hk-selection|learner-definition|category|display-reading|curriculum-priority,remaining
愁,1752,1785,"anxiety; to worry about, be anxious",general,HFP,HP,4,source-attested-unreviewed,hk-selection|learner-definition|category|display-reading|curriculum-priority,remaining
頑,1753,1786,"obstinate, stubborn; recalcitrant",general,MUMBC,MC,3,source-attested-unreviewed,hk-selection|learner-definition|category|display-reading|curriculum-priority,remaining
疑,1754,1787,"doubt, question, suspect",general,PKNIO,PO,3,source-attested-unreviewed,hk-selection|learner-definition|category|display-reading|curriculum-priority,remaining
賓,1755,1788,"guest, visitor; surname; submit",people,JMHC,JC,2,source-attested-unreviewed,hk-selection|learner-definition|category|display-reading|curriculum-priority,remaining
罷,1756,1789,"cease, finish, stop; give up",actions,WLIBP,WP,7,source-attested-unreviewed,hk-selection|learner-definition|category|display-reading|curriculum-priority,remaining
蔬,1757,1790,"vegetables, greens",general,TNMU,TU,3,source-attested-unreviewed,hk-selection|learner-definition|category|display-reading|curriculum-priority,remaining
蝦,1758,1791,"shrimp, prawn",general,LIRSE,LE,5,source-attested-unreviewed,hk-selection|learner-definition|category|display-reading|curriculum-priority,remaining
擁,1759,1792,"embrace, hug, squeeze; crowd",general,QYVG,QG,2,source-attested-unreviewed,hk-selection|learner-definition|category|display-reading|curriculum-priority,remaining
龜,1760,1793,turtle or tortoise; cuckold; Kangxi radical 213,general,HXU,HU,6,source-attested-unreviewed,hk-selection|learner-definition|category|display-reading|curriculum-priority,remaining
疆,1761,1794,"boundary, border, frontier",general,NGMWM,NM,3,source-attested-unreviewed,hk-selection|learner-definition|category|display-reading|curriculum-priority,remaining
襯,1762,1795,underwear; inner garments,general,LYDU,LU,2,source-attested-unreviewed,hk-selection|learner-definition|category|display-reading|curriculum-priority,remaining
夕,1763,1796,"evening, night, dusk; slanted",general,NI,NI,3,source-attested-unreviewed,hk-selection|learner-definition|category|display-reading|curriculum-priority,remaining
企,1764,1797,plan a project; stand on tiptoe,general,OYLM,OM,2,source-attested-unreviewed,hk-selection|learner-definition|category|display-reading|curriculum-priority,remaining
君,1765,1798,"sovereign, monarch, ruler, chief, prince",general,SKR,SR,2,source-attested-unreviewed,hk-selection|learner-definition|category|display-reading|curriculum-priority,remaining
扶,1766,1799,"support, help; protect; hold on",general,QQO,QO,3,source-attested-unreviewed,hk-selection|learner-definition|category|display-reading|curriculum-priority,remaining
屆,1767,1800,"numerary adjunct for time, term",general,SUG,SG,2,source-attested-unreviewed,hk-selection|learner-definition|category|display-reading|curriculum-priority,remaining
盲,1768,1801,"blind; unperceptive, shortsighted",general,YVBU,YU,2,source-attested-unreviewed,hk-selection|learner-definition|category|display-reading|curriculum-priority,remaining
唐,1769,1802,Tang dynasty; Chinese,general,ILR,IR,2,source-attested-unreviewed,hk-selection|learner-definition|category|display-reading|curriculum-priority,remaining
眠,1770,1803,"close eyes, sleep; hibernate",general,BURVP,BP,4,source-attested-unreviewed,hk-selection|learner-definition|category|display-reading|curriculum-priority,remaining
蚌,1771,1804,"oysters, mussels; mother-of-pearl",people,LIQJ,LJ,5,source-attested-unreviewed,hk-selection|learner-definition|category|display-reading|curriculum-priority,remaining
控,1772,1805,"accuse, charge; control",general,QJCM,QM,4,source-attested-unreviewed,hk-selection|learner-definition|category|display-reading|curriculum-priority,remaining
牽,1773,1806,"drag, pull, lead by hand",general,YVBQ,YQ,3,source-attested-unreviewed,hk-selection|learner-definition|category|display-reading|curriculum-priority,remaining
壺,1774,1807,"jar, pot, jug, vase; surname",people,GBLM,GM,2,source-attested-unreviewed,hk-selection|learner-definition|category|display-reading|curriculum-priority,remaining
援,1775,1808,"aid, assist; lead; cite",general,QBME,QE,4,source-attested-unreviewed,hk-selection|learner-definition|category|display-reading|curriculum-priority,remaining
睜,1776,1809,to open the eyes; stare,general,BUBSD,BD,3,source-attested-unreviewed,hk-selection|learner-definition|category|display-reading|curriculum-priority,remaining
摔,1777,1810,"fall to the ground; stumble, trip",general,QYIJ,QJ,2,source-attested-unreviewed,hk-selection|learner-definition|category|display-reading|curriculum-priority,remaining
暴,1778,1811,"violent, brutal, tyrannical",general,ATCE,AE,5,source-attested-unreviewed,hk-selection|learner-definition|category|display-reading|curriculum-priority,remaining
燦,1779,1812,"vivid, illuminating; bright",general,FYED,FD,2,source-attested-unreviewed,hk-selection|learner-definition|category|display-reading|curriculum-priority,remaining
餵,1780,1813,"to feed, to raise",general,OIWMV,OV,2,source-attested-unreviewed,hk-selection|learner-definition|category|display-reading|curriculum-priority,remaining
蟬,1781,1814,cicada; continuous,general,LIRRJ,LJ,4,source-attested-unreviewed,hk-selection|learner-definition|category|display-reading|curriculum-priority,remaining
蹲,1782,1815,"squat, crouch; idle about",general,RMTWI,RI,9,source-attested-unreviewed,hk-selection|learner-definition|category|display-reading|curriculum-priority,remaining
懸,1783,1816,"hang, suspend, hoist; be hung",general,BFP,BP,2,source-attested-unreviewed,hk-selection|learner-definition|category|display-reading|curriculum-priority,remaining
籬,1784,1817,bamboo or wooden fence; hedge,general,HYBG,HG,3,source-attested-unreviewed,hk-selection|learner-definition|category|display-reading|curriculum-priority,remaining
甩,1785,1818,"throw away, discard",general,BQU,BU,2,source-attested-unreviewed,hk-selection|learner-definition|category|display-reading|curriculum-priority,remaining
乒,1786,1819,(used with 乓) “ping” of “ping pong”,general,OMH,OH,3,source-attested-unreviewed,hk-selection|learner-definition|category|display-reading|curriculum-priority,remaining
乓,1787,1820,(used with 乒) “pong” of “ping pong”,general,OMI,OI,3,source-attested-unreviewed,hk-selection|learner-definition|category|display-reading|curriculum-priority,remaining
肌,1788,1821,muscle tissue; meat on bones,food,BHN,BN,3,source-attested-unreviewed,hk-selection|learner-definition|category|display-reading|curriculum-priority,remaining
坊,1789,1822,"neighborhood, urban subdivision; (J) priest's residence; (Buddhist) priest; boy",general,GYHS,GS,5,source-attested-unreviewed,hk-selection|learner-definition|category|display-reading|curriculum-priority,remaining
夾,1790,1823,be wedged or inserted between,general,KOO,KO,6,source-attested-unreviewed,hk-selection|learner-definition|category|display-reading|curriculum-priority,remaining
扯,1791,1824,"rip up, tear down; raise; haul",general,QYLM,QM,3,source-attested-unreviewed,hk-selection|learner-definition|category|display-reading|curriculum-priority,remaining
庚,1792,1825,7th heavenly stem,general,ILO,IO,2,source-attested-unreviewed,hk-selection|learner-definition|category|display-reading|curriculum-priority,remaining
拐,1793,1826,"kidnap, abduct; turn",general,QRKS,QS,2,source-attested-unreviewed,hk-selection|learner-definition|category|display-reading|curriculum-priority,remaining
舍,1794,1827,"house, dwelling; dwell, reside",general,OMJR,OR,4,source-attested-unreviewed,hk-selection|learner-definition|category|display-reading|curriculum-priority,remaining
阻,1795,1828,"impede, hinder, obstruct; oppose",general,NLBM,NM,3,source-attested-unreviewed,hk-selection|learner-definition|category|display-reading|curriculum-priority,remaining
炸,1796,1829,to fry in oil; to scald; to explode,general,FOS,FS,3,source-attested-unreviewed,hk-selection|learner-definition|category|display-reading|curriculum-priority,remaining
韋,1797,1830,tanned leather; surname; Kangxi radical 178,people,DMRQ,DQ,4,source-attested-unreviewed,hk-selection|learner-definition|category|display-reading|curriculum-priority,remaining
核,1798,1831,"seed, kernel, core, nut; atom",general,DYVO,DO,5,source-attested-unreviewed,hk-selection|learner-definition|category|display-reading|curriculum-priority,remaining
悠,1799,1832,"long, far, remote, distant; leisurely",general,OKP,OP,2,source-attested-unreviewed,hk-selection|learner-definition|category|display-reading|curriculum-priority,remaining
喔,1800,1833,descriptive of crying or of crowing,general,RSMG,RG,7,source-attested-unreviewed,hk-selection|learner-definition|category|display-reading|curriculum-priority,remaining
寓,1801,1834,residence; lodge; dwell,general,JWLB,JB,2,source-attested-unreviewed,hk-selection|learner-definition|category|display-reading|curriculum-priority,remaining
飲,1802,1835,drink; swallow; kind of drink,food,OINO,OO,3,source-attested-unreviewed,hk-selection|learner-definition|category|display-reading|curriculum-priority,remaining
損,1803,1836,diminish; impair; injure; hexagram ䷨,general,QRBC,QC,2,source-attested-unreviewed,hk-selection|learner-definition|category|display-reading|curriculum-priority,remaining
滬,1804,1837,Shanghai; river near Shanghai,general,EHSU,EU,2,source-attested-unreviewed,hk-selection|learner-definition|category|display-reading|curriculum-priority,remaining
槳,1805,1838,"oar, paddle",general,VID,VD,3,source-attested-unreviewed,hk-selection|learner-definition|category|display-reading|curriculum-priority,remaining
蓮,1806,1839,"lotus, water lily; paradise",nature,TYJJ,TJ,3,source-attested-unreviewed,hk-selection|learner-definition|category|display-reading|curriculum-priority,remaining
壇,1807,1840,"altar; arena, examination hall",general,GYWM,GM,5,source-attested-unreviewed,hk-selection|learner-definition|category|display-reading|curriculum-priority,remaining
聶,1808,1841,whisper; surname,people,SJSJJ,SJ,5,source-attested-unreviewed,hk-selection|learner-definition|category|display-reading|curriculum-priority,remaining
扣,1809,1843,"knock, strike, rap, tap; button",general,QR,QR,2,source-attested-unreviewed,hk-selection|learner-definition|category|display-reading|curriculum-priority,remaining
坦,1810,1844,"flat, smooth; self-possessed",general,GAM,GM,2,source-attested-unreviewed,hk-selection|learner-definition|category|display-reading|curriculum-priority,remaining
姓,1811,1845,"one's family name; clan, people",numbers,VHQM,VM,3,source-attested-unreviewed,hk-selection|learner-definition|category|display-reading|curriculum-priority,remaining
孤,1812,1846,"orphan, fatherless; solitary",general,NDHVO,NO,2,source-attested-unreviewed,hk-selection|learner-definition|category|display-reading|curriculum-priority,remaining
彼,1813,1847,"that, there, those",general,HODHE,HE,2,source-attested-unreviewed,hk-selection|learner-definition|category|display-reading|curriculum-priority,remaining
炎,1814,1848,"flame, blaze; hot",general,FF,FF,4,source-attested-unreviewed,hk-selection|learner-definition|category|display-reading|curriculum-priority,remaining
茄,1815,1849,eggplant,general,TKSR,TR,4,source-attested-unreviewed,hk-selection|learner-definition|category|display-reading|curriculum-priority,remaining
捏,1816,1850,pick with fingers; knead; mold,general,QAG,QG,2,source-attested-unreviewed,hk-selection|learner-definition|category|display-reading|curriculum-priority,remaining
純,1817,1851,"pure, clean, simple",general,VFPU,VU,7,source-attested-unreviewed,hk-selection|learner-definition|category|display-reading|curriculum-priority,remaining
授,1818,1852,"give to, transmit; confer",actions,QBBE,QE,2,source-attested-unreviewed,hk-selection|learner-definition|category|display-reading|curriculum-priority,remaining
械,1819,1853,"weapons; implements, instruments",general,DIT,DT,2,source-attested-unreviewed,hk-selection|learner-definition|category|display-reading|curriculum-priority,remaining
淋,1820,1854,"drip, soak, drench; perfectly",general,EDD,ED,4,source-attested-unreviewed,hk-selection|learner-definition|category|display-reading|curriculum-priority,remaining
堡,1821,1855,"fort, fortress; town, village",general,ODG,OG,5,source-attested-unreviewed,hk-selection|learner-definition|category|display-reading|curriculum-priority,remaining
塘,1822,1856,"pond; tank; dike, embankment",general,GILR,GR,2,source-attested-unreviewed,hk-selection|learner-definition|category|display-reading|curriculum-priority,remaining
葵,1823,1857,sunflower; measure,general,TNOK,TK,2,source-attested-unreviewed,hk-selection|learner-definition|category|display-reading|curriculum-priority,remaining
裕,1824,1858,"abundant, rich, plentiful",general,LCOR,LR,2,source-attested-unreviewed,hk-selection|learner-definition|category|display-reading|curriculum-priority,remaining
碳,1825,1859,"carbon (element 6, C)",general,MRUKF,MF,2,source-attested-unreviewed,hk-selection|learner-definition|category|display-reading|curriculum-priority,remaining
潛,1826,1860,"hide; hidden, secret, latent",general,EMUA,EA,2,source-attested-unreviewed,hk-selection|learner-definition|category|display-reading|curriculum-priority,remaining
瘦,1827,1861,"thin, emaciated, lean; meager",general,KHXE,KE,2,source-attested-unreviewed,hk-selection|learner-definition|category|display-reading|curriculum-priority,remaining
鄧,1828,1862,a county in Henan; surname,people,NTNL,NL,2,source-attested-unreviewed,hk-selection|learner-definition|category|display-reading|curriculum-priority,remaining
駕,1829,1863,"to drive, sail, fly; a cart, carriage",general,KRSQF,KF,3,source-attested-unreviewed,hk-selection|learner-definition|category|display-reading|curriculum-priority,remaining
融,1830,1864,"melt, fuse; blend, harmonize",general,MBLMI,MI,2,source-attested-unreviewed,hk-selection|learner-definition|category|display-reading|curriculum-priority,remaining
賴,1831,1865,"rely, depend on; accuse falsely",general,DLNBC,DC,2,source-attested-unreviewed,hk-selection|learner-definition|category|display-reading|curriculum-priority,remaining
勵,1832,1866,strive; encourage,general,MBKS,MS,2,source-attested-unreviewed,hk-selection|learner-definition|category|display-reading|curriculum-priority,remaining
鷗,1833,1867,"seagull, tern; Larus species (various)",general,SRHAF,SF,2,source-attested-unreviewed,hk-selection|learner-definition|category|display-reading|curriculum-priority,remaining
冊,1834,1868,"book, volume",education,BT,BT,2,source-attested-unreviewed,hk-selection|learner-definition|category|display-reading|curriculum-priority,remaining
吊,1835,1869,"condole, mourn, pity; hang",general,RLB,RB,2,source-attested-unreviewed,hk-selection|learner-definition|category|display-reading|curriculum-priority,remaining
伽,1836,1870,"transcription of Sanskrit 'gha' in Buddhist texts ('samgha', etc.); nursing; attending; entertainer (Japanese); temple; in Chinese this character is not used alone",general,OKSR,OR,5,source-attested-unreviewed,hk-selection|learner-definition|category|display-reading|curriculum-priority,remaining
刨,1837,1871,"carpenter's plane; plane, level",general,PULN,PN,3,source-attested-unreviewed,hk-selection|learner-definition|category|display-reading|curriculum-priority,remaining
抒,1838,1872,express; eliminate; relieve,general,QNIN,QN,2,source-attested-unreviewed,hk-selection|learner-definition|category|display-reading|curriculum-priority,remaining
弧,1839,1873,"wooden bow; arc, crescent",general,NHVO,NO,2,source-attested-unreviewed,hk-selection|learner-definition|category|display-reading|curriculum-priority,remaining
哺,1840,1874,chew food; feed,food,RIJB,RB,4,source-attested-unreviewed,hk-selection|learner-definition|category|display-reading|curriculum-priority,remaining
框,1841,1875,frame; framework; door frame,general,DSMG,DG,5,source-attested-unreviewed,hk-selection|learner-definition|category|display-reading|curriculum-priority,remaining
桂,1842,1876,cassia or cinnamon,general,DGG,DG,2,source-attested-unreviewed,hk-selection|learner-definition|category|display-reading|curriculum-priority,remaining
烘,1843,1877,"bake, roast; dry by fire",nature,FTC,FC,3,source-attested-unreviewed,hk-selection|learner-definition|category|display-reading|curriculum-priority,remaining
脆,1844,1878,"crisp; fragile, frail; brittle",general,BNMU,BU,2,source-attested-unreviewed,hk-selection|learner-definition|category|display-reading|curriculum-priority,remaining
脊,1845,1879,"spine, backbone; ridge",general,FCB,FB,4,source-attested-unreviewed,hk-selection|learner-definition|category|display-reading|curriculum-priority,remaining
啄,1846,1880,to peck; (Cant.) to slander,general,RMSO,RO,3,source-attested-unreviewed,hk-selection|learner-definition|category|display-reading|curriculum-priority,remaining
帳,1847,1881,"tent; screen, mosquito net",general,LBSMV,LV,2,source-attested-unreviewed,hk-selection|learner-definition|category|display-reading|curriculum-priority,remaining
曹,1848,1882,ministry officials; surname,people,TWA,TA,2,source-attested-unreviewed,hk-selection|learner-definition|category|display-reading|curriculum-priority,remaining
袖,1849,1883,sleeve; put something in sleeve,general,LLW,LW,2,source-attested-unreviewed,hk-selection|learner-definition|category|display-reading|curriculum-priority,remaining
喘,1850,1884,"pant, gasp, breathe heavily",general,RUMB,RB,2,source-attested-unreviewed,hk-selection|learner-definition|category|display-reading|curriculum-priority,remaining
棚,1851,1885,"tent, awning; booth; shed",general,DBB,DB,3,source-attested-unreviewed,hk-selection|learner-definition|category|display-reading|curriculum-priority,remaining
嗯,1852,1886,final particle,general,RWKP,RP,9,source-attested-unreviewed,hk-selection|learner-definition|category|display-reading|curriculum-priority,remaining
跺,1853,1887,"stamp feet, step",general,RMHND,RD,2,source-attested-unreviewed,hk-selection|learner-definition|category|display-reading|curriculum-priority,remaining
逼,1854,1888,"compel, pressure, force; bother",general,YMRW,YW,2,source-attested-unreviewed,hk-selection|learner-definition|category|display-reading|curriculum-priority,remaining
頌,1855,1889,"laud, acclaim; hymn; ode",general,CIMBC,CC,3,source-attested-unreviewed,hk-selection|learner-definition|category|display-reading|curriculum-priority,remaining
榜,1856,1890,placard; list of successful exam candidates,general,DYBS,DS,5,source-attested-unreviewed,hk-selection|learner-definition|category|display-reading|curriculum-priority,remaining
誌,1857,1891,write down; record; magazine,education,YRGP,YP,2,source-attested-unreviewed,hk-selection|learner-definition|category|display-reading|curriculum-priority,remaining
慰,1858,1892,"comfort, console, calm",general,SIP,SP,2,source-attested-unreviewed,hk-selection|learner-definition|category|display-reading|curriculum-priority,remaining
餓,1859,1893,hungry; greedy for; hunger,general,OIHQI,OI,2,source-attested-unreviewed,hk-selection|learner-definition|category|display-reading|curriculum-priority,remaining
盧,1860,1894,"cottage, hut; surname; black",people,YPWBT,YT,4,source-attested-unreviewed,hk-selection|learner-definition|category|display-reading|curriculum-priority,remaining
遼,1861,1895,"distant, far",general,YKCF,YF,2,source-attested-unreviewed,hk-selection|learner-definition|category|display-reading|curriculum-priority,remaining
遺,1862,1896,lose; articles lost; omit,general,YLMC,YC,5,source-attested-unreviewed,hk-selection|learner-definition|category|display-reading|curriculum-priority,remaining
灌,1863,1897,"pour; water; irrigate, flood",nature,ETRG,EG,3,source-attested-unreviewed,hk-selection|learner-definition|category|display-reading|curriculum-priority,remaining
犧,1864,1898,"sacrifice, give up; sacrificial",actions,HQTGS,HS,3,source-attested-unreviewed,hk-selection|learner-definition|category|display-reading|curriculum-priority,remaining
蔔,1865,1901,radish; other root vegetables,general,TPMW,TW,3,source-attested-unreviewed,hk-selection|learner-definition|category|display-reading|curriculum-priority,remaining
丘,1866,1902,hill; elder; empty; a name,general,OM,OM,2,source-attested-unreviewed,hk-selection|learner-definition|category|display-reading|curriculum-priority,remaining
旦,1867,1903,dawn; morning; day,general,AM,AM,3,source-attested-unreviewed,hk-selection|learner-definition|category|display-reading|curriculum-priority,remaining
旬,1868,1904,ten-day period; period of time,numbers,PA,PA,3,source-attested-unreviewed,hk-selection|learner-definition|category|display-reading|curriculum-priority,remaining
宜,1869,1905,"suitable, right, fitting, proper",general,JBM,JM,3,source-attested-unreviewed,hk-selection|learner-definition|category|display-reading|curriculum-priority,remaining
枚,1870,1906,"stalk of shrub, trunk of tree",general,DOK,DK,2,source-attested-unreviewed,hk-selection|learner-definition|category|display-reading|curriculum-priority,remaining
泊,1871,1907,anchor vessel; lie at anchor,general,EHA,EA,4,source-attested-unreviewed,hk-selection|learner-definition|category|display-reading|curriculum-priority,remaining
芬,1872,1908,"fragrance, aroma; perfume",general,TCSH,TH,2,source-attested-unreviewed,hk-selection|learner-definition|category|display-reading|curriculum-priority,remaining
返,1873,1909,"return, revert to, restore",general,YHE,YE,2,source-attested-unreviewed,hk-selection|learner-definition|category|display-reading|curriculum-priority,remaining
枯,1874,1910,"dried out, withered, decayed",general,DJR,DR,3,source-attested-unreviewed,hk-selection|learner-definition|category|display-reading|curriculum-priority,remaining
郊,1875,1911,"suburbs; waste land, open spaces",general,YKNL,YL,2,source-attested-unreviewed,hk-selection|learner-definition|category|display-reading|curriculum-priority,remaining
凌,1876,1912,pure; virtuous; insult; maltreat,general,IMGCE,IE,3,source-attested-unreviewed,hk-selection|learner-definition|category|display-reading|curriculum-priority,remaining
哼,1877,1913,"hum; sing softly; groan, moan; (Cant.) an interjecting indicating disapproval",general,RYRN,RN,4,source-attested-unreviewed,hk-selection|learner-definition|category|display-reading|curriculum-priority,remaining
峽,1878,1914,"gorge, strait, ravine; isthmus",general,UKOO,UO,2,source-attested-unreviewed,hk-selection|learner-definition|category|display-reading|curriculum-priority,remaining
紡,1879,1915,"spin, reel, weave; reeled pongee",general,VFYHS,VS,4,source-attested-unreviewed,hk-selection|learner-definition|category|display-reading|curriculum-priority,remaining
紗,1880,1916,"gauze, thin silk; yarn, thread",general,VFFH,VH,3,source-attested-unreviewed,hk-selection|learner-definition|category|display-reading|curriculum-priority,remaining
掀,1881,1917,"lift, raise; stir",general,QHLO,QO,3,source-attested-unreviewed,hk-selection|learner-definition|category|display-reading|curriculum-priority,remaining
紮,1882,1918,"tie, fasten, bind",general,DUVIF,DF,3,source-attested-unreviewed,hk-selection|learner-definition|category|display-reading|curriculum-priority,remaining
晰,1883,1919,"clear, evident; clearly",general,ADHL,AL,2,source-attested-unreviewed,hk-selection|learner-definition|category|display-reading|curriculum-priority,remaining
毀,1884,1920,"destroy, ruin, injure; slander",general,HGHNE,HE,2,source-attested-unreviewed,hk-selection|learner-definition|category|display-reading|curriculum-priority,remaining
絹,1885,1921,kind of thick stiff silk,general,VFRB,VB,3,source-attested-unreviewed,hk-selection|learner-definition|category|display-reading|curriculum-priority,remaining
艇,1886,1922,"small boat, dugout, punt",general,HYNKG,HG,3,source-attested-unreviewed,hk-selection|learner-definition|category|display-reading|curriculum-priority,remaining
幣,1887,1923,"currency, coins, legal tender",general,FKLB,FB,2,source-attested-unreviewed,hk-selection|learner-definition|category|display-reading|curriculum-priority,remaining
漆,1888,1924,"varnish, lacquer, paint",general,EDOE,EE,3,source-attested-unreviewed,hk-selection|learner-definition|category|display-reading|curriculum-priority,remaining
餃,1889,1925,stuffed dumplings,general,OIYCK,OK,3,source-attested-unreviewed,hk-selection|learner-definition|category|display-reading|curriculum-priority,remaining
憤,1890,1926,"resent, hate; indignant",general,PJTC,PC,2,source-attested-unreviewed,hk-selection|learner-definition|category|display-reading|curriculum-priority,remaining
賭,1891,1927,"bet, gamble, wager; compete",general,BCJKA,BA,2,source-attested-unreviewed,hk-selection|learner-definition|category|display-reading|curriculum-priority,remaining
踩,1892,1928,step on,general,RMBD,RD,3,source-attested-unreviewed,hk-selection|learner-definition|category|display-reading|curriculum-priority,remaining
蕉,1893,1929,banana; plantain,general,TOGF,TF,4,source-attested-unreviewed,hk-selection|learner-definition|category|display-reading|curriculum-priority,remaining
謀,1894,1930,"plan, scheme; stratagem",general,YRTMD,YD,3,source-attested-unreviewed,hk-selection|learner-definition|category|display-reading|curriculum-priority,remaining
爍,1895,1931,"shine, glitter, sparkle",general,FVID,FD,4,source-attested-unreviewed,hk-selection|learner-definition|category|display-reading|curriculum-priority,remaining
殲,1896,1932,"annihilate, wipe out, kill off",general,MNOIM,MM,2,source-attested-unreviewed,hk-selection|learner-definition|category|display-reading|curriculum-priority,remaining
驕,1897,1933,spirited horse; haughty,general,SFHKB,SB,5,source-attested-unreviewed,hk-selection|learner-definition|category|display-reading|curriculum-priority,remaining
蘿,1898,1934,type of creeping plant; turnip,general,TWLG,TG,2,source-attested-unreviewed,hk-selection|learner-definition|category|display-reading|curriculum-priority,remaining
仇,1899,1936,"enemy, hate, hatred, enmity",general,OKN,ON,6,source-attested-unreviewed,hk-selection|learner-definition|category|display-reading|curriculum-priority,remaining
氏,1900,1937,"clan, family; mister",general,HVP,HP,5,source-attested-unreviewed,hk-selection|learner-definition|category|display-reading|curriculum-priority,remaining
刑,1901,1938,"punishment, penalty; law",general,MTLN,MN,2,source-attested-unreviewed,hk-selection|learner-definition|category|display-reading|curriculum-priority,remaining
私,1902,1939,"private, personal; secret",general,HDI,HI,2,source-attested-unreviewed,hk-selection|learner-definition|category|display-reading|curriculum-priority,remaining
泳,1903,1940,dive; swim,general,EINE,EE,2,source-attested-unreviewed,hk-selection|learner-definition|category|display-reading|curriculum-priority,remaining
恢,1904,1941,"restore; big, great, immense, vast",general,PKF,PF,2,source-attested-unreviewed,hk-selection|learner-definition|category|display-reading|curriculum-priority,remaining
茅,1905,1942,"reeds, rushes, grass; surname",people,TNIH,TH,2,source-attested-unreviewed,hk-selection|learner-definition|category|display-reading|curriculum-priority,remaining
倫,1906,1943,normal human relationships,general,OOMB,OB,2,source-attested-unreviewed,hk-selection|learner-definition|category|display-reading|curriculum-priority,remaining
茹,1907,1944,roots; vegetables; eat; bear,food,TVR,TR,2,source-attested-unreviewed,hk-selection|learner-definition|category|display-reading|curriculum-priority,remaining
寂,1908,1945,"still, silent, quiet; desolate",general,JYFE,JE,2,source-attested-unreviewed,hk-selection|learner-definition|category|display-reading|curriculum-priority,remaining
羞,1909,1946,"disgrace, shame; ashamed; shy",general,TQNG,TG,2,source-attested-unreviewed,hk-selection|learner-definition|category|display-reading|curriculum-priority,remaining
萊,1910,1947,"goosefoot, weed; fallow field",general,TDOO,TO,2,source-attested-unreviewed,hk-selection|learner-definition|category|display-reading|curriculum-priority,remaining
逮,1911,1948,"seize, catch; reach, arrive",general,YLE,YE,5,source-attested-unreviewed,hk-selection|learner-definition|category|display-reading|curriculum-priority,remaining
慈,1912,1949,"kind, charitable, benevolent",general,TVIP,TP,2,source-attested-unreviewed,hk-selection|learner-definition|category|display-reading|curriculum-priority,remaining
孵,1913,1950,"sit on eggs, hatch",general,HHSLD,HD,2,source-attested-unreviewed,hk-selection|learner-definition|category|display-reading|curriculum-priority,remaining
綢,1914,1951,"silk cloth, satin damask",general,VFBGR,VR,4,source-attested-unreviewed,hk-selection|learner-definition|category|display-reading|curriculum-priority,remaining
裳,1915,1952,clothes; skirt; beautiful,general,FBRYV,FV,3,source-attested-unreviewed,hk-selection|learner-definition|category|display-reading|curriculum-priority,remaining
遙,1916,1953,"far away, distant, remote",general,YBOU,YU,2,source-attested-unreviewed,hk-selection|learner-definition|category|display-reading|curriculum-priority,remaining
避,1917,1954,avoid; turn aside; escape; hide,general,YSRJ,YJ,2,source-attested-unreviewed,hk-selection|learner-definition|category|display-reading|curriculum-priority,remaining
隸,1918,1955,be subservient to; servant,general,DFLE,DE,2,source-attested-unreviewed,hk-selection|learner-definition|category|display-reading|curriculum-priority,remaining
懶,1919,1956,"lazy, languid, listless",general,PDLC,PC,3,source-attested-unreviewed,hk-selection|learner-definition|category|display-reading|curriculum-priority,remaining
鵲,1920,1957,magpie; Pica species (various),general,TAHAF,TF,3,source-attested-unreviewed,hk-selection|learner-definition|category|display-reading|curriculum-priority,remaining
纖,1921,1958,"fine, delicate; minute; graceful",general,VFOIM,VM,3,source-attested-unreviewed,hk-selection|learner-definition|category|display-reading|curriculum-priority,remaining
壩,1922,1959,embankment; dam,general,GMBB,GB,2,source-attested-unreviewed,hk-selection|learner-definition|category|display-reading|curriculum-priority,remaining
鹽,1923,1960,salt,general,SWBT,ST,3,source-attested-unreviewed,hk-selection|learner-definition|category|display-reading|curriculum-priority,remaining
窪,1924,1961,hollow; pit; depression; swamp,general,JCEGG,JG,2,source-attested-unreviewed,hk-selection|learner-definition|category|display-reading|curriculum-priority,remaining
勻,1925,1963,"equal, impartially, uniform, even",general,PMM,PM,2,source-attested-unreviewed,hk-selection|learner-definition|category|display-reading|curriculum-priority,remaining
弗,1926,1964,"not, negative",general,LLN,LN,2,source-attested-unreviewed,hk-selection|learner-definition|category|display-reading|curriculum-priority,remaining
匠,1927,1965,"craftsman, artisan; workman",general,SHML,SL,3,source-attested-unreviewed,hk-selection|learner-definition|category|display-reading|curriculum-priority,remaining
忠,1928,1966,"loyalty, devotion, fidelity",general,LP,LP,2,source-attested-unreviewed,hk-selection|learner-definition|category|display-reading|curriculum-priority,remaining
泛,1929,1967,"to drift, float; careless, reckless",general,EHIO,EO,5,source-attested-unreviewed,hk-selection|learner-definition|category|display-reading|curriculum-priority,remaining
邱,1930,1968,surname; hill; mound; grave,people,OMNL,OL,2,source-attested-unreviewed,hk-selection|learner-definition|category|display-reading|curriculum-priority,remaining
削,1931,1969,"scrape off, pare, trim",general,FBLN,FN,5,source-attested-unreviewed,hk-selection|learner-definition|category|display-reading|curriculum-priority,remaining
珊,1932,1970,coral,general,MGBT,MT,2,source-attested-unreviewed,hk-selection|learner-definition|category|display-reading|curriculum-priority,remaining
耍,1933,1971,"frolic, play, amuse, play with",general,MBV,MV,2,source-attested-unreviewed,hk-selection|learner-definition|category|display-reading|curriculum-priority,remaining
悔,1934,1972,"repent, show remorse, regret",general,POWY,PY,2,source-attested-unreviewed,hk-selection|learner-definition|category|display-reading|curriculum-priority,remaining
殊,1935,1973,"different, special, unusual",general,MNHJD,MD,2,source-attested-unreviewed,hk-selection|learner-definition|category|display-reading|curriculum-priority,remaining
唯,1936,1974,only; yes,general,ROG,RG,4,source-attested-unreviewed,hk-selection|learner-definition|category|display-reading|curriculum-priority,remaining
屠,1937,1975,"butcher, slaughter, massacre",general,SJKA,SA,2,source-attested-unreviewed,hk-selection|learner-definition|category|display-reading|curriculum-priority,remaining
崖,1938,1976,"cliff, precipice; precipitous",general,UMGG,UG,2,source-attested-unreviewed,hk-selection|learner-definition|category|display-reading|curriculum-priority,remaining
巢,1939,1977,"nest, living quarter in tree",general,VVWD,VD,3,source-attested-unreviewed,hk-selection|learner-definition|category|display-reading|curriculum-priority,remaining
患,1940,1978,"suffer, worry about; suffering",general,LLP,LP,2,source-attested-unreviewed,hk-selection|learner-definition|category|display-reading|curriculum-priority,remaining
爽,1941,1979,"happy, cheerful; refreshing",general,KKKK,KK,3,source-attested-unreviewed,hk-selection|learner-definition|category|display-reading|curriculum-priority,remaining
瓷,1942,1980,"crockery, porcelain, chinaware",general,IOMVN,IN,2,source-attested-unreviewed,hk-selection|learner-definition|category|display-reading|curriculum-priority,remaining
趁,1943,1981,"take advantage of, avail oneself",actions,GOOHH,GH,6,source-attested-unreviewed,hk-selection|learner-definition|category|display-reading|curriculum-priority,remaining
隆,1944,1982,"prosperous, plentiful, abundant",general,NLHEM,NM,3,source-attested-unreviewed,hk-selection|learner-definition|category|display-reading|curriculum-priority,remaining
嗦,1945,1983,suck,general,RJBF,RF,3,source-attested-unreviewed,hk-selection|learner-definition|category|display-reading|curriculum-priority,remaining
盞,1946,1984,"small cup or container; classifier for lamps, etc.",general,IIBT,IT,2,source-attested-unreviewed,hk-selection|learner-definition|category|display-reading|curriculum-priority,remaining
飼,1947,1985,raise animals; feed; nourish,general,OISMR,OR,2,source-attested-unreviewed,hk-selection|learner-definition|category|display-reading|curriculum-priority,remaining
馳,1948,1986,go quickly or swiftly; hurry,actions,SFPD,SD,2,source-attested-unreviewed,hk-selection|learner-definition|category|display-reading|curriculum-priority,remaining
豪,1949,1987,"brave, heroic, chivalrous",general,YRBO,YO,2,source-attested-unreviewed,hk-selection|learner-definition|category|display-reading|curriculum-priority,remaining
遲,1950,1988,"late, tardy; slow; delay",general,YSEQ,YQ,3,source-attested-unreviewed,hk-selection|learner-definition|category|display-reading|curriculum-priority,remaining
糟,1951,1989,"sediment, dregs; pickle",general,FDTWA,FA,2,source-attested-unreviewed,hk-selection|learner-definition|category|display-reading|curriculum-priority,remaining
翼,1952,1990,"wings; fins on fish; shelter; 27th lunar mansion, determinative star α Crateris (Alkes)",general,SMWTC,SC,2,source-attested-unreviewed,hk-selection|learner-definition|category|display-reading|curriculum-priority,remaining
謎,1953,1991,"riddle, conundrum; puzzle",general,YRYFD,YD,2,source-attested-unreviewed,hk-selection|learner-definition|category|display-reading|curriculum-priority,remaining
邀,1954,1992,"invite, welcome; meet, intercept",general,YHSK,YK,2,source-attested-unreviewed,hk-selection|learner-definition|category|display-reading|curriculum-priority,remaining
黏,1955,1993,"stick to; glutinous, sticky; glue",general,HEYR,HR,4,source-attested-unreviewed,hk-selection|learner-definition|category|display-reading|curriculum-priority,remaining
嚷,1956,1994,"shout, brawl, make uproar, cry",actions,RYRV,RV,4,source-attested-unreviewed,hk-selection|learner-definition|category|display-reading|curriculum-priority,remaining
寸,1957,1995,"inch; small, tiny; Kangxi radical 41",general,DI,DI,4,source-attested-unreviewed,hk-selection|learner-definition|category|display-reading|curriculum-priority,remaining
卵,1958,1996,egg; ovum; roe; spawn,general,HHSLI,HI,3,source-attested-unreviewed,hk-selection|learner-definition|category|display-reading|curriculum-priority,remaining
吵,1959,1997,"argue, dispute; disturb, annoy",general,RFH,RH,5,source-attested-unreviewed,hk-selection|learner-definition|category|display-reading|curriculum-priority,remaining
抖,1960,1998,"tremble, shake, rouse; give shake",actions,QYJ,QJ,2,source-attested-unreviewed,hk-selection|learner-definition|category|display-reading|curriculum-priority,remaining
扮,1961,1999,dress up; dress up as,general,QCSH,QH,7,source-attested-unreviewed,hk-selection|learner-definition|category|display-reading|curriculum-priority,remaining
肢,1962,2000,human limbs; animal feet,general,BJE,BE,3,source-attested-unreviewed,hk-selection|learner-definition|category|display-reading|curriculum-priority,remaining
藉,1963,2001,"mat, pad; rely on; pretext",general,TQDA,TA,4,source-attested-unreviewed,hk-selection|learner-definition|category|display-reading|curriculum-priority,remaining
胳,1964,2002,"armpit, arms",general,BHER,BR,4,source-attested-unreviewed,hk-selection|learner-definition|category|display-reading|curriculum-priority,remaining
訊,1965,2003,inquire; ask; examine; reproach,general,YRNJ,YJ,2,source-attested-unreviewed,hk-selection|learner-definition|category|display-reading|curriculum-priority,remaining
悉,1966,2004,"know, learn about, comprehend",education,HDP,HP,2,source-attested-unreviewed,hk-selection|learner-definition|category|display-reading|curriculum-priority,remaining
番,1967,2005,"to take turns; a turn, a time; to repeat",actions,HDW,HW,10,source-attested-unreviewed,hk-selection|learner-definition|category|display-reading|curriculum-priority,remaining
稀,1968,2006,"rare, unusual, scarce; sparse",general,HDKKB,HB,2,source-attested-unreviewed,hk-selection|learner-definition|category|display-reading|curriculum-priority,remaining
策,1969,2007,"scheme, plan; to whip; urge",general,HDB,HB,2,source-attested-unreviewed,hk-selection|learner-definition|category|display-reading|curriculum-priority,remaining
嫂,1970,2008,"sister-in-law, elder brother's wife",general,VHXE,VE,3,source-attested-unreviewed,hk-selection|learner-definition|category|display-reading|curriculum-priority,remaining
煩,1971,2009,"bother, vex, trouble; troublesome",general,FMBC,FC,3,source-attested-unreviewed,hk-selection|learner-definition|category|display-reading|curriculum-priority,remaining
壽,1972,2010,"old age, long life; lifespan",general,GNMI,GI,2,source-attested-unreviewed,hk-selection|learner-definition|category|display-reading|curriculum-priority,remaining
暫,1973,2011,temporary,general,JLA,JA,2,source-attested-unreviewed,hk-selection|learner-definition|category|display-reading|curriculum-priority,remaining
緣,1974,2012,"hem, margin; reason, cause; karma, fate",general,VFVNO,VO,3,source-attested-unreviewed,hk-selection|learner-definition|category|display-reading|curriculum-priority,remaining
誼,1975,2013,"friendship; appropriate, suitable",general,YRJBM,YM,3,source-attested-unreviewed,hk-selection|learner-definition|category|display-reading|curriculum-priority,remaining
銷,1976,2014,"melt, fuse; market, sell; to pass time, finish, cancel",general,CFB,CB,2,source-attested-unreviewed,hk-selection|learner-definition|category|display-reading|curriculum-priority,remaining
蹄,1977,2015,hoof; horse,general,RMYBB,RB,3,source-attested-unreviewed,hk-selection|learner-definition|category|display-reading|curriculum-priority,remaining
儲,1978,2016,"to save money, store, reserve; an heir",general,OYRA,OA,3,source-attested-unreviewed,hk-selection|learner-definition|category|display-reading|curriculum-priority,remaining
竄,1979,2017,"run away; revise, edit; expel",general,JCHXV,JV,4,source-attested-unreviewed,hk-selection|learner-definition|category|display-reading|curriculum-priority,remaining
吶,1980,2018,"raise voice, yell out loud, shout; stammer",general,ROB,RB,3,source-attested-unreviewed,hk-selection|learner-definition|category|display-reading|curriculum-priority,remaining
吱,1981,2019,"chirping, squeaking, hissing",general,RJE,RE,4,source-attested-unreviewed,hk-selection|learner-definition|category|display-reading|curriculum-priority,remaining
杏,1982,2020,apricot; almond,general,DR,DR,2,source-attested-unreviewed,hk-selection|learner-definition|category|display-reading|curriculum-priority,remaining
併,1983,2021,"combine, annex",general,OTT,OT,3,source-attested-unreviewed,hk-selection|learner-definition|category|display-reading|curriculum-priority,remaining
肺,1984,2022,lungs,general,BJB,BB,3,source-attested-unreviewed,hk-selection|learner-definition|category|display-reading|curriculum-priority,remaining
砌,1985,2023,"to build, pile up; stone steps, brick walk",general,MRPSH,MH,3,source-attested-unreviewed,hk-selection|learner-definition|category|display-reading|curriculum-priority,remaining
趴,1986,2024,"lying prone, leaning over",general,RMC,RC,2,source-attested-unreviewed,hk-selection|learner-definition|category|display-reading|curriculum-priority,remaining
倩,1987,2025,"beautiful, lovely; son-in-law",general,OQMB,OB,3,source-attested-unreviewed,hk-selection|learner-definition|category|display-reading|curriculum-priority,remaining
埃,1988,2026,"fine dust, dirt",general,GIOK,GK,3,source-attested-unreviewed,hk-selection|learner-definition|category|display-reading|curriculum-priority,remaining
畜,1989,2027,"livestock, domestic animals",general,YVIW,YW,3,source-attested-unreviewed,hk-selection|learner-definition|category|display-reading|curriculum-priority,remaining
笆,1990,2028,bamboo fence,general,HAU,HU,3,source-attested-unreviewed,hk-selection|learner-definition|category|display-reading|curriculum-priority,remaining
淹,1991,2029,"drown; cover with liquid, steep",general,EKLU,EU,3,source-attested-unreviewed,hk-selection|learner-definition|category|display-reading|curriculum-priority,remaining
蛇,1992,2030,snake,general,LIJP,LP,6,source-attested-unreviewed,hk-selection|learner-definition|category|display-reading|curriculum-priority,remaining
販,1993,2031,"peddler, hawker, street merchant",general,BCHE,BE,3,source-attested-unreviewed,hk-selection|learner-definition|category|display-reading|curriculum-priority,remaining
貪,1994,2032,"greedy, covet; covetous",general,OINC,OC,2,source-attested-unreviewed,hk-selection|learner-definition|category|display-reading|curriculum-priority,remaining
湯,1995,2033,"hot water; soup, gravy, broth",nature,EAMH,EH,7,source-attested-unreviewed,hk-selection|learner-definition|category|display-reading|curriculum-priority,remaining
焰,1996,2034,"flame, blaze; glowing, blazing",general,FNHX,FX,2,source-attested-unreviewed,hk-selection|learner-definition|category|display-reading|curriculum-priority,remaining
裁,1997,2035,cut out; decrease,general,JIYHV,JV,2,source-attested-unreviewed,hk-selection|learner-definition|category|display-reading|curriculum-priority,remaining
診,1998,2036,"examine patient, diagnose",general,YROHH,YH,2,source-attested-unreviewed,hk-selection|learner-definition|category|display-reading|curriculum-priority,remaining
瑜,1999,2037,flawless gem or jewel,general,MGOMN,MN,2,source-attested-unreviewed,hk-selection|learner-definition|category|display-reading|curriculum-priority,remaining
罩,2000,2038,basket for catching fish; cover,general,WLYAJ,WJ,2,source-attested-unreviewed,hk-selection|learner-definition|category|display-reading|curriculum-priority,remaining
漏,2001,2039,"leak, drip; funnel; hour glass",general,ESMB,EB,3,source-attested-unreviewed,hk-selection|learner-definition|category|display-reading|curriculum-priority,remaining
蓄,2002,2040,"store, save, hoard, gather",general,TYVW,TW,2,source-attested-unreviewed,hk-selection|learner-definition|category|display-reading|curriculum-priority,remaining
閥,2003,2041,powerful and influential group,general,ANOI,AI,2,source-attested-unreviewed,hk-selection|learner-definition|category|display-reading|curriculum-priority,remaining
慧,2004,2043,"bright, intelligent; intelligence",general,QJSMP,QP,2,source-attested-unreviewed,hk-selection|learner-definition|category|display-reading|curriculum-priority,remaining
潭,2005,2044,"deep pool, lake; deep, profound",general,EMWJ,EJ,5,source-attested-unreviewed,hk-selection|learner-definition|category|display-reading|curriculum-priority,remaining
霉,2006,2045,"mildew, mold; moldy, mildewed",general,MBOWY,MY,2,source-attested-unreviewed,hk-selection|learner-definition|category|display-reading|curriculum-priority,remaining
簇,2007,2046,"swarm, crowd together, cluster",general,HYSK,HK,4,source-attested-unreviewed,hk-selection|learner-definition|category|display-reading|curriculum-priority,remaining
謠,2008,2047,"sing; folksong, ballad; rumor",general,YRBOU,YU,2,source-attested-unreviewed,hk-selection|learner-definition|category|display-reading|curriculum-priority,remaining
艦,2009,2048,warship,general,HYSIT,HT,2,source-attested-unreviewed,hk-selection|learner-definition|category|display-reading|curriculum-priority,remaining
丈,2010,2050,"unit of length equal 3.3 meters; gentleman, man, husband",people,JK,JK,2,source-attested-unreviewed,hk-selection|learner-definition|category|display-reading|curriculum-priority,remaining
叉,2011,2051,"crotch; fork, prong",general,EI,EI,6,source-attested-unreviewed,hk-selection|learner-definition|category|display-reading|curriculum-priority,remaining
瓦,2012,2052,tile; earthenware pottery; girl,general,MVNI,MI,4,source-attested-unreviewed,hk-selection|learner-definition|category|display-reading|curriculum-priority,remaining
圾,2013,2053,"garbage, rubbish; shaking; danger",general,GNHE,GE,4,source-attested-unreviewed,hk-selection|learner-definition|category|display-reading|curriculum-priority,remaining
旱,2014,2054,drought; dry; dry land,general,AMJ,AJ,2,source-attested-unreviewed,hk-selection|learner-definition|category|display-reading|curriculum-priority,remaining
垃,2015,2055,"garbage, refuse, waste",general,GYT,GT,4,source-attested-unreviewed,hk-selection|learner-definition|category|display-reading|curriculum-priority,remaining
抹,2016,2056,"smear, apply, wipe off, erase",general,QDJ,QJ,5,source-attested-unreviewed,hk-selection|learner-definition|category|display-reading|curriculum-priority,remaining
冠,2017,2057,"cap, crown, headgear",general,BMUI,BI,4,source-attested-unreviewed,hk-selection|learner-definition|category|display-reading|curriculum-priority,remaining
幽,2018,2058,"quiet, secluded, tranquil; dark",general,UVII,UI,2,source-attested-unreviewed,hk-selection|learner-definition|category|display-reading|curriculum-priority,remaining
恍,2019,2059,seemingly; absent-minded,general,PFMU,PU,3,source-attested-unreviewed,hk-selection|learner-definition|category|display-reading|curriculum-priority,remaining
盈,2020,2060,"fill; full, overflowing; surplus",general,NSBT,NT,2,source-attested-unreviewed,hk-selection|learner-definition|category|display-reading|curriculum-priority,remaining
俱,2021,2061,"all, together; accompany",general,OBMC,OC,3,source-attested-unreviewed,hk-selection|learner-definition|category|display-reading|curriculum-priority,remaining
烤,2022,2062,"bake, roast, toast, cook",general,FJKS,FS,3,source-attested-unreviewed,hk-selection|learner-definition|category|display-reading|curriculum-priority,remaining
狹,2023,2063,"narrow, limited; narrow-minded; to pinch",general,KHKOO,KO,3,source-attested-unreviewed,hk-selection|learner-definition|category|display-reading|curriculum-priority,remaining
荒,2024,2064,"wasteland, desert; uncultivated",general,TYVU,TU,5,source-attested-unreviewed,hk-selection|learner-definition|category|display-reading|curriculum-priority,remaining
宿,2025,2065,"stop, rest, lodge, stay overnight; constellation",general,JOMA,JA,6,source-attested-unreviewed,hk-selection|learner-definition|category|display-reading|curriculum-priority,remaining
捷,2026,2066,"win, victory, triumph",general,QJLO,QO,4,source-attested-unreviewed,hk-selection|learner-definition|category|display-reading|curriculum-priority,remaining
敏,2027,2067,"fast, quick, clever, smart",general,OYOK,OK,2,source-attested-unreviewed,hk-selection|learner-definition|category|display-reading|curriculum-priority,remaining
陪,2028,2068,"accompany, be with, keep company",general,NLYTR,NR,2,source-attested-unreviewed,hk-selection|learner-definition|category|display-reading|curriculum-priority,remaining
喪,2029,2069,mourning; mourn; funeral,general,GRRV,GV,4,source-attested-unreviewed,hk-selection|learner-definition|category|display-reading|curriculum-priority,remaining
愣,2030,2070,be in a daze,general,PWLS,PS,2,source-attested-unreviewed,hk-selection|learner-definition|category|display-reading|curriculum-priority,remaining
棗,2031,2071,"date tree; dates, jujubes; surname",people,DBDB,DB,2,source-attested-unreviewed,hk-selection|learner-definition|category|display-reading|curriculum-priority,remaining
跨,2032,2072,"straddle, bestride, ride; carry",general,RMKMS,RS,6,source-attested-unreviewed,hk-selection|learner-definition|category|display-reading|curriculum-priority,remaining
墓,2033,2073,"grave, tomb",general,TAKG,TG,2,source-attested-unreviewed,hk-selection|learner-definition|category|display-reading|curriculum-priority,remaining
罵,2034,2074,"accuse, blame, curse, scold",general,WLSQF,WF,2,source-attested-unreviewed,hk-selection|learner-definition|category|display-reading|curriculum-priority,remaining
蔗,2035,2075,sugar cane,general,TITF,TF,3,source-attested-unreviewed,hk-selection|learner-definition|category|display-reading|curriculum-priority,remaining
螂,2036,2076,"mantis, dung beetle",general,LIIIL,LL,2,source-attested-unreviewed,hk-selection|learner-definition|category|display-reading|curriculum-priority,remaining
儘,2037,2077,utmost,general,OLMT,OT,3,source-attested-unreviewed,hk-selection|learner-definition|category|display-reading|curriculum-priority,remaining
凝,2038,2078,coagulate; congeal; freeze,general,IMPKO,IO,2,source-attested-unreviewed,hk-selection|learner-definition|category|display-reading|curriculum-priority,remaining
霍,2039,2079,"quickly, suddenly; surname",people,MBOG,MG,4,source-attested-unreviewed,hk-selection|learner-definition|category|display-reading|curriculum-priority,remaining
瞪,2040,2080,stare at,general,BUNOT,BT,3,source-attested-unreviewed,hk-selection|learner-definition|category|display-reading|curriculum-priority,remaining
螳,2041,2081,mantis,general,LIFBG,LG,2,source-attested-unreviewed,hk-selection|learner-definition|category|display-reading|curriculum-priority,remaining
鍋,2042,2082,"cooking-pot, saucepan",general,CBBR,CR,3,source-attested-unreviewed,hk-selection|learner-definition|category|display-reading|curriculum-priority,remaining
韓,2043,2083,fence; surname; Korea,people,JJDMQ,JQ,2,source-attested-unreviewed,hk-selection|learner-definition|category|display-reading|curriculum-priority,remaining
瀑,2044,2084,"waterfall, cascade; heavy rain",nature,EATE,EE,5,source-attested-unreviewed,hk-selection|learner-definition|category|display-reading|curriculum-priority,remaining
攀,2045,2085,climb; pull; hang on to,general,DDKQ,DQ,2,source-attested-unreviewed,hk-selection|learner-definition|category|display-reading|curriculum-priority,remaining
繳,2046,2086,"deliver, submit; hand over",general,VFHSK,VK,6,source-attested-unreviewed,hk-selection|learner-definition|category|display-reading|curriculum-priority,remaining
騙,2047,2087,"swindle, cheat out of, defraud",general,SFHSB,SB,2,source-attested-unreviewed,hk-selection|learner-definition|category|display-reading|curriculum-priority,remaining
攔,2048,2088,"obstruct, impede, bar, hinder",general,QANW,QW,2,source-attested-unreviewed,hk-selection|learner-definition|category|display-reading|curriculum-priority,remaining
鏽,2049,2089,"rust, corrode",general,CLX,CX,2,source-attested-unreviewed,hk-selection|learner-definition|category|display-reading|curriculum-priority,remaining
聾,2050,2090,deaf,general,YPSJ,YJ,2,source-attested-unreviewed,hk-selection|learner-definition|category|display-reading|curriculum-priority,remaining
予,2051,2094,"I, me; to give",actions,NINN,NN,5,source-attested-unreviewed,hk-selection|learner-definition|category|display-reading|curriculum-priority,remaining
幻,2052,2095,"illusion, fantasy, mirage",general,VIS,VS,2,source-attested-unreviewed,hk-selection|learner-definition|category|display-reading|curriculum-priority,remaining
禾,2053,2096,grain still on stalk; rice plant,food,HD,HD,2,source-attested-unreviewed,hk-selection|learner-definition|category|display-reading|curriculum-priority,remaining
污,2054,2097,"filthy, dirty, impure, polluted",general,EMMS,ES,2,source-attested-unreviewed,hk-selection|learner-definition|category|display-reading|curriculum-priority,remaining
吾,2055,2098,"i, my, our; resist, impede",general,MMR,MR,4,source-attested-unreviewed,hk-selection|learner-definition|category|display-reading|curriculum-priority,remaining
呃,2056,2099,belch; hiccup,general,RMSU,RU,5,source-attested-unreviewed,hk-selection|learner-definition|category|display-reading|curriculum-priority,remaining
呂,2057,2100,surname; a musical note,people,RHR,RR,2,source-attested-unreviewed,hk-selection|learner-definition|category|display-reading|curriculum-priority,remaining
杉,2058,2101,various species of pine and fir,general,DHHH,DH,4,source-attested-unreviewed,hk-selection|learner-definition|category|display-reading|curriculum-priority,remaining
禿,2059,2102,"bald, bare, stripped",general,HDHU,HU,2,source-attested-unreviewed,hk-selection|learner-definition|category|display-reading|curriculum-priority,remaining
享,2060,2103,enjoy,general,YRND,YD,2,source-attested-unreviewed,hk-selection|learner-definition|category|display-reading|curriculum-priority,remaining
卷,2061,2104,scroll; curl; make a comeback,actions,FQSU,FU,8,source-attested-unreviewed,hk-selection|learner-definition|category|display-reading|curriculum-priority,remaining
咐,2062,2105,"instruct, order",general,RODI,RI,4,source-attested-unreviewed,hk-selection|learner-definition|category|display-reading|curriculum-priority,remaining
帕,2063,2106,"turban, kerchief, veil; wrap",general,LBHA,LA,3,source-attested-unreviewed,hk-selection|learner-definition|category|display-reading|curriculum-priority,remaining
昂,2064,2107,"rise, raise; proud, bold; upright",general,AHVL,AL,3,source-attested-unreviewed,hk-selection|learner-definition|category|display-reading|curriculum-priority,remaining
杰,2065,2108,"hero; heroic, outstanding",general,DF,DF,2,source-attested-unreviewed,hk-selection|learner-definition|category|display-reading|curriculum-priority,remaining
珀,2066,2109,amber,general,MGHA,MA,2,source-attested-unreviewed,hk-selection|learner-definition|category|display-reading|curriculum-priority,remaining
緻,2067,2110,"delicate, fine; dense",general,VFMGK,VK,2,source-attested-unreviewed,hk-selection|learner-definition|category|display-reading|curriculum-priority,remaining
畝,2068,2111,Chinese land measure; fields,general,YWNO,YO,3,source-attested-unreviewed,hk-selection|learner-definition|category|display-reading|curriculum-priority,remaining
翁,2069,2112,"old man; father, father-in-law",people,CISM,CM,3,source-attested-unreviewed,hk-selection|learner-definition|category|display-reading|curriculum-priority,remaining
脈,2070,2113,"blood vessels, veins, arteries",general,BHHV,BV,2,source-attested-unreviewed,hk-selection|learner-definition|category|display-reading|curriculum-priority,remaining
蚪,2071,2114,tadpole,general,LIYJ,LJ,2,source-attested-unreviewed,hk-selection|learner-definition|category|display-reading|curriculum-priority,remaining
堵,2072,2115,"wall; stop, prevent; stop up",general,GJKA,GA,4,source-attested-unreviewed,hk-selection|learner-definition|category|display-reading|curriculum-priority,remaining
祥,2073,2116,"good luck, good omen; happiness",general,IFTQ,IQ,2,source-attested-unreviewed,hk-selection|learner-definition|category|display-reading|curriculum-priority,remaining
紳,2074,2117,"girdle; tie, bind; gentry",general,VFLWL,VL,2,source-attested-unreviewed,hk-selection|learner-definition|category|display-reading|curriculum-priority,remaining
逝,2075,2118,pass away; die,general,YQHL,YL,2,source-attested-unreviewed,hk-selection|learner-definition|category|display-reading|curriculum-priority,remaining
港,2076,2119,"port, harbor; small stream; bay",general,ETCU,EU,3,source-attested-unreviewed,hk-selection|learner-definition|category|display-reading|curriculum-priority,remaining
琥,2077,2120,jewel in shape of tiger; amber,general,MGYPN,MN,2,source-attested-unreviewed,hk-selection|learner-definition|category|display-reading|curriculum-priority,remaining
廉,2078,2121,"upright, honorable, honest",general,ITXC,IC,2,source-attested-unreviewed,hk-selection|learner-definition|category|display-reading|curriculum-priority,remaining
搏,2079,2122,seize; spring upon; strike,general,QIBI,QI,2,source-attested-unreviewed,hk-selection|learner-definition|category|display-reading|curriculum-priority,remaining
搜,2080,2123,"search, seek; investigate",general,QHXE,QE,6,source-attested-unreviewed,hk-selection|learner-definition|category|display-reading|curriculum-priority,remaining
瑞,2081,2124,felicitous omen; auspicious,general,MGUMB,MB,2,source-attested-unreviewed,hk-selection|learner-definition|category|display-reading|curriculum-priority,remaining
綁,2082,2125,"bind, tie, fasten",general,VFQJL,VL,2,source-attested-unreviewed,hk-selection|learner-definition|category|display-reading|curriculum-priority,remaining
榴,2083,2126,pomegranate,general,DHHW,DW,2,source-attested-unreviewed,hk-selection|learner-definition|category|display-reading|curriculum-priority,remaining
歉,2084,2127,"deficient, lacking, insufficient",general,TCNO,TO,3,source-attested-unreviewed,hk-selection|learner-definition|category|display-reading|curriculum-priority,remaining
儉,2085,2128,"temperate, frugal, economical",general,OOMO,OO,2,source-attested-unreviewed,hk-selection|learner-definition|category|display-reading|curriculum-priority,remaining
撕,2086,2129,"rip, tear; buy cloth",general,QTCL,QL,3,source-attested-unreviewed,hk-selection|learner-definition|category|display-reading|curriculum-priority,remaining
撫,2087,2130,"pat, console, comfort; pacify",general,QOTF,QF,3,source-attested-unreviewed,hk-selection|learner-definition|category|display-reading|curriculum-priority,remaining
蝌,2088,2131,tadpole,general,LIHDJ,LJ,2,source-attested-unreviewed,hk-selection|learner-definition|category|display-reading|curriculum-priority,remaining
懇,2089,2132,"sincere, earnest, cordial",general,BVP,BP,2,source-attested-unreviewed,hk-selection|learner-definition|category|display-reading|curriculum-priority,remaining
檔,2090,2133,"shelf; frame, crosspiece",general,DFBW,DW,3,source-attested-unreviewed,hk-selection|learner-definition|category|display-reading|curriculum-priority,remaining
霜,2091,2134,frost; crystallized; candied,general,MBDBU,MU,2,source-attested-unreviewed,hk-selection|learner-definition|category|display-reading|curriculum-priority,remaining
朦,2092,2135,condition or appearance of moon,nature,BTBO,BO,3,source-attested-unreviewed,hk-selection|learner-definition|category|display-reading|curriculum-priority,remaining
繡,2093,2136,embroider; embroidery; ornament,general,VFLX,VX,2,source-attested-unreviewed,hk-selection|learner-definition|category|display-reading|curriculum-priority,remaining
簽,2094,2137,"sign, endorse; slip of paper",general,HOMO,HO,2,source-attested-unreviewed,hk-selection|learner-definition|category|display-reading|curriculum-priority,remaining
贈,2095,2138,"give present; bestow, confer",actions,BCCWA,BA,2,source-attested-unreviewed,hk-selection|learner-definition|category|display-reading|curriculum-priority,remaining
辭,2096,2139,"words, speech, expression, phrase",general,BBYTJ,BJ,2,source-attested-unreviewed,hk-selection|learner-definition|category|display-reading|curriculum-priority,remaining
嚼,2097,2140,"prattle, be glib",general,RBWI,RI,4,source-attested-unreviewed,hk-selection|learner-definition|category|display-reading|curriculum-priority,remaining
朧,2098,2141,condition or appearance of moon,nature,BYBP,BP,3,source-attested-unreviewed,hk-selection|learner-definition|category|display-reading|curriculum-priority,remaining
饒,2099,2142,"bountiful, abundant, plentiful",general,OIGGU,OU,2,source-attested-unreviewed,hk-selection|learner-definition|category|display-reading|curriculum-priority,remaining
顫,2100,2143,"shiver, tremble; trembling",general,YMMBC,YC,4,source-attested-unreviewed,hk-selection|learner-definition|category|display-reading|curriculum-priority,remaining
尤,2101,2145,"especially, particularly",general,IKU,IU,2,source-attested-unreviewed,hk-selection|learner-definition|category|display-reading|curriculum-priority,remaining
爪,2102,2146,"claw, nail, talon; animal feet",general,HLO,HO,3,source-attested-unreviewed,hk-selection|learner-definition|category|display-reading|curriculum-priority,remaining
戊,2103,2147,5th heavenly stem,general,IH,IH,2,source-attested-unreviewed,hk-selection|learner-definition|category|display-reading|curriculum-priority,remaining
吒,2104,2148,"shout, roar, bellow; scold",general,RHP,RP,3,source-attested-unreviewed,hk-selection|learner-definition|category|display-reading|curriculum-priority,remaining
宏,2105,2149,"wide, spacious, great, vast",general,JKI,JI,2,source-attested-unreviewed,hk-selection|learner-definition|category|display-reading|curriculum-priority,remaining
汪,2106,2150,"vast, extensive, deep; surname",people,EMG,EG,4,source-attested-unreviewed,hk-selection|learner-definition|category|display-reading|curriculum-priority,remaining
甸,2107,2152,suburbs of capital; govern; crops,general,PW,PW,6,source-attested-unreviewed,hk-selection|learner-definition|category|display-reading|curriculum-priority,remaining
簾,2108,2153,"a blind, screen, curtain",general,HITC,HC,2,source-attested-unreviewed,hk-selection|learner-definition|category|display-reading|curriculum-priority,remaining
炕,2109,2154,the brick-bed in northern China,general,FYHN,FN,4,source-attested-unreviewed,hk-selection|learner-definition|category|display-reading|curriculum-priority,remaining
錶,2110,2155,"a watch, clock",general,CQMV,CV,2,source-attested-unreviewed,hk-selection|learner-definition|category|display-reading|curriculum-priority,remaining
亭,2111,2156,pavilion; erect,general,YRBN,YN,2,source-attested-unreviewed,hk-selection|learner-definition|category|display-reading|curriculum-priority,remaining
俗,2112,2157,"social customs; vulgar, unrefined",general,OCOR,OR,2,source-attested-unreviewed,hk-selection|learner-definition|category|display-reading|curriculum-priority,remaining
恆,2113,2158,"constant, regular, persistent; hexagram ䷟",general,PMBM,PM,3,source-attested-unreviewed,hk-selection|learner-definition|category|display-reading|curriculum-priority,remaining
拜,2114,2159,"do obeisance, bow, kowtow",actions,HQMQJ,HJ,2,source-attested-unreviewed,hk-selection|learner-definition|category|display-reading|curriculum-priority,remaining
胎,2115,2160,"unborn child, embryo, fetus",people,BIR,BR,2,source-attested-unreviewed,hk-selection|learner-definition|category|display-reading|curriculum-priority,remaining
衫,2116,2161,shirt; robe; gown; jacket,general,LHHH,LH,2,source-attested-unreviewed,hk-selection|learner-definition|category|display-reading|curriculum-priority,remaining
傢,2117,2162,"stubborn, obstinate, intransigent",general,OJMO,OO,3,source-attested-unreviewed,hk-selection|learner-definition|category|display-reading|curriculum-priority,remaining
疲,2118,2163,"feel tired, be exhausted; weak",general,KDHE,KE,2,source-attested-unreviewed,hk-selection|learner-definition|category|display-reading|curriculum-priority,remaining
陡,2119,2164,"steep, sloping; abruptly, sudden",general,NLGYO,NO,2,source-attested-unreviewed,hk-selection|learner-definition|category|display-reading|curriculum-priority,remaining
陝,2120,2165,mountain pass; Shaanxi province,nature,NLKOO,NO,2,source-attested-unreviewed,hk-selection|learner-definition|category|display-reading|curriculum-priority,remaining
悼,2121,2166,"grieve, mourn, lament; grieved",general,PYAJ,PJ,2,source-attested-unreviewed,hk-selection|learner-definition|category|display-reading|curriculum-priority,remaining
梢,2122,2167,pointed tip of something long like a branch; rudder,general,DFB,DB,4,source-attested-unreviewed,hk-selection|learner-definition|category|display-reading|curriculum-priority,remaining
淮,2123,2168,river in Anhui province,general,EOG,EG,2,source-attested-unreviewed,hk-selection|learner-definition|category|display-reading|curriculum-priority,remaining
惑,2124,2169,"confuse, mislead, baffle; doubt",general,IMP,IP,3,source-attested-unreviewed,hk-selection|learner-definition|category|display-reading|curriculum-priority,remaining
敦,2125,2170,"esteem; honest, candid, sincere",general,YDOK,YK,13,source-attested-unreviewed,hk-selection|learner-definition|category|display-reading|curriculum-priority,remaining
椎,2126,2171,"hammer, mallet; vertebra",general,DOG,DG,4,source-attested-unreviewed,hk-selection|learner-definition|category|display-reading|curriculum-priority,remaining
湊,2127,2172,"piece together, assemble",general,EQKK,EK,2,source-attested-unreviewed,hk-selection|learner-definition|category|display-reading|curriculum-priority,remaining
鬚,2128,2173,"beard, whiskers; whisker-like",general,SHHHC,SC,2,source-attested-unreviewed,hk-selection|learner-definition|category|display-reading|curriculum-priority,remaining
嗚,2129,2174,"sound of crying, sobbing",general,RHRF,RF,3,source-attested-unreviewed,hk-selection|learner-definition|category|display-reading|curriculum-priority,remaining
滔,2130,2175,"overflow; rushing water, a torrent",nature,EBHX,EX,2,source-attested-unreviewed,hk-selection|learner-definition|category|display-reading|curriculum-priority,remaining
碌,2131,2176,"rough, uneven, rocky; mediocre",general,MRNME,ME,5,source-attested-unreviewed,hk-selection|learner-definition|category|display-reading|curriculum-priority,remaining
瘋,2132,2177,"crazy, insane, mentally ill",general,KHNI,KI,2,source-attested-unreviewed,hk-selection|learner-definition|category|display-reading|curriculum-priority,remaining
頗,2133,2178,"lean one side; very, rather",numbers,DEMBC,DC,6,source-attested-unreviewed,hk-selection|learner-definition|category|display-reading|curriculum-priority,remaining
嘯,2134,2179,"roar, howl, scream; whistle",general,RLX,RX,3,source-attested-unreviewed,hk-selection|learner-definition|category|display-reading|curriculum-priority,remaining
樁,2135,2180,"stake, post; affair, matter",general,DQKX,DX,3,source-attested-unreviewed,hk-selection|learner-definition|category|display-reading|curriculum-priority,remaining
皺,2136,2181,"wrinkles, creases, folds",general,PUDHE,PE,3,source-attested-unreviewed,hk-selection|learner-definition|category|display-reading|curriculum-priority,remaining
褲,2137,2183,"trousers, pants",general,LIJJ,LJ,2,source-attested-unreviewed,hk-selection|learner-definition|category|display-reading|curriculum-priority,remaining
諺,2138,2184,"proverb, maxim",general,YRYHH,YH,2,source-attested-unreviewed,hk-selection|learner-definition|category|display-reading|curriculum-priority,remaining
隧,2139,2185,"tunnel, underground passageway, path to a tomb",general,NLYTO,NO,3,source-attested-unreviewed,hk-selection|learner-definition|category|display-reading|curriculum-priority,remaining
櫃,2140,2186,"cupboard, wardrobe, counter",general,DSLC,DC,2,source-attested-unreviewed,hk-selection|learner-definition|category|display-reading|curriculum-priority,remaining
攏,2141,2187,"collect, bring together",general,QYBP,QP,2,source-attested-unreviewed,hk-selection|learner-definition|category|display-reading|curriculum-priority,remaining
簷,2142,2188,eaves of house; brim,general,HNCR,HR,2,source-attested-unreviewed,hk-selection|learner-definition|category|display-reading|curriculum-priority,remaining
壤,2143,2189,"soil, loam, earth; rich",nature,GYRV,GV,2,source-attested-unreviewed,hk-selection|learner-definition|category|display-reading|curriculum-priority,remaining
蘆,2144,2190,"rushes, reeds",general,TYPT,TT,3,source-attested-unreviewed,hk-selection|learner-definition|category|display-reading|curriculum-priority,remaining
攪,2145,2191,"disturb, agitate, stir up",general,QHBU,QU,2,source-attested-unreviewed,hk-selection|learner-definition|category|display-reading|curriculum-priority,remaining
于,2146,2193,"in, on, at; go to; surname",people,MD,MD,5,source-attested-unreviewed,hk-selection|learner-definition|category|display-reading|curriculum-priority,remaining
匈,2147,2194,"breast, chest, thorax; clamor; the Hsiung Nu 'Huns'",general,PUK,PK,2,source-attested-unreviewed,hk-selection|learner-definition|category|display-reading|curriculum-priority,remaining
吞,2148,2195,"swallow; absorb, annex, engulf",general,MKR,MR,3,source-attested-unreviewed,hk-selection|learner-definition|category|display-reading|curriculum-priority,remaining
邦,2149,2196,"nation, country, state",general,QJNL,QL,2,source-attested-unreviewed,hk-selection|learner-definition|category|display-reading|curriculum-priority,remaining
颳,2150,2197,to blow,general,HNHJR,HR,3,source-attested-unreviewed,hk-selection|learner-definition|category|display-reading|curriculum-priority,remaining
卓,2151,2198,"profound, brilliant, lofty",general,YAJ,YJ,3,source-attested-unreviewed,hk-selection|learner-definition|category|display-reading|curriculum-priority,remaining
拋,2152,2199,"throw (away), abandon, reject",general,QKUS,QS,2,source-attested-unreviewed,hk-selection|learner-definition|category|display-reading|curriculum-priority,remaining
氛,2153,2200,"gas, vapor, air",general,ONCSH,OH,2,source-attested-unreviewed,hk-selection|learner-definition|category|display-reading|curriculum-priority,remaining
芝,2154,2201,sesame; a purplish or brown mushroom thought to have miraculous powers; 'a divine and felicitous plant' (Karlgren),general,TINO,TO,2,source-attested-unreviewed,hk-selection|learner-definition|category|display-reading|curriculum-priority,remaining
哄,2155,2202,"coax; beguile, cheat, deceive",general,RTC,RC,5,source-attested-unreviewed,hk-selection|learner-definition|category|display-reading|curriculum-priority,remaining
怨,2156,2203,"hatred, enmity, resentment",general,NUP,NP,4,source-attested-unreviewed,hk-selection|learner-definition|category|display-reading|curriculum-priority,remaining
洶,2157,2204,"the rush of water; turbulent; noisy, restless",nature,EPUK,EK,2,source-attested-unreviewed,hk-selection|learner-definition|category|display-reading|curriculum-priority,remaining
剝,2158,2205,"peel, peel off, to shell, strip; hexagram ䷖",general,VELN,VN,2,source-attested-unreviewed,hk-selection|learner-definition|category|display-reading|curriculum-priority,remaining
捐,2159,2206,"contribute; give up, renounce",actions,QRB,QB,3,source-attested-unreviewed,hk-selection|learner-definition|category|display-reading|curriculum-priority,remaining
浸,2160,2207,"soak, immerse, dip, percolate",general,ESME,EE,3,source-attested-unreviewed,hk-selection|learner-definition|category|display-reading|curriculum-priority,remaining
眨,2161,2208,wink,general,BUHIO,BO,2,source-attested-unreviewed,hk-selection|learner-definition|category|display-reading|curriculum-priority,remaining
窄,2162,2209,"narrow, tight; narrow-minded",general,JCOS,JS,2,source-attested-unreviewed,hk-selection|learner-definition|category|display-reading|curriculum-priority,remaining
羔,2163,2210,"lamb, kid",general,TGF,TF,2,source-attested-unreviewed,hk-selection|learner-definition|category|display-reading|curriculum-priority,remaining
脅,2164,2211,ribs; armpits; flank; threaten,general,KSKSB,KB,4,source-attested-unreviewed,hk-selection|learner-definition|category|display-reading|curriculum-priority,remaining
執,2165,2212,hold in hand; keep; carry out,general,GJKNI,GI,2,source-attested-unreviewed,hk-selection|learner-definition|category|display-reading|curriculum-priority,remaining
寄,2166,2213,"send, transmit, mail; rely on",general,JKMR,JR,2,source-attested-unreviewed,hk-selection|learner-definition|category|display-reading|curriculum-priority,remaining
措,2167,2214,"place; collect, arrange; employ",general,QTA,QA,4,source-attested-unreviewed,hk-selection|learner-definition|category|display-reading|curriculum-priority,remaining
揉,2168,2215,"rub, massage; crush by hand",general,QNHD,QD,2,source-attested-unreviewed,hk-selection|learner-definition|category|display-reading|curriculum-priority,remaining
菌,2169,2216,"mushroom; germ, microbe",general,TWHD,TD,3,source-attested-unreviewed,hk-selection|learner-definition|category|display-reading|curriculum-priority,remaining
菊,2170,2217,chrysanthemum,general,TPFD,TD,2,source-attested-unreviewed,hk-selection|learner-definition|category|display-reading|curriculum-priority,remaining
楓,2171,2218,maple tree,general,DHNI,DI,3,source-attested-unreviewed,hk-selection|learner-definition|category|display-reading|curriculum-priority,remaining
祿,2172,2219,"blessing, happiness, prosperity",general,IFVNE,IE,2,source-attested-unreviewed,hk-selection|learner-definition|category|display-reading|curriculum-priority,remaining
腸,2173,2220,intestines; emotions; sausage,general,BAMH,BH,2,source-attested-unreviewed,hk-selection|learner-definition|category|display-reading|curriculum-priority,remaining
慘,2174,2221,"sad, pitiful, wretched; cruel",general,PIIH,PH,2,source-attested-unreviewed,hk-selection|learner-definition|category|display-reading|curriculum-priority,remaining
裹,2175,2222,"wrap, bind; encircle, confine",general,YWDV,YV,2,source-attested-unreviewed,hk-selection|learner-definition|category|display-reading|curriculum-priority,remaining
翩,2176,2223,"fly, flutter",general,HBSMM,HM,2,source-attested-unreviewed,hk-selection|learner-definition|category|display-reading|curriculum-priority,remaining
趟,2177,2224,"time, occasion; take journey",actions,GOFBR,GR,6,source-attested-unreviewed,hk-selection|learner-definition|category|display-reading|curriculum-priority,remaining
踐,2178,2225,"trample, tread upon, walk on",general,RMII,RI,3,source-attested-unreviewed,hk-selection|learner-definition|category|display-reading|curriculum-priority,remaining
醉,2179,2226,"intoxicated, drunk; addicted to",general,MWYOJ,MJ,2,source-attested-unreviewed,hk-selection|learner-definition|category|display-reading|curriculum-priority,remaining
鴉,2180,2227,"crow, raven; Corvus species (various)",general,MHHAF,MF,3,source-attested-unreviewed,hk-selection|learner-definition|category|display-reading|curriculum-priority,remaining
彝,2181,2228,"Yi (nationality); tripod, wine vessel; rule",general,VMFFT,VT,2,source-attested-unreviewed,hk-selection|learner-definition|category|display-reading|curriculum-priority,remaining
濺,2182,2229,"sprinkle, spray; spill, splash",general,EBCI,EI,5,source-attested-unreviewed,hk-selection|learner-definition|category|display-reading|curriculum-priority,remaining
鵬,2183,2230,fabulous bird of enormous size,general,BBHF,BF,3,source-attested-unreviewed,hk-selection|learner-definition|category|display-reading|curriculum-priority,remaining
籍,2184,2231,"record, register, list; census",general,HQDA,HA,3,source-attested-unreviewed,hk-selection|learner-definition|category|display-reading|curriculum-priority,remaining
鶴,2185,2232,crane; Grus species (various),general,JGHAF,JF,2,source-attested-unreviewed,hk-selection|learner-definition|category|display-reading|curriculum-priority,remaining
髒,2186,2233,dirty; firm; fat,general,BBTMT,BT,4,source-attested-unreviewed,hk-selection|learner-definition|category|display-reading|curriculum-priority,remaining
廳,2187,2234,"hall, central room",general,ISGP,IP,3,source-attested-unreviewed,hk-selection|learner-definition|category|display-reading|curriculum-priority,remaining
驢,2188,2235,"donkey, ass",general,SFYPT,ST,3,source-attested-unreviewed,hk-selection|learner-definition|category|display-reading|curriculum-priority,remaining
鬱,2189,2236,"luxuriant; dense, thick; moody",general,DDBUH,DH,2,source-attested-unreviewed,hk-selection|learner-definition|category|display-reading|curriculum-priority,remaining
匡,2190,2238,"correct, restore, revise",general,SMG,SG,3,source-attested-unreviewed,hk-selection|learner-definition|category|display-reading|curriculum-priority,remaining
巫,2191,2239,"wizard, sorcerer, witch, shaman",general,MOO,MO,2,source-attested-unreviewed,hk-selection|learner-definition|category|display-reading|curriculum-priority,remaining
瀋,2192,2240,"juice; liquid; water; leak, pour",nature,EJHW,EW,4,source-attested-unreviewed,hk-selection|learner-definition|category|display-reading|curriculum-priority,remaining
拂,2193,2241,"shake off, brush away; dust",general,QLLN,QN,5,source-attested-unreviewed,hk-selection|learner-definition|category|display-reading|curriculum-priority,remaining
咽,2194,2242,throat; pharynx,general,RWK,RK,6,source-attested-unreviewed,hk-selection|learner-definition|category|display-reading|curriculum-priority,remaining
咧,2195,2243,"stretch mouth, grimace, grin",general,RMNN,RN,8,source-attested-unreviewed,hk-selection|learner-definition|category|display-reading|curriculum-priority,remaining
垮,2196,2244,"be defeated, fail, collapse",general,GKMS,GS,2,source-attested-unreviewed,hk-selection|learner-definition|category|display-reading|curriculum-priority,remaining
恨,2197,2245,"hatred, dislike; resent, hate",general,PAV,PV,2,source-attested-unreviewed,hk-selection|learner-definition|category|display-reading|curriculum-priority,remaining
洛,2198,2246,river in Shanxi province; city,general,EHER,ER,3,source-attested-unreviewed,hk-selection|learner-definition|category|display-reading|curriculum-priority,remaining
炭,2199,2247,charcoal; coal; carbon,general,UKF,UF,2,source-attested-unreviewed,hk-selection|learner-definition|category|display-reading|curriculum-priority,remaining
籽,2200,2248,"seed, pip, pit, stone",general,FDND,FD,2,source-attested-unreviewed,hk-selection|learner-definition|category|display-reading|curriculum-priority,remaining
俯,2201,2249,"bow down, face down, look down",general,OIOI,OI,2,source-attested-unreviewed,hk-selection|learner-definition|category|display-reading|curriculum-priority,remaining
拳,2202,2250,fist; various forms of boxing,general,FQQ,FQ,2,source-attested-unreviewed,hk-selection|learner-definition|category|display-reading|curriculum-priority,remaining
桅,2203,2251,mast of ship,general,DNMU,DU,3,source-attested-unreviewed,hk-selection|learner-definition|category|display-reading|curriculum-priority,remaining
浴,2204,2252,"bathe, wash; bath",general,ECOR,ER,2,source-attested-unreviewed,hk-selection|learner-definition|category|display-reading|curriculum-priority,remaining
耗,2205,2253,"consume, use up; waste, squander",general,QDHQU,QU,4,source-attested-unreviewed,hk-selection|learner-definition|category|display-reading|curriculum-priority,remaining
茸,2206,2254,"soft, downy; buds, sprouts",general,TSJ,TJ,5,source-attested-unreviewed,hk-selection|learner-definition|category|display-reading|curriculum-priority,remaining
勘,2207,2255,investigate; compare; collate,general,TVKS,TS,3,source-attested-unreviewed,hk-selection|learner-definition|category|display-reading|curriculum-priority,remaining
掘,2208,2256,"dig, excavate; excavate cave",general,QSUU,QU,3,source-attested-unreviewed,hk-selection|learner-definition|category|display-reading|curriculum-priority,remaining
疏,2209,2257,"neglect; careless, lax",general,NMYIU,NU,3,source-attested-unreviewed,hk-selection|learner-definition|category|display-reading|curriculum-priority,remaining
揭,2210,2258,"raise, lift up; surname",people,QAPV,QV,4,source-attested-unreviewed,hk-selection|learner-definition|category|display-reading|curriculum-priority,remaining
絡,2211,2259,"enmesh, wrap around; web, net",general,VFHER,VR,3,source-attested-unreviewed,hk-selection|learner-definition|category|display-reading|curriculum-priority,remaining
盟,2212,2260,"swear; oath, covenant, alliance",general,ABBT,AT,3,source-attested-unreviewed,hk-selection|learner-definition|category|display-reading|curriculum-priority,remaining
跪,2213,2261,kneel,general,RMNMU,RU,2,source-attested-unreviewed,hk-selection|learner-definition|category|display-reading|curriculum-priority,remaining
徹,2214,2262,"penetrate, pervade; penetrating",general,HOYBK,HK,2,source-attested-unreviewed,hk-selection|learner-definition|category|display-reading|curriculum-priority,remaining
膊,2215,2263,"shoulders, upper arms",general,BIBI,BI,5,source-attested-unreviewed,hk-selection|learner-definition|category|display-reading|curriculum-priority,remaining
濛,2216,2264,"drizzling, misty, raining",general,ETBO,EO,2,source-attested-unreviewed,hk-selection|learner-definition|category|display-reading|curriculum-priority,remaining
隙,2217,2265,"crack, split, fissure; grudge",general,NLFAF,NF,3,source-attested-unreviewed,hk-selection|learner-definition|category|display-reading|curriculum-priority,remaining
墜,2218,2266,"fall down, drop, sink, go to ruin",actions,NOG,NG,2,source-attested-unreviewed,hk-selection|learner-definition|category|display-reading|curriculum-priority,remaining
廚,2219,2267,kitchen; closet; cupboard,general,IGTI,II,3,source-attested-unreviewed,hk-selection|learner-definition|category|display-reading|curriculum-priority,remaining
慮,2220,2268,"be concerned, worry about",general,YPWP,YP,3,source-attested-unreviewed,hk-selection|learner-definition|category|display-reading|curriculum-priority,remaining
憂,2221,2269,"sad, grieved; grief, melancholy",general,MBPHE,ME,2,source-attested-unreviewed,hk-selection|learner-definition|category|display-reading|curriculum-priority,remaining
遷,2222,2270,"move, shift, change; transfer",general,YMWU,YU,2,source-attested-unreviewed,hk-selection|learner-definition|category|display-reading|curriculum-priority,remaining
鋤,2223,2271,hoe; eradicate,general,CBMS,CS,3,source-attested-unreviewed,hk-selection|learner-definition|category|display-reading|curriculum-priority,remaining
冀,2224,2272,hope for; wish; Hebei province,general,LPWTC,LC,2,source-attested-unreviewed,hk-selection|learner-definition|category|display-reading|curriculum-priority,remaining
翰,2225,2273,"writing brush, pen, pencil",general,JJOSM,JM,2,source-attested-unreviewed,hk-selection|learner-definition|category|display-reading|curriculum-priority,remaining
擬,2226,2274,"draft; intend, plan, propose",general,QPKO,QO,2,source-attested-unreviewed,hk-selection|learner-definition|category|display-reading|curriculum-priority,remaining
濘,2227,2275,"mud; miry, muddy, stagnant",general,EJPN,EN,4,source-attested-unreviewed,hk-selection|learner-definition|category|display-reading|curriculum-priority,remaining
虧,2228,2276,"lose, fail; damage; deficient",general,YGMMS,YS,2,source-attested-unreviewed,hk-selection|learner-definition|category|display-reading|curriculum-priority,remaining
簧,2229,2277,reed of woodwind instrument,general,HTLC,HC,2,source-attested-unreviewed,hk-selection|learner-definition|category|display-reading|curriculum-priority,remaining
薩,2230,2278,"transliteration of 'sat' in 'bodhisattva,' etc.",general,TNLM,TM,2,source-attested-unreviewed,hk-selection|learner-definition|category|display-reading|curriculum-priority,remaining
襲,2231,2279,"raid, attack; inherit",general,YPYHV,YV,2,source-attested-unreviewed,hk-selection|learner-definition|category|display-reading|curriculum-priority,remaining
丫,2232,2282,forked; bifurcation,general,CL,CL,2,source-attested-unreviewed,hk-selection|learner-definition|category|display-reading|curriculum-priority,remaining
冉,2233,2283,tender; weak; proceed gradually,general,GB,GB,4,source-attested-unreviewed,hk-selection|learner-definition|category|display-reading|curriculum-priority,remaining
臣,2234,2284,"minister, statesman, official; Kangxi radical 131",general,SLSL,SL,2,source-attested-unreviewed,hk-selection|learner-definition|category|display-reading|curriculum-priority,remaining
舌,2235,2285,tongue; clapper of bell; Kangxi radical 135,general,HJR,HR,3,source-attested-unreviewed,hk-selection|learner-definition|category|display-reading|curriculum-priority,remaining
吟,2236,2286,"sing, hum; recite; type of poetry",general,ROIN,RN,4,source-attested-unreviewed,hk-selection|learner-definition|category|display-reading|curriculum-priority,remaining
盯,2237,2287,"rivet gaze upon, keep eyes on",general,BUMN,BN,4,source-attested-unreviewed,hk-selection|learner-definition|category|display-reading|curriculum-priority,remaining
巡,2238,2288,"patrol, go on circuit, cruise",actions,YVVV,YV,4,source-attested-unreviewed,hk-selection|learner-definition|category|display-reading|curriculum-priority,remaining
乖,2239,2289,"rebel; crafty, shrewd",general,HJLP,HP,2,source-attested-unreviewed,hk-selection|learner-definition|category|display-reading|curriculum-priority,remaining
奉,2240,2290,offer; receive; serve; respect,general,QKQ,QQ,2,source-attested-unreviewed,hk-selection|learner-definition|category|display-reading|curriculum-priority,remaining
宗,2241,2291,"lineage, ancestry; ancestor, clan",general,JMMF,JF,3,source-attested-unreviewed,hk-selection|learner-definition|category|display-reading|curriculum-priority,remaining
盼,2242,2293,"look, gaze; expect, hope for",general,BUCSH,BH,3,source-attested-unreviewed,hk-selection|learner-definition|category|display-reading|curriculum-priority,remaining
屑,2243,2294,"bits, scraps, crumbs, fragments",general,SFB,SB,2,source-attested-unreviewed,hk-selection|learner-definition|category|display-reading|curriculum-priority,remaining
泰,2244,2295,"great, exalted, superior; big; hexagram ䷊",general,QKE,QE,2,source-attested-unreviewed,hk-selection|learner-definition|category|display-reading|curriculum-priority,remaining
匙,2245,2296,spoon; surname,people,AOP,AP,4,source-attested-unreviewed,hk-selection|learner-definition|category|display-reading|curriculum-priority,remaining
曼,2246,2297,"long, extended, vast; beautiful",general,AWLE,AE,2,source-attested-unreviewed,hk-selection|learner-definition|category|display-reading|curriculum-priority,remaining
啞,2247,2298,"dumb, mute; become hoarse",general,RMLM,RM,6,source-attested-unreviewed,hk-selection|learner-definition|category|display-reading|curriculum-priority,remaining
掩,2248,2299,"to cover (with the hand); shut, conceal; ambush",general,QKLU,QU,3,source-attested-unreviewed,hk-selection|learner-definition|category|display-reading|curriculum-priority,remaining
斬,2249,2300,"cut, chop, sever; behead",general,JJHML,JL,3,source-attested-unreviewed,hk-selection|learner-definition|category|display-reading|curriculum-priority,remaining
荸,2250,2301,water chestnut,nature,TJBD,TD,2,source-attested-unreviewed,hk-selection|learner-definition|category|display-reading|curriculum-priority,remaining
欺,2251,2302,"cheat, double-cross, deceive",general,TCNO,TO,2,source-attested-unreviewed,hk-selection|learner-definition|category|display-reading|curriculum-priority,remaining
湃,2252,2303,sound of waves; turbulent,general,EHQJ,EJ,4,source-attested-unreviewed,hk-selection|learner-definition|category|display-reading|curriculum-priority,remaining
琪,2253,2304,type of jade,general,MGTMC,MC,2,source-attested-unreviewed,hk-selection|learner-definition|category|display-reading|curriculum-priority,remaining
鈍,2254,2305,"blunt, obtuse; dull; flat; dull-witted",general,CPU,CU,2,source-attested-unreviewed,hk-selection|learner-definition|category|display-reading|curriculum-priority,remaining
匯,2255,2306,"a concourse; to flow together, gather together; (same as 滙) to remit money",general,SEOG,SG,2,source-attested-unreviewed,hk-selection|learner-definition|category|display-reading|curriculum-priority,remaining
賈,2256,2307,"surname; merchant; buy, trade",people,MWBUC,MC,5,source-attested-unreviewed,hk-selection|learner-definition|category|display-reading|curriculum-priority,remaining
凳,2257,2308,bench; stool,general,NTHN,NN,2,source-attested-unreviewed,hk-selection|learner-definition|category|display-reading|curriculum-priority,remaining
漾,2258,2309,"overflow; swirl, ripple; to be tossed by waves",general,ETGE,EE,2,source-attested-unreviewed,hk-selection|learner-definition|category|display-reading|curriculum-priority,remaining
漲,2259,2310,rise in price,general,ENSV,EV,5,source-attested-unreviewed,hk-selection|learner-definition|category|display-reading|curriculum-priority,remaining
監,2260,2311,"supervise, control, direct",general,SIBT,ST,5,source-attested-unreviewed,hk-selection|learner-definition|category|display-reading|curriculum-priority,remaining
褂,2261,2312,"jacket, overcoat, coat; gown",general,LGGY,LY,3,source-attested-unreviewed,hk-selection|learner-definition|category|display-reading|curriculum-priority,remaining
辣,2262,2313,"peppery, pungent, hot; cruel",general,YJDL,YL,2,source-attested-unreviewed,hk-selection|learner-definition|category|display-reading|curriculum-priority,remaining
慕,2263,2314,"long for, desire; admire",general,TAKP,TP,2,source-attested-unreviewed,hk-selection|learner-definition|category|display-reading|curriculum-priority,remaining
撈,2264,2315,"scoop out of water; dredge, fish",nature,QFFS,QS,3,source-attested-unreviewed,hk-selection|learner-definition|category|display-reading|curriculum-priority,remaining
澎,2265,2316,splatter,general,EGTH,EH,4,source-attested-unreviewed,hk-selection|learner-definition|category|display-reading|curriculum-priority,remaining
碾,2266,2317,"roller, crush; roll",general,MRSTV,MV,3,source-attested-unreviewed,hk-selection|learner-definition|category|display-reading|curriculum-priority,remaining
憑,2267,2318,"lean on, depend on, rely on",general,IFP,IP,2,source-attested-unreviewed,hk-selection|learner-definition|category|display-reading|curriculum-priority,remaining
曆,2268,2319,"calendar, era",general,MHDA,MA,2,source-attested-unreviewed,hk-selection|learner-definition|category|display-reading|curriculum-priority,remaining
艘,2269,2320,"counter for ships, vessels",general,HYHXE,HE,3,source-attested-unreviewed,hk-selection|learner-definition|category|display-reading|curriculum-priority,remaining
錫,2270,2321,"tin (element 50, Sn); bestow, confer",general,CAPH,CH,3,source-attested-unreviewed,hk-selection|learner-definition|category|display-reading|curriculum-priority,remaining
療,2271,2322,"be healed, cured, recover",general,KKCF,KF,4,source-attested-unreviewed,hk-selection|learner-definition|category|display-reading|curriculum-priority,remaining
縱,2272,2323,"indulge in, give free reign to",actions,VFHOO,VO,5,source-attested-unreviewed,hk-selection|learner-definition|category|display-reading|curriculum-priority,remaining
聳,2273,2324,"urge on; rise up; stir, excite; to raise up; lofty",general,HOSJ,HJ,2,source-attested-unreviewed,hk-selection|learner-definition|category|display-reading|curriculum-priority,remaining
謊,2274,2325,lie,general,YRTYU,YU,2,source-attested-unreviewed,hk-selection|learner-definition|category|display-reading|curriculum-priority,remaining
嬸,2275,2326,wife of father's younger brother,people,VJHW,VW,3,source-attested-unreviewed,hk-selection|learner-definition|category|display-reading|curriculum-priority,remaining
鞭,2276,2328,whip; whip; string of firecrackers,general,TJOMK,TK,2,source-attested-unreviewed,hk-selection|learner-definition|category|display-reading|curriculum-priority,remaining
魏,2277,2329,kingdom of Wei; surname,people,HVHUI,HI,4,source-attested-unreviewed,hk-selection|learner-definition|category|display-reading|curriculum-priority,remaining
鯉,2278,2330,carp,general,NFWG,NG,2,source-attested-unreviewed,hk-selection|learner-definition|category|display-reading|curriculum-priority,remaining
韻,2279,2331,rhyme; vowel,general,YARBC,YC,3,source-attested-unreviewed,hk-selection|learner-definition|category|display-reading|curriculum-priority,remaining
櫻,2280,2332,"cherry, cherry blossom",general,DBCV,DV,2,source-attested-unreviewed,hk-selection|learner-definition|category|display-reading|curriculum-priority,remaining
戀,2281,2333,"love; long for, yearn for; love",general,VFP,VP,2,source-attested-unreviewed,hk-selection|learner-definition|category|display-reading|curriculum-priority,remaining
竊,2282,2334,"secretly, stealthily; steal; thief",general,JCHDB,JB,2,source-attested-unreviewed,hk-selection|learner-definition|category|display-reading|curriculum-priority,remaining
鑰,2283,2335,key; lock,general,COMB,CB,3,source-attested-unreviewed,hk-selection|learner-definition|category|display-reading|curriculum-priority,remaining
凶,2284,2337,"culprit; murder; bad, sad",general,UK,UK,2,source-attested-unreviewed,hk-selection|learner-definition|category|display-reading|curriculum-priority,remaining
犬,2285,2338,dog; radical number 94,numbers,IK,IK,2,source-attested-unreviewed,hk-selection|learner-definition|category|display-reading|curriculum-priority,remaining
仗,2286,2339,"rely upon; protector; fight; war, weaponry",general,OJK,OK,3,source-attested-unreviewed,hk-selection|learner-definition|category|display-reading|curriculum-priority,remaining
申,2287,2340,"to state to a superior, report; extend; ninth earthly branch",general,LWL,LL,2,source-attested-unreviewed,hk-selection|learner-definition|category|display-reading|curriculum-priority,remaining
奸,2288,2341,"crafty, villainous, false",general,VMJ,VJ,3,source-attested-unreviewed,hk-selection|learner-definition|category|display-reading|curriculum-priority,remaining
卸,2289,2342,lay down; retire from office,general,OMSL,OL,2,source-attested-unreviewed,hk-selection|learner-definition|category|display-reading|curriculum-priority,remaining
拆,2290,2343,"to break up, split apart, rip open; to destroy",general,QHMY,QY,5,source-attested-unreviewed,hk-selection|learner-definition|category|display-reading|curriculum-priority,remaining
旺,2291,2344,prosper; prosperous; increase,general,AMG,AG,2,source-attested-unreviewed,hk-selection|learner-definition|category|display-reading|curriculum-priority,remaining
沾,2292,2345,"moisten, wet, soak; touch",general,EYR,ER,5,source-attested-unreviewed,hk-selection|learner-definition|category|display-reading|curriculum-priority,remaining
炒,2293,2346,"fry, saute, roast, boil, cook",general,FFH,FH,2,source-attested-unreviewed,hk-selection|learner-definition|category|display-reading|curriculum-priority,remaining
勉,2294,2348,"endeavor, make effort; urge",actions,NUKS,NS,2,source-attested-unreviewed,hk-selection|learner-definition|category|display-reading|curriculum-priority,remaining
哇,2295,2349,vomit; cry of an infant,general,RGG,RG,6,source-attested-unreviewed,hk-selection|learner-definition|category|display-reading|curriculum-priority,remaining
屍,2296,2350,"corpse, carcass",general,SMNP,SP,3,source-attested-unreviewed,hk-selection|learner-definition|category|display-reading|curriculum-priority,remaining
躬,2297,2351,"body; personally, in person",people,HHN,HN,2,source-attested-unreviewed,hk-selection|learner-definition|category|display-reading|curriculum-priority,remaining
兜,2298,2352,pouch,general,HSHU,HU,2,source-attested-unreviewed,hk-selection|learner-definition|category|display-reading|curriculum-priority,remaining
痕,2299,2353,scar; mark; trace,general,KAV,KV,3,source-attested-unreviewed,hk-selection|learner-definition|category|display-reading|curriculum-priority,remaining
彪,2300,2354,tiger; tiger stripes; tiger-like,general,YNHHH,YH,2,source-attested-unreviewed,hk-selection|learner-definition|category|display-reading|curriculum-priority,remaining
揍,2301,2355,"hit, beat; smash, break",general,QQKK,QK,3,source-attested-unreviewed,hk-selection|learner-definition|category|display-reading|curriculum-priority,remaining
猩,2302,2357,species of orangutan,general,KHAHM,KM,3,source-attested-unreviewed,hk-selection|learner-definition|category|display-reading|curriculum-priority,remaining
絢,2303,2358,"variegated, adorned; brilliant",general,VFPA,VA,3,source-attested-unreviewed,hk-selection|learner-definition|category|display-reading|curriculum-priority,remaining
腕,2304,2359,wrist,general,BJNU,BU,2,source-attested-unreviewed,hk-selection|learner-definition|category|display-reading|curriculum-priority,remaining
脹,2305,2360,"swell, inflate, expand",general,BSMV,BV,3,source-attested-unreviewed,hk-selection|learner-definition|category|display-reading|curriculum-priority,remaining
萌,2306,2361,"bud, sprout",general,TAB,TB,3,source-attested-unreviewed,hk-selection|learner-definition|category|display-reading|curriculum-priority,remaining
惹,2307,2362,"irritate, vex, offend, incite",general,TKRP,TP,3,source-attested-unreviewed,hk-selection|learner-definition|category|display-reading|curriculum-priority,remaining
愧,2308,2363,"ashamed, conscience-stricken",general,PHUI,PI,2,source-attested-unreviewed,hk-selection|learner-definition|category|display-reading|curriculum-priority,remaining
搔,2309,2364,to scratch,general,QEII,QI,3,source-attested-unreviewed,hk-selection|learner-definition|category|display-reading|curriculum-priority,remaining
碑,2310,2365,stone tablet; gravestone,general,MRHWJ,MJ,2,source-attested-unreviewed,hk-selection|learner-definition|category|display-reading|curriculum-priority,remaining
粵,2311,2366,Guangdong and Guangxi provinces; initial particle,general,HWMVS,HS,2,source-attested-unreviewed,hk-selection|learner-definition|category|display-reading|curriculum-priority,remaining
嘟,2312,2367,sound of horn tooting,general,RJAL,RL,2,source-attested-unreviewed,hk-selection|learner-definition|category|display-reading|curriculum-priority,remaining
墊,2313,2368,"advance money, pay for another",general,GIG,GG,4,source-attested-unreviewed,hk-selection|learner-definition|category|display-reading|curriculum-priority,remaining
榕,2314,2369,banyan tree,general,DJCR,DR,2,source-attested-unreviewed,hk-selection|learner-definition|category|display-reading|curriculum-priority,remaining
瑪,2315,2370,agate; cornelian,general,MGSQF,MF,2,source-attested-unreviewed,hk-selection|learner-definition|category|display-reading|curriculum-priority,remaining
罰,2316,2371,"penalty, fine; punish, penalize",general,WLYRN,WN,2,source-attested-unreviewed,hk-selection|learner-definition|category|display-reading|curriculum-priority,remaining
嘹,2317,2372,used describe clarity of voice; resonant,general,RKCF,RF,3,source-attested-unreviewed,hk-selection|learner-definition|category|display-reading|curriculum-priority,remaining
嬌,2318,2373,seductive and loveable; tender,general,VHKB,VB,2,source-attested-unreviewed,hk-selection|learner-definition|category|display-reading|curriculum-priority,remaining
撐,2319,2374,"prop up, support; brace; to push off (with a pole)",general,QFBH,QH,3,source-attested-unreviewed,hk-selection|learner-definition|category|display-reading|curriculum-priority,remaining
瑩,2320,2375,"lustre of gems; bright, lustrous",general,FFBMI,FI,3,source-attested-unreviewed,hk-selection|learner-definition|category|display-reading|curriculum-priority,remaining
蔑,2321,2376,"disdain, disregard; slight",general,TWLI,TI,2,source-attested-unreviewed,hk-selection|learner-definition|category|display-reading|curriculum-priority,remaining
遮,2322,2377,"cover, shield, protect",general,YITF,YF,2,source-attested-unreviewed,hk-selection|learner-definition|category|display-reading|curriculum-priority,remaining
駐,2323,2378,"to be stationed at, reside at; to stop",general,SFYG,SG,2,source-attested-unreviewed,hk-selection|learner-definition|category|display-reading|curriculum-priority,remaining
擒,2324,2379,"catch, capture, seize, arrest",general,QOYB,QB,2,source-attested-unreviewed,hk-selection|learner-definition|category|display-reading|curriculum-priority,remaining
艙,2325,2380,hold of ship; cabin,general,HYOIR,HR,2,source-attested-unreviewed,hk-selection|learner-definition|category|display-reading|curriculum-priority,remaining
螞,2326,2381,ant; leech,general,LISQF,LF,6,source-attested-unreviewed,hk-selection|learner-definition|category|display-reading|curriculum-priority,remaining
澀,2327,2382,"astringent; harsh; uneven, rough",general,ESIM,EM,3,source-attested-unreviewed,hk-selection|learner-definition|category|display-reading|curriculum-priority,remaining
瞬,2328,2383,"wink, blink; in a wink, a flash",general,BUBBQ,BQ,2,source-attested-unreviewed,hk-selection|learner-definition|category|display-reading|curriculum-priority,remaining
邁,2329,2384,take a big stride; pass by,actions,YTWB,YB,2,source-attested-unreviewed,hk-selection|learner-definition|category|display-reading|curriculum-priority,remaining
軀,2330,2386,body,general,HHSRR,HR,2,source-attested-unreviewed,hk-selection|learner-definition|category|display-reading|curriculum-priority,remaining
競,2331,2387,"contend, vie, compete",general,YUYTU,YU,3,source-attested-unreviewed,hk-selection|learner-definition|category|display-reading|curriculum-priority,remaining
贏,2332,2388,"win; surplus, gain, profit",general,YNBUC,YC,2,source-attested-unreviewed,hk-selection|learner-definition|category|display-reading|curriculum-priority,remaining
闢,2333,2389,"open; settle, develop, open up",general,ANSRJ,AJ,2,source-attested-unreviewed,hk-selection|learner-definition|category|display-reading|curriculum-priority,remaining
罐,2334,2390,"jar, jug, pitcher, pot",general,OUTRG,OG,2,source-attested-unreviewed,hk-selection|learner-definition|category|display-reading|curriculum-priority,remaining
扛,2335,2392,carry on shoulders; lift,general,QM,QM,4,source-attested-unreviewed,hk-selection|learner-definition|category|display-reading|curriculum-priority,remaining
沈,2336,2393,"sink, submerge; addicted to; surname",people,ELBU,EU,4,source-attested-unreviewed,hk-selection|learner-definition|category|display-reading|curriculum-priority,remaining
妻,2337,2394,wife,general,JLV,JV,4,source-attested-unreviewed,hk-selection|learner-definition|category|display-reading|curriculum-priority,remaining
拒,2338,2395,"ward off with hand, defend",general,QSS,QS,3,source-attested-unreviewed,hk-selection|learner-definition|category|display-reading|curriculum-priority,remaining
枕,2339,2396,pillow,general,DLBU,DU,4,source-attested-unreviewed,hk-selection|learner-definition|category|display-reading|curriculum-priority,remaining
沸,2340,2397,"boil, bubble up, gush",general,ELLN,EN,3,source-attested-unreviewed,hk-selection|learner-definition|category|display-reading|curriculum-priority,remaining
糾,2341,2398,"investigate, inspect",general,VFVL,VL,4,source-attested-unreviewed,hk-selection|learner-definition|category|display-reading|curriculum-priority,remaining
軋,2342,2399,crush by weight; grind,general,JJU,JU,6,source-attested-unreviewed,hk-selection|learner-definition|category|display-reading|curriculum-priority,remaining
俊,2343,2400,"talented, capable; handsome",general,OICE,OE,4,source-attested-unreviewed,hk-selection|learner-definition|category|display-reading|curriculum-priority,remaining
姚,2344,2401,"handsome, elegant; surname",people,VLMO,VO,5,source-attested-unreviewed,hk-selection|learner-definition|category|display-reading|curriculum-priority,remaining
歪,2345,2402,"slant; inclined; askew, awry",general,MFMYM,MM,3,source-attested-unreviewed,hk-selection|learner-definition|category|display-reading|curriculum-priority,remaining
冥,2346,2403,"dark, gloomy, night; deep",general,BAYC,BC,4,source-attested-unreviewed,hk-selection|learner-definition|category|display-reading|curriculum-priority,remaining
哲,2347,2404,"wise, sagacious; wise man, sage",people,QLR,QR,2,source-attested-unreviewed,hk-selection|learner-definition|category|display-reading|curriculum-priority,remaining
栗,2348,2405,"chestnut tree, chestnuts; surname",people,MWD,MD,3,source-attested-unreviewed,hk-selection|learner-definition|category|display-reading|curriculum-priority,remaining
荊,2349,2406,thorns; brambles; my wife; cane,general,TMTN,TN,2,source-attested-unreviewed,hk-selection|learner-definition|category|display-reading|curriculum-priority,remaining
衰,2350,2407,"decline, falter, decrease; weaken",general,YWMV,YV,5,source-attested-unreviewed,hk-selection|learner-definition|category|display-reading|curriculum-priority,remaining
託,2351,2408,"entrust, rely on; commission",general,YRHP,YP,2,source-attested-unreviewed,hk-selection|learner-definition|category|display-reading|curriculum-priority,remaining
辱,2352,2409,"humiliate, insult, abuse",general,MVDI,MI,2,source-attested-unreviewed,hk-selection|learner-definition|category|display-reading|curriculum-priority,remaining
逆,2353,2410,"disobey, rebel; rebel, traitor",general,YTU,YU,3,source-attested-unreviewed,hk-selection|learner-definition|category|display-reading|curriculum-priority,remaining
偽,2354,2411,"false, counterfeit, bogus",general,OIKF,OF,5,source-attested-unreviewed,hk-selection|learner-definition|category|display-reading|curriculum-priority,remaining
崇,2355,2412,"esteem, honor, revere, venerate",general,UJMF,UF,2,source-attested-unreviewed,hk-selection|learner-definition|category|display-reading|curriculum-priority,remaining
崎,2356,2413,"rough, uneven, jagged, rugged",general,UKMR,UR,4,source-attested-unreviewed,hk-selection|learner-definition|category|display-reading|curriculum-priority,remaining
惕,2357,2414,"be cautious, careful, alert",general,PAPH,PH,2,source-attested-unreviewed,hk-selection|learner-definition|category|display-reading|curriculum-priority,remaining
掠,2358,2415,"rob, ransack, plunder; pass by",general,QYRF,QF,3,source-attested-unreviewed,hk-selection|learner-definition|category|display-reading|curriculum-priority,remaining
晝,2359,2416,"daytime, daylight",general,LGAM,LM,2,source-attested-unreviewed,hk-selection|learner-definition|category|display-reading|curriculum-priority,remaining
涯,2360,2417,"shore, bank, water's edge",nature,EMGG,EG,2,source-attested-unreviewed,hk-selection|learner-definition|category|display-reading|curriculum-priority,remaining
逢,2361,2418,"come upon, happen meet; flatter",actions,YHEJ,YJ,4,source-attested-unreviewed,hk-selection|learner-definition|category|display-reading|curriculum-priority,remaining
媚,2362,2419,"charming, attractive; flatter",general,VAHU,VU,2,source-attested-unreviewed,hk-selection|learner-definition|category|display-reading|curriculum-priority,remaining
琵,2363,2420,guitar-like instrument,general,MGPP,MP,2,source-attested-unreviewed,hk-selection|learner-definition|category|display-reading|curriculum-priority,remaining
琶,2364,2421,guitar-like instrument,general,MGAU,MU,2,source-attested-unreviewed,hk-selection|learner-definition|category|display-reading|curriculum-priority,remaining
搓,2365,2422,to rub or roll between the hands,general,QTQM,QM,4,source-attested-unreviewed,hk-selection|learner-definition|category|display-reading|curriculum-priority,remaining
腫,2366,2423,swell; swollen; swelling,general,BHJG,BG,2,source-attested-unreviewed,hk-selection|learner-definition|category|display-reading|curriculum-priority,remaining
撤,2367,2424,omit; remove; withdraw,general,QYBK,QK,2,source-attested-unreviewed,hk-selection|learner-definition|category|display-reading|curriculum-priority,remaining
獄,2368,2425,"prison, jail; case; lawsuit",general,KHYRK,KK,2,source-attested-unreviewed,hk-selection|learner-definition|category|display-reading|curriculum-priority,remaining
鄙,2369,2426,mean; low,general,RWNL,RL,2,source-attested-unreviewed,hk-selection|learner-definition|category|display-reading|curriculum-priority,remaining
嘻,2370,2427,"mirthful, happy; interjection",general,RGRR,RR,2,source-attested-unreviewed,hk-selection|learner-definition|category|display-reading|curriculum-priority,remaining
撓,2371,2428,"scratch; disturb, bother; submit",general,QGGU,QU,5,source-attested-unreviewed,hk-selection|learner-definition|category|display-reading|curriculum-priority,remaining
漿,2372,2429,any thick fluid; starch; broth,general,VIE,VE,3,source-attested-unreviewed,hk-selection|learner-definition|category|display-reading|curriculum-priority,remaining
蔭,2373,2430,"shade, shelter; protect",general,TNLI,TI,4,source-attested-unreviewed,hk-selection|learner-definition|category|display-reading|curriculum-priority,remaining
噢,2374,2431,"moan; interjection for pain, sad",general,RHBK,RK,6,source-attested-unreviewed,hk-selection|learner-definition|category|display-reading|curriculum-priority,remaining
豫,2375,2432,"relaxed, comfortable, at ease; hexagram ䷏",general,NNNAO,NO,4,source-attested-unreviewed,hk-selection|learner-definition|category|display-reading|curriculum-priority,remaining
燥,2376,2434,"dry, parched, arid; quick-tempered",general,FRRD,FD,3,source-attested-unreviewed,hk-selection|learner-definition|category|display-reading|curriculum-priority,remaining
縷,2377,2435,"thread; detailed, precise",general,VFLLV,VV,3,source-attested-unreviewed,hk-selection|learner-definition|category|display-reading|curriculum-priority,remaining
繃,2378,2436,"bind, draw firmly, strap",general,VFUBB,VB,5,source-attested-unreviewed,hk-selection|learner-definition|category|display-reading|curriculum-priority,remaining
壘,2379,2437,"rampart, military wall",general,WWWG,WG,6,source-attested-unreviewed,hk-selection|learner-definition|category|display-reading|curriculum-priority,remaining
瀏,2380,2438,clear; bright; whistling,general,EHCN,EN,3,source-attested-unreviewed,hk-selection|learner-definition|category|display-reading|curriculum-priority,remaining
櫥,2381,2439,"cabinet, wardrobe, cupboard",general,DIGI,DI,2,source-attested-unreviewed,hk-selection|learner-definition|category|display-reading|curriculum-priority,remaining
瓣,2382,2440,petal; segment; valves,general,YJHOJ,YJ,2,source-attested-unreviewed,hk-selection|learner-definition|category|display-reading|curriculum-priority,remaining
纏,2383,2441,"wrap, wind around; tie, bind",nature,VFIWG,VG,2,source-attested-unreviewed,hk-selection|learner-definition|category|display-reading|curriculum-priority,remaining
辯,2384,2442,"dispute, argue, debate, discuss",general,YJYRJ,YJ,5,source-attested-unreviewed,hk-selection|learner-definition|category|display-reading|curriculum-priority,remaining
蘸,2385,2443,dip (a brush); remarry,general,TMGF,TF,2,source-attested-unreviewed,hk-selection|learner-definition|category|display-reading|curriculum-priority,remaining
丸,2386,2447,"small round object; pellet, pill",general,KNI,KI,3,source-attested-unreviewed,hk-selection|learner-definition|category|display-reading|curriculum-priority,remaining
戈,2387,2448,"halberd, spear, lance; rad. 62",general,I,I,2,source-attested-unreviewed,hk-selection|learner-definition|category|display-reading|curriculum-priority,remaining
曰,2388,2449,say; Kangxi radical 73,general,A,A,3,source-attested-unreviewed,hk-selection|learner-definition|category|display-reading|curriculum-priority,remaining
乏,2389,2450,lack; poor,general,HINO,HO,2,source-attested-unreviewed,hk-selection|learner-definition|category|display-reading|curriculum-priority,remaining
扒,2390,2451,scratch; dig up; crawl; crouch,general,QC,QC,5,source-attested-unreviewed,hk-selection|learner-definition|category|display-reading|curriculum-priority,remaining
斥,2391,2452,"to scold, upbraid, accuse, reproach",general,HMY,HY,4,source-attested-unreviewed,hk-selection|learner-definition|category|display-reading|curriculum-priority,remaining
兇,2392,2453,"atrocious, ferocious, brutal",general,UKHU,UU,2,source-attested-unreviewed,hk-selection|learner-definition|category|display-reading|curriculum-priority,remaining
戎,2393,2454,"arms, armaments; military affair",general,IJ,IJ,3,source-attested-unreviewed,hk-selection|learner-definition|category|display-reading|curriculum-priority,remaining
余,2394,2455,"I, my, me; surname; surplus",people,OMD,OD,5,source-attested-unreviewed,hk-selection|learner-definition|category|display-reading|curriculum-priority,remaining
呈,2395,2456,"submit, show; appear; petition",general,RHG,RG,4,source-attested-unreviewed,hk-selection|learner-definition|category|display-reading|curriculum-priority,remaining
吩,2396,2457,"order, command, instruct",general,RCSH,RH,3,source-attested-unreviewed,hk-selection|learner-definition|category|display-reading|curriculum-priority,remaining
址,2397,2458,"site, location, land for house",general,GYLM,GM,2,source-attested-unreviewed,hk-selection|learner-definition|category|display-reading|curriculum-priority,remaining
妒,2398,2459,"jealous, envious",general,VHS,VS,2,source-attested-unreviewed,hk-selection|learner-definition|category|display-reading|curriculum-priority,remaining
彤,2399,2460,"red, vermilion",general,BYHHH,BH,2,source-attested-unreviewed,hk-selection|learner-definition|category|display-reading|curriculum-priority,remaining
忌,2400,2461,"jealous, envious; fear",general,SUP,SP,2,source-attested-unreviewed,hk-selection|learner-definition|category|display-reading|curriculum-priority,remaining
灼,2401,2462,burn; broil; cauterize; bright,general,FPI,FI,3,source-attested-unreviewed,hk-selection|learner-definition|category|display-reading|curriculum-priority,remaining
帚,2402,2463,"broom, broomstick",general,SMBLB,SB,4,source-attested-unreviewed,hk-selection|learner-definition|category|display-reading|curriculum-priority,remaining
怡,2403,2464,"harmony; pleasure, joy; be glad",general,PIR,PR,2,source-attested-unreviewed,hk-selection|learner-definition|category|display-reading|curriculum-priority,remaining
拘,2404,2465,"restrain, seize, detain",general,QPR,QR,5,source-attested-unreviewed,hk-selection|learner-definition|category|display-reading|curriculum-priority,remaining
姥,2405,2466,maternal grandmother; midwife,general,VJKP,VP,4,source-attested-unreviewed,hk-selection|learner-definition|category|display-reading|curriculum-priority,remaining
畏,2406,2467,"fear, dread, awe, reverence",general,WMV,WV,4,source-attested-unreviewed,hk-selection|learner-definition|category|display-reading|curriculum-priority,remaining
峻,2407,2468,"high, steep, towering; stern",general,UICE,UE,2,source-attested-unreviewed,hk-selection|learner-definition|category|display-reading|curriculum-priority,remaining
挪,2408,2469,"move, shift on one side",numbers,QSQL,QL,2,source-attested-unreviewed,hk-selection|learner-definition|category|display-reading|curriculum-priority,remaining
浙,2409,2470,Zhejiang province; river,general,EQHL,EL,2,source-attested-unreviewed,hk-selection|learner-definition|category|display-reading|curriculum-priority,remaining
蚊,2410,2471,mosquito; gnat,general,LIYK,LK,2,source-attested-unreviewed,hk-selection|learner-definition|category|display-reading|curriculum-priority,remaining
飢,2411,2472,"hunger, starving; hungry; a famine",general,OIHN,ON,2,source-attested-unreviewed,hk-selection|learner-definition|category|display-reading|curriculum-priority,remaining
屜,2412,2473,drawer; tray; pad; screen,general,SHOT,ST,3,source-attested-unreviewed,hk-selection|learner-definition|category|display-reading|curriculum-priority,remaining
棄,2413,2474,"reject, abandon, discard",general,YITD,YD,2,source-attested-unreviewed,hk-selection|learner-definition|category|display-reading|curriculum-priority,remaining
淅,2414,2475,water used wash rice; to wash rice,food,EDHL,EL,2,source-attested-unreviewed,hk-selection|learner-definition|category|display-reading|curriculum-priority,remaining
淘,2415,2476,wash in a sieve; weed out,general,EPOU,EU,2,source-attested-unreviewed,hk-selection|learner-definition|category|display-reading|curriculum-priority,remaining
眶,2416,2477,eye socket; rim of eye,general,BUSMG,BG,3,source-attested-unreviewed,hk-selection|learner-definition|category|display-reading|curriculum-priority,remaining
廊,2417,2478,"corridor, porch, veranda",general,IIIL,IL,2,source-attested-unreviewed,hk-selection|learner-definition|category|display-reading|curriculum-priority,remaining
揀,2418,2479,choose; select; pick up; gather,general,QDWF,QF,2,source-attested-unreviewed,hk-selection|learner-definition|category|display-reading|curriculum-priority,remaining
歇,2419,2480,"rest, stop, lodge",general,AVNO,AO,3,source-attested-unreviewed,hk-selection|learner-definition|category|display-reading|curriculum-priority,remaining
殿,2420,2481,hall; palace; temple,general,SCHNE,SE,2,source-attested-unreviewed,hk-selection|learner-definition|category|display-reading|curriculum-priority,remaining
督,2421,2482,"supervise, oversee, direct",general,YEBU,YU,2,source-attested-unreviewed,hk-selection|learner-definition|category|display-reading|curriculum-priority,remaining
羨,2422,2483,"envy, admire; praise; covet",general,TGENO,TO,2,source-attested-unreviewed,hk-selection|learner-definition|category|display-reading|curriculum-priority,remaining
腹,2423,2484,"stomach, belly, abdomen; inside",general,BOAE,BE,2,source-attested-unreviewed,hk-selection|learner-definition|category|display-reading|curriculum-priority,remaining
董,2424,2485,"direct, supervise; surname",people,THJG,TG,3,source-attested-unreviewed,hk-selection|learner-definition|category|display-reading|curriculum-priority,remaining
馴,2425,2486,"tame, docile, obedient",general,SFLLL,SL,2,source-attested-unreviewed,hk-selection|learner-definition|category|display-reading|curriculum-priority,remaining
嘉,2426,2487,excellent; joyful; auspicious,general,GRTR,GR,2,source-attested-unreviewed,hk-selection|learner-definition|category|display-reading|curriculum-priority,remaining
嶇,2427,2488,"steep, sheer; rugged, rough",general,USRR,UR,2,source-attested-unreviewed,hk-selection|learner-definition|category|display-reading|curriculum-priority,remaining
漳,2428,2489,name of a river in Henan,general,EYTJ,EJ,2,source-attested-unreviewed,hk-selection|learner-definition|category|display-reading|curriculum-priority,remaining
熄,2429,2490,"put out, extinguish, quash",general,FHUP,FP,2,source-attested-unreviewed,hk-selection|learner-definition|category|display-reading|curriculum-priority,remaining
禍,2430,2491,"misfortune, calamity, disaster",general,IFBBR,IR,2,source-attested-unreviewed,hk-selection|learner-definition|category|display-reading|curriculum-priority,remaining
膏,2431,2492,"grease, fat; paste, ointment",general,YRBB,YB,4,source-attested-unreviewed,hk-selection|learner-definition|category|display-reading|curriculum-priority,remaining
輔,2432,2493,cheek bone; protective; assist,general,JJIJB,JB,2,source-attested-unreviewed,hk-selection|learner-definition|category|display-reading|curriculum-priority,remaining
劈,2433,2494,"cut apart, split, chop",general,SJSH,SH,4,source-attested-unreviewed,hk-selection|learner-definition|category|display-reading|curriculum-priority,remaining
暮,2434,2495,"evening, dusk, sunset; ending",general,TAKA,TA,2,source-attested-unreviewed,hk-selection|learner-definition|category|display-reading|curriculum-priority,remaining
蓬,2435,2496,type of raspberry; fairyland,general,TYHJ,TJ,4,source-attested-unreviewed,hk-selection|learner-definition|category|display-reading|curriculum-priority,remaining
蝠,2436,2497,bat,general,LIMRW,LW,2,source-attested-unreviewed,hk-selection|learner-definition|category|display-reading|curriculum-priority,remaining
蝙,2437,2498,bat,general,LIHSB,LB,4,source-attested-unreviewed,hk-selection|learner-definition|category|display-reading|curriculum-priority,remaining
褐,2438,2499,"coarse woolen cloth; dull, dark",general,LAPV,LV,2,source-attested-unreviewed,hk-selection|learner-definition|category|display-reading|curriculum-priority,remaining
霄,2439,2500,"sky; clouds, mist; night",general,MBFB,MB,3,source-attested-unreviewed,hk-selection|learner-definition|category|display-reading|curriculum-priority,remaining
懊,2440,2501,"vexed, worried, nervous; regret",general,PHBK,PK,3,source-attested-unreviewed,hk-selection|learner-definition|category|display-reading|curriculum-priority,remaining
澱,2441,2502,"sediment, dregs, precipitate",general,ESCE,EE,2,source-attested-unreviewed,hk-selection|learner-definition|category|display-reading|curriculum-priority,remaining
徽,2442,2503,"a badge, insignia",general,HOUFK,HK,2,source-attested-unreviewed,hk-selection|learner-definition|category|display-reading|curriculum-priority,remaining
糞,2443,2504,"manure, dung, night soil",general,FDWTC,FC,2,source-attested-unreviewed,hk-selection|learner-definition|category|display-reading|curriculum-priority,remaining
謙,2444,2505,"humble, modest; hexagram ䷎",general,YRTXC,YC,3,source-attested-unreviewed,hk-selection|learner-definition|category|display-reading|curriculum-priority,remaining
鎖,2445,2506,"lock, padlock; shackles, chains",general,CFBC,CC,2,source-attested-unreviewed,hk-selection|learner-definition|category|display-reading|curriculum-priority,remaining
龐,2446,2507,"disorderly, messy; huge, big",general,IYBP,IP,3,source-attested-unreviewed,hk-selection|learner-definition|category|display-reading|curriculum-priority,remaining
懲,2447,2508,"punish, reprimand; warn",general,HKP,HP,2,source-attested-unreviewed,hk-selection|learner-definition|category|display-reading|curriculum-priority,remaining
臘,2448,2509,year-end sacrifice; dried meat,food,BVVV,BV,3,source-attested-unreviewed,hk-selection|learner-definition|category|display-reading|curriculum-priority,remaining
蟻,2449,2510,ants,general,LITGI,LI,3,source-attested-unreviewed,hk-selection|learner-definition|category|display-reading|curriculum-priority,remaining
贊,2450,2511,"help, support, assist, aid",general,HUBUC,HC,2,source-attested-unreviewed,hk-selection|learner-definition|category|display-reading|curriculum-priority,remaining
饅,2451,2512,steamed bread; steamed dumplings,general,OIAWE,OE,2,source-attested-unreviewed,hk-selection|learner-definition|category|display-reading|curriculum-priority,remaining
竇,2452,2513,"surname; hole, burrow; corrupt",people,JCGWC,JC,3,source-attested-unreviewed,hk-selection|learner-definition|category|display-reading|curriculum-priority,remaining
巍,2453,2514,"high, lofty, majestic, eminent",general,UHVI,UI,2,source-attested-unreviewed,hk-selection|learner-definition|category|display-reading|curriculum-priority,remaining
霸,2454,2515,rule by might rather than right,general,MBTJB,MB,3,source-attested-unreviewed,hk-selection|learner-definition|category|display-reading|curriculum-priority,remaining
纜,2455,2516,"hawser, heavy-duty rope, cable",general,VFSWU,VU,2,source-attested-unreviewed,hk-selection|learner-definition|category|display-reading|curriculum-priority,remaining
干,2456,2518,"oppose, offend; invade; dried",general,MJ,MJ,4,source-attested-unreviewed,hk-selection|learner-definition|category|display-reading|curriculum-priority,remaining
亦,2457,2519,"also, too; likewise",general,YLNC,YC,2,source-attested-unreviewed,hk-selection|learner-definition|category|display-reading|curriculum-priority,remaining
杖,2458,2520,"cane, walking stick",general,DJK,DK,2,source-attested-unreviewed,hk-selection|learner-definition|category|display-reading|curriculum-priority,remaining
宛,2459,2521,"seem, as if, crooked",general,JNIU,JU,5,source-attested-unreviewed,hk-selection|learner-definition|category|display-reading|curriculum-priority,remaining
版,2460,2522,printing blocks; edition,general,LLHE,LE,2,source-attested-unreviewed,hk-selection|learner-definition|category|display-reading|curriculum-priority,remaining
俞,2461,2523,"surname; consent, approve",people,OMBN,ON,3,source-attested-unreviewed,hk-selection|learner-definition|category|display-reading|curriculum-priority,remaining
叛,2462,2524,rebel; rebellion; rebellious,general,FQHE,FE,2,source-attested-unreviewed,hk-selection|learner-definition|category|display-reading|curriculum-priority,remaining
咦,2463,2525,exclamation of surprise,general,RKN,RN,3,source-attested-unreviewed,hk-selection|learner-definition|category|display-reading|curriculum-priority,remaining
砂,2464,2526,"sand; pebbles, gravel; gritty",general,MRFH,MH,2,source-attested-unreviewed,hk-selection|learner-definition|category|display-reading|curriculum-priority,remaining
陌,2465,2527,foot path between rice fields,food,NLMA,NA,2,source-attested-unreviewed,hk-selection|learner-definition|category|display-reading|curriculum-priority,remaining
栩,2466,2528,"species of oak; be glad, be pleased",general,DSMM,DM,3,source-attested-unreviewed,hk-selection|learner-definition|category|display-reading|curriculum-priority,remaining
梳,2467,2529,comb; brush,general,DYIU,DU,2,source-attested-unreviewed,hk-selection|learner-definition|category|display-reading|curriculum-priority,remaining
涉,2468,2530,"ford stream, wade across",general,EYLH,EH,3,source-attested-unreviewed,hk-selection|learner-definition|category|display-reading|curriculum-priority,remaining
豈,2469,2531,how? what?,general,UMRT,UT,3,source-attested-unreviewed,hk-selection|learner-definition|category|display-reading|curriculum-priority,remaining
啪,2470,2532,syllable,general,RQHA,RA,2,source-attested-unreviewed,hk-selection|learner-definition|category|display-reading|curriculum-priority,remaining
惚,2471,2533,"absent-minded, confused",general,PPHP,PP,2,source-attested-unreviewed,hk-selection|learner-definition|category|display-reading|curriculum-priority,remaining
梧,2472,2534,"Chinese parasol tree, Sterculia platanifolia",general,DMMR,DR,4,source-attested-unreviewed,hk-selection|learner-definition|category|display-reading|curriculum-priority,remaining
眺,2473,2535,"look at, gaze at, scan, survey",general,BULMO,BO,2,source-attested-unreviewed,hk-selection|learner-definition|category|display-reading|curriculum-priority,remaining
祭,2474,2536,"sacrifice to, worship",general,BOMMF,BF,3,source-attested-unreviewed,hk-selection|learner-definition|category|display-reading|curriculum-priority,remaining
陶,2475,2537,"pottery, ceramics",general,NLPOU,NU,5,source-attested-unreviewed,hk-selection|learner-definition|category|display-reading|curriculum-priority,remaining
傑,2476,2538,"hero; outstanding, remarkable",general,ONQD,OD,2,source-attested-unreviewed,hk-selection|learner-definition|category|display-reading|curriculum-priority,remaining
啼,2477,2539,"weep, whimper; howl, twitter",general,RYBB,RB,2,source-attested-unreviewed,hk-selection|learner-definition|category|display-reading|curriculum-priority,remaining
暑,2478,2540,hot,general,AJKA,AA,2,source-attested-unreviewed,hk-selection|learner-definition|category|display-reading|curriculum-priority,remaining
棲,2479,2541,perch; roost; stay,general,DJLV,DV,4,source-attested-unreviewed,hk-selection|learner-definition|category|display-reading|curriculum-priority,remaining
渲,2480,2542,add repeated washes of color,general,EJMM,EM,3,source-attested-unreviewed,hk-selection|learner-definition|category|display-reading|curriculum-priority,remaining
煮,2481,2543,cook,general,JAF,JF,2,source-attested-unreviewed,hk-selection|learner-definition|category|display-reading|curriculum-priority,remaining
萄,2482,2544,grapes,general,TPOU,TU,2,source-attested-unreviewed,hk-selection|learner-definition|category|display-reading|curriculum-priority,remaining
詠,2483,2545,"sing, hum, chant",general,YRINE,YE,2,source-attested-unreviewed,hk-selection|learner-definition|category|display-reading|curriculum-priority,remaining
鈕,2484,2546,"button, knob; surname",people,CNG,CG,3,source-attested-unreviewed,hk-selection|learner-definition|category|display-reading|curriculum-priority,remaining
傻,2485,2547,"foolish, silly, stupid; an imbecile",general,OHCE,OE,2,source-attested-unreviewed,hk-selection|learner-definition|category|display-reading|curriculum-priority,remaining
嗓,2486,2548,voice; throat,general,REED,RD,2,source-attested-unreviewed,hk-selection|learner-definition|category|display-reading|curriculum-priority,remaining
愈,2487,2549,"more and more, even more",general,OMBP,OP,2,source-attested-unreviewed,hk-selection|learner-definition|category|display-reading|curriculum-priority,remaining
暈,2488,2550,"halo in sky; fog; dizzy, faint",general,ABJJ,AJ,4,source-attested-unreviewed,hk-selection|learner-definition|category|display-reading|curriculum-priority,remaining
溢,2489,2551,"overflow, brim over; full",general,ETCT,ET,2,source-attested-unreviewed,hk-selection|learner-definition|category|display-reading|curriculum-priority,remaining
稠,2490,2552,"dense, crowded, packed; soupy",general,HDBGR,HR,4,source-attested-unreviewed,hk-selection|learner-definition|category|display-reading|curriculum-priority,remaining
葡,2491,2553,grapes,general,TPIB,TB,3,source-attested-unreviewed,hk-selection|learner-definition|category|display-reading|curriculum-priority,remaining
賊,2492,2554,"thief, traitor",general,BCIJ,BJ,3,source-attested-unreviewed,hk-selection|learner-definition|category|display-reading|curriculum-priority,remaining
跤,2493,2555,"stumble, fall down; wrestle",general,RMYCK,RK,3,source-attested-unreviewed,hk-selection|learner-definition|category|display-reading|curriculum-priority,remaining
嘍,2494,2556,used in onomatopoetic expressions,general,RLLV,RV,5,source-attested-unreviewed,hk-selection|learner-definition|category|display-reading|curriculum-priority,remaining
滲,2495,2557,"soak through, infiltrate",general,EIIH,EH,5,source-attested-unreviewed,hk-selection|learner-definition|category|display-reading|curriculum-priority,remaining
誘,2496,2559,"persuade, entice, induce; guide",general,YRHDS,YS,2,source-attested-unreviewed,hk-selection|learner-definition|category|display-reading|curriculum-priority,remaining
酷,2497,2560,"strong, stimulating; very",general,MWHGR,MR,2,source-attested-unreviewed,hk-selection|learner-definition|category|display-reading|curriculum-priority,remaining
僵,2498,2561,"stiff and motionless, stock still",general,OMWM,OM,2,source-attested-unreviewed,hk-selection|learner-definition|category|display-reading|curriculum-priority,remaining
嬉,2499,2562,"enjoy; play, amuse oneself",general,VGRR,VR,3,source-attested-unreviewed,hk-selection|learner-definition|category|display-reading|curriculum-priority,remaining
幟,2500,2563,"flag, pennant; sign; fasten",general,LBYIA,LA,2,source-attested-unreviewed,hk-selection|learner-definition|category|display-reading|curriculum-priority,remaining
瞎,2501,2564,"blind, reckless; rash",general,BUJQR,BR,2,source-attested-unreviewed,hk-selection|learner-definition|category|display-reading|curriculum-priority,remaining
蝸,2502,2565,snail,general,LIBBR,LR,4,source-attested-unreviewed,hk-selection|learner-definition|category|display-reading|curriculum-priority,remaining
賠,2503,2566,"indemnify, suffer loss",general,BCYTR,BR,2,source-attested-unreviewed,hk-selection|learner-definition|category|display-reading|curriculum-priority,remaining
鍵,2504,2567,"door bolt, lock bolt; key",general,CNKQ,CQ,2,source-attested-unreviewed,hk-selection|learner-definition|category|display-reading|curriculum-priority,remaining
錘,2505,2568,balance weight on scale; hammer,general,CHJM,CM,2,source-attested-unreviewed,hk-selection|learner-definition|category|display-reading|curriculum-priority,remaining
鞠,2506,2569,"bow, bend; rear, raise, nourish",general,TJPFD,TD,4,source-attested-unreviewed,hk-selection|learner-definition|category|display-reading|curriculum-priority,remaining
駿,2507,2570,"excellent horse, noble steed",general,SFICE,SE,2,source-attested-unreviewed,hk-selection|learner-definition|category|display-reading|curriculum-priority,remaining
襖,2508,2571,"outer garments; coat, jacket",general,LHBK,LK,3,source-attested-unreviewed,hk-selection|learner-definition|category|display-reading|curriculum-priority,remaining
譏,2509,2572,"ridicule, jeer, mock; inspect",general,YRVII,YI,2,source-attested-unreviewed,hk-selection|learner-definition|category|display-reading|curriculum-priority,remaining
攜,2510,2573,"lead by hand, take with; carry",actions,QUOB,QB,2,source-attested-unreviewed,hk-selection|learner-definition|category|display-reading|curriculum-priority,remaining
魔,2511,2574,"demon, evil spirits; magic power",general,ICHUI,II,2,source-attested-unreviewed,hk-selection|learner-definition|category|display-reading|curriculum-priority,remaining
蠶,2512,2575,silkworm,general,MUALI,MI,2,source-attested-unreviewed,hk-selection|learner-definition|category|display-reading|curriculum-priority,remaining
几,2513,2578,small table,general,HN,HN,3,source-attested-unreviewed,hk-selection|learner-definition|category|display-reading|curriculum-priority,remaining
吁,2514,2579,interjection 'Alas!'; to sigh,general,RMD,RD,3,source-attested-unreviewed,hk-selection|learner-definition|category|display-reading|curriculum-priority,remaining
圳,2515,2580,"furrow in field, small drainage ditch",general,GLLL,GL,5,source-attested-unreviewed,hk-selection|learner-definition|category|display-reading|curriculum-priority,remaining
圭,2516,2581,jade pointed at top,general,GG,GG,2,source-attested-unreviewed,hk-selection|learner-definition|category|display-reading|curriculum-priority,remaining
宅,2517,2582,"residence, dwelling, home; grave",general,JHP,JP,4,source-attested-unreviewed,hk-selection|learner-definition|category|display-reading|curriculum-priority,remaining
佛,2518,2583,Buddha; of Buddhism; merciful person; Buddhist image; the dead (Japanese),people,OLLN,ON,6,source-attested-unreviewed,hk-selection|learner-definition|category|display-reading|curriculum-priority,remaining
岔,2519,2584,"diverge, branch off; fork in road",general,CSHU,CU,2,source-attested-unreviewed,hk-selection|learner-definition|category|display-reading|curriculum-priority,remaining
呷,2520,2585,"suck, swallow, drink",food,RWL,RL,5,source-attested-unreviewed,hk-selection|learner-definition|category|display-reading|curriculum-priority,remaining
昆,2521,2586,elder brother; descendants,general,APP,AP,4,source-attested-unreviewed,hk-selection|learner-definition|category|display-reading|curriculum-priority,remaining
炊,2522,2587,cook; meal,general,FNO,FO,2,source-attested-unreviewed,hk-selection|learner-definition|category|display-reading|curriculum-priority,remaining
拴,2523,2588,"bind with rope, fasten",general,QOMG,QG,3,source-attested-unreviewed,hk-selection|learner-definition|category|display-reading|curriculum-priority,remaining
柄,2524,2589,"handle, lever, knob; authority",general,DMOB,DB,3,source-attested-unreviewed,hk-selection|learner-definition|category|display-reading|curriculum-priority,remaining
皆,2525,2590,"all, every, everybody",general,PPHA,PA,2,source-attested-unreviewed,hk-selection|learner-definition|category|display-reading|curriculum-priority,remaining
胞,2526,2591,"womb, placenta, fetal membrane",general,BPRU,BU,4,source-attested-unreviewed,hk-selection|learner-definition|category|display-reading|curriculum-priority,remaining
峭,2527,2592,"steep, precipitous, rugged",general,UFB,UB,2,source-attested-unreviewed,hk-selection|learner-definition|category|display-reading|curriculum-priority,remaining
晉,2528,2593,"advance, increase; promote; hexagram ䷢",general,MIIA,MA,2,source-attested-unreviewed,hk-selection|learner-definition|category|display-reading|curriculum-priority,remaining
耽,2529,2594,indulge in; be negligent,general,SJLBU,SU,2,source-attested-unreviewed,hk-selection|learner-definition|category|display-reading|curriculum-priority,remaining
域,2530,2595,"district, region, boundary; land",general,GIRM,GM,2,source-attested-unreviewed,hk-selection|learner-definition|category|display-reading|curriculum-priority,remaining
庸,2531,2596,"usual, common, ordinary, mediocre",general,ILB,IB,3,source-attested-unreviewed,hk-selection|learner-definition|category|display-reading|curriculum-priority,remaining
淤,2532,2597,"mud, sediment; clog up, silt up",general,EYSY,EY,2,source-attested-unreviewed,hk-selection|learner-definition|category|display-reading|curriculum-priority,remaining
羚,2533,2598,species of antelope,general,TQOII,TI,2,source-attested-unreviewed,hk-selection|learner-definition|category|display-reading|curriculum-priority,remaining
訝,2534,2599,"express surprise, be surprised",general,YRMVH,YH,2,source-attested-unreviewed,hk-selection|learner-definition|category|display-reading|curriculum-priority,remaining
堤,2535,2600,dike,general,GAMO,GO,6,source-attested-unreviewed,hk-selection|learner-definition|category|display-reading|curriculum-priority,remaining
慨,2536,2601,"sigh, regret; generous",general,PAIU,PU,2,source-attested-unreviewed,hk-selection|learner-definition|category|display-reading|curriculum-priority,remaining
敞,2537,2602,"roomy, spacious, open, broad",general,FBOK,FK,5,source-attested-unreviewed,hk-selection|learner-definition|category|display-reading|curriculum-priority,remaining
琢,2538,2603,polish jade; cut jade,general,MGMSO,MO,3,source-attested-unreviewed,hk-selection|learner-definition|category|display-reading|curriculum-priority,remaining
窖,2539,2604,"pit, cellar",general,JCHGR,JR,3,source-attested-unreviewed,hk-selection|learner-definition|category|display-reading|curriculum-priority,remaining
絮,2540,2605,"waste cotton, raw silk or cotton",general,VRVIF,VF,6,source-attested-unreviewed,hk-selection|learner-definition|category|display-reading|curriculum-priority,remaining
裂,2541,2606,"split, crack, break open; rend",general,MNYHV,MV,3,source-attested-unreviewed,hk-selection|learner-definition|category|display-reading|curriculum-priority,remaining
跚,2542,2607,"stagger, limp",general,RMBT,RT,2,source-attested-unreviewed,hk-selection|learner-definition|category|display-reading|curriculum-priority,remaining
廈,2543,2608,"big building, mansion",general,IMUE,IE,3,source-attested-unreviewed,hk-selection|learner-definition|category|display-reading|curriculum-priority,remaining
瑕,2544,2609,"flaw in gem; fault, defect",general,MGRSE,ME,2,source-attested-unreviewed,hk-selection|learner-definition|category|display-reading|curriculum-priority,remaining
肆,2545,2610,"indulge; excess; numeral four; particle meaning now, therefore; shop",numbers,SILQ,SQ,4,source-attested-unreviewed,hk-selection|learner-definition|category|display-reading|curriculum-priority,remaining
箕,2546,2611,"sieve; dust pan, garbage bag; 7th lunar mansion, determinative star γ² Sagittarii (Alnasl)",general,HTMC,HC,2,source-attested-unreviewed,hk-selection|learner-definition|category|display-reading|curriculum-priority,remaining
蒲,2547,2612,type of rush; vine,general,TEIB,TB,3,source-attested-unreviewed,hk-selection|learner-definition|category|display-reading|curriculum-priority,remaining
閣,2548,2613,"chamber, pavilion; cabinet",general,ANHER,AR,2,source-attested-unreviewed,hk-selection|learner-definition|category|display-reading|curriculum-priority,remaining
嘲,2549,2614,"ridicule, deride, scorn, jeer at",general,RJJB,RB,3,source-attested-unreviewed,hk-selection|learner-definition|category|display-reading|curriculum-priority,remaining
嘶,2550,2615,"neighing of a horse; gravel voiced, husky throated; (Cant.) to hiccough",general,RTCL,RL,2,source-attested-unreviewed,hk-selection|learner-definition|category|display-reading|curriculum-priority,remaining
墳,2551,2616,"grave, mound; bulge; bulging",general,GJTC,GC,3,source-attested-unreviewed,hk-selection|learner-definition|category|display-reading|curriculum-priority,remaining
踢,2552,2617,kick,general,RMAPH,RH,3,source-attested-unreviewed,hk-selection|learner-definition|category|display-reading|curriculum-priority,remaining
穎,2553,2618,rice tassel; sharp point; clever,food,PDMBC,PC,2,source-attested-unreviewed,hk-selection|learner-definition|category|display-reading|curriculum-priority,remaining
糙,2554,2619,"coarse, harsh, rough, unpolished rice",food,FDYHR,FR,2,source-attested-unreviewed,hk-selection|learner-definition|category|display-reading|curriculum-priority,remaining
鴻,2555,2620,species of wild swan; vast,general,EMHF,EF,3,source-attested-unreviewed,hk-selection|learner-definition|category|display-reading|curriculum-priority,remaining
黝,2556,2621,black,general,WFVIS,WS,3,source-attested-unreviewed,hk-selection|learner-definition|category|display-reading|curriculum-priority,remaining
蹣,2557,2622,to jump over; to limp,general,RMTLB,RB,5,source-attested-unreviewed,hk-selection|learner-definition|category|display-reading|curriculum-priority,remaining
礙,2558,2623,"obstruct, hinder, block, deter",general,MRPKO,MO,3,source-attested-unreviewed,hk-selection|learner-definition|category|display-reading|curriculum-priority,remaining
鏟,2559,2624,"spade, shovel, trowel, scoop",general,CYHM,CM,2,source-attested-unreviewed,hk-selection|learner-definition|category|display-reading|curriculum-priority,remaining
鏈,2560,2625,"chain, wire, cable; chain, shack",general,CYJJ,CJ,4,source-attested-unreviewed,hk-selection|learner-definition|category|display-reading|curriculum-priority,remaining
攙,2561,2626,"to give a helping hand; to support, hold up",actions,QNRI,QI,3,source-attested-unreviewed,hk-selection|learner-definition|category|display-reading|curriculum-priority,remaining
蘑,2562,2627,type of edible mushroom,general,TICR,TR,2,source-attested-unreviewed,hk-selection|learner-definition|category|display-reading|curriculum-priority,remaining
鐺,2563,2628,frying pan; warming vessel,general,CFBW,CW,6,source-attested-unreviewed,hk-selection|learner-definition|category|display-reading|curriculum-priority,remaining
攤,2564,2629,"spread out, open; apportion",general,QTOG,QG,3,source-attested-unreviewed,hk-selection|learner-definition|category|display-reading|curriculum-priority,remaining
籤,2565,2630,tally; lot; marker,general,HOIM,HM,2,source-attested-unreviewed,hk-selection|learner-definition|category|display-reading|curriculum-priority,remaining
矗,2566,2631,"straight, upright, erect, lofty",general,JMJMM,JM,2,source-attested-unreviewed,hk-selection|learner-definition|category|display-reading|curriculum-priority,remaining
鬢,2567,2632,hair on the temples,general,SHJMC,SC,2,source-attested-unreviewed,hk-selection|learner-definition|category|display-reading|curriculum-priority,remaining
籮,2568,2633,bamboo basket,general,HWLG,HG,2,source-attested-unreviewed,hk-selection|learner-definition|category|display-reading|curriculum-priority,remaining
啥,2569,2635,what?,general,ROMR,RR,3,source-attested-unreviewed,hk-selection|learner-definition|category|display-reading|curriculum-priority,remaining
菇,2570,2636,mushrooms,general,TVJR,TR,3,source-attested-unreviewed,hk-selection|learner-definition|category|display-reading|curriculum-priority,remaining
乃,2571,2638,"then; really, indeed; as it turned out, after all; namely",general,NHS,NS,4,source-attested-unreviewed,hk-selection|learner-definition|category|display-reading|curriculum-priority,remaining
叨,2572,2639,talkative; quarrelous,general,RSH,RH,4,source-attested-unreviewed,hk-selection|learner-definition|category|display-reading|curriculum-priority,remaining
叼,2573,2640,hold in mouth,general,RSM,RM,2,source-attested-unreviewed,hk-selection|learner-definition|category|display-reading|curriculum-priority,remaining
吭,2574,2641,throat,general,RYHN,RN,5,source-attested-unreviewed,hk-selection|learner-definition|category|display-reading|curriculum-priority,remaining
廷,2575,2642,court,general,NKHG,NG,2,source-attested-unreviewed,hk-selection|learner-definition|category|display-reading|curriculum-priority,remaining
拇,2576,2643,thumb; big toe,general,QWYI,QI,3,source-attested-unreviewed,hk-selection|learner-definition|category|display-reading|curriculum-priority,remaining
拎,2577,2644,to haul; to lift; to take,actions,QOII,QI,3,source-attested-unreviewed,hk-selection|learner-definition|category|display-reading|curriculum-priority,remaining
芹,2578,2645,celery,general,THML,TL,2,source-attested-unreviewed,hk-selection|learner-definition|category|display-reading|curriculum-priority,remaining
侮,2579,2646,"insult, ridicule, disgrace",general,OOWY,OY,2,source-attested-unreviewed,hk-selection|learner-definition|category|display-reading|curriculum-priority,remaining
巷,2580,2647,"alley, lane",general,TCRU,TU,4,source-attested-unreviewed,hk-selection|learner-definition|category|display-reading|curriculum-priority,remaining
昧,2581,2648,"obscure, dark; darken",general,AJD,AD,4,source-attested-unreviewed,hk-selection|learner-definition|category|display-reading|curriculum-priority,remaining
耶,2582,2649,used in transliteration,general,SJNL,SL,4,source-attested-unreviewed,hk-selection|learner-definition|category|display-reading|curriculum-priority,remaining
胃,2583,2650,"stomach; gizzard of fowl; 17th lunar mansion, determinative star 35 Arietis",general,WB,WB,2,source-attested-unreviewed,hk-selection|learner-definition|category|display-reading|curriculum-priority,remaining
倚,2584,2651,"rely on, depend on; lean heavily",general,OKMR,OR,4,source-attested-unreviewed,hk-selection|learner-definition|category|display-reading|curriculum-priority,remaining
冤,2585,2652,"grievance, injustice, wrong",general,BNAI,BI,2,source-attested-unreviewed,hk-selection|learner-definition|category|display-reading|curriculum-priority,remaining
峨,2586,2653,lofty,general,UHQI,UI,2,source-attested-unreviewed,hk-selection|learner-definition|category|display-reading|curriculum-priority,remaining
矩,2587,2654,"carpenter's square, ruler, rule",general,OKSS,OS,3,source-attested-unreviewed,hk-selection|learner-definition|category|display-reading|curriculum-priority,remaining
砸,2588,2655,"smash, crush, break; pound, mash",general,MRSLB,MB,2,source-attested-unreviewed,hk-selection|learner-definition|category|display-reading|curriculum-priority,remaining
娶,2589,2656,"marry, take wife",actions,SEV,SV,4,source-attested-unreviewed,hk-selection|learner-definition|category|display-reading|curriculum-priority,remaining
淙,2590,2657,gurgling sound of water,nature,EJMF,EF,3,source-attested-unreviewed,hk-selection|learner-definition|category|display-reading|curriculum-priority,remaining
笙,2591,2658,small gourd-shaped musical instrument,general,HHQM,HM,2,source-attested-unreviewed,hk-selection|learner-definition|category|display-reading|curriculum-priority,remaining
莉,2592,2659,white jasmine,general,THDN,TN,4,source-attested-unreviewed,hk-selection|learner-definition|category|display-reading|curriculum-priority,remaining
喃,2593,2660,"keep talking, chattering; mumble",general,RJBJ,RJ,3,source-attested-unreviewed,hk-selection|learner-definition|category|display-reading|curriculum-priority,remaining
喉,2594,2661,"throat, gullet, larynx; guttural",general,RONK,RK,2,source-attested-unreviewed,hk-selection|learner-definition|category|display-reading|curriculum-priority,remaining
堪,2595,2662,"adequately capable of, worthy of",general,GTMV,GV,3,source-attested-unreviewed,hk-selection|learner-definition|category|display-reading|curriculum-priority,remaining
惠,2596,2663,"favor, benefit, confer kindness",general,JIP,JP,2,source-attested-unreviewed,hk-selection|learner-definition|category|display-reading|curriculum-priority,remaining
棍,2597,2664,"stick, cudgel; scoundrel",general,DAPP,DP,5,source-attested-unreviewed,hk-selection|learner-definition|category|display-reading|curriculum-priority,remaining
琦,2598,2665,"gem, precious stone, jade",general,MGKMR,MR,2,source-attested-unreviewed,hk-selection|learner-definition|category|display-reading|curriculum-priority,remaining
脾,2599,2666,"spleen, pancreas; disposition",general,BHWJ,BJ,5,source-attested-unreviewed,hk-selection|learner-definition|category|display-reading|curriculum-priority,remaining
蛤,2600,2667,clam,general,LIOMR,LR,7,source-attested-unreviewed,hk-selection|learner-definition|category|display-reading|curriculum-priority,remaining
閒,2601,2668,"leisure; idle; peaceful, tranquil, calm",general,ANB,AB,5,source-attested-unreviewed,hk-selection|learner-definition|category|display-reading|curriculum-priority,remaining
嫌,2602,2669,"hate, detest; suspect; criticize",general,VTXC,VC,2,source-attested-unreviewed,hk-selection|learner-definition|category|display-reading|curriculum-priority,remaining
暇,2603,2670,"leisure, relaxation, spare time",general,ARSE,AE,4,source-attested-unreviewed,hk-selection|learner-definition|category|display-reading|curriculum-priority,remaining
禽,2604,2671,"birds, fowl; surname; capture",people,OYUB,OB,2,source-attested-unreviewed,hk-selection|learner-definition|category|display-reading|curriculum-priority,remaining
稚,2605,2672,"young, immature; childhood",general,HDOG,HG,2,source-attested-unreviewed,hk-selection|learner-definition|category|display-reading|curriculum-priority,remaining
粱,2606,2673,better varieties of millet,general,ECFD,ED,2,source-attested-unreviewed,hk-selection|learner-definition|category|display-reading|curriculum-priority,remaining
腮,2607,2674,lower part of face; jaw; gills of a fish,general,BWP,BP,2,source-attested-unreviewed,hk-selection|learner-definition|category|display-reading|curriculum-priority,remaining
詢,2608,2675,"inquire into, ask about; consult",general,YRPA,YA,2,source-attested-unreviewed,hk-selection|learner-definition|category|display-reading|curriculum-priority,remaining
閘,2609,2676,"sluice; flood gate, canal lock",general,ANWL,AL,4,source-attested-unreviewed,hk-selection|learner-definition|category|display-reading|curriculum-priority,remaining
馱,2610,2677,carry on back,general,SFK,SK,5,source-attested-unreviewed,hk-selection|learner-definition|category|display-reading|curriculum-priority,remaining
嗽,2611,2678,"cough, gargle, clear throat",general,RDLO,RO,5,source-attested-unreviewed,hk-selection|learner-definition|category|display-reading|curriculum-priority,remaining
寨,2612,2680,"stockade, stronghold, outpost; brothel",general,JTCD,JD,4,source-attested-unreviewed,hk-selection|learner-definition|category|display-reading|curriculum-priority,remaining
綴,2613,2681,"patch together, link, connect",general,VFEEE,VE,6,source-attested-unreviewed,hk-selection|learner-definition|category|display-reading|curriculum-priority,remaining
舔,2614,2682,lick with tongue; taste,general,HRHKP,HP,3,source-attested-unreviewed,hk-selection|learner-definition|category|display-reading|curriculum-priority,remaining
魁,2615,2683,chief; leader; best; monstrous,general,HIYJ,HJ,4,source-attested-unreviewed,hk-selection|learner-definition|category|display-reading|curriculum-priority,remaining
蔽,2616,2684,"cover, hide, conceal; shelter",general,TFBK,TK,4,source-attested-unreviewed,hk-selection|learner-definition|category|display-reading|curriculum-priority,remaining
魄,2617,2685,vigor; body; dark part of moon,nature,HAHUI,HI,6,source-attested-unreviewed,hk-selection|learner-definition|category|display-reading|curriculum-priority,remaining
墾,2618,2686,"cultivate, reclaim, to farm land",general,BVG,BG,2,source-attested-unreviewed,hk-selection|learner-definition|category|display-reading|curriculum-priority,remaining
熾,2619,2687,"burning-hot, intense; to burn, blaze; splendid, illustrious",general,FYIA,FA,2,source-attested-unreviewed,hk-selection|learner-definition|category|display-reading|curriculum-priority,remaining
諾,2620,2688,"promise; assent, approve",general,YRTKR,YR,2,source-attested-unreviewed,hk-selection|learner-definition|category|display-reading|curriculum-priority,remaining
錦,2621,2689,"brocade, tapestry; embroidered",general,CHAB,CB,2,source-attested-unreviewed,hk-selection|learner-definition|category|display-reading|curriculum-priority,remaining
霖,2622,2690,"long spell of rain, copious rain",nature,MBDD,MD,2,source-attested-unreviewed,hk-selection|learner-definition|category|display-reading|curriculum-priority,remaining
蟆,2623,2691,"frog, toad",general,LITAK,LK,5,source-attested-unreviewed,hk-selection|learner-definition|category|display-reading|curriculum-priority,remaining
璧,2624,2692,piece of jade with hole in it,general,SJMGI,SI,2,source-attested-unreviewed,hk-selection|learner-definition|category|display-reading|curriculum-priority,remaining
雛,2625,2693,"chick, fledging; infant, toddler",general,PUOG,PG,4,source-attested-unreviewed,hk-selection|learner-definition|category|display-reading|curriculum-priority,remaining
襟,2626,2694,"lapel, collar",general,LDDF,LF,2,source-attested-unreviewed,hk-selection|learner-definition|category|display-reading|curriculum-priority,remaining
顛,2627,2695,"top, peak, summit; upset",general,JCMBC,JC,2,source-attested-unreviewed,hk-selection|learner-definition|category|display-reading|curriculum-priority,remaining
驅,2628,2696,"spur a horse on; expel, drive away",general,SFSRR,SR,2,source-attested-unreviewed,hk-selection|learner-definition|category|display-reading|curriculum-priority,remaining
韁,2629,2697,"reins, halter; bridle",general,TJMWM,TM,2,source-attested-unreviewed,hk-selection|learner-definition|category|display-reading|curriculum-priority,remaining
邏,2630,2698,patrol; inspect; watch,general,YWLG,YG,3,source-attested-unreviewed,hk-selection|learner-definition|category|display-reading|curriculum-priority,remaining
乞,2631,2702,beg; request,general,ON,ON,3,source-attested-unreviewed,hk-selection|learner-definition|category|display-reading|curriculum-priority,remaining
囚,2632,2703,"prisoner, convict; confine",general,WO,WO,2,source-attested-unreviewed,hk-selection|learner-definition|category|display-reading|curriculum-priority,remaining
矛,2633,2704,"spear, lance; Kangxi radical 110",general,NINH,NH,2,source-attested-unreviewed,hk-selection|learner-definition|category|display-reading|curriculum-priority,remaining
汝,2634,2705,you,general,EV,EV,2,source-attested-unreviewed,hk-selection|learner-definition|category|display-reading|curriculum-priority,remaining
灶,2635,2706,"kitchen stove, cooking stove",general,FG,FG,2,source-attested-unreviewed,hk-selection|learner-definition|category|display-reading|curriculum-priority,remaining
牡,2636,2707,male of animals; bolt of door,general,HQG,HG,2,source-attested-unreviewed,hk-selection|learner-definition|category|display-reading|curriculum-priority,remaining
呻,2637,2708,"groan, moan; recite with intonation",general,RLWL,RL,2,source-attested-unreviewed,hk-selection|learner-definition|category|display-reading|curriculum-priority,remaining
拌,2638,2709,mix,general,QFQ,QQ,3,source-attested-unreviewed,hk-selection|learner-definition|category|display-reading|curriculum-priority,remaining
秉,2639,2710,"grasp, hold; bundle; authority",general,HDL,HL,2,source-attested-unreviewed,hk-selection|learner-definition|category|display-reading|curriculum-priority,remaining
肪,2640,2711,animal fat,general,BYHS,BS,2,source-attested-unreviewed,hk-selection|learner-definition|category|display-reading|curriculum-priority,remaining
陀,2641,2712,"steep bank, rough terrain",general,NLJP,NP,3,source-attested-unreviewed,hk-selection|learner-definition|category|display-reading|curriculum-priority,remaining
哀,2642,2713,"sad, mournful, pitiful; pity",general,YRHV,YV,2,source-attested-unreviewed,hk-selection|learner-definition|category|display-reading|curriculum-priority,remaining
奕,2643,2714,"in sequence, orderly; abundant",general,YCK,YK,2,source-attested-unreviewed,hk-selection|learner-definition|category|display-reading|curriculum-priority,remaining
拱,2644,2715,"fold hands on breast; bow, salute",general,QTC,QC,3,source-attested-unreviewed,hk-selection|learner-definition|category|display-reading|curriculum-priority,remaining
盾,2645,2716,"shield, shield-shaped object; currency sign for Dutch guilder",general,HJBU,HU,4,source-attested-unreviewed,hk-selection|learner-definition|category|display-reading|curriculum-priority,remaining
苔,2646,2717,"moss, lichen",general,TIR,TR,4,source-attested-unreviewed,hk-selection|learner-definition|category|display-reading|curriculum-priority,remaining
苟,2647,2718,"careless, frivolous; illicit; grammatical particle: if, but, if only; surname; grass name",people,TPR,TR,3,source-attested-unreviewed,hk-selection|learner-definition|category|display-reading|curriculum-priority,remaining
倦,2648,2719,"be tired of, weary",general,OFQU,OU,2,source-attested-unreviewed,hk-selection|learner-definition|category|display-reading|curriculum-priority,remaining
砲,2649,2720,"gun, cannon",general,MRPRU,MU,4,source-attested-unreviewed,hk-selection|learner-definition|category|display-reading|curriculum-priority,remaining
紐,2650,2721,"knot; button; handle, knob; tie",general,VFNG,VG,2,source-attested-unreviewed,hk-selection|learner-definition|category|display-reading|curriculum-priority,remaining
茵,2651,2722,"a cushion, mattress; wormwood; Skimmia japon",general,TWK,TK,2,source-attested-unreviewed,hk-selection|learner-definition|category|display-reading|curriculum-priority,remaining
豺,2652,2723,"wolf; cruel, wicked, mean",general,BHDH,BH,2,source-attested-unreviewed,hk-selection|learner-definition|category|display-reading|curriculum-priority,remaining
釗,2653,2724,"endeavor, strive; encourage; cut",general,CLN,CN,2,source-attested-unreviewed,hk-selection|learner-definition|category|display-reading|curriculum-priority,remaining
偵,2654,2725,"spy, reconnoiter; detective",general,OYBC,OC,3,source-attested-unreviewed,hk-selection|learner-definition|category|display-reading|curriculum-priority,remaining
婉,2655,2726,"amiable, congenial; restrained",general,VJNU,VU,2,source-attested-unreviewed,hk-selection|learner-definition|category|display-reading|curriculum-priority,remaining
婪,2656,2727,"covet; covetous, avaricious",general,DDV,DV,3,source-attested-unreviewed,hk-selection|learner-definition|category|display-reading|curriculum-priority,remaining
崔,2657,2728,"high, lofty, towering; surname",people,UOG,UG,2,source-attested-unreviewed,hk-selection|learner-definition|category|display-reading|curriculum-priority,remaining
掄,2658,2729,"swing, brandish, flourish",general,QOMB,QB,3,source-attested-unreviewed,hk-selection|learner-definition|category|display-reading|curriculum-priority,remaining
梗,2659,2730,"stem of flower, branch of plant",general,DMLK,DK,2,source-attested-unreviewed,hk-selection|learner-definition|category|display-reading|curriculum-priority,remaining
梆,2660,2731,watchman's rattle,general,DQJL,DL,2,source-attested-unreviewed,hk-selection|learner-definition|category|display-reading|curriculum-priority,remaining
淌,2661,2732,trickle; flow down; drip,general,EFBR,ER,4,source-attested-unreviewed,hk-selection|learner-definition|category|display-reading|curriculum-priority,remaining
嵌,2662,2733,"inlay, set in; fall into; rugged",general,UTMO,UO,5,source-attested-unreviewed,hk-selection|learner-definition|category|display-reading|curriculum-priority,remaining
廂,2663,2734,"side-room, wing; theatre box",general,IDBU,IU,2,source-attested-unreviewed,hk-selection|learner-definition|category|display-reading|curriculum-priority,remaining
惱,2664,2735,"angered, filled with hate",general,PVVW,PW,2,source-attested-unreviewed,hk-selection|learner-definition|category|display-reading|curriculum-priority,remaining
湘,2665,2736,alternate name for Hunan,general,EDBU,EU,2,source-attested-unreviewed,hk-selection|learner-definition|category|display-reading|curriculum-priority,remaining
盜,2666,2737,"rob, steal; thief, bandit",general,EOBT,ET,2,source-attested-unreviewed,hk-selection|learner-definition|category|display-reading|curriculum-priority,remaining
菲,2667,2738,"fragrant, luxuriant; the Philippines",general,TLMY,TY,5,source-attested-unreviewed,hk-selection|learner-definition|category|display-reading|curriculum-priority,remaining
雅,2668,2739,"elegant, graceful, refined",general,MHOG,MG,4,source-attested-unreviewed,hk-selection|learner-definition|category|display-reading|curriculum-priority,remaining
催,2669,2740,"press, urge",general,OUOG,OG,2,source-attested-unreviewed,hk-selection|learner-definition|category|display-reading|curriculum-priority,remaining
媳,2670,2741,daughter-in-law,general,VHUP,VP,2,source-attested-unreviewed,hk-selection|learner-definition|category|display-reading|curriculum-priority,remaining
搗,2671,2742,"hull; thresh; beat, attack",general,QHAU,QU,2,source-attested-unreviewed,hk-selection|learner-definition|category|display-reading|curriculum-priority,remaining
煌,2672,2743,"bright, shining, luminous",general,FHAG,FG,2,source-attested-unreviewed,hk-selection|learner-definition|category|display-reading|curriculum-priority,remaining
痰,2673,2744,"phlegm, mucus, spittle",general,KFF,KF,2,source-attested-unreviewed,hk-selection|learner-definition|category|display-reading|curriculum-priority,remaining
筷,2674,2745,chopsticks,general,HPDK,HK,2,source-attested-unreviewed,hk-selection|learner-definition|category|display-reading|curriculum-priority,remaining
虜,2675,2746,"to capture, imprison, seize; a prison",general,YPWKS,YS,2,source-attested-unreviewed,hk-selection|learner-definition|category|display-reading|curriculum-priority,remaining
違,2676,2747,"disobey, violate, defy; be apart from",general,YDMQ,YQ,3,source-attested-unreviewed,hk-selection|learner-definition|category|display-reading|curriculum-priority,remaining
鈸,2677,2748,cymbals,general,CIKE,CE,2,source-attested-unreviewed,hk-selection|learner-definition|category|display-reading|curriculum-priority,remaining
鳩,2678,2749,"pigeon, dove; collect, assemble",general,KNHAF,KF,5,source-attested-unreviewed,hk-selection|learner-definition|category|display-reading|curriculum-priority,remaining
廓,2679,2750,"broad, wide, open, empty; to expand",general,IYDL,IL,3,source-attested-unreviewed,hk-selection|learner-definition|category|display-reading|curriculum-priority,remaining
摟,2680,2751,"hug, embrace; drag, pull",general,QLLV,QV,4,source-attested-unreviewed,hk-selection|learner-definition|category|display-reading|curriculum-priority,remaining
瞄,2681,2752,take aim at; look at,actions,BUTW,BW,2,source-attested-unreviewed,hk-selection|learner-definition|category|display-reading|curriculum-priority,remaining
竭,2682,2753,put forth great effort; exhaust,general,YTAPV,YV,2,source-attested-unreviewed,hk-selection|learner-definition|category|display-reading|curriculum-priority,remaining
裸,2683,2754,"bare, nude; undress, strip",general,LWD,LD,2,source-attested-unreviewed,hk-selection|learner-definition|category|display-reading|curriculum-priority,remaining
魂,2684,2755,"soul, spirit",general,MIHUI,MI,2,source-attested-unreviewed,hk-selection|learner-definition|category|display-reading|curriculum-priority,remaining
膛,2685,2756,"chest; hollow space, cavity",general,BFBG,BG,3,source-attested-unreviewed,hk-selection|learner-definition|category|display-reading|curriculum-priority,remaining
膝,2686,2757,knee,general,BDOE,BE,2,source-attested-unreviewed,hk-selection|learner-definition|category|display-reading|curriculum-priority,remaining
遨,2687,2758,"ramble, roam; travel for pleasure",general,YGSK,YK,3,source-attested-unreviewed,hk-selection|learner-definition|category|display-reading|curriculum-priority,remaining
橙,2688,2759,orange,general,DNOT,DT,4,source-attested-unreviewed,hk-selection|learner-definition|category|display-reading|curriculum-priority,remaining
橢,2689,2760,"oval-shaped, elliptical, tubular",general,DNLB,DB,3,source-attested-unreviewed,hk-selection|learner-definition|category|display-reading|curriculum-priority,remaining
澳,2690,2761,"inlet, bay; dock, bank",general,EHBK,EK,3,source-attested-unreviewed,hk-selection|learner-definition|category|display-reading|curriculum-priority,remaining
膩,2691,2762,"greasy, oily, dirty; smooth",general,BIPC,BC,2,source-attested-unreviewed,hk-selection|learner-definition|category|display-reading|curriculum-priority,remaining
膨,2692,2763,"to swell; swollen, bloated, inflated",general,BGTH,BH,3,source-attested-unreviewed,hk-selection|learner-definition|category|display-reading|curriculum-priority,remaining
諫,2693,2764,"remonstrate, admonish",general,YRDWF,YF,3,source-attested-unreviewed,hk-selection|learner-definition|category|display-reading|curriculum-priority,remaining
骼,2694,2765,bone; skeleton; corpse,general,BBHER,BR,2,source-attested-unreviewed,hk-selection|learner-definition|category|display-reading|curriculum-priority,remaining
擰,2695,2766,"pinch; twist, wring; determined",general,QJPN,QN,4,source-attested-unreviewed,hk-selection|learner-definition|category|display-reading|curriculum-priority,remaining
篷,2696,2767,"awning, covering; sail; boat",general,HYHJ,HJ,3,source-attested-unreviewed,hk-selection|learner-definition|category|display-reading|curriculum-priority,remaining
賺,2697,2768,"make money, earn; gain, profit",actions,BCTXC,BC,3,source-attested-unreviewed,hk-selection|learner-definition|category|display-reading|curriculum-priority,remaining
擾,2698,2769,"disturb, annoy, agitate",general,QMBE,QE,2,source-attested-unreviewed,hk-selection|learner-definition|category|display-reading|curriculum-priority,remaining
瞿,2699,2770,surname,people,BUOG,BG,4,source-attested-unreviewed,hk-selection|learner-definition|category|display-reading|curriculum-priority,remaining
簫,2700,2771,"musical instrument like pan-pipes, bamboo flute",general,HLX,HX,3,source-attested-unreviewed,hk-selection|learner-definition|category|display-reading|curriculum-priority,remaining
闖,2701,2772,"rush in, burst in, charge in",general,ANSQF,AF,3,source-attested-unreviewed,hk-selection|learner-definition|category|display-reading|curriculum-priority,remaining
曠,2702,2773,"extensive, wide, broad; empty",general,AITC,AC,3,source-attested-unreviewed,hk-selection|learner-definition|category|display-reading|curriculum-priority,remaining
蟹,2703,2774,crab,general,NQLMI,NI,2,source-attested-unreviewed,hk-selection|learner-definition|category|display-reading|curriculum-priority,remaining
蠢,2704,2776,wriggle; stupid; silly; fat,general,QALII,QI,2,source-attested-unreviewed,hk-selection|learner-definition|category|display-reading|curriculum-priority,remaining
囑,2705,2777,"order, tell, instruct, leave word",general,RSEI,RI,2,source-attested-unreviewed,hk-selection|learner-definition|category|display-reading|curriculum-priority,remaining
汀,2706,2783,"sandbar, beach, bank, shore",general,EMN,EN,5,source-attested-unreviewed,hk-selection|learner-definition|category|display-reading|curriculum-priority,remaining
嚮,2707,2784,"guide, direct; incline to, favor",general,VLHBR,VR,3,source-attested-unreviewed,hk-selection|learner-definition|category|display-reading|curriculum-priority,remaining
傭,2708,2785,"hire, employ, charter; servant",general,OILB,OB,4,source-attested-unreviewed,hk-selection|learner-definition|category|display-reading|curriculum-priority,remaining
吻,2709,2786,kiss; the lips; coinciding,general,RPHH,RH,2,source-attested-unreviewed,hk-selection|learner-definition|category|display-reading|curriculum-priority,remaining
扳,2710,2787,pull; drag; right itself,general,QHE,QE,3,source-attested-unreviewed,hk-selection|learner-definition|category|display-reading|curriculum-priority,remaining
甫,2711,2788,"begin; man, father; great; a distance of ten li",people,IJB,IB,7,source-attested-unreviewed,hk-selection|learner-definition|category|display-reading|curriculum-priority,remaining
肝,2712,2789,liver,general,BMJ,BJ,2,source-attested-unreviewed,hk-selection|learner-definition|category|display-reading|curriculum-priority,remaining
刮,2713,2790,"shave, pare off, scrape",general,HRLN,HN,2,source-attested-unreviewed,hk-selection|learner-definition|category|display-reading|curriculum-priority,remaining
坪,2714,2791,level ground; Japanese measure,general,GMFJ,GJ,2,source-attested-unreviewed,hk-selection|learner-definition|category|display-reading|curriculum-priority,remaining
姆,2715,2792,child's governess; matron,people,VWYI,VI,2,source-attested-unreviewed,hk-selection|learner-definition|category|display-reading|curriculum-priority,remaining
垠,2716,2793,"boundary, bank of stream or river",general,GAV,GV,3,source-attested-unreviewed,hk-selection|learner-definition|category|display-reading|curriculum-priority,remaining
契,2717,2794,"deed, contract, bond; engrave",general,QHK,QK,6,source-attested-unreviewed,hk-selection|learner-definition|category|display-reading|curriculum-priority,remaining
恃,2718,2795,"rely on, presume on, trust to",general,PGDI,PI,3,source-attested-unreviewed,hk-selection|learner-definition|category|display-reading|curriculum-priority,remaining
紉,2719,2797,"thread needle, sew stitch, string",general,VFSHI,VI,2,source-attested-unreviewed,hk-selection|learner-definition|category|display-reading|curriculum-priority,remaining
茉,2720,2798,white jasmine,general,TDJ,TJ,2,source-attested-unreviewed,hk-selection|learner-definition|category|display-reading|curriculum-priority,remaining
赴,2721,2799,"go to; attend, be present",actions,GOY,GY,2,source-attested-unreviewed,hk-selection|learner-definition|category|display-reading|curriculum-priority,remaining
准,2722,2800,"approve, allow, permit; in accord",general,IMOG,IG,2,source-attested-unreviewed,hk-selection|learner-definition|category|display-reading|curriculum-priority,remaining
峪,2723,2802,"valley, ravine",general,UCOR,UR,2,source-attested-unreviewed,hk-selection|learner-definition|category|display-reading|curriculum-priority,remaining
捎,2724,2803,to select; to take; to carry,actions,QFB,QB,6,source-attested-unreviewed,hk-selection|learner-definition|category|display-reading|curriculum-priority,remaining
挾,2725,2804,clasp under arm; hold to bosom,general,QKOO,QO,4,source-attested-unreviewed,hk-selection|learner-definition|category|display-reading|curriculum-priority,remaining
狽,2726,2805,a legendary animal with short forelegs which rode a wolf,general,KHBUC,KC,2,source-attested-unreviewed,hk-selection|learner-definition|category|display-reading|curriculum-priority,remaining
租,2727,2806,"rent, lease; rental; tax",general,HDBM,HM,3,source-attested-unreviewed,hk-selection|learner-definition|category|display-reading|curriculum-priority,remaining
袁,2728,2807,robe; surname,people,GRHV,GV,2,source-attested-unreviewed,hk-selection|learner-definition|category|display-reading|curriculum-priority,remaining
婚,2729,2808,"get married; marriage, wedding",general,VHPA,VA,2,source-attested-unreviewed,hk-selection|learner-definition|category|display-reading|curriculum-priority,remaining
惋,2730,2809,"regret, be sorry; alarmed",general,PJNU,PU,3,source-attested-unreviewed,hk-selection|learner-definition|category|display-reading|curriculum-priority,remaining
敝,2731,2810,"break, destroy; broken, tattered",general,FBOK,FK,2,source-attested-unreviewed,hk-selection|learner-definition|category|display-reading|curriculum-priority,remaining
梭,2732,2811,weaver's shuttle; go to and fro,actions,DICE,DE,3,source-attested-unreviewed,hk-selection|learner-definition|category|display-reading|curriculum-priority,remaining
氫,2733,2812,"hydrogen (element 1, H)",general,ONMVM,OM,2,source-attested-unreviewed,hk-selection|learner-definition|category|display-reading|curriculum-priority,remaining
烽,2734,2813,signal fire; signal tower,nature,FHEJ,FJ,2,source-attested-unreviewed,hk-selection|learner-definition|category|display-reading|curriculum-priority,remaining
笠,2735,2814,bamboo hat; bamboo covering,general,HYT,HT,2,source-attested-unreviewed,hk-selection|learner-definition|category|display-reading|curriculum-priority,remaining
缽,2736,2815,earthenware basin; alms bowl,general,OUDM,OM,2,source-attested-unreviewed,hk-selection|learner-definition|category|display-reading|curriculum-priority,remaining
脯,2737,2816,dried meat; preserved fruits,food,BIJB,BB,5,source-attested-unreviewed,hk-selection|learner-definition|category|display-reading|curriculum-priority,remaining
舷,2738,2817,"the sides of a boat, bulwarks; a gunwale",general,HYYVI,HI,2,source-attested-unreviewed,hk-selection|learner-definition|category|display-reading|curriculum-priority,remaining
莓,2739,2818,moss; edible berries,general,TOWY,TY,2,source-attested-unreviewed,hk-selection|learner-definition|category|display-reading|curriculum-priority,remaining
逛,2740,2819,"ramble, stroll, roam, wander",general,YKHG,YG,3,source-attested-unreviewed,hk-selection|learner-definition|category|display-reading|curriculum-priority,remaining
揪,2741,2820,"grasp with hand, pinch",general,QHDF,QF,2,source-attested-unreviewed,hk-selection|learner-definition|category|display-reading|curriculum-priority,remaining
萎,2742,2822,"wither, wilt",general,THDV,TV,5,source-attested-unreviewed,hk-selection|learner-definition|category|display-reading|curriculum-priority,remaining
蛟,2743,2823,scaly dragon with four legs,numbers,LIYCK,LK,2,source-attested-unreviewed,hk-selection|learner-definition|category|display-reading|curriculum-priority,remaining
貿,2744,2824,"trade, barter; mixed; rashly",general,HHBUC,HC,2,source-attested-unreviewed,hk-selection|learner-definition|category|display-reading|curriculum-priority,remaining
跌,2745,2825,"stumble, slip, fall down; stamp",general,RMHQO,RO,4,source-attested-unreviewed,hk-selection|learner-definition|category|display-reading|curriculum-priority,remaining
嗅,2746,2826,"smell, scent, sniff; olfactive",general,RHUK,RK,2,source-attested-unreviewed,hk-selection|learner-definition|category|display-reading|curriculum-priority,remaining
愚,2747,2827,"stupid, doltish, foolish",general,WBP,WP,2,source-attested-unreviewed,hk-selection|learner-definition|category|display-reading|curriculum-priority,remaining
搪,2748,2828,"ward off, evade; parry; block",general,QILR,QR,3,source-attested-unreviewed,hk-selection|learner-definition|category|display-reading|curriculum-priority,remaining
煦,2749,2829,"kind, gentle, gracious, genial",general,ARF,AF,4,source-attested-unreviewed,hk-selection|learner-definition|category|display-reading|curriculum-priority,remaining
煥,2750,2830,"shining, brilliant, lustrous",general,FNBK,FK,2,source-attested-unreviewed,hk-selection|learner-definition|category|display-reading|curriculum-priority,remaining
瑚,2751,2831,coral; person of virtue,people,MGJRB,MB,2,source-attested-unreviewed,hk-selection|learner-definition|category|display-reading|curriculum-priority,remaining
蜀,2752,2832,"one of the Three Kingdoms, established by Liu Bei",numbers,WLPLI,WI,2,source-attested-unreviewed,hk-selection|learner-definition|category|display-reading|curriculum-priority,remaining
僧,2753,2833,"Buddhist priest, monk; san of Sanskrit sangha",general,OCWA,OA,3,source-attested-unreviewed,hk-selection|learner-definition|category|display-reading|curriculum-priority,remaining
厭,2754,2834,"dislike, detest, reject; satiate",general,MABK,MK,6,source-attested-unreviewed,hk-selection|learner-definition|category|display-reading|curriculum-priority,remaining
寡,2755,2835,"widowed; alone, friendless",general,JMCH,JH,2,source-attested-unreviewed,hk-selection|learner-definition|category|display-reading|curriculum-priority,remaining
屢,2756,2836,"frequently, often, again and again",general,SLLV,SV,2,source-attested-unreviewed,hk-selection|learner-definition|category|display-reading|curriculum-priority,remaining
慚,2757,2837,"ashamed, humiliated; shameful",general,PJJL,PL,2,source-attested-unreviewed,hk-selection|learner-definition|category|display-reading|curriculum-priority,remaining
澈,2758,2838,"thoroughly, completely",general,EYBK,EK,2,source-attested-unreviewed,hk-selection|learner-definition|category|display-reading|curriculum-priority,remaining
碟,2759,2839,"small dish, plate",general,MRPTD,MD,3,source-attested-unreviewed,hk-selection|learner-definition|category|display-reading|curriculum-priority,remaining
蝕,2760,2840,nibble away; erode; eclipse,general,OILMI,OI,5,source-attested-unreviewed,hk-selection|learner-definition|category|display-reading|curriculum-priority,remaining
障,2761,2841,separate; shield; barricade,general,NLYTJ,NJ,3,source-attested-unreviewed,hk-selection|learner-definition|category|display-reading|curriculum-priority,remaining
廟,2762,2842,"temple, shrine; imperial court",general,IJJB,IB,3,source-attested-unreviewed,hk-selection|learner-definition|category|display-reading|curriculum-priority,remaining
摹,2763,2843,"trace, copy, duplicate; pattern",general,TAKQ,TQ,3,source-attested-unreviewed,hk-selection|learner-definition|category|display-reading|curriculum-priority,remaining
熬,2764,2845,"cook down, to boil; endure",general,GKF,GF,4,source-attested-unreviewed,hk-selection|learner-definition|category|display-reading|curriculum-priority,remaining
瞇,2765,2846,to close (the eyes); to squint,general,BUYFD,BD,6,source-attested-unreviewed,hk-selection|learner-definition|category|display-reading|curriculum-priority,remaining
蔓,2766,2847,"creeping plants, tendrils, vines",general,TAWE,TE,5,source-attested-unreviewed,hk-selection|learner-definition|category|display-reading|curriculum-priority,remaining
蔡,2767,2848,surname; species of tortoise,people,TBOF,TF,4,source-attested-unreviewed,hk-selection|learner-definition|category|display-reading|curriculum-priority,remaining
劑,2768,2849,medicinal preparation,general,YXLN,YN,2,source-attested-unreviewed,hk-selection|learner-definition|category|display-reading|curriculum-priority,remaining
橘,2769,2850,"orange, tangerine",general,DNHB,DB,2,source-attested-unreviewed,hk-selection|learner-definition|category|display-reading|curriculum-priority,remaining
燙,2770,2852,"scald, heat; wash; iron clothes",general,EHF,EF,3,source-attested-unreviewed,hk-selection|learner-definition|category|display-reading|curriculum-priority,remaining
瞞,2771,2853,"deceive, lie; eyes half-closed",general,BUTLB,BB,4,source-attested-unreviewed,hk-selection|learner-definition|category|display-reading|curriculum-priority,remaining
篩,2772,2854,"sieve, filter, screen; sift",general,HHRB,HB,3,source-attested-unreviewed,hk-selection|learner-definition|category|display-reading|curriculum-priority,remaining
蕊,2773,2855,"unopened flowers, flower buds",general,TPPP,TP,3,source-attested-unreviewed,hk-selection|learner-definition|category|display-reading|curriculum-priority,remaining
蕨,2774,2856,"Pteris aquilina, common bracken",general,TMTO,TO,2,source-attested-unreviewed,hk-selection|learner-definition|category|display-reading|curriculum-priority,remaining
餡,2775,2857,"pastry filling, stuffing",general,OINHX,OX,3,source-attested-unreviewed,hk-selection|learner-definition|category|display-reading|curriculum-priority,remaining
嬰,2776,2858,"baby, infant; bother",general,BCV,BV,3,source-attested-unreviewed,hk-selection|learner-definition|category|display-reading|curriculum-priority,remaining
擱,2777,2859,"place, put, lay down; delay",general,QANR,QR,4,source-attested-unreviewed,hk-selection|learner-definition|category|display-reading|curriculum-priority,remaining
矯,2778,2860,"correct, rectify, straighten out",general,OKHKB,OB,3,source-attested-unreviewed,hk-selection|learner-definition|category|display-reading|curriculum-priority,remaining
擲,2779,2861,"throw (down), hurl, cast, fling",general,QTKL,QL,2,source-attested-unreviewed,hk-selection|learner-definition|category|display-reading|curriculum-priority,remaining
瀉,2780,2862,"drain off, leak; flow, pour down",general,EJHF,EF,2,source-attested-unreviewed,hk-selection|learner-definition|category|display-reading|curriculum-priority,remaining
繚,2781,2863,"wind round, rap around, bind",nature,VFKCF,VF,3,source-attested-unreviewed,hk-selection|learner-definition|category|display-reading|curriculum-priority,remaining
壟,2782,2864,"grave, mound; ridge in field",general,YPG,YG,2,source-attested-unreviewed,hk-selection|learner-definition|category|display-reading|curriculum-priority,remaining
簸,2783,2865,winnower,general,HTCE,HE,4,source-attested-unreviewed,hk-selection|learner-definition|category|display-reading|curriculum-priority,remaining
羸,2784,2866,"weak, lean, emaciated, exhausted",general,YNTQ,YQ,3,source-attested-unreviewed,hk-selection|learner-definition|category|display-reading|curriculum-priority,remaining
瀰,2785,2867,overflow,general,ENMB,EB,5,source-attested-unreviewed,hk-selection|learner-definition|category|display-reading|curriculum-priority,remaining
髓,2786,2868,"bone marrow; essences, substances",general,BBYKB,BB,2,source-attested-unreviewed,hk-selection|learner-definition|category|display-reading|curriculum-priority,remaining
躡,2787,2869,"tread, step on; follow, track",general,RMSJJ,RJ,2,source-attested-unreviewed,hk-selection|learner-definition|category|display-reading|curriculum-priority,remaining
兀,2788,2877,to cut off the feet,general,MU,MU,2,source-attested-unreviewed,hk-selection|learner-definition|category|display-reading|curriculum-priority,remaining
允,2789,2878,"to grant, to allow, to consent",general,IHU,IU,3,source-attested-unreviewed,hk-selection|learner-definition|category|display-reading|curriculum-priority,remaining
歹,2790,2879,"bad, vicious, depraved, wicked",general,MNI,MI,4,source-attested-unreviewed,hk-selection|learner-definition|category|display-reading|curriculum-priority,remaining
卉,2791,2880,general term for plants; myriads,general,JT,JT,2,source-attested-unreviewed,hk-selection|learner-definition|category|display-reading|curriculum-priority,remaining
兆,2792,2881,omen; million; mega; also trillion. China = million; Japan and Taiwan = trillion,general,LMUO,LO,2,source-attested-unreviewed,hk-selection|learner-definition|category|display-reading|curriculum-priority,remaining
屹,2793,2882,to rise high; to stand erect,general,UON,UN,3,source-attested-unreviewed,hk-selection|learner-definition|category|display-reading|curriculum-priority,remaining
朽,2794,2883,"decayed, rotten; rot, decay",general,DMVS,DS,2,source-attested-unreviewed,hk-selection|learner-definition|category|display-reading|curriculum-priority,remaining
耒,2795,2884,handle of plow; plow; Kangxi radical 127,general,QD,QD,3,source-attested-unreviewed,hk-selection|learner-definition|category|display-reading|curriculum-priority,remaining
聿,2796,2885,"writing brush, pencil; thereupon; Kangxi radical 129",general,LQ,LQ,3,source-attested-unreviewed,hk-selection|learner-definition|category|display-reading|curriculum-priority,remaining
艾,2797,2886,"artemisia, mugwort",general,TK,TK,3,source-attested-unreviewed,hk-selection|learner-definition|category|display-reading|curriculum-priority,remaining
伶,2798,2887,"lonely, solitary; actor",general,OOII,OI,3,source-attested-unreviewed,hk-selection|learner-definition|category|display-reading|curriculum-priority,remaining
妥,2799,2889,"satisfactory, appropriate",general,BV,BV,2,source-attested-unreviewed,hk-selection|learner-definition|category|display-reading|curriculum-priority,remaining
孚,2800,2890,brood over eggs; have confidence,general,BND,BD,2,source-attested-unreviewed,hk-selection|learner-definition|category|display-reading|curriculum-priority,remaining
屁,2801,2891,break wind; fart; buttocks,nature,SPP,SP,2,source-attested-unreviewed,hk-selection|learner-definition|category|display-reading|curriculum-priority,remaining
矣,2802,2892,particle of completed action,general,IOK,IK,3,source-attested-unreviewed,hk-selection|learner-definition|category|display-reading|curriculum-priority,remaining
迂,2803,2893,"doctrinaire, abstruse, unrealistic",general,YMD,YD,2,source-attested-unreviewed,hk-selection|learner-definition|category|display-reading|curriculum-priority,remaining
孟,2804,2894,"first in series; great, eminent",general,NDBT,NT,2,source-attested-unreviewed,hk-selection|learner-definition|category|display-reading|curriculum-priority,remaining
枉,2805,2895,"useless, in vain; bent, crooked",general,DMG,DG,4,source-attested-unreviewed,hk-selection|learner-definition|category|display-reading|curriculum-priority,remaining
沫,2806,2896,"froth, foam, bubbles, suds",general,EDJ,EJ,3,source-attested-unreviewed,hk-selection|learner-definition|category|display-reading|curriculum-priority,remaining
狙,2807,2897,"an ape, monkey; to spy, watch for; to lie",general,KHBM,KM,2,source-attested-unreviewed,hk-selection|learner-definition|category|display-reading|curriculum-priority,remaining
玫,2808,2898,rose,general,MGOK,MK,2,source-attested-unreviewed,hk-selection|learner-definition|category|display-reading|curriculum-priority,remaining
侯,2809,2899,"marquis, lord; target in archery",general,ONMK,OK,4,source-attested-unreviewed,hk-selection|learner-definition|category|display-reading|curriculum-priority,remaining
俏,2810,2900,"like, similar; resemble; pretty",general,OFB,OB,4,source-attested-unreviewed,hk-selection|learner-definition|category|display-reading|curriculum-priority,remaining
俐,2811,2901,"smooth; active; clever, sharp",general,OHDN,ON,2,source-attested-unreviewed,hk-selection|learner-definition|category|display-reading|curriculum-priority,remaining
拯,2812,2902,"help, save, aid; lift, raise",general,QNEM,QM,2,source-attested-unreviewed,hk-selection|learner-definition|category|display-reading|curriculum-priority,remaining
疤,2813,2903,"scar, cicatrix; birthmark",general,KAU,KU,2,source-attested-unreviewed,hk-selection|learner-definition|category|display-reading|curriculum-priority,remaining
茁,2814,2904,"to sprout, flourish; sprouts appearing above-ground; vigorous",general,TUU,TU,3,source-attested-unreviewed,hk-selection|learner-definition|category|display-reading|curriculum-priority,remaining
俺,2815,2905,"personal pronoun, I",general,OKLU,OU,3,source-attested-unreviewed,hk-selection|learner-definition|category|display-reading|curriculum-priority,remaining
倘,2816,2906,"if, supposing, in event of",general,OFBR,OR,4,source-attested-unreviewed,hk-selection|learner-definition|category|display-reading|curriculum-priority,remaining
唷,2817,2907,final particle,general,RYIB,RB,3,source-attested-unreviewed,hk-selection|learner-definition|category|display-reading|curriculum-priority,remaining
屐,2818,2908,"wooden shoes, clogs",general,SHOE,SE,2,source-attested-unreviewed,hk-selection|learner-definition|category|display-reading|curriculum-priority,remaining
恭,2819,2909,"respectful, polite, reverent",general,TCP,TP,2,source-attested-unreviewed,hk-selection|learner-definition|category|display-reading|curriculum-priority,remaining
晌,2820,2910,"noon, midday; moment; unit land measurement equal to seven mou (see 畝), or the area that can be sown in one day",actions,AHBR,AR,2,source-attested-unreviewed,hk-selection|learner-definition|category|display-reading|curriculum-priority,remaining
殷,2821,2911,"many, great; abundant, flourishing",general,HSHNE,HE,6,source-attested-unreviewed,hk-selection|learner-definition|category|display-reading|curriculum-priority,remaining
臭,2822,2912,"smell, stink, emit foul odor",general,HUIK,HK,3,source-attested-unreviewed,hk-selection|learner-definition|category|display-reading|curriculum-priority,remaining
寇,2823,2913,"bandits, thieves; enemy; invade",general,JMUE,JE,2,source-attested-unreviewed,hk-selection|learner-definition|category|display-reading|curriculum-priority,remaining
徙,2824,2914,"move one's abode, shift, migrate",numbers,HOYLO,HO,3,source-attested-unreviewed,hk-selection|learner-definition|category|display-reading|curriculum-priority,remaining
淳,2825,2915,"honest, simple, unsophisticated; cyanogen; ethane dinitrile",general,EYRD,ED,4,source-attested-unreviewed,hk-selection|learner-definition|category|display-reading|curriculum-priority,remaining
淪,2826,2916,"be lost; sink, be submerged",general,EOMB,EB,4,source-attested-unreviewed,hk-selection|learner-definition|category|display-reading|curriculum-priority,remaining
笨,2827,2917,"foolish, stupid, dull; awkward",general,HDM,HM,2,source-attested-unreviewed,hk-selection|learner-definition|category|display-reading|curriculum-priority,remaining
覓,2828,2918,seek; search,general,BBUU,BU,2,source-attested-unreviewed,hk-selection|learner-definition|category|display-reading|curriculum-priority,remaining
喧,2829,2919,"lively, noisy; clamor, talk loudly",general,RJMM,RM,3,source-attested-unreviewed,hk-selection|learner-definition|category|display-reading|curriculum-priority,remaining
喻,2830,2920,"metaphor, analogy; example; like",general,ROMN,RN,3,source-attested-unreviewed,hk-selection|learner-definition|category|display-reading|curriculum-priority,remaining
悶,2831,2921,"gloomy, depressed, melancholy",general,ANP,AP,3,source-attested-unreviewed,hk-selection|learner-definition|category|display-reading|curriculum-priority,remaining
毯,2832,2922,"rug, carpet, blanket",general,HUFF,HF,3,source-attested-unreviewed,hk-selection|learner-definition|category|display-reading|curriculum-priority,remaining
渣,2833,2923,"refuse, dregs, lees, sediment",general,EDAM,EM,2,source-attested-unreviewed,hk-selection|learner-definition|category|display-reading|curriculum-priority,remaining
渝,2834,2924,change; chongqing,general,EOMN,EN,3,source-attested-unreviewed,hk-selection|learner-definition|category|display-reading|curriculum-priority,remaining
溉,2835,2925,"water, irrigate, flood; wash",nature,EAIU,EU,3,source-attested-unreviewed,hk-selection|learner-definition|category|display-reading|curriculum-priority,remaining
琳,2836,2926,"beautiful jade, gem",general,MGDD,MD,2,source-attested-unreviewed,hk-selection|learner-definition|category|display-reading|curriculum-priority,remaining
稈,2837,2927,stalk of grain; straw,general,HDAMJ,HJ,2,source-attested-unreviewed,hk-selection|learner-definition|category|display-reading|curriculum-priority,remaining
雇,2838,2928,"employ, to hire",general,HSOG,HG,3,source-attested-unreviewed,hk-selection|learner-definition|category|display-reading|curriculum-priority,remaining
剿,2839,2929,"destroy, exterminate, annihilate",general,VDLN,VN,3,source-attested-unreviewed,hk-selection|learner-definition|category|display-reading|curriculum-priority,remaining
椰,2840,2930,"palm tree, coconut palm",general,DSJL,DL,2,source-attested-unreviewed,hk-selection|learner-definition|category|display-reading|curriculum-priority,remaining
楞,2841,2931,used for Ceylon in Buddhist texts,general,DWLS,DS,4,source-attested-unreviewed,hk-selection|learner-definition|category|display-reading|curriculum-priority,remaining
溶,2842,2932,"to melt, dissolve; overflowing with",general,EJCR,ER,2,source-attested-unreviewed,hk-selection|learner-definition|category|display-reading|curriculum-priority,remaining
瑟,2843,2933,"large stringed musical instrument; dignified, massive; sound of wind",nature,MGPH,MH,2,source-attested-unreviewed,hk-selection|learner-definition|category|display-reading|curriculum-priority,remaining
睹,2844,2934,"look at, gaze at; observe",general,BUJKA,BA,2,source-attested-unreviewed,hk-selection|learner-definition|category|display-reading|curriculum-priority,remaining
碉,2845,2935,room made of stone; watchtower,general,MRBGR,MR,2,source-attested-unreviewed,hk-selection|learner-definition|category|display-reading|curriculum-priority,remaining
腥,2846,2936,"raw meat; rank, strong-smelling",food,BAHM,BM,3,source-attested-unreviewed,hk-selection|learner-definition|category|display-reading|curriculum-priority,remaining
舅,2847,2937,"mother's brother, uncle",people,HXWKS,HS,4,source-attested-unreviewed,hk-selection|learner-definition|category|display-reading|curriculum-priority,remaining
詭,2848,2938,"deceive, cheat, defraud; sly",general,YRNMU,YU,2,source-attested-unreviewed,hk-selection|learner-definition|category|display-reading|curriculum-priority,remaining
鉗,2849,2939,"pincers, pliers, tongs",general,CTM,CM,3,source-attested-unreviewed,hk-selection|learner-definition|category|display-reading|curriculum-priority,remaining
嘖,2850,2940,interjection of approval or admiration,general,RQMC,RC,2,source-attested-unreviewed,hk-selection|learner-definition|category|display-reading|curriculum-priority,remaining
嶄,2851,2941,"high, steep, precipitous; new",general,UJJL,UL,3,source-attested-unreviewed,hk-selection|learner-definition|category|display-reading|curriculum-priority,remaining
慷,2852,2942,"ardent; generous, magnanimous",general,PILE,PE,2,source-attested-unreviewed,hk-selection|learner-definition|category|display-reading|curriculum-priority,remaining
撇,2853,2943,"discard, abandon, throw away",general,QFBK,QK,4,source-attested-unreviewed,hk-selection|learner-definition|category|display-reading|curriculum-priority,remaining
瑤,2854,2944,precious jade,general,MGBOU,MU,2,source-attested-unreviewed,hk-selection|learner-definition|category|display-reading|curriculum-priority,remaining
瑰,2855,2945,"extraordinary, fabulous; rose",general,MGHUI,MI,3,source-attested-unreviewed,hk-selection|learner-definition|category|display-reading|curriculum-priority,remaining
裴,2856,2946,surname; look of a flowing gown,people,LYYHV,LV,3,source-attested-unreviewed,hk-selection|learner-definition|category|display-reading|curriculum-priority,remaining
銜,2857,2947,"bit; hold in mouth, bite; gag",general,HOCMN,HN,2,source-attested-unreviewed,hk-selection|learner-definition|category|display-reading|curriculum-priority,remaining
雌,2858,2948,"female; feminine; gentle, soft",general,YMPOG,YG,2,source-attested-unreviewed,hk-selection|learner-definition|category|display-reading|curriculum-priority,remaining
駁,2859,2949,"varicolored, variegated; mixed; contradict, argue; suddenly",general,SFKK,SK,2,source-attested-unreviewed,hk-selection|learner-definition|category|display-reading|curriculum-priority,remaining
噓,2860,2950,"exhale; blow out; deep sigh; hiss; praise, flatter; lie",general,RYPM,RM,3,source-attested-unreviewed,hk-selection|learner-definition|category|display-reading|curriculum-priority,remaining
履,2861,2951,"footwear, shoes; walk on, tread; hexagram ䷉",general,SHOE,SE,2,source-attested-unreviewed,hk-selection|learner-definition|category|display-reading|curriculum-priority,remaining
憫,2862,2952,"pity, sympathize with, grieve for",general,PANK,PK,2,source-attested-unreviewed,hk-selection|learner-definition|category|display-reading|curriculum-priority,remaining
樞,2863,2953,door hinge; pivot; center of power,general,DSRR,DR,3,source-attested-unreviewed,hk-selection|learner-definition|category|display-reading|curriculum-priority,remaining
槽,2864,2954,"trough; manger; vat, tank; groove; a distillery",general,DTWA,DA,3,source-attested-unreviewed,hk-selection|learner-definition|category|display-reading|curriculum-priority,remaining
潺,2865,2955,sound of flowing water,nature,ESND,ED,2,source-attested-unreviewed,hk-selection|learner-definition|category|display-reading|curriculum-priority,remaining
潘,2866,2956,surname; water in which rice has been rinsed; a river that flows into the Han,people,EHDW,EW,6,source-attested-unreviewed,hk-selection|learner-definition|category|display-reading|curriculum-priority,remaining
諒,2867,2957,"excuse, forgive; guess, presume",general,YRYRF,YF,3,source-attested-unreviewed,hk-selection|learner-definition|category|display-reading|curriculum-priority,remaining
賢,2868,2958,"virtuous, worthy, good; able",general,SEBUC,SC,3,source-attested-unreviewed,hk-selection|learner-definition|category|display-reading|curriculum-priority,remaining
橇,2869,2959,a sledge for transportation,general,DHUU,DU,3,source-attested-unreviewed,hk-selection|learner-definition|category|display-reading|curriculum-priority,remaining
瓢,2870,2960,ladle made from dried gourd,general,MFHVO,MO,2,source-attested-unreviewed,hk-selection|learner-definition|category|display-reading|curriculum-priority,remaining
諷,2871,2961,"recite, incant; satirize",general,YRHNI,YI,3,source-attested-unreviewed,hk-selection|learner-definition|category|display-reading|curriculum-priority,remaining
錠,2872,2962,"spindle, slab, cake, tablet",general,CJMO,CO,3,source-attested-unreviewed,hk-selection|learner-definition|category|display-reading|curriculum-priority,remaining
霎,2873,2963,"light rain, drizzle; an instant; passing",nature,MBYTV,MV,2,source-attested-unreviewed,hk-selection|learner-definition|category|display-reading|curriculum-priority,remaining
鴣,2874,2964,Arborophila species (various),general,JRHAF,JF,2,source-attested-unreviewed,hk-selection|learner-definition|category|display-reading|curriculum-priority,remaining
嚀,2875,2965,"enjoin, instruct; charge",general,RJPN,RN,2,source-attested-unreviewed,hk-selection|learner-definition|category|display-reading|curriculum-priority,remaining
嶼,2876,2966,island; (Cant.) 大嶼山 daai6jyu4saan1 Lantau Island,general,UHXC,UC,4,source-attested-unreviewed,hk-selection|learner-definition|category|display-reading|curriculum-priority,remaining
彌,2877,2967,"extensive, full; fill; complete",general,NMFB,NB,4,source-attested-unreviewed,hk-selection|learner-definition|category|display-reading|curriculum-priority,remaining
擎,2878,2968,"lift up, hold up, support",general,TKQ,TQ,2,source-attested-unreviewed,hk-selection|learner-definition|category|display-reading|curriculum-priority,remaining
濱,2879,2969,"beach, sea coast; river bank",general,EJMC,EC,2,source-attested-unreviewed,hk-selection|learner-definition|category|display-reading|curriculum-priority,remaining
癌,2880,2970,cancer; marmoset,general,KRRU,KU,3,source-attested-unreviewed,hk-selection|learner-definition|category|display-reading|curriculum-priority,remaining
盪,2881,2971,to toss about; to swing; to rock,general,EHBT,ET,2,source-attested-unreviewed,hk-selection|learner-definition|category|display-reading|curriculum-priority,remaining
薯,2882,2973,"yam, tuber, potato",general,TWLA,TA,2,source-attested-unreviewed,hk-selection|learner-definition|category|display-reading|curriculum-priority,remaining
蹋,2883,2974,"step on, tread on; stumble, slip",general,RMASM,RM,2,source-attested-unreviewed,hk-selection|learner-definition|category|display-reading|curriculum-priority,remaining
遽,2884,2975,"suddenly, unexpectedly; at once",general,YYPO,YO,3,source-attested-unreviewed,hk-selection|learner-definition|category|display-reading|curriculum-priority,remaining
鍾,2885,2976,"cup, glass, goblet; surname",people,CHJG,CG,2,source-attested-unreviewed,hk-selection|learner-definition|category|display-reading|curriculum-priority,remaining
鍬,2886,2977,shovel,general,CHDF,CF,2,source-attested-unreviewed,hk-selection|learner-definition|category|display-reading|curriculum-priority,remaining
瞻,2887,2978,look; look out for; respect,general,BUNCR,BR,2,source-attested-unreviewed,hk-selection|learner-definition|category|display-reading|curriculum-priority,remaining
藐,2888,2979,"disregard, slight, disdain",general,TBHU,TU,3,source-attested-unreviewed,hk-selection|learner-definition|category|display-reading|curriculum-priority,remaining
蹤,2889,2980,"footprints, traces, tracks",general,RMHOO,RO,2,source-attested-unreviewed,hk-selection|learner-definition|category|display-reading|curriculum-priority,remaining
鎢,2890,2981,"tungsten (element 74, W)",general,CHRF,CF,2,source-attested-unreviewed,hk-selection|learner-definition|category|display-reading|curriculum-priority,remaining
瀾,2891,2982,"overflowing; waves, ripples",general,EANW,EW,2,source-attested-unreviewed,hk-selection|learner-definition|category|display-reading|curriculum-priority,remaining
礫,2892,2983,"gravel, pebbles, potsherds",general,MRVID,MD,3,source-attested-unreviewed,hk-selection|learner-definition|category|display-reading|curriculum-priority,remaining
藻,2893,2984,"splendid, magnificent; algae",general,TERD,TD,2,source-attested-unreviewed,hk-selection|learner-definition|category|display-reading|curriculum-priority,remaining
藹,2894,2985,"lush; affable, friendly",general,TYRV,TV,2,source-attested-unreviewed,hk-selection|learner-definition|category|display-reading|curriculum-priority,remaining
鰍,2895,2986,loach,general,NFHDF,NF,2,source-attested-unreviewed,hk-selection|learner-definition|category|display-reading|curriculum-priority,remaining
巒,2896,2987,mountain range; pointed mountain,nature,VFU,VU,2,source-attested-unreviewed,hk-selection|learner-definition|category|display-reading|curriculum-priority,remaining
鷓,2897,2988,partridge,general,IFHAF,IF,2,source-attested-unreviewed,hk-selection|learner-definition|category|display-reading|curriculum-priority,remaining
鷺,2898,2989,"heron, egret; Ardea species (various)",general,RRHAF,RF,2,source-attested-unreviewed,hk-selection|learner-definition|category|display-reading|curriculum-priority,remaining
韆,2899,2998,swing,general,TJYMU,TU,2,source-attested-unreviewed,hk-selection|learner-definition|category|display-reading|curriculum-priority,remaining
僕,2900,2999,"slave, servant, I",general,OTCO,OO,4,source-attested-unreviewed,hk-selection|learner-definition|category|display-reading|curriculum-priority,remaining
欠,2901,3000,"owe, lack, be deficient; Kangxi radical 76",general,NO,NO,3,source-attested-unreviewed,hk-selection|learner-definition|category|display-reading|curriculum-priority,remaining
仞,2902,3001,ancient unit of measure (8 feet); 'fathom',general,OSHI,OI,2,source-attested-unreviewed,hk-selection|learner-definition|category|display-reading|curriculum-priority,remaining
凹,2903,3002,"concave, hollow, depressed; a pass, valley",general,SSU,SU,5,source-attested-unreviewed,hk-selection|learner-definition|category|display-reading|curriculum-priority,remaining
伊,2904,3003,"third person pronoun; he, she, this, that",people,OSK,OK,2,source-attested-unreviewed,hk-selection|learner-definition|category|display-reading|curriculum-priority,remaining
妄,2905,3004,"absurd, foolish, reckless; false",general,YVV,YV,3,source-attested-unreviewed,hk-selection|learner-definition|category|display-reading|curriculum-priority,remaining
劫,2906,3005,"take by force, coerce; disaster",actions,GIKS,GS,2,source-attested-unreviewed,hk-selection|learner-definition|category|display-reading|curriculum-priority,remaining
尿,2907,3006,urine; urinate,general,SE,SE,4,source-attested-unreviewed,hk-selection|learner-definition|category|display-reading|curriculum-priority,remaining
罕,2908,3007,"rare, scarce; surname",people,BCMJ,BJ,3,source-attested-unreviewed,hk-selection|learner-definition|category|display-reading|curriculum-priority,remaining
肖,2909,3008,"look like, resemble, be like",general,FB,FB,3,source-attested-unreviewed,hk-selection|learner-definition|category|display-reading|curriculum-priority,remaining
芋,2910,3009,taro,general,TMD,TD,5,source-attested-unreviewed,hk-selection|learner-definition|category|display-reading|curriculum-priority,remaining
阱,2911,3010,"pitfall, trap, snare",general,NLTT,NT,3,source-attested-unreviewed,hk-selection|learner-definition|category|display-reading|curriculum-priority,remaining
券,2912,3011,"certificate, ticket; title deeds",general,FQSH,FH,4,source-attested-unreviewed,hk-selection|learner-definition|category|display-reading|curriculum-priority,remaining
剁,2913,3012,"chop by pounding, mince, hash",general,HDLN,HN,3,source-attested-unreviewed,hk-selection|learner-definition|category|display-reading|curriculum-priority,remaining
奈,2914,3013,"but, how; bear, stand, endure",general,KMMF,KF,2,source-attested-unreviewed,hk-selection|learner-definition|category|display-reading|curriculum-priority,remaining
妮,2915,3014,"maid, servant girl; cute girl",general,VSP,VP,3,source-attested-unreviewed,hk-selection|learner-definition|category|display-reading|curriculum-priority,remaining
怖,2916,3015,"terror, fear; frighten; terrified",general,PKLB,PB,2,source-attested-unreviewed,hk-selection|learner-definition|category|display-reading|curriculum-priority,remaining
杭,2917,3016,cross stream; navigate,general,DYHN,DN,4,source-attested-unreviewed,hk-selection|learner-definition|category|display-reading|curriculum-priority,remaining
泄,2918,3017,leak; vent; flow; reveal,general,EPT,ET,3,source-attested-unreviewed,hk-selection|learner-definition|category|display-reading|curriculum-priority,remaining
狐,2919,3018,fox,general,KHHVO,KO,2,source-attested-unreviewed,hk-selection|learner-definition|category|display-reading|curriculum-priority,remaining
竺,2920,3019,India; bamboo; surname,people,HMM,HM,3,source-attested-unreviewed,hk-selection|learner-definition|category|display-reading|curriculum-priority,remaining
俘,2921,3020,prisoner of war; take as prisoner,actions,OBND,OD,2,source-attested-unreviewed,hk-selection|learner-definition|category|display-reading|curriculum-priority,remaining
冑,2922,3021,helmet,general,LWB,LB,2,source-attested-unreviewed,hk-selection|learner-definition|category|display-reading|curriculum-priority,remaining
匍,2923,3022,crawl; lie prostrate,general,PIJB,PB,2,source-attested-unreviewed,hk-selection|learner-definition|category|display-reading|curriculum-priority,remaining
咨,2924,3023,"inquire, consult, discuss; plan",general,IOR,IR,2,source-attested-unreviewed,hk-selection|learner-definition|category|display-reading|curriculum-priority,remaining
拭,2925,3024,wipe away stains with cloth,general,QIPM,QM,2,source-attested-unreviewed,hk-selection|learner-definition|category|display-reading|curriculum-priority,remaining
拽,2926,3025,"drag, tow; throw; twist",general,QLWP,QP,5,source-attested-unreviewed,hk-selection|learner-definition|category|display-reading|curriculum-priority,remaining
拷,2927,3026,torture and interrogate; hit,general,QJKS,QS,2,source-attested-unreviewed,hk-selection|learner-definition|category|display-reading|curriculum-priority,remaining
柵,2928,3027,fence; palisade; grid,general,DBT,DT,4,source-attested-unreviewed,hk-selection|learner-definition|category|display-reading|curriculum-priority,remaining
炬,2929,3028,torch,general,FSS,FS,2,source-attested-unreviewed,hk-selection|learner-definition|category|display-reading|curriculum-priority,remaining
鞦,2930,3029,leather stap; swing,general,TJHDF,TF,2,source-attested-unreviewed,hk-selection|learner-definition|category|display-reading|curriculum-priority,remaining
胚,2931,3030,embryo; unfinished things,general,BMFM,BM,3,source-attested-unreviewed,hk-selection|learner-definition|category|display-reading|curriculum-priority,remaining
匪,2932,3031,"bandits, robbers, gangsters",general,SLMY,SY,4,source-attested-unreviewed,hk-selection|learner-definition|category|display-reading|curriculum-priority,remaining
哮,2933,3032,cough; pant; roar,general,RJKD,RD,4,source-attested-unreviewed,hk-selection|learner-definition|category|display-reading|curriculum-priority,remaining
娟,2934,3033,"beautiful, graceful",general,VRB,VB,2,source-attested-unreviewed,hk-selection|learner-definition|category|display-reading|curriculum-priority,remaining
恥,2935,3034,"shame, humiliation; ashamed",general,SJP,SP,2,source-attested-unreviewed,hk-selection|learner-definition|category|display-reading|curriculum-priority,remaining
捂,2936,3035,resist,general,QMMR,QR,2,source-attested-unreviewed,hk-selection|learner-definition|category|display-reading|curriculum-priority,remaining
畚,2937,3037,"straw basket, hamper",general,IKW,IW,2,source-attested-unreviewed,hk-selection|learner-definition|category|display-reading|curriculum-priority,remaining
眩,2938,3038,"to confuse; dizzy, dazed, disoriented",general,BUYVI,BI,5,source-attested-unreviewed,hk-selection|learner-definition|category|display-reading|curriculum-priority,remaining
衷,2939,3039,"heart, from bottom of one's heart",numbers,JLHV,JV,4,source-attested-unreviewed,hk-selection|learner-definition|category|display-reading|curriculum-priority,remaining
凰,2940,3040,female phoenix,general,HNHAG,HG,2,source-attested-unreviewed,hk-selection|learner-definition|category|display-reading|curriculum-priority,remaining
唬,2941,3041,to intimidate; to scare,general,RYPN,RN,7,source-attested-unreviewed,hk-selection|learner-definition|category|display-reading|curriculum-priority,remaining
彗,2942,3042,broomstick; comet,general,QJSM,QM,4,source-attested-unreviewed,hk-selection|learner-definition|category|display-reading|curriculum-priority,remaining
悴,2943,3043,"suffer, become emaciated, haggard",general,PYOJ,PJ,3,source-attested-unreviewed,hk-selection|learner-definition|category|display-reading|curriculum-priority,remaining
戚,2944,3044,relative; be related to; sad,general,IHYMF,IF,4,source-attested-unreviewed,hk-selection|learner-definition|category|display-reading|curriculum-priority,remaining
桿,2945,3045,pole; stick; club; pole as unit,general,DAMJ,DJ,4,source-attested-unreviewed,hk-selection|learner-definition|category|display-reading|curriculum-priority,remaining
淒,2946,3046,"bitter cold, miserable, dreary",general,EJLV,EV,3,source-attested-unreviewed,hk-selection|learner-definition|category|display-reading|curriculum-priority,remaining
趾,2947,3047,"toe; tracks, footprints",general,RMYLM,RM,2,source-attested-unreviewed,hk-selection|learner-definition|category|display-reading|curriculum-priority,remaining
凱,2948,3048,"triumphant; triumph, victory",general,UTHN,UN,2,source-attested-unreviewed,hk-selection|learner-definition|category|display-reading|curriculum-priority,remaining
勛,2949,3049,meritorious deed; merits; rank,general,RCKS,RS,2,source-attested-unreviewed,hk-selection|learner-definition|category|display-reading|curriculum-priority,remaining
喬,2950,3050,"tall, lofty; proud, stately",general,HKRBR,HR,3,source-attested-unreviewed,hk-selection|learner-definition|category|display-reading|curriculum-priority,remaining
堯,2951,3051,a legendary ancient emperor-sage,general,GGGU,GU,2,source-attested-unreviewed,hk-selection|learner-definition|category|display-reading|curriculum-priority,remaining
媛,2952,3052,"beauty, beautiful woman",people,VBME,VE,5,source-attested-unreviewed,hk-selection|learner-definition|category|display-reading|curriculum-priority,remaining
弼,2953,3053,"aid, assist, help; correct",general,NMAN,NN,2,source-attested-unreviewed,hk-selection|learner-definition|category|display-reading|curriculum-priority,remaining
扉,2954,3054,door panel,general,HSLMY,HY,2,source-attested-unreviewed,hk-selection|learner-definition|category|display-reading|curriculum-priority,remaining
棘,2955,3055,"jujube tree; thorns, brambles",general,DBDB,DB,2,source-attested-unreviewed,hk-selection|learner-definition|category|display-reading|curriculum-priority,remaining
竣,2956,3056,"terminate, end, finish; quit",general,YTICE,YE,2,source-attested-unreviewed,hk-selection|learner-definition|category|display-reading|curriculum-priority,remaining
粥,2957,3057,"rice gruel, congee",food,NFDN,NN,3,source-attested-unreviewed,hk-selection|learner-definition|category|display-reading|curriculum-priority,remaining
菱,2958,3058,"water-chestnut, water caltrop",nature,TGCE,TE,2,source-attested-unreviewed,hk-selection|learner-definition|category|display-reading|curriculum-priority,remaining
鈞,2959,3059,unit of measure equivalent to thirty catties,general,CPIM,CM,2,source-attested-unreviewed,hk-selection|learner-definition|category|display-reading|curriculum-priority,remaining
馮,2960,3060,surname; gallop; by dint of,people,IMSQF,IF,3,source-attested-unreviewed,hk-selection|learner-definition|category|display-reading|curriculum-priority,remaining
睦,2961,3061,"friendly, amiable, peaceful",general,BUGCG,BG,2,source-attested-unreviewed,hk-selection|learner-definition|category|display-reading|curriculum-priority,remaining
睬,2962,3062,notice; pay attention to,general,BUBD,BD,2,source-attested-unreviewed,hk-selection|learner-definition|category|display-reading|curriculum-priority,remaining
裊,2963,3063,curling upwards; wavering gently,general,HAYV,HV,2,source-attested-unreviewed,hk-selection|learner-definition|category|display-reading|curriculum-priority,remaining
酬,2964,3064,"toast; reward, recompense",general,MWILL,ML,3,source-attested-unreviewed,hk-selection|learner-definition|category|display-reading|curriculum-priority,remaining
廖,2965,3066,surname; name of an ancient state,people,ISMH,IH,3,source-attested-unreviewed,hk-selection|learner-definition|category|display-reading|curriculum-priority,remaining
熙,2966,3067,"bright, splendid, glorious",general,SUF,SF,3,source-attested-unreviewed,hk-selection|learner-definition|category|display-reading|curriculum-priority,remaining
瘓,2967,3068,"paralysis, numbness of limbs",general,KNBK,KK,2,source-attested-unreviewed,hk-selection|learner-definition|category|display-reading|curriculum-priority,remaining
誣,2968,3069,make false accusation; defame,actions,YRMOO,YO,2,source-attested-unreviewed,hk-selection|learner-definition|category|display-reading|curriculum-priority,remaining
遜,2969,3070,"humble, modest; yield",general,YNDF,YF,2,source-attested-unreviewed,hk-selection|learner-definition|category|display-reading|curriculum-priority,remaining
颯,2970,3071,the sound of the wind; bleak; melancholy,nature,YTHNI,YI,3,source-attested-unreviewed,hk-selection|learner-definition|category|display-reading|curriculum-priority,remaining
僻,2971,3072,"out-of-the-way, remote; unorthodox",general,OSRJ,OJ,2,source-attested-unreviewed,hk-selection|learner-definition|category|display-reading|curriculum-priority,remaining
幢,2972,3073,carriage curtain; sun screen,nature,LBYTG,LG,5,source-attested-unreviewed,hk-selection|learner-definition|category|display-reading|curriculum-priority,remaining
憔,2973,3074,"be worn-out, emaciated, haggard",general,POGF,PF,2,source-attested-unreviewed,hk-selection|learner-definition|category|display-reading|curriculum-priority,remaining
撮,2974,3075,"little bit, small amount, pinch",general,QASE,QE,6,source-attested-unreviewed,hk-selection|learner-definition|category|display-reading|curriculum-priority,remaining
潰,2975,3076,flooding river; militarily defeat,general,ELMC,EC,3,source-attested-unreviewed,hk-selection|learner-definition|category|display-reading|curriculum-priority,remaining
澗,2976,3077,"brook, mountain stream",nature,EANA,EA,2,source-attested-unreviewed,hk-selection|learner-definition|category|display-reading|curriculum-priority,remaining
熨,2977,3078,"iron, press",general,SIF,SF,7,source-attested-unreviewed,hk-selection|learner-definition|category|display-reading|curriculum-priority,remaining
磕,2978,3079,"hit; collide, knock into; sound",general,MRGIT,MT,3,source-attested-unreviewed,hk-selection|learner-definition|category|display-reading|curriculum-priority,remaining
膚,2979,3080,"skin; superficial, shallow",general,YPWB,YB,3,source-attested-unreviewed,hk-selection|learner-definition|category|display-reading|curriculum-priority,remaining
蔚,2980,3081,"luxuriant, thick; ornamental",general,TSFI,TI,4,source-attested-unreviewed,hk-selection|learner-definition|category|display-reading|curriculum-priority,remaining
鞏,2981,3082,"bind; firm, secure, strong",general,MNTLJ,MJ,2,source-attested-unreviewed,hk-selection|learner-definition|category|display-reading|curriculum-priority,remaining
澡,2982,3084,"wash, bathe",general,ERRD,ED,4,source-attested-unreviewed,hk-selection|learner-definition|category|display-reading|curriculum-priority,remaining
瞥,2983,3086,take fleeting glance at,actions,FKBU,FU,3,source-attested-unreviewed,hk-selection|learner-definition|category|display-reading|curriculum-priority,remaining
穆,2984,3087,"majestic, solemn, reverent; calm",general,HDHAH,HH,2,source-attested-unreviewed,hk-selection|learner-definition|category|display-reading|curriculum-priority,remaining
篙,2985,3088,pole used to punt a boat,general,HYRB,HB,2,source-attested-unreviewed,hk-selection|learner-definition|category|display-reading|curriculum-priority,remaining
蕭,2986,3089,common artemisia; sighing of wind; mournful; dejected,nature,TLX,TX,2,source-attested-unreviewed,hk-selection|learner-definition|category|display-reading|curriculum-priority,remaining
諜,2987,3090,an intelligence report; to spy; spying,general,YRPTD,YD,3,source-attested-unreviewed,hk-selection|learner-definition|category|display-reading|curriculum-priority,remaining
謂,2988,3091,"say, tell; call, name; be called",general,YRWB,YB,2,source-attested-unreviewed,hk-selection|learner-definition|category|display-reading|curriculum-priority,remaining
孺,2989,3092,child; blood relation; affection,people,NDMBB,NB,3,source-attested-unreviewed,hk-selection|learner-definition|category|display-reading|curriculum-priority,remaining
嶽,2990,3093,"mountain peak, summit",nature,UKHK,UK,2,source-attested-unreviewed,hk-selection|learner-definition|category|display-reading|curriculum-priority,remaining
擘,2991,3094,"thumb; break, tear open, rip",general,SJQ,SQ,2,source-attested-unreviewed,hk-selection|learner-definition|category|display-reading|curriculum-priority,remaining
斃,2992,3095,kill; die violent death,general,FKMNP,FP,2,source-attested-unreviewed,hk-selection|learner-definition|category|display-reading|curriculum-priority,remaining
氈,2993,3096,"felt; rug, carpet",general,YMHQU,YU,2,source-attested-unreviewed,hk-selection|learner-definition|category|display-reading|curriculum-priority,remaining
瞳,2994,3097,pupil of eye,general,BUYTG,BG,2,source-attested-unreviewed,hk-selection|learner-definition|category|display-reading|curriculum-priority,remaining
瞭,2995,3098,"bright, clear; clear-sighted",general,BUKCF,BF,4,source-attested-unreviewed,hk-selection|learner-definition|category|display-reading|curriculum-priority,remaining
穗,2996,3099,ear of grain; tassel; Guangzhou,general,HDJIP,HP,2,source-attested-unreviewed,hk-selection|learner-definition|category|display-reading|curriculum-priority,remaining
蕾,2997,3100,"buds, unopened flowers",general,TMBW,TW,3,source-attested-unreviewed,hk-selection|learner-definition|category|display-reading|curriculum-priority,remaining
竅,2998,3102,"hole, opening, aperture",general,JCHSK,JK,3,source-attested-unreviewed,hk-selection|learner-definition|category|display-reading|curriculum-priority,remaining
簞,2999,3103,small bamboo basket for holding cooked rice,food,HRRJ,HJ,2,source-attested-unreviewed,hk-selection|learner-definition|category|display-reading|curriculum-priority,remaining
謹,3000,3104,"prudent, cautious; attentive",general,YRTLM,YM,2,source-attested-unreviewed,hk-selection|learner-definition|category|display-reading|curriculum-priority,remaining
